{"type":"FeatureCollection","features":[{"type":"Feature","properties":{"pid":"59631de9-ff36-440f-b96c-f18a812eae26","full":5.7},"geometry":{"type":"Polygon","coordinates":[[[136.20015,35.89181],[136.20008,35.89174],[136.19996,35.89175],[136.19993,35.8925],[136.20014,35.89251],[136.20015,35.89181]]]}},{"type":"Feature","properties":{"pid":"a593ed6e-d888-4d36-8422-92db3c09e42e","full":0.6},"geometry":{"type":"Polygon","coordinates":[[[136.20162,35.89222],[136.20171,35.89196],[136.20162,35.89197],[136.20156,35.89193],[136.20147,35.89219],[136.20162,35.89222]]]}},{"type":"Feature","properties":{"pid":"fe1641ae-a91f-4fdc-a93c-5514514b1db5","full":13.3},"geometry":{"type":"Polygon","coordinates":[[[136.20192,35.89151],[136.20109,35.89151],[136.20109,35.89166],[136.2015,35.89182],[136.20191,35.89181],[136.20192,35.8918],[136.20192,35.89151]]]}},{"type":"Feature","properties":{"pid":"0a774d17-938a-49c0-b7b5-c4f65521a1a0","full":6.6},"geometry":{"type":"Polygon","coordinates":[[[136.20104,35.89156],[136.20104,35.89137],[136.20019,35.89137],[136.20019,35.89154],[136.20104,35.89156]]]}},{"type":"Feature","properties":{"pid":"35193bee-25b4-47a0-905b-8970a7797713","full":8.4},"geometry":{"type":"Polygon","coordinates":[[[136.20104,35.89136],[136.20104,35.89116],[136.20019,35.89116],[136.20019,35.89136],[136.20104,35.89136]]]}},{"type":"Feature","properties":{"pid":"6052e5d4-7e45-45d3-af89-e7b7e18c555a","full":19.1},"geometry":{"type":"Polygon","coordinates":[[[136.20019,35.89115],[136.20104,35.89115],[136.20103,35.8908],[136.20019,35.8908],[136.20019,35.89115]]]}},{"type":"Feature","properties":{"pid":"0e6e28c3-4ef0-470e-9dd5-118af543e8e4","full":10.2},"geometry":{"type":"Polygon","coordinates":[[[136.20019,35.89079],[136.20103,35.89079],[136.20103,35.89056],[136.20019,35.89056],[136.20019,35.89079]]]}},{"type":"Feature","properties":{"pid":"11dc908e-01bc-47cd-81af-a0146e056916","full":4.8},"geometry":{"type":"Polygon","coordinates":[[[136.20151,35.89056],[136.20107,35.89056],[136.20107,35.8908],[136.20152,35.89079],[136.20151,35.89056]]]}},{"type":"Feature","properties":{"pid":"36d82975-edde-40d2-bedb-96d05b715dd2","full":17.8},"geometry":{"type":"Polygon","coordinates":[[[136.20108,35.89081],[136.20108,35.89114],[136.20193,35.89114],[136.20192,35.89081],[136.20108,35.89081]]]}},{"type":"Feature","properties":{"pid":"843eea83-dc89-4aff-b689-db31bcf47404","full":19.3},"geometry":{"type":"Polygon","coordinates":[[[136.20193,35.89114],[136.20108,35.89115],[136.20109,35.89151],[136.20193,35.8915],[136.20193,35.89114]]]}},{"type":"Feature","properties":{"pid":"4b51bf0d-8a50-4fe8-9c50-31aa6e949f2a","full":9.9},"geometry":{"type":"Polygon","coordinates":[[[136.202,35.89078],[136.20284,35.89077],[136.20283,35.89054],[136.2021,35.89054],[136.2021,35.89059],[136.20199,35.89059],[136.202,35.89078]]]}},{"type":"Feature","properties":{"pid":"2b7945f5-191a-47fb-9fd8-1afde9ae971c","full":19.0},"geometry":{"type":"Polygon","coordinates":[[[136.20284,35.89113],[136.20284,35.89078],[136.202,35.89079],[136.202,35.89114],[136.20284,35.89113]]]}},{"type":"Feature","properties":{"pid":"c85010f5-877a-4ce3-b559-cafbe81c1d73","full":18.6},"geometry":{"type":"Polygon","coordinates":[[[136.20284,35.89149],[136.20284,35.89114],[136.202,35.89115],[136.202,35.89149],[136.20284,35.89149]]]}},{"type":"Feature","properties":{"pid":"9ea9a4a1-c26b-4ae4-b414-ee3290d3d5ca","full":8.4},"geometry":{"type":"Polygon","coordinates":[[[136.2025,35.8915],[136.202,35.8915],[136.202,35.89179],[136.20202,35.89181],[136.20251,35.8918],[136.2025,35.8915]]]}},{"type":"Feature","properties":{"pid":"4142e917-dca7-474b-ba34-c58c4de53f54","full":2.1},"geometry":{"type":"Polygon","coordinates":[[[136.20245,35.89221],[136.20245,35.89189],[136.20227,35.89189],[136.20224,35.89192],[136.20225,35.89221],[136.20245,35.89221]]]}},{"type":"Feature","properties":{"pid":"b82199fe-3065-4ff5-acdd-1afabf2b1348","full":1.9},"geometry":{"type":"Polygon","coordinates":[[[136.20163,35.89222],[136.20172,35.89224],[136.20179,35.89202],[136.20214,35.89209],[136.20215,35.8919],[136.20174,35.8919],[136.20163,35.89222]]]}},{"type":"Feature","properties":{"pid":"16062971-fdec-4cbd-bc7d-f754a665d249","full":3.6},"geometry":{"type":"Polygon","coordinates":[[[136.20246,35.89221],[136.20272,35.89221],[136.20272,35.89189],[136.20245,35.89189],[136.20246,35.89221]]]}},{"type":"Feature","properties":{"pid":"62429d79-954b-4173-a9fe-1aeb0d58ab19","full":19.1},"geometry":{"type":"Polygon","coordinates":[[[136.20373,35.89186],[136.20289,35.89186],[136.2029,35.89222],[136.20374,35.89221],[136.20373,35.89186]]]}},{"type":"Feature","properties":{"pid":"9c125b72-5723-4cc5-b2c3-f8c0f50ca1a2","full":15.2},"geometry":{"type":"Polygon","coordinates":[[[136.20373,35.89149],[136.2029,35.8915],[136.2029,35.8918],[136.20372,35.8918],[136.20373,35.89149]]]}},{"type":"Feature","properties":{"pid":"32a34430-6a0d-46b4-970f-3a21e6f03903","full":9.6},"geometry":{"type":"Polygon","coordinates":[[[136.20439,35.89179],[136.20438,35.89149],[136.20382,35.89149],[136.20382,35.89179],[136.20439,35.89179]]]}},{"type":"Feature","properties":{"pid":"8f2ae75c-f3e4-41ca-b088-311f0da40bc4","full":18.0},"geometry":{"type":"Polygon","coordinates":[[[136.20465,35.89185],[136.20382,35.89186],[136.20382,35.8922],[136.20463,35.8922],[136.20465,35.89185]]]}},{"type":"Feature","properties":{"pid":"732c7969-2808-41ea-9dfa-53eadfc31022","full":5.9},"geometry":{"type":"Polygon","coordinates":[[[136.2041,35.89077],[136.20465,35.89076],[136.20465,35.89054],[136.2041,35.89054],[136.2041,35.89077]]]}},{"type":"Feature","properties":{"pid":"9af88642-d7d2-4212-94be-89ba88017f21","full":19.0},"geometry":{"type":"Polygon","coordinates":[[[136.20464,35.89077],[136.2038,35.89077],[136.20381,35.89113],[136.20465,35.89112],[136.20464,35.89077]]]}},{"type":"Feature","properties":{"pid":"d85b1c39-bac3-4019-be72-f0ed2610483d","full":3.6},"geometry":{"type":"Polygon","coordinates":[[[136.20382,35.89127],[136.20465,35.89127],[136.20465,35.89113],[136.20381,35.89114],[136.20382,35.89127]]]}},{"type":"Feature","properties":{"pid":"ac2d61a1-3d0a-445a-81ef-b4681dcddccf","full":7.9},"geometry":{"type":"Polygon","coordinates":[[[136.20382,35.89148],[136.20465,35.89148],[136.20465,35.89128],[136.20382,35.89128],[136.20382,35.89148]]]}},{"type":"Feature","properties":{"pid":"6d710205-0c0c-480a-95cf-650c13c00b50","full":19.2},"geometry":{"type":"Polygon","coordinates":[[[136.20372,35.89113],[136.20289,35.89114],[136.2029,35.89149],[136.20373,35.89149],[136.20372,35.89113]]]}},{"type":"Feature","properties":{"pid":"57aa22fb-9ba5-4a31-bc8b-ad3c9c54ad63","full":18.7},"geometry":{"type":"Polygon","coordinates":[[[136.20372,35.89077],[136.20288,35.89078],[136.20289,35.89113],[136.20372,35.89112],[136.20372,35.89077]]]}},{"type":"Feature","properties":{"pid":"d14ccb44-f2f1-4b99-9678-45c1f2988441","full":10.0},"geometry":{"type":"Polygon","coordinates":[[[136.20372,35.89054],[136.20287,35.89055],[136.20288,35.89077],[136.20372,35.89076],[136.20372,35.89054]]]}},{"type":"Feature","properties":{"pid":"f8704b79-395f-42d7-b895-362f75fe48a6","full":4.0},"geometry":{"type":"Polygon","coordinates":[[[136.2127,35.89204],[136.21272,35.89183],[136.21228,35.89181],[136.21228,35.89203],[136.2127,35.89204]]]}},{"type":"Feature","properties":{"pid":"c9b16c65-d5fa-4410-8a11-facc7afb02ec","full":3.8},"geometry":{"type":"Polygon","coordinates":[[[136.21226,35.89225],[136.2127,35.89226],[136.2127,35.89205],[136.21227,35.89204],[136.21226,35.89225]]]}},{"type":"Feature","properties":{"pid":"0666ef65-041d-4954-a616-aa0115b87e91","full":4.1},"geometry":{"type":"Polygon","coordinates":[[[136.21273,35.89158],[136.21274,35.89136],[136.21231,35.89135],[136.2123,35.89157],[136.21273,35.89158]]]}},{"type":"Feature","properties":{"pid":"462be7ee-bf71-49ac-bb7f-6d46c4ad8f2e","full":4.4},"geometry":{"type":"Polygon","coordinates":[[[136.21272,35.89181],[136.21273,35.89159],[136.2123,35.89158],[136.21228,35.8918],[136.21272,35.89181]]]}},{"type":"Feature","properties":{"pid":"b1010b14-47a5-42bd-afbb-5a3314dad171","full":4.7},"geometry":{"type":"Polygon","coordinates":[[[136.21233,35.89108],[136.21276,35.8911],[136.21277,35.89086],[136.21234,35.89084],[136.21233,35.89108]]]}},{"type":"Feature","properties":{"pid":"a9272c56-ebc0-40ed-a2e0-c4a30c970286","full":5.1},"geometry":{"type":"Polygon","coordinates":[[[136.21231,35.89134],[136.21275,35.89135],[136.21276,35.89111],[136.21233,35.89109],[136.21231,35.89134]]]}},{"type":"Feature","properties":{"pid":"89a9506e-c4b6-4c25-822a-0d74c8bb0154","full":4.1},"geometry":{"type":"Polygon","coordinates":[[[136.21277,35.8908],[136.21278,35.89059],[136.21235,35.89057],[136.21234,35.89079],[136.21277,35.8908]]]}},{"type":"Feature","properties":{"pid":"ea564179-4a41-4836-aca4-c3d8aebfb488","full":5.3},"geometry":{"type":"Polygon","coordinates":[[[136.21517,35.89124],[136.21554,35.89125],[136.2156,35.89098],[136.21518,35.89096],[136.21517,35.89124]]]}},{"type":"Feature","properties":{"pid":"e0884167-4f1c-425e-b312-9447175c3efc","full":14.0},"geometry":{"type":"Polygon","coordinates":[[[136.21511,35.89177],[136.21516,35.89098],[136.21485,35.89098],[136.2148,35.89175],[136.21511,35.89177]]]}},{"type":"Feature","properties":{"pid":"c6e90ddb-5b6b-4651-90b0-c3b8e7dbfa63","full":5.0},"geometry":{"type":"Polygon","coordinates":[[[136.2153,35.89211],[136.2153,35.89208],[136.21536,35.89208],[136.21539,35.89192],[136.21479,35.89189],[136.21478,35.89209],[136.2153,35.89211]]]}},{"type":"Feature","properties":{"pid":"8028937c-9b66-41b2-a62a-713692455b76","full":1.4},"geometry":{"type":"Polygon","coordinates":[[[136.2158,35.89155],[136.21561,35.89152],[136.21555,35.89179],[136.21574,35.89181],[136.2158,35.89155]]]}},{"type":"Feature","properties":{"pid":"b69b7dee-edbf-4c10-9108-564f21a7831d","full":6.9},"geometry":{"type":"Polygon","coordinates":[[[136.21607,35.89213],[136.21607,35.89192],[136.21572,35.89186],[136.21573,35.89182],[136.21556,35.8918],[136.21549,35.89205],[136.21551,35.89207],[136.21599,35.89215],[136.21607,35.89213]]]}},{"type":"Feature","properties":{"pid":"6337e13a-23b6-4b6b-96fe-e9c2d2d58799","full":7.0},"geometry":{"type":"Polygon","coordinates":[[[136.21616,35.89215],[136.21635,35.89218],[136.21646,35.89215],[136.21654,35.89178],[136.21636,35.89176],[136.21615,35.89182],[136.21616,35.89215]]]}},{"type":"Feature","properties":{"pid":"e1715e54-3125-4de3-8b1c-9ab5eb0bd975","full":3.7},"geometry":{"type":"Polygon","coordinates":[[[136.216,35.89152],[136.21582,35.89149],[136.21574,35.89186],[136.21607,35.89191],[136.21606,35.89174],[136.216,35.89174],[136.216,35.89152]]]}},{"type":"Feature","properties":{"pid":"492a874f-e68e-411d-86b2-e32d91fd58b5","full":2.4},"geometry":{"type":"Polygon","coordinates":[[[136.21622,35.89126],[136.21589,35.89121],[136.21584,35.89142],[136.21601,35.89145],[136.21602,35.89143],[136.21616,35.89145],[136.21622,35.89126]]]}},{"type":"Feature","properties":{"pid":"c9e5903f-18f4-485a-8f54-1366cc853c2f","full":3.2},"geometry":{"type":"Polygon","coordinates":[[[136.21622,35.89124],[136.21624,35.89115],[136.21623,35.89099],[136.21607,35.89098],[136.21593,35.89101],[136.2159,35.89115],[136.21571,35.89113],[136.2157,35.89117],[136.21622,35.89124]]]}},{"type":"Feature","properties":{"pid":"b610dc92-f587-4c54-a739-c56374434b84","full":15.2},"geometry":{"type":"Polygon","coordinates":[[[136.2003,35.90608],[136.20006,35.90608],[136.19992,35.90699],[136.20027,35.90699],[136.2003,35.90608]]]}},{"type":"Feature","properties":{"pid":"d1dcaa26-1a61-4ebc-95c8-547eba22bfbc","full":16.0},"geometry":{"type":"Polygon","coordinates":[[[136.20029,35.90699],[136.20059,35.907],[136.20062,35.90608],[136.20031,35.90608],[136.20029,35.90699]]]}},{"type":"Feature","properties":{"pid":"8874b7e6-a74a-4ac9-9400-c9ebb18ab2cc","full":18.3},"geometry":{"type":"Polygon","coordinates":[[[136.20061,35.907],[136.20094,35.90701],[136.20096,35.90609],[136.20063,35.90609],[136.20061,35.907]]]}},{"type":"Feature","properties":{"pid":"d318e841-3bb3-4393-ac11-9d9e8f37ce7a","full":18.1},"geometry":{"type":"Polygon","coordinates":[[[136.20096,35.90701],[136.20127,35.90701],[136.20132,35.9061],[136.20098,35.90609],[136.20096,35.90701]]]}},{"type":"Feature","properties":{"pid":"455f5d71-0cb9-4c25-8976-1ec7715bce64","full":14.4},"geometry":{"type":"Polygon","coordinates":[[[136.20315,35.90681],[136.20309,35.90653],[136.2022,35.90647],[136.20218,35.90674],[136.20315,35.90681]]]}},{"type":"Feature","properties":{"pid":"a777d6d6-557f-46cf-84b2-3e507092f932","full":32.6},"geometry":{"type":"Polygon","coordinates":[[[136.20324,35.90726],[136.20315,35.90682],[136.20218,35.90675],[136.20215,35.9072],[136.20324,35.90726]]]}},{"type":"Feature","properties":{"pid":"08fa1453-538d-4223-b03a-e6db6f08b3ce","full":15.1},"geometry":{"type":"Polygon","coordinates":[[[136.20421,35.90688],[136.20424,35.90662],[136.20323,35.90655],[136.20329,35.90683],[136.20421,35.90688]]]}},{"type":"Feature","properties":{"pid":"d77357ec-46f9-4107-ac9f-be45ce773a50","full":12.8},"geometry":{"type":"Polygon","coordinates":[[[136.20419,35.90715],[136.20421,35.90689],[136.20329,35.90683],[136.20335,35.90709],[136.20419,35.90715]]]}},{"type":"Feature","properties":{"pid":"19955554-8b42-446e-adc0-70be92bcd633","full":17.1},"geometry":{"type":"Polygon","coordinates":[[[136.2054,35.90669],[136.20542,35.90642],[136.20432,35.90635],[136.2043,35.90661],[136.2054,35.90669]]]}},{"type":"Feature","properties":{"pid":"b58958b5-551c-4d1f-919c-20c71d68d707","full":17.3},"geometry":{"type":"Polygon","coordinates":[[[136.20427,35.90689],[136.20528,35.90695],[136.20537,35.90691],[136.2054,35.90669],[136.2043,35.90662],[136.20427,35.90689]]]}},{"type":"Feature","properties":{"pid":"6900f271-5382-4e52-b709-e7a6f936c005","full":10.0},"geometry":{"type":"Polygon","coordinates":[[[136.20554,35.90685],[136.20644,35.90648],[136.20555,35.90643],[136.20551,35.90683],[136.20554,35.90685]]]}},{"type":"Feature","properties":{"pid":"ca270ca2-355d-4c8d-92a1-364b0077957f","full":11.9},"geometry":{"type":"Polygon","coordinates":[[[136.20784,35.90693],[136.2078,35.90668],[136.20752,35.90693],[136.20719,35.907],[136.20696,35.90703],[136.20709,35.90733],[136.20777,35.90704],[136.20784,35.90704],[136.20784,35.90693]]]}},{"type":"Feature","properties":{"pid":"4f302195-469b-4a64-b306-7094e4972fcd","full":11.7},"geometry":{"type":"Polygon","coordinates":[[[136.20782,35.90614],[136.20793,35.90697],[136.20795,35.907],[136.20799,35.90702],[136.2082,35.907],[136.20806,35.90606],[136.20782,35.90614]]]}},{"type":"Feature","properties":{"pid":"2547bb90-0972-4fc9-ad7a-50baa32a0cb1","full":19.4},"geometry":{"type":"Polygon","coordinates":[[[136.20807,35.90606],[136.2082,35.907],[136.20853,35.90697],[136.20838,35.90596],[136.20807,35.90606]]]}},{"type":"Feature","properties":{"pid":"282e0478-8ffd-4d0b-aa04-648abdad960a","full":8.3},"geometry":{"type":"Polygon","coordinates":[[[136.20854,35.90697],[136.2088,35.90694],[136.2087,35.90621],[136.20868,35.90622],[136.20868,35.9063],[136.20845,35.90634],[136.20854,35.90697]]]}},{"type":"Feature","properties":{"pid":"f3de03b7-3426-4b05-acef-47318114fb19","full":19.7},"geometry":{"type":"Polygon","coordinates":[[[136.20881,35.90694],[136.20937,35.90689],[136.20925,35.90662],[136.20924,35.90655],[136.20923,35.90641],[136.20921,35.90635],[136.20915,35.90632],[136.20914,35.90637],[136.20893,35.90637],[136.20892,35.90621],[136.20871,35.90622],[136.20881,35.90694]]]}},{"type":"Feature","properties":{"pid":"1e9a0f09-4960-4724-a509-2b78c5ad2181","full":20.1},"geometry":{"type":"Polygon","coordinates":[[[136.21066,35.90668],[136.20937,35.90658],[136.20949,35.90687],[136.21066,35.90694],[136.21066,35.90668]]]}},{"type":"Feature","properties":{"pid":"c5eae316-200a-484c-9a65-e7b647966a23","full":16.5},"geometry":{"type":"Polygon","coordinates":[[[136.21066,35.90695],[136.20949,35.90688],[136.2096,35.90714],[136.21066,35.90721],[136.21066,35.90695]]]}},{"type":"Feature","properties":{"pid":"f263b48a-fb20-4299-b0de-e08e098669cf","full":16.8},"geometry":{"type":"Polygon","coordinates":[[[136.22419,35.90669],[136.22529,35.90671],[136.2253,35.90645],[136.22419,35.90643],[136.22419,35.90669]]]}},{"type":"Feature","properties":{"pid":"2040dcd0-34ce-4c17-806c-490cc126b0fd","full":17.4},"geometry":{"type":"Polygon","coordinates":[[[136.22528,35.90699],[136.22529,35.90672],[136.22419,35.9067],[136.22417,35.90696],[136.22528,35.90699]]]}},{"type":"Feature","properties":{"pid":"91ad71a1-107e-4f4d-b62f-4b56a035a36b","full":16.7},"geometry":{"type":"Polygon","coordinates":[[[136.22417,35.90723],[136.22528,35.90725],[136.22528,35.907],[136.22417,35.90697],[136.22417,35.90723]]]}},{"type":"Feature","properties":{"pid":"50c8d310-23e9-48fd-9d12-77f53a8833dc","full":21.8},"geometry":{"type":"Polygon","coordinates":[[[136.22269,35.90721],[136.22408,35.90723],[136.22408,35.90697],[136.2227,35.90695],[136.22269,35.90721]]]}},{"type":"Feature","properties":{"pid":"33a0a0ea-4085-4f5d-99a3-e9fc7766fffb","full":56.6},"geometry":{"type":"Polygon","coordinates":[[[136.22408,35.90695],[136.2241,35.90642],[136.2227,35.9064],[136.22269,35.90694],[136.22408,35.90695]]]}},{"type":"Feature","properties":{"pid":"f03821ff-7916-496d-aa11-de66d7e618a4","full":19.5},"geometry":{"type":"Polygon","coordinates":[[[136.22261,35.90639],[136.22151,35.90637],[136.2215,35.90666],[136.2226,35.90668],[136.22261,35.90639]]]}},{"type":"Feature","properties":{"pid":"e4e55962-dd76-4f00-9346-c3a022ce56d4","full":14.4},"geometry":{"type":"Polygon","coordinates":[[[136.2226,35.90669],[136.2215,35.90667],[136.22149,35.9069],[136.2226,35.90693],[136.2226,35.90669]]]}},{"type":"Feature","properties":{"pid":"9c9e4bca-bc25-4e57-ae0d-4651c6573308","full":16.9},"geometry":{"type":"Polygon","coordinates":[[[136.22149,35.90692],[136.22149,35.90718],[136.22259,35.9072],[136.22259,35.90694],[136.22149,35.90692]]]}},{"type":"Feature","properties":{"pid":"1f53cc80-39bb-4d56-acc6-b93bfd7a84bf","full":16.8},"geometry":{"type":"Polygon","coordinates":[[[136.22139,35.90663],[136.22139,35.90637],[136.22029,35.90636],[136.22028,35.90662],[136.22139,35.90663]]]}},{"type":"Feature","properties":{"pid":"f87b7e4b-8c81-45c9-beec-5ba7f3bfe5a1","full":16.2},"geometry":{"type":"Polygon","coordinates":[[[136.22027,35.90689],[136.22138,35.9069],[136.22138,35.90665],[136.22028,35.90663],[136.22027,35.90689]]]}},{"type":"Feature","properties":{"pid":"cdd337f4-c260-4724-88ce-ffe81228d8ac","full":16.7},"geometry":{"type":"Polygon","coordinates":[[[136.22021,35.90636],[136.21911,35.90634],[136.21911,35.90659],[136.22021,35.90661],[136.22021,35.90636]]]}},{"type":"Feature","properties":{"pid":"35d98176-018f-425b-8a7e-cd010e95d2f1","full":16.2},"geometry":{"type":"Polygon","coordinates":[[[136.22021,35.90663],[136.21911,35.90661],[136.2191,35.90686],[136.22021,35.90688],[136.22021,35.90663]]]}},{"type":"Feature","properties":{"pid":"099986f2-d730-4460-869b-fcc7828f9c6c","full":17.0},"geometry":{"type":"Polygon","coordinates":[[[136.22021,35.9069],[136.2191,35.90688],[136.21909,35.90714],[136.2202,35.90716],[136.22021,35.9069]]]}},{"type":"Feature","properties":{"pid":"0b7baa5b-03ff-4615-88ed-8f21338dd4fd","full":16.5},"geometry":{"type":"Polygon","coordinates":[[[136.22027,35.90716],[136.22137,35.90717],[136.22138,35.90691],[136.22027,35.9069],[136.22027,35.90716]]]}},{"type":"Feature","properties":{"pid":"7fa303b9-f118-4928-b28e-a3ff42c28493","full":3.8},"geometry":{"type":"Polygon","coordinates":[[[136.21792,35.90699],[136.21792,35.90712],[136.21899,35.90714],[136.21899,35.90712],[136.21903,35.90711],[136.21902,35.90701],[136.21792,35.90699]]]}},{"type":"Feature","properties":{"pid":"7f85f8aa-9e7f-4247-82fe-fe9c750ab4fd","full":3.5},"geometry":{"type":"Polygon","coordinates":[[[136.21899,35.90687],[136.21793,35.90686],[136.21792,35.90698],[136.21902,35.907],[136.21902,35.9069],[136.21899,35.90689],[136.21899,35.90687]]]}},{"type":"Feature","properties":{"pid":"c2c6068a-b6b5-44c9-95bc-2b3f2a72afb8","full":6.2},"geometry":{"type":"Polygon","coordinates":[[[136.21792,35.90684],[136.21899,35.90686],[136.21899,35.90685],[136.21902,35.90685],[136.21903,35.90671],[136.21792,35.9067],[136.21792,35.90684]]]}},{"type":"Feature","properties":{"pid":"6e18dbc8-339c-45de-b5ec-13c35992cc60","full":0.8},"geometry":{"type":"Polygon","coordinates":[[[136.21793,35.90668],[136.21903,35.9067],[136.21903,35.90662],[136.219,35.90662],[136.21898,35.9066],[136.21793,35.90659],[136.21793,35.90668]]]}},{"type":"Feature","properties":{"pid":"3146d6d7-114d-4108-81c9-fab3d2241c9c","full":17.1},"geometry":{"type":"Polygon","coordinates":[[[136.21793,35.90658],[136.21903,35.90659],[136.21904,35.90636],[136.21898,35.90633],[136.21794,35.90631],[136.21793,35.90658]]]}},{"type":"Feature","properties":{"pid":"3304bfde-1708-45a4-81da-db0e51efbac3","full":1.5},"geometry":{"type":"Polygon","coordinates":[[[136.21783,35.90712],[136.21672,35.90711],[136.21672,35.9072],[136.21674,35.9072],[136.21675,35.90721],[136.21706,35.90722],[136.21714,35.90719],[136.21718,35.90719],[136.21722,35.9072],[136.21726,35.90722],[136.21783,35.90723],[136.21783,35.90712]]]}},{"type":"Feature","properties":{"pid":"42e2264b-0e9b-493f-84b7-22da5e825027","full":17.1},"geometry":{"type":"Polygon","coordinates":[[[136.21673,35.90684],[136.21672,35.9071],[136.21784,35.90711],[136.21784,35.90685],[136.21673,35.90684]]]}},{"type":"Feature","properties":{"pid":"28a1fdf0-f48a-42fb-8f30-4f2fb557cd4f","full":16.8},"geometry":{"type":"Polygon","coordinates":[[[136.21785,35.90658],[136.21674,35.90657],[136.21673,35.90683],[136.21785,35.90684],[136.21785,35.90658]]]}},{"type":"Feature","properties":{"pid":"3f2fe0d8-4167-4bad-8b18-9e90a91e63e6","full":16.5},"geometry":{"type":"Polygon","coordinates":[[[136.21555,35.90681],[136.21665,35.90682],[136.21665,35.9068],[136.21667,35.9068],[136.21667,35.90657],[136.21556,35.90655],[136.21555,35.90681]]]}},{"type":"Feature","properties":{"pid":"686d7387-e16b-4454-81ce-74128d009b4e","full":2.9},"geometry":{"type":"Polygon","coordinates":[[[136.21667,35.90683],[136.21555,35.90682],[136.21555,35.90694],[136.21665,35.90695],[136.21665,35.90693],[136.21666,35.90693],[136.21667,35.90683]]]}},{"type":"Feature","properties":{"pid":"2d5e6e7a-8cc4-47da-8993-45859b8a8758","full":4.3},"geometry":{"type":"Polygon","coordinates":[[[136.21666,35.90696],[136.21555,35.90695],[136.21555,35.90708],[136.21664,35.90709],[136.21664,35.90707],[136.21666,35.90707],[136.21666,35.90696]]]}},{"type":"Feature","properties":{"pid":"1615aa1f-e5e4-4d1f-ade7-4626d475d458","full":20.4},"geometry":{"type":"Polygon","coordinates":[[[136.21546,35.90683],[136.21435,35.90681],[136.21435,35.90698],[136.21445,35.90711],[136.21545,35.90713],[136.21546,35.90683]]]}},{"type":"Feature","properties":{"pid":"17f4f0e5-85b1-4069-95d8-fbfceeca4df5","full":18.2},"geometry":{"type":"Polygon","coordinates":[[[136.21546,35.90655],[136.21436,35.90653],[136.21435,35.9068],[136.21546,35.90682],[136.21546,35.90655]]]}},{"type":"Feature","properties":{"pid":"83612504-79df-4962-b227-d050b40f3848","full":0.9},"geometry":{"type":"Polygon","coordinates":[[[136.21428,35.9067],[136.21401,35.9067],[136.21418,35.90692],[136.21428,35.90691],[136.21428,35.9067]]]}},{"type":"Feature","properties":{"pid":"10b65f39-c80f-4a5e-9b98-48194ac96902","full":11.9},"geometry":{"type":"Polygon","coordinates":[[[136.21365,35.90701],[136.21318,35.90641],[136.21306,35.90642],[136.21308,35.90702],[136.21365,35.90701]]]}},{"type":"Feature","properties":{"pid":"008d42aa-3310-4525-8fc2-9e4152158538","full":3.3},"geometry":{"type":"Polygon","coordinates":[[[136.21301,35.90649],[136.2119,35.9065],[136.2119,35.90663],[136.21302,35.90661],[136.21301,35.90649]]]}},{"type":"Feature","properties":{"pid":"1f4aa21f-e820-41b4-a0bc-f5b1a6f42046","full":3.1},"geometry":{"type":"Polygon","coordinates":[[[136.2119,35.90664],[136.21191,35.90676],[136.21302,35.90674],[136.21302,35.90662],[136.2119,35.90664]]]}},{"type":"Feature","properties":{"pid":"3359d0de-8375-40f7-ad70-78ca952069b0","full":17.2},"geometry":{"type":"Polygon","coordinates":[[[136.21302,35.90675],[136.21191,35.90677],[136.21191,35.90703],[136.21303,35.90702],[136.21302,35.90675]]]}},{"type":"Feature","properties":{"pid":"a1c01a4a-1a74-4583-9bff-215558f8a293","full":17.0},"geometry":{"type":"Polygon","coordinates":[[[136.21192,35.9073],[136.21303,35.90729],[136.21303,35.90703],[136.21191,35.90704],[136.21192,35.9073]]]}},{"type":"Feature","properties":{"pid":"93eaac64-854d-4fda-9255-d46aa6b98861","full":15.3},"geometry":{"type":"Polygon","coordinates":[[[136.21186,35.90702],[136.21186,35.90678],[136.21078,35.90679],[136.21078,35.90704],[136.21186,35.90702]]]}},{"type":"Feature","properties":{"pid":"332c3bb7-a239-4566-a6c1-74d4626bc229","full":13.2},"geometry":{"type":"Polygon","coordinates":[[[136.21185,35.90676],[136.21184,35.90652],[136.21084,35.90654],[136.21085,35.90677],[136.21185,35.90676]]]}},{"type":"Feature","properties":{"pid":"dff1447e-8c74-4c41-bb8b-d3b90d017237","full":28.8},"geometry":{"type":"Polygon","coordinates":[[[136.21078,35.90652],[136.21184,35.9065],[136.21184,35.90596],[136.21133,35.90596],[136.21133,35.90624],[136.21078,35.90623],[136.21078,35.90652]]]}},{"type":"Feature","properties":{"pid":"2318fc80-faed-43d7-a01d-1ccc7d2d5a8a","full":14.9},"geometry":{"type":"Polygon","coordinates":[[[136.21182,35.90563],[136.21078,35.90564],[136.21079,35.90589],[136.21183,35.90588],[136.21182,35.90563]]]}},{"type":"Feature","properties":{"pid":"8eefae9d-0e82-4735-a4c1-c18f0284fd0b","full":14.6},"geometry":{"type":"Polygon","coordinates":[[[136.21182,35.90536],[136.21077,35.90539],[136.21077,35.90563],[136.21182,35.90561],[136.21182,35.90536]]]}},{"type":"Feature","properties":{"pid":"8445ef6e-295d-4c56-aa13-ef9c68f1ad13","full":15.4},"geometry":{"type":"Polygon","coordinates":[[[136.21076,35.90511],[136.21078,35.90537],[136.21182,35.90534],[136.21182,35.90509],[136.21076,35.90511]]]}},{"type":"Feature","properties":{"pid":"b760653b-cfd8-4bd3-9ed3-8843e383d2fb","full":12.1},"geometry":{"type":"Polygon","coordinates":[[[136.21178,35.90468],[136.21076,35.90505],[136.21076,35.90509],[136.21182,35.90507],[136.21181,35.90475],[136.21178,35.90468]]]}},{"type":"Feature","properties":{"pid":"571a611d-01ab-49a3-ae54-08f18da88515","full":15.6},"geometry":{"type":"Polygon","coordinates":[[[136.21277,35.90559],[136.2127,35.90529],[136.21187,35.90531],[136.21188,35.90561],[136.21277,35.90559]]]}},{"type":"Feature","properties":{"pid":"84a8c907-1fba-4e70-9d69-ffd828474539","full":17.0},"geometry":{"type":"Polygon","coordinates":[[[136.2127,35.90528],[136.21267,35.90515],[136.21265,35.90495],[136.21186,35.90496],[136.21187,35.9053],[136.2127,35.90528]]]}},{"type":"Feature","properties":{"pid":"73897747-c2cf-4253-a3f7-bd979680ef1f","full":20.8},"geometry":{"type":"Polygon","coordinates":[[[136.21186,35.90495],[136.21266,35.90494],[136.21258,35.90441],[136.21184,35.90467],[136.21186,35.90471],[136.21186,35.90495]]]}},{"type":"Feature","properties":{"pid":"444f27a3-3fd9-40b0-85a2-3c3499960f75","full":14.0},"geometry":{"type":"Polygon","coordinates":[[[136.21287,35.90586],[136.21278,35.9056],[136.21188,35.90562],[136.21189,35.90588],[136.21287,35.90586]]]}},{"type":"Feature","properties":{"pid":"ffa40958-c9c1-40dc-94c6-ae27f5fa63e9","full":45.1},"geometry":{"type":"Polygon","coordinates":[[[136.21301,35.90611],[136.21289,35.90593],[136.21188,35.90595],[136.2119,35.90649],[136.21301,35.90647],[136.21301,35.90611]]]}},{"type":"Feature","properties":{"pid":"8e84137b-30d8-48d1-b353-71298fd977ac","full":27.0},"geometry":{"type":"Polygon","coordinates":[[[136.21432,35.90539],[136.21322,35.90537],[136.21333,35.90565],[136.21344,35.90577],[136.21407,35.90578],[136.21429,35.90578],[136.21432,35.90539]]]}},{"type":"Feature","properties":{"pid":"9f534dc6-4754-4035-9d1f-168bc7e41c24","full":12.5},"geometry":{"type":"Polygon","coordinates":[[[136.21429,35.90612],[136.2143,35.90584],[136.21346,35.90583],[136.21356,35.90611],[136.21429,35.90612]]]}},{"type":"Feature","properties":{"pid":"93835ed5-d569-405b-a299-9ebf820f9c5d","full":1.1},"geometry":{"type":"Polygon","coordinates":[[[136.21364,35.90624],[136.21428,35.90624],[136.21429,35.90613],[136.21355,35.90612],[136.21364,35.90624]]]}},{"type":"Feature","properties":{"pid":"6611af64-ba1d-4ead-8e3d-53e79ab35c19","full":3.9},"geometry":{"type":"Polygon","coordinates":[[[136.21428,35.90633],[136.21371,35.90633],[136.21386,35.90652],[136.21428,35.90652],[136.21428,35.90633]]]}},{"type":"Feature","properties":{"pid":"9b078761-7a18-4b4d-9366-3c212cd4e819","full":2.5},"geometry":{"type":"Polygon","coordinates":[[[136.21437,35.90613],[136.21437,35.90624],[136.21547,35.90626],[136.21548,35.90615],[136.21437,35.90613]]]}},{"type":"Feature","properties":{"pid":"8ec900e5-ad7f-4e90-b62e-1f47a896fddc","full":17.1},"geometry":{"type":"Polygon","coordinates":[[[136.21547,35.90627],[136.21437,35.90626],[136.21436,35.90652],[136.21546,35.90654],[136.21547,35.90627]]]}},{"type":"Feature","properties":{"pid":"b91432f8-0a7b-4405-aa77-8a0b99c40675","full":31.3},"geometry":{"type":"Polygon","coordinates":[[[136.2155,35.90541],[136.21439,35.90539],[136.21439,35.90579],[136.21549,35.90581],[136.2155,35.90541]]]}},{"type":"Feature","properties":{"pid":"aa1ae88c-f46f-47d8-9bb8-171ccdd01218","full":18.7},"geometry":{"type":"Polygon","coordinates":[[[136.21548,35.90587],[136.21437,35.90584],[136.21437,35.90612],[136.21548,35.90614],[136.21548,35.90587]]]}},{"type":"Feature","properties":{"pid":"81141ed3-d9e7-49d2-b7e6-523e0ae67b7f","full":15.5},"geometry":{"type":"Polygon","coordinates":[[[136.2144,35.90513],[136.21439,35.90538],[136.2155,35.90539],[136.21551,35.90515],[136.2144,35.90513]]]}},{"type":"Feature","properties":{"pid":"12e014cd-4af0-4c88-b546-3a0f70a33680","full":16.2},"geometry":{"type":"Polygon","coordinates":[[[136.21552,35.9046],[136.21442,35.90458],[136.21441,35.90484],[136.21552,35.90485],[136.21552,35.9046]]]}},{"type":"Feature","properties":{"pid":"503f7b5f-6b69-4fb4-9ef6-de01209a58fa","full":17.3},"geometry":{"type":"Polygon","coordinates":[[[136.21441,35.90485],[136.2144,35.90511],[136.21551,35.90513],[136.21551,35.90486],[136.21441,35.90485]]]}},{"type":"Feature","properties":{"pid":"e837ef57-63d9-4015-8785-07455cd3db5b","full":16.8},"geometry":{"type":"Polygon","coordinates":[[[136.21431,35.90538],[136.21432,35.90512],[136.21317,35.9051],[136.21321,35.90536],[136.21431,35.90538]]]}},{"type":"Feature","properties":{"pid":"0fdfa616-49df-4aa4-bf86-840b14e0717f","full":17.7},"geometry":{"type":"Polygon","coordinates":[[[136.21432,35.90485],[136.21313,35.90484],[136.21316,35.90509],[136.21432,35.90511],[136.21432,35.90485]]]}},{"type":"Feature","properties":{"pid":"7b7fe52a-a543-4d3f-9a6c-798ceb4dd592","full":17.6},"geometry":{"type":"Polygon","coordinates":[[[136.21313,35.90481],[136.21432,35.90483],[136.21433,35.90458],[136.21309,35.90456],[136.21313,35.90481]]]}},{"type":"Feature","properties":{"pid":"18a5332f-630a-4f6a-a876-6d5696565fc1","full":20.0},"geometry":{"type":"Polygon","coordinates":[[[136.21433,35.9043],[136.21307,35.90429],[136.21309,35.90455],[136.21433,35.90457],[136.21433,35.9043]]]}},{"type":"Feature","properties":{"pid":"5f57ab90-51f8-4c6f-adec-583b6994c690","full":3.8},"geometry":{"type":"Polygon","coordinates":[[[136.21363,35.90376],[136.21307,35.90375],[136.21304,35.90405],[136.21318,35.90399],[136.21319,35.90401],[136.21362,35.9038],[136.21363,35.90376]]]}},{"type":"Feature","properties":{"pid":"70f0cb96-ab18-4c99-8165-be47138e85b0","full":16.3},"geometry":{"type":"Polygon","coordinates":[[[136.21435,35.90403],[136.21349,35.90402],[136.21319,35.90416],[136.2131,35.90421],[136.21307,35.90424],[136.21307,35.90428],[136.21434,35.90429],[136.21435,35.90403]]]}},{"type":"Feature","properties":{"pid":"465f5e50-ba28-4664-bd1a-7bbf8a8ad830","full":16.5},"geometry":{"type":"Polygon","coordinates":[[[136.21553,35.90433],[136.21442,35.90431],[136.21441,35.90456],[136.21552,35.90458],[136.21553,35.90433]]]}},{"type":"Feature","properties":{"pid":"73a343c8-63d4-4d64-8ded-3bcc0e6ff774","full":11.5},"geometry":{"type":"Polygon","coordinates":[[[136.21444,35.90377],[136.21444,35.90398],[136.21553,35.904],[136.21554,35.90379],[136.21444,35.90377]]]}},{"type":"Feature","properties":{"pid":"cf996278-a9f7-4a57-946f-f7057315a800","full":16.1},"geometry":{"type":"Polygon","coordinates":[[[136.21554,35.90406],[136.21444,35.90404],[136.21443,35.90429],[136.21553,35.90431],[136.21554,35.90406]]]}},{"type":"Feature","properties":{"pid":"ab411a76-e718-475c-9272-607425b4c8bd","full":12.3},"geometry":{"type":"Polygon","coordinates":[[[136.21555,35.90324],[136.21487,35.90324],[136.21448,35.90349],[136.21555,35.9035],[136.21555,35.90324]]]}},{"type":"Feature","properties":{"pid":"113767a7-4a02-4757-9899-7b70c8d61ee7","full":17.0},"geometry":{"type":"Polygon","coordinates":[[[136.21554,35.90378],[136.21555,35.90352],[136.21445,35.9035],[136.21444,35.90376],[136.21554,35.90378]]]}},{"type":"Feature","properties":{"pid":"b2616c45-342c-40e4-889e-7ad8b3e815ce","full":10.4},"geometry":{"type":"Polygon","coordinates":[[[136.21484,35.90319],[136.21486,35.90322],[136.21555,35.90323],[136.21557,35.90274],[136.21552,35.90275],[136.21484,35.90319]]]}},{"type":"Feature","properties":{"pid":"b2486088-87d6-45fb-a0b5-3e43cc62c5d5","full":25.2},"geometry":{"type":"Polygon","coordinates":[[[136.21506,35.90254],[136.21447,35.90253],[136.21444,35.9033],[136.21446,35.90334],[136.21505,35.90296],[136.21506,35.90254]]]}},{"type":"Feature","properties":{"pid":"edbba870-8017-4df8-b017-943307437c13","full":11.5},"geometry":{"type":"Polygon","coordinates":[[[136.21352,35.90401],[136.21435,35.90402],[136.21436,35.90351],[136.21435,35.9035],[136.21403,35.9037],[136.21397,35.90375],[136.21352,35.90401]]]}},{"type":"Feature","properties":{"pid":"3edec084-42e1-4aaf-a830-56368ab9073b","full":0.6},"geometry":{"type":"Polygon","coordinates":[[[136.21307,35.90358],[136.21394,35.90359],[136.2141,35.90349],[136.21308,35.90348],[136.21307,35.90358]]]}},{"type":"Feature","properties":{"pid":"ec7952dd-3b65-485f-a8e5-fccecebae629","full":3.5},"geometry":{"type":"Polygon","coordinates":[[[136.21308,35.90374],[136.21363,35.90375],[136.21392,35.9036],[136.21306,35.90358],[136.21306,35.90365],[136.21308,35.90374]]]}},{"type":"Feature","properties":{"pid":"fa003fcb-f5d8-4ab7-9775-2b03a367a9f8","full":18.3},"geometry":{"type":"Polygon","coordinates":[[[136.2131,35.90321],[136.21308,35.90347],[136.21413,35.90348],[136.21437,35.90333],[136.21437,35.90323],[136.2131,35.90321]]]}},{"type":"Feature","properties":{"pid":"57d4bf58-23c4-4e91-9dfa-1e1edb0a205f","full":19.4},"geometry":{"type":"Polygon","coordinates":[[[136.21311,35.9032],[136.21437,35.90321],[136.21438,35.90295],[136.21313,35.90295],[136.21311,35.9032]]]}},{"type":"Feature","properties":{"pid":"b7aef3f8-3422-4252-86a0-c090f0f9f022","full":22.1},"geometry":{"type":"Polygon","coordinates":[[[136.21266,35.90325],[136.21271,35.90281],[136.21198,35.90276],[136.21196,35.9029],[136.21195,35.90302],[136.21195,35.9031],[136.21197,35.90316],[136.212,35.90322],[136.21266,35.90325]]]}},{"type":"Feature","properties":{"pid":"159b3f4a-5a45-4b68-b7c7-17f43552f5df","full":9.8},"geometry":{"type":"Polygon","coordinates":[[[136.21257,35.90367],[136.21262,35.90362],[136.21265,35.90326],[136.21221,35.90324],[136.21224,35.90336],[136.2121,35.90338],[136.21216,35.90347],[136.21222,35.90354],[136.2124,35.90368],[136.21257,35.90367]]]}},{"type":"Feature","properties":{"pid":"8aaafb3a-7cf2-4062-8ce2-d12c59db7a29","full":17.0},"geometry":{"type":"Polygon","coordinates":[[[136.21259,35.90398],[136.21216,35.90363],[136.21202,35.90349],[136.21187,35.90348],[136.21181,35.90403],[136.21256,35.90407],[136.21259,35.90398]]]}},{"type":"Feature","properties":{"pid":"35e77d6d-2837-43a4-a04e-e101fcddb3cb","full":16.8},"geometry":{"type":"Polygon","coordinates":[[[136.21179,35.90458],[136.21228,35.90441],[136.21257,35.90429],[136.21257,35.90412],[136.21181,35.90407],[136.21178,35.90456],[136.21179,35.90458]]]}},{"type":"Feature","properties":{"pid":"b3750c1e-2551-45b9-8b0d-efb97b7c2c68","full":48.1},"geometry":{"type":"Polygon","coordinates":[[[136.21073,35.90492],[136.21171,35.9046],[136.21176,35.90406],[136.21108,35.90402],[136.21103,35.90431],[136.2107,35.90429],[136.21073,35.90492]]]}},{"type":"Feature","properties":{"pid":"3392febc-a839-4120-be5e-f7958b50cfe6","full":16.0},"geometry":{"type":"Polygon","coordinates":[[[136.21178,35.904],[136.2118,35.90376],[136.21067,35.90369],[136.21069,35.90394],[136.21178,35.904]]]}},{"type":"Feature","properties":{"pid":"e481cc1e-2686-4780-9a74-a044742cbc3d","full":18.7},"geometry":{"type":"Polygon","coordinates":[[[136.21067,35.90368],[136.21181,35.90375],[136.21183,35.90349],[136.21065,35.9034],[136.21067,35.90368]]]}},{"type":"Feature","properties":{"pid":"5eaad8dc-2815-427b-9e40-d4d4861373b4","full":17.0},"geometry":{"type":"Polygon","coordinates":[[[136.21185,35.90319],[136.21182,35.90305],[136.21182,35.90292],[136.21077,35.90287],[136.21076,35.90291],[136.21066,35.9029],[136.21064,35.90311],[136.21185,35.90319]]]}},{"type":"Feature","properties":{"pid":"b182284b-0d37-45f9-90dd-3fa1617710bc","full":19.6},"geometry":{"type":"Polygon","coordinates":[[[136.212,35.90348],[136.21193,35.90339],[136.21188,35.9033],[136.21184,35.9032],[136.21065,35.90313],[136.21064,35.90323],[136.21065,35.90339],[136.212,35.90348]]]}},{"type":"Feature","properties":{"pid":"c9be5fa2-0456-47c6-b460-b5ca4d27ee85","full":18.5},"geometry":{"type":"Polygon","coordinates":[[[136.21185,35.90263],[136.21119,35.90259],[136.21069,35.90261],[136.21066,35.90284],[136.21181,35.90291],[136.21185,35.90263]]]}},{"type":"Feature","properties":{"pid":"3054c026-4def-43f6-ab54-bb0d96935149","full":14.1},"geometry":{"type":"Polygon","coordinates":[[[136.2119,35.90206],[136.2109,35.902],[136.21078,35.90216],[136.21082,35.90223],[136.21188,35.90229],[136.2119,35.90206]]]}},{"type":"Feature","properties":{"pid":"d54a30a4-87d4-4a2b-aa68-d7e6bd54a71b","full":5.1},"geometry":{"type":"Polygon","coordinates":[[[136.21125,35.90258],[136.21185,35.90262],[136.21187,35.90243],[136.21126,35.90239],[136.21125,35.90258]]]}},{"type":"Feature","properties":{"pid":"67b015ec-1913-47c3-8e79-54469ca8c8a9","full":14.5},"geometry":{"type":"Polygon","coordinates":[[[136.21275,35.90248],[136.21201,35.90243],[136.21198,35.90275],[136.21272,35.9028],[136.21273,35.90275],[136.21272,35.90258],[136.21274,35.90255],[136.21275,35.90248]]]}},{"type":"Feature","properties":{"pid":"d07d90fb-c9eb-4529-bcef-da87416c9b51","full":8.8},"geometry":{"type":"Polygon","coordinates":[[[136.21276,35.9021],[136.21204,35.90207],[136.21202,35.9023],[136.21271,35.90234],[136.21276,35.9021]]]}},{"type":"Feature","properties":{"pid":"6cd15ad2-6de1-4c47-ba2c-362bb8601516","full":10.8},"geometry":{"type":"Polygon","coordinates":[[[136.21282,35.90182],[136.2129,35.90158],[136.2121,35.90153],[136.21208,35.90178],[136.21282,35.90182]]]}},{"type":"Feature","properties":{"pid":"f4305580-9b88-4eb6-996a-9ba9946406a4","full":10.6},"geometry":{"type":"Polygon","coordinates":[[[136.21277,35.90209],[136.21282,35.90184],[136.21207,35.90179],[136.21204,35.90205],[136.21277,35.90209]]]}},{"type":"Feature","properties":{"pid":"b4235027-5447-46e5-a82c-72488287f13d","full":14.0},"geometry":{"type":"Polygon","coordinates":[[[136.21212,35.90125],[136.21301,35.9013],[136.21313,35.90105],[136.21215,35.90099],[136.21212,35.90125]]]}},{"type":"Feature","properties":{"pid":"2057b057-7d30-4cb1-b61c-708d165db4f5","full":12.3},"geometry":{"type":"Polygon","coordinates":[[[136.21301,35.90131],[136.21212,35.90126],[136.2121,35.90152],[136.21291,35.90156],[136.21294,35.90146],[136.21301,35.90131]]]}},{"type":"Feature","properties":{"pid":"dab16554-33db-4b80-9c66-c045d73e217d","full":13.6},"geometry":{"type":"Polygon","coordinates":[[[136.2111,35.90173],[136.21091,35.90198],[136.2119,35.90205],[136.21193,35.90178],[136.2111,35.90173]]]}},{"type":"Feature","properties":{"pid":"8b029569-3ad0-4235-aac2-023614dd009f","full":11.1},"geometry":{"type":"Polygon","coordinates":[[[136.21193,35.90177],[136.21196,35.9015],[136.2113,35.90147],[136.21111,35.90172],[136.21193,35.90177]]]}},{"type":"Feature","properties":{"pid":"840f650d-22b0-4730-bd76-2be7367e3192","full":3.0},"geometry":{"type":"Polygon","coordinates":[[[136.21118,35.90146],[136.21084,35.90144],[136.21078,35.90197],[136.21081,35.90194],[136.21118,35.90146]]]}},{"type":"Feature","properties":{"pid":"ebd7a1f9-f163-41cc-95be-381e4f817eac","full":19.7},"geometry":{"type":"Polygon","coordinates":[[[136.21112,35.90118],[136.21139,35.9012],[136.21163,35.90087],[136.21177,35.90071],[136.21094,35.90066],[136.21094,35.90076],[136.21095,35.90086],[136.21098,35.90095],[136.21101,35.90103],[136.21107,35.90112],[136.21112,35.90118]]]}},{"type":"Feature","properties":{"pid":"3b2aee4d-c918-40a5-bae3-5d901dd5bd54","full":15.7},"geometry":{"type":"Polygon","coordinates":[[[136.21177,35.90071],[136.212,35.90043],[136.21097,35.90037],[136.21094,35.90065],[136.21177,35.90071]]]}},{"type":"Feature","properties":{"pid":"7c43c169-4a7c-457e-ab9f-6eb44a0e8dd6","full":16.9},"geometry":{"type":"Polygon","coordinates":[[[136.21216,35.89957],[136.21106,35.8995],[136.21104,35.89974],[136.21106,35.89974],[136.21106,35.89976],[136.21213,35.89983],[136.21216,35.89957]]]}},{"type":"Feature","properties":{"pid":"85750d16-6282-4829-a6ba-cccada446c9f","full":16.4},"geometry":{"type":"Polygon","coordinates":[[[136.21108,35.89923],[136.21107,35.89946],[136.21109,35.89947],[136.21109,35.89949],[136.21216,35.89956],[136.21219,35.8993],[136.21108,35.89923]]]}},{"type":"Feature","properties":{"pid":"12114444-54a4-4287-9be7-3d4d4d511762","full":17.2},"geometry":{"type":"Polygon","coordinates":[[[136.21104,35.89977],[136.21101,35.90001],[136.21103,35.90002],[136.21103,35.90003],[136.21211,35.90011],[136.21213,35.89984],[136.21104,35.89977]]]}},{"type":"Feature","properties":{"pid":"670cbec1-93ba-4448-9e5f-f5d08b726bb2","full":14.4},"geometry":{"type":"Polygon","coordinates":[[[136.21193,35.90011],[136.21101,35.90005],[136.21099,35.90029],[136.21102,35.90029],[136.21102,35.90031],[136.21206,35.90037],[136.21209,35.90034],[136.21209,35.90026],[136.21192,35.90024],[136.21193,35.90011]]]}},{"type":"Feature","properties":{"pid":"20ddecd7-7bf1-4de9-9adc-7536a33b0702","full":3.3},"geometry":{"type":"Polygon","coordinates":[[[136.21226,35.8998],[136.21253,35.89983],[136.21272,35.89961],[136.21228,35.89958],[136.21226,35.8998]]]}},{"type":"Feature","properties":{"pid":"85907cf9-5789-428f-8872-73a6e34e619a","full":7.1},"geometry":{"type":"Polygon","coordinates":[[[136.21229,35.89957],[136.21273,35.8996],[136.21294,35.89935],[136.21231,35.89931],[136.21229,35.89957]]]}},{"type":"Feature","properties":{"pid":"c8c649db-4d34-41b4-acd2-5e12c2a13dd6","full":14.7},"geometry":{"type":"Polygon","coordinates":[[[136.21357,35.90019],[136.21368,35.89995],[136.21269,35.89988],[136.21248,35.90012],[136.21357,35.90019]]]}},{"type":"Feature","properties":{"pid":"44a125fa-ce3b-475d-87ee-e10caf8f633d","full":15.1},"geometry":{"type":"Polygon","coordinates":[[[136.21333,35.90063],[136.21342,35.90052],[136.21235,35.90045],[136.21234,35.90062],[136.21218,35.90061],[136.21218,35.9007],[136.21326,35.90077],[136.21333,35.90063]]]}},{"type":"Feature","properties":{"pid":"25eabc1e-2d57-420e-90aa-dd6bcbd55f11","full":18.8},"geometry":{"type":"Polygon","coordinates":[[[136.21345,35.90047],[136.21356,35.90021],[136.21246,35.90013],[136.21225,35.90038],[136.21228,35.90039],[136.21345,35.90047]]]}},{"type":"Feature","properties":{"pid":"8c16d55c-0be1-42a7-b072-790ae9edf714","full":16.0},"geometry":{"type":"Polygon","coordinates":[[[136.21325,35.90078],[136.21218,35.90071],[136.21215,35.90098],[136.21313,35.90104],[136.21325,35.90078]]]}},{"type":"Feature","properties":{"pid":"c168b40d-1487-43dc-9c83-9db19fbc1e95","full":23.4},"geometry":{"type":"Polygon","coordinates":[[[136.21368,35.89994],[136.21385,35.89956],[136.213,35.89952],[136.21269,35.89987],[136.21368,35.89994]]]}},{"type":"Feature","properties":{"pid":"7e72fe5d-3ee9-4cef-abf3-59c56b0b1ae7","full":1.0},"geometry":{"type":"Polygon","coordinates":[[[136.21387,35.89932],[136.2137,35.89941],[136.21359,35.89942],[136.21357,35.89947],[136.21346,35.89948],[136.21346,35.89951],[136.21388,35.89953],[136.21395,35.89939],[136.21387,35.89932]]]}},{"type":"Feature","properties":{"pid":"39d77d42-bb3a-40af-92f2-9f00b51d4f0b","full":16.8},"geometry":{"type":"Polygon","coordinates":[[[136.21454,35.90016],[136.21566,35.90018],[136.21566,35.89992],[136.21456,35.89991],[136.21454,35.90016]]]}},{"type":"Feature","properties":{"pid":"aa876ba3-44bf-4467-b309-d584f5d1ee02","full":15.3},"geometry":{"type":"Polygon","coordinates":[[[136.21568,35.89938],[136.21474,35.89937],[136.21462,35.89963],[136.21567,35.89965],[136.21568,35.89938]]]}},{"type":"Feature","properties":{"pid":"43221f0a-00e3-473a-a351-432a0c9609d4","full":16.4},"geometry":{"type":"Polygon","coordinates":[[[136.21566,35.89991],[136.21567,35.89966],[136.21462,35.89964],[136.21457,35.89977],[136.21456,35.8999],[136.21566,35.89991]]]}},{"type":"Feature","properties":{"pid":"bbe757a6-63d2-4796-b65b-87573eebf9b8","full":18.1},"geometry":{"type":"Polygon","coordinates":[[[136.21453,35.90044],[136.21566,35.90046],[136.21567,35.90019],[136.21454,35.90017],[136.21453,35.90044]]]}},{"type":"Feature","properties":{"pid":"bd1565ca-e9a3-4710-b981-55cf030271d6","full":17.4},"geometry":{"type":"Polygon","coordinates":[[[136.21452,35.90071],[136.21565,35.90073],[136.21566,35.90047],[136.21453,35.90045],[136.21452,35.90071]]]}},{"type":"Feature","properties":{"pid":"a46a88dc-640e-4514-9e44-d7073bbf2be0","full":16.0},"geometry":{"type":"Polygon","coordinates":[[[136.21451,35.90096],[136.21564,35.90098],[136.21564,35.90074],[136.21452,35.90072],[136.21451,35.90096]]]}},{"type":"Feature","properties":{"pid":"e255d6b6-fdb6-41f6-82c3-a86d9bbb511c","full":16.9},"geometry":{"type":"Polygon","coordinates":[[[136.21561,35.90181],[136.21563,35.90155],[136.2145,35.90153],[136.21449,35.90178],[136.21561,35.90181]]]}},{"type":"Feature","properties":{"pid":"244e6e43-61ed-46b9-b788-92c883792b1d","full":17.5},"geometry":{"type":"Polygon","coordinates":[[[136.21561,35.90208],[136.21561,35.90182],[136.21449,35.90179],[136.21448,35.90206],[136.21561,35.90208]]]}},{"type":"Feature","properties":{"pid":"57d933b2-4617-4c09-930f-96adea138c6f","full":17.9},"geometry":{"type":"Polygon","coordinates":[[[136.2145,35.90152],[136.21563,35.90154],[136.21563,35.90127],[136.21451,35.90126],[136.2145,35.90152]]]}},{"type":"Feature","properties":{"pid":"f40dc4ea-1c45-40a5-9aff-97b713e937e4","full":14.3},"geometry":{"type":"Polygon","coordinates":[[[136.21451,35.90125],[136.21563,35.90126],[136.21564,35.90103],[136.21453,35.90101],[136.21452,35.90102],[136.21451,35.90125]]]}},{"type":"Feature","properties":{"pid":"27b42637-9b91-470b-a8a7-89ba6db78947","full":36.3},"geometry":{"type":"Polygon","coordinates":[[[136.21314,35.90293],[136.21438,35.90294],[136.21439,35.90252],[136.21328,35.9025],[136.21327,35.90253],[136.21321,35.90254],[136.21321,35.90257],[136.21322,35.90264],[136.21316,35.90279],[136.21314,35.90293]]]}},{"type":"Feature","properties":{"pid":"3c40ddc8-0a9c-4562-84d8-72b70be19c70","full":17.6},"geometry":{"type":"Polygon","coordinates":[[[136.21559,35.90216],[136.21448,35.90215],[136.21447,35.90241],[136.21559,35.90243],[136.21559,35.90216]]]}},{"type":"Feature","properties":{"pid":"19c9d53d-4bd6-4076-a445-2ef3c256b1f1","full":5.2},"geometry":{"type":"Polygon","coordinates":[[[136.21506,35.90295],[136.2156,35.9026],[136.21558,35.90255],[136.21508,35.90254],[136.21506,35.90295]]]}},{"type":"Feature","properties":{"pid":"0f55952c-6626-43b9-b1bf-898b38c807dc","full":26.7},"geometry":{"type":"Polygon","coordinates":[[[136.21567,35.90297],[136.21676,35.90299],[136.21677,35.90262],[136.21586,35.90261],[136.21567,35.90276],[136.21567,35.90297]]]}},{"type":"Feature","properties":{"pid":"bfd72aa5-3546-453e-bce7-e25f836663a1","full":5.8},"geometry":{"type":"Polygon","coordinates":[[[136.21631,35.90213],[136.21567,35.90213],[136.21566,35.90238],[136.21569,35.90238],[136.21568,35.90243],[136.21585,35.90243],[136.21631,35.90213]]]}},{"type":"Feature","properties":{"pid":"1f57f690-7f6b-4b4f-b5c4-11b3cdf4e77f","full":8.6},"geometry":{"type":"Polygon","coordinates":[[[136.21679,35.90196],[136.21608,35.90244],[136.21676,35.90245],[136.21678,35.90243],[136.21679,35.90196]]]}},{"type":"Feature","properties":{"pid":"b8371737-f1a8-4669-a079-d9551224583e","full":11.2},"geometry":{"type":"Polygon","coordinates":[[[136.21796,35.90284],[136.21797,35.90263],[136.21685,35.90261],[136.21685,35.90281],[136.21796,35.90284]]]}},{"type":"Feature","properties":{"pid":"1b6acf43-3bd5-4df4-afb9-4d4e0fa789bd","full":17.5},"geometry":{"type":"Polygon","coordinates":[[[136.21798,35.90218],[136.21798,35.90192],[136.21694,35.9019],[136.21688,35.90194],[136.21687,35.90216],[136.21798,35.90218]]]}},{"type":"Feature","properties":{"pid":"c31e4a21-b037-4ed5-aef7-f516dabdc7df","full":1.1},"geometry":{"type":"Polygon","coordinates":[[[136.21687,35.90227],[136.21797,35.90229],[136.21798,35.90219],[136.21687,35.90217],[136.21687,35.90227]]]}},{"type":"Feature","properties":{"pid":"06bfc54c-e2e4-4278-8bd7-3a466a8c4300","full":5.6},"geometry":{"type":"Polygon","coordinates":[[[136.21797,35.90231],[136.21687,35.90229],[136.21687,35.90243],[136.21797,35.90245],[136.21797,35.90231]]]}},{"type":"Feature","properties":{"pid":"bb7a27d3-eba6-4374-8ed7-0098c5f91cf4","full":11.9},"geometry":{"type":"Polygon","coordinates":[[[136.21696,35.90189],[136.21798,35.90191],[136.21799,35.90164],[136.21734,35.90164],[136.21696,35.90189]]]}},{"type":"Feature","properties":{"pid":"d250d886-081e-4204-8740-4c1d204f0aa8","full":10.0},"geometry":{"type":"Polygon","coordinates":[[[136.218,35.9011],[136.21742,35.90148],[136.21747,35.90155],[136.21737,35.90162],[136.21799,35.90162],[136.218,35.9011]]]}},{"type":"Feature","properties":{"pid":"6f1c782d-9f85-4880-8132-73e98ddc9966","full":6.2},"geometry":{"type":"Polygon","coordinates":[[[136.21746,35.90132],[136.21689,35.90131],[136.21688,35.90167],[136.21687,35.90168],[136.21686,35.90178],[136.21734,35.90144],[136.21737,35.90138],[136.21746,35.90132]]]}},{"type":"Feature","properties":{"pid":"5b9d1821-444e-43c1-ac69-996ecfd598c9","full":11.3},"geometry":{"type":"Polygon","coordinates":[[[136.21787,35.90105],[136.2169,35.90103],[136.21689,35.9013],[136.21748,35.90131],[136.21787,35.90105]]]}},{"type":"Feature","properties":{"pid":"972ce287-bf06-40ed-8b58-7b733442ad7b","full":17.1},"geometry":{"type":"Polygon","coordinates":[[[136.2168,35.90157],[136.21568,35.90155],[136.21567,35.90181],[136.21668,35.90183],[136.2168,35.90175],[136.2168,35.90157]]]}},{"type":"Feature","properties":{"pid":"e417ac04-8567-48b1-b56a-3e25fe91d999","full":13.9},"geometry":{"type":"Polygon","coordinates":[[[136.21631,35.90213],[136.2163,35.90209],[136.21667,35.90183],[136.21567,35.90182],[136.21567,35.90212],[136.21631,35.90213]]]}},{"type":"Feature","properties":{"pid":"fe042205-54d9-402f-87a9-0fe94ecf525d","full":16.9},"geometry":{"type":"Polygon","coordinates":[[[136.21568,35.90154],[136.2168,35.90156],[136.21681,35.9013],[136.21569,35.90128],[136.21568,35.90154]]]}},{"type":"Feature","properties":{"pid":"71e7e7b4-d2a8-4046-be7e-3bcbebcc2219","full":15.1},"geometry":{"type":"Polygon","coordinates":[[[136.21569,35.90127],[136.2168,35.90129],[136.2168,35.90126],[136.21682,35.90126],[136.21682,35.90106],[136.21681,35.90105],[136.2157,35.90103],[136.21569,35.90127]]]}},{"type":"Feature","properties":{"pid":"1388c62d-4dfa-4236-8122-b67d688db140","full":15.6},"geometry":{"type":"Polygon","coordinates":[[[136.2157,35.90074],[136.2157,35.90098],[136.21682,35.901],[136.21683,35.90075],[136.2157,35.90074]]]}},{"type":"Feature","properties":{"pid":"1f526036-b997-48fb-9903-35209bbca5e2","full":17.5},"geometry":{"type":"Polygon","coordinates":[[[136.21684,35.90022],[136.21572,35.9002],[136.21571,35.90046],[136.21683,35.90048],[136.21684,35.90022]]]}},{"type":"Feature","properties":{"pid":"c7e6a794-ca3e-4129-98a2-13fe09cd0880","full":10.6},"geometry":{"type":"Polygon","coordinates":[[[136.21683,35.90055],[136.21571,35.90053],[136.2157,35.90073],[136.21683,35.90074],[136.21683,35.90055]]]}},{"type":"Feature","properties":{"pid":"56ba2763-39d7-4595-b965-02a1a2c68d23","full":16.9},"geometry":{"type":"Polygon","coordinates":[[[136.21684,35.89995],[136.21573,35.89993],[136.21572,35.90019],[136.21684,35.90021],[136.21684,35.89995]]]}},{"type":"Feature","properties":{"pid":"745dce63-140d-46e5-94b0-b076f2d8d55e","full":16.3},"geometry":{"type":"Polygon","coordinates":[[[136.21685,35.89941],[136.21574,35.89939],[136.21574,35.89964],[136.21681,35.89966],[136.21682,35.89965],[136.21685,35.89964],[136.21685,35.89941]]]}},{"type":"Feature","properties":{"pid":"084b2768-1e98-400b-bcd3-8e64bf09e55b","full":17.8},"geometry":{"type":"Polygon","coordinates":[[[136.21573,35.89992],[136.21684,35.89994],[136.21685,35.89967],[136.21574,35.89965],[136.21573,35.89992]]]}},{"type":"Feature","properties":{"pid":"8f94d41b-2209-4dcb-9ddb-981575ba385d","full":16.7},"geometry":{"type":"Polygon","coordinates":[[[136.21802,35.90023],[136.21803,35.89997],[136.21692,35.89995],[136.21691,35.9002],[136.21802,35.90023]]]}},{"type":"Feature","properties":{"pid":"40ee133c-eda4-41fd-a8ae-41508b8785e0","full":17.1},"geometry":{"type":"Polygon","coordinates":[[[136.21692,35.89994],[136.21804,35.89996],[136.21804,35.8997],[136.21692,35.89968],[136.21692,35.89994]]]}},{"type":"Feature","properties":{"pid":"0694274a-9eef-4977-8c72-0e71f75c9225","full":16.6},"geometry":{"type":"Polygon","coordinates":[[[136.21804,35.89969],[136.21805,35.89943],[136.21694,35.89941],[136.21693,35.89967],[136.21804,35.89969]]]}},{"type":"Feature","properties":{"pid":"b4ddb782-aba3-42b6-aafe-9fc74de27af7","full":0.9},"geometry":{"type":"Polygon","coordinates":[[[136.2186,35.90052],[136.21808,35.90051],[136.21808,35.9007],[136.21856,35.90055],[136.2186,35.90052]]]}},{"type":"Feature","properties":{"pid":"a95196dc-f5c8-4d00-b665-32f2ba2cb23c","full":17.3},"geometry":{"type":"Polygon","coordinates":[[[136.21691,35.90021],[136.21691,35.90048],[136.21802,35.9005],[136.21802,35.90024],[136.21691,35.90021]]]}},{"type":"Feature","properties":{"pid":"54046f40-c508-4a83-b256-2a00383ab2b6","full":17.0},"geometry":{"type":"Polygon","coordinates":[[[136.21802,35.90077],[136.21802,35.90051],[136.21691,35.90049],[136.21691,35.90073],[136.21694,35.90073],[136.21694,35.90075],[136.21802,35.90077]]]}},{"type":"Feature","properties":{"pid":"656fc25e-bfdd-42a5-b742-48c16d077606","full":8.1},"geometry":{"type":"Polygon","coordinates":[[[136.21801,35.90087],[136.2169,35.90085],[136.2169,35.90103],[136.21788,35.90104],[136.21801,35.90095],[136.21801,35.90087]]]}},{"type":"Feature","properties":{"pid":"ccd239ed-4824-4a44-9d07-d198deaa1466","full":12.1},"geometry":{"type":"Polygon","coordinates":[[[136.21919,35.90086],[136.21847,35.90085],[136.21811,35.9011],[136.21914,35.90111],[136.21914,35.90109],[136.21917,35.90109],[136.21919,35.90086]]]}},{"type":"Feature","properties":{"pid":"07aded8d-50e2-485f-a6db-019a3d279a2f","full":12.0},"geometry":{"type":"Polygon","coordinates":[[[136.21919,35.90085],[136.2192,35.9003],[136.21845,35.9008],[136.21848,35.90084],[136.21919,35.90085]]]}},{"type":"Feature","properties":{"pid":"e98980a1-116e-4a1a-b5e7-df10799d3022","full":9.4},"geometry":{"type":"Polygon","coordinates":[[[136.21898,35.90026],[136.21809,35.90024],[136.21808,35.9005],[136.21861,35.90051],[136.21898,35.90026]]]}},{"type":"Feature","properties":{"pid":"73d67bd1-cd4f-4e5e-a9a8-017bc42b57c3","full":16.7},"geometry":{"type":"Polygon","coordinates":[[[136.21809,35.89997],[136.21808,35.90023],[136.21899,35.90025],[136.2192,35.90011],[136.21921,35.89999],[136.21809,35.89997]]]}},{"type":"Feature","properties":{"pid":"6199527c-3ba6-437c-a323-983170802fcd","full":16.9},"geometry":{"type":"Polygon","coordinates":[[[136.2181,35.8997],[136.2181,35.89996],[136.21921,35.89998],[136.21922,35.89972],[136.2181,35.8997]]]}},{"type":"Feature","properties":{"pid":"6c40c808-a2fa-452f-8c93-9a0f7c1b8077","full":17.2},"geometry":{"type":"Polygon","coordinates":[[[136.21811,35.89943],[136.2181,35.89968],[136.21918,35.89971],[136.21922,35.89969],[136.21922,35.89944],[136.21811,35.89943]]]}},{"type":"Feature","properties":{"pid":"328bab8c-03de-452a-a778-9fec38c84b63","full":10.4},"geometry":{"type":"Polygon","coordinates":[[[136.21928,35.90031],[136.22037,35.90033],[136.22039,35.90011],[136.21958,35.9001],[136.21928,35.90029],[136.21928,35.90031]]]}},{"type":"Feature","properties":{"pid":"820a2eae-5016-442b-86cd-a7402f7f8344","full":19.0},"geometry":{"type":"Polygon","coordinates":[[[136.2193,35.89946],[136.21928,35.90012],[136.22025,35.89947],[136.2193,35.89946]]]}},{"type":"Feature","properties":{"pid":"077dbb6f-d677-4d86-96b3-0aedcc3e94d7","full":8.6},"geometry":{"type":"Polygon","coordinates":[[[136.22041,35.89929],[136.21931,35.89927],[136.2193,35.89945],[136.22026,35.89946],[136.22041,35.89936],[136.22041,35.89929]]]}},{"type":"Feature","properties":{"pid":"f7f60142-dee0-449e-8190-8397de96b5b9","full":13.7},"geometry":{"type":"Polygon","coordinates":[[[136.21961,35.90008],[136.22038,35.90008],[136.22042,35.8995],[136.2198,35.89989],[136.21984,35.89993],[136.21961,35.90008]]]}},{"type":"Feature","properties":{"pid":"d6c16663-728c-466a-8f33-0d68df58a223","full":6.2},"geometry":{"type":"Polygon","coordinates":[[[136.2205,35.89947],[136.22049,35.89954],[136.22134,35.89955],[136.22132,35.89927],[136.2205,35.89947]]]}},{"type":"Feature","properties":{"pid":"ccea21f9-57db-49f3-b96b-3961d8e8294c","full":14.5},"geometry":{"type":"Polygon","coordinates":[[[136.22047,35.89983],[136.22135,35.89984],[136.22134,35.89956],[136.22049,35.89955],[136.22047,35.89983]]]}},{"type":"Feature","properties":{"pid":"656abb00-1e98-41bd-82c7-5242f7f056e6","full":15.6},"geometry":{"type":"Polygon","coordinates":[[[136.21927,35.90057],[136.22037,35.90059],[136.22038,35.90034],[136.21928,35.90033],[136.21927,35.90057]]]}},{"type":"Feature","properties":{"pid":"d85ba127-000f-406d-9f4d-a16ddf5a130f","full":17.5},"geometry":{"type":"Polygon","coordinates":[[[136.22037,35.90087],[136.22037,35.9006],[136.21927,35.90058],[136.21926,35.90085],[136.22037,35.90087]]]}},{"type":"Feature","properties":{"pid":"9e29049a-545c-4f2a-bc03-b86a842af02f","full":16.4},"geometry":{"type":"Polygon","coordinates":[[[136.21925,35.90112],[136.22036,35.90113],[136.22036,35.90088],[136.21926,35.90086],[136.21925,35.90112]]]}},{"type":"Feature","properties":{"pid":"89f1d7ab-941e-43b8-ad03-90045fd59a29","full":15.2},"geometry":{"type":"Polygon","coordinates":[[[136.22033,35.90195],[136.22034,35.9017],[136.21924,35.90169],[136.21923,35.90192],[136.22033,35.90195]]]}},{"type":"Feature","properties":{"pid":"0d7abfef-fdcd-4088-a66d-e3b153687566","full":15.3},"geometry":{"type":"Polygon","coordinates":[[[136.21924,35.90165],[136.22034,35.90167],[136.22035,35.90142],[136.21925,35.90141],[136.21924,35.90165]]]}},{"type":"Feature","properties":{"pid":"f681a014-9316-4d1b-9d94-b9318585ffbc","full":17.5},"geometry":{"type":"Polygon","coordinates":[[[136.22035,35.90141],[136.22036,35.90115],[136.21925,35.90113],[136.21924,35.9014],[136.22035,35.90141]]]}},{"type":"Feature","properties":{"pid":"b6f60b95-9c0e-4d8a-bc9a-22c8952b642a","full":16.0},"geometry":{"type":"Polygon","coordinates":[[[136.21806,35.90136],[136.21916,35.90139],[136.21917,35.90113],[136.21807,35.90111],[136.21806,35.90136]]]}},{"type":"Feature","properties":{"pid":"947c330c-b40f-4bfa-81bf-fe40b6a1c03a","full":16.8},"geometry":{"type":"Polygon","coordinates":[[[136.21912,35.90165],[136.21916,35.90164],[136.21917,35.9014],[136.21806,35.90138],[136.21805,35.90164],[136.21912,35.90165]]]}},{"type":"Feature","properties":{"pid":"0688ffe2-1c69-45c1-974b-4e40bd483335","full":16.7},"geometry":{"type":"Polygon","coordinates":[[[136.21804,35.90191],[136.21911,35.90193],[136.21915,35.90189],[136.21916,35.90167],[136.21805,35.90165],[136.21804,35.90191]]]}},{"type":"Feature","properties":{"pid":"477fe418-f213-4b35-9b5c-03d54e583de0","full":4.3},"geometry":{"type":"Polygon","coordinates":[[[136.21993,35.90233],[136.21922,35.90232],[136.21921,35.90245],[136.21922,35.90248],[136.21992,35.9025],[136.21993,35.90233]]]}},{"type":"Feature","properties":{"pid":"ea1bfc44-8182-42d0-bfc1-c6d7be5ff293","full":16.9},"geometry":{"type":"Polygon","coordinates":[[[136.21915,35.90194],[136.21804,35.90192],[136.21804,35.90218],[136.21911,35.90219],[136.21912,35.90218],[136.21914,35.90218],[136.21915,35.90194]]]}},{"type":"Feature","properties":{"pid":"c59f8844-5df0-49fa-a322-2aa776147a60","full":17.2},"geometry":{"type":"Polygon","coordinates":[[[136.2191,35.90221],[136.21804,35.90219],[136.21803,35.90246],[136.21912,35.90248],[136.21913,35.90246],[136.21914,35.90224],[136.2191,35.90223],[136.2191,35.90221]]]}},{"type":"Feature","properties":{"pid":"261ce7fe-2907-4b71-97fa-572c5f6ae421","full":5.3},"geometry":{"type":"Polygon","coordinates":[[[136.21913,35.90266],[136.21802,35.90264],[136.21801,35.90278],[136.21913,35.9028],[136.21913,35.90266]]]}},{"type":"Feature","properties":{"pid":"6608d449-66d1-4266-b544-cee38c8616bc","full":27.5},"geometry":{"type":"Polygon","coordinates":[[[136.2192,35.90303],[136.22031,35.90306],[136.22032,35.90268],[136.21921,35.90267],[136.2192,35.90303]]]}},{"type":"Feature","properties":{"pid":"99bc7d6b-a555-4686-bbfa-c14fc2c018d1","full":2.0},"geometry":{"type":"Polygon","coordinates":[[[136.22033,35.90234],[136.22033,35.90222],[136.21922,35.90221],[136.21922,35.90232],[136.22033,35.90234]]]}},{"type":"Feature","properties":{"pid":"c8e729b3-5a95-40e7-93cc-3c0c81fa9a9c","full":15.9},"geometry":{"type":"Polygon","coordinates":[[[136.21922,35.9022],[136.22033,35.90221],[136.22034,35.90197],[136.21923,35.90195],[136.21922,35.9022]]]}},{"type":"Feature","properties":{"pid":"ea86009c-b7b6-409f-8e81-f2fb924ab002","full":2.0},"geometry":{"type":"Polygon","coordinates":[[[136.22033,35.90234],[136.21994,35.90233],[136.21994,35.9025],[136.22032,35.90251],[136.22033,35.90234]]]}},{"type":"Feature","properties":{"pid":"585d3e6e-0e78-462d-9e7f-69e95ad6283d","full":9.0},"geometry":{"type":"Polygon","coordinates":[[[136.2204,35.90223],[136.22039,35.9025],[136.22099,35.90252],[136.22099,35.90224],[136.2204,35.90223]]]}},{"type":"Feature","properties":{"pid":"297e9b0a-2511-4525-8a80-925b79b22489","full":16.4},"geometry":{"type":"Polygon","coordinates":[[[136.21919,35.9033],[136.22029,35.90332],[136.2203,35.90306],[136.21919,35.90304],[136.21919,35.9033]]]}},{"type":"Feature","properties":{"pid":"69cec4dc-fc83-4634-9df8-cbed400fc06e","full":16.3},"geometry":{"type":"Polygon","coordinates":[[[136.21918,35.90357],[136.22029,35.90359],[136.2203,35.90333],[136.21919,35.90331],[136.21918,35.90357]]]}},{"type":"Feature","properties":{"pid":"71760e6f-5589-450d-88c6-053fa2093882","full":16.7},"geometry":{"type":"Polygon","coordinates":[[[136.22028,35.90386],[136.22029,35.9036],[136.21919,35.90358],[136.21918,35.90384],[136.22028,35.90386]]]}},{"type":"Feature","properties":{"pid":"20020d59-2e2f-4022-82f0-28f87fc7a9e0","full":17.1},"geometry":{"type":"Polygon","coordinates":[[[136.22147,35.90335],[136.22037,35.90333],[136.22037,35.9036],[136.22147,35.90361],[136.22147,35.90335]]]}},{"type":"Feature","properties":{"pid":"4142781d-7bf4-4a33-9161-78ba19ede888","full":16.7},"geometry":{"type":"Polygon","coordinates":[[[136.22147,35.90362],[136.22037,35.90361],[136.22036,35.90387],[136.22146,35.90388],[136.22147,35.90362]]]}},{"type":"Feature","properties":{"pid":"31641d73-7876-4358-a3cd-cd99a239213b","full":16.2},"geometry":{"type":"Polygon","coordinates":[[[136.22146,35.90389],[136.22036,35.90388],[136.22035,35.90413],[136.22145,35.90415],[136.22146,35.90389]]]}},{"type":"Feature","properties":{"pid":"79c04577-410c-45bb-800b-70bc42605b6e","full":17.2},"geometry":{"type":"Polygon","coordinates":[[[136.22145,35.90416],[136.22035,35.90414],[136.22034,35.90441],[136.22144,35.90443],[136.22145,35.90416]]]}},{"type":"Feature","properties":{"pid":"d0ff3ec7-f3d6-4de0-931a-dd572cad9d43","full":17.1},"geometry":{"type":"Polygon","coordinates":[[[136.22034,35.90441],[136.22033,35.90468],[136.22144,35.90469],[136.22144,35.90443],[136.22034,35.90441]]]}},{"type":"Feature","properties":{"pid":"fc660be0-7a6b-4034-9f3a-55afc073c1c9","full":16.4},"geometry":{"type":"Polygon","coordinates":[[[136.22026,35.90467],[136.22026,35.90441],[136.21917,35.90439],[136.21916,35.90465],[136.22026,35.90467]]]}},{"type":"Feature","properties":{"pid":"df5271d2-d8bb-4675-bddf-d3f277aac79c","full":16.4},"geometry":{"type":"Polygon","coordinates":[[[136.22026,35.9044],[136.22027,35.90414],[136.21918,35.90412],[136.21917,35.90438],[136.22026,35.9044]]]}},{"type":"Feature","properties":{"pid":"f2c60898-c10f-43ed-a9a0-5f4f68f1a2f2","full":16.7},"geometry":{"type":"Polygon","coordinates":[[[136.22027,35.90413],[136.22028,35.90387],[136.21918,35.90385],[136.21918,35.90411],[136.22027,35.90413]]]}},{"type":"Feature","properties":{"pid":"6ade2be0-217a-4abf-8bda-eedaf30c1b8d","full":16.5},"geometry":{"type":"Polygon","coordinates":[[[136.21798,35.90437],[136.21798,35.90463],[136.21907,35.90465],[136.21908,35.90439],[136.21798,35.90437]]]}},{"type":"Feature","properties":{"pid":"dbc263ae-3054-489f-aca3-4ce2df902b61","full":3.1},"geometry":{"type":"Polygon","coordinates":[[[136.21905,35.9041],[136.21906,35.90409],[136.21909,35.90409],[136.21909,35.90398],[136.21799,35.90396],[136.21799,35.90408],[136.21905,35.9041]]]}},{"type":"Feature","properties":{"pid":"12ed3d8d-ddd4-452f-b822-a2dcfe23440a","full":16.7},"geometry":{"type":"Polygon","coordinates":[[[136.21799,35.90409],[136.21798,35.90435],[136.21908,35.90438],[136.21908,35.90412],[136.21799,35.90409]]]}},{"type":"Feature","properties":{"pid":"784cbcc0-01dd-4ce0-8f9b-91361f05b070","full":3.1},"geometry":{"type":"Polygon","coordinates":[[[136.21909,35.90385],[136.21799,35.90383],[136.21799,35.90395],[136.21909,35.90397],[136.21909,35.90385]]]}},{"type":"Feature","properties":{"pid":"1cbaf00a-8832-4d64-8092-3beb43a49567","full":16.3},"geometry":{"type":"Polygon","coordinates":[[[136.2191,35.90358],[136.21801,35.90356],[136.218,35.90382],[136.2191,35.90384],[136.2191,35.90358]]]}},{"type":"Feature","properties":{"pid":"53007902-68fb-4a26-9916-4bc293e9d156","full":17.5},"geometry":{"type":"Polygon","coordinates":[[[136.21911,35.9033],[136.21801,35.90329],[136.218,35.90355],[136.21907,35.90357],[136.21907,35.90356],[136.2191,35.90355],[136.21911,35.9033]]]}},{"type":"Feature","properties":{"pid":"3ed99590-334a-4448-b01a-7fc562b32e43","full":16.4},"geometry":{"type":"Polygon","coordinates":[[[136.21912,35.90304],[136.21801,35.90302],[136.21801,35.90328],[136.21909,35.90329],[136.2191,35.90328],[136.21911,35.90328],[136.21912,35.90304]]]}},{"type":"Feature","properties":{"pid":"3752063e-2209-4a78-b83b-7a08727273db","full":3.1},"geometry":{"type":"Polygon","coordinates":[[[136.21912,35.9029],[136.21802,35.90289],[136.21802,35.90301],[136.2191,35.90302],[136.21911,35.90301],[136.21912,35.90301],[136.21912,35.9029]]]}},{"type":"Feature","properties":{"pid":"1a0ad7e0-81e1-4898-a7b0-e6aa6a8037aa","full":7.7},"geometry":{"type":"Polygon","coordinates":[[[136.21683,35.9038],[136.21793,35.90382],[136.21794,35.90366],[136.21683,35.90363],[136.21683,35.9038]]]}},{"type":"Feature","properties":{"pid":"89beef18-9786-4b79-913a-7b9a75e6df01","full":16.9},"geometry":{"type":"Polygon","coordinates":[[[136.21794,35.90355],[136.21794,35.90329],[136.21683,35.90327],[136.21682,35.90353],[136.21794,35.90355]]]}},{"type":"Feature","properties":{"pid":"7a1ba5a5-cae5-49fb-be80-652f7212fda5","full":17.1},"geometry":{"type":"Polygon","coordinates":[[[136.21794,35.90328],[136.21795,35.90302],[136.21684,35.903],[136.21683,35.90326],[136.21794,35.90328]]]}},{"type":"Feature","properties":{"pid":"6c48cfac-42c4-447a-ad09-906adc1945a8","full":7.6},"geometry":{"type":"Polygon","coordinates":[[[136.21684,35.90282],[136.21685,35.90297],[136.21686,35.90298],[136.21686,35.90299],[136.21795,35.90301],[136.21796,35.90284],[136.21684,35.90282]]]}},{"type":"Feature","properties":{"pid":"0f3a736a-c087-4b84-bbf8-e0b72feb09d9","full":16.4},"geometry":{"type":"Polygon","coordinates":[[[136.21565,35.90324],[136.21675,35.90326],[136.21676,35.903],[136.21566,35.90298],[136.21565,35.90324]]]}},{"type":"Feature","properties":{"pid":"797aaba8-b460-425d-a727-ee682a3b196d","full":16.5},"geometry":{"type":"Polygon","coordinates":[[[136.21564,35.90351],[136.21674,35.90352],[136.21675,35.90327],[136.21565,35.90325],[136.21564,35.90351]]]}},{"type":"Feature","properties":{"pid":"9f4dc1af-3c21-459d-82eb-2af1f103f746","full":17.0},"geometry":{"type":"Polygon","coordinates":[[[136.21674,35.9038],[136.21674,35.90353],[136.21564,35.90352],[136.21564,35.90378],[136.21674,35.9038]]]}},{"type":"Feature","properties":{"pid":"d062d981-3c18-4c24-9630-da8aee0dceaf","full":12.4},"geometry":{"type":"Polygon","coordinates":[[[136.21564,35.90379],[136.21563,35.904],[136.21669,35.90402],[136.21673,35.904],[136.21674,35.90381],[136.21564,35.90379]]]}},{"type":"Feature","properties":{"pid":"2de43e29-dae9-4941-a7cb-4ba71158ef63","full":16.3},"geometry":{"type":"Polygon","coordinates":[[[136.21562,35.90431],[136.21672,35.90433],[136.21673,35.90408],[136.21563,35.90406],[136.21562,35.90431]]]}},{"type":"Feature","properties":{"pid":"49e9ba34-c60e-42f8-94f9-e517578dacad","full":16.8},"geometry":{"type":"Polygon","coordinates":[[[136.21672,35.9046],[136.21673,35.90434],[136.21562,35.90433],[136.21561,35.90459],[136.21672,35.9046]]]}},{"type":"Feature","properties":{"pid":"6266d01e-3e95-4b48-975f-880ff967240f","full":16.3},"geometry":{"type":"Polygon","coordinates":[[[136.21791,35.90462],[136.21792,35.90437],[136.21681,35.90435],[136.21679,35.90461],[136.21791,35.90462]]]}},{"type":"Feature","properties":{"pid":"895bd766-97f8-4203-8980-aea621826ca6","full":17.0},"geometry":{"type":"Polygon","coordinates":[[[136.21681,35.90435],[136.21792,35.90436],[136.21792,35.9041],[136.21681,35.90409],[136.21681,35.90435]]]}},{"type":"Feature","properties":{"pid":"a3fce87e-157a-4c11-b46a-db2d35993b9c","full":17.1},"geometry":{"type":"Polygon","coordinates":[[[136.21793,35.90383],[136.21683,35.90381],[136.21681,35.90405],[136.21683,35.90405],[136.21683,35.90407],[136.21793,35.90409],[136.21793,35.90383]]]}},{"type":"Feature","properties":{"pid":"257c5386-ebd2-4ba7-a100-3b30e3a689fb","full":14.5},"geometry":{"type":"Polygon","coordinates":[[[136.21789,35.90519],[136.21679,35.90518],[136.21679,35.90542],[136.21788,35.90543],[136.21789,35.90519]]]}},{"type":"Feature","properties":{"pid":"c77820e5-b9ad-43d0-bc25-33cca8db51f4","full":16.9},"geometry":{"type":"Polygon","coordinates":[[[136.21678,35.90516],[136.21789,35.90518],[136.2179,35.90491],[136.21679,35.9049],[136.21678,35.90516]]]}},{"type":"Feature","properties":{"pid":"c0a85bac-3972-4b59-a7d7-e52ef7b65741","full":13.3},"geometry":{"type":"Polygon","coordinates":[[[136.21682,35.90489],[136.21789,35.9049],[136.2179,35.90468],[136.2168,35.90466],[136.21679,35.90487],[136.21682,35.90487],[136.21682,35.90489]]]}},{"type":"Feature","properties":{"pid":"bfb33a51-d1db-4609-8581-15eb9863ccd5","full":17.0},"geometry":{"type":"Polygon","coordinates":[[[136.21672,35.90488],[136.21672,35.90462],[136.21561,35.9046],[136.2156,35.90485],[136.21672,35.90488]]]}},{"type":"Feature","properties":{"pid":"f90c4d77-6435-46a2-a148-05083352146b","full":17.9},"geometry":{"type":"Polygon","coordinates":[[[136.2156,35.90514],[136.21671,35.90515],[136.21671,35.90489],[136.2156,35.90487],[136.2156,35.90514]]]}},{"type":"Feature","properties":{"pid":"2554316a-cdf5-47ec-9638-338abeab201c","full":16.3},"geometry":{"type":"Polygon","coordinates":[[[136.2167,35.90542],[136.21671,35.90516],[136.2156,35.90515],[136.21559,35.9054],[136.2167,35.90542]]]}},{"type":"Feature","properties":{"pid":"7ad39a65-0676-4990-ad0d-d12e76a31352","full":31.3},"geometry":{"type":"Polygon","coordinates":[[[136.21668,35.90583],[136.21669,35.90581],[136.2167,35.90543],[136.21559,35.90541],[136.21558,35.90581],[136.21668,35.90583]]]}},{"type":"Feature","properties":{"pid":"453db096-1b12-4e99-90ec-40f74e68e7fa","full":25.4},"geometry":{"type":"Polygon","coordinates":[[[136.21668,35.90623],[136.21668,35.90591],[136.21666,35.90588],[136.2156,35.90587],[136.21557,35.9059],[136.21557,35.90621],[136.21668,35.90623]]]}},{"type":"Feature","properties":{"pid":"a19de4f7-da3f-49b8-bf59-2822bb94314d","full":23.1},"geometry":{"type":"Polygon","coordinates":[[[136.21556,35.90654],[136.21666,35.90656],[136.21667,35.90624],[136.21557,35.90622],[136.21556,35.90654]]]}},{"type":"Feature","properties":{"pid":"290b0214-8efd-4909-a06f-7e78a5b13231","full":16.6},"geometry":{"type":"Polygon","coordinates":[[[136.21785,35.90631],[136.21675,35.9063],[136.21675,35.90655],[136.21785,35.90657],[136.21785,35.90631]]]}},{"type":"Feature","properties":{"pid":"96e05624-0b3d-440d-abba-ecb2c99ea0ef","full":18.0},"geometry":{"type":"Polygon","coordinates":[[[136.21785,35.90603],[136.21677,35.90601],[136.21676,35.90626],[136.21679,35.90627],[136.21679,35.90628],[136.21785,35.9063],[136.21785,35.90603]]]}},{"type":"Feature","properties":{"pid":"43143383-9e2e-4eb2-8619-233dde9bb179","full":14.8},"geometry":{"type":"Polygon","coordinates":[[[136.21678,35.90575],[136.21677,35.90599],[136.21786,35.90601],[136.21787,35.90577],[136.21678,35.90575]]]}},{"type":"Feature","properties":{"pid":"83fb6a01-69bc-4abb-b12f-3d5b6a61346f","full":16.7},"geometry":{"type":"Polygon","coordinates":[[[136.21787,35.9055],[136.21678,35.90549],[136.21678,35.90575],[136.21787,35.90576],[136.21787,35.9055]]]}},{"type":"Feature","properties":{"pid":"ae6989db-94c2-405c-9984-b0f636f6278e","full":16.2},"geometry":{"type":"Polygon","coordinates":[[[136.21794,35.9063],[136.21899,35.90631],[136.21903,35.90627],[136.21902,35.90606],[136.21794,35.90604],[136.21794,35.9063]]]}},{"type":"Feature","properties":{"pid":"dc329f10-6a63-48d1-a039-b2765d338962","full":15.6},"geometry":{"type":"Polygon","coordinates":[[[136.21902,35.90605],[136.21903,35.9058],[136.21795,35.90578],[136.21794,35.90603],[136.21902,35.90605]]]}},{"type":"Feature","properties":{"pid":"99abda85-c9f5-4644-a5e9-60ce45ed0c7f","full":16.6},"geometry":{"type":"Polygon","coordinates":[[[136.21795,35.90577],[136.21904,35.90578],[136.21905,35.90552],[136.21796,35.9055],[136.21795,35.90577]]]}},{"type":"Feature","properties":{"pid":"b262ca33-35e1-44cb-94e4-d0cecd6da67e","full":16.8},"geometry":{"type":"Polygon","coordinates":[[[136.21905,35.9052],[136.21796,35.90518],[136.21795,35.90545],[136.21903,35.90546],[136.21904,35.90543],[136.21905,35.9052]]]}},{"type":"Feature","properties":{"pid":"f8d2b2ca-3eae-4917-8be9-34893be998fe","full":15.7},"geometry":{"type":"Polygon","coordinates":[[[136.21906,35.90493],[136.21796,35.90492],[136.21796,35.90517],[136.21905,35.90518],[136.21906,35.90493]]]}},{"type":"Feature","properties":{"pid":"918bfdbc-b243-46d4-a758-09da6d41250f","full":16.5},"geometry":{"type":"Polygon","coordinates":[[[136.21907,35.90466],[136.21797,35.90464],[136.21797,35.9049],[136.21906,35.90492],[136.21907,35.90466]]]}},{"type":"Feature","properties":{"pid":"17fb483c-6a26-40ca-a18a-4bc79f33febc","full":17.1},"geometry":{"type":"Polygon","coordinates":[[[136.22024,35.90522],[136.21914,35.9052],[136.21914,35.90547],[136.22024,35.90548],[136.22024,35.90522]]]}},{"type":"Feature","properties":{"pid":"5ca94f49-153b-4e71-8491-62fcdfe4a749","full":16.9},"geometry":{"type":"Polygon","coordinates":[[[136.22024,35.90521],[136.22025,35.90495],[136.21914,35.90493],[136.21914,35.90519],[136.22024,35.90521]]]}},{"type":"Feature","properties":{"pid":"24835f89-d95d-4031-bfcc-1b85284324a5","full":16.8},"geometry":{"type":"Polygon","coordinates":[[[136.21915,35.90492],[136.22026,35.90494],[136.22026,35.90468],[136.21915,35.90466],[136.21915,35.90492]]]}},{"type":"Feature","properties":{"pid":"3d961c49-c54b-4958-9278-2a8834d38156","full":16.5},"geometry":{"type":"Polygon","coordinates":[[[136.22033,35.90469],[136.22032,35.90495],[136.22142,35.90497],[136.22143,35.90471],[136.22033,35.90469]]]}},{"type":"Feature","properties":{"pid":"e472986f-0474-4705-9966-911d6fc65912","full":16.4},"geometry":{"type":"Polygon","coordinates":[[[136.22142,35.90523],[136.22143,35.90498],[136.22032,35.90496],[136.22032,35.90521],[136.22142,35.90523]]]}},{"type":"Feature","properties":{"pid":"8ba992d9-8b8a-4d73-80d8-ee405cd47613","full":17.5},"geometry":{"type":"Polygon","coordinates":[[[136.22032,35.90522],[136.22031,35.90547],[136.22033,35.90549],[136.22139,35.90551],[136.22142,35.90548],[136.22142,35.90524],[136.22032,35.90522]]]}},{"type":"Feature","properties":{"pid":"d813295d-7585-4d9f-91bc-dec4c1812ffd","full":16.1},"geometry":{"type":"Polygon","coordinates":[[[136.22141,35.90583],[136.22033,35.90582],[136.22031,35.90607],[136.2214,35.90609],[136.22141,35.90583]]]}},{"type":"Feature","properties":{"pid":"615a21f9-96fb-4a4e-9113-81335270e280","full":10.6},"geometry":{"type":"Polygon","coordinates":[[[136.22024,35.90555],[136.21913,35.90553],[136.21913,35.90572],[136.22024,35.90575],[136.22024,35.90555]]]}},{"type":"Feature","properties":{"pid":"8c619a80-ddba-412c-8606-907f1d4a622b","full":4.3},"geometry":{"type":"Polygon","coordinates":[[[136.22024,35.90576],[136.21913,35.90573],[136.21913,35.90587],[136.22024,35.90589],[136.22024,35.90576]]]}},{"type":"Feature","properties":{"pid":"c0462a8d-4f7d-459d-ae02-b4cea8a5ed5e","full":8.6},"geometry":{"type":"Polygon","coordinates":[[[136.22023,35.9059],[136.21913,35.90588],[136.21912,35.90605],[136.22023,35.90607],[136.22023,35.9059]]]}},{"type":"Feature","properties":{"pid":"cc05514f-6059-4ec9-b302-ecb0a95a2927","full":16.7},"geometry":{"type":"Polygon","coordinates":[[[136.22023,35.90609],[136.21912,35.90606],[136.21912,35.90632],[136.22022,35.90634],[136.22023,35.90609]]]}},{"type":"Feature","properties":{"pid":"0082e2fc-d591-43a3-be0c-44fb434439d3","full":17.1},"geometry":{"type":"Polygon","coordinates":[[[136.2203,35.90635],[136.22139,35.90636],[136.2214,35.9061],[136.2203,35.90608],[136.2203,35.90635]]]}},{"type":"Feature","properties":{"pid":"d964cbaa-7ddb-430a-8649-7df95de9e7ef","full":17.2},"geometry":{"type":"Polygon","coordinates":[[[136.22264,35.90559],[136.22155,35.90556],[136.22152,35.90559],[136.22152,35.90583],[136.22262,35.90584],[136.22264,35.90559]]]}},{"type":"Feature","properties":{"pid":"72bfb2f9-19ba-4719-a963-64bf7f0a4b35","full":16.0},"geometry":{"type":"Polygon","coordinates":[[[136.22262,35.90585],[136.22152,35.90584],[136.22152,35.90609],[136.22262,35.9061],[136.22262,35.90585]]]}},{"type":"Feature","properties":{"pid":"7385494e-ce60-47dc-aecc-395d418fb892","full":16.5},"geometry":{"type":"Polygon","coordinates":[[[136.22262,35.90612],[136.22152,35.9061],[136.22151,35.90636],[136.22261,35.90638],[136.22262,35.90612]]]}},{"type":"Feature","properties":{"pid":"8f3eeb88-5598-4efc-b2c9-d9295d56cf57","full":21.9},"geometry":{"type":"Polygon","coordinates":[[[136.2227,35.90639],[136.22409,35.90641],[136.2241,35.90615],[136.22271,35.90613],[136.2227,35.90639]]]}},{"type":"Feature","properties":{"pid":"08fda893-08a1-4eb4-a243-b58726128f84","full":22.2},"geometry":{"type":"Polygon","coordinates":[[[136.22271,35.90612],[136.2241,35.90614],[136.2241,35.90588],[136.22272,35.90585],[136.22271,35.90612]]]}},{"type":"Feature","properties":{"pid":"1795b781-49ce-408f-af63-f80022a6e38e","full":21.6},"geometry":{"type":"Polygon","coordinates":[[[136.22272,35.90584],[136.22411,35.90587],[136.22412,35.90561],[136.22273,35.90559],[136.22272,35.90584]]]}},{"type":"Feature","properties":{"pid":"5268c86d-9fcc-4498-8a0e-467dbc261285","full":22.7},"geometry":{"type":"Polygon","coordinates":[[[136.22413,35.90529],[136.22274,35.90527],[136.22273,35.90551],[136.22275,35.90553],[136.22413,35.90556],[136.22413,35.90529]]]}},{"type":"Feature","properties":{"pid":"e4d559c1-84a8-4a73-9e8c-ce156b984a7c","full":21.8},"geometry":{"type":"Polygon","coordinates":[[[136.22274,35.90526],[136.22413,35.90528],[136.22413,35.90502],[136.22275,35.905],[136.22274,35.90526]]]}},{"type":"Feature","properties":{"pid":"575e864f-038b-4840-a869-888921605356","full":0.7},"geometry":{"type":"Polygon","coordinates":[[[136.22413,35.90491],[136.22276,35.90489],[136.22275,35.90499],[136.22413,35.90501],[136.22413,35.90491]]]}},{"type":"Feature","properties":{"pid":"d4e56e8b-fbc6-4316-84df-8c77abb0c37a","full":8.0},"geometry":{"type":"Polygon","coordinates":[[[136.22413,35.90475],[136.22276,35.90473],[136.22275,35.90488],[136.22413,35.90491],[136.22413,35.90475]]]}},{"type":"Feature","properties":{"pid":"e0a4f242-e981-4922-8912-e0b8834f1034","full":17.2},"geometry":{"type":"Polygon","coordinates":[[[136.22264,35.90499],[136.22264,35.90473],[136.22155,35.9047],[136.22154,35.90497],[136.22264,35.90499]]]}},{"type":"Feature","properties":{"pid":"a3cdc980-b91b-4cd7-b455-89c8b89c2d6d","full":16.0},"geometry":{"type":"Polygon","coordinates":[[[136.22154,35.90523],[136.22263,35.90525],[136.22264,35.905],[136.22154,35.90498],[136.22154,35.90523]]]}},{"type":"Feature","properties":{"pid":"85463f3c-ddab-4cde-904c-674829a2a1f4","full":16.7},"geometry":{"type":"Polygon","coordinates":[[[136.22263,35.90553],[136.22263,35.90527],[136.22154,35.90525],[136.22153,35.90549],[136.22155,35.90551],[136.22263,35.90553]]]}},{"type":"Feature","properties":{"pid":"d4a495ca-1f1c-4359-8bf1-6dcd31da9b30","full":16.1},"geometry":{"type":"Polygon","coordinates":[[[136.22264,35.90471],[136.22265,35.90446],[136.22156,35.90443],[136.22155,35.90467],[136.22158,35.90469],[136.22264,35.90471]]]}},{"type":"Feature","properties":{"pid":"6348f530-cecc-4cbb-9ac9-8bb12bdd6d0b","full":17.1},"geometry":{"type":"Polygon","coordinates":[[[136.22156,35.90443],[136.22265,35.90445],[136.22266,35.90419],[136.22156,35.90416],[136.22156,35.90443]]]}},{"type":"Feature","properties":{"pid":"502ff124-69c8-45b6-8f7e-60cff462a015","full":17.7},"geometry":{"type":"Polygon","coordinates":[[[136.22266,35.90418],[136.22266,35.90391],[136.22157,35.90389],[136.22156,35.90416],[136.22266,35.90418]]]}},{"type":"Feature","properties":{"pid":"33c36d45-2e31-4990-8da6-98cb95953d18","full":17.0},"geometry":{"type":"Polygon","coordinates":[[[136.22148,35.90308],[136.22037,35.90306],[136.22037,35.90332],[136.22147,35.90334],[136.22148,35.90308]]]}},{"type":"Feature","properties":{"pid":"5dede5c4-ca6d-42e0-bcf2-584b9506cfdd","full":1.7},"geometry":{"type":"Polygon","coordinates":[[[136.22149,35.90296],[136.22037,35.90294],[136.22037,35.90305],[136.22149,35.90307],[136.22149,35.90296]]]}},{"type":"Feature","properties":{"pid":"48fda46a-5e58-4ace-b79a-d23c40fa3576","full":17.2},"geometry":{"type":"Polygon","coordinates":[[[136.22159,35.90335],[136.22269,35.90337],[136.22269,35.90311],[136.22159,35.90308],[136.22159,35.90335]]]}},{"type":"Feature","properties":{"pid":"e2b7dd0d-cf4a-4aca-a4ab-8c6fc87a27a8","full":16.7},"geometry":{"type":"Polygon","coordinates":[[[136.22268,35.90364],[136.22269,35.90338],[136.22159,35.90336],[136.22158,35.90361],[136.22268,35.90364]]]}},{"type":"Feature","properties":{"pid":"fc4704c2-e849-4a6d-8826-2dbac5ac3ecb","full":16.1},"geometry":{"type":"Polygon","coordinates":[[[136.22157,35.90388],[136.22267,35.9039],[136.22268,35.90365],[136.22158,35.90363],[136.22157,35.90388]]]}},{"type":"Feature","properties":{"pid":"6b830c71-d742-4bbc-bba6-34335042dacd","full":21.2},"geometry":{"type":"Polygon","coordinates":[[[136.22417,35.90368],[136.22279,35.90365],[136.22278,35.90391],[136.22416,35.90393],[136.22417,35.90368]]]}},{"type":"Feature","properties":{"pid":"066450f6-2686-48d9-a4e0-043578617113","full":21.5},"geometry":{"type":"Polygon","coordinates":[[[136.22416,35.90394],[136.22278,35.90392],[136.22278,35.90418],[136.22415,35.9042],[136.22416,35.90394]]]}},{"type":"Feature","properties":{"pid":"2c53cc43-aa1d-4f2f-8110-51cf5b061c08","full":21.4},"geometry":{"type":"Polygon","coordinates":[[[136.22279,35.90419],[136.22277,35.90445],[136.22414,35.90447],[136.22415,35.90421],[136.22279,35.90419]]]}},{"type":"Feature","properties":{"pid":"3de45867-608f-449b-9ee8-3f82549fb9ef","full":21.7},"geometry":{"type":"Polygon","coordinates":[[[136.22414,35.90448],[136.22277,35.90446],[136.22276,35.90472],[136.22414,35.90474],[136.22414,35.90448]]]}},{"type":"Feature","properties":{"pid":"e5c7a88b-6c79-432d-b7ef-bff49ae94e90","full":20.9},"geometry":{"type":"Polygon","coordinates":[[[136.22279,35.90364],[136.22416,35.90366],[136.22417,35.90341],[136.2228,35.90339],[136.22279,35.90364]]]}},{"type":"Feature","properties":{"pid":"9f255dbf-1ffb-4b45-866e-6dcd0a4241e3","full":22.3},"geometry":{"type":"Polygon","coordinates":[[[136.22418,35.90312],[136.22281,35.90311],[136.22279,35.90336],[136.22417,35.90339],[136.22418,35.90312]]]}},{"type":"Feature","properties":{"pid":"5f87644d-599a-4dc8-b0aa-da3439065de0","full":35.1},"geometry":{"type":"Polygon","coordinates":[[[136.22419,35.90311],[136.22419,35.90274],[136.22282,35.90273],[136.22281,35.9031],[136.22419,35.90311]]]}},{"type":"Feature","properties":{"pid":"878891ab-c260-4407-9bfe-cac9f8542c49","full":17.2},"geometry":{"type":"Polygon","coordinates":[[[136.22536,35.90368],[136.22538,35.90342],[136.22427,35.9034],[136.22426,35.90367],[136.22536,35.90368]]]}},{"type":"Feature","properties":{"pid":"49156b78-0316-4b9b-92f7-a9dac15094ba","full":17.4},"geometry":{"type":"Polygon","coordinates":[[[136.22426,35.90339],[136.22538,35.90341],[136.22539,35.90315],[136.22427,35.90313],[136.22426,35.90339]]]}},{"type":"Feature","properties":{"pid":"8ee0331e-f246-4552-8eae-2aa99ead0819","full":21.3},"geometry":{"type":"Polygon","coordinates":[[[136.22539,35.90311],[136.2254,35.9028],[136.22535,35.90278],[136.2245,35.90276],[136.22449,35.90301],[136.2243,35.90301],[136.22429,35.90311],[136.22535,35.90313],[136.22539,35.90311]]]}},{"type":"Feature","properties":{"pid":"0dc0ff35-58fa-4315-b3eb-4777754024a6","full":16.1},"geometry":{"type":"Polygon","coordinates":[[[136.22426,35.90393],[136.22536,35.90394],[136.22536,35.90369],[136.22427,35.90368],[136.22426,35.90393]]]}},{"type":"Feature","properties":{"pid":"c51e5a23-a566-46d4-abbf-aea7197f50f1","full":16.6},"geometry":{"type":"Polygon","coordinates":[[[136.22535,35.90422],[136.22536,35.90396],[136.22426,35.90394],[136.22425,35.9042],[136.22535,35.90422]]]}},{"type":"Feature","properties":{"pid":"eef0ca9b-6b9c-43d4-af8e-c404cabfd1d0","full":19.5},"geometry":{"type":"Polygon","coordinates":[[[136.22424,35.9045],[136.22535,35.90451],[136.22535,35.90423],[136.22425,35.90421],[136.22424,35.9045]]]}},{"type":"Feature","properties":{"pid":"a6f50bbf-4ac6-42b6-9154-8ffab7c44cb8","full":0.5},"geometry":{"type":"Polygon","coordinates":[[[136.22424,35.90461],[136.22534,35.90462],[136.22535,35.90452],[136.22424,35.90451],[136.22424,35.90461]]]}},{"type":"Feature","properties":{"pid":"14b996a4-23b8-4347-9616-f4d1c78b8a8f","full":17.3},"geometry":{"type":"Polygon","coordinates":[[[136.22531,35.90558],[136.22531,35.90531],[136.22422,35.90529],[136.22421,35.90556],[136.22531,35.90558]]]}},{"type":"Feature","properties":{"pid":"cf4707f2-8c15-443c-9dad-b3d833b5c7c7","full":16.4},"geometry":{"type":"Polygon","coordinates":[[[136.22422,35.90528],[136.22532,35.9053],[136.22532,35.90504],[136.22423,35.90503],[136.22422,35.90528]]]}},{"type":"Feature","properties":{"pid":"8c67328f-68d0-4c88-a13d-0d465708a41b","full":10.5},"geometry":{"type":"Polygon","coordinates":[[[136.22532,35.90503],[136.22533,35.90483],[136.22424,35.90482],[136.22423,35.90501],[136.22532,35.90503]]]}},{"type":"Feature","properties":{"pid":"8a208796-5cc0-4470-9bb2-9315052c1bb5","full":10.0},"geometry":{"type":"Polygon","coordinates":[[[136.22534,35.90482],[136.22534,35.90463],[136.22424,35.90462],[136.22424,35.90481],[136.22534,35.90482]]]}},{"type":"Feature","properties":{"pid":"05f45415-818a-4bf7-a3c6-7de1ef7705bb","full":17.4},"geometry":{"type":"Polygon","coordinates":[[[136.2242,35.90588],[136.22419,35.90615],[136.2253,35.90617],[136.22531,35.9059],[136.2242,35.90588]]]}},{"type":"Feature","properties":{"pid":"fe350d86-9798-4f4f-b25a-95022fed7c3c","full":16.4},"geometry":{"type":"Polygon","coordinates":[[[136.2253,35.90618],[136.2242,35.90616],[136.22419,35.9064],[136.22421,35.90642],[136.2253,35.90643],[136.2253,35.90618]]]}},{"type":"Feature","properties":{"pid":"2cbc8087-5eff-4379-a8f8-b75c9635e5aa","full":16.5},"geometry":{"type":"Polygon","coordinates":[[[136.22421,35.90587],[136.22531,35.90589],[136.22532,35.90564],[136.22421,35.90562],[136.22421,35.90587]]]}},{"type":"Feature","properties":{"pid":"38401df4-fe2b-4abd-adc9-d45faeaee07d","full":2.3},"geometry":{"type":"Polygon","coordinates":[[[136.22426,35.9004],[136.22401,35.9004],[136.22401,35.90066],[136.22425,35.90066],[136.22426,35.9004]]]}},{"type":"Feature","properties":{"pid":"ed363ed6-3bfd-4417-a92b-f987288d73f3","full":12.1},"geometry":{"type":"Polygon","coordinates":[[[136.22289,35.90014],[136.22288,35.90037],[136.22426,35.90039],[136.22426,35.9003],[136.22388,35.90025],[136.22377,35.90022],[136.22368,35.90018],[136.22366,35.90016],[136.22289,35.90014]]]}},{"type":"Feature","properties":{"pid":"77d5704b-8189-4a63-aa44-119889498ec2","full":20.3},"geometry":{"type":"Polygon","coordinates":[[[136.22287,35.90066],[136.22287,35.90091],[136.22424,35.90093],[136.22425,35.90068],[136.22287,35.90066]]]}},{"type":"Feature","properties":{"pid":"04593f1b-d72a-496f-bf71-ba9a3c78375c","full":21.8},"geometry":{"type":"Polygon","coordinates":[[[136.22424,35.90095],[136.22286,35.90092],[136.22285,35.90118],[136.22423,35.9012],[136.22424,35.90095]]]}},{"type":"Feature","properties":{"pid":"a45cbcde-a7f9-4118-8c18-6e57117d5cb2","full":14.0},"geometry":{"type":"Polygon","coordinates":[[[136.22434,35.90114],[136.22465,35.90115],[136.22465,35.90031],[136.22453,35.90033],[136.22436,35.90029],[136.22434,35.90114]]]}},{"type":"Feature","properties":{"pid":"8d8944f2-acca-44fa-ac19-3ed238df3e1e","full":11.2},"geometry":{"type":"Polygon","coordinates":[[[136.225,35.90116],[136.22501,35.90059],[136.22474,35.90056],[136.22468,35.90056],[136.22466,35.90115],[136.225,35.90116]]]}},{"type":"Feature","properties":{"pid":"d1c33f35-ee04-440a-ae65-c1f6ad3c972f","full":16.6},"geometry":{"type":"Polygon","coordinates":[[[136.22532,35.90151],[136.22527,35.9014],[136.22527,35.90135],[136.2253,35.90122],[136.22433,35.9012],[136.22432,35.90148],[136.22532,35.90151]]]}},{"type":"Feature","properties":{"pid":"92589e75-6eb5-47ea-9f2b-25571bcee1dc","full":8.4},"geometry":{"type":"Polygon","coordinates":[[[136.22432,35.90168],[136.22538,35.90169],[136.22533,35.90152],[136.22432,35.90149],[136.22432,35.90168]]]}},{"type":"Feature","properties":{"pid":"91ce2053-1b5c-4d3a-9872-0badeac7e746","full":15.3},"geometry":{"type":"Polygon","coordinates":[[[136.22431,35.9019],[136.22444,35.9019],[136.22444,35.90202],[136.22541,35.90204],[136.22542,35.90178],[136.22431,35.90176],[136.22431,35.9019]]]}},{"type":"Feature","properties":{"pid":"61512ac5-db5e-4d48-be73-c34264683528","full":17.1},"geometry":{"type":"Polygon","coordinates":[[[136.22541,35.90232],[136.22431,35.90231],[136.2243,35.90257],[136.2254,35.90258],[136.22541,35.90232]]]}},{"type":"Feature","properties":{"pid":"b7c4c5c4-7ea9-4d00-b953-e55d5ba84df3","full":16.6},"geometry":{"type":"Polygon","coordinates":[[[136.22431,35.90229],[136.22541,35.90231],[136.22541,35.90205],[136.2243,35.90203],[136.22431,35.90229]]]}},{"type":"Feature","properties":{"pid":"5769b201-e053-4ccc-9c59-bee5839651cb","full":3.4},"geometry":{"type":"Polygon","coordinates":[[[136.22374,35.90255],[136.22375,35.90229],[136.22344,35.90229],[136.22344,35.90255],[136.22374,35.90255]]]}},{"type":"Feature","properties":{"pid":"3c650a8c-21f7-4309-ab08-58d80d5901d9","full":4.1},"geometry":{"type":"Polygon","coordinates":[[[136.22414,35.90231],[136.22377,35.90231],[136.22376,35.90256],[136.22414,35.90256],[136.22414,35.90231]]]}},{"type":"Feature","properties":{"pid":"ece08cad-e86a-45c5-a2fb-69a651229cbf","full":21.9},"geometry":{"type":"Polygon","coordinates":[[[136.22421,35.90203],[136.22283,35.902],[136.22282,35.90227],[136.2242,35.90229],[136.22421,35.90203]]]}},{"type":"Feature","properties":{"pid":"fe381ce5-c7bb-4778-80b1-9204135df120","full":21.1},"geometry":{"type":"Polygon","coordinates":[[[136.22421,35.90176],[136.22284,35.90174],[136.22283,35.902],[136.22421,35.90202],[136.22421,35.90176]]]}},{"type":"Feature","properties":{"pid":"e9f917de-3f6d-4efc-8970-de837369b174","full":21.7},"geometry":{"type":"Polygon","coordinates":[[[136.22422,35.90149],[136.22284,35.90146],[136.22283,35.90173],[136.22421,35.90175],[136.22422,35.90149]]]}},{"type":"Feature","properties":{"pid":"385562bd-7241-4bae-98d4-7019b0167417","full":20.7},"geometry":{"type":"Polygon","coordinates":[[[136.22422,35.90122],[136.22286,35.9012],[136.22285,35.90145],[136.22422,35.90148],[136.22422,35.90122]]]}},{"type":"Feature","properties":{"pid":"a0f001f8-798e-4fc1-ba8f-4e7037f60c66","full":8.6},"geometry":{"type":"Polygon","coordinates":[[[136.22342,35.90255],[136.22343,35.90229],[136.22282,35.90228],[136.22282,35.90254],[136.22342,35.90255]]]}},{"type":"Feature","properties":{"pid":"81421e40-135c-460b-9b1f-23e1fcb92d0f","full":1.2},"geometry":{"type":"Polygon","coordinates":[[[136.22242,35.90254],[136.2226,35.90254],[136.22261,35.90227],[136.22243,35.90227],[136.22242,35.90254]]]}},{"type":"Feature","properties":{"pid":"64b574fa-59ba-4ff6-94dc-22aec8d8a687","full":3.7},"geometry":{"type":"Polygon","coordinates":[[[136.22193,35.90253],[136.22194,35.90226],[136.22162,35.90226],[136.22162,35.9025],[136.22164,35.90253],[136.22193,35.90253]]]}},{"type":"Feature","properties":{"pid":"467acd02-4c0d-464e-bc00-95c6f462d799","full":6.4},"geometry":{"type":"Polygon","coordinates":[[[136.22194,35.90253],[136.22241,35.90254],[136.22242,35.90227],[136.22195,35.90225],[136.22194,35.90253]]]}},{"type":"Feature","properties":{"pid":"f6de1b9d-c411-4bc0-bcdc-f73725714970","full":27.3},"geometry":{"type":"Polygon","coordinates":[[[136.22269,35.9031],[136.2227,35.90273],[136.22163,35.90271],[136.2216,35.90272],[136.22159,35.90308],[136.22269,35.9031]]]}},{"type":"Feature","properties":{"pid":"7d291fe4-53ff-4a52-81d3-72b288a4f08e","full":1.3},"geometry":{"type":"Polygon","coordinates":[[[136.22149,35.90285],[136.22038,35.90283],[136.22037,35.90293],[136.22149,35.90295],[136.22149,35.90285]]]}},{"type":"Feature","properties":{"pid":"941d826c-39ab-428b-a03b-98f0b6ecad99","full":4.3},"geometry":{"type":"Polygon","coordinates":[[[136.22038,35.90282],[136.22148,35.90284],[136.22148,35.9027],[136.22038,35.90268],[136.22038,35.90282]]]}},{"type":"Feature","properties":{"pid":"03e25691-a723-4bbc-aeb9-e6eac5a8bc07","full":7.0},"geometry":{"type":"Polygon","coordinates":[[[136.221,35.90224],[136.221,35.90252],[136.22146,35.90252],[136.22149,35.90249],[136.22149,35.90225],[136.221,35.90224]]]}},{"type":"Feature","properties":{"pid":"3809a2f6-d9b4-4475-832c-ddde6deea4fe","full":16.4},"geometry":{"type":"Polygon","coordinates":[[[136.2215,35.90198],[136.22041,35.90197],[136.2204,35.90222],[136.22149,35.90224],[136.2215,35.90198]]]}},{"type":"Feature","properties":{"pid":"3d0636fd-d0bb-45c2-81df-4e56e9262cad","full":16.7},"geometry":{"type":"Polygon","coordinates":[[[136.22149,35.90171],[136.22042,35.90169],[136.22041,35.90195],[136.22151,35.90197],[136.22149,35.90171]]]}},{"type":"Feature","properties":{"pid":"d36b4121-53bb-4601-afec-1ab50625cb24","full":17.6},"geometry":{"type":"Polygon","coordinates":[[[136.2216,35.9017],[136.22273,35.90172],[136.22274,35.90146],[136.22159,35.90144],[136.2216,35.9017]]]}},{"type":"Feature","properties":{"pid":"87a40e05-c195-4c9d-a797-23f0788ea28c","full":16.7},"geometry":{"type":"Polygon","coordinates":[[[136.22274,35.90145],[136.22274,35.9012],[136.22164,35.90118],[136.22163,35.90121],[136.22158,35.90121],[136.22159,35.90143],[136.22274,35.90145]]]}},{"type":"Feature","properties":{"pid":"833d4547-1b25-487c-8cae-6598a2b804cb","full":16.2},"geometry":{"type":"Polygon","coordinates":[[[136.22148,35.90144],[136.22043,35.90142],[136.22042,35.90168],[136.22149,35.9017],[136.22148,35.90144]]]}},{"type":"Feature","properties":{"pid":"89bb7800-bdab-4e47-b5be-5467d652fcb2","full":16.0},"geometry":{"type":"Polygon","coordinates":[[[136.22146,35.90117],[136.22043,35.90115],[136.22042,35.90141],[136.22148,35.90143],[136.22146,35.90117]]]}},{"type":"Feature","properties":{"pid":"8f190da1-d8ef-4902-9d7f-5f3af6a702f4","full":8.5},"geometry":{"type":"Polygon","coordinates":[[[136.22143,35.9009],[136.22045,35.90089],[136.22044,35.90107],[136.22145,35.90109],[136.22143,35.9009]]]}},{"type":"Feature","properties":{"pid":"06086603-d11d-4c66-81ac-8c178d839163","full":1.1},"geometry":{"type":"Polygon","coordinates":[[[136.22143,35.90078],[136.22046,35.90077],[136.22045,35.90087],[136.22144,35.90089],[136.22143,35.90078]]]}},{"type":"Feature","properties":{"pid":"37e3bdd2-7c55-4dec-8770-662b959b9601","full":4.8},"geometry":{"type":"Polygon","coordinates":[[[136.22142,35.90063],[136.22046,35.90061],[136.22046,35.90076],[136.22143,35.90077],[136.22142,35.90063]]]}},{"type":"Feature","properties":{"pid":"9f6e2e5a-687f-40e7-b648-af76f3d25802","full":14.0},"geometry":{"type":"Polygon","coordinates":[[[136.22139,35.90036],[136.22046,35.90034],[136.22046,35.9006],[136.22142,35.90062],[136.22139,35.90036]]]}},{"type":"Feature","properties":{"pid":"dd8cf16a-1f50-48fc-a103-8a121671215d","full":15.1},"geometry":{"type":"Polygon","coordinates":[[[136.22253,35.90038],[136.22151,35.90036],[136.22153,35.90062],[136.22252,35.90064],[136.22253,35.90038]]]}},{"type":"Feature","properties":{"pid":"d387050a-36ce-4319-a4a2-090a879a0ed6","full":8.3},"geometry":{"type":"Polygon","coordinates":[[[136.22155,35.90089],[136.22275,35.90091],[136.22276,35.90075],[136.22154,35.90073],[136.22155,35.90089]]]}},{"type":"Feature","properties":{"pid":"14022487-eb45-4224-9954-1ea93c6b0589","full":18.5},"geometry":{"type":"Polygon","coordinates":[[[136.22276,35.90092],[136.22155,35.90091],[136.22158,35.90117],[136.22275,35.90119],[136.22276,35.90092]]]}},{"type":"Feature","properties":{"pid":"fc7fddb7-4dcb-4dac-a5ca-571b453b684b","full":18.1},"geometry":{"type":"Polygon","coordinates":[[[136.224,35.9004],[136.22288,35.90038],[136.22287,35.90065],[136.22399,35.90066],[136.224,35.9004]]]}},{"type":"Feature","properties":{"pid":"48d572f0-c1df-4421-873f-afe2d11480ff","full":1.7},"geometry":{"type":"Polygon","coordinates":[[[136.22277,35.90038],[136.22255,35.90037],[136.22255,35.90064],[136.22276,35.90064],[136.22277,35.90038]]]}},{"type":"Feature","properties":{"pid":"8c76c7fe-2ccd-4560-ad44-0006dba52915","full":8.2},"geometry":{"type":"Polygon","coordinates":[[[136.22348,35.89985],[136.2229,35.89985],[136.22289,35.90007],[136.22293,35.90009],[136.22362,35.9001],[136.22348,35.89985]]]}},{"type":"Feature","properties":{"pid":"92a2c05b-5495-4668-ab73-b99f36500f61","full":1.3},"geometry":{"type":"Polygon","coordinates":[[[136.22343,35.89973],[136.22291,35.89972],[136.22291,35.89982],[136.22293,35.89984],[136.22347,35.89984],[136.22343,35.89973]]]}},{"type":"Feature","properties":{"pid":"e0d46cc0-a4a6-49e7-aabf-7b55c20bc59a","full":2.7},"geometry":{"type":"Polygon","coordinates":[[[136.22346,35.89969],[136.22345,35.89964],[136.22344,35.89956],[136.22291,35.89956],[136.22291,35.89971],[136.22343,35.89972],[136.22346,35.89969]]]}},{"type":"Feature","properties":{"pid":"cae109c4-ac99-482e-bccc-e328fcedf931","full":8.0},"geometry":{"type":"Polygon","coordinates":[[[136.22344,35.89924],[136.22288,35.89923],[136.22287,35.8995],[136.22344,35.8995],[136.22344,35.89924]]]}},{"type":"Feature","properties":{"pid":"7c5c3607-d9c5-48fb-8c04-24b7d5d77325","full":21.7},"geometry":{"type":"Polygon","coordinates":[[[136.22147,35.8998],[136.22279,35.89982],[136.22279,35.89956],[136.22145,35.89954],[136.22147,35.8998]]]}},{"type":"Feature","properties":{"pid":"3db4d484-ae76-4b0f-a643-7467f62b353f","full":20.7},"geometry":{"type":"Polygon","coordinates":[[[136.22278,35.9001],[136.22279,35.89983],[136.22147,35.89982],[136.22149,35.90008],[136.22278,35.9001]]]}},{"type":"Feature","properties":{"pid":"c9323331-e8e9-4028-bb3e-53bc45a3830d","full":18.4},"geometry":{"type":"Polygon","coordinates":[[[136.22153,35.90035],[136.22275,35.90036],[136.22275,35.90011],[136.22153,35.90009],[136.22153,35.90035]]]}},{"type":"Feature","properties":{"pid":"344f45f8-0f0e-49a4-829e-cbc136690237","full":13.6},"geometry":{"type":"Polygon","coordinates":[[[136.22137,35.90009],[136.22047,35.90007],[136.22046,35.90033],[136.22139,35.90035],[136.22137,35.90009]]]}},{"type":"Feature","properties":{"pid":"e77a09a3-432e-4a0c-9774-0b9bdc55ce38","full":10.5},"geometry":{"type":"Polygon","coordinates":[[[136.22047,35.90006],[136.22137,35.90008],[136.22135,35.89985],[136.22047,35.89984],[136.22047,35.90006]]]}},{"type":"Feature","properties":{"pid":"dd3e317d-fec9-4744-9486-07f74e6bb8eb","full":19.7},"geometry":{"type":"Polygon","coordinates":[[[136.22279,35.89912],[136.22279,35.89888],[136.22142,35.89885],[136.2214,35.89889],[136.22142,35.8991],[136.22279,35.89912]]]}},{"type":"Feature","properties":{"pid":"b219b362-91fd-4d68-8324-6988cf7c8399","full":33.2},"geometry":{"type":"Polygon","coordinates":[[[136.22279,35.89949],[136.22279,35.89913],[136.22142,35.89911],[136.22145,35.89947],[136.22279,35.89949]]]}},{"type":"Feature","properties":{"pid":"eca2a0a2-ed83-4f2f-bd33-a7e775c7d47f","full":10.8},"geometry":{"type":"Polygon","coordinates":[[[136.22344,35.89923],[136.22344,35.89898],[136.22345,35.8989],[136.22288,35.89889],[136.22288,35.89922],[136.22344,35.89923]]]}},{"type":"Feature","properties":{"pid":"c96add3e-d8f4-4bf0-922a-e5f0d8ebb608","full":0.5},"geometry":{"type":"Polygon","coordinates":[[[136.22133,35.89776],[136.22146,35.89776],[136.22153,35.89757],[136.22134,35.89756],[136.22133,35.89776]]]}},{"type":"Feature","properties":{"pid":"488acba2-7338-488d-b00e-8b6b3d8e546f","full":1.3},"geometry":{"type":"Polygon","coordinates":[[[136.22135,35.89754],[136.22153,35.89755],[136.22153,35.89751],[136.22164,35.89735],[136.22138,35.89732],[136.22136,35.89733],[136.22135,35.89754]]]}},{"type":"Feature","properties":{"pid":"cc3218e0-ba27-4947-981e-88a173c394a4","full":13.8},"geometry":{"type":"Polygon","coordinates":[[[136.22229,35.89691],[136.22221,35.89688],[136.22145,35.89679],[136.22138,35.89729],[136.2214,35.89731],[136.22164,35.89733],[136.22168,35.89722],[136.2218,35.89706],[136.22196,35.89703],[136.22228,35.89699],[136.22229,35.89691]]]}},{"type":"Feature","properties":{"pid":"5f695bee-440f-46e9-b10a-b12364b37926","full":11.1},"geometry":{"type":"Polygon","coordinates":[[[136.22053,35.89704],[136.22129,35.89705],[136.22132,35.89679],[136.22054,35.89679],[136.22053,35.89704]]]}},{"type":"Feature","properties":{"pid":"b93578a1-26e1-4167-8d85-5a7b9160786e","full":8.7},"geometry":{"type":"Polygon","coordinates":[[[136.22055,35.89673],[136.22134,35.89674],[136.22136,35.89652],[136.22055,35.89651],[136.22055,35.89673]]]}},{"type":"Feature","properties":{"pid":"860d3ae8-910f-4535-a418-4ed0c3f74de6","full":12.1},"geometry":{"type":"Polygon","coordinates":[[[136.2214,35.89625],[136.22056,35.89624],[136.22056,35.8965],[136.22135,35.89651],[136.22135,35.8965],[136.22137,35.89649],[136.2214,35.89625]]]}},{"type":"Feature","properties":{"pid":"75bb5ca3-afa7-4b01-b8b0-b0dcce43e8f2","full":14.3},"geometry":{"type":"Polygon","coordinates":[[[136.22058,35.89622],[136.22139,35.89623],[136.22141,35.89621],[136.22145,35.89597],[136.22143,35.89595],[136.22058,35.89593],[136.22058,35.89622]]]}},{"type":"Feature","properties":{"pid":"c2da6be3-ab92-4cd9-9dd1-5a212f170490","full":15.1},"geometry":{"type":"Polygon","coordinates":[[[136.22244,35.89567],[136.22242,35.89564],[136.22235,35.89566],[136.22224,35.89564],[136.22219,35.89566],[136.22214,35.8957],[136.22202,35.89573],[136.22193,35.89586],[136.22188,35.89587],[136.22161,35.89587],[136.22158,35.89588],[136.22156,35.89591],[136.22156,35.89604],[136.22237,35.89612],[136.22244,35.89567]]]}},{"type":"Feature","properties":{"pid":"62a80566-d451-4c55-a593-028d62a18ec7","full":17.2},"geometry":{"type":"Polygon","coordinates":[[[136.22232,35.89653],[136.22236,35.8962],[136.22154,35.89612],[136.22149,35.89645],[136.22232,35.89653]]]}},{"type":"Feature","properties":{"pid":"77401ac9-a284-4c66-84b6-0e54458d9368","full":10.7},"geometry":{"type":"Polygon","coordinates":[[[136.22278,35.89666],[136.22283,35.89623],[136.22243,35.89619],[136.22236,35.89663],[136.22278,35.89666]]]}},{"type":"Feature","properties":{"pid":"cd309d92-857a-47cd-8721-8e4c574129d0","full":13.9},"geometry":{"type":"Polygon","coordinates":[[[136.22243,35.89614],[136.22285,35.89617],[136.22289,35.89581],[136.22288,35.89577],[136.22274,35.8956],[136.22254,35.89553],[136.22248,35.89558],[136.22246,35.8957],[136.22248,35.89571],[136.22248,35.89577],[136.22243,35.89614]]]}},{"type":"Feature","properties":{"pid":"fb4bc4e3-a218-4bd2-9e6a-7336679390ff","full":14.0},"geometry":{"type":"Polygon","coordinates":[[[136.22149,35.89567],[136.22141,35.89565],[136.22139,35.89562],[136.22052,35.89561],[136.22052,35.89587],[136.22143,35.89587],[136.22146,35.89585],[136.22149,35.89567]]]}},{"type":"Feature","properties":{"pid":"c74744c7-f591-416e-922a-637091659874","full":12.7},"geometry":{"type":"Polygon","coordinates":[[[136.22139,35.8956],[136.22139,35.89545],[136.22137,35.89536],[136.22135,35.89535],[136.22051,35.89533],[136.22051,35.89559],[136.22139,35.8956]]]}},{"type":"Feature","properties":{"pid":"192b3232-8a35-4daf-bf3b-3ea2a457a4ab","full":1.7},"geometry":{"type":"Polygon","coordinates":[[[136.22081,35.89478],[136.22075,35.89464],[136.22067,35.89457],[136.22059,35.89455],[136.2205,35.89456],[136.22051,35.89477],[136.22081,35.89478]]]}},{"type":"Feature","properties":{"pid":"f98782b9-3ba8-43f6-9073-8780686aa73a","full":4.7},"geometry":{"type":"Polygon","coordinates":[[[136.22082,35.89513],[136.22079,35.89504],[136.22081,35.89492],[136.22082,35.89479],[136.22051,35.89478],[136.22051,35.89513],[136.22082,35.89513]]]}},{"type":"Feature","properties":{"pid":"bf711916-c8d5-432c-b264-fd2ee27bde53","full":3.2},"geometry":{"type":"Polygon","coordinates":[[[136.22124,35.89528],[136.22092,35.89519],[136.22081,35.89518],[136.2208,35.89514],[136.22051,35.89514],[136.22051,35.89532],[136.22123,35.89534],[136.22127,35.89531],[136.22124,35.89528]]]}},{"type":"Feature","properties":{"pid":"766bf437-a33c-40aa-affd-17e0963005c0","full":8.9},"geometry":{"type":"Polygon","coordinates":[[[136.22049,35.8966],[136.21938,35.89658],[136.21937,35.89676],[136.22048,35.89678],[136.22049,35.8966]]]}},{"type":"Feature","properties":{"pid":"98e0baec-d8cc-437c-ae6b-c41558a049b8","full":3.1},"geometry":{"type":"Polygon","coordinates":[[[136.22049,35.89638],[136.21939,35.89636],[136.21938,35.89648],[136.22049,35.8965],[136.22049,35.89638]]]}},{"type":"Feature","properties":{"pid":"ac79389c-95c5-42aa-bb52-e4361b09e5ef","full":4.1},"geometry":{"type":"Polygon","coordinates":[[[136.2205,35.89624],[136.21939,35.89622],[136.21939,35.89635],[136.22049,35.89637],[136.2205,35.89624]]]}},{"type":"Feature","properties":{"pid":"eba58014-a79e-42b4-9b6f-d70ed0ac8e2a","full":18.7},"geometry":{"type":"Polygon","coordinates":[[[136.2205,35.89597],[136.22047,35.89594],[136.21939,35.89594],[136.21939,35.89621],[136.2205,35.89623],[136.2205,35.89597]]]}},{"type":"Feature","properties":{"pid":"e1c840b7-02c5-4622-a7c5-bb8e8c228a06","full":17.8},"geometry":{"type":"Polygon","coordinates":[[[136.2193,35.89598],[136.21923,35.89594],[136.21817,35.89593],[136.21817,35.89597],[136.21819,35.89599],[136.21819,35.89619],[136.21927,35.89621],[136.21927,35.89619],[136.2193,35.89619],[136.2193,35.89598]]]}},{"type":"Feature","properties":{"pid":"27593f0f-0b9a-4285-a17c-e5c31115a328","full":15.4},"geometry":{"type":"Polygon","coordinates":[[[136.21929,35.89647],[136.21931,35.89623],[136.21929,35.89622],[136.21819,35.8962],[136.21818,35.89645],[136.21929,35.89647]]]}},{"type":"Feature","properties":{"pid":"31f7a788-63fa-41c7-91e2-03befe203f4f","full":17.8},"geometry":{"type":"Polygon","coordinates":[[[136.21924,35.89676],[136.21924,35.89673],[136.21929,35.89673],[136.21929,35.89649],[136.21818,35.89647],[136.21817,35.89674],[136.21924,35.89676]]]}},{"type":"Feature","properties":{"pid":"6910e285-10e5-4bf5-a897-b9f8841743a2","full":16.7},"geometry":{"type":"Polygon","coordinates":[[[136.21817,35.897],[136.21928,35.89702],[136.21928,35.89677],[136.21817,35.89674],[136.21817,35.897]]]}},{"type":"Feature","properties":{"pid":"29c01677-4e2f-492a-83f4-43af4e8fb627","full":9.4},"geometry":{"type":"Polygon","coordinates":[[[136.21927,35.89703],[136.21817,35.89702],[136.21816,35.8972],[136.21927,35.89722],[136.21927,35.89703]]]}},{"type":"Feature","properties":{"pid":"9d2b0636-90b2-44af-b537-7066a1df3ddb","full":16.3},"geometry":{"type":"Polygon","coordinates":[[[136.21816,35.89747],[136.21926,35.89749],[136.21927,35.89724],[136.21816,35.89722],[136.21816,35.89747]]]}},{"type":"Feature","properties":{"pid":"cadb7d6f-fb5f-4b91-925d-7257558a0f34","full":16.5},"geometry":{"type":"Polygon","coordinates":[[[136.21936,35.89749],[136.22044,35.8975],[136.22044,35.89725],[136.21936,35.89723],[136.21936,35.89749]]]}},{"type":"Feature","properties":{"pid":"7db242e9-672f-4279-8612-1ff6c5ce794b","full":9.5},"geometry":{"type":"Polygon","coordinates":[[[136.22047,35.89705],[136.21937,35.89704],[136.21936,35.89722],[136.22047,35.89724],[136.22047,35.89705]]]}},{"type":"Feature","properties":{"pid":"9c0e3690-526b-4b37-9812-6a8410afe242","full":6.8},"geometry":{"type":"Polygon","coordinates":[[[136.22048,35.89688],[136.21937,35.89686],[136.21937,35.897],[136.21938,35.897],[136.21939,35.89702],[136.22048,35.89704],[136.22048,35.89688]]]}},{"type":"Feature","properties":{"pid":"171915db-90bd-4a77-a758-29da65a4a815","full":5.8},"geometry":{"type":"Polygon","coordinates":[[[136.22053,35.89724],[136.22127,35.89724],[136.22129,35.89706],[136.22053,35.89705],[136.22053,35.89724]]]}},{"type":"Feature","properties":{"pid":"f71a8f3c-3e26-45a5-b625-49eb1281e780","full":10.5},"geometry":{"type":"Polygon","coordinates":[[[136.22052,35.89751],[136.22123,35.89751],[136.22126,35.89725],[136.22052,35.89725],[136.22052,35.89751]]]}},{"type":"Feature","properties":{"pid":"c313e5e1-556c-493f-97a5-2fc428e224f8","full":10.6},"geometry":{"type":"Polygon","coordinates":[[[136.22052,35.89779],[136.22119,35.8978],[136.22119,35.89777],[136.22122,35.89777],[136.22123,35.89753],[136.22052,35.89752],[136.22052,35.89779]]]}},{"type":"Feature","properties":{"pid":"ddc1775f-e9a0-4535-bd7e-e3b87577be8b","full":10.4},"geometry":{"type":"Polygon","coordinates":[[[136.22052,35.89806],[136.22122,35.89807],[136.22122,35.89782],[136.22119,35.89782],[136.22119,35.8978],[136.22053,35.89779],[136.22052,35.89806]]]}},{"type":"Feature","properties":{"pid":"0291dd8f-17e3-4012-94c9-c23172c43661","full":8.9},"geometry":{"type":"Polygon","coordinates":[[[136.22044,35.89759],[136.21936,35.89757],[136.21935,35.89776],[136.22043,35.89777],[136.22044,35.89759]]]}},{"type":"Feature","properties":{"pid":"a23f3d09-952f-440f-8964-8a905431f60d","full":14.9},"geometry":{"type":"Polygon","coordinates":[[[136.22043,35.8978],[136.21935,35.89779],[136.21934,35.89802],[136.21936,35.89802],[136.21936,35.89803],[136.22043,35.89804],[136.22043,35.8978]]]}},{"type":"Feature","properties":{"pid":"983529b9-998c-482b-a5db-569d7d987f6f","full":18.0},"geometry":{"type":"Polygon","coordinates":[[[136.22043,35.89806],[136.21936,35.89804],[136.21936,35.89806],[136.21934,35.89806],[136.21933,35.89831],[136.22043,35.89833],[136.22043,35.89806]]]}},{"type":"Feature","properties":{"pid":"1a00daa1-1b93-4824-b45e-c38ba55cd8e9","full":10.6},"geometry":{"type":"Polygon","coordinates":[[[136.22124,35.89834],[136.22123,35.89808],[136.22052,35.89807],[136.22051,35.89833],[136.22124,35.89834]]]}},{"type":"Feature","properties":{"pid":"42312919-7d82-4a4e-a966-edf028266385","full":10.3},"geometry":{"type":"Polygon","coordinates":[[[136.2205,35.89864],[136.22125,35.89866],[136.22125,35.89845],[136.22122,35.8984],[136.2205,35.89839],[136.2205,35.89864]]]}},{"type":"Feature","properties":{"pid":"ad537e0e-9dfe-456d-97cc-a70747609bce","full":7.8},"geometry":{"type":"Polygon","coordinates":[[[136.22108,35.89867],[136.2205,35.89866],[136.22049,35.89891],[136.22103,35.89892],[136.22109,35.89888],[136.22108,35.89867]]]}},{"type":"Feature","properties":{"pid":"7680f9f6-ccb1-408c-814a-3369c56689f5","full":5.1},"geometry":{"type":"Polygon","coordinates":[[[136.22047,35.89934],[136.22107,35.89894],[136.22047,35.89894],[136.22047,35.89934]]]}},{"type":"Feature","properties":{"pid":"a82955cf-5fa9-4d82-b2eb-6a797af9b697","full":4.6},"geometry":{"type":"Polygon","coordinates":[[[136.2205,35.89946],[136.22132,35.89926],[136.2213,35.89899],[136.22125,35.89899],[136.22105,35.89911],[136.2205,35.89946]]]}},{"type":"Feature","properties":{"pid":"4da7eaec-5a8b-4f2f-b099-9a9813c14152","full":16.9},"geometry":{"type":"Polygon","coordinates":[[[136.22042,35.89919],[136.22043,35.89893],[136.21932,35.89891],[136.21931,35.89916],[136.22042,35.89919]]]}},{"type":"Feature","properties":{"pid":"3f7bfb09-a519-4f85-b5e1-05e0478ad5ab","full":16.1},"geometry":{"type":"Polygon","coordinates":[[[136.22043,35.89866],[136.21933,35.89865],[136.21932,35.89889],[136.22043,35.89891],[136.22043,35.89866]]]}},{"type":"Feature","properties":{"pid":"57f7665c-e250-4298-af31-e2e6b9c8360b","full":17.4},"geometry":{"type":"Polygon","coordinates":[[[136.21932,35.89863],[136.22044,35.89865],[136.22044,35.89839],[136.21935,35.89836],[136.21933,35.89838],[136.21932,35.89863]]]}},{"type":"Feature","properties":{"pid":"94938fb4-bfd6-42a8-a7c4-afad779397a4","full":16.8},"geometry":{"type":"Polygon","coordinates":[[[136.21922,35.89918],[136.21812,35.89916],[136.21811,35.89942],[136.21919,35.89943],[136.21922,35.89941],[136.21922,35.89918]]]}},{"type":"Feature","properties":{"pid":"5df63f5f-6be2-4261-9d0e-15877848b82c","full":15.8},"geometry":{"type":"Polygon","coordinates":[[[136.21922,35.89891],[136.21812,35.8989],[136.21812,35.89914],[136.21922,35.89916],[136.21922,35.89891]]]}},{"type":"Feature","properties":{"pid":"6c4adee8-f57c-472b-8fb0-a44155bab21c","full":16.6},"geometry":{"type":"Polygon","coordinates":[[[136.21923,35.89864],[136.21813,35.89862],[136.21812,35.89888],[136.21923,35.89889],[136.21923,35.89864]]]}},{"type":"Feature","properties":{"pid":"b1ebd7e2-d385-431b-9ced-f496047eb961","full":16.1},"geometry":{"type":"Polygon","coordinates":[[[136.21813,35.8986],[136.21923,35.89862],[136.21925,35.89839],[136.21923,35.89837],[136.21814,35.89835],[136.21813,35.8986]]]}},{"type":"Feature","properties":{"pid":"6573e87b-be16-41a4-8dc7-293555a0511e","full":3.9},"geometry":{"type":"Polygon","coordinates":[[[136.21924,35.89831],[136.21924,35.89818],[136.21813,35.89816],[136.21813,35.89829],[136.21924,35.89831]]]}},{"type":"Feature","properties":{"pid":"16d300e5-053f-4e9c-b4c6-47d3118a31d7","full":4.3},"geometry":{"type":"Polygon","coordinates":[[[136.21813,35.89816],[136.21925,35.89817],[136.21925,35.89804],[136.21814,35.89802],[136.21813,35.89816]]]}},{"type":"Feature","properties":{"pid":"a331867f-b248-4b92-9f9c-249d576f4ca9","full":7.5},"geometry":{"type":"Polygon","coordinates":[[[136.21815,35.89774],[136.21926,35.89776],[136.21925,35.89759],[136.21815,35.89758],[136.21815,35.89774]]]}},{"type":"Feature","properties":{"pid":"b3e44a65-14f7-4665-aa2e-407ae64b314a","full":3.3},"geometry":{"type":"Polygon","coordinates":[[[136.21925,35.89803],[136.21926,35.89791],[136.21814,35.89789],[136.21814,35.89801],[136.21925,35.89803]]]}},{"type":"Feature","properties":{"pid":"ccdbc453-1444-41c2-9e53-e5572747a1e4","full":4.2},"geometry":{"type":"Polygon","coordinates":[[[136.21926,35.8979],[136.21926,35.89777],[136.21815,35.89775],[136.21814,35.89788],[136.21926,35.8979]]]}},{"type":"Feature","properties":{"pid":"2911fcaf-6d31-4948-b612-e05e20bcac0d","full":15.9},"geometry":{"type":"Polygon","coordinates":[[[136.2181,35.89748],[136.217,35.89746],[136.21699,35.89771],[136.21809,35.89773],[136.2181,35.89748]]]}},{"type":"Feature","properties":{"pid":"54f2e3ad-53e0-4b5b-a49c-71e96d752dd3","full":16.8},"geometry":{"type":"Polygon","coordinates":[[[136.21809,35.89775],[136.21699,35.89773],[136.21698,35.89799],[136.21809,35.89801],[136.21809,35.89775]]]}},{"type":"Feature","properties":{"pid":"b6b5cf2a-d295-45d5-a155-73344d9c9c8b","full":17.8},"geometry":{"type":"Polygon","coordinates":[[[136.21809,35.89802],[136.21698,35.898],[136.21697,35.89827],[136.21808,35.89829],[136.21809,35.89802]]]}},{"type":"Feature","properties":{"pid":"1aa39497-5450-46ae-bacb-3f1dfef908e7","full":16.6},"geometry":{"type":"Polygon","coordinates":[[[136.21697,35.89858],[136.21807,35.8986],[136.21808,35.89835],[136.21698,35.89832],[136.21697,35.89834],[136.21697,35.89858]]]}},{"type":"Feature","properties":{"pid":"e2f06be0-49ae-4e0e-9d8f-e523a3397522","full":4.2},"geometry":{"type":"Polygon","coordinates":[[[136.21695,35.899],[136.21806,35.89902],[136.21806,35.89889],[136.21695,35.89887],[136.21695,35.899]]]}},{"type":"Feature","properties":{"pid":"9c50ab48-197e-40b4-9da7-117b06730597","full":2.9},"geometry":{"type":"Polygon","coordinates":[[[136.21695,35.89912],[136.21806,35.89915],[136.21806,35.89903],[136.21695,35.899],[136.21695,35.89912]]]}},{"type":"Feature","properties":{"pid":"cfdc0597-657e-4de0-b751-e79be469bba1","full":17.0},"geometry":{"type":"Polygon","coordinates":[[[136.21694,35.89939],[136.21805,35.89942],[136.21806,35.89916],[136.21695,35.89914],[136.21694,35.89939]]]}},{"type":"Feature","properties":{"pid":"c8a9d178-93cf-47a1-923e-cea31979ab44","full":17.1},"geometry":{"type":"Polygon","coordinates":[[[136.21696,35.89885],[136.21806,35.89887],[136.21807,35.89861],[136.21697,35.89859],[136.21696,35.89885]]]}},{"type":"Feature","properties":{"pid":"ea100f1d-8772-43da-bbfd-4829a7229411","full":8.1},"geometry":{"type":"Polygon","coordinates":[[[136.21687,35.89895],[136.21575,35.89893],[136.21574,35.89911],[136.21686,35.89912],[136.21687,35.89895]]]}},{"type":"Feature","properties":{"pid":"e052bb1e-a251-48a0-a2f1-d852d18398da","full":17.7},"geometry":{"type":"Polygon","coordinates":[[[136.21686,35.89913],[136.21574,35.89912],[136.21574,35.89938],[136.21686,35.8994],[136.21686,35.89913]]]}},{"type":"Feature","properties":{"pid":"54866363-82c7-42e5-9ba7-93df9f840eb3","full":16.8},"geometry":{"type":"Polygon","coordinates":[[[136.21688,35.89859],[136.21576,35.89857],[136.21575,35.89883],[136.21687,35.89885],[136.21688,35.89859]]]}},{"type":"Feature","properties":{"pid":"5fd00dc1-48e9-4018-bfe7-8a97fb4b0527","full":18.6},"geometry":{"type":"Polygon","coordinates":[[[136.21689,35.89799],[136.21577,35.89798],[136.21576,35.89825],[136.21689,35.89827],[136.21689,35.89799]]]}},{"type":"Feature","properties":{"pid":"de0fc62c-add9-40fb-97ae-5ff40bab1252","full":16.9},"geometry":{"type":"Polygon","coordinates":[[[136.21576,35.89856],[136.21688,35.89858],[136.21688,35.89834],[136.21687,35.89833],[136.21578,35.89831],[136.21577,35.89832],[136.21576,35.89856]]]}},{"type":"Feature","properties":{"pid":"9c5e5deb-004d-4c4f-8141-b369274e2228","full":16.9},"geometry":{"type":"Polygon","coordinates":[[[136.21689,35.89799],[136.2169,35.89773],[136.21578,35.89772],[136.21577,35.89797],[136.21689,35.89799]]]}},{"type":"Feature","properties":{"pid":"6b19acf4-0632-4b57-a366-d5ad4b431bda","full":11.9},"geometry":{"type":"Polygon","coordinates":[[[136.2169,35.89771],[136.2169,35.89746],[136.2162,35.89745],[136.21604,35.89763],[136.21592,35.89771],[136.2169,35.89771]]]}},{"type":"Feature","properties":{"pid":"4a053a72-af48-4888-82d1-b8f923b0032e","full":3.5},"geometry":{"type":"Polygon","coordinates":[[[136.21692,35.89699],[136.21646,35.89698],[136.2164,35.89716],[136.21688,35.89717],[136.21692,35.89715],[136.21692,35.89699]]]}},{"type":"Feature","properties":{"pid":"daf0db64-b716-45b3-9436-a80e2801a106","full":7.4},"geometry":{"type":"Polygon","coordinates":[[[136.21692,35.89698],[136.21692,35.89662],[136.21661,35.89662],[136.21655,35.89674],[136.21649,35.89687],[136.21646,35.89697],[136.21692,35.89698]]]}},{"type":"Feature","properties":{"pid":"50134264-5ae6-4abd-bd47-a207e278c8e6","full":8.0},"geometry":{"type":"Polygon","coordinates":[[[136.21691,35.89719],[136.21639,35.89718],[136.21635,35.89725],[136.21621,35.89743],[136.21691,35.89744],[136.21691,35.89719]]]}},{"type":"Feature","properties":{"pid":"61dc930e-cc7b-4ce9-a0be-f7fbc51ecfae","full":16.6},"geometry":{"type":"Polygon","coordinates":[[[136.2181,35.8972],[136.21793,35.89721],[136.21701,35.89718],[136.217,35.89745],[136.2181,35.89747],[136.2181,35.8972]]]}},{"type":"Feature","properties":{"pid":"258e7ec6-00cc-4931-a3a3-e04de7b4a50d","full":17.1},"geometry":{"type":"Polygon","coordinates":[[[136.21701,35.89672],[136.21701,35.89698],[136.21811,35.897],[136.21812,35.89674],[136.21701,35.89672]]]}},{"type":"Feature","properties":{"pid":"d18e25b4-7483-4b01-9724-21653a566900","full":9.1},"geometry":{"type":"Polygon","coordinates":[[[136.21811,35.89701],[136.21701,35.89699],[136.217,35.89717],[136.21793,35.89719],[136.21811,35.89718],[136.21811,35.89701]]]}},{"type":"Feature","properties":{"pid":"974baaff-8f31-4dbe-991b-100b81fef401","full":16.9},"geometry":{"type":"Polygon","coordinates":[[[136.21814,35.8962],[136.21703,35.89618],[136.21702,35.89644],[136.21813,35.89646],[136.21814,35.8962]]]}},{"type":"Feature","properties":{"pid":"3daa6a89-d21e-4b26-904a-4c39b693979f","full":16.8},"geometry":{"type":"Polygon","coordinates":[[[136.21813,35.89647],[136.21702,35.89645],[136.21701,35.89671],[136.21813,35.89672],[136.21813,35.89647]]]}},{"type":"Feature","properties":{"pid":"84a2c058-dbb5-412d-8a9c-1abd55ff1687","full":17.1},"geometry":{"type":"Polygon","coordinates":[[[136.21815,35.89592],[136.21705,35.89591],[136.21703,35.89593],[136.21703,35.89617],[136.21814,35.89618],[136.21815,35.89592]]]}},{"type":"Feature","properties":{"pid":"2acd4f0b-97a6-40a5-a4b0-ac84d53cff78","full":8.8},"geometry":{"type":"Polygon","coordinates":[[[136.21693,35.89658],[136.21695,35.89594],[136.21669,35.89594],[136.21671,35.89608],[136.21671,35.89621],[136.21667,35.89634],[136.21662,35.89641],[136.21658,35.89644],[136.21658,35.89657],[136.21693,35.89658]]]}},{"type":"Feature","properties":{"pid":"a3318804-e53d-438a-9ac4-462812925182","full":4.7},"geometry":{"type":"Polygon","coordinates":[[[136.21474,35.89654],[136.21533,35.89661],[136.21542,35.89641],[136.21482,35.89638],[136.21478,35.89639],[136.21476,35.89642],[136.21474,35.89654]]]}},{"type":"Feature","properties":{"pid":"5d2c42a7-c4a1-4626-b993-a05a0147e202","full":1.5},"geometry":{"type":"Polygon","coordinates":[[[136.21341,35.89669],[136.21314,35.8967],[136.2131,35.89694],[136.21323,35.89696],[136.21327,35.89686],[136.21338,35.89687],[136.21341,35.89669]]]}},{"type":"Feature","properties":{"pid":"06405a4e-f0b4-49c7-80bc-8a880ad3983b","full":2.9},"geometry":{"type":"Polygon","coordinates":[[[136.21475,35.89735],[136.21496,35.89736],[136.21513,35.897],[136.21487,35.897],[136.21482,35.89721],[136.21475,35.89735]]]}},{"type":"Feature","properties":{"pid":"a667f051-dded-4bb0-b314-84b966ff7193","full":2.5},"geometry":{"type":"Polygon","coordinates":[[[136.21482,35.89713],[136.2145,35.89711],[136.21448,35.89732],[136.21474,35.89735],[136.21481,35.89721],[136.21482,35.89713]]]}},{"type":"Feature","properties":{"pid":"e0cf8b1c-39c3-46c6-a321-65f4262a2d1a","full":0.8},"geometry":{"type":"Polygon","coordinates":[[[136.21494,35.89683],[136.21466,35.89683],[136.21467,35.89695],[136.21468,35.89696],[136.21494,35.89697],[136.21494,35.89683]]]}},{"type":"Feature","properties":{"pid":"7fd19c7a-9953-4295-b0a9-c28664bac708","full":2.7},"geometry":{"type":"Polygon","coordinates":[[[136.21532,35.89662],[136.21494,35.89658],[136.21494,35.8966],[136.21496,35.89661],[136.21497,35.89681],[136.21521,35.89684],[136.21532,35.89662]]]}},{"type":"Feature","properties":{"pid":"89af7c6c-6061-4cf7-a1dc-3aee8f396023","full":9.0},"geometry":{"type":"Polygon","coordinates":[[[136.21573,35.89792],[136.21522,35.89792],[136.21523,35.89813],[136.21525,35.89824],[136.21526,35.89824],[136.21572,35.89825],[136.21573,35.89792]]]}},{"type":"Feature","properties":{"pid":"1000dd6c-6267-4abd-84e5-e0df15a00e89","full":6.1},"geometry":{"type":"Polygon","coordinates":[[[136.21572,35.8983],[136.21528,35.89829],[136.21526,35.89832],[136.21526,35.89856],[136.21571,35.89857],[136.21572,35.8983]]]}},{"type":"Feature","properties":{"pid":"5b668af8-b959-4fc6-b974-429229c21570","full":9.9},"geometry":{"type":"Polygon","coordinates":[[[136.21497,35.89882],[136.2157,35.89883],[136.21571,35.89857],[136.21506,35.89856],[136.21501,35.89866],[136.21497,35.89882]]]}},{"type":"Feature","properties":{"pid":"eaf5dc74-5990-4985-b7fd-178ed210f179","full":13.3},"geometry":{"type":"Polygon","coordinates":[[[136.21475,35.89936],[136.21568,35.89938],[136.21569,35.89911],[136.21489,35.8991],[136.21475,35.89936]]]}},{"type":"Feature","properties":{"pid":"7b7be319-e1c7-4f8a-928b-de4b1a3feacb","full":10.8},"geometry":{"type":"Polygon","coordinates":[[[136.2157,35.89884],[136.21497,35.89884],[136.2149,35.89909],[136.2157,35.8991],[136.2157,35.89884]]]}},{"type":"Feature","properties":{"pid":"cc5b201a-85ec-45a5-904b-a34888e6acb0","full":18.2},"geometry":{"type":"Polygon","coordinates":[[[136.21293,35.89793],[136.21294,35.89781],[136.2131,35.89747],[136.21251,35.89732],[136.2125,35.89741],[136.21246,35.8979],[136.21293,35.89793]]]}},{"type":"Feature","properties":{"pid":"1ca78994-0fb2-46e3-beb4-707b65baef8c","full":6.6},"geometry":{"type":"Polygon","coordinates":[[[136.21288,35.89818],[136.21243,35.89815],[136.21241,35.89843],[136.21283,35.89849],[136.21288,35.89818]]]}},{"type":"Feature","properties":{"pid":"c962de7a-7516-4a4c-9abe-0e96262b1b40","full":2.6},"geometry":{"type":"Polygon","coordinates":[[[136.21243,35.89814],[136.21288,35.89817],[136.21291,35.898],[136.21245,35.89798],[136.21243,35.89814]]]}},{"type":"Feature","properties":{"pid":"a882d4f5-031e-45fa-80a5-54652de4da4b","full":9.2},"geometry":{"type":"Polygon","coordinates":[[[136.21324,35.89881],[136.21327,35.89865],[136.21238,35.89851],[136.21236,35.89876],[136.21324,35.89881]]]}},{"type":"Feature","properties":{"pid":"8468bdd5-6332-4950-8759-142f0560acdb","full":10.3},"geometry":{"type":"Polygon","coordinates":[[[136.21315,35.89909],[136.21234,35.89904],[136.21231,35.8993],[136.21295,35.89934],[136.2131,35.89918],[136.21315,35.89909]]]}},{"type":"Feature","properties":{"pid":"502d1e02-a4c5-4a86-88d9-fbb07d1ebb92","full":6.3},"geometry":{"type":"Polygon","coordinates":[[[136.21315,35.89908],[136.21317,35.89903],[136.21307,35.899],[136.21284,35.89898],[136.21282,35.89893],[136.21284,35.89881],[136.21235,35.89877],[136.21234,35.89903],[136.21315,35.89908]]]}},{"type":"Feature","properties":{"pid":"4d9e03b2-667f-46e7-a3a6-deb14c21148e","full":17.7},"geometry":{"type":"Polygon","coordinates":[[[136.21227,35.8985],[136.21116,35.89843],[136.21113,35.89869],[136.21225,35.89876],[136.21227,35.8985]]]}},{"type":"Feature","properties":{"pid":"8e585244-afc7-486a-aacc-b79bf04fbd3f","full":16.7},"geometry":{"type":"Polygon","coordinates":[[[136.21224,35.89877],[136.21113,35.8987],[136.21111,35.89895],[136.21222,35.89903],[136.21224,35.89877]]]}},{"type":"Feature","properties":{"pid":"d15a7214-8d43-4f06-be93-d385ff6dc451","full":16.8},"geometry":{"type":"Polygon","coordinates":[[[136.21222,35.89904],[136.21111,35.89897],[136.21109,35.8992],[136.21112,35.8992],[136.21112,35.89923],[136.21219,35.89929],[136.21222,35.89904]]]}},{"type":"Feature","properties":{"pid":"1de747c9-f1b6-4133-a79a-9e63612f02c0","full":7.0},"geometry":{"type":"Polygon","coordinates":[[[136.21222,35.89843],[136.21223,35.89827],[136.21118,35.8982],[136.21117,35.89837],[136.21222,35.89843]]]}},{"type":"Feature","properties":{"pid":"fcad300a-0cf7-4003-a48c-6ab60410acae","full":16.4},"geometry":{"type":"Polygon","coordinates":[[[136.2112,35.89809],[136.21231,35.89816],[136.21232,35.89791],[136.21122,35.89784],[136.2112,35.89809]]]}},{"type":"Feature","properties":{"pid":"f7e407e8-706c-40ca-bdad-416b878fcc95","full":16.7},"geometry":{"type":"Polygon","coordinates":[[[136.21129,35.89757],[136.21124,35.89771],[136.21122,35.89783],[136.21233,35.89789],[136.21234,35.89763],[136.21129,35.89757]]]}},{"type":"Feature","properties":{"pid":"52e0f011-01cc-4828-924e-f56b1286a1a2","full":2.8},"geometry":{"type":"Polygon","coordinates":[[[136.21114,35.89756],[136.21054,35.89752],[136.21055,35.89759],[136.21041,35.89764],[136.21041,35.89766],[136.21106,35.89771],[136.21107,35.89767],[136.21111,35.89767],[136.21114,35.89756]]]}},{"type":"Feature","properties":{"pid":"932023ad-0e78-4169-af88-95d2b1a8ecac","full":18.4},"geometry":{"type":"Polygon","coordinates":[[[136.21023,35.89732],[136.2105,35.89731],[136.21054,35.89751],[136.21114,35.89755],[136.21117,35.89724],[136.21065,35.89712],[136.21039,35.89707],[136.21025,35.89712],[136.21023,35.89732]]]}},{"type":"Feature","properties":{"pid":"0b835a14-9227-4846-b58a-4ca6a3bf63f5","full":12.8},"geometry":{"type":"Polygon","coordinates":[[[136.21211,35.89736],[136.21151,35.89733],[136.2114,35.89743],[136.21135,35.89749],[136.2113,35.89756],[136.21235,35.89762],[136.21237,35.89741],[136.21211,35.89736]]]}},{"type":"Feature","properties":{"pid":"09b78498-8ff6-49a3-8a09-b9b058b1750e","full":7.0},"geometry":{"type":"Polygon","coordinates":[[[136.21296,35.89463],[136.21301,35.89374],[136.2127,35.89372],[136.21288,35.89461],[136.21291,35.89461],[136.21291,35.89463],[136.21296,35.89463]]]}},{"type":"Feature","properties":{"pid":"e98e16c5-2384-49b9-97ca-553fe6cbb9fd","full":15.8},"geometry":{"type":"Polygon","coordinates":[[[136.21329,35.89464],[136.21334,35.89375],[136.21304,35.89374],[136.21298,35.89462],[136.21301,35.89462],[136.21302,35.89463],[136.21329,35.89464]]]}},{"type":"Feature","properties":{"pid":"4cc2ba00-2fb5-4274-ace5-9bb44a5057cf","full":8.6},"geometry":{"type":"Polygon","coordinates":[[[136.21325,35.89539],[136.21329,35.89473],[136.21288,35.89471],[136.21288,35.8949],[136.21318,35.8953],[136.21323,35.89539],[136.21325,35.89539]]]}},{"type":"Feature","properties":{"pid":"91b3f1b9-75d5-48db-88e2-e92f48355bca","full":2.6},"geometry":{"type":"Polygon","coordinates":[[[136.21361,35.89554],[136.21361,35.89564],[136.21357,35.89577],[136.21339,35.89593],[136.21352,35.89599],[136.21352,35.89608],[136.21362,35.89607],[136.21371,35.89587],[136.21376,35.89579],[136.21376,35.89575],[136.21372,35.89565],[136.21368,35.89559],[136.21361,35.89554]]]}},{"type":"Feature","properties":{"pid":"b2c49a1f-ebdc-48e1-acc4-ccb95a2136f4","full":1.1},"geometry":{"type":"Polygon","coordinates":[[[136.21328,35.89524],[136.21341,35.89525],[136.21345,35.89473],[136.2133,35.89472],[136.21328,35.89524]]]}},{"type":"Feature","properties":{"pid":"c76cbffa-b765-49c2-bf6a-cf607cb71b91","full":3.2},"geometry":{"type":"Polygon","coordinates":[[[136.21363,35.89473],[136.21346,35.89473],[136.21342,35.89535],[136.2135,35.89535],[136.21351,35.89543],[136.21358,35.89545],[136.21363,35.89473]]]}},{"type":"Feature","properties":{"pid":"39106ab8-0ab8-43e4-b117-c547f4fcb7ab","full":12.8},"geometry":{"type":"Polygon","coordinates":[[[136.21396,35.89474],[136.21368,35.89473],[136.21364,35.89477],[136.2136,35.89545],[136.21391,35.89548],[136.21396,35.89474]]]}},{"type":"Feature","properties":{"pid":"4365c05f-a7b0-44ce-a660-fcaebb9ccb00","full":5.6},"geometry":{"type":"Polygon","coordinates":[[[136.21528,35.89443],[136.21531,35.89408],[136.21517,35.89409],[136.21499,35.89409],[136.21491,35.89436],[136.21493,35.89439],[136.21528,35.89443]]]}},{"type":"Feature","properties":{"pid":"c8c084f9-4cd9-4e4a-b205-51c28db66fdd","full":4.1},"geometry":{"type":"Polygon","coordinates":[[[136.21451,35.89468],[136.21453,35.89431],[136.21479,35.89431],[136.21482,35.8942],[136.21434,35.89419],[136.21431,35.89466],[136.21434,35.89466],[136.21434,35.89468],[136.21451,35.89468]]]}},{"type":"Feature","properties":{"pid":"e7efb1fb-0e82-407a-871a-48539a92f549","full":2.4},"geometry":{"type":"Polygon","coordinates":[[[136.21434,35.89418],[136.21482,35.89419],[136.21486,35.89407],[136.21483,35.89406],[136.21484,35.89405],[136.21434,35.89402],[136.21434,35.89418]]]}},{"type":"Feature","properties":{"pid":"29e99291-730a-4c71-88f1-beac24eb4121","full":7.1},"geometry":{"type":"Polygon","coordinates":[[[136.21417,35.89467],[136.21422,35.89378],[136.21402,35.89377],[136.21397,35.89465],[136.21399,35.89465],[136.21399,35.89466],[136.21417,35.89467]]]}},{"type":"Feature","properties":{"pid":"3089bbd6-04ea-4f36-978c-4e5bb2458eb4","full":16.2},"geometry":{"type":"Polygon","coordinates":[[[136.21396,35.89466],[136.21401,35.89377],[136.2137,35.89376],[136.21365,35.89464],[136.21367,35.89464],[136.21367,35.89465],[136.21396,35.89466]]]}},{"type":"Feature","properties":{"pid":"3b841b5a-6e06-42b3-8daa-0060ddb459db","full":15.7},"geometry":{"type":"Polygon","coordinates":[[[136.21362,35.89465],[136.21367,35.89376],[136.21337,35.89375],[136.21332,35.89463],[136.21334,35.89463],[136.21334,35.89464],[136.21362,35.89465]]]}},{"type":"Feature","properties":{"pid":"b7f010f9-fcd7-4b4a-ad68-a4fe104d318e","full":15.9},"geometry":{"type":"Polygon","coordinates":[[[136.21368,35.8937],[136.21373,35.89282],[136.21344,35.89281],[136.21344,35.89282],[136.21342,35.89282],[136.21337,35.89369],[136.21368,35.8937]]]}},{"type":"Feature","properties":{"pid":"00276b3c-8aee-464c-85ef-686d95da4237","full":16.1},"geometry":{"type":"Polygon","coordinates":[[[136.21401,35.89371],[136.21406,35.89284],[136.21377,35.89282],[136.21377,35.89283],[136.21375,35.89284],[136.2137,35.8937],[136.21401,35.89371]]]}},{"type":"Feature","properties":{"pid":"db9e08dc-896d-40f0-8905-cb68111a0347","full":17.0},"geometry":{"type":"Polygon","coordinates":[[[136.2144,35.89284],[136.21411,35.89284],[136.2141,35.89285],[136.21408,35.89285],[136.21403,35.89372],[136.21435,35.89373],[136.2144,35.89284]]]}},{"type":"Feature","properties":{"pid":"aef8e947-c7bd-45e7-b3ff-188105017f47","full":10.6},"geometry":{"type":"Polygon","coordinates":[[[136.21557,35.89365],[136.21511,35.89361],[136.21501,35.89402],[136.21527,35.89402],[136.21552,35.89399],[136.21552,35.89375],[136.21556,35.89374],[136.21557,35.89365]]]}},{"type":"Feature","properties":{"pid":"c46cf870-098c-4c85-b3d0-32b947938744","full":0.8},"geometry":{"type":"Polygon","coordinates":[[[136.21512,35.8936],[136.21535,35.89362],[136.21538,35.89346],[136.21516,35.89345],[136.21512,35.8936]]]}},{"type":"Feature","properties":{"pid":"1611c55f-48fe-4af7-9289-7ed246d2c2d7","full":2.2},"geometry":{"type":"Polygon","coordinates":[[[136.21552,35.89346],[136.21557,35.89326],[136.21529,35.89323],[136.21527,35.89332],[136.21519,35.89331],[136.21516,35.89343],[136.21552,35.89346]]]}},{"type":"Feature","properties":{"pid":"b869e7e5-618a-4a75-856d-26557de5acea","full":16.7},"geometry":{"type":"Polygon","coordinates":[[[136.21473,35.89286],[136.21444,35.89285],[136.21444,35.89286],[136.21441,35.89286],[136.21436,35.89373],[136.21468,35.89375],[136.21473,35.89286]]]}},{"type":"Feature","properties":{"pid":"56ea9cee-c29b-4675-8906-c4db99ed6a68","full":4.3},"geometry":{"type":"Polygon","coordinates":[[[136.21521,35.8932],[136.21557,35.89324],[136.21563,35.89301],[136.21555,35.89298],[136.21527,35.89294],[136.21521,35.8932]]]}},{"type":"Feature","properties":{"pid":"cf9d4601-2087-4a23-8800-fb0bffb4787e","full":2.9},"geometry":{"type":"Polygon","coordinates":[[[136.21568,35.89261],[136.21538,35.89256],[136.21531,35.8928],[136.21557,35.89284],[136.21565,35.89272],[136.21568,35.89261]]]}},{"type":"Feature","properties":{"pid":"f796c913-5966-4477-bbab-3c100a3e9996","full":1.1},"geometry":{"type":"Polygon","coordinates":[[[136.21586,35.89227],[136.2157,35.89224],[136.21564,35.89254],[136.21579,35.89256],[136.21586,35.89227]]]}},{"type":"Feature","properties":{"pid":"ae4194b8-f07e-4e44-a156-f180090f30e9","full":22.4},"geometry":{"type":"Polygon","coordinates":[[[136.21474,35.89278],[136.21515,35.89279],[136.21518,35.89277],[136.21533,35.89212],[136.21478,35.8921],[136.21474,35.89278]]]}},{"type":"Feature","properties":{"pid":"2ea39412-4c03-4dff-bdb3-e1b432858ec8","full":17.1},"geometry":{"type":"Polygon","coordinates":[[[136.21441,35.89277],[136.21473,35.89278],[136.21478,35.89188],[136.21446,35.89187],[136.21441,35.89277]]]}},{"type":"Feature","properties":{"pid":"b55e9b5f-5c3d-4766-a774-664e9f4216a6","full":16.4},"geometry":{"type":"Polygon","coordinates":[[[136.2144,35.89277],[136.21444,35.89187],[136.21413,35.89187],[136.21408,35.89275],[136.2144,35.89277]]]}},{"type":"Feature","properties":{"pid":"e9e05983-522b-4110-bee8-dec8646b99b9","full":3.9},"geometry":{"type":"Polygon","coordinates":[[[136.21269,35.89248],[136.21269,35.89227],[136.21226,35.89226],[136.21225,35.89247],[136.21269,35.89248]]]}},{"type":"Feature","properties":{"pid":"4aee9287-1d94-419b-b2c4-cdd03f57424c","full":4.4},"geometry":{"type":"Polygon","coordinates":[[[136.21267,35.89272],[136.21269,35.89249],[136.21225,35.89248],[136.21223,35.8927],[136.21267,35.89272]]]}},{"type":"Feature","properties":{"pid":"098a255a-edbf-4ea3-bd47-731193b5ce67","full":10.9},"geometry":{"type":"Polygon","coordinates":[[[136.21264,35.89338],[136.21266,35.89278],[136.21224,35.89277],[136.21223,35.89291],[136.21227,35.89299],[136.21239,35.89315],[136.21241,35.89333],[136.21244,35.89334],[136.21245,35.89337],[136.21264,35.89338]]]}},{"type":"Feature","properties":{"pid":"ba5418f2-1dc4-4b61-9775-ac83c644e836","full":16.4},"geometry":{"type":"Polygon","coordinates":[[[136.21336,35.89369],[136.2134,35.89281],[136.2131,35.8928],[136.2131,35.89281],[136.21308,35.89281],[136.21304,35.89367],[136.21336,35.89369]]]}},{"type":"Feature","properties":{"pid":"1a661667-9172-484c-bc0b-ac33916aa6b9","full":16.5},"geometry":{"type":"Polygon","coordinates":[[[136.21302,35.89367],[136.21307,35.8928],[136.21278,35.8928],[136.21277,35.89281],[136.21275,35.89281],[136.2127,35.89366],[136.21302,35.89367]]]}},{"type":"Feature","properties":{"pid":"26298295-c78b-4b2d-adfc-27b7dae132da","full":6.7},"geometry":{"type":"Polygon","coordinates":[[[136.20902,35.89579],[136.20956,35.89583],[136.20911,35.89532],[136.20903,35.89534],[136.20904,35.89542],[136.20904,35.89551],[136.20902,35.89579]]]}},{"type":"Feature","properties":{"pid":"1d53364a-3d54-4aca-8b05-8c1a6e609297","full":15.2},"geometry":{"type":"Polygon","coordinates":[[[136.20781,35.89546],[136.20779,35.8957],[136.20887,35.89577],[136.20889,35.89553],[136.20781,35.89546]]]}},{"type":"Feature","properties":{"pid":"4bf4c81a-0550-46e6-a656-8d01db3bca8a","full":15.3},"geometry":{"type":"Polygon","coordinates":[[[136.20889,35.89552],[136.20875,35.89524],[136.20783,35.89519],[136.20781,35.89545],[136.20889,35.89552]]]}},{"type":"Feature","properties":{"pid":"3f78337f-541c-4c34-9920-d491ed8c85c0","full":11.5},"geometry":{"type":"Polygon","coordinates":[[[136.20854,35.89496],[136.20787,35.89491],[136.20784,35.89517],[136.20874,35.89523],[136.2087,35.89515],[136.20854,35.89496]]]}},{"type":"Feature","properties":{"pid":"7a1bd6b7-b958-44da-9985-30cff168a28b","full":6.9},"geometry":{"type":"Polygon","coordinates":[[[136.20851,35.89494],[136.20831,35.89475],[136.20791,35.89449],[136.20787,35.8949],[136.20851,35.89494]]]}},{"type":"Feature","properties":{"pid":"7aec5643-9e64-42f8-a2ba-f8ea4f3ffdad","full":4.0},"geometry":{"type":"Polygon","coordinates":[[[136.20786,35.89459],[136.20788,35.89447],[136.20762,35.89434],[136.20744,35.89424],[136.20745,35.89457],[136.20786,35.89459]]]}},{"type":"Feature","properties":{"pid":"be1b6406-40c1-42dc-98ff-c17f433d9505","full":17.0},"geometry":{"type":"Polygon","coordinates":[[[136.20671,35.89482],[136.20782,35.8949],[136.20785,35.89464],[136.20676,35.89456],[136.20673,35.89475],[136.20671,35.89482]]]}},{"type":"Feature","properties":{"pid":"074a3a7c-c146-41db-b625-37a69b41274b","full":18.4},"geometry":{"type":"Polygon","coordinates":[[[136.2065,35.89589],[136.2077,35.89597],[136.20772,35.89572],[136.2065,35.89564],[136.20648,35.89576],[136.2065,35.89589]]]}},{"type":"Feature","properties":{"pid":"8c18ce31-f864-4a1d-ab5c-5f89d75f1ff7","full":18.7},"geometry":{"type":"Polygon","coordinates":[[[136.20772,35.89571],[136.20775,35.89544],[136.20655,35.89538],[136.20651,35.89562],[136.20772,35.89571]]]}},{"type":"Feature","properties":{"pid":"450704a4-2f06-4aa7-bd1e-d2c6b1fbe2ac","full":18.9},"geometry":{"type":"Polygon","coordinates":[[[136.20655,35.89536],[136.20775,35.89543],[136.20777,35.89518],[136.20656,35.89509],[136.20655,35.89536]]]}},{"type":"Feature","properties":{"pid":"e62eed66-8330-477a-9a1b-7d0aedbcebc0","full":17.6},"geometry":{"type":"Polygon","coordinates":[[[136.20778,35.89517],[136.2078,35.89491],[136.20669,35.89484],[136.2066,35.89495],[136.20656,35.89507],[136.20778,35.89517]]]}},{"type":"Feature","properties":{"pid":"156c6346-8df9-415e-a5db-e29131db6ceb","full":10.4},"geometry":{"type":"Polygon","coordinates":[[[136.20711,35.89417],[136.20662,35.89414],[136.20662,35.89435],[136.20654,35.89435],[136.20654,35.89439],[136.20661,35.89442],[136.2067,35.89449],[136.20672,35.89452],[136.20711,35.89454],[136.20711,35.89417]]]}},{"type":"Feature","properties":{"pid":"248ce35e-ce0b-45ba-93b0-8c146b1ca610","full":12.9},"geometry":{"type":"Polygon","coordinates":[[[136.20565,35.89405],[136.20565,35.89422],[136.20568,35.89428],[136.20602,35.89434],[136.20615,35.89432],[136.20637,35.89434],[136.20648,35.89438],[136.20647,35.89405],[136.20565,35.89405]]]}},{"type":"Feature","properties":{"pid":"70460afc-e5fe-44dc-b6d4-449dd49bcc25","full":18.2},"geometry":{"type":"Polygon","coordinates":[[[136.20647,35.89404],[136.20646,35.89369],[136.20564,35.8937],[136.20564,35.89404],[136.20647,35.89404]]]}},{"type":"Feature","properties":{"pid":"58d0f312-9f84-4fdd-aa0f-089b3c024d96","full":18.2},"geometry":{"type":"Polygon","coordinates":[[[136.20647,35.89334],[136.20564,35.89334],[136.20564,35.89368],[136.20648,35.89368],[136.20647,35.89334]]]}},{"type":"Feature","properties":{"pid":"3c414755-3e85-44b2-b9af-43fdd4e7d0bc","full":1.7},"geometry":{"type":"Polygon","coordinates":[[[136.20682,35.8936],[136.20668,35.89334],[136.20652,35.89334],[136.20652,35.89358],[136.20682,35.8936]]]}},{"type":"Feature","properties":{"pid":"55b0227a-cd09-473c-897b-03f7fb0564ac","full":4.1},"geometry":{"type":"Polygon","coordinates":[[[136.20703,35.89389],[136.2069,35.89375],[136.20682,35.89362],[136.20653,35.89359],[136.20653,35.89385],[136.20703,35.89389]]]}},{"type":"Feature","properties":{"pid":"0c7376a5-371e-40c7-90a8-b7b6f1a57f21","full":7.8},"geometry":{"type":"Polygon","coordinates":[[[136.2071,35.89395],[136.20704,35.8939],[136.20653,35.89386],[136.20653,35.89412],[136.20711,35.89416],[136.2071,35.89395]]]}},{"type":"Feature","properties":{"pid":"4e036939-b24a-4293-bc78-4bee0931dcc0","full":2.0},"geometry":{"type":"Polygon","coordinates":[[[136.20518,35.89352],[136.20555,35.89352],[136.20555,35.89335],[136.20522,35.89335],[136.20518,35.89352]]]}},{"type":"Feature","properties":{"pid":"2d8a6e68-cff6-443c-a8b9-fbcdd2f3f4ba","full":2.1},"geometry":{"type":"Polygon","coordinates":[[[136.20556,35.89368],[136.20555,35.89353],[136.20517,35.89353],[136.20513,35.89369],[136.20556,35.89368]]]}},{"type":"Feature","properties":{"pid":"fcf3baf1-eb12-48c0-aa5d-22ec2c80fb59","full":9.6},"geometry":{"type":"Polygon","coordinates":[[[136.20503,35.89405],[136.20556,35.89404],[136.20556,35.89369],[136.20513,35.8937],[136.20503,35.89405]]]}},{"type":"Feature","properties":{"pid":"67706dba-339b-403a-ba5b-bc1a6216ad78","full":1.0},"geometry":{"type":"Polygon","coordinates":[[[136.20407,35.89334],[136.2038,35.89335],[136.20377,35.89348],[136.20407,35.89351],[136.20407,35.89334]]]}},{"type":"Feature","properties":{"pid":"93616973-304d-41f6-97ec-e531589c12da","full":4.8},"geometry":{"type":"Polygon","coordinates":[[[136.20408,35.8938],[136.20432,35.89386],[136.20431,35.89334],[136.20408,35.89335],[136.20408,35.8938]]]}},{"type":"Feature","properties":{"pid":"07df4b60-45df-48d4-8f8c-221aabba6969","full":1.3},"geometry":{"type":"Polygon","coordinates":[[[136.20347,35.89353],[136.20369,35.89355],[136.20373,35.89335],[136.20347,35.89336],[136.20347,35.89353]]]}},{"type":"Feature","properties":{"pid":"f8541022-c5dc-4289-a8c6-b2958ea671ee","full":0.6},"geometry":{"type":"Polygon","coordinates":[[[136.2034,35.89294],[136.20326,35.89294],[136.20327,35.89327],[136.2034,35.89327],[136.2034,35.89294]]]}},{"type":"Feature","properties":{"pid":"4f1d674a-20e7-4dd4-b66f-ce82abb533ec","full":17.0},"geometry":{"type":"Polygon","coordinates":[[[136.20374,35.89258],[136.20291,35.89258],[136.20291,35.89261],[136.20305,35.89294],[136.20374,35.89292],[136.20374,35.89258]]]}},{"type":"Feature","properties":{"pid":"ec8734f6-4702-4253-a8e7-bb28ad6f040b","full":0.8},"geometry":{"type":"Polygon","coordinates":[[[136.20341,35.89327],[136.20356,35.89327],[136.20355,35.89294],[136.20341,35.89294],[136.20341,35.89327]]]}},{"type":"Feature","properties":{"pid":"b6a3ad6a-bc89-4ff9-ac0d-8e60814a3af8","full":1.5},"geometry":{"type":"Polygon","coordinates":[[[136.20357,35.89327],[136.20374,35.89327],[136.20374,35.89294],[136.20357,35.89294],[136.20357,35.89327]]]}},{"type":"Feature","properties":{"pid":"d119ca49-c4f5-486f-95c0-96bf712a65aa","full":13.1},"geometry":{"type":"Polygon","coordinates":[[[136.20384,35.89294],[136.20384,35.89327],[136.20447,35.89326],[136.20452,35.89293],[136.20384,35.89294]]]}},{"type":"Feature","properties":{"pid":"f951882e-f8c3-4935-ad8a-0de3f100e68e","full":15.9},"geometry":{"type":"Polygon","coordinates":[[[136.20384,35.89293],[136.20453,35.89292],[136.20459,35.89257],[136.20383,35.89258],[136.20384,35.89293]]]}},{"type":"Feature","properties":{"pid":"ba876441-d836-4e17-9862-606eef12bd29","full":17.6},"geometry":{"type":"Polygon","coordinates":[[[136.20459,35.89257],[136.20461,35.89242],[136.20463,35.89221],[136.20383,35.89222],[136.20383,35.89257],[136.20459,35.89257]]]}},{"type":"Feature","properties":{"pid":"1aaf3b95-968a-4da0-9aa3-398853c7d0b3","full":18.3},"geometry":{"type":"Polygon","coordinates":[[[136.20291,35.89257],[136.20374,35.89257],[136.20373,35.89222],[136.20291,35.89223],[136.20291,35.89257]]]}},{"type":"Feature","properties":{"pid":"1f2b6461-9850-43c0-b756-7a84e6d80e06","full":6.5},"geometry":{"type":"Polygon","coordinates":[[[136.20285,35.89222],[136.20216,35.89222],[136.20217,35.89242],[136.20286,35.89242],[136.20285,35.89222]]]}},{"type":"Feature","properties":{"pid":"a9fe6b65-266b-4dec-aa60-3d1b9ce52e46","full":11.1},"geometry":{"type":"Polygon","coordinates":[[[136.20247,35.89274],[136.20257,35.89274],[136.20257,35.89293],[136.20301,35.89295],[136.20285,35.8926],[136.20285,35.89243],[136.20247,35.89243],[136.20247,35.89274]]]}},{"type":"Feature","properties":{"pid":"908a60b7-4ad5-4096-b3f3-c9e0a5efe082","full":3.0},"geometry":{"type":"Polygon","coordinates":[[[136.2009,35.8948],[136.20116,35.89481],[136.20113,35.89445],[136.20091,35.8945],[136.2009,35.8948]]]}},{"type":"Feature","properties":{"pid":"75ad420c-2889-497a-bd9a-78025608439b","full":1.4},"geometry":{"type":"Polygon","coordinates":[[[136.2007,35.8948],[136.20089,35.8948],[136.20089,35.8945],[136.2008,35.89452],[136.20071,35.89451],[136.2007,35.8948]]]}},{"type":"Feature","properties":{"pid":"3eb90b4d-a0c6-4107-8cfc-0043e7161c2d","full":7.6},"geometry":{"type":"Polygon","coordinates":[[[136.20088,35.8954],[136.20103,35.89539],[136.20104,35.89533],[136.20117,35.89532],[136.20117,35.89521],[136.20115,35.8951],[136.20121,35.89505],[136.20124,35.89484],[136.2009,35.89484],[136.20088,35.8954]]]}},{"type":"Feature","properties":{"pid":"d33beec1-ac7d-4f05-b09e-325c6781f01e","full":2.1},"geometry":{"type":"Polygon","coordinates":[[[136.20054,35.89538],[136.20056,35.89484],[136.2004,35.89483],[136.20039,35.89538],[136.20054,35.89538]]]}},{"type":"Feature","properties":{"pid":"ca054fc0-a2d8-4d5e-83da-18cf1ce3fa13","full":9.8},"geometry":{"type":"Polygon","coordinates":[[[136.20089,35.89484],[136.20057,35.89484],[136.20055,35.89539],[136.20087,35.89539],[136.20089,35.89484]]]}},{"type":"Feature","properties":{"pid":"049670a2-2bc3-4c36-b85a-9c0eba0e559a","full":3.7},"geometry":{"type":"Polygon","coordinates":[[[136.20113,35.89546],[136.20061,35.89546],[136.2006,35.89574],[136.20072,35.89568],[136.20079,35.89565],[136.20102,35.89564],[136.20113,35.89546]]]}},{"type":"Feature","properties":{"pid":"c8058212-f7c3-481d-bac6-5be15a28dfbe","full":1.7},"geometry":{"type":"Polygon","coordinates":[[[136.20041,35.89607],[136.20059,35.89575],[136.2006,35.89545],[136.20043,35.89545],[136.20041,35.89607]]]}},{"type":"Feature","properties":{"pid":"f08bd588-c68e-4c87-8516-31ce1c428d15","full":1.7},"geometry":{"type":"Polygon","coordinates":[[[136.20516,35.89573],[136.20546,35.89561],[136.2054,35.8955],[136.20538,35.89548],[136.20528,35.89549],[136.20522,35.89551],[136.20512,35.89558],[136.20511,35.89571],[136.20516,35.89573]]]}},{"type":"Feature","properties":{"pid":"4b2dbd4d-4fd4-4c88-817b-50b71c3afa1f","full":14.7},"geometry":{"type":"Polygon","coordinates":[[[136.2053,35.89654],[136.20562,35.8965],[136.20545,35.8957],[136.20515,35.8958],[136.2053,35.89654]]]}},{"type":"Feature","properties":{"pid":"0e8d7351-0838-4033-8c20-040e9f53fd02","full":6.1},"geometry":{"type":"Polygon","coordinates":[[[136.20509,35.89658],[136.20529,35.89655],[136.20514,35.8958],[136.20494,35.89587],[136.20509,35.89658]]]}},{"type":"Feature","properties":{"pid":"7da30c78-58e7-4682-8866-a60bf82f934d","full":12.4},"geometry":{"type":"Polygon","coordinates":[[[136.20465,35.89664],[136.20496,35.89659],[136.20482,35.89591],[136.20459,35.89597],[136.20452,35.89604],[136.20465,35.89664]]]}},{"type":"Feature","properties":{"pid":"3409ba7e-f342-4dba-8813-1e8b46bb4dde","full":3.5},"geometry":{"type":"Polygon","coordinates":[[[136.20464,35.89664],[136.20451,35.89605],[136.20448,35.89618],[136.2044,35.89638],[136.20432,35.89661],[136.20432,35.89668],[136.20464,35.89664]]]}},{"type":"Feature","properties":{"pid":"c9209056-0f18-4514-9f76-bf21722afd38","full":14.7},"geometry":{"type":"Polygon","coordinates":[[[136.20513,35.89744],[136.20517,35.89718],[136.2042,35.89711],[136.20411,35.89736],[136.20513,35.89744]]]}},{"type":"Feature","properties":{"pid":"6cd8203e-06fc-4143-aec0-fff078d0dccc","full":14.9},"geometry":{"type":"Polygon","coordinates":[[[136.20402,35.89763],[136.20511,35.89769],[136.20513,35.89745],[136.20411,35.89738],[136.20402,35.89763]]]}},{"type":"Feature","properties":{"pid":"e1fc27f4-3e8b-4706-9aa9-2101e11baed1","full":6.7},"geometry":{"type":"Polygon","coordinates":[[[136.20519,35.89698],[136.20427,35.89694],[136.20421,35.8971],[136.20517,35.89716],[136.20519,35.89698]]]}},{"type":"Feature","properties":{"pid":"5bdd1f9e-f140-43f9-b5eb-a1b357ed7baa","full":8.8},"geometry":{"type":"Polygon","coordinates":[[[136.20428,35.8969],[136.20519,35.89694],[136.20522,35.89674],[136.20473,35.89669],[136.20433,35.89675],[136.20428,35.8969]]]}},{"type":"Feature","properties":{"pid":"356d0d4f-e76f-4a93-bd49-05ed667d94d6","full":1.6},"geometry":{"type":"Polygon","coordinates":[[[136.20344,35.89656],[136.20351,35.89653],[136.20358,35.89629],[136.20335,35.89626],[136.20331,35.89636],[136.20337,35.89649],[136.20344,35.89656]]]}},{"type":"Feature","properties":{"pid":"29055487-5ebc-4c19-ac63-7794b4a458c0","full":11.1},"geometry":{"type":"Polygon","coordinates":[[[136.20081,35.89786],[136.20063,35.8976],[136.20057,35.89749],[136.20054,35.8974],[136.20052,35.89738],[136.2005,35.89738],[136.20047,35.89828],[136.20079,35.89828],[136.20081,35.89786]]]}},{"type":"Feature","properties":{"pid":"84976990-e4f9-410c-bcbc-392670773adf","full":1.4},"geometry":{"type":"Polygon","coordinates":[[[136.20081,35.89828],[136.20109,35.89829],[136.20109,35.89828],[136.20083,35.89789],[136.20082,35.8979],[136.20081,35.89828]]]}},{"type":"Feature","properties":{"pid":"5047e8e3-ce8b-49d9-aad3-ada71eff8704","full":17.2},"geometry":{"type":"Polygon","coordinates":[[[136.20079,35.89832],[136.20047,35.89831],[136.20045,35.89922],[136.20077,35.89923],[136.20079,35.89832]]]}},{"type":"Feature","properties":{"pid":"ded5e495-daf3-4b66-b4f2-cfe341d28f83","full":17.8},"geometry":{"type":"Polygon","coordinates":[[[136.20111,35.89923],[136.20113,35.89832],[136.2008,35.89832],[136.20078,35.89923],[136.20111,35.89923]]]}},{"type":"Feature","properties":{"pid":"331bd53f-5a81-4ea6-ac57-35f05f93851a","full":1.9},"geometry":{"type":"Polygon","coordinates":[[[136.20137,35.89923],[136.20138,35.89923],[136.20156,35.89891],[136.20157,35.89876],[136.20151,35.89865],[136.20139,35.89864],[136.20137,35.89923]]]}},{"type":"Feature","properties":{"pid":"f5ddc469-5f3e-4384-b761-443ae314aa11","full":16.7},"geometry":{"type":"Polygon","coordinates":[[[136.20505,35.89833],[136.20382,35.89826],[136.2038,35.89847],[136.20383,35.89847],[136.20383,35.89849],[136.20504,35.89857],[136.20505,35.89833]]]}},{"type":"Feature","properties":{"pid":"ad1d7ac9-d906-4fdb-9eee-5230960df9dd","full":21.6},"geometry":{"type":"Polygon","coordinates":[[[136.20507,35.89803],[136.20393,35.89796],[136.20385,35.89815],[136.20382,35.89825],[136.20505,35.89832],[136.20507,35.89803]]]}},{"type":"Feature","properties":{"pid":"ec56e9c9-9575-4f6a-86d8-17bf702b7773","full":17.7},"geometry":{"type":"Polygon","coordinates":[[[136.20508,35.89798],[136.2051,35.8977],[136.20401,35.89764],[136.20396,35.89778],[136.20395,35.89789],[136.20508,35.89798]]]}},{"type":"Feature","properties":{"pid":"2b9657a1-dd44-4b5f-be6b-a675f4cc10d4","full":5.5},"geometry":{"type":"Polygon","coordinates":[[[136.20503,35.89858],[136.20385,35.89851],[136.20384,35.89852],[136.20382,35.89853],[136.20381,35.89865],[136.20502,35.89872],[136.20503,35.89858]]]}},{"type":"Feature","properties":{"pid":"1d4c055f-ea9c-4659-af19-ab373bdfcadd","full":23.8},"geometry":{"type":"Polygon","coordinates":[[[136.20501,35.8988],[136.20378,35.89872],[136.20375,35.89902],[136.20499,35.8991],[136.20501,35.8988]]]}},{"type":"Feature","properties":{"pid":"60b8f19f-0645-4ced-b4a5-b3f799328fc4","full":17.9},"geometry":{"type":"Polygon","coordinates":[[[136.20375,35.89904],[136.20374,35.89911],[136.20391,35.8993],[136.20495,35.89938],[136.20498,35.89911],[136.20375,35.89904]]]}},{"type":"Feature","properties":{"pid":"a4aaa8b5-41b0-4e44-a6b8-935a4b7ec0fa","full":17.0},"geometry":{"type":"Polygon","coordinates":[[[136.20615,35.89918],[136.20504,35.89912],[136.20501,35.89937],[136.20613,35.89944],[136.20615,35.89918]]]}},{"type":"Feature","properties":{"pid":"15c62e5a-f3bc-4bdd-8afd-effb573c403a","full":16.9},"geometry":{"type":"Polygon","coordinates":[[[136.20507,35.89885],[136.20504,35.89911],[136.20615,35.89918],[136.20618,35.89892],[136.20507,35.89885]]]}},{"type":"Feature","properties":{"pid":"b5afbfa7-3405-4576-83e8-6d10343acf26","full":17.7},"geometry":{"type":"Polygon","coordinates":[[[136.20618,35.89891],[136.2062,35.89865],[136.20509,35.89857],[136.20506,35.89884],[136.20618,35.89891]]]}},{"type":"Feature","properties":{"pid":"48014e14-c793-4925-a112-028775b1ebde","full":17.2},"geometry":{"type":"Polygon","coordinates":[[[136.20743,35.899],[136.20628,35.89893],[136.20626,35.89918],[136.2074,35.89926],[136.20743,35.899]]]}},{"type":"Feature","properties":{"pid":"7e7a054a-1929-415c-9934-814b3c5f5c8e","full":18.3},"geometry":{"type":"Polygon","coordinates":[[[136.20737,35.89953],[136.2074,35.89927],[136.20625,35.8992],[136.20622,35.89946],[136.20737,35.89953]]]}},{"type":"Feature","properties":{"pid":"39096a52-4249-44ba-90ee-ef6e77c5bd2a","full":17.5},"geometry":{"type":"Polygon","coordinates":[[[136.20746,35.89927],[136.20856,35.89933],[136.20858,35.89907],[136.20749,35.89899],[136.20746,35.89927]]]}},{"type":"Feature","properties":{"pid":"ab2e886a-c0f5-4cdb-9090-b5d3a4c6a3b3","full":16.1},"geometry":{"type":"Polygon","coordinates":[[[136.20858,35.89906],[136.2086,35.89881],[136.20752,35.89873],[136.20749,35.89899],[136.20858,35.89906]]]}},{"type":"Feature","properties":{"pid":"7b7a85ef-b942-49c4-87e5-18642e71b34d","full":17.0},"geometry":{"type":"Polygon","coordinates":[[[136.20752,35.89872],[136.20861,35.8988],[136.20864,35.89853],[136.20754,35.89847],[136.20752,35.89872]]]}},{"type":"Feature","properties":{"pid":"15a63350-c3c0-46d1-9474-3fab72290d70","full":18.3},"geometry":{"type":"Polygon","coordinates":[[[136.20631,35.89866],[136.20628,35.89892],[136.20743,35.89899],[136.20745,35.89873],[136.20631,35.89866]]]}},{"type":"Feature","properties":{"pid":"3764d88a-6bfe-4bbc-b016-434939cf3fa8","full":17.6},"geometry":{"type":"Polygon","coordinates":[[[136.20633,35.89838],[136.20631,35.89864],[136.20745,35.89872],[136.20748,35.89846],[136.20633,35.89838]]]}},{"type":"Feature","properties":{"pid":"e6ec0bd1-f405-4d53-a0b8-86e9e1ad451d","full":4.8},"geometry":{"type":"Polygon","coordinates":[[[136.20751,35.89819],[136.2065,35.89812],[136.20648,35.89826],[136.2075,35.89833],[136.20751,35.89819]]]}},{"type":"Feature","properties":{"pid":"81065622-144e-4c08-9a04-2bacd7a56371","full":16.8},"geometry":{"type":"Polygon","coordinates":[[[136.20866,35.89826],[136.20757,35.89819],[136.20754,35.89845],[136.20864,35.89852],[136.20866,35.89826]]]}},{"type":"Feature","properties":{"pid":"0992da6f-e6a9-42a5-b751-7c1733efdc64","full":17.6},"geometry":{"type":"Polygon","coordinates":[[[136.20759,35.89787],[136.20757,35.89814],[136.20857,35.8982],[136.20858,35.89816],[136.20868,35.89816],[136.2087,35.89794],[136.20759,35.89787]]]}},{"type":"Feature","properties":{"pid":"eb48624e-9618-4c52-8d4b-8d3bfe028135","full":29.2},"geometry":{"type":"Polygon","coordinates":[[[136.20752,35.89813],[136.20755,35.89776],[136.2064,35.8977],[136.20637,35.89803],[136.20641,35.89807],[136.20752,35.89813]]]}},{"type":"Feature","properties":{"pid":"fd0751d1-39ff-442d-8e1c-5325f49cf58d","full":17.0},"geometry":{"type":"Polygon","coordinates":[[[136.20623,35.89837],[136.20511,35.89831],[136.20509,35.89856],[136.2062,35.89864],[136.20623,35.89837]]]}},{"type":"Feature","properties":{"pid":"0c90781f-e591-4e48-9afc-563f5a7a1afc","full":17.1},"geometry":{"type":"Polygon","coordinates":[[[136.20511,35.8983],[136.20623,35.89836],[136.20625,35.89811],[136.20513,35.89803],[136.20511,35.8983]]]}},{"type":"Feature","properties":{"pid":"7a68c977-4649-44ab-941a-ed33a05645ba","full":16.7},"geometry":{"type":"Polygon","coordinates":[[[136.20516,35.89798],[136.20626,35.89804],[136.20628,35.89779],[136.20518,35.89772],[136.20516,35.89798]]]}},{"type":"Feature","properties":{"pid":"4f7e543b-d616-4d33-9d2e-4f1fe03fe44c","full":16.2},"geometry":{"type":"Polygon","coordinates":[[[136.20629,35.89777],[136.20631,35.89752],[136.2052,35.89745],[136.20519,35.89771],[136.20629,35.89777]]]}},{"type":"Feature","properties":{"pid":"3ff0fc13-be9e-4916-bace-fbc44935b552","full":16.0},"geometry":{"type":"Polygon","coordinates":[[[136.2052,35.89743],[136.20631,35.89751],[136.20632,35.89726],[136.20523,35.89718],[136.2052,35.89743]]]}},{"type":"Feature","properties":{"pid":"d6f7fde2-89cc-4abe-9dd9-35cca8f652d9","full":16.2},"geometry":{"type":"Polygon","coordinates":[[[136.20523,35.89717],[136.20634,35.89723],[136.20635,35.89698],[136.20525,35.89691],[136.20523,35.89717]]]}},{"type":"Feature","properties":{"pid":"98b20c39-6db8-4627-88c4-b8c106768116","full":20.9},"geometry":{"type":"Polygon","coordinates":[[[136.20526,35.89684],[136.20636,35.89691],[136.20638,35.89649],[136.20528,35.89665],[136.20526,35.89684]]]}},{"type":"Feature","properties":{"pid":"d1561c3c-181f-45b1-884f-55850afd7bb9","full":12.0},"geometry":{"type":"Polygon","coordinates":[[[136.20564,35.89649],[136.20595,35.89646],[136.20583,35.89587],[136.20547,35.89571],[136.20564,35.89649]]]}},{"type":"Feature","properties":{"pid":"de6b03e8-9217-48f3-8f12-c65afab91af6","full":2.3},"geometry":{"type":"Polygon","coordinates":[[[136.20596,35.89645],[136.20612,35.89643],[136.20602,35.89595],[136.20584,35.89588],[136.20596,35.89645]]]}},{"type":"Feature","properties":{"pid":"6e22bab0-ed19-44fe-80d4-3b4472cb38fd","full":8.8},"geometry":{"type":"Polygon","coordinates":[[[136.20613,35.89643],[136.20641,35.8964],[136.20645,35.89597],[136.2063,35.89595],[136.20604,35.89595],[136.20613,35.89643]]]}},{"type":"Feature","properties":{"pid":"d87950c2-4da9-400c-9885-6c5e072b6dc6","full":19.8},"geometry":{"type":"Polygon","coordinates":[[[136.20764,35.8968],[136.20767,35.89653],[136.2065,35.89645],[136.20649,35.89673],[136.20764,35.8968]]]}},{"type":"Feature","properties":{"pid":"299ac155-21b0-43b8-8489-12628be59693","full":28.0},"geometry":{"type":"Polygon","coordinates":[[[136.20651,35.89644],[136.20766,35.89651],[136.2077,35.89616],[136.20654,35.89608],[136.20651,35.89644]]]}},{"type":"Feature","properties":{"pid":"2c5885b3-fc92-4e35-849e-a68f5cf86671","full":5.0},"geometry":{"type":"Polygon","coordinates":[[[136.2077,35.89613],[136.2077,35.89599],[136.20655,35.89592],[136.20654,35.89605],[136.2077,35.89613]]]}},{"type":"Feature","properties":{"pid":"867a14fc-4d0e-48af-b420-c8348203f241","full":44.5},"geometry":{"type":"Polygon","coordinates":[[[136.20759,35.89733],[136.20764,35.89681],[136.2065,35.89675],[136.20645,35.89726],[136.20759,35.89733]]]}},{"type":"Feature","properties":{"pid":"39a45b6c-1464-49c2-b710-1f83e2fd46fe","full":33.5},"geometry":{"type":"Polygon","coordinates":[[[136.20755,35.89775],[136.20759,35.89734],[136.20645,35.89727],[136.2064,35.89768],[136.20755,35.89775]]]}},{"type":"Feature","properties":{"pid":"0a01c341-d60a-4ada-b411-7af6bb287873","full":17.1},"geometry":{"type":"Polygon","coordinates":[[[136.20875,35.8974],[136.20765,35.89733],[136.20763,35.8976],[136.20869,35.89766],[136.2087,35.89765],[136.20872,35.89765],[136.20875,35.8974]]]}},{"type":"Feature","properties":{"pid":"b6915295-c8bf-459f-a23c-c25669f1e8f2","full":16.8},"geometry":{"type":"Polygon","coordinates":[[[136.20877,35.89715],[136.20872,35.89715],[136.20873,35.89714],[136.20768,35.89706],[136.20765,35.89733],[136.20875,35.89739],[136.20877,35.89715]]]}},{"type":"Feature","properties":{"pid":"61b02570-5701-4f85-a4df-0b4e5e24a25f","full":14.3},"geometry":{"type":"Polygon","coordinates":[[[136.20887,35.89741],[136.20885,35.89767],[136.20983,35.89774],[136.20982,35.89748],[136.20887,35.89741]]]}},{"type":"Feature","properties":{"pid":"073b9fab-b930-4cf1-83a6-de780075e748","full":14.7},"geometry":{"type":"Polygon","coordinates":[[[136.20982,35.89747],[136.20982,35.89719],[136.2089,35.89714],[136.20888,35.8974],[136.20982,35.89747]]]}},{"type":"Feature","properties":{"pid":"a765a28e-e35e-41bb-a7d2-d5053d38da8f","full":17.0},"geometry":{"type":"Polygon","coordinates":[[[136.2088,35.89687],[136.20771,35.89679],[136.20768,35.89705],[136.20873,35.89713],[136.20873,35.89711],[136.20878,35.89711],[136.2088,35.89687]]]}},{"type":"Feature","properties":{"pid":"7de33345-5f1f-4641-ad4e-ebf86ec5cc9b","full":16.1},"geometry":{"type":"Polygon","coordinates":[[[136.20884,35.89632],[136.20776,35.89626],[136.20773,35.89651],[136.20882,35.89658],[136.20884,35.89632]]]}},{"type":"Feature","properties":{"pid":"728d42e0-da3d-4699-a27a-8e8c31aa5557","full":13.1},"geometry":{"type":"Polygon","coordinates":[[[136.20886,35.89609],[136.20778,35.89601],[136.2078,35.89617],[136.20777,35.89617],[136.20776,35.89624],[136.20884,35.89631],[136.20886,35.89609]]]}},{"type":"Feature","properties":{"pid":"01117564-b751-4197-a891-5aef3238667b","full":17.1},"geometry":{"type":"Polygon","coordinates":[[[136.20778,35.89572],[136.20776,35.89597],[136.20886,35.89605],[136.20888,35.89578],[136.20778,35.89572]]]}},{"type":"Feature","properties":{"pid":"31b61a99-ce13-4ea7-9e36-dd84c79cd7db","full":2.8},"geometry":{"type":"Polygon","coordinates":[[[136.20901,35.89595],[136.2097,35.89599],[136.20959,35.89584],[136.20901,35.89581],[136.20901,35.89595]]]}},{"type":"Feature","properties":{"pid":"871770ae-9a43-47a5-8471-0121710ba9cd","full":2.0},"geometry":{"type":"Polygon","coordinates":[[[136.20971,35.896],[136.209,35.89596],[136.209,35.89607],[136.20979,35.89613],[136.20971,35.896]]]}},{"type":"Feature","properties":{"pid":"d67e14b2-473a-485f-bb71-9cb9dcd64f1a","full":6.8},"geometry":{"type":"Polygon","coordinates":[[[136.21001,35.89666],[136.20995,35.8965],[136.2099,35.89649],[136.20896,35.89643],[136.20895,35.8966],[136.21001,35.89666]]]}},{"type":"Feature","properties":{"pid":"f05ac990-fee2-4bff-8764-cfdd7163d015","full":18.7},"geometry":{"type":"Polygon","coordinates":[[[136.20994,35.89648],[136.20993,35.89643],[136.20984,35.8962],[136.20981,35.89616],[136.209,35.89609],[136.20897,35.89642],[136.20994,35.89648]]]}},{"type":"Feature","properties":{"pid":"1d743fda-d04e-464b-91eb-1c2d80c92e66","full":2.0},"geometry":{"type":"Polygon","coordinates":[[[136.20952,35.8971],[136.20957,35.8971],[136.20959,35.89692],[136.20977,35.89693],[136.20976,35.89676],[136.21002,35.8967],[136.21002,35.89667],[136.20956,35.89664],[136.20952,35.8971]]]}},{"type":"Feature","properties":{"pid":"49522b6e-276a-4957-89c2-d0dabd6a5047","full":3.7},"geometry":{"type":"Polygon","coordinates":[[[136.20989,35.89777],[136.21005,35.89777],[136.2101,35.89717],[136.21001,35.89719],[136.20987,35.8972],[136.20989,35.89777]]]}},{"type":"Feature","properties":{"pid":"6a4550f4-df56-494a-a686-cacf583a3f9f","full":0.6},"geometry":{"type":"Polygon","coordinates":[[[136.21109,35.89772],[136.21035,35.89767],[136.21026,35.89771],[136.21025,35.89776],[136.21108,35.89782],[136.21109,35.89772]]]}},{"type":"Feature","properties":{"pid":"65e01788-5b3a-41be-a691-f9daf778b92d","full":16.4},"geometry":{"type":"Polygon","coordinates":[[[136.20998,35.89802],[136.21106,35.89808],[136.21108,35.89782],[136.21016,35.89776],[136.21005,35.89782],[136.20999,35.89782],[136.20998,35.89802]]]}},{"type":"Feature","properties":{"pid":"8a810a2c-cc6b-41aa-aeb7-b7ddf7ae9e0e","full":17.0},"geometry":{"type":"Polygon","coordinates":[[[136.21106,35.89809],[136.20997,35.89803],[136.20995,35.89829],[136.21049,35.89832],[136.21104,35.89835],[136.21106,35.89809]]]}},{"type":"Feature","properties":{"pid":"a46e7eb8-65e3-4c5d-9a50-5bfa3fd99d01","full":3.5},"geometry":{"type":"Polygon","coordinates":[[[136.20983,35.89775],[136.20885,35.89768],[136.20884,35.89781],[136.20993,35.89789],[136.20993,35.89782],[136.20986,35.89782],[136.20983,35.89781],[136.20983,35.89775]]]}},{"type":"Feature","properties":{"pid":"9f0fe255-fd60-4ac3-866f-7dda22c9821e","full":2.4},"geometry":{"type":"Polygon","coordinates":[[[136.20883,35.89781],[136.20883,35.89794],[136.20991,35.898],[136.20992,35.89789],[136.20883,35.89781]]]}},{"type":"Feature","properties":{"pid":"9203152c-82ef-4b15-8d7a-4d65ee4efa29","full":16.8},"geometry":{"type":"Polygon","coordinates":[[[136.20872,35.89769],[136.20869,35.89769],[136.20869,35.89767],[136.20762,35.8976],[136.2076,35.89786],[136.2087,35.89793],[136.20872,35.89769]]]}},{"type":"Feature","properties":{"pid":"78ae8eca-119a-420f-8be2-689628af6e11","full":17.4},"geometry":{"type":"Polygon","coordinates":[[[136.20991,35.89801],[136.20882,35.89795],[136.2088,35.89821],[136.20989,35.89828],[136.20991,35.89801]]]}},{"type":"Feature","properties":{"pid":"36a96572-0be5-461b-9446-5aa340480234","full":16.3},"geometry":{"type":"Polygon","coordinates":[[[136.20986,35.8986],[136.20989,35.89834],[136.20882,35.89827],[136.20879,35.89853],[136.20986,35.8986]]]}},{"type":"Feature","properties":{"pid":"58024470-d4a2-441d-b645-b2e548f025ed","full":7.9},"geometry":{"type":"Polygon","coordinates":[[[136.20879,35.89855],[136.20878,35.89872],[136.20984,35.89879],[136.20986,35.89861],[136.20879,35.89855]]]}},{"type":"Feature","properties":{"pid":"d1a08959-22fe-49b2-8902-57ba85dd5101","full":2.8},"geometry":{"type":"Polygon","coordinates":[[[136.20984,35.8988],[136.20877,35.89872],[136.20876,35.89885],[136.20983,35.89891],[136.20984,35.8988]]]}},{"type":"Feature","properties":{"pid":"e721a95d-87e1-4aea-9118-ef363ecdbabe","full":11.6},"geometry":{"type":"Polygon","coordinates":[[[136.20982,35.89892],[136.20876,35.89885],[136.20875,35.89907],[136.20981,35.89913],[136.20982,35.89892]]]}},{"type":"Feature","properties":{"pid":"32a67ca8-ba33-483c-9f2d-6933d1f26201","full":16.3},"geometry":{"type":"Polygon","coordinates":[[[136.2098,35.89914],[136.20875,35.89908],[136.20872,35.89934],[136.20978,35.89941],[136.2098,35.89914]]]}},{"type":"Feature","properties":{"pid":"05a3dcc0-12cb-4356-aab3-6990c69c14a2","full":16.8},"geometry":{"type":"Polygon","coordinates":[[[136.21099,35.89868],[136.21102,35.89845],[136.21093,35.89844],[136.21093,35.8984],[136.20994,35.89834],[136.20992,35.8986],[136.21099,35.89868]]]}},{"type":"Feature","properties":{"pid":"6b5cb1b0-a494-4dca-8e5e-929560316321","full":15.5},"geometry":{"type":"Polygon","coordinates":[[[136.20993,35.89862],[136.2099,35.89887],[136.21097,35.89893],[136.21099,35.89868],[136.20993,35.89862]]]}},{"type":"Feature","properties":{"pid":"f189260c-2021-4833-b62f-745d6d96693e","full":16.4},"geometry":{"type":"Polygon","coordinates":[[[136.20987,35.89914],[136.21092,35.89921],[136.21092,35.89919],[136.21095,35.89918],[136.21098,35.89895],[136.2099,35.89888],[136.20987,35.89914]]]}},{"type":"Feature","properties":{"pid":"bcde3cd1-7fff-4dcb-b896-4e43ae501834","full":15.7},"geometry":{"type":"Polygon","coordinates":[[[136.21091,35.89947],[136.21091,35.89946],[136.21094,35.89945],[136.21096,35.89923],[136.20987,35.89916],[136.20984,35.89941],[136.21091,35.89947]]]}},{"type":"Feature","properties":{"pid":"d8193529-477f-40b9-8e08-bd35327f7e85","full":17.6},"geometry":{"type":"Polygon","coordinates":[[[136.20982,35.89969],[136.21088,35.89976],[136.21089,35.89973],[136.21091,35.89973],[136.21093,35.89949],[136.20984,35.89942],[136.20982,35.89969]]]}},{"type":"Feature","properties":{"pid":"1fbc23f9-d22d-4e6f-a76a-ade4269f4eed","full":17.2},"geometry":{"type":"Polygon","coordinates":[[[136.21083,35.9003],[136.21085,35.90028],[136.21087,35.90004],[136.20981,35.89996],[136.2098,35.90024],[136.21083,35.9003]]]}},{"type":"Feature","properties":{"pid":"d54af435-c3d9-4c55-96f8-031368a46bdb","full":15.4},"geometry":{"type":"Polygon","coordinates":[[[136.21088,35.90003],[136.21091,35.89977],[136.20982,35.89971],[136.20979,35.89995],[136.21088,35.90003]]]}},{"type":"Feature","properties":{"pid":"f685acfa-9b32-4fe2-a189-57bd059b4df6","full":16.9},"geometry":{"type":"Polygon","coordinates":[[[136.21081,35.90062],[136.21083,35.90036],[136.20975,35.90029],[136.20972,35.90055],[136.21081,35.90062]]]}},{"type":"Feature","properties":{"pid":"2b0d0501-208b-4a6c-82f0-8d2c0e31d424","full":18.1},"geometry":{"type":"Polygon","coordinates":[[[136.21077,35.90116],[136.21077,35.90114],[136.21079,35.90115],[136.21081,35.90088],[136.2097,35.90082],[136.20968,35.90108],[136.21077,35.90116]]]}},{"type":"Feature","properties":{"pid":"583c6487-3182-49ed-9973-1e7f8d74c12a","full":15.7},"geometry":{"type":"Polygon","coordinates":[[[136.2097,35.90082],[136.21078,35.90087],[136.21078,35.90085],[136.2108,35.90085],[136.21079,35.90079],[136.21081,35.90063],[136.20973,35.90056],[136.2097,35.90082]]]}},{"type":"Feature","properties":{"pid":"c795fbdd-a93c-4d0d-b109-f76cac41b230","full":16.5},"geometry":{"type":"Polygon","coordinates":[[[136.20969,35.90028],[136.20863,35.90021],[136.20861,35.90047],[136.20967,35.90054],[136.20969,35.90028]]]}},{"type":"Feature","properties":{"pid":"695e72b2-39f6-4106-b943-a3d34c3d1846","full":16.5},"geometry":{"type":"Polygon","coordinates":[[[136.20965,35.90081],[136.20967,35.90055],[136.20862,35.90048],[136.20862,35.9005],[136.2086,35.9005],[136.20858,35.90075],[136.20965,35.90081]]]}},{"type":"Feature","properties":{"pid":"08e40cc0-8719-4108-98a9-9e6627102269","full":16.0},"geometry":{"type":"Polygon","coordinates":[[[136.20964,35.90082],[136.20858,35.90076],[136.20856,35.901],[136.20857,35.901],[136.20858,35.90101],[136.20962,35.90108],[136.20964,35.90082]]]}},{"type":"Feature","properties":{"pid":"bb035d58-fa74-4605-81a2-a9f9dd7dd3a4","full":17.0},"geometry":{"type":"Polygon","coordinates":[[[136.20973,35.89996],[136.20866,35.89989],[136.20864,35.90016],[136.2097,35.90023],[136.20973,35.89996]]]}},{"type":"Feature","properties":{"pid":"5809f6a7-a9b6-4e2e-8557-2035c0cc19b7","full":16.1},"geometry":{"type":"Polygon","coordinates":[[[136.20972,35.89994],[136.20975,35.89969],[136.20869,35.89962],[136.20867,35.89988],[136.20972,35.89994]]]}},{"type":"Feature","properties":{"pid":"b1b052b1-ae39-4b8e-8585-f3b201ce7556","full":15.9},"geometry":{"type":"Polygon","coordinates":[[[136.20872,35.89935],[136.20869,35.89961],[136.20975,35.89968],[136.20978,35.89942],[136.20872,35.89935]]]}},{"type":"Feature","properties":{"pid":"4ced196d-1db3-42cc-afcb-7f440495c635","full":17.2},"geometry":{"type":"Polygon","coordinates":[[[136.20853,35.89961],[136.20856,35.89934],[136.20746,35.89928],[136.20743,35.89954],[136.20853,35.89961]]]}},{"type":"Feature","properties":{"pid":"1c789535-6b92-495d-a950-66fbb746ed6d","full":16.2},"geometry":{"type":"Polygon","coordinates":[[[136.2085,35.89987],[136.20853,35.89961],[136.20743,35.89955],[136.20741,35.8998],[136.2085,35.89987]]]}},{"type":"Feature","properties":{"pid":"b0acf124-cec9-47d9-a59f-64bd214c84aa","full":17.9},"geometry":{"type":"Polygon","coordinates":[[[136.20848,35.90014],[136.2085,35.89988],[136.20741,35.89981],[136.20738,35.90008],[136.20848,35.90014]]]}},{"type":"Feature","properties":{"pid":"9530dc4d-a778-4fc3-abb0-bfe02f7a8f12","full":17.3},"geometry":{"type":"Polygon","coordinates":[[[136.20737,35.89954],[136.20623,35.89947],[136.2062,35.89972],[136.20735,35.8998],[136.20737,35.89954]]]}},{"type":"Feature","properties":{"pid":"a194ac2b-44ba-4890-bc62-48a877149da2","full":17.9},"geometry":{"type":"Polygon","coordinates":[[[136.20734,35.89981],[136.2062,35.89973],[136.20618,35.89999],[136.20621,35.9],[136.20732,35.90007],[136.20734,35.89981]]]}},{"type":"Feature","properties":{"pid":"59912c6c-f538-4664-a0ba-e876e15668cc","full":18.2},"geometry":{"type":"Polygon","coordinates":[[[136.20732,35.90012],[136.20617,35.90005],[136.20614,35.90031],[136.20729,35.90039],[136.20732,35.90012]]]}},{"type":"Feature","properties":{"pid":"2d48f979-1ab1-4214-a5ae-919c16677af8","full":18.3},"geometry":{"type":"Polygon","coordinates":[[[136.20729,35.90039],[136.20614,35.90032],[136.20612,35.90059],[136.20726,35.90066],[136.20729,35.90039]]]}},{"type":"Feature","properties":{"pid":"caa519e0-ca65-409c-8316-4768696d6c9b","full":17.4},"geometry":{"type":"Polygon","coordinates":[[[136.20612,35.9006],[136.20609,35.90085],[136.20724,35.90093],[136.20726,35.90067],[136.20612,35.9006]]]}},{"type":"Feature","properties":{"pid":"e3361f29-71a6-47f7-bd14-e1f00f8606dc","full":19.0},"geometry":{"type":"Polygon","coordinates":[[[136.20724,35.90094],[136.20609,35.90086],[136.20607,35.90115],[136.20721,35.9012],[136.20724,35.90094]]]}},{"type":"Feature","properties":{"pid":"6b297df5-9a91-4295-8608-5815a07c9dff","full":17.7},"geometry":{"type":"Polygon","coordinates":[[[136.20735,35.90039],[136.20845,35.90046],[136.20847,35.90019],[136.20737,35.90013],[136.20735,35.90039]]]}},{"type":"Feature","properties":{"pid":"eb27f628-2bd7-42de-a4e9-505284bf3d74","full":16.7},"geometry":{"type":"Polygon","coordinates":[[[136.20733,35.90066],[136.20842,35.90073],[136.20845,35.90048],[136.20841,35.90048],[136.20841,35.90047],[136.20735,35.90041],[136.20733,35.90066]]]}},{"type":"Feature","properties":{"pid":"bd61c31e-f8fa-435e-b997-395f197d3c97","full":16.8},"geometry":{"type":"Polygon","coordinates":[[[136.2084,35.90099],[136.20842,35.90074],[136.20732,35.90067],[136.2073,35.90093],[136.20834,35.901],[136.20835,35.90098],[136.2084,35.90099]]]}},{"type":"Feature","properties":{"pid":"15620625-be0d-42e8-a0dc-2ba82716063e","full":17.1},"geometry":{"type":"Polygon","coordinates":[[[136.20837,35.90127],[136.20839,35.90103],[136.20835,35.90102],[136.20834,35.901],[136.2073,35.90094],[136.20728,35.9012],[136.20837,35.90127]]]}},{"type":"Feature","properties":{"pid":"e59fe4ef-2467-4933-b31a-bbf63296c331","full":17.0},"geometry":{"type":"Polygon","coordinates":[[[136.20834,35.90153],[136.20837,35.90128],[136.20727,35.90121],[136.20725,35.90147],[136.2083,35.90154],[136.2083,35.90153],[136.20834,35.90153]]]}},{"type":"Feature","properties":{"pid":"146f5fcb-a0b9-4b93-922a-f25b6957fe4e","full":13.6},"geometry":{"type":"Polygon","coordinates":[[[136.20723,35.90175],[136.20721,35.90198],[136.20824,35.90205],[136.2083,35.902],[136.20831,35.90184],[136.20828,35.90184],[136.20828,35.90182],[136.20723,35.90175]]]}},{"type":"Feature","properties":{"pid":"28e961dc-5715-453b-a185-3ee0e60d9953","full":16.3},"geometry":{"type":"Polygon","coordinates":[[[136.20832,35.90181],[136.20834,35.90157],[136.2083,35.90156],[136.2083,35.90155],[136.20725,35.90148],[136.20723,35.90174],[136.20832,35.90181]]]}},{"type":"Feature","properties":{"pid":"d4e5ff42-4cf4-4288-b135-b4c41abec6d3","full":16.3},"geometry":{"type":"Polygon","coordinates":[[[136.20721,35.90121],[136.20607,35.90116],[136.20604,35.90139],[136.20718,35.90147],[136.20721,35.90121]]]}},{"type":"Feature","properties":{"pid":"fe9bb924-563c-43bb-8cf0-d224137bf038","full":18.2},"geometry":{"type":"Polygon","coordinates":[[[136.20718,35.90147],[136.20604,35.9014],[136.20601,35.90166],[136.20716,35.90174],[136.20718,35.90147]]]}},{"type":"Feature","properties":{"pid":"623417ae-6b34-4a02-92e0-23c68edca225","full":13.4},"geometry":{"type":"Polygon","coordinates":[[[136.20716,35.90175],[136.20601,35.90167],[136.206,35.90189],[136.20713,35.90197],[136.20716,35.90175]]]}},{"type":"Feature","properties":{"pid":"c1bfb8f6-57ec-4f6a-9b93-9cb34d67a410","full":14.2},"geometry":{"type":"Polygon","coordinates":[[[136.20709,35.90234],[136.20712,35.90212],[136.20597,35.90205],[136.20595,35.90228],[136.20709,35.90234]]]}},{"type":"Feature","properties":{"pid":"5c344d7d-716e-4af7-ae0b-38fff143d8c5","full":17.3},"geometry":{"type":"Polygon","coordinates":[[[136.20706,35.90262],[136.20709,35.90236],[136.20595,35.90228],[136.20594,35.90254],[136.20706,35.90262]]]}},{"type":"Feature","properties":{"pid":"2602e100-0b61-4d25-84c3-745b7f2efe3f","full":10.3},"geometry":{"type":"Polygon","coordinates":[[[136.20635,35.90258],[136.20633,35.90284],[136.20704,35.90289],[136.20706,35.90263],[136.20635,35.90258]]]}},{"type":"Feature","properties":{"pid":"ae66376d-0cec-4706-9590-c03e911fbc9c","full":13.9},"geometry":{"type":"Polygon","coordinates":[[[136.20829,35.9024],[136.20831,35.9022],[136.20719,35.90213],[136.20717,35.90236],[136.20826,35.90242],[136.20826,35.9024],[136.20829,35.9024]]]}},{"type":"Feature","properties":{"pid":"e2054d90-e42b-43d2-a0c2-8d1c508c55a2","full":17.0},"geometry":{"type":"Polygon","coordinates":[[[136.20717,35.90237],[136.20714,35.90262],[136.20825,35.90269],[136.20827,35.90245],[136.20825,35.90245],[136.20825,35.90243],[136.20717,35.90237]]]}},{"type":"Feature","properties":{"pid":"5d70b19a-b2bb-454c-8840-5015199d9bb3","full":17.2},"geometry":{"type":"Polygon","coordinates":[[[136.20825,35.90271],[136.20714,35.90263],[136.20711,35.9029],[136.20823,35.90296],[136.20825,35.90271]]]}},{"type":"Feature","properties":{"pid":"56ecdae9-f827-48d2-8479-64eb2f5b10b0","full":16.7},"geometry":{"type":"Polygon","coordinates":[[[136.20959,35.90136],[136.20852,35.90129],[136.2085,35.90154],[136.20853,35.90154],[136.20852,35.90155],[136.20957,35.90162],[136.20959,35.90136]]]}},{"type":"Feature","properties":{"pid":"1442342f-4d6f-4860-97b7-fceb3ff6b42f","full":16.1},"geometry":{"type":"Polygon","coordinates":[[[136.20855,35.90128],[136.2096,35.90134],[136.20961,35.90109],[136.20856,35.90102],[136.20853,35.90127],[136.20855,35.90127],[136.20855,35.90128]]]}},{"type":"Feature","properties":{"pid":"cb9ba143-ef3f-499e-97d1-a050ac37ee7c","full":16.0},"geometry":{"type":"Polygon","coordinates":[[[136.20957,35.90163],[136.20852,35.90156],[136.20852,35.90158],[136.2085,35.90157],[136.20848,35.90181],[136.20955,35.90188],[136.20957,35.90163]]]}},{"type":"Feature","properties":{"pid":"8c2a7ac0-fbc4-40bc-af59-c55f7bd09d1e","full":13.7},"geometry":{"type":"Polygon","coordinates":[[[136.20954,35.9019],[136.2085,35.90182],[136.2085,35.90185],[136.20848,35.90184],[136.20846,35.90202],[136.20849,35.90206],[136.20951,35.90212],[136.20954,35.9019]]]}},{"type":"Feature","properties":{"pid":"46c7f5c5-346a-4744-b758-9a0cf474db3e","full":16.8},"geometry":{"type":"Polygon","coordinates":[[[136.21074,35.90144],[136.20965,35.90137],[136.20963,35.90163],[136.2107,35.9017],[136.2107,35.90168],[136.21072,35.90168],[136.21074,35.90144]]]}},{"type":"Feature","properties":{"pid":"15bd630a-bfe1-4da1-b0ae-b52b45fc2eca","full":14.9},"geometry":{"type":"Polygon","coordinates":[[[136.20968,35.90111],[136.20966,35.90135],[136.21074,35.90142],[136.21074,35.9014],[136.21076,35.90141],[136.21078,35.90118],[136.20968,35.90111]]]}},{"type":"Feature","properties":{"pid":"73ecf2f3-eef7-4dfe-8359-ac1941e0b8dd","full":15.2},"geometry":{"type":"Polygon","coordinates":[[[136.20961,35.90188],[136.21069,35.90196],[136.21071,35.90172],[136.21069,35.90172],[136.21069,35.90171],[136.20963,35.90164],[136.20961,35.90188]]]}},{"type":"Feature","properties":{"pid":"71a7c2a7-3757-46d2-99d3-f5ccd3b23de0","full":11.9},"geometry":{"type":"Polygon","coordinates":[[[136.21069,35.90197],[136.2096,35.9019],[136.20958,35.90211],[136.2096,35.90211],[136.2096,35.90213],[136.21058,35.90217],[136.21067,35.90206],[136.21069,35.90197]]]}},{"type":"Feature","properties":{"pid":"0c7998f8-ad4e-46d5-b7fa-5dc1cc4fa03d","full":12.0},"geometry":{"type":"Polygon","coordinates":[[[136.20943,35.90358],[136.21019,35.90363],[136.21025,35.90337],[136.20945,35.90331],[136.20943,35.90358]]]}},{"type":"Feature","properties":{"pid":"2d0d30e4-d04d-4d0e-89cd-8221f795acbe","full":4.7},"geometry":{"type":"Polygon","coordinates":[[[136.21015,35.90381],[136.21019,35.90365],[136.20942,35.9036],[136.20941,35.90376],[136.21015,35.90381]]]}},{"type":"Feature","properties":{"pid":"78cc1a7f-0554-4e52-a751-a36f628786f3","full":10.8},"geometry":{"type":"Polygon","coordinates":[[[136.21025,35.90336],[136.2103,35.90311],[136.20948,35.90306],[136.20946,35.9033],[136.21025,35.90336]]]}},{"type":"Feature","properties":{"pid":"7fc4d8af-9e74-4311-960e-cbae300ed994","full":17.1},"geometry":{"type":"Polygon","coordinates":[[[136.2094,35.9033],[136.20942,35.90304],[136.20831,35.90298],[136.20829,35.90324],[136.2094,35.9033]]]}},{"type":"Feature","properties":{"pid":"c75a799b-5d3e-4c8a-8d22-b3c93d49bd84","full":17.0},"geometry":{"type":"Polygon","coordinates":[[[136.20823,35.90377],[136.20934,35.90385],[136.20937,35.90359],[136.20826,35.90352],[136.20823,35.90377]]]}},{"type":"Feature","properties":{"pid":"2f637803-0473-44d6-a1c7-dc98f40a41c9","full":16.9},"geometry":{"type":"Polygon","coordinates":[[[136.20937,35.90357],[136.2094,35.90331],[136.20828,35.90325],[136.20825,35.9035],[136.20937,35.90357]]]}},{"type":"Feature","properties":{"pid":"7a2256c0-f22a-4f69-9ac8-dce4cb9a58b1","full":17.8},"geometry":{"type":"Polygon","coordinates":[[[136.20934,35.90385],[136.20823,35.90379],[136.20821,35.90405],[136.20933,35.90412],[136.20934,35.90385]]]}},{"type":"Feature","properties":{"pid":"8add06a4-4488-453b-ba97-84274b18e3b2","full":16.0},"geometry":{"type":"Polygon","coordinates":[[[136.20815,35.90463],[136.2094,35.90471],[136.20942,35.90448],[136.20817,35.9044],[136.20815,35.90463]]]}},{"type":"Feature","properties":{"pid":"0242611e-3319-464d-9377-75d345260e19","full":16.5},"geometry":{"type":"Polygon","coordinates":[[[136.20943,35.90447],[136.20945,35.90426],[136.20943,35.90424],[136.2082,35.90416],[136.20818,35.90439],[136.20943,35.90447]]]}},{"type":"Feature","properties":{"pid":"1fae4716-3db4-4808-bb31-986fb010b146","full":15.2},"geometry":{"type":"Polygon","coordinates":[[[136.21005,35.90423],[136.20953,35.9042],[136.20947,35.90479],[136.20971,35.9048],[136.20986,35.90464],[136.20994,35.90452],[136.20999,35.90441],[136.21005,35.90423]]]}},{"type":"Feature","properties":{"pid":"b3de3b9b-6d92-48ef-abfd-881095dd6a8f","full":7.9},"geometry":{"type":"Polygon","coordinates":[[[136.20938,35.90412],[136.20961,35.90414],[136.2098,35.90411],[136.20982,35.90388],[136.21013,35.90389],[136.21015,35.90382],[136.20941,35.90377],[136.20938,35.90412]]]}},{"type":"Feature","properties":{"pid":"16aba544-4af0-4975-b10f-e727df7431ad","full":6.9},"geometry":{"type":"Polygon","coordinates":[[[136.2099,35.90521],[136.21024,35.90509],[136.21025,35.90489],[136.21024,35.90486],[136.21001,35.90485],[136.20985,35.90486],[136.20978,35.90496],[136.2099,35.90521]]]}},{"type":"Feature","properties":{"pid":"026d0e6e-e163-4f2e-a155-62061722fee7","full":8.9},"geometry":{"type":"Polygon","coordinates":[[[136.21013,35.90571],[136.21014,35.90557],[136.21016,35.90556],[136.21017,35.90527],[136.20972,35.90542],[136.20967,35.90569],[136.21013,35.90571]]]}},{"type":"Feature","properties":{"pid":"d1ef690e-b94a-4abe-a8fb-a5a3074e77b3","full":1.7},"geometry":{"type":"Polygon","coordinates":[[[136.21016,35.90579],[136.21037,35.90583],[136.21038,35.90578],[136.21038,35.90558],[136.21015,35.90558],[136.21016,35.90579]]]}},{"type":"Feature","properties":{"pid":"162491e7-5d89-4833-b8d6-47c52f33b4ee","full":7.3},"geometry":{"type":"Polygon","coordinates":[[[136.21067,35.90662],[136.21067,35.90626],[136.21029,35.90626],[136.21028,35.9066],[136.21067,35.90662]]]}},{"type":"Feature","properties":{"pid":"67a6dfb3-823e-4670-acbd-71a305c4dccd","full":1.9},"geometry":{"type":"Polygon","coordinates":[[[136.20965,35.90569],[136.2097,35.90543],[136.20938,35.90554],[136.20938,35.90567],[136.20948,35.90567],[136.20949,35.9057],[136.20965,35.90569]]]}},{"type":"Feature","properties":{"pid":"c1c505c7-69f4-4c66-a314-2b5e61e9d964","full":5.0},"geometry":{"type":"Polygon","coordinates":[[[136.20938,35.90486],[136.20939,35.90472],[136.20815,35.90464],[136.20813,35.90477],[136.20938,35.90486]]]}},{"type":"Feature","properties":{"pid":"df7b5a3f-dc08-4d24-ba9a-f30f270f727b","full":8.5},"geometry":{"type":"Polygon","coordinates":[[[136.20661,35.90642],[136.20715,35.90623],[136.20717,35.90604],[136.20665,35.90601],[136.20661,35.90642]]]}},{"type":"Feature","properties":{"pid":"9275fc37-2785-462b-9aa4-f37b68fa6d7f","full":12.7},"geometry":{"type":"Polygon","coordinates":[[[136.20761,35.90596],[136.20764,35.90569],[136.2068,35.90564],[136.20678,35.9059],[136.20761,35.90596]]]}},{"type":"Feature","properties":{"pid":"4b669e01-e139-4c99-946f-9e816c62f04a","full":39.8},"geometry":{"type":"Polygon","coordinates":[[[136.20651,35.90648],[136.20655,35.90645],[136.2066,35.90594],[136.20561,35.90588],[136.20555,35.90642],[136.20651,35.90648]]]}},{"type":"Feature","properties":{"pid":"2724dd6e-7865-4af3-a45f-4366777c5aaa","full":2.4},"geometry":{"type":"Polygon","coordinates":[[[136.20565,35.90541],[136.20675,35.90548],[136.20676,35.90537],[136.20566,35.9053],[136.20565,35.90541]]]}},{"type":"Feature","properties":{"pid":"75d5c083-b0d3-459d-b5bb-916b1e9381c9","full":4.1},"geometry":{"type":"Polygon","coordinates":[[[136.20675,35.90549],[136.20564,35.90543],[136.20563,35.90555],[136.20673,35.90563],[136.20675,35.90549]]]}},{"type":"Feature","properties":{"pid":"f91404ed-5144-4c0d-860d-0ed7f2c95ab6","full":5.6},"geometry":{"type":"Polygon","coordinates":[[[136.20678,35.90516],[136.20568,35.90509],[136.20567,35.90524],[136.20677,35.9053],[136.20678,35.90516]]]}},{"type":"Feature","properties":{"pid":"9bd0ef4d-caf6-4c6f-b074-416f1640e2f2","full":44.1},"geometry":{"type":"Polygon","coordinates":[[[136.20569,35.90502],[136.20679,35.90509],[136.20685,35.90456],[136.20574,35.90449],[136.20569,35.90502]]]}},{"type":"Feature","properties":{"pid":"d50a0fde-5732-4367-8dbe-2dc07477befb","full":43.5},"geometry":{"type":"Polygon","coordinates":[[[136.20575,35.90448],[136.20685,35.90455],[136.20691,35.90403],[136.20582,35.90396],[136.2058,35.90398],[136.20575,35.90448]]]}},{"type":"Feature","properties":{"pid":"4e1b0748-871b-49ff-9a3a-ad1daadecf20","full":20.9},"geometry":{"type":"Polygon","coordinates":[[[136.20806,35.90463],[136.20809,35.90434],[136.20696,35.90427],[136.20692,35.90456],[136.20806,35.90463]]]}},{"type":"Feature","properties":{"pid":"9fc82dd8-aa87-4c09-9074-f54844961010","full":8.8},"geometry":{"type":"Polygon","coordinates":[[[136.20696,35.90426],[136.2081,35.90433],[136.20811,35.90415],[136.20697,35.90409],[136.20696,35.90426]]]}},{"type":"Feature","properties":{"pid":"77598fc6-53e4-4cf6-b9ba-fd1740b02cb8","full":18.7},"geometry":{"type":"Polygon","coordinates":[[[136.20815,35.90377],[136.20703,35.9037],[136.20701,35.90397],[136.20813,35.90405],[136.20815,35.90377]]]}},{"type":"Feature","properties":{"pid":"278b94e7-abdf-406b-b8e1-0c0caeb353cf","full":37.4},"geometry":{"type":"Polygon","coordinates":[[[136.20819,35.9033],[136.20708,35.90324],[136.20704,35.9037],[136.20815,35.90376],[136.20819,35.9033]]]}},{"type":"Feature","properties":{"pid":"17948f69-c31f-48a8-9964-fa423bce74ec","full":23.0},"geometry":{"type":"Polygon","coordinates":[[[136.20823,35.90298],[136.20711,35.90291],[136.20708,35.90323],[136.2082,35.90329],[136.20823,35.90298]]]}},{"type":"Feature","properties":{"pid":"aa380787-77cf-491f-8d53-2351bcd9ae33","full":17.0},"geometry":{"type":"Polygon","coordinates":[[[136.2059,35.90308],[136.20702,35.90315],[136.20704,35.9029],[136.20591,35.90282],[136.20588,35.90306],[136.2059,35.90306],[136.2059,35.90308]]]}},{"type":"Feature","properties":{"pid":"e54a1ae3-fae6-4688-b75e-c5ecae8ea385","full":7.7},"geometry":{"type":"Polygon","coordinates":[[[136.20698,35.90343],[136.207,35.90325],[136.20595,35.90318],[136.20594,35.90335],[136.20698,35.90343]]]}},{"type":"Feature","properties":{"pid":"0cfcb1d2-7371-4d5b-ae11-01d1dc4b81f9","full":18.9},"geometry":{"type":"Polygon","coordinates":[[[136.20583,35.90362],[136.2058,35.90389],[136.20583,35.9039],[136.20693,35.90397],[136.20696,35.9037],[136.20583,35.90362]]]}},{"type":"Feature","properties":{"pid":"6a579913-a774-4321-bdf8-01f6d8e9bb14","full":16.0},"geometry":{"type":"Polygon","coordinates":[[[136.20696,35.90369],[136.20698,35.90344],[136.20585,35.90336],[136.20583,35.9036],[136.20696,35.90369]]]}},{"type":"Feature","properties":{"pid":"3425cd15-68cc-41e0-92e1-a4b3879cf838","full":1.4},"geometry":{"type":"Polygon","coordinates":[[[136.20574,35.90305],[136.20553,35.90305],[136.20551,35.9033],[136.20555,35.90331],[136.20562,35.90331],[136.20572,35.90329],[136.20572,35.90314],[136.20574,35.90305]]]}},{"type":"Feature","properties":{"pid":"4dd27f40-3bb9-4c95-8566-ceba9bd8f3e6","full":19.0},"geometry":{"type":"Polygon","coordinates":[[[136.20343,35.90352],[136.20341,35.9038],[136.20451,35.90387],[136.20454,35.90359],[136.20343,35.90352]]]}},{"type":"Feature","properties":{"pid":"119c7b73-77d4-4a96-9f45-52fb8999edb6","full":13.3},"geometry":{"type":"Polygon","coordinates":[[[136.20421,35.90331],[136.20346,35.90326],[136.20343,35.90352],[136.20454,35.90358],[136.20455,35.90352],[136.20429,35.90338],[136.20421,35.90331]]]}},{"type":"Feature","properties":{"pid":"d5af7871-41db-4ead-ba48-d309a0fb190e","full":16.7},"geometry":{"type":"Polygon","coordinates":[[[136.20338,35.90406],[136.20335,35.90429],[136.20339,35.9043],[136.20339,35.90433],[136.20445,35.90439],[136.20448,35.90414],[136.20338,35.90406]]]}},{"type":"Feature","properties":{"pid":"7bee99a9-5840-4917-8d20-a9d5e18ae0ae","full":16.0},"geometry":{"type":"Polygon","coordinates":[[[136.20451,35.90388],[136.2034,35.90381],[136.20338,35.90406],[136.20448,35.90413],[136.20451,35.90388]]]}},{"type":"Feature","properties":{"pid":"b1e79c02-3a91-4781-b2f6-33206ffcc642","full":10.8},"geometry":{"type":"Polygon","coordinates":[[[136.20446,35.90441],[136.20336,35.90434],[136.20335,35.9045],[136.20338,35.90451],[136.20338,35.90454],[136.20444,35.90461],[136.20446,35.90441]]]}},{"type":"Feature","properties":{"pid":"135a05ca-5cab-4f40-9ab7-b82bf652be0c","full":12.7},"geometry":{"type":"Polygon","coordinates":[[[136.20454,35.90413],[136.20564,35.9042],[136.20567,35.904],[136.20525,35.90398],[136.20517,35.90393],[136.20456,35.9039],[136.20454,35.90413]]]}},{"type":"Feature","properties":{"pid":"3aef51e1-774c-40c7-ac83-e9c52cbb0878","full":17.2},"geometry":{"type":"Polygon","coordinates":[[[136.20562,35.90447],[136.20564,35.9042],[136.20454,35.90414],[136.20452,35.9044],[136.20562,35.90447]]]}},{"type":"Feature","properties":{"pid":"74bea8e0-99e8-4fd6-97e7-42d564d17ed5","full":16.8},"geometry":{"type":"Polygon","coordinates":[[[136.20449,35.90467],[136.20559,35.90474],[136.20561,35.90448],[136.20451,35.90441],[136.20449,35.90467]]]}},{"type":"Feature","properties":{"pid":"a5d7ab42-43fc-4130-a791-080db59aaf1d","full":16.8},"geometry":{"type":"Polygon","coordinates":[[[136.20554,35.90527],[136.20556,35.90502],[136.20446,35.90495],[136.20443,35.90521],[136.20554,35.90527]]]}},{"type":"Feature","properties":{"pid":"0e13ddad-2989-4550-a3a2-bf359df9ad06","full":16.9},"geometry":{"type":"Polygon","coordinates":[[[136.20556,35.90501],[136.20559,35.90475],[136.20448,35.90468],[136.20446,35.90494],[136.20556,35.90501]]]}},{"type":"Feature","properties":{"pid":"50f9723b-9c53-42fc-b987-e00734a79077","full":16.4},"geometry":{"type":"Polygon","coordinates":[[[136.20551,35.90555],[136.20554,35.90529],[136.20443,35.90523],[136.20441,35.90548],[136.20551,35.90555]]]}},{"type":"Feature","properties":{"pid":"ef01a8ea-fcac-47e7-9961-2d81b06fe37d","full":17.1},"geometry":{"type":"Polygon","coordinates":[[[136.20438,35.90575],[136.20549,35.90582],[136.20551,35.90556],[136.2044,35.90549],[136.20438,35.90575]]]}},{"type":"Feature","properties":{"pid":"d7fb4a6a-c5a5-4714-bcb3-80929a257362","full":16.9},"geometry":{"type":"Polygon","coordinates":[[[136.20542,35.90641],[136.20545,35.90615],[136.20435,35.90609],[136.20432,35.90634],[136.20542,35.90641]]]}},{"type":"Feature","properties":{"pid":"9a85c3e8-6ad9-406a-9735-09e5bd098fc9","full":18.5},"geometry":{"type":"Polygon","coordinates":[[[136.20545,35.90614],[136.20548,35.90587],[136.20438,35.9058],[136.20435,35.90608],[136.20545,35.90614]]]}},{"type":"Feature","properties":{"pid":"3dd74877-468b-419d-9b51-d9eb71162ff0","full":17.1},"geometry":{"type":"Polygon","coordinates":[[[136.20322,35.90567],[136.20432,35.90575],[136.20435,35.90548],[136.20325,35.90541],[136.20322,35.90567]]]}},{"type":"Feature","properties":{"pid":"9b3a0f29-d2e0-498c-b27b-200e61aede32","full":17.9},"geometry":{"type":"Polygon","coordinates":[[[136.20429,35.90607],[136.20432,35.9058],[136.20322,35.90573],[136.20319,35.90599],[136.20429,35.90607]]]}},{"type":"Feature","properties":{"pid":"9ce668f6-dce9-4203-9ecc-9883cba9f191","full":16.2},"geometry":{"type":"Polygon","coordinates":[[[136.20424,35.90661],[136.20427,35.90635],[136.20317,35.90627],[136.20322,35.90654],[136.20424,35.90661]]]}},{"type":"Feature","properties":{"pid":"52fad77b-4c31-46ca-ab9d-4a9af7e8e7a1","full":16.9},"geometry":{"type":"Polygon","coordinates":[[[136.20427,35.90634],[136.20429,35.90608],[136.20318,35.906],[136.20317,35.90623],[136.20321,35.90624],[136.2032,35.90626],[136.20427,35.90634]]]}},{"type":"Feature","properties":{"pid":"9009b364-9c5f-4a58-9f2e-c440eae6267b","full":1.4},"geometry":{"type":"Polygon","coordinates":[[[136.20435,35.90547],[136.20436,35.90537],[136.20329,35.9053],[136.20328,35.90532],[136.20325,35.90532],[136.20324,35.9054],[136.20435,35.90547]]]}},{"type":"Feature","properties":{"pid":"a3cd6de8-75b2-4c28-8c2f-518a44210d12","full":5.5},"geometry":{"type":"Polygon","coordinates":[[[136.2033,35.90529],[136.20436,35.90536],[136.20438,35.90522],[136.20327,35.90514],[136.20326,35.90526],[136.2033,35.90527],[136.2033,35.90529]]]}},{"type":"Feature","properties":{"pid":"127b81c5-4fbc-4e4c-b609-55475aa6c6dc","full":17.4},"geometry":{"type":"Polygon","coordinates":[[[136.20437,35.90521],[136.20441,35.90494],[136.2033,35.90487],[136.20327,35.90511],[136.20332,35.90511],[136.20332,35.90514],[136.20437,35.90521]]]}},{"type":"Feature","properties":{"pid":"203e1c63-d0ba-4f2f-89ad-a086bddac6d1","full":22.8},"geometry":{"type":"Polygon","coordinates":[[[136.20332,35.90459],[136.2033,35.90486],[136.20441,35.90493],[136.20444,35.90461],[136.20338,35.90455],[136.20337,35.90459],[136.20332,35.90459]]]}},{"type":"Feature","properties":{"pid":"95c90651-5112-4ebf-994c-b33b19444504","full":4.8},"geometry":{"type":"Polygon","coordinates":[[[136.20232,35.90476],[136.20316,35.90481],[136.20318,35.90466],[136.20237,35.9046],[136.20237,35.90462],[136.20233,35.90462],[136.20232,35.90476]]]}},{"type":"Feature","properties":{"pid":"b2ae29b9-963f-43ed-8d76-b91657c4d81e","full":3.6},"geometry":{"type":"Polygon","coordinates":[[[136.20315,35.90496],[136.20316,35.90482],[136.20235,35.90477],[136.20235,35.90479],[136.20231,35.90478],[136.2023,35.90491],[136.20315,35.90496]]]}},{"type":"Feature","properties":{"pid":"6689d89f-59a6-475e-8c1e-68761a500f88","full":4.3},"geometry":{"type":"Polygon","coordinates":[[[136.20231,35.90491],[136.2023,35.90506],[136.20311,35.90512],[136.20311,35.9051],[136.20314,35.9051],[136.20315,35.90497],[136.20231,35.90491]]]}},{"type":"Feature","properties":{"pid":"0bd2bf82-9023-49ba-9322-4263013dcc33","full":10.0},"geometry":{"type":"Polygon","coordinates":[[[136.20228,35.90539],[136.20225,35.90562],[136.20307,35.90567],[136.20307,35.90565],[136.20309,35.90565],[136.20311,35.90544],[136.20228,35.90539]]]}},{"type":"Feature","properties":{"pid":"efc575f6-b55d-46c0-b0b1-f7ba0bd86b71","full":15.3},"geometry":{"type":"Polygon","coordinates":[[[136.20311,35.90543],[136.20314,35.90515],[136.20311,35.90515],[136.20311,35.90513],[136.2023,35.90508],[136.20228,35.90538],[136.20311,35.90543]]]}},{"type":"Feature","properties":{"pid":"f21c7d8b-1ad2-4b1f-8339-abdd545cb77f","full":24.4},"geometry":{"type":"Polygon","coordinates":[[[136.20303,35.90615],[136.20307,35.90574],[136.20305,35.90573],[136.20305,35.90571],[136.20225,35.90566],[136.20223,35.90609],[136.20303,35.90615]]]}},{"type":"Feature","properties":{"pid":"7b6ee8b6-3c89-4804-bd80-1c1146f7fcc2","full":11.9},"geometry":{"type":"Polygon","coordinates":[[[136.20219,35.90646],[136.20309,35.90652],[136.20304,35.90629],[136.203,35.90628],[136.203,35.90626],[136.20222,35.90621],[136.20219,35.90646]]]}},{"type":"Feature","properties":{"pid":"c002b2e0-8617-4a94-9d2d-0b915949516b","full":0.7},"geometry":{"type":"Polygon","coordinates":[[[136.20223,35.9061],[136.20222,35.9062],[136.203,35.90625],[136.203,35.90623],[136.20302,35.90623],[136.20303,35.90615],[136.20223,35.9061]]]}},{"type":"Feature","properties":{"pid":"ac6b5288-154d-44b7-bfe6-70580d53ae63","full":5.5},"geometry":{"type":"Polygon","coordinates":[[[136.20134,35.90606],[136.20138,35.90516],[136.20119,35.90516],[136.20117,35.90606],[136.20134,35.90606]]]}},{"type":"Feature","properties":{"pid":"76b8d62a-10df-4d22-92d0-bbb78804928f","full":5.8},"geometry":{"type":"Polygon","coordinates":[[[136.20116,35.90606],[136.20118,35.90515],[136.201,35.90515],[136.20098,35.90605],[136.20116,35.90606]]]}},{"type":"Feature","properties":{"pid":"7dc65adf-2d4d-4391-9653-b54adb3e879d","full":16.9},"geometry":{"type":"Polygon","coordinates":[[[136.20097,35.90605],[136.20099,35.90515],[136.20067,35.90514],[136.20064,35.90605],[136.20097,35.90605]]]}},{"type":"Feature","properties":{"pid":"6ad4ada0-ce57-4a6d-97c7-de39d1c5adc6","full":7.8},"geometry":{"type":"Polygon","coordinates":[[[136.20064,35.9057],[136.20065,35.90514],[136.20027,35.90513],[136.20027,35.90542],[136.20044,35.90542],[136.20044,35.9057],[136.20064,35.9057]]]}},{"type":"Feature","properties":{"pid":"ddb4e91c-9912-4c0a-8674-cc8724e19f6a","full":3.8},"geometry":{"type":"Polygon","coordinates":[[[136.20099,35.90506],[136.201,35.90465],[136.20077,35.90466],[136.20076,35.90507],[136.20097,35.90507],[136.20097,35.90506],[136.20099,35.90506]]]}},{"type":"Feature","properties":{"pid":"7fe61e37-d837-471f-9b32-ad6024336a46","full":0.6},"geometry":{"type":"Polygon","coordinates":[[[136.20049,35.90507],[136.20059,35.90507],[136.20059,35.90467],[136.20039,35.90468],[136.20038,35.90483],[136.2005,35.90483],[136.20049,35.90507]]]}},{"type":"Feature","properties":{"pid":"79631cb7-4e6a-4cf3-9eec-35095d675469","full":3.8},"geometry":{"type":"Polygon","coordinates":[[[136.20102,35.90417],[136.2008,35.90417],[136.20079,35.90464],[136.201,35.90464],[136.20102,35.90417]]]}},{"type":"Feature","properties":{"pid":"9954b452-d35e-4d32-8511-390fbff22673","full":23.3},"geometry":{"type":"Polygon","coordinates":[[[136.20103,35.90417],[136.201,35.90507],[136.20139,35.90508],[136.20142,35.90464],[136.20142,35.90419],[136.20103,35.90417]]]}},{"type":"Feature","properties":{"pid":"f9fb5d24-5aa2-46ab-a4ee-d7fc5c08c169","full":10.2},"geometry":{"type":"Polygon","coordinates":[[[136.20234,35.90452],[136.20315,35.90458],[136.20316,35.90456],[136.20319,35.90456],[136.20321,35.90435],[136.20236,35.90429],[136.20234,35.90452]]]}},{"type":"Feature","properties":{"pid":"da6126f0-a073-4c3f-868e-d937f9b77cac","full":14.6},"geometry":{"type":"Polygon","coordinates":[[[136.20321,35.90434],[136.20324,35.90408],[136.20321,35.90407],[136.20322,35.90405],[136.20239,35.904],[136.20236,35.90428],[136.20321,35.90434]]]}},{"type":"Feature","properties":{"pid":"6756cf84-07ea-4746-aec1-1e3f9081735f","full":25.8},"geometry":{"type":"Polygon","coordinates":[[[136.20328,35.9036],[136.20245,35.90355],[136.20239,35.90399],[136.20324,35.90404],[136.20328,35.9036]]]}},{"type":"Feature","properties":{"pid":"b78edfc1-64d7-4634-996f-46531f44e2c2","full":2.1},"geometry":{"type":"Polygon","coordinates":[[[136.20274,35.90345],[136.20277,35.90322],[136.20254,35.9032],[136.20253,35.90327],[136.20249,35.90327],[136.20246,35.90341],[136.20249,35.90344],[136.20274,35.90345]]]}},{"type":"Feature","properties":{"pid":"963c65c7-92ee-4304-b161-481b809da5a6","full":23.1},"geometry":{"type":"Polygon","coordinates":[[[136.20137,35.90324],[136.20105,35.90323],[136.20102,35.90414],[136.20142,35.90414],[136.20148,35.90347],[136.20137,35.90347],[136.20137,35.90324]]]}},{"type":"Feature","properties":{"pid":"ef1b7af1-90c9-497d-bace-8ad320b648bb","full":10.4},"geometry":{"type":"Polygon","coordinates":[[[136.20104,35.90323],[136.20073,35.90323],[136.20072,35.90362],[136.20082,35.90362],[136.20083,35.90413],[136.20101,35.90413],[136.20104,35.90323]]]}},{"type":"Feature","properties":{"pid":"61f4497b-59ff-464d-834e-b2bdf85adedd","full":3.9},"geometry":{"type":"Polygon","coordinates":[[[136.2007,35.9035],[136.20071,35.90343],[136.2007,35.90322],[136.20034,35.90321],[136.20036,35.90344],[136.20051,35.90345],[136.20051,35.90351],[136.2007,35.9035]]]}},{"type":"Feature","properties":{"pid":"ba30a0fc-d0a0-44a4-8b23-c9327a2d6c82","full":15.1},"geometry":{"type":"Polygon","coordinates":[[[136.20074,35.90229],[136.20042,35.90228],[136.2004,35.90311],[136.20071,35.90312],[136.20074,35.90229]]]}},{"type":"Feature","properties":{"pid":"9f82d30b-55db-4c53-a566-4228d4cec130","full":16.1},"geometry":{"type":"Polygon","coordinates":[[[136.20072,35.90315],[136.20105,35.90316],[136.20106,35.90229],[136.20075,35.90229],[136.20072,35.90315]]]}},{"type":"Feature","properties":{"pid":"3b1213d5-60f1-4349-aefe-77ae9cf1c001","full":16.9},"geometry":{"type":"Polygon","coordinates":[[[136.20139,35.90316],[136.2014,35.90229],[136.20107,35.90229],[136.20106,35.90316],[136.20139,35.90316]]]}},{"type":"Feature","properties":{"pid":"8e21119e-7865-474c-ab54-f0b8679ac667","full":2.0},"geometry":{"type":"Polygon","coordinates":[[[136.20158,35.9027],[136.20158,35.90229],[136.20141,35.90229],[136.20141,35.9027],[136.20158,35.9027]]]}},{"type":"Feature","properties":{"pid":"23b76a31-e2bd-4fa7-9635-804a31c8019c","full":13.0},"geometry":{"type":"Polygon","coordinates":[[[136.20107,35.9013],[136.20078,35.9013],[136.20076,35.9021],[136.20105,35.9021],[136.20107,35.9013]]]}},{"type":"Feature","properties":{"pid":"c201c808-8b81-47c1-8b28-6ac59233d3cc","full":14.8},"geometry":{"type":"Polygon","coordinates":[[[136.20077,35.9013],[136.20045,35.9013],[136.20043,35.90209],[136.20075,35.90209],[136.20077,35.9013]]]}},{"type":"Feature","properties":{"pid":"92bf7278-c6ca-4e04-8915-0daa88a4965d","full":5.0},"geometry":{"type":"Polygon","coordinates":[[[136.20114,35.9021],[136.20142,35.9021],[136.20143,35.90171],[136.20115,35.9017],[136.20114,35.9021]]]}},{"type":"Feature","properties":{"pid":"34d1aff0-c37a-4ba8-96fa-b57329db2b23","full":1.0},"geometry":{"type":"Polygon","coordinates":[[[136.20516,35.90242],[136.20519,35.9021],[136.20503,35.90212],[136.205,35.90241],[136.20516,35.90242]]]}},{"type":"Feature","properties":{"pid":"e815f688-1e25-46f8-8cc4-14435084c6c6","full":1.0},"geometry":{"type":"Polygon","coordinates":[[[136.20536,35.90243],[136.20556,35.90244],[136.20558,35.90224],[136.20538,35.90223],[136.20536,35.90243]]]}},{"type":"Feature","properties":{"pid":"d327149a-0cf1-495b-aeea-396371a53f4b","full":0.5},"geometry":{"type":"Polygon","coordinates":[[[136.20537,35.90223],[136.2052,35.90223],[136.20519,35.90242],[136.20534,35.90243],[136.20537,35.90223]]]}},{"type":"Feature","properties":{"pid":"1a940011-d714-4bb1-a951-a236e6a95572","full":0.7},"geometry":{"type":"Polygon","coordinates":[[[136.20499,35.9024],[136.20501,35.90212],[136.20486,35.90214],[136.20483,35.90239],[136.20499,35.9024]]]}},{"type":"Feature","properties":{"pid":"56dc8717-9ca0-4ed4-83c4-c7a085fe9b0c","full":0.7},"geometry":{"type":"Polygon","coordinates":[[[136.20482,35.90239],[136.20484,35.90215],[136.20468,35.90216],[136.20466,35.90239],[136.20482,35.90239]]]}},{"type":"Feature","properties":{"pid":"f06a701b-55c1-42b1-a241-2423ca11f3cc","full":1.8},"geometry":{"type":"Polygon","coordinates":[[[136.20465,35.90239],[136.20467,35.90216],[136.20439,35.90219],[136.20443,35.9024],[136.20465,35.90239]]]}},{"type":"Feature","properties":{"pid":"3958157b-d49d-46c8-95e3-6d5a490601f7","full":1.8},"geometry":{"type":"Polygon","coordinates":[[[136.20435,35.90204],[136.2047,35.90201],[136.20471,35.90186],[136.20437,35.90184],[136.20435,35.90204]]]}},{"type":"Feature","properties":{"pid":"3959ea99-6f98-4fb2-ac72-491774de57d1","full":13.4},"geometry":{"type":"Polygon","coordinates":[[[136.2059,35.90167],[136.2048,35.90159],[136.20478,35.90182],[136.20562,35.90187],[136.20564,35.9019],[136.20588,35.90188],[136.2059,35.90167]]]}},{"type":"Feature","properties":{"pid":"16d6670e-e3bb-49f5-a1a4-cee4757e63d5","full":17.5},"geometry":{"type":"Polygon","coordinates":[[[136.2059,35.90166],[136.20593,35.90139],[136.20482,35.90132],[136.2048,35.90159],[136.2059,35.90166]]]}},{"type":"Feature","properties":{"pid":"accfcae4-ce68-4d3c-aa38-71ff08245a48","full":15.9},"geometry":{"type":"Polygon","coordinates":[[[136.20482,35.90131],[136.20593,35.90138],[136.20595,35.90113],[136.20485,35.90107],[136.20482,35.90131]]]}},{"type":"Feature","properties":{"pid":"e7ade971-7b88-49f1-a5a2-809203c3ec49","full":18.4},"geometry":{"type":"Polygon","coordinates":[[[136.20353,35.90123],[136.20477,35.90131],[136.20479,35.90105],[136.20385,35.90099],[136.20355,35.90107],[136.20353,35.90123]]]}},{"type":"Feature","properties":{"pid":"b8e8f7c7-287c-497e-9c27-76bb58e2a5f1","full":19.0},"geometry":{"type":"Polygon","coordinates":[[[136.20477,35.90132],[136.20353,35.90124],[136.20351,35.9015],[136.20474,35.90158],[136.20477,35.90132]]]}},{"type":"Feature","properties":{"pid":"2a230b93-b4d9-4244-8969-3cfa89d39237","full":19.7},"geometry":{"type":"Polygon","coordinates":[[[136.20471,35.90185],[136.20474,35.90159],[136.2035,35.90151],[136.20348,35.90177],[136.20471,35.90185]]]}},{"type":"Feature","properties":{"pid":"ccf5b702-e9e0-46d2-886a-e2cb35be7ea8","full":1.7},"geometry":{"type":"Polygon","coordinates":[[[136.20435,35.90204],[136.20436,35.90184],[136.20412,35.90183],[136.2041,35.90203],[136.20412,35.90203],[136.20412,35.90206],[136.20435,35.90204]]]}},{"type":"Feature","properties":{"pid":"ad10dc39-ddae-46dc-af97-e27bd5aaecb0","full":1.3},"geometry":{"type":"Polygon","coordinates":[[[136.20392,35.90181],[136.2039,35.90208],[136.20408,35.90206],[136.20408,35.90203],[136.2041,35.90203],[136.20412,35.90182],[136.20392,35.90181]]]}},{"type":"Feature","properties":{"pid":"4ea1f09e-f5b1-4017-b799-343a6255e9a0","full":8.4},"geometry":{"type":"Polygon","coordinates":[[[136.2048,35.90078],[136.20423,35.90077],[136.20408,35.9009],[136.20399,35.90094],[136.20388,35.90097],[136.20479,35.90104],[136.2048,35.90078]]]}},{"type":"Feature","properties":{"pid":"6b91009e-c2cd-4816-8c42-cc7fdae7c3c6","full":18.1},"geometry":{"type":"Polygon","coordinates":[[[136.20595,35.90112],[136.20599,35.90086],[136.20487,35.90079],[136.20485,35.90106],[136.20595,35.90112]]]}},{"type":"Feature","properties":{"pid":"c51dcc26-e8c9-4d59-8865-6baa5ced66b4","full":17.5},"geometry":{"type":"Polygon","coordinates":[[[136.20487,35.90078],[136.20599,35.90085],[136.20601,35.90059],[136.20489,35.90051],[136.20487,35.90078]]]}},{"type":"Feature","properties":{"pid":"edd59e7f-ead0-46fa-8caa-b1b2f8a82034","full":16.7},"geometry":{"type":"Polygon","coordinates":[[[136.20601,35.90058],[136.20603,35.90032],[136.20492,35.90025],[136.2049,35.90051],[136.20601,35.90058]]]}},{"type":"Feature","properties":{"pid":"b793c08d-b2c1-40a1-a384-4e54fd0977e8","full":4.1},"geometry":{"type":"Polygon","coordinates":[[[136.20444,35.90048],[136.20483,35.90049],[136.20486,35.90024],[136.2045,35.90023],[136.20448,35.90036],[136.20444,35.90048]]]}},{"type":"Feature","properties":{"pid":"ef5add83-becc-4505-a4b3-524695d638eb","full":6.3},"geometry":{"type":"Polygon","coordinates":[[[136.20424,35.90076],[136.20481,35.90078],[136.20484,35.90051],[136.20443,35.9005],[136.20437,35.90059],[136.20424,35.90076]]]}},{"type":"Feature","properties":{"pid":"3484f236-e52e-41c4-a8e2-a44fce587e6f","full":4.5},"geometry":{"type":"Polygon","coordinates":[[[136.20489,35.89998],[136.20448,35.89996],[136.20449,35.90009],[136.20449,35.90022],[136.20487,35.90023],[136.20489,35.89998]]]}},{"type":"Feature","properties":{"pid":"329cd3f9-14ab-4611-8ed1-33529ceb08b4","full":18.6},"geometry":{"type":"Polygon","coordinates":[[[136.20492,35.90025],[136.20604,35.90031],[136.20607,35.90004],[136.20495,35.89997],[136.20492,35.90025]]]}},{"type":"Feature","properties":{"pid":"44637794-e2ad-4682-b1a2-f292df266369","full":17.7},"geometry":{"type":"Polygon","coordinates":[[[136.20607,35.89999],[136.20609,35.89972],[136.20498,35.89966],[136.20496,35.89992],[136.20607,35.89999]]]}},{"type":"Feature","properties":{"pid":"1a6b1c1b-9d62-46d4-9221-b6dadd9438f7","full":17.4},"geometry":{"type":"Polygon","coordinates":[[[136.20498,35.89965],[136.2061,35.89971],[136.20613,35.89945],[136.20501,35.89938],[136.20498,35.89965]]]}},{"type":"Feature","properties":{"pid":"8a2cb729-cad0-441a-acab-8dce767b1592","full":12.2},"geometry":{"type":"Polygon","coordinates":[[[136.20492,35.89955],[136.20431,35.89952],[136.20429,35.89966],[136.20447,35.89989],[136.20488,35.89992],[136.20492,35.89955]]]}},{"type":"Feature","properties":{"pid":"1d0d1c9b-0820-4c4b-a1bb-9c009f890ea6","full":5.5},"geometry":{"type":"Polygon","coordinates":[[[136.20495,35.89938],[136.20394,35.89932],[136.20401,35.8994],[136.20414,35.89949],[136.20494,35.89954],[136.20495,35.89938]]]}},{"type":"Feature","properties":{"pid":"7f356a22-13b2-42fb-a2d2-f01d1546b59e","full":2.2},"geometry":{"type":"Polygon","coordinates":[[[136.20023,35.90018],[136.20081,35.90019],[136.20018,35.89994],[136.20017,35.89995],[136.20017,35.90004],[136.20019,35.90016],[136.20022,35.90016],[136.20023,35.90018]]]}},{"type":"Feature","properties":{"pid":"2dcfec9c-851b-4334-9e5f-63d135f75965","full":12.1},"geometry":{"type":"Polygon","coordinates":[[[136.2011,35.90015],[136.20112,35.8993],[136.20083,35.8993],[136.20082,35.90003],[136.20094,35.90009],[136.2011,35.90015]]]}},{"type":"Feature","properties":{"pid":"2ca2896a-ad82-4562-9b58-7a16bb602182","full":6.7},"geometry":{"type":"Polygon","coordinates":[[[136.2006,35.89929],[136.20059,35.89994],[136.20081,35.90003],[136.20082,35.8993],[136.2006,35.89929]]]}},{"type":"Feature","properties":{"pid":"e7dbecbf-d132-418a-b0ae-a22feaf3be81","full":14.5},"geometry":{"type":"Polygon","coordinates":[[[136.20014,35.89929],[136.20013,35.89974],[136.20057,35.89993],[136.20058,35.89931],[136.20014,35.89929]]]}},{"type":"Feature","properties":{"pid":"aea0ccfb-9e9d-4596-b33b-4c0340d752d0","full":10.6},"geometry":{"type":"Polygon","coordinates":[[[136.20063,35.90606],[136.20064,35.90571],[136.20013,35.90571],[136.20008,35.90605],[136.20063,35.90606]]]}},{"type":"Feature","properties":{"pid":"70c26b1f-8665-4d2f-b381-f79edcfea6e3","full":8.6},"geometry":{"type":"Polygon","coordinates":[[[136.20001,35.89921],[136.2001,35.89921],[136.20012,35.89832],[136.19974,35.89832],[136.19977,35.89844],[136.19982,35.89844],[136.19999,35.8992],[136.20001,35.8992],[136.20001,35.89921]]]}},{"type":"Feature","properties":{"pid":"409f20e2-8199-47ee-b10c-ccb7d6e04e7c","full":17.9},"geometry":{"type":"Polygon","coordinates":[[[136.20046,35.89832],[136.20013,35.89831],[136.20011,35.89921],[136.20045,35.89922],[136.20046,35.89832]]]}},{"type":"Feature","properties":{"pid":"534072e4-61c1-458e-88e1-f3cb2ac79977","full":17.1},"geometry":{"type":"Polygon","coordinates":[[[136.20014,35.89826],[136.20046,35.89827],[136.20049,35.89737],[136.20017,35.89736],[136.20014,35.89826]]]}},{"type":"Feature","properties":{"pid":"ac426dca-4590-4784-9ab9-670c5d82e268","full":3.6},"geometry":{"type":"Polygon","coordinates":[[[136.20017,35.8973],[136.20043,35.8973],[136.20047,35.89728],[136.20047,35.89726],[136.20024,35.89672],[136.20019,35.89673],[136.20017,35.8973]]]}},{"type":"Feature","properties":{"pid":"cf392918-6190-4936-9936-fd560bc23110","full":17.0},"geometry":{"type":"Polygon","coordinates":[[[136.19986,35.89638],[136.19983,35.89729],[136.20016,35.89729],[136.20018,35.89658],[136.2001,35.89638],[136.19986,35.89638]]]}},{"type":"Feature","properties":{"pid":"5f444817-6e30-4a23-b51e-09acf88a72b9","full":5.5},"geometry":{"type":"Polygon","coordinates":[[[136.2002,35.89604],[136.20029,35.89626],[136.2004,35.89608],[136.20042,35.89545],[136.20022,35.89545],[136.2002,35.89604]]]}},{"type":"Feature","properties":{"pid":"c26e1127-1ed9-43cb-95e6-088a9569c5fc","full":1.8},"geometry":{"type":"Polygon","coordinates":[[[136.19999,35.89544],[136.19999,35.89555],[136.20019,35.89603],[136.20021,35.89545],[136.19999,35.89544]]]}},{"type":"Feature","properties":{"pid":"92412b9f-ca15-45df-a8a5-d8959de5d7dd","full":2.2},"geometry":{"type":"Polygon","coordinates":[[[136.20038,35.89538],[136.20039,35.89483],[136.20024,35.89483],[136.20022,35.89536],[136.20024,35.89536],[136.20024,35.89537],[136.20038,35.89538]]]}},{"type":"Feature","properties":{"pid":"325de7ed-cae0-49f7-a4d5-d1b020e531f1","full":10.0},"geometry":{"type":"Polygon","coordinates":[[[136.19988,35.89531],[136.19991,35.89537],[136.20022,35.89537],[136.20023,35.89483],[136.19991,35.89482],[136.19988,35.89531]]]}},{"type":"Feature","properties":{"pid":"fff916b1-8c3a-4466-ad0d-c1ecbaf02dd6","full":3.9},"geometry":{"type":"Polygon","coordinates":[[[136.20025,35.89479],[136.2005,35.89479],[136.20052,35.89445],[136.20026,35.89441],[136.20025,35.89479]]]}},{"type":"Feature","properties":{"pid":"e67dabfc-c0b3-4365-a6e6-efe2d28e2bd3","full":6.8},"geometry":{"type":"Polygon","coordinates":[[[136.20023,35.89441],[136.19991,35.89434],[136.1999,35.89479],[136.20023,35.89479],[136.20023,35.89441]]]}},{"type":"Feature","properties":{"pid":"42c4c383-e266-4f11-913f-1538ff290f6c","full":3.4},"geometry":{"type":"Polygon","coordinates":[[[136.20034,35.89276],[136.2,35.89275],[136.19999,35.89299],[136.20034,35.89299],[136.20034,35.89276]]]}},{"type":"Feature","properties":{"pid":"093c3e94-3173-43e0-8492-3e4fff008b89","full":0.9},"geometry":{"type":"Polygon","coordinates":[[[136.20001,35.89254],[136.2,35.89273],[136.20037,35.89275],[136.20036,35.89266],[136.20021,35.89267],[136.20019,35.89255],[136.20001,35.89254]]]}}],"precision":5}