{"type":"FeatureCollection","features":[{"type":"Feature","properties":{"pid":"67d81e7c-c97d-4571-b3e8-4e737189c992","full":0.7},"geometry":{"type":"Polygon","coordinates":[[[136.04988,35.61],[136.04986,35.60989],[136.04923,35.60993],[136.04924,35.60999],[136.04926,35.61],[136.04928,35.61002],[136.04988,35.61]]]}},{"type":"Feature","properties":{"pid":"1a37caac-2d73-4ed4-8429-13f9afc5ced1","full":10.2},"geometry":{"type":"Polygon","coordinates":[[[136.04985,35.60892],[136.04928,35.60894],[136.04928,35.60897],[136.04904,35.60897],[136.04904,35.60898],[136.04909,35.6092],[136.04991,35.60917],[136.04992,35.60916],[136.0499,35.6091],[136.04989,35.60909],[136.04985,35.60908],[136.04981,35.60904],[136.04982,35.60899],[136.04985,35.60894],[136.04985,35.60892]]]}},{"type":"Feature","properties":{"pid":"cae0af36-c583-4515-8acc-65ac3fb74e1a","full":5.5},"geometry":{"type":"Polygon","coordinates":[[[136.04979,35.6092],[136.04909,35.60924],[136.04912,35.60939],[136.04913,35.60939],[136.04915,35.60941],[136.04981,35.60938],[136.04981,35.60932],[136.04979,35.6092]]]}},{"type":"Feature","properties":{"pid":"845900e6-655a-4f48-804f-0be891e69c8e","full":9.6},"geometry":{"type":"Polygon","coordinates":[[[136.04985,35.60966],[136.04981,35.60941],[136.04913,35.60944],[136.04917,35.60966],[136.04921,35.6097],[136.04985,35.60966]]]}},{"type":"Feature","properties":{"pid":"fe70c6f5-140f-4c1b-bbac-fdc492d3c492","full":17.1},"geometry":{"type":"Polygon","coordinates":[[[136.04789,35.60978],[136.04901,35.60966],[136.04895,35.6094],[136.04784,35.60953],[136.04788,35.60976],[136.04789,35.60978]]]}},{"type":"Feature","properties":{"pid":"5ef87324-2712-46cc-82dc-8704eceb72f0","full":10.9},"geometry":{"type":"Polygon","coordinates":[[[136.04689,35.60908],[136.04762,35.60899],[136.04764,35.60896],[136.0476,35.6087],[136.04755,35.60868],[136.04733,35.60871],[136.04723,35.60874],[136.04711,35.60881],[136.04702,35.60885],[136.04693,35.60895],[136.04689,35.60905],[136.04689,35.60908]]]}},{"type":"Feature","properties":{"pid":"fff087df-51e4-479a-bcd8-dcce7d1cee5a","full":6.2},"geometry":{"type":"Polygon","coordinates":[[[136.04765,35.60918],[136.04766,35.60916],[136.04767,35.60916],[136.04764,35.609],[136.04688,35.6091],[136.04685,35.60913],[136.04685,35.6092],[136.04686,35.60927],[136.04765,35.60918]]]}},{"type":"Feature","properties":{"pid":"42d55857-7e0b-475e-aff5-daf220b89355","full":10.4},"geometry":{"type":"Polygon","coordinates":[[[136.04685,35.60954],[136.04704,35.6095],[136.04771,35.60942],[136.0477,35.6094],[136.04773,35.6094],[136.04768,35.60919],[136.04686,35.60929],[136.04687,35.6094],[136.04685,35.60954]]]}},{"type":"Feature","properties":{"pid":"e19fafd3-9879-42ad-9775-d22559987cd8","full":15.8},"geometry":{"type":"Polygon","coordinates":[[[136.0476,35.61045],[136.0479,35.61042],[136.04774,35.60955],[136.04772,35.60954],[136.04744,35.60957],[136.0476,35.61045]]]}},{"type":"Feature","properties":{"pid":"613c769e-c68e-432e-8cd6-67239da64ae1","full":15.5},"geometry":{"type":"Polygon","coordinates":[[[136.04726,35.61049],[136.0471,35.60962],[136.04691,35.60966],[136.0468,35.6097],[136.04695,35.61052],[136.04726,35.61049]]]}},{"type":"Feature","properties":{"pid":"9feeddf7-16b2-4626-a1c7-82819f6605c3","full":16.3},"geometry":{"type":"Polygon","coordinates":[[[136.04759,35.61045],[136.04743,35.60957],[136.04725,35.60959],[136.04712,35.60962],[136.04727,35.61049],[136.04759,35.61045]]]}},{"type":"Feature","properties":{"pid":"ab9d4e4e-50ee-441a-858f-9f2e6aa7da30","full":1.3},"geometry":{"type":"Polygon","coordinates":[[[136.04805,35.61055],[136.04806,35.61057],[136.04833,35.61053],[136.0483,35.61038],[136.04801,35.61042],[136.04803,35.61055],[136.04805,35.61055]]]}},{"type":"Feature","properties":{"pid":"c1925b1e-e5fc-4345-ac8f-35a8181dd29c","full":2.5},"geometry":{"type":"Polygon","coordinates":[[[136.04835,35.61053],[136.04873,35.61049],[136.04874,35.61052],[136.04886,35.61054],[136.04887,35.61048],[136.04884,35.61032],[136.04833,35.61039],[136.04835,35.61053]]]}},{"type":"Feature","properties":{"pid":"e209e8aa-451f-40c7-8c29-2153319cc830","full":17.1},"geometry":{"type":"Polygon","coordinates":[[[136.04794,35.61008],[136.04798,35.61032],[136.04801,35.61035],[136.04802,35.61036],[136.04889,35.61025],[136.04893,35.60995],[136.04794,35.61008]]]}},{"type":"Feature","properties":{"pid":"b5485a75-b031-40d7-90e5-e99bfe38f2d9","full":17.3},"geometry":{"type":"Polygon","coordinates":[[[136.04795,35.61005],[136.04908,35.60991],[136.04903,35.60966],[136.04789,35.6098],[136.04792,35.61002],[136.04795,35.61004],[136.04795,35.61005]]]}},{"type":"Feature","properties":{"pid":"fe9d9dc6-0dd5-4731-9140-fd70a0e99270","full":5.1},"geometry":{"type":"Polygon","coordinates":[[[136.04986,35.60987],[136.04986,35.60971],[136.04985,35.60969],[136.04919,35.60972],[136.04921,35.60987],[136.04924,35.60989],[136.04924,35.6099],[136.04986,35.60987]]]}},{"type":"Feature","properties":{"pid":"ae7fc2a5-eed6-4b35-b61a-ee91c4dcb457","full":3.1},"geometry":{"type":"Polygon","coordinates":[[[136.04915,35.61045],[136.04888,35.61049],[136.04888,35.61056],[136.04887,35.61068],[136.04889,35.61071],[136.04918,35.6107],[136.04921,35.61068],[136.04918,35.61056],[136.04915,35.61045]]]}},{"type":"Feature","properties":{"pid":"1fbb1090-2a10-424e-82b8-fcc1200eda88","full":0.6},"geometry":{"type":"Polygon","coordinates":[[[136.04925,35.61078],[136.04893,35.61079],[136.04887,35.6108],[136.04885,35.6109],[136.04928,35.61089],[136.04925,35.61078]]]}},{"type":"Feature","properties":{"pid":"cf8e5348-10c9-4999-b508-99cb94bf956f","full":1.3},"geometry":{"type":"Polygon","coordinates":[[[136.04885,35.61092],[136.04889,35.611],[136.04891,35.61103],[136.0491,35.61102],[136.04934,35.6111],[136.04928,35.6109],[136.04885,35.61092]]]}},{"type":"Feature","properties":{"pid":"05722963-30a5-4782-abed-83ef9457de4e","full":12.6},"geometry":{"type":"Polygon","coordinates":[[[136.04819,35.61147],[136.04823,35.61151],[136.04851,35.61147],[136.0485,35.61143],[136.04894,35.61133],[136.04891,35.61113],[136.04887,35.6111],[136.04813,35.61121],[136.04815,35.61138],[136.04819,35.61147]]]}},{"type":"Feature","properties":{"pid":"f95cc057-6d85-4022-8992-209859f0b16b","full":10.5},"geometry":{"type":"Polygon","coordinates":[[[136.04818,35.61117],[136.04886,35.61109],[136.04878,35.61089],[136.04881,35.61083],[136.04852,35.61086],[136.04811,35.61091],[136.0481,35.61092],[136.04809,35.61095],[136.04812,35.61114],[136.04818,35.61117]]]}},{"type":"Feature","properties":{"pid":"da5cca2a-e913-4124-bfdd-c92a58fba563","full":7.3},"geometry":{"type":"Polygon","coordinates":[[[136.04859,35.61081],[136.04855,35.61053],[136.04804,35.6106],[136.04807,35.61082],[136.04812,35.61084],[136.04814,35.61086],[136.04859,35.61081]]]}},{"type":"Feature","properties":{"pid":"185f3b42-df77-4ca0-a58d-2b416daeefc5","full":9.2},"geometry":{"type":"Polygon","coordinates":[[[136.04772,35.61111],[136.04798,35.61107],[136.048,35.61103],[136.04792,35.61055],[136.04791,35.61051],[136.04788,35.61048],[136.04761,35.61051],[136.04772,35.61111]]]}},{"type":"Feature","properties":{"pid":"bb3944d8-3628-4f86-81de-ed02fde539e6","full":16.2},"geometry":{"type":"Polygon","coordinates":[[[136.04711,35.61148],[136.04742,35.61145],[136.04727,35.61056],[136.04696,35.61059],[136.04711,35.61148]]]}},{"type":"Feature","properties":{"pid":"1dbec785-3a17-4c61-baf3-818dd0a8b9eb","full":16.7},"geometry":{"type":"Polygon","coordinates":[[[136.04744,35.61143],[136.04772,35.61141],[136.04775,35.61136],[136.0476,35.61051],[136.04729,35.61056],[136.04744,35.61143]]]}},{"type":"Feature","properties":{"pid":"92dc7a26-09f2-4f3e-b962-b862734868c0","full":3.4},"geometry":{"type":"Polygon","coordinates":[[[136.04772,35.61114],[136.04775,35.61124],[136.04777,35.61127],[136.04779,35.61139],[136.0478,35.6114],[136.04804,35.61138],[136.04807,35.61135],[136.04802,35.61109],[136.04772,35.61114]]]}},{"type":"Feature","properties":{"pid":"d0e19f6a-1a29-4821-8fe8-35c077831349","full":11.7},"geometry":{"type":"Polygon","coordinates":[[[136.04737,35.61209],[136.04815,35.612],[136.04811,35.61174],[136.04725,35.61185],[136.04737,35.61209]]]}},{"type":"Feature","properties":{"pid":"e5e30ff3-be06-4f0a-a664-f3f7a7c6f8b4","full":10.4},"geometry":{"type":"Polygon","coordinates":[[[136.04743,35.61181],[136.04808,35.61173],[136.04809,35.61171],[136.04811,35.61169],[136.04809,35.61157],[136.04806,35.61149],[136.04805,35.61148],[136.04796,35.61148],[136.04738,35.61154],[136.04743,35.61181]]]}},{"type":"Feature","properties":{"pid":"26917bf9-ca8b-46f0-ba0b-7e339c1fb448","full":2.6},"geometry":{"type":"Polygon","coordinates":[[[136.04743,35.61181],[136.04737,35.61155],[136.04707,35.61159],[136.04705,35.6116],[136.04705,35.61162],[136.04724,35.61183],[136.04743,35.61181]]]}},{"type":"Feature","properties":{"pid":"2e8e9e3b-2af0-472f-98c7-77f1bf9359fd","full":1.1},"geometry":{"type":"Polygon","coordinates":[[[136.04759,35.61247],[136.0482,35.6124],[136.04822,35.61239],[136.04823,35.61238],[136.04821,35.61231],[136.0482,35.61229],[136.0481,35.6123],[136.04756,35.61236],[136.04755,35.61238],[136.04756,35.6124],[136.04759,35.61242],[136.04758,35.61246],[136.04759,35.61247]]]}},{"type":"Feature","properties":{"pid":"fa2956a2-0bb8-4abd-9d3d-d541eb0b36c3","full":10.3},"geometry":{"type":"Polygon","coordinates":[[[136.04738,35.61211],[136.0474,35.61217],[136.04745,35.61227],[136.04748,35.61231],[136.04753,35.61234],[136.04819,35.61226],[136.04821,35.61222],[136.04817,35.61203],[136.04815,35.61202],[136.04738,35.61211]]]}},{"type":"Feature","properties":{"pid":"aeb56ead-c6a8-4e17-a6e5-406969f5fee3","full":11.5},"geometry":{"type":"Polygon","coordinates":[[[136.04835,35.6125],[136.0484,35.6125],[136.0484,35.61252],[136.0488,35.61247],[136.04875,35.61228],[136.04877,35.61224],[136.04872,35.61204],[136.04847,35.61207],[136.0483,35.6121],[136.0483,35.61215],[136.04835,35.6125]]]}},{"type":"Feature","properties":{"pid":"256863b9-eb9d-406a-8099-a06643151c23","full":10.4},"geometry":{"type":"Polygon","coordinates":[[[136.04825,35.61203],[136.0483,35.61203],[136.04831,35.61205],[136.04871,35.61201],[136.04862,35.61188],[136.0485,35.6115],[136.0482,35.61155],[136.04824,35.61179],[136.04825,35.61203]]]}},{"type":"Feature","properties":{"pid":"2cf10160-f85e-4e4f-abf1-d35f838d5006","full":0.6},"geometry":{"type":"Polygon","coordinates":[[[136.04877,35.61199],[136.04886,35.61194],[136.04882,35.61184],[136.04878,35.6117],[136.04862,35.6117],[136.04865,35.61176],[136.04865,35.61182],[136.04873,35.61195],[136.04877,35.61199]]]}},{"type":"Feature","properties":{"pid":"e7586c70-bf7a-43b1-8f5b-07265b50c0ca","full":2.3},"geometry":{"type":"Polygon","coordinates":[[[136.04902,35.61196],[136.04913,35.61195],[136.04907,35.61171],[136.04903,35.61167],[136.04889,35.6117],[136.04881,35.6117],[136.04883,35.61174],[136.04882,35.61179],[136.04884,35.61185],[136.04887,35.6119],[136.04895,35.61191],[136.04902,35.61196]]]}},{"type":"Feature","properties":{"pid":"ac27ded7-9720-4e51-8334-5a7d786cda79","full":3.9},"geometry":{"type":"Polygon","coordinates":[[[136.04937,35.61155],[136.04912,35.61161],[136.04911,35.61172],[136.04916,35.61189],[136.04919,35.61195],[136.04936,35.61193],[136.04939,35.61166],[136.04937,35.61155]]]}},{"type":"Feature","properties":{"pid":"24821ab2-16e4-4d85-ada7-cf60f9d21fa6","full":7.6},"geometry":{"type":"Polygon","coordinates":[[[136.04995,35.61129],[136.04953,35.6113],[136.04956,35.61149],[136.04963,35.61153],[136.04967,35.61162],[136.04974,35.61169],[136.04998,35.61167],[136.04996,35.61132],[136.04995,35.61129]]]}},{"type":"Feature","properties":{"pid":"2e95e198-76cd-47c6-8991-647dd43ae9a2","full":9.2},"geometry":{"type":"Polygon","coordinates":[[[136.05028,35.61106],[136.0495,35.61108],[136.04952,35.61125],[136.04955,35.61128],[136.04999,35.61127],[136.05,35.61139],[136.05026,35.6114],[136.05025,35.61128],[136.05028,35.61108],[136.05028,35.61106]]]}},{"type":"Feature","properties":{"pid":"968ec8f9-039d-4c14-8344-5fb97dc7a388","full":10.2},"geometry":{"type":"Polygon","coordinates":[[[136.05031,35.61079],[136.04978,35.61084],[136.04968,35.61082],[136.04944,35.6108],[136.04948,35.61106],[136.0503,35.61103],[136.05033,35.61088],[136.05031,35.61079]]]}},{"type":"Feature","properties":{"pid":"0197975f-7ebc-4955-a7fc-38e06d84ba71","full":5.0},"geometry":{"type":"Polygon","coordinates":[[[136.04999,35.61425],[136.04997,35.61397],[136.04958,35.61401],[136.04959,35.61423],[136.04963,35.61427],[136.04999,35.61425]]]}},{"type":"Feature","properties":{"pid":"9984ef72-c727-4a24-bfee-870eea7b9f92","full":1.4},"geometry":{"type":"Polygon","coordinates":[[[136.04959,35.61359],[136.04971,35.61355],[136.04988,35.6135],[136.04984,35.61332],[136.04983,35.61331],[136.04975,35.61332],[136.04959,35.61348],[136.04954,35.6135],[136.04952,35.61353],[136.04953,35.61353],[136.04954,35.61358],[136.04959,35.61359]]]}},{"type":"Feature","properties":{"pid":"dcf24c01-8a2d-4711-9f6b-76df4b70f3ce","full":1.1},"geometry":{"type":"Polygon","coordinates":[[[136.0493,35.6131],[136.04946,35.61309],[136.04947,35.61301],[136.04976,35.613],[136.04973,35.61287],[136.04946,35.61287],[136.04936,35.61301],[136.04933,35.61303],[136.04931,35.61307],[136.0493,35.6131]]]}},{"type":"Feature","properties":{"pid":"4b50640f-0c77-4099-aba1-83a6b167b305","full":2.1},"geometry":{"type":"Polygon","coordinates":[[[136.04875,35.61266],[136.04871,35.61266],[136.04849,35.61269],[136.04845,35.61271],[136.04846,35.61272],[136.04843,35.61273],[136.04841,35.61276],[136.0485,35.61293],[136.04853,35.61294],[136.04857,35.61294],[136.04865,35.6129],[136.04875,35.61266]]]}},{"type":"Feature","properties":{"pid":"3dfe23ce-3984-4477-bf5d-8e1a3423ee40","full":1.3},"geometry":{"type":"Polygon","coordinates":[[[136.04843,35.61268],[136.04873,35.61264],[136.04877,35.61257],[136.04878,35.61253],[136.04876,35.6125],[136.04838,35.61255],[136.04837,35.61256],[136.04838,35.61267],[136.04842,35.61266],[136.04843,35.61268]]]}},{"type":"Feature","properties":{"pid":"f86d6b19-f122-4b92-bbe6-1f1cdd7db9fc","full":9.3},"geometry":{"type":"Polygon","coordinates":[[[136.04822,35.61255],[136.04757,35.61263],[136.04757,35.61267],[136.04766,35.61286],[136.04768,35.61286],[136.04783,35.61281],[136.04785,35.61281],[136.0479,35.61292],[136.04791,35.61293],[136.04803,35.6129],[136.04804,35.61289],[136.04806,35.61285],[136.04829,35.61273],[136.04831,35.6127],[136.04827,35.61257],[136.04825,35.61256],[136.04822,35.61255]]]}},{"type":"Feature","properties":{"pid":"d87101fd-87df-4dd5-ab2d-04379fcbdd63","full":2.4},"geometry":{"type":"Polygon","coordinates":[[[136.04759,35.61248],[136.04759,35.61257],[136.04757,35.6126],[136.04758,35.61261],[136.04824,35.61254],[136.04826,35.61253],[136.04827,35.61249],[136.04825,35.61241],[136.04823,35.6124],[136.04759,35.61248]]]}},{"type":"Feature","properties":{"pid":"8ccb9e22-45aa-4a2c-965c-455350fdac21","full":1.2},"geometry":{"type":"Polygon","coordinates":[[[136.04784,35.61311],[136.04814,35.61311],[136.04813,35.61304],[136.04809,35.61295],[136.04805,35.61295],[136.04804,35.61293],[136.04784,35.61298],[136.04784,35.61303],[136.04784,35.61311]]]}},{"type":"Feature","properties":{"pid":"ff864c76-a77e-4e66-8805-1905ca3876fb","full":0.7},"geometry":{"type":"Polygon","coordinates":[[[136.04759,35.61375],[136.04769,35.61379],[136.04796,35.61373],[136.04793,35.61367],[136.04783,35.6137],[136.04778,35.61369],[136.04774,35.61367],[136.04774,35.61363],[136.04761,35.61364],[136.04756,35.61355],[136.04749,35.61356],[136.0475,35.61376],[136.04759,35.61375]]]}},{"type":"Feature","properties":{"pid":"058810cb-624e-4b86-807c-f2855f0545e6","full":1.1},"geometry":{"type":"Polygon","coordinates":[[[136.04885,35.61343],[136.04918,35.61342],[136.0492,35.61329],[136.04882,35.6133],[136.04878,35.61333],[136.04878,35.61335],[136.04885,35.61343]]]}},{"type":"Feature","properties":{"pid":"19ee6f83-4e81-492a-ab1f-cac0b7dd09e5","full":8.5},"geometry":{"type":"Polygon","coordinates":[[[136.04948,35.61439],[136.04924,35.61441],[136.04863,35.61442],[136.04855,35.61444],[136.04858,35.61449],[136.04872,35.61463],[136.04933,35.61459],[136.04953,35.61459],[136.0495,35.61443],[136.04948,35.61439]]]}},{"type":"Feature","properties":{"pid":"9ad0d819-d000-497a-84ea-b9e7a65a287f","full":10.2},"geometry":{"type":"Polygon","coordinates":[[[136.0491,35.61499],[136.04954,35.61494],[136.04956,35.61493],[136.04959,35.61492],[136.04956,35.61475],[136.04934,35.61477],[136.04932,35.61464],[136.0493,35.61461],[136.04879,35.61466],[136.04877,35.61468],[136.0491,35.61499]]]}},{"type":"Feature","properties":{"pid":"66c9bcd2-5b98-4622-8177-575d8a3e3226","full":1.8},"geometry":{"type":"Polygon","coordinates":[[[136.0478,35.61565],[136.04784,35.61565],[136.04785,35.61566],[136.04828,35.61567],[136.0483,35.61566],[136.04826,35.61558],[136.04821,35.61553],[136.048,35.61552],[136.04785,35.61552],[136.04779,35.61556],[136.04779,35.61563],[136.0478,35.61565]]]}},{"type":"Feature","properties":{"pid":"f2b23cd3-36b3-4333-9f06-cee5858606c2","full":1.8},"geometry":{"type":"Polygon","coordinates":[[[136.04786,35.6158],[136.04834,35.61582],[136.04835,35.61573],[136.04832,35.6157],[136.04828,35.61568],[136.04781,35.61567],[136.04786,35.6158]]]}},{"type":"Feature","properties":{"pid":"a6f40417-fe77-4c0b-88ab-5bba2c6e53bb","full":2.0},"geometry":{"type":"Polygon","coordinates":[[[136.04834,35.61582],[136.04786,35.61581],[136.04788,35.6159],[136.04789,35.61594],[136.04791,35.61595],[136.04836,35.61597],[136.04837,35.61596],[136.04838,35.6159],[136.04834,35.61582]]]}},{"type":"Feature","properties":{"pid":"127c59c1-b44b-44b0-acaa-1b6c03b73349","full":0.8},"geometry":{"type":"Polygon","coordinates":[[[136.04827,35.61533],[136.04833,35.6154],[136.04845,35.61552],[136.04867,35.61564],[136.04863,35.61554],[136.04841,35.61526],[136.04827,35.61533]]]}},{"type":"Feature","properties":{"pid":"dd4caa2e-0de0-4581-9746-6f59cc0ec3cc","full":1.0},"geometry":{"type":"Polygon","coordinates":[[[136.04826,35.61533],[136.04841,35.61525],[136.04825,35.61503],[136.04814,35.61508],[136.04818,35.6152],[136.04826,35.61533]]]}},{"type":"Feature","properties":{"pid":"df712f63-4f21-422a-b767-47eed71280da","full":7.3},"geometry":{"type":"Polygon","coordinates":[[[136.04959,35.61494],[136.0491,35.61499],[136.0492,35.61517],[136.04921,35.6153],[136.04963,35.61526],[136.04959,35.61494]]]}},{"type":"Feature","properties":{"pid":"ea246b50-11df-485f-9bcc-09b90e496ea5","full":16.5},"geometry":{"type":"Polygon","coordinates":[[[136.04956,35.61528],[136.04914,35.61531],[136.049,35.61535],[136.04897,35.61532],[136.04889,35.61537],[136.04898,35.61552],[136.04878,35.61563],[136.04881,35.61567],[136.04887,35.61575],[136.04961,35.61564],[136.04956,35.61528]]]}},{"type":"Feature","properties":{"pid":"83b47eff-6cff-443f-b38d-25acdad1d46d","full":5.9},"geometry":{"type":"Polygon","coordinates":[[[136.04996,35.61565],[136.04971,35.6157],[136.04971,35.61572],[136.04897,35.61582],[136.04901,35.61593],[136.04995,35.61587],[136.04996,35.61586],[136.04997,35.61586],[136.04997,35.61583],[136.04997,35.61572],[136.04996,35.61565]]]}},{"type":"Feature","properties":{"pid":"bc30ac35-0d6b-4df3-859e-38ff7c5e9c2a","full":3.9},"geometry":{"type":"Polygon","coordinates":[[[136.04974,35.61533],[136.05002,35.61531],[136.05003,35.61531],[136.05002,35.61502],[136.04972,35.61505],[136.04971,35.61507],[136.04971,35.61513],[136.04974,35.61533]]]}},{"type":"Feature","properties":{"pid":"22c85337-9998-429a-b733-3301f6da42d2","full":3.1},"geometry":{"type":"Polygon","coordinates":[[[136.05003,35.61532],[136.04974,35.61534],[136.04977,35.61557],[136.04982,35.6156],[136.05005,35.61557],[136.05003,35.61532]]]}},{"type":"Feature","properties":{"pid":"2ac7a272-00c4-45de-8fe0-5705efd65d19","full":3.7},"geometry":{"type":"Polygon","coordinates":[[[136.05002,35.6149],[136.05,35.61465],[136.04965,35.61468],[136.04969,35.61493],[136.05002,35.6149]]]}},{"type":"Feature","properties":{"pid":"25e7dd2d-5f03-43cc-a289-a20b6e9965e3","full":13.0},"geometry":{"type":"Polygon","coordinates":[[[136.05006,35.61697],[136.04928,35.61702],[136.04918,35.61726],[136.04921,35.61729],[136.05006,35.61724],[136.05007,35.61723],[136.05006,35.61697]]]}},{"type":"Feature","properties":{"pid":"2bef10fe-c6b4-4b53-836f-6d63c685452a","full":8.5},"geometry":{"type":"Polygon","coordinates":[[[136.05004,35.61671],[136.04935,35.61675],[136.0494,35.6169],[136.04934,35.61692],[136.04931,35.617],[136.05003,35.61695],[136.05003,35.61693],[136.05005,35.61692],[136.05004,35.61671]]]}},{"type":"Feature","properties":{"pid":"65ae8bf8-31df-4604-b732-f789892a3ad3","full":11.2},"geometry":{"type":"Polygon","coordinates":[[[136.05001,35.61643],[136.04921,35.61648],[136.0492,35.61649],[136.04928,35.61663],[136.04935,35.61673],[136.05001,35.61669],[136.05001,35.61667],[136.05003,35.61667],[136.05002,35.61648],[136.05001,35.61643]]]}},{"type":"Feature","properties":{"pid":"e9a6d352-c8fd-4151-9f9a-eee4dcdfb0ea","full":12.6},"geometry":{"type":"Polygon","coordinates":[[[136.04998,35.61616],[136.04907,35.61622],[136.04908,35.61626],[136.04918,35.61646],[136.04998,35.61642],[136.04998,35.6164],[136.05001,35.61639],[136.05001,35.61637],[136.05,35.61618],[136.04998,35.61616]]]}},{"type":"Feature","properties":{"pid":"a1e67eb6-8565-4f97-9a5e-00a4fbd041ed","full":3.6},"geometry":{"type":"Polygon","coordinates":[[[136.04904,35.61608],[136.04999,35.61603],[136.04998,35.61591],[136.04996,35.61591],[136.04995,35.6159],[136.04901,35.61595],[136.04904,35.61608]]]}},{"type":"Feature","properties":{"pid":"1fcb027c-4f8a-4d25-8b80-dffc8670b4cc","full":2.2},"geometry":{"type":"Polygon","coordinates":[[[136.04904,35.61608],[136.04906,35.6162],[136.04995,35.61615],[136.04998,35.61615],[136.04997,35.61612],[136.05,35.61612],[136.04999,35.61603],[136.04904,35.61608]]]}},{"type":"Feature","properties":{"pid":"335ff95e-f6df-4b72-8d97-c314d4e16077","full":4.3},"geometry":{"type":"Polygon","coordinates":[[[136.04858,35.61626],[136.04852,35.61655],[136.04889,35.61657],[136.04894,35.61657],[136.04894,35.61655],[136.04887,35.61645],[136.04879,35.61627],[136.04863,35.61625],[136.04858,35.61626]]]}},{"type":"Feature","properties":{"pid":"80b52523-e520-407a-8ab8-42210579e84c","full":5.3},"geometry":{"type":"Polygon","coordinates":[[[136.0481,35.61665],[136.04809,35.61667],[136.04809,35.61668],[136.04902,35.61672],[136.04899,35.61663],[136.04897,35.61659],[136.04894,35.61658],[136.04851,35.61657],[136.0485,35.61655],[136.04851,35.6165],[136.04846,35.61646],[136.04832,35.6164],[136.04831,35.61641],[136.04818,35.61657],[136.0481,35.61665]]]}},{"type":"Feature","properties":{"pid":"74b4be01-f177-4545-b86f-7118feb98641","full":3.7},"geometry":{"type":"Polygon","coordinates":[[[136.04873,35.6159],[136.04848,35.61601],[136.04852,35.61614],[136.04858,35.61621],[136.04868,35.61622],[136.04885,35.6162],[136.04881,35.61602],[136.04878,35.61595],[136.04873,35.6159]]]}},{"type":"Feature","properties":{"pid":"749048f1-3922-4773-b364-74ca2c66ffc0","full":2.2},"geometry":{"type":"Polygon","coordinates":[[[136.04794,35.61609],[136.04806,35.61614],[136.04813,35.61613],[136.04826,35.61614],[136.04831,35.61612],[136.04836,35.61608],[136.04837,35.61603],[136.04835,35.61598],[136.04793,35.61596],[136.04793,35.61608],[136.04794,35.61609]]]}},{"type":"Feature","properties":{"pid":"3687ecb4-99c7-4f0f-849e-f29647bb388a","full":0.6},"geometry":{"type":"Polygon","coordinates":[[[136.04733,35.61712],[136.0472,35.61712],[136.04712,35.61729],[136.04734,35.6173],[136.04733,35.61712]]]}},{"type":"Feature","properties":{"pid":"6971f69c-65f4-48cc-b6d2-4c9f5d8a05ea","full":4.5},"geometry":{"type":"Polygon","coordinates":[[[136.04898,35.61709],[136.048,35.61704],[136.04799,35.61707],[136.04805,35.61718],[136.04891,35.61724],[136.04898,35.61709]]]}},{"type":"Feature","properties":{"pid":"e2b47baf-ebfc-42b4-816a-1af1933cc1d5","full":18.8},"geometry":{"type":"Polygon","coordinates":[[[136.04811,35.61703],[136.04895,35.61707],[136.04897,35.61706],[136.049,35.61702],[136.04903,35.61693],[136.04903,35.61686],[136.04902,35.61677],[136.049,35.61675],[136.04813,35.6167],[136.04811,35.61703]]]}},{"type":"Feature","properties":{"pid":"e5ad2874-e687-4fae-863a-35cde235eb87","full":4.0},"geometry":{"type":"Polygon","coordinates":[[[136.04892,35.61801],[136.05013,35.61796],[136.05012,35.61783],[136.04897,35.61789],[136.04892,35.61801]]]}},{"type":"Feature","properties":{"pid":"226f4603-5844-48d6-a756-03ae69baffbd","full":4.8},"geometry":{"type":"Polygon","coordinates":[[[136.04887,35.61816],[136.05014,35.6181],[136.05013,35.61797],[136.04892,35.61802],[136.04891,35.61803],[136.04887,35.61816]]]}},{"type":"Feature","properties":{"pid":"c0709e46-3774-4553-b337-2da9abb9e61a","full":9.4},"geometry":{"type":"Polygon","coordinates":[[[136.04805,35.6186],[136.04879,35.61866],[136.04864,35.61846],[136.04859,35.61829],[136.04828,35.61827],[136.04823,35.61833],[136.04817,35.61847],[136.04805,35.6186]]]}},{"type":"Feature","properties":{"pid":"afc3a179-90b0-4d26-8551-5cce51337dec","full":2.4},"geometry":{"type":"Polygon","coordinates":[[[136.0486,35.61814],[136.04866,35.61795],[136.04845,35.61793],[136.04845,35.61803],[136.0484,35.61811],[136.04831,35.61818],[136.04828,35.61824],[136.04829,35.61826],[136.04859,35.61827],[136.04859,35.61815],[136.0486,35.61814]]]}},{"type":"Feature","properties":{"pid":"3699c7d3-96c0-4b41-a31e-b36a3700fbdf","full":7.6},"geometry":{"type":"Polygon","coordinates":[[[136.0469,35.6181],[136.04736,35.61809],[136.04735,35.61781],[136.04729,35.61778],[136.0469,35.6178],[136.0469,35.6181]]]}},{"type":"Feature","properties":{"pid":"c9c21306-9258-42be-9b21-56109171bfae","full":5.7},"geometry":{"type":"Polygon","coordinates":[[[136.04692,35.61837],[136.04738,35.61836],[136.04736,35.61811],[136.0469,35.61812],[136.04692,35.61837]]]}},{"type":"Feature","properties":{"pid":"7646eb88-25e8-460f-b303-6cd89fef709a","full":11.0},"geometry":{"type":"Polygon","coordinates":[[[136.04691,35.61841],[136.0469,35.61846],[136.0469,35.61874],[136.04692,35.61876],[136.04743,35.61879],[136.04739,35.61847],[136.04738,35.61844],[136.04735,35.61841],[136.04719,35.6184],[136.04694,35.6184],[136.04691,35.61841]]]}},{"type":"Feature","properties":{"pid":"2eff406c-50d3-4bbb-9184-79692e5a3dda","full":13.3},"geometry":{"type":"Polygon","coordinates":[[[136.04743,35.61882],[136.04695,35.61879],[136.04692,35.61881],[136.04691,35.61883],[136.04692,35.61919],[136.04748,35.61919],[136.0475,35.61917],[136.04743,35.61882]]]}},{"type":"Feature","properties":{"pid":"b96c9ea3-8627-4405-aa20-a329e9545cf3","full":9.6},"geometry":{"type":"Polygon","coordinates":[[[136.0474,35.6195],[136.04743,35.61953],[136.04749,35.61953],[136.04755,35.61953],[136.04756,35.61952],[136.0475,35.61927],[136.04747,35.61922],[136.04691,35.61921],[136.04692,35.6195],[136.04737,35.61949],[136.0474,35.6195]]]}},{"type":"Feature","properties":{"pid":"a285a521-49e3-4adf-97ed-fcc2a80a90fd","full":4.7},"geometry":{"type":"Polygon","coordinates":[[[136.04772,35.61935],[136.04792,35.6194],[136.04795,35.61913],[136.04794,35.61895],[136.04792,35.61894],[136.04792,35.61893],[136.04763,35.61897],[136.04771,35.61922],[136.04772,35.61935]]]}},{"type":"Feature","properties":{"pid":"fb0528e6-f573-4993-af02-f2446cf717c6","full":15.9},"geometry":{"type":"Polygon","coordinates":[[[136.04798,35.61936],[136.04851,35.61928],[136.04876,35.61938],[136.04903,35.6194],[136.04902,35.61931],[136.04901,35.61912],[136.04807,35.61902],[136.04801,35.61903],[136.04799,35.61907],[136.04798,35.61936]]]}},{"type":"Feature","properties":{"pid":"34b82f4b-73e0-4d87-b6f0-628469b80a61","full":25.4},"geometry":{"type":"Polygon","coordinates":[[[136.04802,35.61901],[136.04902,35.6191],[136.04903,35.61902],[136.04879,35.61868],[136.04804,35.61862],[136.04801,35.61867],[136.04799,35.61894],[136.048,35.61899],[136.04802,35.61901]]]}},{"type":"Feature","properties":{"pid":"e04f0e26-38cc-4e55-8aa4-7d3d74218310","full":1.5},"geometry":{"type":"Polygon","coordinates":[[[136.04933,35.61947],[136.05023,35.61943],[136.05022,35.61932],[136.04932,35.61936],[136.04933,35.61947]]]}},{"type":"Feature","properties":{"pid":"a07fc125-7a53-47c0-8184-42d72aeff6d1","full":13.8},"geometry":{"type":"Polygon","coordinates":[[[136.04929,35.6192],[136.05021,35.61916],[136.0502,35.6189],[136.04928,35.61894],[136.04929,35.6192]]]}},{"type":"Feature","properties":{"pid":"75ff1fd4-c965-4db5-a430-4ea3fe6d86b4","full":3.1},"geometry":{"type":"Polygon","coordinates":[[[136.04931,35.61934],[136.05022,35.61931],[136.05021,35.61918],[136.0493,35.61922],[136.04931,35.61934]]]}},{"type":"Feature","properties":{"pid":"e5bd5d90-82fb-4191-9faa-f2d45f0159e1","full":3.5},"geometry":{"type":"Polygon","coordinates":[[[136.04927,35.61893],[136.0502,35.61889],[136.05019,35.61876],[136.04919,35.6188],[136.04927,35.61893]]]}},{"type":"Feature","properties":{"pid":"26e8e0d2-821d-4c19-886f-9330de7a19a7","full":0.8},"geometry":{"type":"Polygon","coordinates":[[[136.04919,35.61879],[136.0502,35.61874],[136.05019,35.61865],[136.04913,35.61869],[136.04919,35.61879]]]}},{"type":"Feature","properties":{"pid":"ac4d2d14-8f6e-47d4-bb1d-d1e5b9610f54","full":5.0},"geometry":{"type":"Polygon","coordinates":[[[136.04898,35.61787],[136.05012,35.61781],[136.04997,35.61769],[136.04902,35.6177],[136.04898,35.61787]]]}},{"type":"Feature","properties":{"pid":"e4422012-da0d-4931-8c2b-2c7e9119b952","full":6.3},"geometry":{"type":"Polygon","coordinates":[[[136.04926,35.62095],[136.05015,35.6209],[136.05013,35.62073],[136.04926,35.62078],[136.04923,35.62082],[136.04926,35.62095]]]}},{"type":"Feature","properties":{"pid":"47cc9698-5e07-4ed1-ae4a-434d37a7435b","full":23.2},"geometry":{"type":"Polygon","coordinates":[[[136.04927,35.62075],[136.05021,35.62071],[136.05025,35.62051],[136.05025,35.6203],[136.04945,35.62035],[136.04939,35.62052],[136.04927,35.62075]]]}},{"type":"Feature","properties":{"pid":"b0cc4b32-c3be-4652-98d8-9334588d1fc8","full":11.4},"geometry":{"type":"Polygon","coordinates":[[[136.04949,35.62029],[136.05026,35.62025],[136.05026,35.61999],[136.04949,35.62003],[136.0495,35.62021],[136.04949,35.62029]]]}},{"type":"Feature","properties":{"pid":"4f23ee53-c199-4cb0-8540-e90e4928a05c","full":8.0},"geometry":{"type":"Polygon","coordinates":[[[136.04941,35.6198],[136.04948,35.62001],[136.05025,35.61997],[136.05025,35.61977],[136.04941,35.6198]]]}},{"type":"Feature","properties":{"pid":"eb199689-8a4b-4b27-9f00-39a618ed4ffa","full":11.5},"geometry":{"type":"Polygon","coordinates":[[[136.04942,35.61974],[136.05025,35.6197],[136.05023,35.61945],[136.05006,35.61945],[136.05006,35.61951],[136.04994,35.61951],[136.04993,35.61946],[136.04933,35.61948],[136.04937,35.61964],[136.04942,35.61974]]]}},{"type":"Feature","properties":{"pid":"5769a717-0c38-487f-838b-dd277afe0207","full":9.7},"geometry":{"type":"Polygon","coordinates":[[[136.04903,35.61943],[136.04873,35.61941],[136.04861,35.61963],[136.04863,35.61964],[136.04861,35.61977],[136.04883,35.61981],[136.04914,35.61981],[136.04903,35.61943]]]}},{"type":"Feature","properties":{"pid":"1ad215bb-be24-4687-96e8-901a9230295b","full":5.3},"geometry":{"type":"Polygon","coordinates":[[[136.04741,35.61985],[136.04739,35.61969],[136.0474,35.61963],[136.04692,35.61963],[136.04692,35.61987],[136.04741,35.61985]]]}},{"type":"Feature","properties":{"pid":"b4a40d31-034a-4b10-a482-a940f9502e29","full":18.7},"geometry":{"type":"Polygon","coordinates":[[[136.04692,35.62038],[136.0475,35.62037],[136.0475,35.62013],[136.04743,35.61988],[136.04691,35.61989],[136.04692,35.62038]]]}},{"type":"Feature","properties":{"pid":"abe50106-646d-45a2-b1df-bf38d8d7edc8","full":14.9},"geometry":{"type":"Polygon","coordinates":[[[136.04698,35.62079],[136.04752,35.62078],[136.04752,35.62073],[136.04756,35.62073],[136.04756,35.62072],[136.04756,35.6206],[136.04751,35.6204],[136.04694,35.62041],[136.04692,35.62042],[136.04691,35.62069],[136.04692,35.62076],[136.04696,35.62077],[136.04698,35.62079]]]}},{"type":"Feature","properties":{"pid":"d181c0d5-d34a-45e2-bb22-11d8c8df4df7","full":10.1},"geometry":{"type":"Polygon","coordinates":[[[136.04694,35.62118],[136.04694,35.6217],[136.04722,35.6217],[136.04724,35.62168],[136.04725,35.62163],[136.0473,35.62154],[136.0473,35.62152],[136.04728,35.62146],[136.04732,35.62118],[136.04694,35.62118]]]}},{"type":"Feature","properties":{"pid":"17370e02-5421-4e50-a112-165336c29cc8","full":4.1},"geometry":{"type":"Polygon","coordinates":[[[136.04703,35.62289],[136.04744,35.62301],[136.04743,35.62281],[136.04747,35.62265],[136.04734,35.62256],[136.04732,35.62256],[136.04731,35.62264],[136.04728,35.62268],[136.04718,35.62274],[136.04703,35.62289]]]}},{"type":"Feature","properties":{"pid":"e420009c-162c-4772-ac52-1de4347e51c9","full":2.0},"geometry":{"type":"Polygon","coordinates":[[[136.04746,35.62309],[136.04747,35.62313],[136.04766,35.62318],[136.04776,35.62296],[136.04751,35.62288],[136.04747,35.62292],[136.04747,35.62305],[136.04746,35.62309]]]}},{"type":"Feature","properties":{"pid":"cc3e78b8-71cf-48d9-8627-e87013e733d0","full":3.5},"geometry":{"type":"Polygon","coordinates":[[[136.04753,35.62288],[136.04794,35.62301],[136.04795,35.62301],[136.04796,35.62298],[136.04794,35.6229],[136.04796,35.6228],[136.04773,35.62268],[136.04771,35.62271],[136.04766,35.62273],[136.04758,35.62277],[136.04753,35.62284],[136.04753,35.62288]]]}},{"type":"Feature","properties":{"pid":"dcd0c405-5c46-4fd5-af60-8d0119768164","full":2.6},"geometry":{"type":"Polygon","coordinates":[[[136.04956,35.6219],[136.04974,35.62196],[136.04979,35.62194],[136.04989,35.62175],[136.04961,35.62167],[136.04958,35.62169],[136.04957,35.62172],[136.04954,35.62186],[136.04956,35.6219]]]}},{"type":"Feature","properties":{"pid":"2493063d-a461-4d64-9ae7-e4d7f0ed86ba","full":2.1},"geometry":{"type":"Polygon","coordinates":[[[136.04815,35.62367],[136.04814,35.62369],[136.04815,35.62378],[136.04817,35.62386],[136.04848,35.62382],[136.04844,35.62363],[136.04815,35.62367]]]}},{"type":"Feature","properties":{"pid":"8c7c3439-5b7b-45c2-a3bc-05e930fb4671","full":1.1},"geometry":{"type":"Polygon","coordinates":[[[136.04858,35.62381],[136.04874,35.6238],[136.04875,35.62379],[136.04875,35.62374],[136.04883,35.62374],[136.04884,35.62371],[136.04883,35.62369],[136.04878,35.62366],[136.04856,35.62355],[136.04851,35.62357],[136.04856,35.62377],[136.04858,35.62381]]]}},{"type":"Feature","properties":{"pid":"50a519e9-2081-4156-b03a-6f6817892680","full":2.1},"geometry":{"type":"Polygon","coordinates":[[[136.04761,35.62371],[136.04762,35.6238],[136.04764,35.62381],[136.04773,35.62383],[136.04815,35.62381],[136.04813,35.62378],[136.04812,35.62366],[136.04765,35.62369],[136.04761,35.62371]]]}},{"type":"Feature","properties":{"pid":"376486af-d5d2-4a26-9ca3-a0f2a81f0ea5","full":7.8},"geometry":{"type":"Polygon","coordinates":[[[136.04742,35.62302],[136.04702,35.6229],[136.04698,35.62299],[136.04697,35.62318],[136.04693,35.6233],[136.04729,35.62332],[136.04741,35.62308],[136.04742,35.62302]]]}},{"type":"Feature","properties":{"pid":"8335e200-a533-40c3-b2db-f191341c83fa","full":20.2},"geometry":{"type":"Polygon","coordinates":[[[136.04692,35.62313],[136.04577,35.62313],[136.04578,35.62353],[136.04632,35.62352],[136.04634,35.6233],[136.04685,35.62336],[136.04692,35.62313]]]}},{"type":"Feature","properties":{"pid":"8b1f2eb5-a425-49d9-bd1c-e5e5d6f23455","full":6.3},"geometry":{"type":"Polygon","coordinates":[[[136.04486,35.62349],[136.04564,35.62349],[136.04567,35.62344],[136.04567,35.62331],[136.04486,35.62331],[136.04486,35.62349]]]}},{"type":"Feature","properties":{"pid":"6e50d58e-332e-4b5d-a8b1-f763c8a3612e","full":9.0},"geometry":{"type":"Polygon","coordinates":[[[136.04486,35.62329],[136.04567,35.62329],[136.04567,35.62311],[136.04564,35.62309],[136.04544,35.62307],[136.04485,35.62308],[136.04486,35.62329]]]}},{"type":"Feature","properties":{"pid":"3e4ec2a8-eb40-4b51-affb-17f482e890af","full":10.0},"geometry":{"type":"Polygon","coordinates":[[[136.04487,35.62391],[136.04566,35.6239],[136.04568,35.62388],[136.04567,35.62367],[136.04486,35.62368],[136.04487,35.62391]]]}},{"type":"Feature","properties":{"pid":"0bca4e39-d58d-4830-9cef-bd450a6e3291","full":4.9},"geometry":{"type":"Polygon","coordinates":[[[136.04485,35.6235],[136.04486,35.62366],[136.04567,35.62365],[136.04567,35.62353],[136.04564,35.62352],[136.04564,35.6235],[136.04485,35.6235]]]}},{"type":"Feature","properties":{"pid":"63ab36aa-d943-47bd-b4f8-98e5d9335a7a","full":0.8},"geometry":{"type":"Polygon","coordinates":[[[136.02954,35.62323],[136.02973,35.62327],[136.02979,35.62324],[136.0298,35.6231],[136.02949,35.62313],[136.02954,35.62323]]]}},{"type":"Feature","properties":{"pid":"5aa0da3a-9995-4126-9833-2e8cfbad4fca","full":5.0},"geometry":{"type":"Polygon","coordinates":[[[136.02675,35.62221],[136.02695,35.62219],[136.02695,35.62212],[136.02694,35.6221],[136.02694,35.62208],[136.02695,35.62204],[136.02695,35.62202],[136.02688,35.6219],[136.02685,35.62188],[136.02677,35.62188],[136.02651,35.62195],[136.0265,35.62199],[136.02658,35.62208],[136.02675,35.62221]]]}},{"type":"Feature","properties":{"pid":"fbdb52f0-2475-46df-b924-81ffaf7caddc","full":4.1},"geometry":{"type":"Polygon","coordinates":[[[136.02671,35.62186],[136.02686,35.62186],[136.02688,35.62187],[136.02726,35.62174],[136.02716,35.62157],[136.02665,35.62174],[136.02671,35.62186]]]}},{"type":"Feature","properties":{"pid":"e394d4d8-94fa-4521-a9a7-e32690952801","full":2.4},"geometry":{"type":"Polygon","coordinates":[[[136.0267,35.62187],[136.02664,35.62176],[136.02659,35.62177],[136.02635,35.62155],[136.02634,35.62156],[136.02634,35.62177],[136.02635,35.62185],[136.02643,35.62194],[136.02648,35.62194],[136.0267,35.62187]]]}},{"type":"Feature","properties":{"pid":"a3ed7b11-a3cb-4ef7-a922-0851eaa4cf88","full":9.2},"geometry":{"type":"Polygon","coordinates":[[[136.02689,35.62143],[136.02631,35.62141],[136.0263,35.62148],[136.02659,35.62175],[136.02716,35.62155],[136.02709,35.62146],[136.02695,35.62146],[136.02689,35.62143]]]}},{"type":"Feature","properties":{"pid":"de7f581a-e31e-4e6d-9153-69e4508534a0","full":2.8},"geometry":{"type":"Polygon","coordinates":[[[136.0273,35.62205],[136.02744,35.62202],[136.02739,35.62196],[136.02735,35.62191],[136.02736,35.62189],[136.02738,35.62187],[136.02738,35.62186],[136.02731,35.62176],[136.02729,35.62175],[136.0269,35.62188],[136.02696,35.62201],[136.02698,35.62202],[136.02712,35.62197],[136.02716,35.62196],[136.02721,35.62197],[136.02724,35.62197],[136.02727,35.622],[136.0273,35.62205]]]}},{"type":"Feature","properties":{"pid":"1d73dcf2-dc6d-48e6-a2ec-e23fe270bef6","full":12.8},"geometry":{"type":"Polygon","coordinates":[[[136.02947,35.62281],[136.02961,35.6228],[136.02974,35.62279],[136.02985,35.62253],[136.02989,35.62234],[136.02986,35.62231],[136.02977,35.62228],[136.02954,35.62223],[136.02951,35.62224],[136.02952,35.62241],[136.02938,35.62251],[136.02937,35.62255],[136.02937,35.62257],[136.02939,35.62267],[136.02947,35.62281]]]}},{"type":"Feature","properties":{"pid":"29eb040d-50c6-4f50-ac25-0a717461eb21","full":1.6},"geometry":{"type":"Polygon","coordinates":[[[136.02975,35.6229],[136.03006,35.62288],[136.03005,35.62269],[136.02993,35.6227],[136.02979,35.62274],[136.02974,35.62286],[136.02975,35.6229]]]}},{"type":"Feature","properties":{"pid":"5c884863-5c0f-4755-90fe-06e95daa8a47","full":0.6},"geometry":{"type":"Polygon","coordinates":[[[136.03137,35.62262],[136.03126,35.62257],[136.03112,35.62281],[136.03119,35.62284],[136.03133,35.62277],[136.03137,35.62262]]]}},{"type":"Feature","properties":{"pid":"af8ff0ad-c76c-4d92-86bb-bc7769f5d259","full":2.3},"geometry":{"type":"Polygon","coordinates":[[[136.03109,35.62224],[136.03115,35.62215],[136.03086,35.62205],[136.03081,35.62226],[136.03075,35.62236],[136.03081,35.62242],[136.03109,35.62224]]]}},{"type":"Feature","properties":{"pid":"e34e89d9-8913-4462-be49-1f1d1b8c6997","full":5.8},"geometry":{"type":"Polygon","coordinates":[[[136.03099,35.61974],[136.03134,35.61979],[136.03131,35.61938],[136.03112,35.61935],[136.03105,35.61946],[136.03099,35.61974]]]}},{"type":"Feature","properties":{"pid":"96f1513c-c6f9-4e86-a55f-c15ff525d61c","full":5.7},"geometry":{"type":"Polygon","coordinates":[[[136.02668,35.61925],[136.02683,35.61924],[136.027,35.61924],[136.02709,35.61922],[136.02714,35.61918],[136.02714,35.61896],[136.02664,35.61903],[136.02668,35.61925]]]}},{"type":"Feature","properties":{"pid":"f8bc2de4-5c6f-48a9-9733-7ba065249e4d","full":4.6},"geometry":{"type":"Polygon","coordinates":[[[136.02714,35.6187],[136.02712,35.61847],[136.02685,35.61854],[136.02658,35.61855],[136.02661,35.61873],[136.02667,35.61874],[136.02714,35.6187]]]}},{"type":"Feature","properties":{"pid":"11109873-e55f-4f95-ab8b-62ccd39756f6","full":6.1},"geometry":{"type":"Polygon","coordinates":[[[136.02714,35.61871],[136.02663,35.61876],[136.02663,35.61899],[136.02664,35.61901],[136.02714,35.61895],[136.02714,35.61871]]]}},{"type":"Feature","properties":{"pid":"7f3f1cef-b090-4525-8243-25d553969fc6","full":4.5},"geometry":{"type":"Polygon","coordinates":[[[136.02794,35.61847],[136.02758,35.61873],[136.02753,35.61876],[136.02754,35.61882],[136.02767,35.61886],[136.02826,35.61849],[136.02823,35.61845],[136.02795,35.61844],[136.02794,35.61847]]]}},{"type":"Feature","properties":{"pid":"7f8a823d-742f-4e7c-998f-92476c266364","full":3.0},"geometry":{"type":"Polygon","coordinates":[[[136.02793,35.61834],[136.02814,35.61835],[136.0282,35.61831],[136.02831,35.61807],[136.02829,35.61802],[136.02816,35.61798],[136.02813,35.61798],[136.02793,35.61834]]]}},{"type":"Feature","properties":{"pid":"c64752b3-9d06-4f94-974b-ec1e3d3be407","full":2.0},"geometry":{"type":"Polygon","coordinates":[[[136.02836,35.61807],[136.02821,35.61835],[136.02846,35.61833],[136.02864,35.61823],[136.02836,35.61807]]]}},{"type":"Feature","properties":{"pid":"95e6e725-25f4-4770-932b-7b8b59164ac9","full":1.9},"geometry":{"type":"Polygon","coordinates":[[[136.02835,35.618],[136.0285,35.61808],[136.02874,35.61781],[136.02869,35.61772],[136.02864,35.61768],[136.02835,35.618]]]}},{"type":"Feature","properties":{"pid":"0e3204a8-10d7-4b7b-9ba6-7447810b7aab","full":2.1},"geometry":{"type":"Polygon","coordinates":[[[136.02862,35.61765],[136.02845,35.61759],[136.02816,35.61791],[136.02831,35.61798],[136.02862,35.61765]]]}},{"type":"Feature","properties":{"pid":"1dcd097f-b432-490d-b78a-e5ae19cd4831","full":4.1},"geometry":{"type":"Polygon","coordinates":[[[136.0279,35.61834],[136.02811,35.61794],[136.02789,35.61788],[136.02768,35.61829],[136.02772,35.61831],[136.02781,35.61833],[136.0279,35.61834]]]}},{"type":"Feature","properties":{"pid":"3868e322-d8e5-40fd-8ec1-271ad13ee595","full":3.6},"geometry":{"type":"Polygon","coordinates":[[[136.02782,35.61799],[136.02786,35.61789],[136.02759,35.61796],[136.02751,35.61801],[136.02748,35.61807],[136.02753,35.61809],[136.02749,35.61828],[136.02751,35.61831],[136.02753,35.61833],[136.02765,35.61833],[136.02782,35.61799]]]}},{"type":"Feature","properties":{"pid":"7335747a-b9f2-41ff-930f-b2c98e95150a","full":0.7},"geometry":{"type":"Polygon","coordinates":[[[136.02794,35.61846],[136.02791,35.61844],[136.02779,35.61843],[136.02742,35.61867],[136.02757,35.61872],[136.02794,35.61846]]]}},{"type":"Feature","properties":{"pid":"9d010927-366b-4af1-8866-e440d1dc8c14","full":5.6},"geometry":{"type":"Polygon","coordinates":[[[136.02813,35.61791],[136.02843,35.61757],[136.02821,35.61755],[136.02813,35.61752],[136.028,35.61756],[136.02793,35.61767],[136.02793,35.61771],[136.02795,35.61782],[136.02813,35.61791]]]}},{"type":"Feature","properties":{"pid":"b271e035-dad3-459e-b33a-450f64eedadf","full":1.4},"geometry":{"type":"Polygon","coordinates":[[[136.03138,35.61614],[136.03123,35.61608],[136.03093,35.61648],[136.03103,35.61655],[136.03138,35.61614]]]}},{"type":"Feature","properties":{"pid":"2584bdc4-6164-4627-a2ee-34d1a8ff0605","full":3.4},"geometry":{"type":"Polygon","coordinates":[[[136.03076,35.61858],[136.03072,35.61849],[136.03083,35.61842],[136.03086,35.61825],[136.0306,35.61837],[136.03048,35.6185],[136.03047,35.61863],[136.0304,35.61867],[136.03055,35.61871],[136.03061,35.61868],[136.03076,35.61858]]]}},{"type":"Feature","properties":{"pid":"b28332f2-7c09-4bfa-917c-2cbecfa1ebc8","full":0.6},"geometry":{"type":"Polygon","coordinates":[[[136.03095,35.61778],[136.0306,35.61789],[136.03062,35.61793],[136.03104,35.61793],[136.03112,35.61792],[136.03114,35.61789],[136.03095,35.61778]]]}},{"type":"Feature","properties":{"pid":"c434f838-151a-46f1-b9ba-d1ade8130a16","full":3.0},"geometry":{"type":"Polygon","coordinates":[[[136.03093,35.61776],[136.03091,35.61773],[136.03073,35.61762],[136.03049,35.6177],[136.03048,35.61775],[136.03045,35.61779],[136.03047,35.61785],[136.03052,35.61791],[136.03093,35.61776]]]}},{"type":"Feature","properties":{"pid":"37141dc6-fc2f-43ca-ace8-6a1a1ae96889","full":1.8},"geometry":{"type":"Polygon","coordinates":[[[136.02884,35.61786],[136.02943,35.61775],[136.02938,35.61762],[136.02925,35.61766],[136.02917,35.61763],[136.02903,35.61763],[136.02903,35.61775],[136.02898,35.61776],[136.0289,35.61776],[136.0288,35.61768],[136.02872,35.6177],[136.02872,35.61772],[136.02874,35.61778],[136.02881,35.61785],[136.02884,35.61786]]]}},{"type":"Feature","properties":{"pid":"85b9a9bc-0925-48c6-8366-d7ab3b7445e9","full":5.1},"geometry":{"type":"Polygon","coordinates":[[[136.02941,35.61777],[136.02881,35.61788],[136.02898,35.61808],[136.02945,35.61796],[136.02939,35.61787],[136.02945,35.61781],[136.02941,35.61777]]]}},{"type":"Feature","properties":{"pid":"3cf64389-a9e1-4f28-9665-8b8179a4da66","full":0.8},"geometry":{"type":"Polygon","coordinates":[[[136.02952,35.61852],[136.02953,35.61853],[136.02957,35.61855],[136.02966,35.61855],[136.0298,35.61859],[136.02985,35.61859],[136.02996,35.61856],[136.02999,35.61857],[136.03005,35.61859],[136.03007,35.61842],[136.0299,35.61846],[136.02974,35.61847],[136.02954,35.61845],[136.02952,35.61852]]]}},{"type":"Feature","properties":{"pid":"42255d77-5392-4a13-8021-3a71d0974163","full":2.8},"geometry":{"type":"Polygon","coordinates":[[[136.03007,35.61857],[136.0301,35.6186],[136.03042,35.61863],[136.03044,35.6186],[136.03045,35.61855],[136.03044,35.61845],[136.03044,35.61843],[136.03035,35.61841],[136.03009,35.61842],[136.03007,35.61857]]]}},{"type":"Feature","properties":{"pid":"a9f3db95-9382-4d44-a873-8d6985c61c72","full":0.8},"geometry":{"type":"Polygon","coordinates":[[[136.03011,35.61878],[136.03014,35.61868],[136.02977,35.61864],[136.02975,35.61871],[136.02976,35.61877],[136.03,35.61879],[136.03011,35.61878]]]}},{"type":"Feature","properties":{"pid":"016d6549-b0b6-421c-803a-77f36d809ce9","full":1.1},"geometry":{"type":"Polygon","coordinates":[[[136.02947,35.61859],[136.02941,35.61875],[136.02971,35.61877],[136.02973,35.61864],[136.02947,35.61859]]]}},{"type":"Feature","properties":{"pid":"fff0e39f-54fe-47df-b45e-921abf21b1a0","full":0.6},"geometry":{"type":"Polygon","coordinates":[[[136.0308,35.61878],[136.03094,35.61864],[136.03079,35.6186],[136.03076,35.61858],[136.03062,35.61868],[136.03062,35.61869],[136.0308,35.61878]]]}},{"type":"Feature","properties":{"pid":"57ba5bd1-3c3a-4ec2-94c8-4352dfeba206","full":4.6},"geometry":{"type":"Polygon","coordinates":[[[136.03143,35.61871],[136.03126,35.61869],[136.03122,35.61873],[136.03117,35.61879],[136.03105,35.61908],[136.03114,35.61908],[136.03128,35.61912],[136.03133,35.61913],[136.03143,35.61871]]]}},{"type":"Feature","properties":{"pid":"f15d2387-59e2-48ee-a78e-64fd790024cb","full":0.8},"geometry":{"type":"Polygon","coordinates":[[[136.03106,35.61871],[136.03093,35.61894],[136.03096,35.61896],[136.03093,35.61905],[136.03105,35.61908],[136.03111,35.61891],[136.03116,35.61878],[136.03121,35.61873],[136.03126,35.6187],[136.03111,35.61866],[136.03106,35.61871]]]}},{"type":"Feature","properties":{"pid":"d2067421-420c-4c11-9983-b37d57454aa3","full":4.6},"geometry":{"type":"Polygon","coordinates":[[[136.03174,35.61886],[136.03148,35.61879],[136.03137,35.61914],[136.0314,35.61918],[136.03159,35.61924],[136.03174,35.61886]]]}},{"type":"Feature","properties":{"pid":"f777ea2e-9974-41da-bac7-5fc97347f48a","full":2.5},"geometry":{"type":"Polygon","coordinates":[[[136.03188,35.61932],[136.03197,35.61933],[136.03203,35.6192],[136.03224,35.61926],[136.0323,35.61911],[136.0322,35.61903],[136.03202,35.61896],[136.03188,35.61932]]]}},{"type":"Feature","properties":{"pid":"395c18cb-6100-401a-8770-ed565a913904","full":4.8},"geometry":{"type":"Polygon","coordinates":[[[136.03161,35.61924],[136.03186,35.61932],[136.03201,35.61895],[136.03175,35.61887],[136.03161,35.61924]]]}},{"type":"Feature","properties":{"pid":"77a71002-4e12-4106-b260-d039258948b9","full":1.2},"geometry":{"type":"Polygon","coordinates":[[[136.03285,35.61918],[136.03286,35.61899],[136.03287,35.61892],[136.03285,35.61888],[136.03271,35.61888],[136.03267,35.61898],[136.03269,35.61912],[136.03279,35.61915],[136.03285,35.61918]]]}},{"type":"Feature","properties":{"pid":"1a2b82be-1d92-4302-b4d5-233ea4b7298e","full":5.0},"geometry":{"type":"Polygon","coordinates":[[[136.03277,35.61918],[136.03268,35.61914],[136.03264,35.6192],[136.03261,35.61958],[136.03264,35.61961],[136.03283,35.61968],[136.0329,35.61927],[136.03277,35.61918]]]}},{"type":"Feature","properties":{"pid":"94db4fe1-22e5-46e3-811e-e2182efc318e","full":2.3},"geometry":{"type":"Polygon","coordinates":[[[136.03287,35.61921],[136.03305,35.61932],[136.03309,35.61888],[136.03292,35.61887],[136.03288,35.61895],[136.03287,35.61921]]]}},{"type":"Feature","properties":{"pid":"5bd34abb-bb62-4810-9bad-23e30618a5eb","full":9.4},"geometry":{"type":"Polygon","coordinates":[[[136.03343,35.6189],[136.03313,35.6189],[136.03308,35.6192],[136.03308,35.61937],[136.03313,35.61943],[136.03337,35.61951],[136.03343,35.6189]]]}},{"type":"Feature","properties":{"pid":"b6859bcb-dbef-4805-91a4-d14ac5aa9ff1","full":12.5},"geometry":{"type":"Polygon","coordinates":[[[136.03339,35.61952],[136.03354,35.61957],[136.03364,35.61969],[136.03367,35.61959],[136.0338,35.61934],[136.0338,35.61928],[136.03374,35.61911],[136.03366,35.61891],[136.03345,35.61891],[136.03343,35.61908],[136.03342,35.61929],[136.03339,35.61952]]]}},{"type":"Feature","properties":{"pid":"ee37f763-c848-4a1f-93cb-288cb4650f4f","full":2.5},"geometry":{"type":"Polygon","coordinates":[[[136.03338,35.61856],[136.03325,35.61854],[136.03317,35.6185],[136.03314,35.61855],[136.03314,35.61859],[136.03315,35.61866],[136.03313,35.61887],[136.03332,35.61888],[136.03338,35.61856]]]}},{"type":"Feature","properties":{"pid":"3926abee-16b6-4ea7-a434-82a56b83f68e","full":0.8},"geometry":{"type":"Polygon","coordinates":[[[136.03348,35.61889],[136.03352,35.61868],[136.03354,35.61865],[136.03344,35.61858],[136.03339,35.61858],[136.03334,35.61888],[136.03348,35.61889]]]}},{"type":"Feature","properties":{"pid":"132a8967-daec-432d-9206-88c7be365dbb","full":1.8},"geometry":{"type":"Polygon","coordinates":[[[136.03309,35.61878],[136.03278,35.61862],[136.03273,35.61871],[136.03273,35.61886],[136.03309,35.61886],[136.03309,35.61878]]]}},{"type":"Feature","properties":{"pid":"59889e0c-bce5-4b7f-a2d9-02400d1a4a0b","full":4.4},"geometry":{"type":"Polygon","coordinates":[[[136.03405,35.61815],[136.03379,35.61819],[136.03384,35.61851],[136.03388,35.61851],[136.03389,35.61853],[136.03413,35.61852],[136.03405,35.61815]]]}},{"type":"Feature","properties":{"pid":"81e974a2-dbfd-492e-b920-dd3de5ebfbf0","full":0.5},"geometry":{"type":"Polygon","coordinates":[[[136.0342,35.61813],[136.03406,35.61816],[136.03414,35.61853],[136.03426,35.61851],[136.0342,35.61813]]]}},{"type":"Feature","properties":{"pid":"a9c47af5-6c8b-4452-80c8-a85126489da7","full":3.5},"geometry":{"type":"Polygon","coordinates":[[[136.03263,35.61734],[136.03274,35.61746],[136.03304,35.6169],[136.03288,35.61685],[136.03261,35.61731],[136.03263,35.61734]]]}},{"type":"Feature","properties":{"pid":"e5a96e4e-b480-415a-92db-27ba08edc0ab","full":3.3},"geometry":{"type":"Polygon","coordinates":[[[136.03248,35.61716],[136.03249,35.61719],[136.0326,35.61728],[136.03285,35.61684],[136.03277,35.6168],[136.03267,35.61678],[136.03247,35.61712],[136.03248,35.61716]]]}},{"type":"Feature","properties":{"pid":"7f564c53-150c-45b5-8243-b213758fcadf","full":1.0},"geometry":{"type":"Polygon","coordinates":[[[136.03244,35.61713],[136.03265,35.61678],[136.03258,35.61677],[136.03243,35.61684],[136.03237,35.61688],[136.03237,35.61702],[136.03239,35.61707],[136.03244,35.61713]]]}},{"type":"Feature","properties":{"pid":"1a95fbbf-6e28-46b6-a13a-5f7a6466caab","full":1.5},"geometry":{"type":"Polygon","coordinates":[[[136.03217,35.6164],[136.03191,35.61636],[136.03189,35.61656],[136.03198,35.61662],[136.03205,35.61664],[136.03217,35.6164]]]}},{"type":"Feature","properties":{"pid":"2252898e-a20d-4093-ae6f-e1ca1fc38cba","full":2.9},"geometry":{"type":"Polygon","coordinates":[[[136.03195,35.61612],[136.03191,35.61627],[136.03192,35.61632],[136.03222,35.61636],[136.03228,35.61612],[136.03195,35.61612]]]}},{"type":"Feature","properties":{"pid":"961176f8-f514-4d2d-8ab5-b33e2ed654ca","full":1.8},"geometry":{"type":"Polygon","coordinates":[[[136.03269,35.61669],[136.03304,35.61608],[136.03284,35.616],[136.03279,35.61616],[136.03272,35.61647],[136.03266,35.61667],[136.03269,35.61669]]]}},{"type":"Feature","properties":{"pid":"6d731be3-871c-4dcf-901b-4692cbafb4fd","full":4.6},"geometry":{"type":"Polygon","coordinates":[[[136.03312,35.61685],[136.03328,35.61692],[136.03364,35.6163],[136.03346,35.61624],[136.03312,35.61685]]]}},{"type":"Feature","properties":{"pid":"34c34a44-6ecb-4f73-98ad-8e7829a89cb4","full":4.6},"geometry":{"type":"Polygon","coordinates":[[[136.03291,35.61677],[136.03309,35.61684],[136.03343,35.61622],[136.03326,35.61616],[136.03291,35.61677]]]}},{"type":"Feature","properties":{"pid":"c92ead46-c93a-4c68-b020-a5312aaba0c5","full":5.5},"geometry":{"type":"Polygon","coordinates":[[[136.03387,35.61632],[136.03421,35.61571],[136.03408,35.61565],[136.03404,35.61565],[136.03402,35.61566],[136.0337,35.61622],[136.0337,35.61625],[136.03374,35.61628],[136.03387,35.61632]]]}},{"type":"Feature","properties":{"pid":"92086297-9a6a-423f-9bf0-e49af1e45e89","full":5.4},"geometry":{"type":"Polygon","coordinates":[[[136.03388,35.61634],[136.03407,35.6164],[136.03441,35.61578],[136.03432,35.61574],[136.03423,35.61572],[136.03388,35.61634]]]}},{"type":"Feature","properties":{"pid":"fc48489d-4da9-492e-a51e-6b4cca83d207","full":4.8},"geometry":{"type":"Polygon","coordinates":[[[136.03351,35.61699],[136.03366,35.61705],[136.03368,35.61703],[136.0337,35.61704],[136.03404,35.61644],[136.03387,35.61638],[136.03351,35.61699]]]}},{"type":"Feature","properties":{"pid":"a94b4872-10b8-4127-9c14-f0d0f8c873db","full":4.2},"geometry":{"type":"Polygon","coordinates":[[[136.03345,35.61699],[136.03348,35.61698],[136.03384,35.61637],[136.03367,35.61631],[136.03333,35.61691],[136.03334,35.61694],[136.03345,35.61699]]]}},{"type":"Feature","properties":{"pid":"afd245ae-4875-4281-ae1d-3b704d18f5fe","full":5.3},"geometry":{"type":"Polygon","coordinates":[[[136.03371,35.61707],[136.03383,35.61712],[136.03387,35.61712],[136.0339,35.61713],[136.03425,35.61652],[136.03406,35.61645],[136.03371,35.61707]]]}},{"type":"Feature","properties":{"pid":"8fdaf591-d0e4-4594-b9c4-fd7d3dfdaa44","full":4.9},"geometry":{"type":"Polygon","coordinates":[[[136.03392,35.61714],[136.03407,35.61721],[136.0341,35.61719],[136.03444,35.6166],[136.0343,35.61654],[136.03426,35.61654],[136.03392,35.61714]]]}},{"type":"Feature","properties":{"pid":"8aebc51b-fc90-4bcc-986c-4d8ee00f10da","full":4.1},"geometry":{"type":"Polygon","coordinates":[[[136.03279,35.61746],[136.03281,35.61752],[136.0329,35.61761],[136.03325,35.61697],[136.03309,35.61691],[136.03299,35.61707],[136.03279,35.61746]]]}},{"type":"Feature","properties":{"pid":"02aa0691-5c64-4269-9adb-bfcd77c141b3","full":5.2},"geometry":{"type":"Polygon","coordinates":[[[136.03309,35.61778],[136.03329,35.61777],[136.03365,35.61713],[136.03348,35.61706],[136.03308,35.61777],[136.03309,35.61778]]]}},{"type":"Feature","properties":{"pid":"4098b280-615d-4ca9-b1aa-03da5c2b50b8","full":5.8},"geometry":{"type":"Polygon","coordinates":[[[136.0329,35.61765],[136.03301,35.61778],[136.03305,35.61778],[136.03343,35.61708],[136.03343,35.61706],[136.0334,35.61703],[136.0333,35.61699],[136.03326,35.61701],[136.0329,35.61765]]]}},{"type":"Feature","properties":{"pid":"b3458ae9-6285-4fe1-9836-b6a02685dfb2","full":4.8},"geometry":{"type":"Polygon","coordinates":[[[136.03331,35.61777],[136.03354,35.61776],[136.03385,35.61721],[136.03368,35.61714],[136.03331,35.61777]]]}},{"type":"Feature","properties":{"pid":"fd711bcf-77c4-4578-80a7-b0798e3ed033","full":4.2},"geometry":{"type":"Polygon","coordinates":[[[136.03356,35.61776],[136.03378,35.61776],[136.03405,35.61727],[136.03388,35.61721],[136.03378,35.61736],[136.03356,35.61776]]]}},{"type":"Feature","properties":{"pid":"0b182a7d-ac57-475b-bcb0-29db0de4ad40","full":3.6},"geometry":{"type":"Polygon","coordinates":[[[136.03382,35.61774],[136.03404,35.61774],[136.03426,35.61736],[136.03408,35.61729],[136.03401,35.61739],[136.03382,35.61774]]]}},{"type":"Feature","properties":{"pid":"87044359-754e-4b77-8713-b16c6f942cfa","full":1.9},"geometry":{"type":"Polygon","coordinates":[[[136.03433,35.61772],[136.03457,35.61771],[136.03468,35.61752],[136.03448,35.61744],[136.03433,35.61771],[136.03433,35.61772]]]}},{"type":"Feature","properties":{"pid":"b388ab43-6dcb-473c-81e9-f414c97f0d79","full":2.5},"geometry":{"type":"Polygon","coordinates":[[[136.03407,35.61773],[136.03429,35.61773],[136.03446,35.61743],[136.03428,35.61736],[136.03407,35.61773]]]}},{"type":"Feature","properties":{"pid":"eddb8e80-96fd-4a79-a045-9679fd4d15f1","full":0.7},"geometry":{"type":"Polygon","coordinates":[[[136.03464,35.61771],[136.03488,35.61769],[136.03493,35.61761],[136.0347,35.61753],[136.03461,35.6177],[136.03464,35.61771]]]}},{"type":"Feature","properties":{"pid":"99b1d90a-5cbf-4d0c-b3df-c01573c25a9a","full":5.4},"geometry":{"type":"Polygon","coordinates":[[[136.0353,35.61766],[136.03563,35.61706],[136.03546,35.61699],[136.03514,35.61753],[136.03517,35.61755],[136.03514,35.61762],[136.03521,35.61769],[136.0353,35.61766]]]}},{"type":"Feature","properties":{"pid":"2ac3bd19-08cd-4b56-856d-f3ce044efc7e","full":4.6},"geometry":{"type":"Polygon","coordinates":[[[136.03473,35.61744],[136.03489,35.61751],[136.03523,35.61691],[136.03506,35.61683],[136.03473,35.61744]]]}},{"type":"Feature","properties":{"pid":"cb6797d3-c71c-4f70-8bdb-1f27bcb7fa8f","full":4.7},"geometry":{"type":"Polygon","coordinates":[[[136.03492,35.61752],[136.03509,35.61758],[136.03544,35.61699],[136.03527,35.61691],[136.03492,35.61752]]]}},{"type":"Feature","properties":{"pid":"1a88595a-8728-457e-83b2-44cab738e650","full":4.4},"geometry":{"type":"Polygon","coordinates":[[[136.03432,35.6173],[136.03444,35.61735],[136.0345,35.61735],[136.03482,35.61674],[136.03466,35.61668],[136.03463,35.61673],[136.03439,35.61715],[136.03432,35.6173]]]}},{"type":"Feature","properties":{"pid":"a2a3bb2d-bdb3-47e8-b33c-d9853fcd6506","full":3.8},"geometry":{"type":"Polygon","coordinates":[[[136.03453,35.61737],[136.03463,35.61742],[136.03465,35.61741],[136.0347,35.61742],[136.03503,35.61682],[136.03488,35.61677],[136.03453,35.61737]]]}},{"type":"Feature","properties":{"pid":"8585e1bf-59a7-4e23-bcc2-3ff75b2ef2ca","full":4.4},"geometry":{"type":"Polygon","coordinates":[[[136.03412,35.61722],[136.03425,35.61728],[136.03428,35.61727],[136.03464,35.61667],[136.03447,35.6166],[136.03437,35.61676],[136.03412,35.61722]]]}},{"type":"Feature","properties":{"pid":"6f404d64-2b5a-4d88-8e96-f9c44acf2738","full":5.2},"geometry":{"type":"Polygon","coordinates":[[[136.03426,35.61648],[136.03462,35.61586],[136.03446,35.61579],[136.03443,35.61581],[136.0341,35.6164],[136.0341,35.61641],[136.03412,35.61643],[136.03426,35.61648]]]}},{"type":"Feature","properties":{"pid":"66d4fc9c-3f16-407e-83f1-cd63fa3c6a40","full":5.5},"geometry":{"type":"Polygon","coordinates":[[[136.03428,35.61649],[136.03447,35.61655],[136.03481,35.61595],[136.03477,35.61591],[136.03467,35.61587],[136.03463,35.61587],[136.03428,35.61649]]]}},{"type":"Feature","properties":{"pid":"0fadad52-d0de-46d9-ae87-e15fd65bfcc3","full":5.4},"geometry":{"type":"Polygon","coordinates":[[[136.03449,35.61656],[136.03467,35.61663],[136.035,35.61604],[136.03498,35.61602],[136.03498,35.616],[136.03485,35.61594],[136.03484,35.61595],[136.03449,35.61655],[136.03449,35.61656]]]}},{"type":"Feature","properties":{"pid":"e1acda36-d0ae-4c38-8bc9-82c7f6b873f3","full":5.0},"geometry":{"type":"Polygon","coordinates":[[[136.03469,35.61663],[136.03487,35.6167],[136.03519,35.6161],[136.03517,35.61606],[136.03504,35.61601],[136.03469,35.61663]]]}},{"type":"Feature","properties":{"pid":"9840bfe5-a11f-4887-83f9-43e5f94b6b01","full":5.8},"geometry":{"type":"Polygon","coordinates":[[[136.03508,35.61679],[136.03528,35.61685],[136.03562,35.61625],[136.03559,35.61623],[136.03544,35.61617],[136.03508,35.61679]]]}},{"type":"Feature","properties":{"pid":"fc00165b-2b3b-486d-8b1a-a3016203a014","full":4.7},"geometry":{"type":"Polygon","coordinates":[[[136.0349,35.61672],[136.03507,35.61678],[136.03542,35.61616],[136.03526,35.6161],[136.03524,35.61612],[136.0349,35.61672]]]}},{"type":"Feature","properties":{"pid":"faa5d8e2-ee71-4ce9-a384-fc1d461fc0d1","full":4.7},"geometry":{"type":"Polygon","coordinates":[[[136.03549,35.61692],[136.03568,35.61699],[136.03601,35.61639],[136.03584,35.61632],[136.03549,35.61692]]]}},{"type":"Feature","properties":{"pid":"ff4aa49e-f4f5-4c4f-9eea-56860552851f","full":5.2},"geometry":{"type":"Polygon","coordinates":[[[136.03569,35.617],[136.03589,35.61706],[136.03621,35.61648],[136.03615,35.61644],[136.03604,35.6164],[136.03569,35.617]]]}},{"type":"Feature","properties":{"pid":"00424c7a-4b6a-488a-9a9e-552adaf425d7","full":5.7},"geometry":{"type":"Polygon","coordinates":[[[136.03529,35.61686],[136.03548,35.61692],[136.03582,35.61633],[136.03579,35.61629],[136.03564,35.61624],[136.03529,35.61686]]]}},{"type":"Feature","properties":{"pid":"22402979-3819-4501-a3e3-b80fbf9cb7e2","full":5.2},"geometry":{"type":"Polygon","coordinates":[[[136.03589,35.61588],[136.03528,35.61598],[136.03528,35.616],[136.03597,35.61622],[136.03599,35.61621],[136.03589,35.61588]]]}},{"type":"Feature","properties":{"pid":"bf845d1a-da0a-495f-9e45-f353f4205c8a","full":4.2},"geometry":{"type":"Polygon","coordinates":[[[136.03679,35.61581],[136.03601,35.61595],[136.03606,35.6161],[136.03683,35.61596],[136.03679,35.61581]]]}},{"type":"Feature","properties":{"pid":"2ecbfc84-00b1-4a96-9d63-f7fe3ffcc370","full":3.4},"geometry":{"type":"Polygon","coordinates":[[[136.03689,35.61615],[136.0362,35.61627],[136.03618,35.6163],[136.03644,35.61638],[136.0365,35.61639],[136.03694,35.61631],[136.03689,35.61615]]]}},{"type":"Feature","properties":{"pid":"b2b541c5-7f79-4338-add4-468ea27da850","full":5.5},"geometry":{"type":"Polygon","coordinates":[[[136.0359,35.61707],[136.03601,35.61712],[136.03609,35.61714],[136.03643,35.61654],[136.03624,35.61647],[136.0359,35.61707]]]}},{"type":"Feature","properties":{"pid":"1d0445d3-50f1-43b3-9789-564878573a1f","full":8.9},"geometry":{"type":"Polygon","coordinates":[[[136.03671,35.61692],[136.0369,35.61697],[136.03698,35.61676],[136.03694,35.61673],[136.03673,35.61664],[136.03664,35.61662],[136.0363,35.61723],[136.03636,35.61725],[136.03655,35.6172],[136.03671,35.61692]]]}},{"type":"Feature","properties":{"pid":"ac96ec4d-8c66-49a2-a28d-8470b89ccc66","full":0.8},"geometry":{"type":"Polygon","coordinates":[[[136.03658,35.61721],[136.03685,35.61718],[136.03687,35.61711],[136.03685,35.61708],[136.03683,35.61707],[136.03667,35.61702],[136.03657,35.61719],[136.03658,35.61721]]]}},{"type":"Feature","properties":{"pid":"aee2b06f-e2e6-4666-9114-875cc9527fd9","full":5.3},"geometry":{"type":"Polygon","coordinates":[[[136.0361,35.61715],[136.03628,35.61722],[136.03661,35.61662],[136.03644,35.61654],[136.0361,35.61715]]]}},{"type":"Feature","properties":{"pid":"b176bfa9-70d0-4580-918a-5b248edd0496","full":2.5},"geometry":{"type":"Polygon","coordinates":[[[136.03588,35.61747],[136.03605,35.61721],[136.03596,35.61716],[136.03585,35.61715],[136.03563,35.61755],[136.03567,35.61755],[136.03588,35.61747]]]}},{"type":"Feature","properties":{"pid":"92a039e9-4b4d-437e-8a50-9e60898dd504","full":4.0},"geometry":{"type":"Polygon","coordinates":[[[136.0356,35.61757],[136.03584,35.61713],[136.03566,35.61707],[136.03534,35.61764],[136.03535,35.61765],[136.03538,35.61764],[136.03551,35.6176],[136.0356,35.61757]]]}},{"type":"Feature","properties":{"pid":"b1186dd5-694a-413d-a9ae-c1bd06fa245c","full":6.3},"geometry":{"type":"Polygon","coordinates":[[[136.03647,35.61754],[136.03663,35.61798],[136.03665,35.618],[136.03667,35.61801],[136.03686,35.61796],[136.03685,35.61793],[136.03681,35.61784],[136.03678,35.61768],[136.03678,35.61761],[136.03681,35.61749],[136.03679,35.61745],[136.03647,35.6175],[136.03647,35.61754]]]}},{"type":"Feature","properties":{"pid":"3b7d4509-714f-48b3-a25a-5da9d339196a","full":4.3},"geometry":{"type":"Polygon","coordinates":[[[136.03661,35.61801],[136.03643,35.61752],[136.03638,35.61751],[136.0363,35.61754],[136.03624,35.61757],[136.0364,35.61804],[136.03647,35.61806],[136.03661,35.61801]]]}},{"type":"Feature","properties":{"pid":"a0d5ce88-eb88-4745-bdcb-aca6ff8bde7a","full":4.9},"geometry":{"type":"Polygon","coordinates":[[[136.0364,35.61806],[136.03621,35.61758],[136.03617,35.61758],[136.036,35.61767],[136.03617,35.6181],[136.03621,35.61812],[136.03635,35.61808],[136.0364,35.61806]]]}},{"type":"Feature","properties":{"pid":"d9f1b0c3-0a91-44ac-a246-5582ef92dfac","full":10.1},"geometry":{"type":"Polygon","coordinates":[[[136.03649,35.61848],[136.03674,35.61851],[136.03677,35.6185],[136.03681,35.61846],[136.03683,35.6184],[136.03682,35.61837],[136.03683,35.61824],[136.03688,35.61814],[136.03688,35.6181],[136.03687,35.61803],[136.0366,35.61807],[136.03636,35.61816],[136.03649,35.61848]]]}},{"type":"Feature","properties":{"pid":"e9accefa-1974-4ee5-951a-1cbdfa1c8a39","full":4.8},"geometry":{"type":"Polygon","coordinates":[[[136.03609,35.61848],[136.03634,35.61849],[136.03646,35.61848],[136.03632,35.61816],[136.03601,35.61825],[136.03609,35.61848]]]}},{"type":"Feature","properties":{"pid":"9216280a-8942-46dc-b406-16056cda0fd7","full":3.0},"geometry":{"type":"Polygon","coordinates":[[[136.03584,35.61863],[136.03585,35.61864],[136.03605,35.61851],[136.03605,35.61848],[136.03596,35.61825],[136.03594,35.61825],[136.03574,35.6183],[136.03573,35.61832],[136.03584,35.61863]]]}},{"type":"Feature","properties":{"pid":"ff9da74d-9390-4fd7-99aa-76ed0198c515","full":7.0},"geometry":{"type":"Polygon","coordinates":[[[136.03548,35.61876],[136.03583,35.61869],[136.03572,35.61834],[136.03566,35.61832],[136.03539,35.6184],[136.03544,35.61858],[136.03548,35.61876]]]}},{"type":"Feature","properties":{"pid":"60c55fda-9363-40b2-b7b5-53691cb1d3b3","full":15.7},"geometry":{"type":"Polygon","coordinates":[[[136.0356,35.61828],[136.03615,35.61812],[136.03597,35.61767],[136.03548,35.61789],[136.0356,35.61828]]]}},{"type":"Feature","properties":{"pid":"d511aab3-2ac2-460d-991b-2f10ea394a71","full":3.4},"geometry":{"type":"Polygon","coordinates":[[[136.03536,35.61834],[136.03559,35.61828],[136.03546,35.61789],[136.0353,35.61795],[136.03528,35.61799],[136.03536,35.61834]]]}},{"type":"Feature","properties":{"pid":"e16a2cc1-78ff-416d-98bc-3a9ee8ffce9a","full":1.1},"geometry":{"type":"Polygon","coordinates":[[[136.03476,35.61821],[136.03481,35.61819],[136.03483,35.61818],[136.03487,35.61819],[136.03495,35.61822],[136.03494,35.61802],[136.03493,35.61802],[136.03469,35.61805],[136.03468,35.61806],[136.03468,35.61811],[136.03464,35.6182],[136.03469,35.61822],[136.03476,35.61821]]]}},{"type":"Feature","properties":{"pid":"e2015149-1f84-43a2-9d8f-d70e19851b8c","full":4.1},"geometry":{"type":"Polygon","coordinates":[[[136.03447,35.6185],[136.03449,35.61821],[136.03449,35.61805],[136.03423,35.61813],[136.03423,35.61818],[136.03427,35.61851],[136.03429,35.61852],[136.03447,35.6185]]]}},{"type":"Feature","properties":{"pid":"325a513e-d2ae-4ae1-b7d1-e39d48b6af64","full":1.9},"geometry":{"type":"Polygon","coordinates":[[[136.03495,35.61825],[136.03485,35.6182],[136.03471,35.61823],[136.03474,35.6185],[136.03488,35.6185],[136.03495,35.61833],[136.03495,35.61825]]]}},{"type":"Feature","properties":{"pid":"c7dbda9d-cbbe-4c3e-8788-988f1bbbc0a0","full":8.3},"geometry":{"type":"Polygon","coordinates":[[[136.03492,35.61849],[136.03509,35.61847],[136.03533,35.6185],[136.03537,35.61849],[136.03523,35.61799],[136.03497,35.61802],[136.03498,35.61835],[136.03493,35.61843],[136.03492,35.61849]]]}},{"type":"Feature","properties":{"pid":"85f7b7eb-9cac-4078-804e-bb9b9e0a9b8c","full":0.6},"geometry":{"type":"Polygon","coordinates":[[[136.03564,35.61877],[136.03567,35.61889],[136.03594,35.61885],[136.03587,35.61872],[136.03564,35.61877]]]}},{"type":"Feature","properties":{"pid":"2beb44a8-186c-4d5c-bf8d-289b98e63cd7","full":2.5},"geometry":{"type":"Polygon","coordinates":[[[136.03616,35.61853],[136.03607,35.61852],[136.0359,35.61864],[136.03589,35.61868],[136.03597,35.61884],[136.03603,35.61886],[136.03614,35.61887],[136.03616,35.61853]]]}},{"type":"Feature","properties":{"pid":"990cd4e0-3b53-480c-9b41-f23ca7975a93","full":4.6},"geometry":{"type":"Polygon","coordinates":[[[136.03617,35.61889],[136.03637,35.61895],[136.03643,35.61895],[136.03644,35.61852],[136.03619,35.61852],[136.03617,35.61889]]]}},{"type":"Feature","properties":{"pid":"b9f69827-f68f-42b9-8e7d-4609d30a898a","full":5.6},"geometry":{"type":"Polygon","coordinates":[[[136.03645,35.61892],[136.03675,35.61892],[136.03674,35.61871],[136.03678,35.61853],[136.03647,35.61852],[136.03645,35.61892]]]}},{"type":"Feature","properties":{"pid":"578dc69e-69f8-49da-8ba4-48fbcc962182","full":10.1},"geometry":{"type":"Polygon","coordinates":[[[136.0341,35.62062],[136.03436,35.62066],[136.03452,35.61992],[136.03425,35.61991],[136.0341,35.62062]]]}},{"type":"Feature","properties":{"pid":"767287fa-1cdf-43e7-96fe-ad927edb7a0f","full":12.6},"geometry":{"type":"Polygon","coordinates":[[[136.03438,35.62067],[136.03469,35.62071],[136.03482,35.61994],[136.03454,35.61993],[136.03438,35.62067]]]}},{"type":"Feature","properties":{"pid":"a77fd01a-5592-4c90-8074-d8c736b064dc","full":15.4},"geometry":{"type":"Polygon","coordinates":[[[136.03513,35.6204],[136.03526,35.62048],[136.03551,35.62051],[136.03566,35.62027],[136.03573,35.62015],[136.03574,35.62008],[136.03563,35.62002],[136.03523,35.61997],[136.0352,35.61999],[136.03513,35.6204]]]}},{"type":"Feature","properties":{"pid":"305ead60-7e54-4dc3-ad84-0335965f1864","full":8.2},"geometry":{"type":"Polygon","coordinates":[[[136.03407,35.62062],[136.03422,35.61991],[136.03397,35.6199],[136.03384,35.62053],[136.03407,35.62062]]]}},{"type":"Feature","properties":{"pid":"0e28ea60-c3c5-458b-8d7e-fc5f0711b9e5","full":8.8},"geometry":{"type":"Polygon","coordinates":[[[136.03396,35.61989],[136.03377,35.61987],[136.03365,35.6199],[136.03357,35.62038],[136.03383,35.62052],[136.03396,35.61989]]]}},{"type":"Feature","properties":{"pid":"80b36c31-f9cc-450d-85ea-d70bad2a379d","full":7.7},"geometry":{"type":"Polygon","coordinates":[[[136.03348,35.62036],[136.03357,35.61995],[136.03352,35.6199],[136.03327,35.6199],[136.03312,35.62028],[136.03348,35.62036]]]}},{"type":"Feature","properties":{"pid":"b909e77e-b44d-4963-9ed2-11b3ed405c26","full":3.5},"geometry":{"type":"Polygon","coordinates":[[[136.03281,35.62041],[136.03304,35.62045],[136.03314,35.62011],[136.0329,35.62005],[136.03281,35.62041]]]}},{"type":"Feature","properties":{"pid":"8ef35853-aba7-493e-834e-ea9f5d67fbd7","full":4.4},"geometry":{"type":"Polygon","coordinates":[[[136.03323,35.61988],[136.03283,35.61978],[136.03273,35.61986],[136.03273,35.61998],[136.03316,35.62009],[136.03323,35.61988]]]}},{"type":"Feature","properties":{"pid":"cbb898b8-3fba-4bba-a22a-cc2464904f02","full":3.4},"geometry":{"type":"Polygon","coordinates":[[[136.03285,35.61967],[136.03293,35.61971],[136.03308,35.61976],[136.03313,35.61957],[136.03308,35.6194],[136.03292,35.61929],[136.03285,35.61967]]]}},{"type":"Feature","properties":{"pid":"93c7533c-663c-40a0-84c2-6ca3933c6823","full":1.2},"geometry":{"type":"Polygon","coordinates":[[[136.03227,35.61953],[136.0322,35.61967],[136.03223,35.6197],[136.03229,35.61973],[136.03235,35.61976],[136.03238,35.61976],[136.03249,35.61964],[136.03249,35.61963],[136.03249,35.61961],[136.03232,35.61953],[136.03227,35.61953]]]}},{"type":"Feature","properties":{"pid":"78fdf330-aad3-4704-a393-914d401707b5","full":2.7},"geometry":{"type":"Polygon","coordinates":[[[136.03191,35.61984],[136.03208,35.61987],[136.03223,35.61951],[136.03221,35.61951],[136.03221,35.61949],[136.03202,35.61944],[136.03191,35.61984]]]}},{"type":"Feature","properties":{"pid":"cfdb256d-2c27-4866-b15f-c678bdcdc5f1","full":4.1},"geometry":{"type":"Polygon","coordinates":[[[136.03174,35.61964],[136.03171,35.61965],[136.03167,35.61982],[136.03178,35.61983],[136.0319,35.61983],[136.03201,35.61945],[136.03199,35.61944],[136.03198,35.61942],[136.03184,35.61938],[136.03178,35.61941],[136.03174,35.61964]]]}},{"type":"Feature","properties":{"pid":"0e9c3149-08be-4abf-a0e7-e3b27b4301c2","full":5.0},"geometry":{"type":"Polygon","coordinates":[[[136.03237,35.6198],[136.03218,35.6197],[136.03216,35.61973],[136.03207,35.61996],[136.03198,35.62021],[136.03198,35.62023],[136.03219,35.62027],[136.03237,35.6198]]]}},{"type":"Feature","properties":{"pid":"b848592d-a9d9-40c7-8b19-c86a0c10f8c2","full":1.2},"geometry":{"type":"Polygon","coordinates":[[[136.03183,35.62013],[136.03199,35.62016],[136.03208,35.61989],[136.0319,35.61985],[136.03183,35.62013]]]}},{"type":"Feature","properties":{"pid":"5b347f26-073e-4cfa-bcd5-87185c497905","full":3.2},"geometry":{"type":"Polygon","coordinates":[[[136.0327,35.62],[136.03256,35.62032],[136.0326,35.62036],[136.0328,35.6204],[136.03289,35.62005],[136.0327,35.62]]]}},{"type":"Feature","properties":{"pid":"e8c99182-2722-4ea9-a27d-51f2c764f7d5","full":1.8},"geometry":{"type":"Polygon","coordinates":[[[136.03306,35.62046],[136.03335,35.62053],[136.03347,35.62038],[136.03325,35.62033],[136.0331,35.62031],[136.03306,35.62046]]]}},{"type":"Feature","properties":{"pid":"10e42e79-71f3-4e3f-9188-5b1ead89f382","full":2.4},"geometry":{"type":"Polygon","coordinates":[[[136.03942,35.62146],[136.03919,35.62143],[136.03909,35.62171],[136.03935,35.6217],[136.03942,35.62146]]]}},{"type":"Feature","properties":{"pid":"9d31dd4a-82bd-4434-b5d1-a15dc45ccbb1","full":4.8},"geometry":{"type":"Polygon","coordinates":[[[136.03884,35.62168],[136.03889,35.6217],[136.03907,35.6217],[136.03924,35.62123],[136.03902,35.62118],[136.03884,35.62168]]]}},{"type":"Feature","properties":{"pid":"a9709363-8d9a-443c-9cee-3be9d3a249a8","full":15.0},"geometry":{"type":"Polygon","coordinates":[[[136.03881,35.62171],[136.039,35.62117],[136.03866,35.62109],[136.0386,35.62114],[136.03855,35.62121],[136.03852,35.62129],[136.03848,35.62142],[136.03848,35.62149],[136.03849,35.6217],[136.03851,35.62171],[136.03881,35.62171]]]}},{"type":"Feature","properties":{"pid":"d03fdbc2-7f61-482d-9f19-813a8d2d8cd7","full":5.2},"geometry":{"type":"Polygon","coordinates":[[[136.03756,35.61996],[136.03718,35.61992],[136.03712,35.61992],[136.03712,35.62025],[136.03717,35.62033],[136.03723,35.62033],[136.03756,35.61996]]]}},{"type":"Feature","properties":{"pid":"06c89e68-721b-4f99-ad1b-f9454c8ad2ec","full":0.8},"geometry":{"type":"Polygon","coordinates":[[[136.0371,35.62026],[136.03708,35.62007],[136.03708,35.61991],[136.037,35.61992],[136.03689,35.62016],[136.03692,35.6202],[136.03698,35.62022],[136.03693,35.6203],[136.03699,35.62033],[136.0371,35.62026]]]}},{"type":"Feature","properties":{"pid":"0ec8ed0f-4285-41a7-8647-ef65f7d28c1a","full":2.3},"geometry":{"type":"Polygon","coordinates":[[[136.03735,35.61967],[136.03709,35.61965],[136.03707,35.61973],[136.03711,35.61977],[136.03719,35.61981],[136.03743,35.61988],[136.03748,35.61987],[136.03752,35.6197],[136.03735,35.61967]]]}},{"type":"Feature","properties":{"pid":"65a0f4da-6576-4f0c-8a9c-63588dcd5acb","full":2.4},"geometry":{"type":"Polygon","coordinates":[[[136.03751,35.61987],[136.03792,35.61993],[136.03793,35.61974],[136.03788,35.61975],[136.03754,35.61971],[136.03751,35.61987]]]}},{"type":"Feature","properties":{"pid":"acfb4ca4-db0a-4373-87e1-b7dc2de2a976","full":3.7},"geometry":{"type":"Polygon","coordinates":[[[136.03753,35.62054],[136.03759,35.62046],[136.03763,35.62023],[136.03741,35.62016],[136.03724,35.62034],[136.03753,35.62054]]]}},{"type":"Feature","properties":{"pid":"3ea6c0ef-69f8-4115-9c1d-c0e7a34ae643","full":5.1},"geometry":{"type":"Polygon","coordinates":[[[136.03796,35.61969],[136.03819,35.6197],[136.03824,35.61967],[136.03819,35.61929],[136.0379,35.61935],[136.03796,35.61969]]]}},{"type":"Feature","properties":{"pid":"f1a9ef46-c688-4400-936c-9480d3e16a7c","full":5.7},"geometry":{"type":"Polygon","coordinates":[[[136.0387,35.61972],[136.03896,35.61969],[136.03906,35.61933],[136.03874,35.61928],[136.0387,35.61972]]]}},{"type":"Feature","properties":{"pid":"dd5037c9-3487-4467-82b6-6dc804ccd21c","full":3.2},"geometry":{"type":"Polygon","coordinates":[[[136.03898,35.61968],[136.03918,35.61972],[136.03932,35.61939],[136.03908,35.61933],[136.03898,35.61968]]]}},{"type":"Feature","properties":{"pid":"100d19e8-654a-4e2d-8bd8-59d852241e60","full":10.0},"geometry":{"type":"Polygon","coordinates":[[[136.03922,35.61989],[136.03927,35.61993],[136.03945,35.6199],[136.03953,35.61976],[136.03981,35.6195],[136.03992,35.61938],[136.03969,35.61939],[136.03943,35.61936],[136.0392,35.61986],[136.03922,35.61989]]]}},{"type":"Feature","properties":{"pid":"64584e55-d2bf-49a9-b697-07af0c16b565","full":3.6},"geometry":{"type":"Polygon","coordinates":[[[136.03951,35.61991],[136.03964,35.61989],[136.03993,35.6196],[136.04025,35.61939],[136.04014,35.61935],[136.03999,35.61935],[136.03953,35.6198],[136.03949,35.6199],[136.03951,35.61991]]]}},{"type":"Feature","properties":{"pid":"72fee790-53be-435c-907d-ef3929d88836","full":2.3},"geometry":{"type":"Polygon","coordinates":[[[136.04036,35.61944],[136.04027,35.6194],[136.03989,35.61967],[136.03967,35.61989],[136.03973,35.61991],[136.03984,35.61993],[136.04036,35.61944]]]}},{"type":"Feature","properties":{"pid":"17de0857-c8a5-4262-b780-de3b9635552b","full":1.9},"geometry":{"type":"Polygon","coordinates":[[[136.0399,35.61993],[136.04011,35.61991],[136.04051,35.61946],[136.04038,35.61944],[136.03997,35.61983],[136.03989,35.61991],[136.0399,35.61993]]]}},{"type":"Feature","properties":{"pid":"2f31fd1a-04be-42a4-a1ca-c70c441306f7","full":4.9},"geometry":{"type":"Polygon","coordinates":[[[136.0403,35.6199],[136.0406,35.6199],[136.04063,35.61987],[136.04062,35.61979],[136.0406,35.61971],[136.04062,35.61941],[136.0406,35.6194],[136.04054,35.61944],[136.04034,35.61967],[136.04028,35.61977],[136.04027,35.61983],[136.04028,35.61988],[136.0403,35.6199]]]}},{"type":"Feature","properties":{"pid":"2d872ed8-f22e-41fd-96cd-873371184ba8","full":4.3},"geometry":{"type":"Polygon","coordinates":[[[136.03937,35.62171],[136.03974,35.62172],[136.03976,35.62169],[136.03981,35.62148],[136.03972,35.62148],[136.03944,35.62145],[136.03937,35.62171]]]}},{"type":"Feature","properties":{"pid":"cb0ffff0-dade-43c5-9eaf-97c272574f0b","full":4.0},"geometry":{"type":"Polygon","coordinates":[[[136.04484,35.62243],[136.04485,35.62258],[136.04567,35.62257],[136.04567,35.62243],[136.04484,35.62243]]]}},{"type":"Feature","properties":{"pid":"8d6a24a1-05eb-4ced-8b77-635d11cb5fbe","full":7.2},"geometry":{"type":"Polygon","coordinates":[[[136.04484,35.62242],[136.04566,35.62242],[136.04567,35.6224],[136.04566,35.62223],[136.04484,35.62223],[136.04484,35.62242]]]}},{"type":"Feature","properties":{"pid":"dccdd346-b1a8-4a73-84c6-cae009de9c03","full":12.0},"geometry":{"type":"Polygon","coordinates":[[[136.04484,35.62284],[136.04553,35.62284],[136.04554,35.6229],[136.04567,35.6229],[136.04567,35.62259],[136.04484,35.6226],[136.04484,35.62284]]]}},{"type":"Feature","properties":{"pid":"53556473-ff33-44c7-9185-1bd8e476fd76","full":5.4},"geometry":{"type":"Polygon","coordinates":[[[136.04546,35.62305],[136.04551,35.62286],[136.04484,35.62287],[136.04485,35.62306],[136.04546,35.62305]]]}},{"type":"Feature","properties":{"pid":"3239f8b2-267d-471e-b86c-887c3d7e0e91","full":15.6},"geometry":{"type":"Polygon","coordinates":[[[136.04696,35.62286],[136.04577,35.62287],[136.04577,35.62311],[136.04693,35.62309],[136.04693,35.62299],[136.04696,35.62286]]]}},{"type":"Feature","properties":{"pid":"6835154c-2ccd-420d-9f68-7fbae51b687d","full":3.0},"geometry":{"type":"Polygon","coordinates":[[[136.04721,35.62255],[136.04576,35.62257],[136.04576,35.62267],[136.04716,35.62267],[136.04722,35.62263],[136.04724,35.62261],[136.04721,35.62255]]]}},{"type":"Feature","properties":{"pid":"24ccdb12-970f-445f-8400-262b4db169ab","full":7.5},"geometry":{"type":"Polygon","coordinates":[[[136.04714,35.62268],[136.04577,35.62269],[136.04577,35.62285],[136.04697,35.62284],[136.04712,35.62272],[136.04714,35.62268]]]}},{"type":"Feature","properties":{"pid":"9db5be77-59fe-4fa9-a4ef-07fc669c0d2d","full":8.8},"geometry":{"type":"Polygon","coordinates":[[[136.04717,35.62238],[136.04578,35.62239],[136.04576,35.62245],[136.04576,35.62255],[136.04723,35.62254],[136.04717,35.62238]]]}},{"type":"Feature","properties":{"pid":"947192a6-7c4e-42d1-aa3a-ecf8448441d9","full":20.9},"geometry":{"type":"Polygon","coordinates":[[[136.04713,35.62203],[136.04576,35.62204],[136.04575,35.62227],[136.04581,35.62226],[136.04581,35.6223],[136.0471,35.62229],[136.04708,35.6222],[136.04713,35.62203]]]}},{"type":"Feature","properties":{"pid":"c52ef895-769e-4fc1-a785-9fee92dd0034","full":21.6},"geometry":{"type":"Polygon","coordinates":[[[136.04718,35.62177],[136.04575,35.62177],[136.04575,35.62184],[136.04577,35.62187],[136.04577,35.62188],[136.04575,35.62189],[136.04575,35.62203],[136.04714,35.62202],[136.04719,35.62193],[136.04718,35.62177]]]}},{"type":"Feature","properties":{"pid":"59fc6945-0c79-45be-b77d-0f46fcdcbde1","full":26.0},"geometry":{"type":"Polygon","coordinates":[[[136.04576,35.62115],[136.04575,35.62127],[136.04576,35.6213],[136.04575,35.6213],[136.04576,35.6215],[136.04687,35.62149],[136.04686,35.62114],[136.04576,35.62115]]]}},{"type":"Feature","properties":{"pid":"ad027157-a7b5-406a-b23e-ab48d9df2bdf","full":15.1},"geometry":{"type":"Polygon","coordinates":[[[136.04687,35.62151],[136.04575,35.62152],[136.04576,35.62176],[136.04687,35.62174],[136.04687,35.62151]]]}},{"type":"Feature","properties":{"pid":"d7666714-037d-4001-8b2b-eaf0f1916b23","full":23.8},"geometry":{"type":"Polygon","coordinates":[[[136.04484,35.62154],[136.04565,35.62154],[136.04565,35.62111],[136.04483,35.62112],[136.04484,35.62154]]]}},{"type":"Feature","properties":{"pid":"635bf61d-868b-402c-bdd8-7d6050d5805f","full":11.6},"geometry":{"type":"Polygon","coordinates":[[[136.04484,35.62182],[136.04566,35.62181],[136.04566,35.62156],[136.04483,35.62156],[136.04484,35.62182]]]}},{"type":"Feature","properties":{"pid":"75e69bc5-776f-44db-be32-189b6c898d5c","full":9.0},"geometry":{"type":"Polygon","coordinates":[[[136.04484,35.62222],[136.04567,35.62221],[136.04566,35.62202],[136.04564,35.62201],[136.04564,35.622],[136.04484,35.622],[136.04484,35.62222]]]}},{"type":"Feature","properties":{"pid":"52acbd00-5519-4474-af69-d51201585fd9","full":4.8},"geometry":{"type":"Polygon","coordinates":[[[136.04483,35.62199],[136.04564,35.62199],[136.04564,35.62197],[136.04566,35.62197],[136.04566,35.62183],[136.04483,35.62184],[136.04483,35.62199]]]}},{"type":"Feature","properties":{"pid":"488bf3b3-2a55-4dd5-a5a1-96415c28c616","full":11.2},"geometry":{"type":"Polygon","coordinates":[[[136.04482,35.62077],[136.04564,35.62076],[136.04564,35.62075],[136.04566,35.62075],[136.04566,35.62052],[136.04481,35.62053],[136.04482,35.62077]]]}},{"type":"Feature","properties":{"pid":"c4477b7b-55ac-4a60-aa91-d399e4d84b20","full":16.8},"geometry":{"type":"Polygon","coordinates":[[[136.04483,35.62111],[136.04564,35.6211],[136.04564,35.62108],[136.04565,35.62108],[136.04565,35.62078],[136.04482,35.62078],[136.04483,35.62111]]]}},{"type":"Feature","properties":{"pid":"61476d14-bff5-4227-9b44-d7b710127842","full":19.9},"geometry":{"type":"Polygon","coordinates":[[[136.04686,35.62113],[136.04686,35.62085],[136.04684,35.62084],[136.04576,35.62084],[136.04576,35.6211],[136.04578,35.6211],[136.04577,35.62113],[136.04686,35.62113]]]}},{"type":"Feature","properties":{"pid":"c79acb25-f62a-4c69-bb47-b4df906739b2","full":3.1},"geometry":{"type":"Polygon","coordinates":[[[136.04684,35.62056],[136.04684,35.62044],[136.04575,35.62045],[136.04575,35.62054],[136.04576,35.62054],[136.04576,35.62056],[136.04684,35.62056]]]}},{"type":"Feature","properties":{"pid":"cf0cb6e5-a95d-43ff-9a3b-c6f25a367e57","full":12.2},"geometry":{"type":"Polygon","coordinates":[[[136.04575,35.62057],[136.04575,35.62076],[136.04577,35.62078],[136.04684,35.62078],[136.04684,35.62057],[136.04575,35.62057]]]}},{"type":"Feature","properties":{"pid":"5160792f-e67e-4a84-89b4-9f65a34841af","full":15.6},"geometry":{"type":"Polygon","coordinates":[[[136.04577,35.62016],[136.04684,35.62015],[136.04684,35.6199],[136.04575,35.61991],[136.04575,35.62009],[136.04577,35.62016]]]}},{"type":"Feature","properties":{"pid":"6df2f786-8b68-45eb-9e9f-54d61ab9c695","full":15.7},"geometry":{"type":"Polygon","coordinates":[[[136.04576,35.62043],[136.04684,35.62042],[136.04684,35.62017],[136.04575,35.62018],[136.04575,35.62041],[136.04576,35.62043]]]}},{"type":"Feature","properties":{"pid":"d029f6b7-ec65-4bdc-b588-bd947cb57e73","full":15.9},"geometry":{"type":"Polygon","coordinates":[[[136.04684,35.61985],[136.04684,35.61962],[136.04574,35.61964],[136.04574,35.61987],[136.04576,35.61987],[136.04576,35.61988],[136.04682,35.61988],[136.04684,35.61987],[136.04684,35.61985]]]}},{"type":"Feature","properties":{"pid":"7295d340-ce32-4875-8e2e-1685bfc79e74","full":18.2},"geometry":{"type":"Polygon","coordinates":[[[136.04482,35.61969],[136.04562,35.61968],[136.04562,35.61967],[136.04565,35.61967],[136.04564,35.61934],[136.0448,35.61936],[136.0448,35.61967],[136.04482,35.61969]]]}},{"type":"Feature","properties":{"pid":"a0290990-4d88-4f23-b4ec-ab9a2872a2a7","full":3.7},"geometry":{"type":"Polygon","coordinates":[[[136.04479,35.61976],[136.04479,35.6199],[136.04565,35.61989],[136.04565,35.61976],[136.04479,35.61976]]]}},{"type":"Feature","properties":{"pid":"f1e0d3c5-6bee-4225-9973-3e06a8bf4db2","full":0.9},"geometry":{"type":"Polygon","coordinates":[[[136.0419,35.61996],[136.04249,35.61997],[136.04249,35.61995],[136.04197,35.61981],[136.04184,35.6199],[136.0419,35.61996]]]}},{"type":"Feature","properties":{"pid":"8db9ced9-4d08-4534-b63c-5ae9d0caf0c3","full":3.3},"geometry":{"type":"Polygon","coordinates":[[[136.04268,35.61765],[136.04215,35.61772],[136.04215,35.61774],[136.04218,35.61781],[136.04222,35.61785],[136.04224,35.61787],[136.04267,35.61783],[136.04271,35.61779],[136.04268,35.61765]]]}},{"type":"Feature","properties":{"pid":"01bb2867-7cfa-4dec-b34b-fabd207d1d72","full":18.9},"geometry":{"type":"Polygon","coordinates":[[[136.04363,35.61815],[136.04472,35.61814],[136.04472,35.61782],[136.04363,35.61791],[136.04363,35.61815]]]}},{"type":"Feature","properties":{"pid":"7215c4d3-256b-46c2-b52f-0109a0780d76","full":18.9},"geometry":{"type":"Polygon","coordinates":[[[136.0448,35.61897],[136.04561,35.61897],[136.04561,35.61895],[136.04563,35.61895],[136.04563,35.61862],[136.0448,35.61863],[136.0448,35.61897]]]}},{"type":"Feature","properties":{"pid":"c8b85da8-3c39-45c5-a346-4a5319e9e938","full":17.7},"geometry":{"type":"Polygon","coordinates":[[[136.04481,35.61933],[136.04564,35.61932],[136.04563,35.61899],[136.04481,35.61899],[136.04481,35.61933]]]}},{"type":"Feature","properties":{"pid":"48ce4e29-5166-466e-8d78-dde6d14f450c","full":16.4},"geometry":{"type":"Polygon","coordinates":[[[136.04574,35.61934],[136.04684,35.61934],[136.04684,35.61909],[136.04575,35.61908],[136.04574,35.61934]]]}},{"type":"Feature","properties":{"pid":"a1b95ca7-2e5c-4359-ad3e-05a2d974c0c6","full":15.8},"geometry":{"type":"Polygon","coordinates":[[[136.04576,35.61961],[136.04684,35.61961],[136.04684,35.61936],[136.04574,35.61937],[136.04574,35.61959],[136.04576,35.6196],[136.04576,35.61961]]]}},{"type":"Feature","properties":{"pid":"c5f9f9f9-7f99-4a9c-a1ff-f8c25c69c99f","full":16.4},"geometry":{"type":"Polygon","coordinates":[[[136.04575,35.6188],[136.04684,35.61878],[136.04684,35.61854],[136.04574,35.61854],[136.04573,35.61878],[136.04575,35.61878],[136.04575,35.6188]]]}},{"type":"Feature","properties":{"pid":"9535a50a-db07-4662-8bb0-cd4e1200f6c6","full":17.8},"geometry":{"type":"Polygon","coordinates":[[[136.04576,35.61907],[136.04684,35.61907],[136.04684,35.6188],[136.04574,35.61881],[136.04574,35.61904],[136.04575,35.61905],[136.04576,35.61907]]]}},{"type":"Feature","properties":{"pid":"c6377a3f-a43b-46fe-8f9e-3bc01c55fbb5","full":16.2},"geometry":{"type":"Polygon","coordinates":[[[136.04575,35.61853],[136.04684,35.61853],[136.04683,35.61828],[136.04573,35.61828],[136.04573,35.61852],[136.04575,35.61852],[136.04575,35.61853]]]}},{"type":"Feature","properties":{"pid":"26ee51cf-ccfd-48d4-bc96-8e1b432c249f","full":16.2},"geometry":{"type":"Polygon","coordinates":[[[136.04575,35.61826],[136.04683,35.61826],[136.04683,35.618],[136.04573,35.61801],[136.04573,35.61824],[136.04575,35.61824],[136.04575,35.61826]]]}},{"type":"Feature","properties":{"pid":"77e40bf3-9556-4a15-8621-ddc3588abc46","full":6.6},"geometry":{"type":"Polygon","coordinates":[[[136.04481,35.61798],[136.04562,35.61797],[136.04562,35.61778],[136.0448,35.6178],[136.04481,35.61798]]]}},{"type":"Feature","properties":{"pid":"048439da-b388-4f4f-8e24-27b49bf9457a","full":11.8},"geometry":{"type":"Polygon","coordinates":[[[136.0448,35.61825],[136.04562,35.61825],[136.04562,35.61799],[136.0448,35.618],[136.0448,35.61825]]]}},{"type":"Feature","properties":{"pid":"06302b92-3397-49fa-a353-d676a833640f","full":18.5},"geometry":{"type":"Polygon","coordinates":[[[136.0448,35.61862],[136.0456,35.61861],[136.0456,35.61859],[136.04562,35.61859],[136.04562,35.61826],[136.04479,35.61827],[136.0448,35.61862]]]}},{"type":"Feature","properties":{"pid":"47bc77f0-382c-44f2-abf8-762faa3410ee","full":12.4},"geometry":{"type":"Polygon","coordinates":[[[136.04481,35.6174],[136.04568,35.61738],[136.04572,35.61735],[136.04575,35.61726],[136.04543,35.61713],[136.0448,35.61713],[136.0448,35.61726],[136.04481,35.6174]]]}},{"type":"Feature","properties":{"pid":"fdfcd616-c904-423e-9491-6077e90709cc","full":17.6},"geometry":{"type":"Polygon","coordinates":[[[136.04556,35.61687],[136.04584,35.61689],[136.04586,35.61679],[136.04584,35.61679],[136.04584,35.61675],[136.04479,35.61676],[136.04479,35.61712],[136.04548,35.61711],[136.04556,35.61687]]]}},{"type":"Feature","properties":{"pid":"e081d7d8-770d-4f56-ad01-c7bbc76f4aad","full":12.7},"geometry":{"type":"Polygon","coordinates":[[[136.0448,35.61741],[136.04482,35.61768],[136.04561,35.61766],[136.04568,35.61743],[136.04565,35.6174],[136.0448,35.61741]]]}},{"type":"Feature","properties":{"pid":"813b75ae-ad02-4898-a11c-cc879531ec56","full":18.2},"geometry":{"type":"Polygon","coordinates":[[[136.04635,35.61711],[136.04609,35.61712],[136.04593,35.6172],[136.04585,35.61732],[136.04579,35.61745],[136.04573,35.61764],[136.04576,35.61766],[136.04635,35.61766],[136.04635,35.61711]]]}},{"type":"Feature","properties":{"pid":"c104bd8d-0e3f-4e86-9a47-7ccdb80b6376","full":6.4},"geometry":{"type":"Polygon","coordinates":[[[136.04637,35.61767],[136.0466,35.61767],[136.04671,35.61738],[136.04661,35.61734],[136.04664,35.61723],[136.04636,35.61718],[136.04637,35.61767]]]}},{"type":"Feature","properties":{"pid":"fcb24fec-ef34-4937-8f37-8a47a3a090e5","full":7.6},"geometry":{"type":"Polygon","coordinates":[[[136.04478,35.61623],[136.04596,35.61622],[136.04598,35.61606],[136.04516,35.61607],[136.04514,35.61604],[136.04478,35.61604],[136.04478,35.61623]]]}},{"type":"Feature","properties":{"pid":"9ab4595e-4dca-43d0-938f-e40f674f4c52","full":19.1},"geometry":{"type":"Polygon","coordinates":[[[136.04596,35.61629],[136.04478,35.6163],[136.04478,35.61656],[136.04598,35.61655],[136.04607,35.61646],[136.04609,35.61641],[136.04605,35.61637],[136.04596,35.61632],[136.04596,35.61629]]]}},{"type":"Feature","properties":{"pid":"f2780b7e-e0a7-4d03-85b2-70ffc98f8b5f","full":8.8},"geometry":{"type":"Polygon","coordinates":[[[136.04478,35.61674],[136.04589,35.61674],[136.04597,35.61656],[136.04478,35.61657],[136.04478,35.61674]]]}},{"type":"Feature","properties":{"pid":"d081c218-d88e-45e7-8b7b-dd3e6304a098","full":11.5},"geometry":{"type":"Polygon","coordinates":[[[136.04471,35.61632],[136.0447,35.61602],[136.04437,35.61603],[136.04418,35.61613],[136.04412,35.61613],[136.04403,35.61611],[136.04387,35.61615],[136.04375,35.61632],[136.04471,35.61632]]]}},{"type":"Feature","properties":{"pid":"0d47a905-6f69-4153-b92e-3de85f6bcb55","full":3.9},"geometry":{"type":"Polygon","coordinates":[[[136.04419,35.61583],[136.04338,35.61593],[136.04341,35.61609],[136.04382,35.61603],[136.04391,35.616],[136.04406,35.61597],[136.04416,35.61599],[136.04421,35.61597],[136.04419,35.61583]]]}},{"type":"Feature","properties":{"pid":"16864fc0-f601-46d6-a01a-2094f44e334e","full":1.0},"geometry":{"type":"Polygon","coordinates":[[[136.0438,35.61606],[136.04344,35.6161],[136.04345,35.61625],[136.04369,35.61622],[136.0438,35.61606]]]}},{"type":"Feature","properties":{"pid":"b3b7cec6-4595-46b2-ad6a-c3514fe136ab","full":15.1},"geometry":{"type":"Polygon","coordinates":[[[136.04368,35.61646],[136.04369,35.61659],[136.04472,35.61658],[136.04471,35.61632],[136.04375,35.61633],[136.04369,35.61643],[136.04368,35.61646]]]}},{"type":"Feature","properties":{"pid":"f737b25d-b930-46d0-b6e3-409a225e993a","full":10.3},"geometry":{"type":"Polygon","coordinates":[[[136.04369,35.61666],[136.04369,35.6167],[136.04374,35.61686],[136.04472,35.61686],[136.04471,35.61665],[136.04369,35.61666]]]}},{"type":"Feature","properties":{"pid":"3be36448-cfe8-44d2-b8b7-2d4e17bc0fa2","full":14.0},"geometry":{"type":"Polygon","coordinates":[[[136.04472,35.61687],[136.04376,35.61688],[136.04377,35.61698],[136.04368,35.6171],[136.04369,35.61713],[136.04471,35.61713],[136.04472,35.61708],[136.04472,35.61687]]]}},{"type":"Feature","properties":{"pid":"35e662b0-57bc-4bd2-bf09-639b809a173f","full":16.6},"geometry":{"type":"Polygon","coordinates":[[[136.04472,35.61714],[136.04365,35.61715],[136.04363,35.61718],[136.04362,35.6174],[136.04471,35.6174],[136.04472,35.61714]]]}},{"type":"Feature","properties":{"pid":"07740940-913e-4888-a3dd-15d13eaca40e","full":21.8},"geometry":{"type":"Polygon","coordinates":[[[136.04471,35.61742],[136.04364,35.61742],[136.04362,35.61747],[136.04363,35.61774],[136.04365,35.61778],[136.04472,35.61767],[136.04471,35.61742]]]}},{"type":"Feature","properties":{"pid":"4dbbdb2d-2a3f-4cca-b398-bd940954d770","full":11.7},"geometry":{"type":"Polygon","coordinates":[[[136.04353,35.61775],[136.04353,35.61719],[136.04346,35.61718],[136.04339,35.61724],[136.04335,35.61732],[136.04324,35.61741],[136.04319,35.61754],[136.04315,35.61759],[136.04293,35.61769],[136.04295,35.61782],[136.04297,35.61783],[136.04351,35.61778],[136.04353,35.61775]]]}},{"type":"Feature","properties":{"pid":"5962b0c3-b31d-4dd5-8bfa-4469f5ef1560","full":4.0},"geometry":{"type":"Polygon","coordinates":[[[136.04361,35.617],[136.04268,35.61711],[136.0427,35.61726],[136.04271,35.61727],[136.0433,35.6172],[136.04335,35.61715],[136.04362,35.61704],[136.04361,35.617]]]}},{"type":"Feature","properties":{"pid":"c362196a-5631-4b50-a1e7-11c9a0d3e004","full":7.2},"geometry":{"type":"Polygon","coordinates":[[[136.04362,35.61681],[136.04266,35.61692],[136.04268,35.61709],[136.04364,35.61698],[136.04365,35.61688],[136.04362,35.61681]]]}},{"type":"Feature","properties":{"pid":"fdc13ca3-116e-4b2d-a7c6-16c033888835","full":3.7},"geometry":{"type":"Polygon","coordinates":[[[136.04329,35.61721],[136.04273,35.61728],[136.04271,35.6173],[136.04272,35.61742],[136.04274,35.61746],[136.04314,35.61742],[136.04327,35.61729],[136.04331,35.61723],[136.04329,35.61721]]]}},{"type":"Feature","properties":{"pid":"278a06e9-ce27-45ad-b444-36ea99dfad46","full":4.0},"geometry":{"type":"Polygon","coordinates":[[[136.04261,35.61729],[136.04199,35.61737],[136.042,35.6174],[136.04205,35.61752],[136.04206,35.61753],[136.0426,35.61747],[136.04263,35.61745],[136.04262,35.61732],[136.04261,35.61729]]]}},{"type":"Feature","properties":{"pid":"3b434a34-548d-4b21-9993-93b964a72959","full":3.2},"geometry":{"type":"Polygon","coordinates":[[[136.04264,35.61747],[136.04208,35.61755],[136.04206,35.61756],[136.04211,35.61767],[136.04213,35.6177],[136.04267,35.61763],[136.04265,35.61749],[136.04264,35.61747]]]}},{"type":"Feature","properties":{"pid":"efdb7e1d-a23e-4973-a95a-64c16885052d","full":3.6},"geometry":{"type":"Polygon","coordinates":[[[136.04258,35.61712],[136.04192,35.6172],[136.04198,35.61736],[136.042,35.61736],[136.04261,35.61728],[136.04258,35.61712]]]}},{"type":"Feature","properties":{"pid":"b6c932a7-3889-47dc-862b-ac3acfbf5c73","full":4.3},"geometry":{"type":"Polygon","coordinates":[[[136.04256,35.61694],[136.04184,35.61703],[136.0419,35.61717],[136.04191,35.61718],[136.04258,35.6171],[136.04256,35.61694]]]}},{"type":"Feature","properties":{"pid":"1b67806f-4239-4729-b9bc-b94949b17b59","full":4.6},"geometry":{"type":"Polygon","coordinates":[[[136.04253,35.61676],[136.04184,35.61684],[136.04182,35.61686],[136.04182,35.61693],[136.04183,35.61699],[136.04184,35.617],[136.04256,35.61692],[136.04253,35.61676]]]}},{"type":"Feature","properties":{"pid":"16aaaaa3-caab-4989-9648-395cd071a534","full":4.1},"geometry":{"type":"Polygon","coordinates":[[[136.0425,35.61658],[136.04181,35.61666],[136.04182,35.6168],[136.04183,35.61681],[136.04253,35.61674],[136.0425,35.61658]]]}},{"type":"Feature","properties":{"pid":"6537d25d-b3b7-4f14-8f24-4eaea4d80125","full":4.0},"geometry":{"type":"Polygon","coordinates":[[[136.04246,35.6164],[136.0418,35.61648],[136.04182,35.61663],[136.04226,35.61659],[136.04249,35.61656],[136.04246,35.6164]]]}},{"type":"Feature","properties":{"pid":"82c1d0f9-98a9-480c-b2a2-61f8ad52620f","full":5.8},"geometry":{"type":"Polygon","coordinates":[[[136.04356,35.61664],[136.04265,35.61674],[136.04266,35.61684],[136.04267,35.6169],[136.04362,35.6168],[136.04359,35.61673],[136.04356,35.61664]]]}},{"type":"Feature","properties":{"pid":"1c291393-2942-46ee-8960-619cfc774a04","full":4.1},"geometry":{"type":"Polygon","coordinates":[[[136.0434,35.61649],[136.04261,35.61658],[136.04263,35.61673],[136.04351,35.61662],[136.04349,35.61656],[136.04342,35.61653],[136.0434,35.61649]]]}},{"type":"Feature","properties":{"pid":"28e632c0-be2a-452e-ad8d-d519da5793a2","full":4.6},"geometry":{"type":"Polygon","coordinates":[[[136.04337,35.61631],[136.04258,35.61639],[136.04258,35.61642],[136.04261,35.61655],[136.04339,35.61646],[136.04337,35.61631]]]}},{"type":"Feature","properties":{"pid":"a49ac61d-cf44-45d9-b306-6cd91078a9ff","full":4.2},"geometry":{"type":"Polygon","coordinates":[[[136.04332,35.61614],[136.04254,35.61623],[136.04254,35.61628],[136.04257,35.61638],[136.04334,35.61628],[136.04335,35.61628],[136.04336,35.61625],[136.04334,35.61615],[136.04332,35.61614]]]}},{"type":"Feature","properties":{"pid":"2354d801-271e-437d-a230-38427079a4d9","full":6.7},"geometry":{"type":"Polygon","coordinates":[[[136.0433,35.61594],[136.0425,35.61603],[136.0425,35.61605],[136.04252,35.61621],[136.04333,35.61612],[136.0433,35.61594]]]}},{"type":"Feature","properties":{"pid":"89705222-910a-46c8-8e7d-ab5320bfa646","full":4.0},"geometry":{"type":"Polygon","coordinates":[[[136.04242,35.61622],[136.04175,35.6163],[136.04179,35.61646],[136.04245,35.61638],[136.04242,35.61622]]]}},{"type":"Feature","properties":{"pid":"66036346-6166-48c3-9dc3-c4fea2e55954","full":4.2},"geometry":{"type":"Polygon","coordinates":[[[136.04238,35.61604],[136.04171,35.61613],[136.04171,35.61617],[136.04175,35.61628],[136.04241,35.61621],[136.04241,35.61612],[136.04238,35.61604]]]}},{"type":"Feature","properties":{"pid":"eb7ccfbf-c31b-487d-b668-6414d3d8211c","full":1.6},"geometry":{"type":"Polygon","coordinates":[[[136.04096,35.61634],[136.04066,35.61636],[136.04063,35.6165],[136.04066,35.61651],[136.04092,35.61648],[136.04107,35.61645],[136.0411,35.61639],[136.0411,35.61633],[136.04104,35.61633],[136.04096,35.61634]]]}},{"type":"Feature","properties":{"pid":"e844ab19-aef1-482c-9523-dcd6b9fbed4f","full":7.4},"geometry":{"type":"Polygon","coordinates":[[[136.04086,35.61595],[136.04077,35.61603],[136.04062,35.61605],[136.04068,35.61625],[136.04068,35.61634],[136.041,35.61632],[136.04115,35.61628],[136.04114,35.61617],[136.04092,35.61596],[136.04086,35.61595]]]}},{"type":"Feature","properties":{"pid":"555de844-dc29-4f4b-a6eb-3e071af053a4","full":4.5},"geometry":{"type":"Polygon","coordinates":[[[136.03977,35.61622],[136.03981,35.61637],[136.0406,35.61622],[136.04057,35.61612],[136.04055,35.61609],[136.04052,35.61607],[136.03977,35.61622]]]}},{"type":"Feature","properties":{"pid":"0a399fe3-0ea4-46e6-8bcd-c2db82606a65","full":4.7},"geometry":{"type":"Polygon","coordinates":[[[136.04061,35.61623],[136.03982,35.6164],[136.03986,35.61654],[136.04059,35.61641],[136.04062,35.61626],[136.04061,35.61623]]]}},{"type":"Feature","properties":{"pid":"524b0672-4c82-4a67-a752-0b1def5f81c8","full":6.8},"geometry":{"type":"Polygon","coordinates":[[[136.04054,35.616],[136.04054,35.61597],[136.0405,35.61583],[136.04047,35.61582],[136.0397,35.61597],[136.03975,35.61614],[136.04042,35.61603],[136.04054,35.616]]]}},{"type":"Feature","properties":{"pid":"8b585069-cc0c-4495-9b3e-bed71b9cb7d3","full":4.7},"geometry":{"type":"Polygon","coordinates":[[[136.03896,35.61671],[136.03977,35.61656],[136.03972,35.61641],[136.03892,35.61657],[136.03896,35.61671]]]}},{"type":"Feature","properties":{"pid":"d42af783-e7b0-4367-82a1-2a857166db2f","full":5.3},"geometry":{"type":"Polygon","coordinates":[[[136.03901,35.61689],[136.0398,35.61674],[136.0398,35.61672],[136.03982,35.61672],[136.03977,35.61658],[136.03897,35.61673],[136.03901,35.61689]]]}},{"type":"Feature","properties":{"pid":"4b23e7ea-926c-4c5c-ac65-3c69a1326c5f","full":3.9},"geometry":{"type":"Polygon","coordinates":[[[136.04049,35.61662],[136.03991,35.61674],[136.03995,35.6169],[136.04052,35.61679],[136.04055,35.61662],[136.0405,35.61663],[136.04049,35.61662]]]}},{"type":"Feature","properties":{"pid":"96b05524-97d2-4e34-aed6-0808aeb43cc6","full":4.1},"geometry":{"type":"Polygon","coordinates":[[[136.04058,35.61643],[136.03985,35.61656],[136.0399,35.61672],[136.04056,35.61659],[136.04058,35.61643]]]}},{"type":"Feature","properties":{"pid":"7265a74f-875b-4df9-8a08-05708bb4036f","full":6.1},"geometry":{"type":"Polygon","coordinates":[[[136.04094,35.61699],[136.04068,35.61696],[136.04,35.6171],[136.04005,35.61726],[136.04093,35.61708],[136.04094,35.61699]]]}},{"type":"Feature","properties":{"pid":"c761a7e8-fbe9-4f1f-a843-d1dab7d74f91","full":4.7},"geometry":{"type":"Polygon","coordinates":[[[136.04087,35.61711],[136.04005,35.61728],[136.04009,35.61741],[136.04055,35.61739],[136.04086,35.61715],[136.04087,35.61711]]]}},{"type":"Feature","properties":{"pid":"f4de0c51-78be-4a11-8e38-23e986c23982","full":2.7},"geometry":{"type":"Polygon","coordinates":[[[136.0405,35.61697],[136.04048,35.61682],[136.03995,35.61692],[136.04,35.61707],[136.0405,35.61697]]]}},{"type":"Feature","properties":{"pid":"738b084c-a6a9-4c02-8816-be53f7c42e50","full":4.6},"geometry":{"type":"Polygon","coordinates":[[[136.03982,35.61675],[136.03901,35.61691],[136.03906,35.61706],[136.03987,35.6169],[136.03982,35.61675]]]}},{"type":"Feature","properties":{"pid":"810a7acb-2fab-481c-8d6b-09c3fc1de305","full":5.9},"geometry":{"type":"Polygon","coordinates":[[[136.03987,35.61693],[136.03907,35.61708],[136.03911,35.61725],[136.03991,35.61709],[136.03991,35.61705],[136.03987,35.61693]]]}},{"type":"Feature","properties":{"pid":"a383ba98-eefa-4d96-98ee-a9c85ff20088","full":6.0},"geometry":{"type":"Polygon","coordinates":[[[136.03992,35.6171],[136.03912,35.61726],[136.03916,35.61743],[136.03998,35.61727],[136.03994,35.61712],[136.03992,35.6171]]]}},{"type":"Feature","properties":{"pid":"d87090e2-d04f-4c88-a873-4b14f6443616","full":4.3},"geometry":{"type":"Polygon","coordinates":[[[136.03998,35.61729],[136.03917,35.61743],[136.03921,35.61758],[136.03999,35.61744],[136.04001,35.6174],[136.03998,35.61729]]]}},{"type":"Feature","properties":{"pid":"fb9fdaef-e21f-46b7-8cd8-7641b246c0a9","full":7.0},"geometry":{"type":"Polygon","coordinates":[[[136.03996,35.61749],[136.03922,35.61763],[136.0393,35.61792],[136.03933,35.61795],[136.03952,35.61792],[136.03957,35.61783],[136.03976,35.61763],[136.03996,35.6175],[136.03996,35.61749]]]}},{"type":"Feature","properties":{"pid":"eee8462d-0546-4b13-b04e-ad18a740f8e6","full":7.5},"geometry":{"type":"Polygon","coordinates":[[[136.04067,35.61907],[136.04075,35.61901],[136.04097,35.61899],[136.04097,35.61858],[136.0408,35.6186],[136.04053,35.61889],[136.04058,35.61898],[136.04067,35.61907]]]}},{"type":"Feature","properties":{"pid":"dd4e833b-701d-4372-8f2d-8c16e80402f0","full":2.5},"geometry":{"type":"Polygon","coordinates":[[[136.04032,35.61884],[136.04049,35.6189],[136.04078,35.61859],[136.04042,35.61863],[136.04032,35.61884]]]}},{"type":"Feature","properties":{"pid":"438bb842-9fa5-4c95-bb50-a9540e92c521","full":1.9},"geometry":{"type":"Polygon","coordinates":[[[136.04006,35.61864],[136.04,35.61879],[136.04016,35.61883],[136.04029,35.61884],[136.04039,35.61862],[136.04006,35.61864]]]}},{"type":"Feature","properties":{"pid":"7cbc3d3a-5916-476a-828a-cd5adf2ec1fe","full":3.1},"geometry":{"type":"Polygon","coordinates":[[[136.0403,35.61938],[136.0404,35.6194],[136.04053,35.61939],[136.04057,35.61933],[136.04059,35.61916],[136.04054,35.61907],[136.04046,35.61898],[136.04042,35.61897],[136.0403,35.61938]]]}},{"type":"Feature","properties":{"pid":"7a14dbad-0d65-444c-8da2-9993b84431a2","full":3.9},"geometry":{"type":"Polygon","coordinates":[[[136.04004,35.61932],[136.04018,35.61932],[136.04028,35.61936],[136.04041,35.61895],[136.04017,35.61893],[136.04004,35.61932]]]}},{"type":"Feature","properties":{"pid":"3252063c-1ced-4f1d-97c4-cba8d1c83a5f","full":6.5},"geometry":{"type":"Polygon","coordinates":[[[136.04003,35.61931],[136.04015,35.61891],[136.03984,35.61892],[136.03969,35.61934],[136.04003,35.61931]]]}},{"type":"Feature","properties":{"pid":"b1134893-70d4-42b3-b530-8567d147249d","full":4.1},"geometry":{"type":"Polygon","coordinates":[[[136.03954,35.61904],[136.03945,35.61931],[136.03967,35.61935],[136.03982,35.61889],[136.03972,35.61887],[136.03963,35.61889],[136.03954,35.61904]]]}},{"type":"Feature","properties":{"pid":"09dec747-408e-45de-8478-5d0613a18a5e","full":6.4},"geometry":{"type":"Polygon","coordinates":[[[136.03939,35.61853],[136.03908,35.61886],[136.03932,35.61888],[136.03949,35.61895],[136.03965,35.61866],[136.03956,35.6186],[136.03939,35.61853]]]}},{"type":"Feature","properties":{"pid":"f769de96-dfd3-4ca2-979e-c848d6bab764","full":1.5},"geometry":{"type":"Polygon","coordinates":[[[136.03948,35.6183],[136.03976,35.61839],[136.03987,35.61842],[136.03984,35.61823],[136.03976,35.61821],[136.03947,35.61822],[136.03948,35.6183]]]}},{"type":"Feature","properties":{"pid":"211553bb-185d-4032-a64d-60ab9e99f9e7","full":9.7},"geometry":{"type":"Polygon","coordinates":[[[136.03991,35.61818],[136.03993,35.61838],[136.03997,35.61841],[136.04011,35.61841],[136.0403,35.61833],[136.04061,35.61823],[136.04067,35.61823],[136.04072,35.61824],[136.04071,35.61821],[136.04066,35.61819],[136.04035,35.61807],[136.04008,35.61804],[136.04003,35.61806],[136.04,35.61812],[136.03991,35.61818]]]}},{"type":"Feature","properties":{"pid":"4378d6ed-1069-4553-9023-cfa52b50b587","full":2.4},"geometry":{"type":"Polygon","coordinates":[[[136.03938,35.61822],[136.03973,35.61819],[136.03958,35.61806],[136.03952,35.61794],[136.03931,35.61797],[136.03935,35.61812],[136.03938,35.61822]]]}},{"type":"Feature","properties":{"pid":"a4feb9d5-51ef-4d80-a81d-5027c254d304","full":0.9},"geometry":{"type":"Polygon","coordinates":[[[136.03896,35.61805],[136.03927,35.61824],[136.03931,35.61824],[136.03931,35.61819],[136.03925,35.61798],[136.03896,35.61803],[136.03896,35.61805]]]}},{"type":"Feature","properties":{"pid":"275752e0-1f99-431c-a6dd-c8d7bcc75fdd","full":2.1},"geometry":{"type":"Polygon","coordinates":[[[136.03871,35.61789],[136.0389,35.61801],[136.03925,35.61796],[136.03921,35.6178],[136.03871,35.61789]]]}},{"type":"Feature","properties":{"pid":"ddec165f-d374-429f-b6ef-49dd40d9446e","full":4.0},"geometry":{"type":"Polygon","coordinates":[[[136.03921,35.61778],[136.03916,35.61762],[136.03846,35.61774],[136.03845,35.61776],[136.03863,35.61787],[136.03872,35.61787],[136.03921,35.61778]]]}},{"type":"Feature","properties":{"pid":"2b87d3d5-f00e-4c57-bc8f-f48528b6e0d5","full":2.7},"geometry":{"type":"Polygon","coordinates":[[[136.0381,35.61785],[136.03801,35.61785],[136.03794,35.6179],[136.03792,35.61793],[136.03793,35.61802],[136.03791,35.6181],[136.03785,35.61817],[136.03788,35.61819],[136.03832,35.61797],[136.03823,35.61791],[136.0381,35.61785]]]}},{"type":"Feature","properties":{"pid":"a477ca96-38b6-4eb3-a222-2cde229192cb","full":1.1},"geometry":{"type":"Polygon","coordinates":[[[136.03788,35.61828],[136.03797,35.6183],[136.03841,35.61808],[136.03835,35.61798],[136.0379,35.61819],[136.03788,35.61828]]]}},{"type":"Feature","properties":{"pid":"de0c0175-317c-46e5-9e08-11cb9672abe9","full":1.6},"geometry":{"type":"Polygon","coordinates":[[[136.03805,35.6185],[136.03815,35.61851],[136.03862,35.6183],[136.03858,35.61821],[136.03797,35.61842],[136.03794,35.61848],[136.03795,35.61849],[136.03801,35.61849],[136.03805,35.6185]]]}},{"type":"Feature","properties":{"pid":"a68323ec-8a8e-499e-bd7a-247a74f432b3","full":4.7},"geometry":{"type":"Polygon","coordinates":[[[136.03824,35.61872],[136.03864,35.61855],[136.03863,35.61846],[136.03864,35.61839],[136.03862,35.61832],[136.0381,35.61855],[136.03816,35.61864],[136.03824,35.61872]]]}},{"type":"Feature","properties":{"pid":"27b04e30-0797-442c-b5d6-297c28f230d3","full":3.9},"geometry":{"type":"Polygon","coordinates":[[[136.03884,35.61835],[136.03863,35.61824],[136.03865,35.61841],[136.03864,35.61848],[136.03864,35.61855],[136.0387,35.61856],[136.03872,35.61867],[136.03914,35.61841],[136.03884,35.61835]]]}},{"type":"Feature","properties":{"pid":"229b70bd-9e92-4ac7-9d63-1847b4e3a29f","full":8.0},"geometry":{"type":"Polygon","coordinates":[[[136.03873,35.61887],[136.03885,35.61883],[136.03893,35.61886],[136.03906,35.61885],[136.03936,35.61853],[136.03916,35.61843],[136.03869,35.61872],[136.03873,35.61887]]]}},{"type":"Feature","properties":{"pid":"d1ee44b2-f52d-4dfe-83b0-07b934cf5882","full":5.1},"geometry":{"type":"Polygon","coordinates":[[[136.03908,35.61931],[136.03932,35.61936],[136.03947,35.61902],[136.03938,35.61897],[136.03918,35.61893],[136.03908,35.61931]]]}},{"type":"Feature","properties":{"pid":"8652811f-f4ce-42a8-99d4-d0222be3ad61","full":6.8},"geometry":{"type":"Polygon","coordinates":[[[136.03907,35.6193],[136.03916,35.61891],[136.03879,35.61889],[136.03875,35.61924],[136.03907,35.6193]]]}},{"type":"Feature","properties":{"pid":"a4847fbe-46e9-4895-878b-dc183758278e","full":8.9},"geometry":{"type":"Polygon","coordinates":[[[136.03876,35.6189],[136.03858,35.61895],[136.03842,35.61889],[136.03843,35.61913],[136.03847,35.61927],[136.03854,35.61971],[136.03868,35.61972],[136.03876,35.6189]]]}},{"type":"Feature","properties":{"pid":"97a6c9f6-432c-48e3-bc28-fc2626f49273","full":4.8},"geometry":{"type":"Polygon","coordinates":[[[136.03845,35.61929],[136.03842,35.61921],[136.03831,35.61926],[136.03823,35.61928],[136.03821,35.6193],[136.03826,35.61969],[136.03846,35.61969],[136.03851,35.61966],[136.03845,35.61929]]]}},{"type":"Feature","properties":{"pid":"3c3bb4ac-f23e-4885-bd23-98944913f156","full":6.1},"geometry":{"type":"Polygon","coordinates":[[[136.03811,35.61929],[136.03827,35.61926],[136.03841,35.61919],[136.03838,35.6189],[136.03834,35.61885],[136.03825,35.6188],[136.03814,35.61868],[136.03811,35.61868],[136.03811,35.61929]]]}},{"type":"Feature","properties":{"pid":"fd118fd8-ba84-44a1-977b-b3b5c0ec929e","full":3.8},"geometry":{"type":"Polygon","coordinates":[[[136.03866,35.61857],[136.03826,35.61874],[136.03837,35.61881],[136.03853,35.6189],[136.03864,35.6189],[136.03869,35.61887],[136.03872,35.61887],[136.03868,35.61873],[136.03869,35.61869],[136.03868,35.61858],[136.03866,35.61857]]]}},{"type":"Feature","properties":{"pid":"83c860e6-a549-4ccd-9a3c-d90948d39aba","full":7.6},"geometry":{"type":"Polygon","coordinates":[[[136.03743,35.61918],[136.0377,35.61917],[136.0377,35.61861],[136.03743,35.61861],[136.03743,35.61918]]]}},{"type":"Feature","properties":{"pid":"774556da-c5a6-4b20-8ff8-97d4a369df01","full":16.9},"geometry":{"type":"Polygon","coordinates":[[[136.03773,35.61919],[136.03772,35.61921],[136.03773,35.61932],[136.03771,35.61936],[136.03773,35.61939],[136.0378,35.6194],[136.03787,35.61935],[136.03809,35.6193],[136.03809,35.61864],[136.03804,35.61856],[136.03801,35.61854],[136.03791,35.61859],[136.03773,35.6186],[136.03773,35.61919]]]}},{"type":"Feature","properties":{"pid":"8a3860e2-eab5-4854-b4bc-35b3d0222863","full":3.9},"geometry":{"type":"Polygon","coordinates":[[[136.03793,35.6197],[136.03789,35.61938],[136.03784,35.6194],[136.03781,35.61942],[136.03776,35.61941],[136.0377,35.61938],[136.03771,35.61923],[136.03766,35.61922],[136.03763,35.61922],[136.03762,35.61942],[136.03763,35.61955],[136.03765,35.6197],[136.03781,35.61973],[136.03793,35.6197]]]}},{"type":"Feature","properties":{"pid":"dcd0ffa7-654c-4a4b-bfcd-18d37e5b097a","full":6.8},"geometry":{"type":"Polygon","coordinates":[[[136.0373,35.61962],[136.03735,35.61964],[136.03763,35.61969],[136.0376,35.6194],[136.0376,35.61921],[136.03732,35.61922],[136.0373,35.61962]]]}},{"type":"Feature","properties":{"pid":"6a5fbb40-318e-4964-9826-f0d45761373c","full":6.7},"geometry":{"type":"Polygon","coordinates":[[[136.03709,35.6196],[136.03724,35.61963],[136.03729,35.61962],[136.0373,35.61922],[136.03687,35.61922],[136.03685,35.61925],[136.03694,35.6194],[136.03703,35.61949],[136.03709,35.6196]]]}},{"type":"Feature","properties":{"pid":"4f7fdedb-1061-4882-ba99-c4bc4e2133a6","full":1.1},"geometry":{"type":"Polygon","coordinates":[[[136.03682,35.61952],[136.037,35.61954],[136.03698,35.61951],[136.03686,35.61938],[136.03676,35.61926],[136.03662,35.61925],[136.03665,35.61936],[136.03677,35.61949],[136.03682,35.61952]]]}},{"type":"Feature","properties":{"pid":"cea602cd-3e24-48d5-96b0-78293b85fe34","full":8.7},"geometry":{"type":"Polygon","coordinates":[[[136.03686,35.61919],[136.03711,35.61919],[136.03712,35.61863],[136.03704,35.61864],[136.03689,35.61858],[136.03684,35.6186],[136.03681,35.61873],[136.03683,35.61902],[136.03686,35.61919]]]}},{"type":"Feature","properties":{"pid":"b9f169c5-213d-44ca-8bfa-242a7665614d","full":7.0},"geometry":{"type":"Polygon","coordinates":[[[136.03714,35.61917],[136.0374,35.61918],[136.03741,35.61861],[136.03715,35.61863],[136.03714,35.61917]]]}},{"type":"Feature","properties":{"pid":"85f00b99-972d-4778-b9e9-d559be4e5697","full":1.8},"geometry":{"type":"Polygon","coordinates":[[[136.03707,35.61859],[136.03712,35.61823],[136.03692,35.61823],[136.03689,35.61846],[136.03688,35.61851],[136.03702,35.61853],[136.03701,35.61858],[136.03707,35.61859]]]}},{"type":"Feature","properties":{"pid":"35e20ed1-336d-4ea6-a797-fa099e18ad50","full":2.2},"geometry":{"type":"Polygon","coordinates":[[[136.03713,35.61823],[136.0371,35.61839],[136.03738,35.61843],[136.03741,35.6184],[136.03747,35.61839],[136.03749,35.61829],[136.03748,35.61824],[136.03713,35.61823]]]}},{"type":"Feature","properties":{"pid":"e0da9ff1-cb92-42a6-8741-cdbbd438a8ad","full":1.3},"geometry":{"type":"Polygon","coordinates":[[[136.0371,35.6184],[136.03707,35.61859],[136.03734,35.61858],[136.03738,35.61846],[136.03737,35.61843],[136.0371,35.6184]]]}},{"type":"Feature","properties":{"pid":"4a34cf0c-682e-4114-9089-546db418f583","full":0.7},"geometry":{"type":"Polygon","coordinates":[[[136.03777,35.61842],[136.03751,35.61843],[136.03746,35.61854],[136.03748,35.61856],[136.0377,35.61856],[136.03779,35.61844],[136.03779,35.61843],[136.03777,35.61842]]]}},{"type":"Feature","properties":{"pid":"eb222de8-993c-4617-bb22-baf6681ba505","full":2.6},"geometry":{"type":"Polygon","coordinates":[[[136.0378,35.61841],[136.03783,35.61839],[136.03785,35.61827],[136.03784,35.6182],[136.03781,35.61818],[136.03751,35.61824],[136.03752,35.61832],[136.03749,35.6184],[136.03746,35.61842],[136.0374,35.61844],[136.03739,35.61847],[136.03739,35.61851],[136.03737,35.61858],[136.03738,35.61858],[136.03741,35.61857],[136.03748,35.61843],[136.0378,35.61841]]]}},{"type":"Feature","properties":{"pid":"f7d7bf8a-afc3-4e30-9bae-d306a5127d16","full":3.4},"geometry":{"type":"Polygon","coordinates":[[[136.03751,35.61822],[136.03784,35.61816],[136.03789,35.61806],[136.03789,35.61799],[136.03787,35.61794],[136.03777,35.61798],[136.03752,35.61796],[136.03752,35.61799],[136.03748,35.61801],[136.03751,35.61822]]]}},{"type":"Feature","properties":{"pid":"429e865a-dbf3-432a-974b-0a35a4f5805c","full":2.2},"geometry":{"type":"Polygon","coordinates":[[[136.03723,35.61822],[136.03748,35.61822],[136.03745,35.61796],[136.03729,35.61794],[136.03725,35.61795],[136.03723,35.61797],[136.03723,35.61822]]]}},{"type":"Feature","properties":{"pid":"02c31ce0-51f7-4117-854a-5f23114aec07","full":3.1},"geometry":{"type":"Polygon","coordinates":[[[136.03716,35.61792],[136.03699,35.61791],[136.03693,35.61793],[136.03693,35.61799],[136.03696,35.61805],[136.03696,35.61814],[136.03692,35.61821],[136.03722,35.61821],[136.03722,35.61794],[136.03716,35.61792]]]}},{"type":"Feature","properties":{"pid":"32588b24-b23f-41e7-82de-50298746928a","full":7.0},"geometry":{"type":"Polygon","coordinates":[[[136.03807,35.61704],[136.03714,35.61722],[136.03757,35.61734],[136.03813,35.61724],[136.03807,35.61704]]]}},{"type":"Feature","properties":{"pid":"1a068bca-3c55-436a-94af-b87b832bd6c4","full":3.0},"geometry":{"type":"Polygon","coordinates":[[[136.03802,35.6169],[136.03707,35.6171],[136.03705,35.6172],[136.03708,35.61721],[136.03806,35.61703],[136.03802,35.6169]]]}},{"type":"Feature","properties":{"pid":"ddab26fe-e4d8-4571-a080-b84d66256798","full":5.4},"geometry":{"type":"Polygon","coordinates":[[[136.03802,35.61688],[136.03797,35.61674],[136.03714,35.61689],[136.03712,35.61692],[136.03708,35.61707],[136.03802,35.61688]]]}},{"type":"Feature","properties":{"pid":"a98f1de5-bbf9-49f4-aa94-cb8e0c920808","full":2.9},"geometry":{"type":"Polygon","coordinates":[[[136.03813,35.61727],[136.0376,35.61736],[136.03822,35.61758],[136.03813,35.61727]]]}},{"type":"Feature","properties":{"pid":"9ed7f159-d47c-42c9-943b-350fee532c2e","full":4.5},"geometry":{"type":"Polygon","coordinates":[[[136.0391,35.61745],[136.03831,35.6176],[136.03832,35.61762],[136.03831,35.61765],[136.03832,35.61769],[136.03836,35.61772],[136.03846,35.61773],[136.03915,35.6176],[136.0391,35.61745]]]}},{"type":"Feature","properties":{"pid":"3493879b-259a-4555-b81d-3c6a70672392","full":5.0},"geometry":{"type":"Polygon","coordinates":[[[136.03905,35.61728],[136.03824,35.61743],[136.03828,35.61756],[136.03839,35.61756],[136.0391,35.61743],[136.03905,35.61728]]]}},{"type":"Feature","properties":{"pid":"0305f7ea-e9d2-49a6-88ce-c48ebccdf60b","full":5.0},"geometry":{"type":"Polygon","coordinates":[[[136.0389,35.61674],[136.03809,35.61689],[136.03814,35.61705],[136.03895,35.6169],[136.0389,35.61674]]]}},{"type":"Feature","properties":{"pid":"63b53273-4834-4926-b879-8534e2a13ac6","full":5.9},"geometry":{"type":"Polygon","coordinates":[[[136.03895,35.61691],[136.03815,35.61707],[136.0382,35.61724],[136.03899,35.61708],[136.03895,35.61691]]]}},{"type":"Feature","properties":{"pid":"0d782e5f-28c7-427a-8e92-6c92345804d6","full":5.6},"geometry":{"type":"Polygon","coordinates":[[[136.039,35.61709],[136.0382,35.61725],[136.03821,35.61733],[136.03824,35.61741],[136.03904,35.61726],[136.039,35.61709]]]}},{"type":"Feature","properties":{"pid":"685a272d-3a24-4218-ae98-318cf1fa2761","full":5.6},"geometry":{"type":"Polygon","coordinates":[[[136.03885,35.61655],[136.03881,35.61639],[136.038,35.61655],[136.03804,35.61671],[136.03885,35.61655]]]}},{"type":"Feature","properties":{"pid":"8d454de2-676f-4373-9186-58e5645aee36","full":5.0},"geometry":{"type":"Polygon","coordinates":[[[136.03885,35.61657],[136.03805,35.61672],[136.03809,35.61687],[136.0389,35.61673],[136.03885,35.61657]]]}},{"type":"Feature","properties":{"pid":"08ce1919-b6b3-4b6d-8786-442e6e5b2215","full":5.0},"geometry":{"type":"Polygon","coordinates":[[[136.03887,35.61638],[136.03891,35.61654],[136.03971,35.61639],[136.03967,35.61625],[136.03965,35.61623],[136.03887,35.61638]]]}},{"type":"Feature","properties":{"pid":"ffe6868b-2e78-482c-91a0-fa2b1d6e16f1","full":6.6},"geometry":{"type":"Polygon","coordinates":[[[136.03961,35.61599],[136.03881,35.61614],[136.03884,35.61632],[136.03963,35.61617],[136.03965,35.61614],[136.03961,35.61599]]]}},{"type":"Feature","properties":{"pid":"c64033f9-4129-48c2-9db8-1dc7dbbf548f","full":5.0},"geometry":{"type":"Polygon","coordinates":[[[136.0388,35.61612],[136.03961,35.61596],[136.03956,35.61581],[136.03876,35.61597],[136.0388,35.61612]]]}},{"type":"Feature","properties":{"pid":"fa082eab-36a7-4005-964b-82e9721f1f46","full":5.8},"geometry":{"type":"Polygon","coordinates":[[[136.03874,35.61616],[136.03793,35.61631],[136.03798,35.61648],[136.03878,35.61633],[136.03874,35.61616]]]}},{"type":"Feature","properties":{"pid":"37da212e-aab6-4cb0-97a2-9ec9ddf3dfed","full":1.1},"geometry":{"type":"Polygon","coordinates":[[[136.03869,35.61599],[136.03791,35.61613],[136.03792,35.61624],[136.03872,35.61609],[136.03869,35.61599]]]}},{"type":"Feature","properties":{"pid":"4cb349fd-7944-446b-b0d5-aa9a63981aa3","full":5.3},"geometry":{"type":"Polygon","coordinates":[[[136.03868,35.61596],[136.03864,35.6158],[136.03789,35.61594],[136.03792,35.61612],[136.03868,35.61596]]]}},{"type":"Feature","properties":{"pid":"1da7ac7d-f8fd-40c7-a709-635efe576988","full":3.3},"geometry":{"type":"Polygon","coordinates":[[[136.03695,35.61633],[136.03647,35.61641],[136.03648,35.61644],[136.03702,35.61665],[136.03703,35.61662],[136.03695,35.61633]]]}},{"type":"Feature","properties":{"pid":"7ae72b95-cdd5-4f53-a449-ef3036d783cb","full":3.5},"geometry":{"type":"Polygon","coordinates":[[[136.03769,35.6162],[136.03713,35.6163],[136.037,35.61632],[136.03705,35.61647],[136.03757,35.61637],[136.03764,35.61635],[136.03771,35.61623],[136.03769,35.6162]]]}},{"type":"Feature","properties":{"pid":"3b6885be-bce1-430c-8ed1-3d02bb61934a","full":3.9},"geometry":{"type":"Polygon","coordinates":[[[136.03769,35.61602],[136.03697,35.61615],[136.037,35.6163],[136.03771,35.61617],[136.03773,35.61615],[136.03774,35.61612],[136.03769,35.61602]]]}},{"type":"Feature","properties":{"pid":"446face3-8836-44f0-8f21-ef26fd72334b","full":4.5},"geometry":{"type":"Polygon","coordinates":[[[136.03767,35.61599],[136.03771,35.61582],[136.03691,35.61596],[136.03695,35.61612],[136.03767,35.61599]]]}},{"type":"Feature","properties":{"pid":"6b3197f5-efe2-4039-818a-835b06219251","full":4.8},"geometry":{"type":"Polygon","coordinates":[[[136.03691,35.61595],[136.0377,35.6158],[136.03767,35.61564],[136.03687,35.61579],[136.03691,35.61595]]]}},{"type":"Feature","properties":{"pid":"f4402ba8-a519-468d-8763-f712a3e4391e","full":4.4},"geometry":{"type":"Polygon","coordinates":[[[136.03687,35.61577],[136.03765,35.61562],[136.03762,35.61549],[136.0375,35.61549],[136.03682,35.61562],[136.03683,35.61568],[136.03687,35.61577]]]}},{"type":"Feature","properties":{"pid":"2e658b2b-8303-4c08-99c4-19c488261949","full":4.0},"geometry":{"type":"Polygon","coordinates":[[[136.03678,35.61541],[136.03756,35.61528],[136.03752,35.61513],[136.03673,35.61527],[136.03678,35.61541]]]}},{"type":"Feature","properties":{"pid":"8529e23b-f3ec-464d-bac6-c77be1c7825e","full":5.2},"geometry":{"type":"Polygon","coordinates":[[[136.03672,35.61524],[136.03752,35.6151],[136.03747,35.61494],[136.03668,35.61509],[136.03668,35.61511],[136.03672,35.61524]]]}},{"type":"Feature","properties":{"pid":"395cc3dc-358b-442a-90c6-f22bceab11da","full":4.4},"geometry":{"type":"Polygon","coordinates":[[[136.03681,35.61559],[136.03761,35.61545],[136.03758,35.6153],[136.03692,35.61541],[136.03681,35.61545],[136.03678,35.61546],[136.03681,35.61559]]]}},{"type":"Feature","properties":{"pid":"6c10683b-cce3-4709-961f-4a4a908717e2","full":1.6},"geometry":{"type":"Polygon","coordinates":[[[136.03803,35.61504],[136.03763,35.61511],[136.03764,35.61519],[136.03766,35.61525],[136.0377,35.61526],[136.03799,35.6152],[136.03802,35.61512],[136.03803,35.61504]]]}},{"type":"Feature","properties":{"pid":"9a7c0fbd-a2c3-43b6-805c-9a77183eeb41","full":1.6},"geometry":{"type":"Polygon","coordinates":[[[136.03798,35.61523],[136.03767,35.61529],[136.03769,35.61541],[136.03774,35.61544],[136.03801,35.61539],[136.03802,35.61535],[136.03798,35.61523]]]}},{"type":"Feature","properties":{"pid":"8ef8335e-894f-429f-98b5-798ec44c1aa9","full":2.6},"geometry":{"type":"Polygon","coordinates":[[[136.03781,35.61581],[136.03789,35.61577],[136.03803,35.61547],[136.03799,35.61541],[136.03772,35.61546],[136.03775,35.61567],[136.03781,35.61581]]]}},{"type":"Feature","properties":{"pid":"46bf9a20-d30a-49d4-9ad3-248007f1acca","full":3.3},"geometry":{"type":"Polygon","coordinates":[[[136.03864,35.61578],[136.0386,35.61563],[136.03807,35.61574],[136.03805,35.61579],[136.03793,35.61591],[136.03793,35.61592],[136.03864,35.61578]]]}},{"type":"Feature","properties":{"pid":"798cc47b-3968-4dc7-b09e-a93904811d3d","full":2.9},"geometry":{"type":"Polygon","coordinates":[[[136.03807,35.61572],[136.0386,35.61561],[136.03854,35.61545],[136.03815,35.61553],[136.03812,35.61556],[136.03808,35.61563],[136.03807,35.61572]]]}},{"type":"Feature","properties":{"pid":"6fe3e4e2-3be7-4af4-b035-1e4fa1d7bd44","full":5.2},"geometry":{"type":"Polygon","coordinates":[[[136.03875,35.61595],[136.03955,35.61579],[136.03951,35.61564],[136.03872,35.61578],[136.03871,35.61581],[136.03875,35.61595]]]}},{"type":"Feature","properties":{"pid":"c85e5cfd-86d1-464c-b868-688c0ce791e7","full":4.3},"geometry":{"type":"Polygon","coordinates":[[[136.03871,35.61577],[136.03951,35.61563],[136.03946,35.61548],[136.03866,35.61563],[136.03871,35.61577]]]}},{"type":"Feature","properties":{"pid":"b03e278d-06c4-485c-88ea-e4d92d475555","full":5.0},"geometry":{"type":"Polygon","coordinates":[[[136.03866,35.6156],[136.03945,35.61545],[136.03941,35.61529],[136.03862,35.61544],[136.03866,35.6156]]]}},{"type":"Feature","properties":{"pid":"d20bd5ec-eb16-4be4-b770-11d10869e3f1","full":5.0},"geometry":{"type":"Polygon","coordinates":[[[136.03861,35.61542],[136.0394,35.61527],[136.03935,35.61511],[136.03857,35.61526],[136.03861,35.61542]]]}},{"type":"Feature","properties":{"pid":"3f1b6522-804a-4afb-86b5-b3b3c7125f6c","full":5.0},"geometry":{"type":"Polygon","coordinates":[[[136.03857,35.61525],[136.03936,35.6151],[136.03931,35.61494],[136.03852,35.61509],[136.03857,35.61525]]]}},{"type":"Feature","properties":{"pid":"1aeb0104-fccd-4bdd-9529-770b4e920057","full":2.3},"geometry":{"type":"Polygon","coordinates":[[[136.03816,35.61551],[136.03854,35.61544],[136.03849,35.61528],[136.03819,35.61533],[136.03814,35.61536],[136.03814,35.61546],[136.03816,35.61551]]]}},{"type":"Feature","properties":{"pid":"39f974d5-6405-4e9a-92d7-e7584ce7eede","full":3.2},"geometry":{"type":"Polygon","coordinates":[[[136.03815,35.61532],[136.0385,35.61526],[136.03842,35.61495],[136.03817,35.61514],[136.03814,35.61517],[136.03815,35.61532]]]}},{"type":"Feature","properties":{"pid":"480fa5e3-5e6d-42a9-8870-21e295da7497","full":5.3},"geometry":{"type":"Polygon","coordinates":[[[136.03851,35.61507],[136.0393,35.61492],[136.03927,35.61476],[136.03852,35.61489],[136.03846,35.61491],[136.03851,35.61507]]]}},{"type":"Feature","properties":{"pid":"075758a7-19ef-4f8e-8573-78cb15bb3cb4","full":4.6},"geometry":{"type":"Polygon","coordinates":[[[136.03839,35.6149],[136.03926,35.61475],[136.03922,35.6146],[136.03833,35.61476],[136.03831,35.61478],[136.03839,35.6149]]]}},{"type":"Feature","properties":{"pid":"b40a0985-c7a0-4946-90e2-192946a65845","full":3.7},"geometry":{"type":"Polygon","coordinates":[[[136.03831,35.61474],[136.03921,35.61456],[136.03918,35.61447],[136.03914,35.61444],[136.03829,35.61461],[136.03831,35.61474]]]}},{"type":"Feature","properties":{"pid":"11984264-5eb4-404d-a0f3-8430da3f6c2b","full":4.5},"geometry":{"type":"Polygon","coordinates":[[[136.03841,35.61446],[136.03907,35.61434],[136.03908,35.61431],[136.03913,35.6143],[136.03909,35.61416],[136.03837,35.6143],[136.03841,35.61446]]]}},{"type":"Feature","properties":{"pid":"8541a91e-4b40-4216-a8a5-1de84d926875","full":1.0},"geometry":{"type":"Polygon","coordinates":[[[136.03841,35.61446],[136.03837,35.6143],[136.03816,35.61434],[136.03814,35.61441],[136.03815,35.61445],[136.03818,35.6145],[136.03841,35.61446]]]}},{"type":"Feature","properties":{"pid":"3d0ba025-f890-4617-a4f0-9cf3bb60eb07","full":4.3},"geometry":{"type":"Polygon","coordinates":[[[136.03809,35.61418],[136.03742,35.61431],[136.03741,35.61434],[136.03745,35.61448],[136.03801,35.61437],[136.03804,35.61436],[136.03809,35.61422],[136.03809,35.61418]]]}},{"type":"Feature","properties":{"pid":"b0ce9eff-3cd9-4fad-8ae5-9c680d15ee63","full":3.5},"geometry":{"type":"Polygon","coordinates":[[[136.03801,35.61438],[136.03745,35.61449],[136.03748,35.61465],[136.03805,35.61454],[136.03801,35.61438]]]}},{"type":"Feature","properties":{"pid":"7abb4f61-dff1-4109-95a6-3e9b90b9a4a2","full":4.4},"geometry":{"type":"Polygon","coordinates":[[[136.03818,35.61479],[136.03816,35.61467],[136.03803,35.61463],[136.03753,35.61473],[136.03757,35.6149],[136.03818,35.61479]]]}},{"type":"Feature","properties":{"pid":"926b4b49-0ec1-4058-aa3c-4a226e0272c6","full":3.3},"geometry":{"type":"Polygon","coordinates":[[[136.0376,35.61503],[136.03764,35.61507],[136.03813,35.61499],[136.03815,35.61497],[136.03822,35.61495],[136.03822,35.61493],[136.0382,35.61483],[136.03819,35.61482],[136.03758,35.61492],[136.0376,35.61503]]]}},{"type":"Feature","properties":{"pid":"a5f19c9f-a462-4294-a250-c9994e624db1","full":6.4},"geometry":{"type":"Polygon","coordinates":[[[136.03668,35.61506],[136.03747,35.61492],[136.03742,35.61474],[136.03665,35.61489],[136.03662,35.6149],[136.03667,35.61504],[136.03668,35.61506]]]}},{"type":"Feature","properties":{"pid":"4d49238f-0441-49e5-bd3c-3ac09622cca5","full":4.5},"geometry":{"type":"Polygon","coordinates":[[[136.03656,35.61465],[136.0366,35.6148],[136.03739,35.61465],[136.03735,35.6145],[136.03656,35.61465]]]}},{"type":"Feature","properties":{"pid":"11393c8f-665d-4924-8506-7b3b867b08d8","full":4.6},"geometry":{"type":"Polygon","coordinates":[[[136.03656,35.61463],[136.03735,35.61449],[136.03731,35.61433],[136.03651,35.61448],[136.03656,35.61463]]]}},{"type":"Feature","properties":{"pid":"7df95b83-f0f6-4e24-a146-056068014735","full":4.0},"geometry":{"type":"Polygon","coordinates":[[[136.03651,35.61445],[136.0373,35.61431],[136.03726,35.61416],[136.03647,35.61431],[136.03651,35.61445]]]}},{"type":"Feature","properties":{"pid":"68bde1f8-cc60-444c-acd1-5c104e6c8502","full":5.3},"geometry":{"type":"Polygon","coordinates":[[[136.03646,35.61429],[136.03726,35.61413],[136.03723,35.61397],[136.03642,35.61412],[136.03646,35.61429]]]}},{"type":"Feature","properties":{"pid":"222809e8-aa7a-4c75-ac61-743e2750e5d0","full":5.8},"geometry":{"type":"Polygon","coordinates":[[[136.03642,35.61411],[136.03721,35.61396],[136.03717,35.6138],[136.03636,35.61394],[136.03642,35.61411]]]}},{"type":"Feature","properties":{"pid":"02ab961f-b6d1-4b1d-b82b-f833961a522d","full":4.0},"geometry":{"type":"Polygon","coordinates":[[[136.03796,35.61384],[136.03733,35.61396],[136.03733,35.61401],[136.03736,35.61412],[136.03802,35.61399],[136.03796,35.61384]]]}},{"type":"Feature","properties":{"pid":"4e104032-53cd-475d-8325-02f0d6c24bf5","full":4.1},"geometry":{"type":"Polygon","coordinates":[[[136.03803,35.61402],[136.03737,35.61413],[136.03738,35.6142],[136.0374,35.61429],[136.03808,35.61417],[136.03807,35.61412],[136.03803,35.61402]]]}},{"type":"Feature","properties":{"pid":"2b6dbc10-ddd4-403f-84a9-a07f7057bfa9","full":3.4},"geometry":{"type":"Polygon","coordinates":[[[136.03786,35.61368],[136.03729,35.61378],[136.03729,35.61383],[136.03731,35.61394],[136.03794,35.61382],[136.03786,35.61368]]]}},{"type":"Feature","properties":{"pid":"e396927c-f602-4bbe-b99a-905d2c317028","full":3.6},"geometry":{"type":"Polygon","coordinates":[[[136.03778,35.6135],[136.03724,35.6136],[136.03724,35.61365],[136.03727,35.61376],[136.03785,35.61366],[136.03778,35.6135]]]}},{"type":"Feature","properties":{"pid":"3f37a5c5-e2af-4f6a-a142-c8d329da7732","full":3.3},"geometry":{"type":"Polygon","coordinates":[[[136.03771,35.61336],[136.03764,35.61334],[136.0372,35.61342],[136.03718,35.61345],[136.03722,35.61358],[136.03775,35.6135],[136.03776,35.61347],[136.03771,35.61336]]]}},{"type":"Feature","properties":{"pid":"1cfbd605-edfe-414d-827e-d0bea059a8b4","full":5.9},"geometry":{"type":"Polygon","coordinates":[[[136.03716,35.61336],[136.03716,35.61337],[136.0375,35.61331],[136.03749,35.61329],[136.03746,35.61328],[136.0374,35.61324],[136.03735,35.61319],[136.03731,35.61311],[136.03722,35.61288],[136.03718,35.61282],[136.03716,35.61281],[136.0371,35.61271],[136.03706,35.61268],[136.03703,35.61267],[136.03699,35.61267],[136.03698,35.61268],[136.03698,35.6127],[136.03705,35.61301],[136.03713,35.61335],[136.03716,35.61336]]]}},{"type":"Feature","properties":{"pid":"49e751b9-22de-4a73-bbdb-f5e958735a0e","full":3.5},"geometry":{"type":"Polygon","coordinates":[[[136.03785,35.61254],[136.03725,35.61267],[136.03725,35.61268],[136.03731,35.61274],[136.03734,35.61281],[136.03736,35.61281],[136.0379,35.6127],[136.03788,35.61258],[136.03785,35.61254]]]}},{"type":"Feature","properties":{"pid":"e12f6657-3851-43c1-b495-9a01330635da","full":4.2},"geometry":{"type":"Polygon","coordinates":[[[136.03789,35.61235],[136.03706,35.61252],[136.03715,35.61258],[136.03722,35.61264],[136.03787,35.61252],[136.03789,35.61235]]]}},{"type":"Feature","properties":{"pid":"9f068c1a-5034-458b-afbc-ba93710442d2","full":2.9},"geometry":{"type":"Polygon","coordinates":[[[136.03782,35.61274],[136.03739,35.61283],[136.03738,35.61286],[136.03745,35.61303],[136.03775,35.61296],[136.03775,35.61287],[136.03782,35.61274]]]}},{"type":"Feature","properties":{"pid":"2a33a3ef-a957-4f1f-9ac1-b005627543f8","full":1.9},"geometry":{"type":"Polygon","coordinates":[[[136.03778,35.61298],[136.03746,35.61305],[136.03745,35.61306],[136.03747,35.61309],[136.0375,35.61312],[136.03755,35.61315],[136.03781,35.61323],[136.03784,35.61317],[136.03781,35.61306],[136.03778,35.61298]]]}},{"type":"Feature","properties":{"pid":"11cb2ad4-a9b6-4cf1-b242-a1703ca580cc","full":4.7},"geometry":{"type":"Polygon","coordinates":[[[136.03789,35.61331],[136.03794,35.61342],[136.03882,35.61326],[136.03884,35.61323],[136.0388,35.61311],[136.03877,35.61312],[136.03792,35.61327],[136.03789,35.61331]]]}},{"type":"Feature","properties":{"pid":"d6228b32-2824-4f36-a52c-33b1de7b7c59","full":4.6},"geometry":{"type":"Polygon","coordinates":[[[136.03874,35.61293],[136.03796,35.61308],[136.038,35.61313],[136.03803,35.61321],[136.03805,35.61322],[136.03879,35.61309],[136.03874,35.61293]]]}},{"type":"Feature","properties":{"pid":"2638197f-859c-4ef0-bf9e-9ba920fcd6fb","full":5.2},"geometry":{"type":"Polygon","coordinates":[[[136.0387,35.61277],[136.0379,35.61289],[136.03789,35.61292],[136.03793,35.61302],[136.03796,35.61306],[136.03873,35.61291],[136.03872,35.6129],[136.03874,35.61288],[136.0387,35.61277]]]}},{"type":"Feature","properties":{"pid":"cc522490-1328-4cbe-b584-a329a144ae4e","full":1.6},"geometry":{"type":"Polygon","coordinates":[[[136.03865,35.61275],[136.03804,35.61267],[136.03799,35.61274],[136.03792,35.61284],[136.03792,35.61287],[136.03797,35.61287],[136.03866,35.61276],[136.03865,35.61275]]]}},{"type":"Feature","properties":{"pid":"d1bb2904-c6d3-4615-b7ba-6765f736eea9","full":3.6},"geometry":{"type":"Polygon","coordinates":[[[136.03807,35.61264],[136.03867,35.61272],[136.0387,35.61271],[136.03871,35.61268],[136.03872,35.61257],[136.03871,35.61256],[136.03867,35.61255],[136.03803,35.61249],[136.03803,35.61257],[136.03805,35.6126],[136.03804,35.61261],[136.03807,35.61264]]]}},{"type":"Feature","properties":{"pid":"5fceeef6-d165-4775-be91-57be68322383","full":6.2},"geometry":{"type":"Polygon","coordinates":[[[136.03803,35.61245],[136.03873,35.61254],[136.03877,35.61235],[136.03804,35.61227],[136.03803,35.61245]]]}},{"type":"Feature","properties":{"pid":"f108146b-840d-470d-bd30-00f5ae16a328","full":7.3},"geometry":{"type":"Polygon","coordinates":[[[136.03886,35.61237],[136.03883,35.61255],[136.03963,35.61266],[136.0397,35.61256],[136.03976,35.61249],[136.03886,35.61237]]]}},{"type":"Feature","properties":{"pid":"33761b8c-7652-4840-97af-600c0578e29b","full":2.5},"geometry":{"type":"Polygon","coordinates":[[[136.0396,35.61268],[136.03883,35.61259],[136.0388,35.61274],[136.03881,35.61278],[136.0396,35.61273],[136.0396,35.61268]]]}},{"type":"Feature","properties":{"pid":"36d5954e-7ed8-4a56-95b3-dcd63f41e341","full":5.6},"geometry":{"type":"Polygon","coordinates":[[[136.03962,35.61274],[136.03881,35.61281],[136.03885,35.61302],[136.03967,35.61286],[136.03964,35.61277],[136.03962,35.61274]]]}},{"type":"Feature","properties":{"pid":"8281397d-f218-4f69-b398-e72c546a2cc2","full":9.7},"geometry":{"type":"Polygon","coordinates":[[[136.03887,35.61303],[136.03892,35.61325],[136.03973,35.6131],[136.03967,35.61288],[136.03964,35.61288],[136.03887,35.61303]]]}},{"type":"Feature","properties":{"pid":"0053866d-8916-452b-be9a-8208959272bd","full":5.8},"geometry":{"type":"Polygon","coordinates":[[[136.03884,35.61328],[136.03796,35.61345],[136.03796,35.61346],[136.03803,35.61359],[136.03804,35.6136],[136.0389,35.61344],[136.03884,35.61328]]]}},{"type":"Feature","properties":{"pid":"9f39c4b1-8ea7-4729-b53d-4f37d9546601","full":4.2},"geometry":{"type":"Polygon","coordinates":[[[136.0389,35.61346],[136.03804,35.61362],[136.03811,35.61376],[136.03894,35.6136],[136.0389,35.61346]]]}},{"type":"Feature","properties":{"pid":"a8b9df49-ff1e-4bc4-aaad-90d30099ea25","full":5.6},"geometry":{"type":"Polygon","coordinates":[[[136.03894,35.61362],[136.03812,35.61378],[136.03816,35.61394],[136.03899,35.61378],[136.03894,35.61362]]]}},{"type":"Feature","properties":{"pid":"d7fc43bb-047d-47ec-b28e-0addf5766938","full":5.6},"geometry":{"type":"Polygon","coordinates":[[[136.03899,35.6138],[136.03815,35.61396],[136.03819,35.61412],[136.03904,35.61397],[136.03899,35.6138]]]}},{"type":"Feature","properties":{"pid":"31f8a8d3-fdeb-4600-b168-49efcc073bde","full":5.6},"geometry":{"type":"Polygon","coordinates":[[[136.03818,35.61432],[136.03909,35.61414],[136.03905,35.61398],[136.03821,35.61415],[136.0382,35.61421],[136.03818,35.61432]]]}},{"type":"Feature","properties":{"pid":"c6707219-758f-4fb1-a015-613c4f48e953","full":6.1},"geometry":{"type":"Polygon","coordinates":[[[136.03922,35.61432],[136.04003,35.61417],[136.03998,35.614],[136.03917,35.61415],[136.03922,35.61432]]]}},{"type":"Feature","properties":{"pid":"27c8dcc9-5685-4036-a5bc-17cb53212f3c","full":4.7},"geometry":{"type":"Polygon","coordinates":[[[136.03917,35.61412],[136.03999,35.61398],[136.03994,35.61382],[136.03912,35.61398],[136.03917,35.61412]]]}},{"type":"Feature","properties":{"pid":"dad9df91-a7a0-467c-bf2f-a72b7e51d438","full":5.7},"geometry":{"type":"Polygon","coordinates":[[[136.03988,35.61364],[136.03907,35.61379],[136.03912,35.61395],[136.03994,35.61381],[136.03988,35.61364]]]}},{"type":"Feature","properties":{"pid":"a5dab6e1-a4d3-4730-967c-7cb920043cee","full":9.5},"geometry":{"type":"Polygon","coordinates":[[[136.04047,35.61374],[136.04002,35.61382],[136.04001,35.61384],[136.04011,35.61416],[136.04057,35.61408],[136.04056,35.61401],[136.04047,35.61374]]]}},{"type":"Feature","properties":{"pid":"bbc7dde7-3246-418a-8a47-769eb389cd7e","full":5.2},"geometry":{"type":"Polygon","coordinates":[[[136.0408,35.61346],[136.03996,35.61363],[136.04,35.61378],[136.04047,35.61371],[136.04047,35.61369],[136.04085,35.61359],[136.04086,35.61351],[136.0408,35.61346]]]}},{"type":"Feature","properties":{"pid":"748f9781-d62d-460e-a38e-e92824480bd5","full":4.6},"geometry":{"type":"Polygon","coordinates":[[[136.04068,35.61331],[136.03991,35.61346],[136.03995,35.61361],[136.04082,35.61344],[136.04068,35.61331]]]}},{"type":"Feature","properties":{"pid":"b7c9d517-5c06-4723-9036-1f5b7e5bc78e","full":4.1},"geometry":{"type":"Polygon","coordinates":[[[136.04049,35.61317],[136.03986,35.61328],[136.0399,35.61344],[136.04063,35.6133],[136.04049,35.61317]]]}},{"type":"Feature","properties":{"pid":"3575d12a-1c18-40d6-bc58-0d6ce89b0ab1","full":5.9},"geometry":{"type":"Polygon","coordinates":[[[136.03984,35.61346],[136.03903,35.61361],[136.03907,35.61378],[136.03989,35.61363],[136.03984,35.61346]]]}},{"type":"Feature","properties":{"pid":"be9690c9-3096-4043-a473-30fcc7f06169","full":5.0},"geometry":{"type":"Polygon","coordinates":[[[136.03979,35.61329],[136.03899,35.61344],[136.03903,35.61359],[136.03984,35.61344],[136.03979,35.61329]]]}},{"type":"Feature","properties":{"pid":"7166609f-4978-487b-98b9-e9912fb0c192","full":5.4},"geometry":{"type":"Polygon","coordinates":[[[136.03974,35.61311],[136.03893,35.61327],[136.03897,35.61343],[136.03979,35.61327],[136.03974,35.61311]]]}},{"type":"Feature","properties":{"pid":"5ffece05-0541-43a2-aa6c-21928be012c6","full":6.4},"geometry":{"type":"Polygon","coordinates":[[[136.04045,35.61264],[136.03982,35.61254],[136.0397,35.6127],[136.03971,35.61273],[136.04041,35.61283],[136.04045,35.61264]]]}},{"type":"Feature","properties":{"pid":"5d61bfe2-d7b0-48db-ada6-50bdf833a9c4","full":7.3},"geometry":{"type":"Polygon","coordinates":[[[136.04041,35.61286],[136.03971,35.61275],[136.03971,35.6128],[136.03976,35.61298],[136.0398,35.61308],[136.04038,35.61298],[136.04041,35.61293],[136.04041,35.61286]]]}},{"type":"Feature","properties":{"pid":"3a842839-0379-4449-870a-321e625299e5","full":2.8},"geometry":{"type":"Polygon","coordinates":[[[136.04033,35.61301],[136.03981,35.61311],[136.03984,35.61326],[136.04038,35.61316],[136.04033,35.61301]]]}},{"type":"Feature","properties":{"pid":"6dcccdca-8180-467d-bb46-e8aa05c06c73","full":2.6},"geometry":{"type":"Polygon","coordinates":[[[136.04109,35.61428],[136.04127,35.61428],[136.0414,35.61424],[136.04147,35.61422],[136.04144,35.61408],[136.04131,35.61406],[136.04105,35.61413],[136.04109,35.61428]]]}},{"type":"Feature","properties":{"pid":"7920f144-ea62-44b2-8863-17167369efb6","full":9.1},"geometry":{"type":"Polygon","coordinates":[[[136.04134,35.61515],[136.0422,35.61504],[136.04221,35.61502],[136.04221,35.61496],[136.04219,35.61486],[136.04217,35.61481],[136.04212,35.61482],[136.0413,35.61499],[136.04126,35.61502],[136.04124,35.61504],[136.04124,35.61508],[136.04126,35.61513],[136.04134,35.61515]]]}},{"type":"Feature","properties":{"pid":"e20beee8-d56d-4b42-b3ee-9b6ddee0615d","full":4.0},"geometry":{"type":"Polygon","coordinates":[[[136.04036,35.61509],[136.04114,35.61495],[136.04112,35.61481],[136.04032,35.61495],[136.04036,35.61509]]]}},{"type":"Feature","properties":{"pid":"419dc462-c7be-48db-8765-1bf221b960db","full":5.9},"geometry":{"type":"Polygon","coordinates":[[[136.04031,35.61492],[136.04111,35.61478],[136.04107,35.61461],[136.04027,35.61476],[136.04031,35.61492]]]}},{"type":"Feature","properties":{"pid":"7b6c8906-5580-441d-86fe-35e7431a3219","full":5.2},"geometry":{"type":"Polygon","coordinates":[[[136.04026,35.61475],[136.04107,35.61459],[136.04105,35.6145],[136.04103,35.61443],[136.04023,35.61459],[136.04026,35.61475]]]}},{"type":"Feature","properties":{"pid":"8e3452d1-6c17-402e-820c-37aba4224be1","full":1.5},"geometry":{"type":"Polygon","coordinates":[[[136.04022,35.61458],[136.04102,35.61442],[136.04099,35.61431],[136.04071,35.61437],[136.04019,35.61447],[136.04022,35.61458]]]}},{"type":"Feature","properties":{"pid":"895b7b35-670f-4fde-a85a-a372e65ab153","full":8.8},"geometry":{"type":"Polygon","coordinates":[[[136.04019,35.61446],[136.04099,35.6143],[136.04094,35.6141],[136.04015,35.61424],[136.04013,35.61426],[136.04019,35.61446]]]}},{"type":"Feature","properties":{"pid":"1ba32910-f6ed-4994-9b21-cf0d9683769d","full":5.2},"geometry":{"type":"Polygon","coordinates":[[[136.0401,35.61443],[136.03929,35.61458],[136.03933,35.61474],[136.04014,35.61459],[136.0401,35.61443]]]}},{"type":"Feature","properties":{"pid":"f73d418a-0f32-4050-8672-cee765de8754","full":5.1},"geometry":{"type":"Polygon","coordinates":[[[136.04005,35.61427],[136.03925,35.6144],[136.03929,35.61457],[136.04009,35.61441],[136.04005,35.61427]]]}},{"type":"Feature","properties":{"pid":"7b15933c-0f19-4333-9296-c30511833067","full":4.6},"geometry":{"type":"Polygon","coordinates":[[[136.04015,35.61461],[136.03934,35.61476],[136.03938,35.61491],[136.04019,35.61476],[136.04015,35.61461]]]}},{"type":"Feature","properties":{"pid":"93405cf0-53b0-4b8e-a549-01c7167b47b9","full":5.0},"geometry":{"type":"Polygon","coordinates":[[[136.0402,35.61478],[136.03938,35.61493],[136.03942,35.61508],[136.04024,35.61493],[136.0402,35.61478]]]}},{"type":"Feature","properties":{"pid":"007fc7b6-8a21-443b-bbc2-760f44092cae","full":5.3},"geometry":{"type":"Polygon","coordinates":[[[136.03958,35.61562],[136.04039,35.61546],[136.04034,35.6153],[136.03953,35.61547],[136.03958,35.61562]]]}},{"type":"Feature","properties":{"pid":"ad29ff33-4f1a-4993-9de5-27b260f665cf","full":5.1},"geometry":{"type":"Polygon","coordinates":[[[136.04024,35.61495],[136.03944,35.61511],[136.03948,35.61526],[136.0403,35.61511],[136.04024,35.61495]]]}},{"type":"Feature","properties":{"pid":"f0181592-0ac1-4a5b-8674-6474d4720b0f","full":5.4},"geometry":{"type":"Polygon","coordinates":[[[136.03953,35.61545],[136.04034,35.61528],[136.0403,35.61513],[136.03949,35.61528],[136.03953,35.61545]]]}},{"type":"Feature","properties":{"pid":"681b1887-a770-491f-9df0-7f2f475cedc9","full":5.0},"geometry":{"type":"Polygon","coordinates":[[[136.04044,35.61564],[136.03964,35.61581],[136.0397,35.61596],[136.04049,35.6158],[136.04044,35.61564]]]}},{"type":"Feature","properties":{"pid":"f4702f47-24ea-4756-88d3-13d3753c2eca","full":5.1},"geometry":{"type":"Polygon","coordinates":[[[136.0404,35.61547],[136.03959,35.61564],[136.03964,35.61579],[136.04045,35.61563],[136.0404,35.61547]]]}},{"type":"Feature","properties":{"pid":"52fd599d-c286-47ba-a3a1-2453717627a2","full":0.8},"geometry":{"type":"Polygon","coordinates":[[[136.04051,35.61564],[136.04062,35.61598],[136.04064,35.61598],[136.04071,35.61597],[136.04073,35.61595],[136.04069,35.61573],[136.04069,35.61561],[136.04068,35.61561],[136.04051,35.61564]]]}},{"type":"Feature","properties":{"pid":"b59ff90f-d8f0-4328-bd17-117ecc695d9d","full":1.5},"geometry":{"type":"Polygon","coordinates":[[[136.04052,35.61561],[136.04073,35.61557],[136.04086,35.61548],[136.04112,35.6154],[136.04112,35.61533],[136.04048,35.61546],[136.04048,35.61547],[136.04052,35.61561]]]}},{"type":"Feature","properties":{"pid":"19686bbc-7f6e-432b-a228-70de3defdc94","full":3.0},"geometry":{"type":"Polygon","coordinates":[[[136.04048,35.61543],[136.04112,35.61531],[136.04112,35.61517],[136.04045,35.61529],[136.04044,35.6153],[136.04044,35.61533],[136.04048,35.61543]]]}},{"type":"Feature","properties":{"pid":"f1a9e55d-4b49-46ef-8129-d55fb15670b1","full":4.4},"geometry":{"type":"Polygon","coordinates":[[[136.04043,35.61527],[136.04113,35.61515],[136.04112,35.615],[136.04111,35.61498],[136.04067,35.61507],[136.0404,35.61511],[136.04038,35.61513],[136.04043,35.61527]]]}},{"type":"Feature","properties":{"pid":"6207f818-2aa7-4b36-bfc2-bd73db8fbadd","full":1.3},"geometry":{"type":"Polygon","coordinates":[[[136.04224,35.61505],[136.04124,35.61518],[136.04123,35.61522],[136.04123,35.61528],[136.04169,35.61523],[136.04225,35.61516],[136.04224,35.61505]]]}},{"type":"Feature","properties":{"pid":"b7151ff5-847f-49db-ae16-ad29171dd402","full":5.5},"geometry":{"type":"Polygon","coordinates":[[[136.04236,35.61583],[136.04234,35.6157],[136.04233,35.61569],[136.04153,35.61579],[136.04153,35.61582],[136.04161,35.61594],[136.04166,35.61594],[136.04224,35.61587],[136.04236,35.61585],[136.04236,35.61583]]]}},{"type":"Feature","properties":{"pid":"57290992-e3ca-4943-9847-61103ccffaa0","full":4.1},"geometry":{"type":"Polygon","coordinates":[[[136.04231,35.61552],[136.04164,35.61559],[136.04164,35.6156],[136.04167,35.61565],[136.04166,35.61568],[136.04164,35.6157],[136.04158,35.61573],[136.04157,35.61576],[136.04155,35.61576],[136.04234,35.61568],[136.04233,35.6156],[136.04231,35.61552]]]}},{"type":"Feature","properties":{"pid":"1a7115da-0536-4190-86f7-ce5e4231ac93","full":4.1},"geometry":{"type":"Polygon","coordinates":[[[136.04326,35.61577],[136.04246,35.61587],[136.04248,35.616],[136.0425,35.61601],[136.0433,35.61592],[136.04329,35.61585],[136.04326,35.61577]]]}},{"type":"Feature","properties":{"pid":"2208b831-587b-41c7-a23d-728ea8373483","full":5.3},"geometry":{"type":"Polygon","coordinates":[[[136.04323,35.61559],[136.04243,35.61567],[136.04245,35.61582],[136.04247,35.61584],[136.04326,35.61575],[136.04325,35.61568],[136.04323,35.61559]]]}},{"type":"Feature","properties":{"pid":"ff467e51-2d12-49e2-9b80-61de8eb62858","full":4.1},"geometry":{"type":"Polygon","coordinates":[[[136.04319,35.61541],[136.04241,35.6155],[136.04241,35.61553],[136.04244,35.61553],[136.04244,35.61556],[136.04241,35.61558],[136.04242,35.61564],[136.04244,35.61564],[136.04323,35.61556],[136.04319,35.61541]]]}},{"type":"Feature","properties":{"pid":"665faca9-4749-4c80-9444-b8514055718c","full":5.3},"geometry":{"type":"Polygon","coordinates":[[[136.0432,35.61539],[136.04316,35.61522],[136.04238,35.61532],[136.04241,35.61548],[136.0432,35.61539]]]}},{"type":"Feature","properties":{"pid":"d909bf4a-0434-45d6-af25-3139c37d9ffe","full":5.7},"geometry":{"type":"Polygon","coordinates":[[[136.04313,35.61496],[136.04231,35.61506],[136.04234,35.61523],[136.04315,35.61512],[136.04313,35.61496]]]}},{"type":"Feature","properties":{"pid":"d575103b-e233-4d91-a987-64684f0ad63b","full":5.3},"geometry":{"type":"Polygon","coordinates":[[[136.04148,35.61543],[136.04148,35.61547],[136.04157,35.61558],[136.04228,35.6155],[136.0423,35.61549],[136.04231,35.61546],[136.0423,35.61537],[136.04227,35.61534],[136.04224,35.61533],[136.04148,35.61543]]]}},{"type":"Feature","properties":{"pid":"55bc10c9-f292-4e4e-917f-c1c85e529191","full":2.8},"geometry":{"type":"Polygon","coordinates":[[[136.04264,35.61413],[136.0426,35.61414],[136.04262,35.6142],[136.04249,35.61421],[136.04247,35.61413],[136.04197,35.61418],[136.04201,35.61435],[136.04277,35.61425],[136.04265,35.61416],[136.04266,35.61414],[136.04264,35.61413]]]}},{"type":"Feature","properties":{"pid":"7c08a09f-6164-4134-ae63-378186bb5dcf","full":4.6},"geometry":{"type":"Polygon","coordinates":[[[136.04305,35.61442],[136.04232,35.61451],[136.04232,35.6146],[136.0423,35.61468],[136.04306,35.61459],[136.04307,35.61457],[136.04305,35.61442]]]}},{"type":"Feature","properties":{"pid":"848da6d4-a7d4-444f-8a41-3b6acbede76c","full":3.9},"geometry":{"type":"Polygon","coordinates":[[[136.04281,35.61426],[136.04202,35.61437],[136.04202,35.61438],[136.04203,35.6144],[136.04205,35.6144],[136.04211,35.61438],[136.04216,35.61437],[136.04223,35.61437],[136.04227,35.61439],[136.04229,35.61442],[136.04232,35.61449],[136.04302,35.6144],[136.04303,35.61438],[136.04281,35.61426]]]}},{"type":"Feature","properties":{"pid":"2c8660a5-ebed-4cb0-bb98-3991f4cf5c5d","full":4.5},"geometry":{"type":"Polygon","coordinates":[[[136.04226,35.61475],[136.04228,35.61485],[136.04308,35.61476],[136.04309,35.61474],[136.04308,35.61462],[136.04306,35.6146],[136.0423,35.6147],[136.04227,35.61472],[136.04226,35.61475]]]}},{"type":"Feature","properties":{"pid":"43ff4894-53a6-40db-b719-f7ce5b743cce","full":5.8},"geometry":{"type":"Polygon","coordinates":[[[136.04311,35.61478],[136.04228,35.61486],[136.04231,35.61504],[136.04313,35.61494],[136.04311,35.61478]]]}},{"type":"Feature","properties":{"pid":"fa474655-19a4-4507-bd02-0d3c443db7b1","full":5.0},"geometry":{"type":"Polygon","coordinates":[[[136.04403,35.6149],[136.04327,35.61498],[136.0433,35.61515],[136.04406,35.61506],[136.04403,35.6149]]]}},{"type":"Feature","properties":{"pid":"1cdc29ab-a1be-4151-adcf-fc5f1c581228","full":3.2},"geometry":{"type":"Polygon","coordinates":[[[136.04399,35.61484],[136.04381,35.61481],[136.04363,35.61476],[136.04324,35.6148],[136.04326,35.61496],[136.04401,35.61488],[136.04399,35.61484]]]}},{"type":"Feature","properties":{"pid":"79fbf414-cb03-49a9-a5f6-cba77f5fd681","full":1.0},"geometry":{"type":"Polygon","coordinates":[[[136.04323,35.61477],[136.04354,35.61474],[136.04355,35.61471],[136.04347,35.61467],[136.04339,35.61459],[136.0432,35.61462],[136.04323,35.61477]]]}},{"type":"Feature","properties":{"pid":"d93d94f6-b59f-41d1-b3e3-25c15a6f0cba","full":4.8},"geometry":{"type":"Polygon","coordinates":[[[136.04406,35.61513],[136.04323,35.61523],[136.04326,35.61538],[136.04409,35.61528],[136.04406,35.61513]]]}},{"type":"Feature","properties":{"pid":"40e4608d-4228-4bff-8c13-d7ca3f280555","full":4.4},"geometry":{"type":"Polygon","coordinates":[[[136.04409,35.61531],[136.04327,35.61541],[136.04329,35.61556],[136.04411,35.61545],[136.04409,35.61531]]]}},{"type":"Feature","properties":{"pid":"d5674547-e480-44d9-bd01-2aae339e5226","full":4.6},"geometry":{"type":"Polygon","coordinates":[[[136.04413,35.61548],[136.04331,35.61559],[136.04333,35.61574],[136.04415,35.61564],[136.04413,35.61548]]]}},{"type":"Feature","properties":{"pid":"8d8d085a-db16-4d84-9c34-c180faec14ab","full":4.4},"geometry":{"type":"Polygon","coordinates":[[[136.04417,35.61566],[136.04335,35.61576],[136.04338,35.61592],[136.04418,35.61581],[136.04417,35.61566]]]}},{"type":"Feature","properties":{"pid":"13afb4cc-1601-4ea3-bba7-d0c1787bd98a","full":3.5},"geometry":{"type":"Polygon","coordinates":[[[136.04424,35.61565],[136.04428,35.61595],[136.04454,35.6158],[136.04478,35.61559],[136.04424,35.61565]]]}},{"type":"Feature","properties":{"pid":"4f4e5e94-8739-4073-a3d0-d047ca0b36ca","full":5.5},"geometry":{"type":"Polygon","coordinates":[[[136.04448,35.61598],[136.0451,35.616],[136.04513,35.61596],[136.04492,35.61565],[136.0449,35.61564],[136.04487,35.61565],[136.04462,35.61587],[136.04448,35.61596],[136.04448,35.61598]]]}},{"type":"Feature","properties":{"pid":"519aaadd-afba-4336-8b15-444f0d88ed17","full":3.8},"geometry":{"type":"Polygon","coordinates":[[[136.04424,35.61563],[136.04482,35.61556],[136.045,35.61541],[136.04499,35.61538],[136.04421,35.61547],[136.04424,35.61563]]]}},{"type":"Feature","properties":{"pid":"eb3cb4d9-4a5b-4c58-afe6-a045be91695c","full":5.4},"geometry":{"type":"Polygon","coordinates":[[[136.0442,35.61547],[136.04504,35.61537],[136.0449,35.61525],[136.04484,35.61521],[136.04417,35.6153],[136.0442,35.61547]]]}},{"type":"Feature","properties":{"pid":"2912965e-d08d-4986-8dfb-6795d6aa09ff","full":3.6},"geometry":{"type":"Polygon","coordinates":[[[136.04473,35.61506],[136.04426,35.61511],[136.04416,35.61514],[136.04418,35.61529],[136.04484,35.61519],[136.04489,35.6152],[136.04491,35.61518],[136.04473,35.61506]]]}},{"type":"Feature","properties":{"pid":"86d2ca2b-089f-482c-abd7-f13a07fb6e2d","full":7.6},"geometry":{"type":"Polygon","coordinates":[[[136.04599,35.61605],[136.04599,35.61601],[136.04579,35.61592],[136.04554,35.6157],[136.04539,35.61578],[136.0453,35.61586],[136.04525,35.61594],[136.04519,35.61596],[136.04515,35.61605],[136.04599,35.61605]]]}},{"type":"Feature","properties":{"pid":"70e69839-f5db-4d66-8621-ed26700136d2","full":1.3},"geometry":{"type":"Polygon","coordinates":[[[136.04596,35.61575],[136.04586,35.61589],[136.04611,35.61599],[136.0462,35.61585],[136.04597,35.61575],[136.04596,35.61575]]]}},{"type":"Feature","properties":{"pid":"dfd0a0f3-caa5-419e-961b-78c4a4afa93e","full":0.6},"geometry":{"type":"Polygon","coordinates":[[[136.04632,35.61563],[136.04633,35.61564],[136.04647,35.61565],[136.04649,35.61551],[136.0465,35.61548],[136.04654,35.61543],[136.04649,35.61536],[136.04645,35.61538],[136.04633,35.61549],[136.04632,35.61563]]]}},{"type":"Feature","properties":{"pid":"67ba21c8-08cb-44be-822b-4b20d36e77e9","full":0.5},"geometry":{"type":"Polygon","coordinates":[[[136.0467,35.6152],[136.04672,35.6152],[136.04683,35.61517],[136.04688,35.61514],[136.04692,35.61511],[136.04689,35.615],[136.04669,35.61506],[136.04671,35.61516],[136.0467,35.6152]]]}},{"type":"Feature","properties":{"pid":"f12d0afe-a65a-4f64-985a-60c55d58ac54","full":3.4},"geometry":{"type":"Polygon","coordinates":[[[136.04459,35.61485],[136.0441,35.61485],[136.04412,35.61494],[136.04415,35.61504],[136.04466,35.61498],[136.04475,35.61495],[136.04477,35.61493],[136.04478,35.61491],[136.04476,35.61489],[136.04459,35.61485]]]}},{"type":"Feature","properties":{"pid":"f7f1c106-2418-4e1e-96a0-a0438c710791","full":6.5},"geometry":{"type":"Polygon","coordinates":[[[136.04661,35.61236],[136.0462,35.61242],[136.04622,35.61254],[136.04627,35.61271],[136.0463,35.61276],[136.04652,35.61266],[136.04663,35.61273],[136.04664,35.61272],[136.04667,35.61264],[136.04664,35.61264],[136.04663,35.61243],[136.04661,35.61236]]]}},{"type":"Feature","properties":{"pid":"269c86e3-5caf-4ca9-8ff6-f46a7fa20457","full":6.0},"geometry":{"type":"Polygon","coordinates":[[[136.04549,35.61255],[136.04553,35.61258],[136.04554,35.61261],[136.04553,35.61264],[136.04551,35.61268],[136.04551,35.61272],[136.04558,35.61282],[136.0456,35.61286],[136.04562,35.61287],[136.04565,35.61286],[136.04578,35.61272],[136.04586,35.61267],[136.04591,35.61265],[136.04611,35.6126],[136.0461,35.61258],[136.04613,35.61257],[136.04611,35.61248],[136.04606,35.61245],[136.04604,35.61245],[136.04549,35.61254],[136.04549,35.61255]]]}},{"type":"Feature","properties":{"pid":"c5ae6f27-1802-4bae-a756-73a9c6642773","full":2.8},"geometry":{"type":"Polygon","coordinates":[[[136.04233,35.61397],[136.04188,35.61402],[136.04188,35.61405],[136.04196,35.61417],[136.0426,35.61409],[136.04233,35.61397]]]}},{"type":"Feature","properties":{"pid":"efb91fb1-bf26-42c3-909c-4853b37be666","full":0.6},"geometry":{"type":"Polygon","coordinates":[[[136.04228,35.61394],[136.04206,35.61384],[136.04194,35.61384],[136.0419,35.61388],[136.04189,35.614],[136.04228,35.61394]]]}},{"type":"Feature","properties":{"pid":"7e1745d8-2130-42ca-ae7c-5978c2f359a5","full":7.1},"geometry":{"type":"Polygon","coordinates":[[[136.04345,35.61099],[136.044,35.61047],[136.04393,35.61038],[136.04385,35.61038],[136.04381,35.61039],[136.04367,35.61052],[136.04325,35.6109],[136.04325,35.61093],[136.04339,35.61101],[136.04341,35.61101],[136.04345,35.61099]]]}},{"type":"Feature","properties":{"pid":"c5456482-92b2-4e1a-b992-5cefb905e254","full":5.8},"geometry":{"type":"Polygon","coordinates":[[[136.04545,35.61187],[136.04582,35.61182],[136.04577,35.61159],[136.04575,35.61157],[136.0453,35.61165],[136.04532,35.61171],[136.04531,35.61176],[136.04527,35.61185],[136.04527,35.61188],[136.04545,35.61187]]]}},{"type":"Feature","properties":{"pid":"4cad7225-efd6-413a-bab0-a414dba49cd7","full":9.5},"geometry":{"type":"Polygon","coordinates":[[[136.04526,35.61216],[136.04529,35.61223],[136.04531,35.61226],[136.0454,35.61225],[136.04538,35.61216],[136.04544,35.61215],[136.04544,35.61216],[136.04591,35.61211],[136.04584,35.61184],[136.04525,35.61191],[136.04524,35.61206],[136.04526,35.61216]]]}},{"type":"Feature","properties":{"pid":"93e92e6b-561f-4d8c-a0bf-73a461c6f9df","full":5.8},"geometry":{"type":"Polygon","coordinates":[[[136.04596,35.61232],[136.04591,35.61213],[136.04589,35.61212],[136.04539,35.61218],[136.04543,35.61238],[136.04545,35.61239],[136.04547,35.6124],[136.0456,35.61239],[136.04592,35.61235],[136.04592,35.61232],[136.04596,35.61232]]]}},{"type":"Feature","properties":{"pid":"b5186320-b0d9-4eef-ba3d-ea9549631649","full":9.0},"geometry":{"type":"Polygon","coordinates":[[[136.04613,35.61229],[136.04622,35.61234],[136.04669,35.61229],[136.04672,35.61225],[136.0467,35.61201],[136.04611,35.61208],[136.04609,35.61211],[136.04609,35.61213],[136.04613,35.61229]]]}},{"type":"Feature","properties":{"pid":"b644ef18-dd41-40ba-a607-aafc3b60f5e3","full":4.8},"geometry":{"type":"Polygon","coordinates":[[[136.04605,35.61204],[136.04607,35.61205],[136.04608,35.61207],[136.0461,35.61207],[136.04665,35.612],[136.04665,35.61181],[136.04604,35.61188],[136.04603,35.61189],[136.04605,35.61204]]]}},{"type":"Feature","properties":{"pid":"38cfff2e-e9ba-4bdb-8e90-20e59db496c7","full":7.2},"geometry":{"type":"Polygon","coordinates":[[[136.04604,35.61187],[136.04677,35.61178],[136.04679,35.61173],[136.04679,35.61166],[136.04676,35.6116],[136.04675,35.61158],[136.046,35.61168],[136.04599,35.61169],[136.046,35.61177],[136.04604,35.61187]]]}},{"type":"Feature","properties":{"pid":"4589fce9-281b-4c20-bb09-a989e52afb24","full":1.8},"geometry":{"type":"Polygon","coordinates":[[[136.04598,35.61167],[136.0467,35.61158],[136.04674,35.61157],[136.04674,35.61156],[136.0467,35.61148],[136.04667,35.61147],[136.04658,35.61148],[136.04596,35.61155],[136.04598,35.61167]]]}},{"type":"Feature","properties":{"pid":"c2693cdc-77d4-48d3-ab17-e787ff73a53d","full":3.7},"geometry":{"type":"Polygon","coordinates":[[[136.04594,35.61144],[136.0466,35.61136],[136.04659,35.61133],[136.04655,35.6113],[136.04651,35.61128],[136.04634,35.61125],[136.04618,35.61124],[136.0461,35.61114],[136.04598,35.61116],[136.04597,35.61117],[136.04594,35.61134],[136.04594,35.61144]]]}},{"type":"Feature","properties":{"pid":"5f5e1e88-bd99-4051-acad-e48e2ee0d1b9","full":15.7},"geometry":{"type":"Polygon","coordinates":[[[136.04693,35.61059],[136.0464,35.61065],[136.04639,35.61066],[136.04639,35.61068],[136.04659,35.61083],[136.04662,35.61097],[136.04667,35.61105],[136.0467,35.6111],[136.04672,35.6111],[136.04699,35.61149],[136.04709,35.61148],[136.04693,35.61059]]]}},{"type":"Feature","properties":{"pid":"e4b1610a-db88-4a27-b420-009ce0c64cc7","full":4.1},"geometry":{"type":"Polygon","coordinates":[[[136.04574,35.61128],[136.04576,35.61109],[136.04541,35.61108],[136.04538,35.61111],[136.04532,35.61119],[136.04527,35.61132],[136.04528,35.61133],[136.04531,35.61134],[136.04574,35.61128]]]}},{"type":"Feature","properties":{"pid":"9255581b-b5c1-44f7-b3d4-084c6040ecf9","full":5.8},"geometry":{"type":"Polygon","coordinates":[[[136.04526,35.61156],[136.04528,35.6116],[136.04531,35.6116],[136.04574,35.61155],[136.04575,35.61154],[136.04573,35.61142],[136.04574,35.61132],[136.04571,35.61131],[136.04527,35.61137],[136.04526,35.61137],[136.04524,35.61149],[136.04526,35.61156]]]}},{"type":"Feature","properties":{"pid":"12b5a952-9de2-427c-879f-d6e297f29875","full":1.0},"geometry":{"type":"Polygon","coordinates":[[[136.04455,35.61067],[136.04458,35.6107],[136.04465,35.61071],[136.04472,35.61069],[136.04482,35.61064],[136.04494,35.61061],[136.045,35.61058],[136.04489,35.61044],[136.04455,35.61067]]]}},{"type":"Feature","properties":{"pid":"6b7510d3-740c-4c79-ba52-a5b79cd84b26","full":19.0},"geometry":{"type":"Polygon","coordinates":[[[136.04546,35.61061],[136.04578,35.61056],[136.04595,35.61059],[136.04601,35.61058],[136.04617,35.61026],[136.04553,35.61005],[136.04547,35.61022],[136.0454,35.61046],[136.04546,35.61061]]]}},{"type":"Feature","properties":{"pid":"b2bc9a65-032a-4155-80b1-03787c544ecd","full":0.8},"geometry":{"type":"Polygon","coordinates":[[[136.04636,35.61059],[136.04657,35.61057],[136.04651,35.61014],[136.04646,35.61025],[136.04637,35.61055],[136.04636,35.61059]]]}},{"type":"Feature","properties":{"pid":"394c101b-9ef2-43c7-9b9d-fcbbc0665ebb","full":7.4},"geometry":{"type":"Polygon","coordinates":[[[136.04694,35.61052],[136.0468,35.60978],[136.04679,35.60975],[136.04662,35.60997],[136.04661,35.61003],[136.0467,35.61056],[136.04694,35.61052]]]}},{"type":"Feature","properties":{"pid":"1e3d1ed7-a553-42df-b970-0b851740ab2c","full":9.0},"geometry":{"type":"Polygon","coordinates":[[[136.04646,35.6098],[136.0458,35.60958],[136.04577,35.60962],[136.04569,35.6098],[136.0457,35.60982],[136.04632,35.61001],[136.0464,35.60987],[136.04646,35.6098]]]}},{"type":"Feature","properties":{"pid":"ddb227d9-9716-4461-a716-92917288074d","full":8.4},"geometry":{"type":"Polygon","coordinates":[[[136.04553,35.61004],[136.04618,35.61025],[136.0463,35.61004],[136.04566,35.60983],[136.04553,35.61002],[136.04553,35.61004]]]}},{"type":"Feature","properties":{"pid":"30388423-6565-41f1-8d8c-8f2056bb4452","full":0.7},"geometry":{"type":"Polygon","coordinates":[[[136.0459,35.60942],[136.04656,35.60964],[136.04658,35.60963],[136.04664,35.60962],[136.04665,35.6096],[136.04665,35.60957],[136.04661,35.60954],[136.04593,35.60933],[136.04592,35.60938],[136.04591,35.60939],[136.0459,35.60942]]]}},{"type":"Feature","properties":{"pid":"aab36880-def2-46a0-a714-bc5744b8fb47","full":4.4},"geometry":{"type":"Polygon","coordinates":[[[136.04644,35.60978],[136.04645,35.60975],[136.0465,35.60976],[136.04659,35.60966],[136.04658,35.60965],[136.04589,35.60943],[136.0458,35.60957],[136.04644,35.60978]]]}},{"type":"Feature","properties":{"pid":"fb638538-166b-49ec-a5fa-50be07bf6b87","full":9.0},"geometry":{"type":"Polygon","coordinates":[[[136.04596,35.60931],[136.0467,35.60954],[136.04673,35.60941],[136.04672,35.60928],[136.04666,35.60926],[136.04625,35.60914],[136.04619,35.60915],[136.04605,35.60921],[136.04597,35.60929],[136.04596,35.60931]]]}},{"type":"Feature","properties":{"pid":"1a8658ca-5b7d-4767-8e07-1a33e130d5ff","full":3.5},"geometry":{"type":"Polygon","coordinates":[[[136.04627,35.60912],[136.04669,35.60925],[136.04671,35.60924],[136.04673,35.60908],[136.04685,35.60886],[136.04683,35.60885],[136.04668,35.60892],[136.04655,35.60896],[136.04647,35.609],[136.04644,35.60907],[136.04632,35.6091],[136.04627,35.60912]]]}},{"type":"Feature","properties":{"pid":"6324c3c4-a0dd-4762-8d0b-2e0cad3da66b","full":1.7},"geometry":{"type":"Polygon","coordinates":[[[136.04492,35.60904],[136.04466,35.60918],[136.04477,35.6093],[136.04508,35.60918],[136.04492,35.60904]]]}},{"type":"Feature","properties":{"pid":"77fe0cc2-a419-4eb8-994e-15ea8b8fd762","full":1.6},"geometry":{"type":"Polygon","coordinates":[[[136.04454,35.60902],[136.04464,35.60915],[136.0449,35.60902],[136.04489,35.609],[136.04487,35.6089],[136.04487,35.60885],[136.04485,35.60884],[136.04454,35.60902]]]}},{"type":"Feature","properties":{"pid":"802a07ad-2c36-4f53-84e8-b0e53140836a","full":4.2},"geometry":{"type":"Polygon","coordinates":[[[136.04448,35.60906],[136.04378,35.60943],[136.04386,35.60952],[136.04389,35.60955],[136.04457,35.60918],[136.04448,35.60906]]]}},{"type":"Feature","properties":{"pid":"87ac3f46-daba-4dbf-87d1-193c5691e8b7","full":5.0},"geometry":{"type":"Polygon","coordinates":[[[136.04435,35.6089],[136.04365,35.60927],[136.04377,35.6094],[136.04446,35.60904],[136.04435,35.6089]]]}},{"type":"Feature","properties":{"pid":"1edc6db2-65d9-4b83-890e-6d586ce82751","full":4.6},"geometry":{"type":"Polygon","coordinates":[[[136.04422,35.60875],[136.04353,35.60912],[136.04364,35.60925],[136.04433,35.60888],[136.04422,35.60875]]]}},{"type":"Feature","properties":{"pid":"f4cb0a8f-ad46-46e5-8f49-61c3cdee83d9","full":5.0},"geometry":{"type":"Polygon","coordinates":[[[136.04291,35.60964],[136.04349,35.60934],[136.04358,35.60928],[136.04347,35.60916],[136.04302,35.60939],[136.04285,35.6095],[136.04284,35.60951],[136.04285,35.60953],[136.04291,35.60964]]]}},{"type":"Feature","properties":{"pid":"4cea0e25-7e37-44c4-9a4b-11fb44d29e87","full":3.5},"geometry":{"type":"Polygon","coordinates":[[[136.0436,35.60931],[136.04293,35.60966],[136.04295,35.6097],[136.04304,35.60977],[136.04368,35.60943],[136.04368,35.60941],[136.0436,35.60931]]]}},{"type":"Feature","properties":{"pid":"d16eb5fc-7139-4687-b39a-73882cc8dfcc","full":8.3},"geometry":{"type":"Polygon","coordinates":[[[136.0437,35.60949],[136.0431,35.6098],[136.0431,35.60982],[136.04336,35.60991],[136.04388,35.60972],[136.04387,35.60964],[136.04379,35.60954],[136.0437,35.60949]]]}},{"type":"Feature","properties":{"pid":"1cbbf07d-942e-4250-ad38-c36343bae6ca","full":2.2},"geometry":{"type":"Polygon","coordinates":[[[136.0446,35.60922],[136.0439,35.60957],[136.04397,35.60964],[136.04471,35.60934],[136.0446,35.60922]]]}},{"type":"Feature","properties":{"pid":"b4857a98-e53e-41c0-95b6-6770be987dc7","full":4.7},"geometry":{"type":"Polygon","coordinates":[[[136.04323,35.61089],[136.04378,35.61038],[136.04366,35.61033],[136.04359,35.61032],[136.04314,35.61073],[136.04311,35.61077],[136.04311,35.61079],[136.04322,35.61088],[136.04323,35.61089]]]}},{"type":"Feature","properties":{"pid":"4c7b36ff-7134-41f1-973c-ebf02af60609","full":2.9},"geometry":{"type":"Polygon","coordinates":[[[136.0431,35.61074],[136.04354,35.61033],[136.04349,35.61032],[136.0433,35.61032],[136.04298,35.61061],[136.043,35.61064],[136.04309,35.61073],[136.0431,35.61074]]]}},{"type":"Feature","properties":{"pid":"9a56b443-029f-469c-81ed-fd4841cc3ace","full":3.4},"geometry":{"type":"Polygon","coordinates":[[[136.04274,35.60979],[136.04225,35.60994],[136.04213,35.60998],[136.04224,35.61012],[136.04287,35.60989],[136.04274,35.60979]]]}},{"type":"Feature","properties":{"pid":"04240277-1653-4e20-af23-52d234c3a123","full":4.1},"geometry":{"type":"Polygon","coordinates":[[[136.0429,35.60991],[136.04227,35.61013],[136.04224,35.61014],[136.04226,35.61018],[136.04234,35.61028],[136.04304,35.61002],[136.0429,35.60991]]]}},{"type":"Feature","properties":{"pid":"3e290a88-fe9a-4b08-a10a-c029c8b25106","full":1.5},"geometry":{"type":"Polygon","coordinates":[[[136.04288,35.61048],[136.04288,35.6105],[136.04297,35.6106],[136.04328,35.61032],[136.04321,35.61025],[136.04315,35.61023],[136.04288,35.61048]]]}},{"type":"Feature","properties":{"pid":"6c167288-f64d-4d89-a661-5c048d0b493e","full":5.2},"geometry":{"type":"Polygon","coordinates":[[[136.04212,35.60995],[136.04271,35.60976],[136.04257,35.60961],[136.04199,35.60978],[136.04212,35.60995]]]}},{"type":"Feature","properties":{"pid":"2d32d1be-6486-4558-ac1b-cb49d5b423e5","full":0.5},"geometry":{"type":"Polygon","coordinates":[[[136.04334,35.60901],[136.04277,35.60933],[136.04281,35.6094],[136.04284,35.6094],[136.04334,35.60914],[136.04342,35.60909],[136.04334,35.60901]]]}},{"type":"Feature","properties":{"pid":"a6de8a27-f2b0-4911-a531-e38cf879462d","full":4.3},"geometry":{"type":"Polygon","coordinates":[[[136.04323,35.60886],[136.04258,35.60921],[136.04258,35.60922],[136.04262,35.60925],[136.04275,35.6093],[136.04335,35.60899],[136.04323,35.60886]]]}},{"type":"Feature","properties":{"pid":"5b264434-b64c-4c20-973d-6085259be67c","full":5.1},"geometry":{"type":"Polygon","coordinates":[[[136.0431,35.60869],[136.0426,35.60897],[136.04241,35.60909],[136.04236,35.60914],[136.04253,35.60919],[136.04312,35.60889],[136.0432,35.60882],[136.0431,35.60869]]]}},{"type":"Feature","properties":{"pid":"3b11eaf5-4f5c-43f5-a81c-5f4733acada6","full":6.8},"geometry":{"type":"Polygon","coordinates":[[[136.04085,35.6089],[136.04092,35.60901],[136.04096,35.60903],[136.04165,35.60888],[136.04158,35.60869],[136.04095,35.60884],[136.04085,35.6089]]]}},{"type":"Feature","properties":{"pid":"50367eec-36ec-42e3-adf6-9c2a0ba01c13","full":3.4},"geometry":{"type":"Polygon","coordinates":[[[136.04164,35.60908],[136.04166,35.60901],[136.04164,35.609],[136.04101,35.60911],[136.041,35.60913],[136.04106,35.60927],[136.04107,35.60927],[136.04163,35.60916],[136.04164,35.60908]]]}},{"type":"Feature","properties":{"pid":"830e92bd-15a2-432a-9eb8-247706c43e01","full":2.2},"geometry":{"type":"Polygon","coordinates":[[[136.04113,35.60942],[136.04155,35.60937],[136.04157,35.60931],[136.04158,35.60923],[136.04157,35.6092],[136.0411,35.60929],[136.0411,35.6093],[136.04111,35.60939],[136.04111,35.60941],[136.04113,35.60942]]]}},{"type":"Feature","properties":{"pid":"78bd53b5-1e30-4956-884c-8422738b35f6","full":0.9},"geometry":{"type":"Polygon","coordinates":[[[136.04113,35.60979],[136.04126,35.6098],[136.04129,35.60979],[136.04127,35.60961],[136.04128,35.60951],[136.04126,35.60946],[136.04124,35.60945],[136.04114,35.60946],[136.04112,35.60947],[136.04114,35.60966],[136.04113,35.60974],[136.04113,35.60979]]]}},{"type":"Feature","properties":{"pid":"b615370b-113b-41bc-a9bd-d84c64a51f52","full":1.1},"geometry":{"type":"Polygon","coordinates":[[[136.03918,35.60897],[136.03943,35.60902],[136.03945,35.60902],[136.03945,35.609],[136.03945,35.60885],[136.03924,35.6088],[136.03918,35.60897]]]}},{"type":"Feature","properties":{"pid":"8ec88c96-2abb-48e5-b754-df2cd796bafa","full":1.0},"geometry":{"type":"Polygon","coordinates":[[[136.03945,35.60924],[136.03948,35.60925],[136.03969,35.60925],[136.03978,35.60924],[136.03979,35.60923],[136.03975,35.6091],[136.03968,35.60909],[136.03952,35.60913],[136.03948,35.60919],[136.03946,35.6092],[136.03945,35.60922],[136.03945,35.60924]]]}},{"type":"Feature","properties":{"pid":"b3d39d29-c83f-421b-a628-f4bef8c74236","full":6.5},"geometry":{"type":"Polygon","coordinates":[[[136.03944,35.60933],[136.03946,35.60948],[136.03947,35.60949],[136.04025,35.60944],[136.04024,35.60941],[136.04026,35.60941],[136.04024,35.60926],[136.04017,35.60925],[136.03965,35.6093],[136.03946,35.6093],[136.03945,35.60931],[136.03944,35.60933]]]}},{"type":"Feature","properties":{"pid":"c3d9277e-7f2c-4d18-a27b-45b67f06f53d","full":2.8},"geometry":{"type":"Polygon","coordinates":[[[136.0402,35.60947],[136.03947,35.60951],[136.03946,35.60953],[136.03947,35.60963],[136.03949,35.60965],[136.0402,35.60959],[136.04021,35.60952],[136.0402,35.60947]]]}},{"type":"Feature","properties":{"pid":"c7775d73-c7df-489a-ad95-901887febaaf","full":4.6},"geometry":{"type":"Polygon","coordinates":[[[136.04028,35.60963],[136.03953,35.60969],[136.0395,35.60973],[136.03947,35.60986],[136.04032,35.60977],[136.04028,35.60963]]]}},{"type":"Feature","properties":{"pid":"9e3ed4f3-4c65-4fe7-b480-5468b7c49c98","full":2.3},"geometry":{"type":"Polygon","coordinates":[[[136.03993,35.60984],[136.03948,35.6099],[136.03945,35.60997],[136.03945,35.61004],[136.03946,35.61005],[136.03996,35.60999],[136.03994,35.60987],[136.03993,35.60984]]]}},{"type":"Feature","properties":{"pid":"dd6536bb-7f8c-491a-8a09-9f9930b2b2d5","full":1.5},"geometry":{"type":"Polygon","coordinates":[[[136.03969,35.61026],[136.03972,35.61006],[136.03953,35.61008],[136.03945,35.61008],[136.03941,35.61016],[136.03941,35.61023],[136.03969,35.61026]]]}},{"type":"Feature","properties":{"pid":"f11b6cd2-acc3-4a75-bf76-ca2b761a5409","full":2.1},"geometry":{"type":"Polygon","coordinates":[[[136.03941,35.61026],[136.0394,35.61029],[136.03939,35.61041],[136.03977,35.61046],[136.03982,35.61033],[136.03982,35.6103],[136.03941,35.61026]]]}},{"type":"Feature","properties":{"pid":"f45ebc55-ce9a-44c9-a946-0dc9f7c30081","full":1.2},"geometry":{"type":"Polygon","coordinates":[[[136.03936,35.61059],[136.03968,35.61062],[136.03975,35.61049],[136.03938,35.61045],[136.03936,35.61048],[136.03936,35.61059]]]}},{"type":"Feature","properties":{"pid":"686b8b17-afbf-4337-acb2-a5b87d24e44a","full":3.3},"geometry":{"type":"Polygon","coordinates":[[[136.04094,35.61041],[136.04081,35.61048],[136.04081,35.61055],[136.04085,35.61058],[136.04099,35.61066],[136.04119,35.61063],[136.04113,35.61037],[136.04094,35.61041]]]}},{"type":"Feature","properties":{"pid":"81d0b532-1c2f-4afc-809b-5d2bdc44c71c","full":3.6},"geometry":{"type":"Polygon","coordinates":[[[136.04119,35.61035],[136.04166,35.61026],[136.04164,35.61015],[136.04118,35.6101],[136.04114,35.6101],[136.04119,35.61035]]]}},{"type":"Feature","properties":{"pid":"fd981bc1-f591-488a-bbb8-f73b0f998a0e","full":5.8},"geometry":{"type":"Polygon","coordinates":[[[136.04123,35.61062],[136.04172,35.61049],[136.04166,35.61028],[136.04118,35.61037],[136.04123,35.61062]]]}},{"type":"Feature","properties":{"pid":"b6c29773-991e-498d-88b2-e7acb9041f4e","full":4.6},"geometry":{"type":"Polygon","coordinates":[[[136.04034,35.61137],[136.04032,35.61149],[136.04107,35.61155],[136.0411,35.61138],[136.04039,35.61134],[136.04034,35.61137]]]}},{"type":"Feature","properties":{"pid":"4a77c791-3703-442a-b590-b677803e3293","full":1.2},"geometry":{"type":"Polygon","coordinates":[[[136.04029,35.61174],[136.04055,35.61176],[136.04065,35.61179],[136.04074,35.61173],[136.04077,35.61173],[136.0408,35.61176],[136.04084,35.61177],[136.04103,35.61178],[136.04104,35.61168],[136.04031,35.61161],[136.04029,35.61174]]]}},{"type":"Feature","properties":{"pid":"40c1a75b-ce14-40a9-ba5e-3c0c4ce7acf8","full":1.4},"geometry":{"type":"Polygon","coordinates":[[[136.03993,35.61184],[136.04019,35.61183],[136.04022,35.61167],[136.03994,35.61166],[136.03993,35.61184]]]}},{"type":"Feature","properties":{"pid":"880a6e39-c1d2-432e-854f-8a0d828e011a","full":8.5},"geometry":{"type":"Polygon","coordinates":[[[136.03885,35.61235],[136.03977,35.61246],[136.03988,35.61231],[136.03988,35.61228],[136.03947,35.61224],[136.03893,35.61217],[136.03888,35.61217],[136.03885,35.61235]]]}},{"type":"Feature","properties":{"pid":"1bf897cb-548e-48ce-a573-fc5393e77c50","full":0.9},"geometry":{"type":"Polygon","coordinates":[[[136.03974,35.61135],[136.03974,35.61128],[136.03973,35.61122],[136.03949,35.61126],[136.03947,35.61138],[136.0396,35.6114],[136.03966,35.61139],[136.03974,35.61135]]]}},{"type":"Feature","properties":{"pid":"6eaaef2e-af8a-4925-bfe4-ff8a7f4556fe","full":1.1},"geometry":{"type":"Polygon","coordinates":[[[136.03972,35.61102],[136.03949,35.61108],[136.03948,35.61117],[136.03949,35.61125],[136.03973,35.61121],[136.03972,35.61102]]]}},{"type":"Feature","properties":{"pid":"d5e29e61-27b9-4373-8e51-258e4914911e","full":5.4},"geometry":{"type":"Polygon","coordinates":[[[136.03918,35.61089],[136.03869,35.61091],[136.03842,35.61097],[136.03825,35.61103],[136.03901,35.61113],[136.03911,35.61102],[136.03918,35.61097],[136.03919,35.6109],[136.03918,35.61089]]]}},{"type":"Feature","properties":{"pid":"8ac0ca6b-9536-43ca-b98a-50b73ccb120d","full":10.7},"geometry":{"type":"Polygon","coordinates":[[[136.03901,35.61115],[136.03816,35.61104],[136.03804,35.6111],[136.03802,35.61113],[136.03798,35.61121],[136.03802,35.61122],[136.03895,35.61138],[136.03901,35.61115]]]}},{"type":"Feature","properties":{"pid":"5ff77f17-c11e-4294-85ed-29fe6d754add","full":3.3},"geometry":{"type":"Polygon","coordinates":[[[136.03894,35.61142],[136.03799,35.61126],[136.03798,35.61128],[136.03802,35.61142],[136.03893,35.61153],[136.03894,35.61149],[136.03894,35.61142]]]}},{"type":"Feature","properties":{"pid":"2dd167d6-4872-401e-b2b1-d887e46beef1","full":3.9},"geometry":{"type":"Polygon","coordinates":[[[136.03889,35.61212],[136.03948,35.6122],[136.03947,35.61198],[136.0391,35.61199],[136.03894,35.61196],[136.03892,35.61195],[136.03889,35.61212]]]}},{"type":"Feature","properties":{"pid":"8cd9a3af-0cd0-498b-9f3e-287188b151d1","full":5.5},"geometry":{"type":"Polygon","coordinates":[[[136.0388,35.61212],[136.03885,35.61192],[136.03813,35.61187],[136.03811,35.61197],[136.03807,35.61202],[136.0388,35.61212]]]}},{"type":"Feature","properties":{"pid":"e116ea3d-d309-4bfb-b940-a7e15c540192","full":6.2},"geometry":{"type":"Polygon","coordinates":[[[136.03878,35.61232],[136.03881,35.61214],[136.038,35.61205],[136.03798,35.61218],[136.038,35.61223],[136.03878,35.61232]]]}},{"type":"Feature","properties":{"pid":"99bc19d8-ce40-4337-b107-537eb8da16a2","full":2.1},"geometry":{"type":"Polygon","coordinates":[[[136.03886,35.61174],[136.03807,35.61165],[136.03807,35.61166],[136.03813,35.61179],[136.03845,35.61181],[136.03857,35.61184],[136.03883,35.61185],[136.03886,35.61174]]]}},{"type":"Feature","properties":{"pid":"4ce4b297-9738-448f-8a0e-6bc33a5b1c9a","full":3.4},"geometry":{"type":"Polygon","coordinates":[[[136.03892,35.61157],[136.03802,35.61146],[136.03806,35.6116],[136.03891,35.61171],[136.03892,35.61157]]]}},{"type":"Feature","properties":{"pid":"4b29db2f-f29c-47d4-b289-5a173fece65f","full":1.8},"geometry":{"type":"Polygon","coordinates":[[[136.0379,35.61148],[136.0377,35.61152],[136.03777,35.61171],[136.03783,35.61182],[136.03799,35.61179],[136.0379,35.61148]]]}},{"type":"Feature","properties":{"pid":"81750d61-bd6c-4ad8-84d1-6a37b8a4e643","full":4.2},"geometry":{"type":"Polygon","coordinates":[[[136.0378,35.61201],[136.03715,35.61213],[136.03708,35.61227],[136.03708,35.61229],[136.03711,35.6123],[136.03783,35.61216],[136.03781,35.61209],[136.03781,35.61201],[136.0378,35.61201]]]}},{"type":"Feature","properties":{"pid":"3448c426-c1a9-41db-ba88-f93c7c657ac9","full":2.8},"geometry":{"type":"Polygon","coordinates":[[[136.03656,35.61247],[136.03669,35.61249],[136.03675,35.61251],[136.03689,35.61252],[136.03691,35.6125],[136.03706,35.61212],[136.03704,35.61211],[136.03654,35.61245],[136.03656,35.61247]]]}},{"type":"Feature","properties":{"pid":"b1c52472-713c-4a2e-88bc-9947ed8523d0","full":2.6},"geometry":{"type":"Polygon","coordinates":[[[136.037,35.61184],[136.03703,35.61186],[136.03723,35.61191],[136.0374,35.6119],[136.03775,35.61183],[136.03768,35.61168],[136.037,35.61184]]]}},{"type":"Feature","properties":{"pid":"e9466303-cc81-4825-aa9d-73dcaa6c7084","full":3.6},"geometry":{"type":"Polygon","coordinates":[[[136.03686,35.61177],[136.03691,35.61184],[136.03767,35.61166],[136.03763,35.61157],[136.03757,35.61146],[136.03716,35.61164],[136.03693,35.61176],[136.03686,35.61177]]]}},{"type":"Feature","properties":{"pid":"21f31b32-38d4-45cc-8deb-b7d7c68d2651","full":8.5},"geometry":{"type":"Polygon","coordinates":[[[136.03672,35.61158],[136.03682,35.61167],[136.03687,35.61174],[136.03693,35.61172],[136.03756,35.61144],[136.03747,35.61134],[136.03739,35.61129],[136.03701,35.61141],[136.03672,35.61158]]]}},{"type":"Feature","properties":{"pid":"c2fbe1ad-dc2e-46ec-8627-e0093141b590","full":4.0},"geometry":{"type":"Polygon","coordinates":[[[136.0384,35.61034],[136.03803,35.61029],[136.03803,35.61038],[136.038,35.6105],[136.038,35.61055],[136.03837,35.61057],[136.0384,35.61034]]]}},{"type":"Feature","properties":{"pid":"466d6069-9e92-4caa-b508-67efc36bf0ca","full":2.2},"geometry":{"type":"Polygon","coordinates":[[[136.03843,35.61015],[136.038,35.6101],[136.03794,35.61013],[136.03801,35.61026],[136.03842,35.6103],[136.03843,35.61015]]]}},{"type":"Feature","properties":{"pid":"e60f4a9c-3ff1-432e-9cdf-c75bdb2fc9c0","full":4.3},"geometry":{"type":"Polygon","coordinates":[[[136.03849,35.61034],[136.03847,35.61049],[136.03928,35.61058],[136.03931,35.61045],[136.03929,35.61043],[136.03849,35.61034]]]}},{"type":"Feature","properties":{"pid":"5ebe16cd-5616-44d7-b1f0-68e2057735ee","full":3.1},"geometry":{"type":"Polygon","coordinates":[[[136.03929,35.6106],[136.03846,35.61052],[136.03844,35.61063],[136.03844,35.61071],[136.03845,35.61072],[136.03928,35.61067],[136.03929,35.6106]]]}},{"type":"Feature","properties":{"pid":"fc92dbf4-c52d-44d0-b3e5-8c4311df4d5e","full":4.5},"geometry":{"type":"Polygon","coordinates":[[[136.03933,35.61026],[136.03851,35.61017],[136.03849,35.61032],[136.03931,35.6104],[136.03933,35.61026]]]}},{"type":"Feature","properties":{"pid":"4dec69b4-49e4-433f-ac91-d36e994a6f0b","full":4.7},"geometry":{"type":"Polygon","coordinates":[[[136.03936,35.61007],[136.03856,35.60998],[136.03854,35.61],[136.03852,35.61013],[136.03852,35.61014],[136.03934,35.61023],[136.03937,35.6101],[136.03936,35.61007]]]}},{"type":"Feature","properties":{"pid":"1f3da3ec-6de0-4cc1-a96d-e7a1ce3c4a75","full":4.6},"geometry":{"type":"Polygon","coordinates":[[[136.03943,35.60972],[136.03861,35.60963],[136.03858,35.60978],[136.0394,35.60987],[136.03943,35.60972]]]}},{"type":"Feature","properties":{"pid":"fbd49de7-862a-4670-8867-5a69a9642de9","full":4.3},"geometry":{"type":"Polygon","coordinates":[[[136.0394,35.6099],[136.03858,35.60981],[136.03856,35.60992],[136.03855,35.60995],[136.03904,35.61001],[136.03937,35.61004],[136.0394,35.6099]]]}},{"type":"Feature","properties":{"pid":"404f95af-2d17-483e-950e-39e9c5e0d9a8","full":1.7},"geometry":{"type":"Polygon","coordinates":[[[136.03846,35.60998],[136.03806,35.60993],[136.03804,35.60995],[136.03805,35.61002],[136.03801,35.61005],[136.03801,35.61007],[136.03844,35.61012],[136.03845,35.61009],[136.03846,35.60998]]]}},{"type":"Feature","properties":{"pid":"ee61f7ad-abe8-4e31-835f-9fccc2aca501","full":1.4},"geometry":{"type":"Polygon","coordinates":[[[136.0385,35.6098],[136.03813,35.60976],[136.03814,35.60981],[136.03813,35.60983],[136.03807,35.60989],[136.03848,35.60995],[136.0385,35.6098]]]}},{"type":"Feature","properties":{"pid":"e57e2332-2176-41b0-af39-310bac4eab2d","full":2.3},"geometry":{"type":"Polygon","coordinates":[[[136.03803,35.60959],[136.03811,35.60973],[136.03851,35.60977],[136.03853,35.60963],[136.03851,35.60962],[136.03805,35.60956],[136.03803,35.60959]]]}},{"type":"Feature","properties":{"pid":"bc4eee34-7c6b-49c3-9110-4a2c37b6fcf8","full":2.8},"geometry":{"type":"Polygon","coordinates":[[[136.03804,35.60954],[136.03853,35.60959],[136.03855,35.60958],[136.03856,35.60945],[136.03855,35.60944],[136.038,35.60938],[136.03798,35.60938],[136.03802,35.60951],[136.03804,35.60954]]]}},{"type":"Feature","properties":{"pid":"bd49ec68-0746-43f4-a6a9-cf8146e095ae","full":4.4},"geometry":{"type":"Polygon","coordinates":[[[136.03941,35.60954],[136.03864,35.60945],[136.03862,35.6096],[136.03943,35.60969],[136.03942,35.60958],[136.03941,35.60954]]]}},{"type":"Feature","properties":{"pid":"df13a0a9-869d-4b8c-81d3-fc2cc00a75e9","full":4.1},"geometry":{"type":"Polygon","coordinates":[[[136.03867,35.60927],[136.03865,35.60943],[136.03939,35.60951],[136.03941,35.60951],[136.0394,35.60942],[136.03938,35.60936],[136.03867,35.60927]]]}},{"type":"Feature","properties":{"pid":"af1d3556-6174-4ef5-8a42-b23f62bda055","full":0.8},"geometry":{"type":"Polygon","coordinates":[[[136.03869,35.60926],[136.03938,35.60935],[136.03937,35.6093],[136.0392,35.60927],[136.0391,35.60924],[136.03889,35.60914],[136.03882,35.60914],[136.03872,35.6091],[136.03869,35.6092],[136.03869,35.60926]]]}},{"type":"Feature","properties":{"pid":"01e056c6-9154-403a-b400-598a33d26cc6","full":4.5},"geometry":{"type":"Polygon","coordinates":[[[136.03874,35.60888],[136.03873,35.60895],[136.03874,35.60898],[136.03918,35.60919],[136.03934,35.60922],[136.03935,35.60921],[136.03937,35.6092],[136.03939,35.6092],[136.03946,35.60909],[136.03945,35.60905],[136.03944,35.60904],[136.03874,35.60888]]]}},{"type":"Feature","properties":{"pid":"e1c6ad26-a237-4869-a09f-474c3e1b7797","full":1.3},"geometry":{"type":"Polygon","coordinates":[[[136.03812,35.6087],[136.0381,35.60872],[136.03814,35.60878],[136.03822,35.60886],[136.03829,35.60894],[136.03839,35.60906],[136.03858,35.60903],[136.03862,35.60899],[136.03812,35.6087]]]}},{"type":"Feature","properties":{"pid":"fdc599f4-daec-4425-bcdb-2a9510d76e4e","full":3.4},"geometry":{"type":"Polygon","coordinates":[[[136.03859,35.60927],[136.03804,35.60919],[136.03795,35.60932],[136.03795,35.60934],[136.03801,35.60936],[136.03858,35.60942],[136.03859,35.60927]]]}},{"type":"Feature","properties":{"pid":"a75b2f3d-0015-47f7-b829-22e25ee6d19e","full":2.3},"geometry":{"type":"Polygon","coordinates":[[[136.03613,35.61217],[136.03674,35.61174],[136.03665,35.61164],[136.03603,35.61208],[136.03613,35.61217]]]}},{"type":"Feature","properties":{"pid":"a96873c1-4b85-43cb-8c92-a13ea3f68258","full":1.2},"geometry":{"type":"Polygon","coordinates":[[[136.03627,35.61226],[136.03677,35.6119],[136.03677,35.61188],[136.03678,35.61186],[136.03676,35.61183],[136.03672,35.61181],[136.0367,35.61181],[136.03617,35.61219],[136.03627,35.61226]]]}},{"type":"Feature","properties":{"pid":"ac64e07f-6ba3-4f0a-b9ad-78e0d02f0598","full":1.1},"geometry":{"type":"Polygon","coordinates":[[[136.03638,35.61236],[136.03695,35.61195],[136.03695,35.61194],[136.03694,35.61193],[136.03688,35.61192],[136.03683,35.61189],[136.0363,35.61227],[136.0363,35.61228],[136.03638,35.61236]]]}},{"type":"Feature","properties":{"pid":"859b1b7a-a320-4a7a-9d9d-ac883d10518e","full":4.6},"geometry":{"type":"Polygon","coordinates":[[[136.03685,35.6127],[136.03608,35.61283],[136.03607,35.61287],[136.0361,35.61299],[136.0369,35.61284],[136.03688,35.61274],[136.03685,35.6127]]]}},{"type":"Feature","properties":{"pid":"a6ce7c57-2a96-4521-9874-88542d7f061d","full":2.1},"geometry":{"type":"Polygon","coordinates":[[[136.03608,35.6128],[136.03684,35.61267],[136.03682,35.61264],[136.03645,35.61261],[136.03604,35.61264],[136.03602,35.61265],[136.03602,35.6127],[136.03605,35.6128],[136.03608,35.6128]]]}},{"type":"Feature","properties":{"pid":"86faf7c6-0716-4d42-847b-3ab65bbf490a","full":5.9},"geometry":{"type":"Polygon","coordinates":[[[136.03691,35.61286],[136.03611,35.61301],[136.03614,35.61315],[136.03616,35.61318],[136.03695,35.61303],[136.03691,35.61286]]]}},{"type":"Feature","properties":{"pid":"0ed1b26b-e705-476e-bded-61a3c8f96ac1","full":4.6},"geometry":{"type":"Polygon","coordinates":[[[136.03702,35.61325],[136.03698,35.6131],[136.03619,35.61324],[136.03618,35.61327],[136.03622,35.6134],[136.03702,35.61325]]]}},{"type":"Feature","properties":{"pid":"d8b896e5-72ce-47e5-8f1e-fb3e9e309a7f","full":2.0},"geometry":{"type":"Polygon","coordinates":[[[136.03568,35.61327],[136.03603,35.61319],[136.036,35.61304],[136.03562,35.61311],[136.03566,35.61325],[136.03568,35.61327]]]}},{"type":"Feature","properties":{"pid":"1649f348-6ed4-43d9-aa65-befc2f695c85","full":5.4},"geometry":{"type":"Polygon","coordinates":[[[136.03557,35.613],[136.03558,35.61301],[136.03558,35.61304],[136.0356,35.61306],[136.03563,35.61307],[136.03598,35.613],[136.03592,35.61273],[136.03557,35.6128],[136.03555,35.61283],[136.03557,35.613]]]}},{"type":"Feature","properties":{"pid":"6c395b44-652b-4237-9f56-48e42cf55597","full":6.2},"geometry":{"type":"Polygon","coordinates":[[[136.03553,35.61277],[136.03591,35.61271],[136.03589,35.6126],[136.03587,35.61248],[136.03582,35.61245],[136.03574,35.61243],[136.03562,35.61243],[136.03551,35.61248],[136.03548,35.61253],[136.03548,35.61257],[136.0355,35.61274],[136.03553,35.61274],[136.03553,35.61277]]]}},{"type":"Feature","properties":{"pid":"956504e0-1479-4e2f-b41c-ba2ffaa36928","full":3.8},"geometry":{"type":"Polygon","coordinates":[[[136.03502,35.61392],[136.03495,35.61399],[136.03477,35.61415],[136.03472,35.61418],[136.03468,35.61422],[136.03482,35.61432],[136.03509,35.61419],[136.03518,35.61414],[136.03517,35.61411],[136.03511,35.61402],[136.03504,35.61393],[136.03502,35.61392]]]}},{"type":"Feature","properties":{"pid":"435a5ad2-7b57-4031-91fe-70411f157075","full":1.3},"geometry":{"type":"Polygon","coordinates":[[[136.03534,35.6139],[136.0353,35.6138],[136.03519,35.61381],[136.03514,35.61384],[136.03509,35.61382],[136.03504,35.61389],[136.03514,35.61403],[136.03533,35.61395],[136.03534,35.61394],[136.03534,35.6139]]]}},{"type":"Feature","properties":{"pid":"41d0a0b5-a747-49d3-86a0-3efe3112805f","full":2.8},"geometry":{"type":"Polygon","coordinates":[[[136.03559,35.61419],[136.03559,35.61425],[136.0356,35.61426],[136.03632,35.61413],[136.03624,35.61397],[136.03591,35.61404],[136.03587,35.61409],[136.03564,35.61415],[136.03559,35.61419]]]}},{"type":"Feature","properties":{"pid":"4efd4efc-c809-4fec-a9e9-a51acef08a12","full":6.3},"geometry":{"type":"Polygon","coordinates":[[[136.03611,35.61365],[136.0361,35.61364],[136.03562,35.61374],[136.03565,35.61378],[136.03567,35.61384],[136.03576,35.6139],[136.03584,35.61397],[136.03617,35.61392],[136.03619,35.6139],[136.03611,35.61365]]]}},{"type":"Feature","properties":{"pid":"5d3d087f-d969-48d5-b955-61f76931629c","full":2.1},"geometry":{"type":"Polygon","coordinates":[[[136.03557,35.61369],[136.03608,35.6136],[136.03606,35.6135],[136.03604,35.61346],[136.03603,35.61346],[136.03553,35.61357],[136.03548,35.61366],[136.03537,35.61375],[136.03536,35.61378],[136.03538,35.61381],[136.03542,35.61382],[136.03544,35.61381],[136.03553,35.61374],[136.03556,35.61373],[136.03557,35.61369]]]}},{"type":"Feature","properties":{"pid":"37c9d83e-7841-40b1-86f1-f77565c328db","full":1.9},"geometry":{"type":"Polygon","coordinates":[[[136.03605,35.6134],[136.03602,35.61328],[136.03565,35.61335],[136.03564,35.61336],[136.03563,35.6134],[136.03564,35.61343],[136.0356,35.61349],[136.03561,35.6135],[136.03566,35.6135],[136.03605,35.61344],[136.03605,35.6134]]]}},{"type":"Feature","properties":{"pid":"82380db2-e5b2-423e-bcc1-545cbab25f06","full":5.1},"geometry":{"type":"Polygon","coordinates":[[[136.03713,35.61361],[136.03708,35.61346],[136.03628,35.6136],[136.03628,35.61364],[136.03631,35.61376],[136.03713,35.61361]]]}},{"type":"Feature","properties":{"pid":"947263b1-a22d-48d3-9408-a0cf3065bc74","full":4.8},"geometry":{"type":"Polygon","coordinates":[[[136.03636,35.61393],[136.03717,35.61378],[136.03713,35.61362],[136.03633,35.61377],[136.03632,35.6138],[136.03636,35.61393]]]}},{"type":"Feature","properties":{"pid":"e8047925-07a8-4d64-9cd1-fbea945bcece","full":4.6},"geometry":{"type":"Polygon","coordinates":[[[136.03556,35.61445],[136.03635,35.6143],[136.03632,35.61414],[136.0356,35.61428],[136.03559,35.61434],[136.03556,35.61439],[136.03556,35.61445]]]}},{"type":"Feature","properties":{"pid":"3a15d57d-0a3a-49b1-ad30-a74869a601c6","full":4.0},"geometry":{"type":"Polygon","coordinates":[[[136.03563,35.61461],[136.03637,35.61447],[136.03639,35.61446],[136.03639,35.61445],[136.03635,35.61432],[136.03561,35.61446],[136.0356,35.61447],[136.03559,35.61448],[136.03562,35.6146],[136.03563,35.61461]]]}},{"type":"Feature","properties":{"pid":"78e6a380-d086-45eb-bd97-7f38d2a795a1","full":4.2},"geometry":{"type":"Polygon","coordinates":[[[136.03572,35.61478],[136.03644,35.61465],[136.03646,35.61464],[136.03642,35.61451],[136.03641,35.61449],[136.03565,35.61465],[136.03568,35.61477],[136.03572,35.61478]]]}},{"type":"Feature","properties":{"pid":"f6bca287-094f-4f36-827c-4666e0bf4a55","full":6.8},"geometry":{"type":"Polygon","coordinates":[[[136.03655,35.61489],[136.03577,35.61504],[136.03575,35.61506],[136.0358,35.61522],[136.0366,35.61508],[136.03655,35.61489]]]}},{"type":"Feature","properties":{"pid":"4d4de0dd-3fa5-47b4-a7d6-d83f7ed28c7c","full":4.0},"geometry":{"type":"Polygon","coordinates":[[[136.0357,35.61481],[136.03571,35.61493],[136.03572,35.61494],[136.03574,35.61495],[136.03577,35.61495],[136.03651,35.61482],[136.03651,35.61476],[136.03648,35.61467],[136.0357,35.61481]]]}},{"type":"Feature","properties":{"pid":"b85b15e1-a2e7-47f3-9806-556f80fe8aee","full":5.0},"geometry":{"type":"Polygon","coordinates":[[[136.03581,35.61524],[136.03585,35.6154],[136.03664,35.61526],[136.0366,35.6151],[136.03581,35.61524]]]}},{"type":"Feature","properties":{"pid":"41ac3a31-99b3-4021-aa73-5fc28d5adbb2","full":5.1},"geometry":{"type":"Polygon","coordinates":[[[136.03665,35.61527],[136.03587,35.61542],[136.03588,35.6155],[136.0359,35.61556],[136.03592,35.61557],[136.03669,35.61543],[136.03665,35.61527]]]}},{"type":"Feature","properties":{"pid":"6f5ec6dd-51a4-4690-a1bd-fe130eb27770","full":4.7},"geometry":{"type":"Polygon","coordinates":[[[136.03674,35.61563],[136.03613,35.61574],[136.03596,35.61577],[136.036,35.61592],[136.03677,35.61579],[136.03677,35.61575],[136.03674,35.61563]]]}},{"type":"Feature","properties":{"pid":"c124e6b4-60df-47e1-b04f-2dfab0cd0ae3","full":4.8},"geometry":{"type":"Polygon","coordinates":[[[136.0367,35.61545],[136.03591,35.6156],[136.03596,35.61575],[136.03654,35.61565],[136.03674,35.6156],[136.03674,35.61557],[136.0367,35.61545]]]}},{"type":"Feature","properties":{"pid":"3f807da4-8efe-45c4-9bc9-d2d8744a299f","full":0.7},"geometry":{"type":"Polygon","coordinates":[[[136.03584,35.61575],[136.03507,35.61588],[136.03508,35.61593],[136.03517,35.61596],[136.03586,35.61586],[136.03588,35.61582],[136.03584,35.61575]]]}},{"type":"Feature","properties":{"pid":"e0dc2eeb-e0c9-4858-8d9d-3b86e724ee66","full":5.3},"geometry":{"type":"Polygon","coordinates":[[[136.03572,35.61524],[136.03566,35.61507],[136.03489,35.61523],[136.03489,35.61526],[136.03494,35.61536],[136.03495,35.61538],[136.03572,35.61524]]]}},{"type":"Feature","properties":{"pid":"85144a4b-332b-42eb-a73e-96c554f1675c","full":4.2},"geometry":{"type":"Polygon","coordinates":[[[136.03572,35.61526],[136.03495,35.6154],[136.03494,35.61545],[136.03499,35.61555],[136.03561,35.61544],[136.03573,35.61541],[136.03576,35.61537],[136.03572,35.61526]]]}},{"type":"Feature","properties":{"pid":"4f2c749c-b0b4-4cd1-a432-4f2d934cf448","full":5.4},"geometry":{"type":"Polygon","coordinates":[[[136.03578,35.61561],[136.03578,35.61559],[136.03581,35.61558],[136.03577,35.61543],[136.035,35.61558],[136.035,35.61561],[136.03503,35.61574],[136.03578,35.61561]]]}},{"type":"Feature","properties":{"pid":"5b314458-53c2-4955-9fcc-a7faf5011a4b","full":1.3},"geometry":{"type":"Polygon","coordinates":[[[136.03583,35.61562],[136.03505,35.61576],[136.03503,35.61577],[136.03506,35.61586],[136.03585,35.61573],[136.03583,35.61562]]]}},{"type":"Feature","properties":{"pid":"b4006828-7e59-478d-bb0d-d7ef76341335","full":3.3},"geometry":{"type":"Polygon","coordinates":[[[136.03491,35.61559],[136.03436,35.61569],[136.03498,35.6159],[136.03499,35.61587],[136.03491,35.61559]]]}},{"type":"Feature","properties":{"pid":"2bd09168-e06f-48e2-9026-3c12affbac1f","full":3.6},"geometry":{"type":"Polygon","coordinates":[[[136.03409,35.61556],[136.03407,35.61557],[136.0343,35.61567],[136.0349,35.61557],[136.0349,35.61553],[136.03487,35.61543],[136.03485,35.61542],[136.03409,35.61556]]]}},{"type":"Feature","properties":{"pid":"c7103985-b89f-4fe3-a815-fbaa024d3024","full":3.3},"geometry":{"type":"Polygon","coordinates":[[[136.03482,35.61525],[136.03386,35.61547],[136.03385,35.61548],[136.03401,35.61555],[136.03485,35.61539],[136.03482,35.61525]]]}},{"type":"Feature","properties":{"pid":"fba35e93-bf90-42a4-9113-0ae04a5d66e2","full":7.3},"geometry":{"type":"Polygon","coordinates":[[[136.03465,35.615],[136.03422,35.61508],[136.03408,35.6151],[136.034,35.61515],[136.03388,35.61519],[136.03384,35.61521],[136.03385,35.61523],[136.0339,35.61527],[136.03391,35.6153],[136.03395,35.61535],[136.03473,35.61517],[136.03471,35.61502],[136.03468,35.61502],[136.03465,35.615]]]}},{"type":"Feature","properties":{"pid":"55259313-d22b-43d7-af0d-c6db083abada","full":1.1},"geometry":{"type":"Polygon","coordinates":[[[136.03426,35.61502],[136.03433,35.61504],[136.03469,35.61497],[136.0347,35.61496],[136.03468,35.61489],[136.03466,35.61486],[136.0343,35.61492],[136.03427,35.61495],[136.03426,35.61502]]]}},{"type":"Feature","properties":{"pid":"069defc1-3069-41a1-9bec-c6401ec9c7cd","full":0.6},"geometry":{"type":"Polygon","coordinates":[[[136.03432,35.61487],[136.03467,35.61481],[136.03464,35.61469],[136.0344,35.61473],[136.03432,35.61484],[136.03432,35.61487]]]}},{"type":"Feature","properties":{"pid":"a0d35977-f5c3-4ab8-b992-95f9dc673efa","full":6.3},"geometry":{"type":"Polygon","coordinates":[[[136.03491,35.61494],[136.03485,35.61496],[136.03484,35.61498],[136.03484,35.61502],[136.03488,35.61514],[136.03491,35.61514],[136.03559,35.615],[136.03562,35.61499],[136.03563,35.61498],[136.03558,35.61484],[136.03556,35.61483],[136.03491,35.61494]]]}},{"type":"Feature","properties":{"pid":"20f37f36-a966-4fcc-bc7d-7b6f6a788e70","full":4.5},"geometry":{"type":"Polygon","coordinates":[[[136.03478,35.6148],[136.03478,35.61482],[136.03478,35.61485],[136.03482,35.61494],[136.03559,35.61481],[136.03559,35.61477],[136.03555,35.61464],[136.03478,35.6148]]]}},{"type":"Feature","properties":{"pid":"5966d11d-8166-4bb8-acea-01904e168121","full":3.9},"geometry":{"type":"Polygon","coordinates":[[[136.03555,35.6146],[136.03552,35.61449],[136.03472,35.61461],[136.03477,35.61477],[136.03555,35.61462],[136.03555,35.6146]]]}},{"type":"Feature","properties":{"pid":"823dc415-8a8b-4e8e-8a73-6940efb9fded","full":7.7},"geometry":{"type":"Polygon","coordinates":[[[136.03484,35.61438],[136.03495,35.61447],[136.03504,35.6145],[136.03509,35.6145],[136.03512,35.61447],[136.03521,35.61448],[136.03525,35.6145],[136.03544,35.61441],[136.0355,35.61433],[136.03551,35.61429],[136.03548,35.61419],[136.03536,35.61419],[136.03517,35.6142],[136.03515,35.61421],[136.03491,35.61433],[136.03484,35.61438]]]}},{"type":"Feature","properties":{"pid":"ed94969c-98a9-45a3-83b2-16e6529bc504","full":4.8},"geometry":{"type":"Polygon","coordinates":[[[136.03401,35.61563],[136.03391,35.61559],[136.03384,35.61557],[136.03348,35.61617],[136.0335,35.61619],[136.03365,35.61625],[136.03401,35.61563]]]}},{"type":"Feature","properties":{"pid":"6fd495de-4e01-4d11-812b-1227f11c8c03","full":1.0},"geometry":{"type":"Polygon","coordinates":[[[136.0336,35.61557],[136.03357,35.61554],[136.03334,35.61559],[136.03334,35.61597],[136.03335,35.61598],[136.0336,35.61557]]]}},{"type":"Feature","properties":{"pid":"005c9d58-205e-4f2c-ba64-65995566d777","full":3.9},"geometry":{"type":"Polygon","coordinates":[[[136.0338,35.61557],[136.03365,35.6155],[136.03329,35.61612],[136.03346,35.61618],[136.0338,35.61557]]]}},{"type":"Feature","properties":{"pid":"8485e7a6-ee5d-404a-810e-12c22d8cadf7","full":2.5},"geometry":{"type":"Polygon","coordinates":[[[136.03328,35.61585],[136.03303,35.61579],[136.03291,35.61596],[136.03322,35.61607],[136.03326,35.61606],[136.03328,35.61585]]]}},{"type":"Feature","properties":{"pid":"b25181a8-7312-4bec-9e7e-64af12f6858b","full":0.8},"geometry":{"type":"Polygon","coordinates":[[[136.03257,35.61582],[136.03278,35.6158],[136.03271,35.61562],[136.03269,35.61561],[136.03252,35.61568],[136.03257,35.61582]]]}},{"type":"Feature","properties":{"pid":"88111d3a-169e-48db-b4b6-2f9b7346aa70","full":3.0},"geometry":{"type":"Polygon","coordinates":[[[136.02516,35.61752],[136.02517,35.61762],[136.02548,35.6177],[136.02549,35.61777],[136.02561,35.61773],[136.02556,35.61762],[136.02547,35.61749],[136.02536,35.61745],[136.02529,35.61743],[136.02524,35.61744],[136.02521,35.61747],[136.02516,35.61752]]]}},{"type":"Feature","properties":{"pid":"f78585cc-1336-4548-a95a-8e2ca77881b4","full":1.2},"geometry":{"type":"Polygon","coordinates":[[[136.02497,35.61753],[136.02495,35.61759],[136.0249,35.61767],[136.02503,35.61774],[136.02516,35.61774],[136.02515,35.61761],[136.02513,35.61755],[136.02507,35.61751],[136.02503,35.6175],[136.025,35.61754],[136.02497,35.61753]]]}},{"type":"Feature","properties":{"pid":"49706777-5c94-4163-80c1-e65f4d4bb56b","full":5.0},"geometry":{"type":"Polygon","coordinates":[[[136.02535,35.61929],[136.02536,35.61922],[136.02532,35.61922],[136.02528,35.61917],[136.02532,35.6191],[136.02528,35.61895],[136.02497,35.61905],[136.02489,35.61908],[136.02488,35.61909],[136.02495,35.61917],[136.025,35.61929],[136.02535,35.61929]]]}},{"type":"Feature","properties":{"pid":"d99447e9-c9d4-4514-b256-cd0589efbb55","full":7.9},"geometry":{"type":"Polygon","coordinates":[[[136.02597,35.61888],[136.02652,35.61882],[136.0265,35.61854],[136.02633,35.61854],[136.02629,35.61859],[136.02618,35.61861],[136.02603,35.61861],[136.02594,35.61862],[136.0259,35.61865],[136.02597,35.61877],[136.02597,35.61888]]]}},{"type":"Feature","properties":{"pid":"7b02b25a-40ed-47dc-97a4-8728e2b13297","full":8.2},"geometry":{"type":"Polygon","coordinates":[[[136.0266,35.61921],[136.02656,35.61886],[136.02599,35.6189],[136.02602,35.61896],[136.026,35.61899],[136.02609,35.61907],[136.02626,35.61916],[136.02645,35.61921],[136.0266,35.61921]]]}},{"type":"Feature","properties":{"pid":"3ddb2ca3-729d-4914-9714-c76c89e057d0","full":0.8},"geometry":{"type":"Polygon","coordinates":[[[136.02572,35.61887],[136.02596,35.61899],[136.02594,35.61883],[136.02589,35.61878],[136.02585,35.61875],[136.02574,35.61874],[136.02572,35.61887]]]}},{"type":"Feature","properties":{"pid":"3d08cc51-1a14-4144-9a42-cbf829edda35","full":2.6},"geometry":{"type":"Polygon","coordinates":[[[136.02596,35.62005],[136.02599,35.6201],[136.02622,35.62012],[136.0264,35.62003],[136.02643,35.61999],[136.02635,35.61988],[136.02626,35.61986],[136.02596,35.62005]]]}},{"type":"Feature","properties":{"pid":"ef2ce884-e20e-4650-8115-84448f89c502","full":2.8},"geometry":{"type":"Polygon","coordinates":[[[136.02578,35.61965],[136.02549,35.6197],[136.02545,35.61975],[136.02543,35.61979],[136.02545,35.61985],[136.02557,35.61989],[136.02565,35.61989],[136.02577,35.61986],[136.02584,35.61987],[136.02578,35.61965]]]}},{"type":"Feature","properties":{"pid":"7a915e0c-5cbc-4d9d-8352-853d1acb763e","full":0.7},"geometry":{"type":"Polygon","coordinates":[[[136.02557,35.61967],[136.02576,35.61965],[136.02566,35.6194],[136.0256,35.61942],[136.02552,35.61948],[136.02555,35.61953],[136.02557,35.61967]]]}},{"type":"Feature","properties":{"pid":"9e07c0e6-e0d2-4e5a-b6c9-a51de78ec492","full":3.5},"geometry":{"type":"Polygon","coordinates":[[[136.02524,35.62078],[136.02493,35.62086],[136.025,35.62103],[136.02504,35.62109],[136.02534,35.62097],[136.02539,35.62094],[136.02534,35.6209],[136.02524,35.62078]]]}},{"type":"Feature","properties":{"pid":"80b982ff-ea4b-4985-8e57-0486166104b8","full":3.6},"geometry":{"type":"Polygon","coordinates":[[[136.02571,35.62127],[136.02575,35.62128],[136.02597,35.62121],[136.02598,35.62118],[136.02587,35.62104],[136.02573,35.62092],[136.02555,35.62098],[136.02569,35.62121],[136.02571,35.62127]]]}},{"type":"Feature","properties":{"pid":"45fadba0-42a8-4f1f-b5be-67cf28e9c920","full":0.9},"geometry":{"type":"Polygon","coordinates":[[[136.02573,35.62072],[136.02568,35.62072],[136.02566,35.62075],[136.02572,35.62084],[136.02573,35.62087],[136.02582,35.62096],[136.02596,35.62094],[136.02595,35.62086],[136.02598,35.62077],[136.02596,35.62076],[136.02581,35.62077],[136.02573,35.62072]]]}},{"type":"Feature","properties":{"pid":"03cdd511-494a-47f0-a578-27256b0a8710","full":0.9},"geometry":{"type":"Polygon","coordinates":[[[136.02573,35.6209],[136.02564,35.62077],[136.0255,35.6208],[136.02537,35.62084],[136.02546,35.62093],[136.02551,35.62096],[136.02573,35.6209]]]}},{"type":"Feature","properties":{"pid":"39bdd5db-0720-418e-9e47-c6e4449df7ff","full":3.6},"geometry":{"type":"Polygon","coordinates":[[[136.02597,35.62111],[136.02648,35.62112],[136.0265,35.62111],[136.02646,35.62098],[136.02634,35.62092],[136.02623,35.62091],[136.0259,35.621],[136.02591,35.62102],[136.02597,35.62111]]]}},{"type":"Feature","properties":{"pid":"f8da7508-b442-4faa-85ed-f04a8e98a6cb","full":4.0},"geometry":{"type":"Polygon","coordinates":[[[136.02623,35.62136],[136.02663,35.62138],[136.02653,35.62115],[136.02604,35.62114],[136.02604,35.62116],[136.02612,35.62122],[136.02623,35.62136]]]}},{"type":"Feature","properties":{"pid":"25391eb9-c5f4-4ea2-8b2c-07f615e59d79","full":4.2},"geometry":{"type":"Polygon","coordinates":[[[136.02602,35.62223],[136.02616,35.62221],[136.02635,35.6222],[136.02628,35.62198],[136.02619,35.622],[136.02617,35.62195],[136.02586,35.62197],[136.02585,35.62201],[136.02602,35.62223]]]}},{"type":"Feature","properties":{"pid":"cca425a2-be07-45e1-9bb3-c5ec3a253a53","full":6.6},"geometry":{"type":"Polygon","coordinates":[[[136.02565,35.62238],[136.02552,35.62287],[136.02583,35.62293],[136.02588,35.62262],[136.02581,35.62244],[136.02578,35.62241],[136.02565,35.62238]]]}},{"type":"Feature","properties":{"pid":"f070c86e-b6ca-40ce-a392-281f80ba8e3c","full":0.9},"geometry":{"type":"Polygon","coordinates":[[[136.02491,35.62274],[136.02505,35.62277],[136.02518,35.62231],[136.02506,35.62229],[136.02491,35.62274]]]}},{"type":"Feature","properties":{"pid":"42dc837c-0bb3-4326-a784-c082388b58a4","full":1.3},"geometry":{"type":"Polygon","coordinates":[[[136.03862,35.6089],[136.03865,35.6089],[136.03871,35.60878],[136.0387,35.60876],[136.03862,35.60873],[136.03832,35.60859],[136.03829,35.60859],[136.03819,35.60864],[136.03819,35.60865],[136.03862,35.6089]]]}},{"type":"Feature","properties":{"pid":"b8feb3c2-da09-4c1b-961c-9c440283cf29","full":8.0},"geometry":{"type":"Polygon","coordinates":[[[136.03884,35.60838],[136.03912,35.60843],[136.03919,35.60842],[136.03931,35.60836],[136.03951,35.60836],[136.03955,35.60829],[136.03955,35.60821],[136.03951,35.60817],[136.03943,35.60814],[136.03887,35.60819],[136.03884,35.60838]]]}},{"type":"Feature","properties":{"pid":"a18ea5cb-7e1c-4838-ac5f-1e075c48898f","full":1.1},"geometry":{"type":"Polygon","coordinates":[[[136.03889,35.60816],[136.03932,35.60813],[136.03931,35.60798],[136.03906,35.608],[136.03897,35.60809],[136.03888,35.60813],[136.03889,35.60816]]]}},{"type":"Feature","properties":{"pid":"0c601ab6-90c7-4c54-8beb-9c4e002246e0","full":1.1},"geometry":{"type":"Polygon","coordinates":[[[136.0417,35.60764],[136.04204,35.60746],[136.04199,35.6074],[136.04195,35.60739],[136.04158,35.60752],[136.0417,35.60764]]]}},{"type":"Feature","properties":{"pid":"7f83eacf-7e1b-4425-970b-c8be74d09b09","full":1.7},"geometry":{"type":"Polygon","coordinates":[[[136.04037,35.60736],[136.04056,35.60739],[136.04071,35.60742],[136.04073,35.60739],[136.04073,35.60731],[136.04066,35.60728],[136.04062,35.60722],[136.04036,35.60719],[136.04037,35.60736]]]}},{"type":"Feature","properties":{"pid":"c1e52468-40e7-4787-81da-de43db4ec1c8","full":0.5},"geometry":{"type":"Polygon","coordinates":[[[136.04026,35.60739],[136.04013,35.60736],[136.03993,35.60757],[136.03998,35.60759],[136.04006,35.60753],[136.04024,35.60752],[136.04027,35.60742],[136.04026,35.60739]]]}},{"type":"Feature","properties":{"pid":"a5b777de-3881-4fa5-aa6a-9d056695b149","full":2.0},"geometry":{"type":"Polygon","coordinates":[[[136.03972,35.60728],[136.03998,35.60727],[136.04026,35.60731],[136.04026,35.60728],[136.0402,35.60717],[136.04017,35.60714],[136.04017,35.60712],[136.04,35.60713],[136.03991,35.60715],[136.03985,35.60714],[136.03979,35.60715],[136.03971,35.6072],[136.03972,35.60728]]]}},{"type":"Feature","properties":{"pid":"252a1409-5fcc-4afc-beb9-b43470707b10","full":3.9},"geometry":{"type":"Polygon","coordinates":[[[136.0396,35.60787],[136.03962,35.60775],[136.03905,35.6078],[136.03902,35.60796],[136.03905,35.60797],[136.03959,35.60793],[136.0396,35.60795],[136.03964,35.60793],[136.0396,35.60787]]]}},{"type":"Feature","properties":{"pid":"e003d49d-dbaa-4a72-9d5d-5fa7b5f26a03","full":1.1},"geometry":{"type":"Polygon","coordinates":[[[136.04034,35.60841],[136.04052,35.60841],[136.04054,35.60835],[136.04056,35.60825],[136.04053,35.60821],[136.04035,35.60824],[136.04032,35.60826],[136.04031,35.60834],[136.04031,35.60839],[136.04034,35.60841]]]}},{"type":"Feature","properties":{"pid":"965da5f2-5db6-4ad8-ab69-60f33faac296","full":3.9},"geometry":{"type":"Polygon","coordinates":[[[136.0401,35.60807],[136.03968,35.60807],[136.03959,35.60815],[136.03962,35.60824],[136.03973,35.60831],[136.04005,35.60824],[136.0401,35.60807]]]}},{"type":"Feature","properties":{"pid":"a39c1222-403a-46dc-80d2-a1ab33df4e33","full":0.8},"geometry":{"type":"Polygon","coordinates":[[[136.04053,35.60846],[136.04051,35.60844],[136.04032,35.60843],[136.04031,35.60863],[136.04047,35.60861],[136.04049,35.60857],[136.04052,35.60856],[136.04053,35.60846]]]}},{"type":"Feature","properties":{"pid":"8da7dca0-8a45-461e-92fa-a1125c1587f7","full":4.0},"geometry":{"type":"Polygon","coordinates":[[[136.04094,35.60882],[136.04159,35.60866],[136.04162,35.60861],[136.04159,35.60846],[136.04134,35.60857],[136.0409,35.60867],[136.04091,35.60879],[136.04094,35.60882]]]}},{"type":"Feature","properties":{"pid":"087b000a-315e-4b0d-b476-a27dbe1b5c56","full":5.0},"geometry":{"type":"Polygon","coordinates":[[[136.04204,35.60872],[136.04278,35.60833],[136.04268,35.6082],[136.04194,35.6086],[136.04192,35.60862],[136.04204,35.60872]]]}},{"type":"Feature","properties":{"pid":"01a02753-f259-4df1-bfb8-e7eab1338e5e","full":5.3},"geometry":{"type":"Polygon","coordinates":[[[136.0423,35.60882],[136.04291,35.60847],[136.04281,35.60836],[136.04279,35.60836],[136.04206,35.60875],[136.04206,35.60876],[136.0422,35.60884],[136.0423,35.60882]]]}},{"type":"Feature","properties":{"pid":"f9509f8d-9b63-41fa-8659-c40f64004603","full":1.2},"geometry":{"type":"Polygon","coordinates":[[[136.04236,35.60883],[136.04237,35.60884],[136.04244,35.60884],[136.0426,35.6088],[136.04294,35.60865],[136.04302,35.60861],[136.04296,35.60851],[136.04292,35.6085],[136.04236,35.60883]]]}},{"type":"Feature","properties":{"pid":"e5b05f36-527a-4ad2-b30c-59df2ff477ce","full":3.3},"geometry":{"type":"Polygon","coordinates":[[[136.04334,35.60776],[136.04278,35.6082],[136.04289,35.6083],[136.04345,35.60786],[136.04334,35.60776]]]}},{"type":"Feature","properties":{"pid":"6855c4e7-ab55-403c-8519-309961a9693c","full":2.7},"geometry":{"type":"Polygon","coordinates":[[[136.04199,35.60831],[136.04252,35.60803],[136.04242,35.60792],[136.04189,35.6082],[136.04191,35.60828],[136.04193,35.60833],[136.04199,35.60831]]]}},{"type":"Feature","properties":{"pid":"194354ee-fcbf-4388-a3a7-7c3eb9c9ff9a","full":3.7},"geometry":{"type":"Polygon","coordinates":[[[136.04202,35.60852],[136.04264,35.60819],[136.04264,35.60817],[136.04252,35.60807],[136.04195,35.60838],[136.04199,35.60849],[136.04202,35.60852]]]}},{"type":"Feature","properties":{"pid":"abec312a-ba14-4c4c-90b0-5beef0d6b10f","full":2.1},"geometry":{"type":"Polygon","coordinates":[[[136.04187,35.60796],[136.04227,35.60775],[136.0422,35.60766],[136.04217,35.60763],[136.04172,35.60787],[136.04176,35.60795],[136.04187,35.60796]]]}},{"type":"Feature","properties":{"pid":"4fbc2c4e-6e7a-44d2-87bc-193ec8a10160","full":2.5},"geometry":{"type":"Polygon","coordinates":[[[136.04189,35.60816],[136.04239,35.6079],[136.04229,35.60777],[136.04194,35.60796],[136.04188,35.60813],[136.04189,35.60816]]]}},{"type":"Feature","properties":{"pid":"cee5833a-7e8c-48e6-90b6-94b8061f46b6","full":2.3},"geometry":{"type":"Polygon","coordinates":[[[136.04177,35.60781],[136.04216,35.60762],[136.04207,35.60751],[136.04202,35.60749],[136.0417,35.60767],[136.04174,35.60778],[136.04177,35.60781]]]}},{"type":"Feature","properties":{"pid":"eac35264-8a24-46d6-99dc-27bd8b011c33","full":4.2},"geometry":{"type":"Polygon","coordinates":[[[136.04317,35.60762],[136.04263,35.60807],[136.04276,35.60818],[136.04331,35.60773],[136.04317,35.60762]]]}},{"type":"Feature","properties":{"pid":"7ce59739-56dc-4569-b8b9-a227b1b50389","full":2.2},"geometry":{"type":"Polygon","coordinates":[[[136.04304,35.60749],[136.04254,35.60795],[136.04261,35.60802],[136.04262,35.60803],[136.04264,35.60802],[136.04316,35.6076],[136.04304,35.60749]]]}},{"type":"Feature","properties":{"pid":"75aaa96a-1eb2-48d8-8a98-c8301d145944","full":3.2},"geometry":{"type":"Polygon","coordinates":[[[136.0434,35.6077],[136.04341,35.60772],[136.04349,35.60778],[136.04354,35.60779],[136.044,35.60744],[136.04394,35.60738],[136.04392,35.60735],[136.04386,35.60734],[136.0434,35.6077]]]}},{"type":"Feature","properties":{"pid":"05e45bfa-f6f1-4df6-a41b-75d4c9ed39fd","full":2.2},"geometry":{"type":"Polygon","coordinates":[[[136.04308,35.60744],[136.0431,35.60748],[136.0432,35.60755],[136.04322,35.60754],[136.04356,35.60727],[136.0435,35.60721],[136.04343,35.60717],[136.04308,35.60744]]]}},{"type":"Feature","properties":{"pid":"8202357a-4d62-4a08-b5bd-d1583f208292","full":2.2},"geometry":{"type":"Polygon","coordinates":[[[136.04324,35.60758],[136.04338,35.60767],[136.04372,35.60738],[136.04363,35.60731],[136.04358,35.60729],[136.04324,35.60758]]]}},{"type":"Feature","properties":{"pid":"ad71e6ba-4562-41bd-878f-77eaa2bf1593","full":2.9},"geometry":{"type":"Polygon","coordinates":[[[136.04355,35.60782],[136.04357,35.60787],[136.04367,35.60793],[136.04406,35.60762],[136.044,35.60747],[136.04398,35.60747],[136.04355,35.60782]]]}},{"type":"Feature","properties":{"pid":"7ed52f8c-8abf-43cc-873a-d48dcdbf68f9","full":3.1},"geometry":{"type":"Polygon","coordinates":[[[136.04369,35.60796],[136.0437,35.60799],[136.04381,35.60808],[136.04423,35.60774],[136.04423,35.60771],[136.04416,35.60768],[136.0441,35.60763],[136.04408,35.60764],[136.04369,35.60796]]]}},{"type":"Feature","properties":{"pid":"1bdb70e5-b599-4e1c-9b39-2d07d8f38e46","full":3.1},"geometry":{"type":"Polygon","coordinates":[[[136.04425,35.60775],[136.04382,35.6081],[136.04383,35.60814],[136.04387,35.60817],[136.0442,35.60799],[136.04435,35.60795],[136.04446,35.60788],[136.04446,35.60786],[136.04445,35.60784],[136.0444,35.60779],[136.04429,35.60775],[136.04425,35.60775]]]}},{"type":"Feature","properties":{"pid":"9335bcc7-2a33-4976-b88c-9b731c4ef593","full":3.1},"geometry":{"type":"Polygon","coordinates":[[[136.04394,35.60826],[136.04405,35.60839],[136.0446,35.6081],[136.04459,35.60809],[136.0445,35.60806],[136.04431,35.60806],[136.04394,35.60826]]]}},{"type":"Feature","properties":{"pid":"c1482310-3906-4447-8d14-335c0c37c2ee","full":3.5},"geometry":{"type":"Polygon","coordinates":[[[136.04406,35.60841],[136.04417,35.60854],[136.04478,35.6082],[136.04464,35.6081],[136.04406,35.60841]]]}},{"type":"Feature","properties":{"pid":"a4efa1e8-e81a-439d-b7e4-9e4aa9f4a7bc","full":4.2},"geometry":{"type":"Polygon","coordinates":[[[136.04346,35.60789],[136.04291,35.60834],[136.04302,35.60845],[136.04359,35.60799],[136.04358,35.60797],[136.04349,35.6079],[136.04346,35.60789]]]}},{"type":"Feature","properties":{"pid":"df99006a-6d78-4e17-83a1-119bb51f1154","full":5.3},"geometry":{"type":"Polygon","coordinates":[[[136.04362,35.60802],[136.04303,35.60849],[136.04304,35.6085],[136.04312,35.60856],[136.04378,35.6082],[136.04377,35.60817],[136.04372,35.60811],[136.04365,35.60803],[136.04362,35.60802]]]}},{"type":"Feature","properties":{"pid":"8bac5a05-0c10-4283-8631-244f42c3244f","full":4.4},"geometry":{"type":"Polygon","coordinates":[[[136.04386,35.60829],[136.0432,35.60864],[136.0432,35.60868],[136.04328,35.60879],[136.04395,35.60842],[136.04386,35.60829]]]}},{"type":"Feature","properties":{"pid":"ad3c0bb2-be9a-4ea5-993e-5729f31d4d9f","full":4.4},"geometry":{"type":"Polygon","coordinates":[[[136.04399,35.60846],[136.04332,35.60881],[136.04331,35.60885],[136.0434,35.60894],[136.04409,35.60859],[136.04399,35.60846]]]}},{"type":"Feature","properties":{"pid":"c790ddbc-9e25-4f30-9f39-ff17e01df5c8","full":4.8},"geometry":{"type":"Polygon","coordinates":[[[136.0441,35.6086],[136.04343,35.60896],[136.04344,35.60901],[136.04352,35.6091],[136.0442,35.60873],[136.0441,35.6086]]]}},{"type":"Feature","properties":{"pid":"ec620a10-c430-4a03-8ec5-2832a3c633c1","full":3.4},"geometry":{"type":"Polygon","coordinates":[[[136.04443,35.60889],[136.04452,35.609],[136.0449,35.60879],[136.04506,35.60851],[136.04503,35.60852],[136.04444,35.60885],[136.04443,35.60887],[136.04443,35.60889]]]}},{"type":"Feature","properties":{"pid":"e5d526f6-f2f1-4867-aadb-66e682355c55","full":4.5},"geometry":{"type":"Polygon","coordinates":[[[136.04419,35.60856],[136.04428,35.60869],[136.04498,35.60832],[136.04488,35.60825],[136.0448,35.60822],[136.04419,35.60856]]]}},{"type":"Feature","properties":{"pid":"bf041dee-9248-49e9-8e73-4520e44b175b","full":5.2},"geometry":{"type":"Polygon","coordinates":[[[136.04432,35.60874],[136.0444,35.60885],[136.04509,35.60846],[136.04507,35.6084],[136.045,35.60833],[136.04497,35.60834],[136.04431,35.6087],[136.04432,35.60874]]]}},{"type":"Feature","properties":{"pid":"ffbcb8e1-c4f4-4f98-b4f4-60da584162cb","full":11.1},"geometry":{"type":"Polygon","coordinates":[[[136.04702,35.60855],[136.04711,35.60817],[136.04716,35.6081],[136.04717,35.60802],[136.04686,35.60808],[136.04673,35.60821],[136.04671,35.60826],[136.04668,35.6085],[136.04661,35.60867],[136.04702,35.60855]]]}},{"type":"Feature","properties":{"pid":"d1e4b271-e7d9-4b27-a894-5b4ea5fa3b73","full":7.1},"geometry":{"type":"Polygon","coordinates":[[[136.04927,35.60714],[136.04923,35.60742],[136.04924,35.60744],[136.04925,35.60744],[136.04971,35.60738],[136.04972,35.60737],[136.04966,35.60708],[136.04927,35.60714]]]}},{"type":"Feature","properties":{"pid":"0101c5fd-3d01-4513-bedc-d5bcc8f5b407","full":13.4},"geometry":{"type":"Polygon","coordinates":[[[136.04878,35.60753],[136.04882,35.60771],[136.04884,35.60772],[136.04887,35.60772],[136.04976,35.60761],[136.04976,35.6076],[136.04973,35.6074],[136.04971,35.60739],[136.04917,35.60746],[136.04901,35.60738],[136.04877,35.60742],[136.04877,35.60743],[136.04878,35.60753]]]}},{"type":"Feature","properties":{"pid":"427304ad-5eb6-42d0-86c2-996517319081","full":13.6},"geometry":{"type":"Polygon","coordinates":[[[136.0489,35.60799],[136.04918,35.60796],[136.0492,35.60794],[136.04922,35.60794],[136.0493,35.60794],[136.04978,35.60788],[136.04979,35.60785],[136.0498,35.60785],[136.04976,35.60762],[136.04886,35.60773],[136.0489,35.60799]]]}},{"type":"Feature","properties":{"pid":"1f29fc13-3f0e-4586-bf50-248ae0648c9d","full":8.2},"geometry":{"type":"Polygon","coordinates":[[[136.04824,35.60716],[136.04833,35.60761],[136.04835,35.60763],[136.04837,35.60764],[136.04862,35.60763],[136.04865,35.60761],[136.04854,35.60713],[136.04849,35.60712],[136.04824,35.60716]]]}},{"type":"Feature","properties":{"pid":"3f693b1d-9147-4247-9dd0-d5d31d1e6f19","full":8.3},"geometry":{"type":"Polygon","coordinates":[[[136.04802,35.60771],[136.04832,35.60765],[136.04822,35.60716],[136.04792,35.6072],[136.04802,35.60771]]]}},{"type":"Feature","properties":{"pid":"82a3adad-6d9a-4dd5-82f1-5a10d1a7bfd3","full":10.1},"geometry":{"type":"Polygon","coordinates":[[[136.04801,35.60771],[136.04791,35.6072],[136.04758,35.60724],[136.04768,35.60778],[136.04769,35.60779],[136.04801,35.60771]]]}},{"type":"Feature","properties":{"pid":"bfbacf08-c4b0-4f49-9a80-9658b03c7a80","full":15.3},"geometry":{"type":"Polygon","coordinates":[[[136.04768,35.6078],[136.04757,35.60725],[136.04712,35.60731],[136.04723,35.60768],[136.04731,35.60787],[136.04768,35.6078]]]}},{"type":"Feature","properties":{"pid":"3acb95a3-3449-4dec-b374-15fa35012c18","full":10.1},"geometry":{"type":"Polygon","coordinates":[[[136.04721,35.60789],[136.04709,35.6074],[136.04699,35.60742],[136.04684,35.60749],[136.04686,35.60754],[136.04676,35.60757],[136.04675,35.60759],[136.04678,35.60764],[136.04678,35.60797],[136.04721,35.60789]]]}},{"type":"Feature","properties":{"pid":"df1e23d8-e977-49ba-88e3-2dbbfecb1f83","full":4.3},"geometry":{"type":"Polygon","coordinates":[[[136.0481,35.60781],[136.04793,35.60784],[136.04793,35.60787],[136.04791,35.60789],[136.04801,35.60839],[136.04821,35.60838],[136.0481,35.60781]]]}},{"type":"Feature","properties":{"pid":"ffae947c-332d-4298-baca-a3bee3ea555a","full":3.6},"geometry":{"type":"Polygon","coordinates":[[[136.0479,35.6084],[136.04781,35.60788],[136.04761,35.60794],[136.0477,35.6084],[136.04777,35.60842],[136.0479,35.6084]]]}},{"type":"Feature","properties":{"pid":"f669018f-6115-44fb-82d2-316ace3f578c","full":3.3},"geometry":{"type":"Polygon","coordinates":[[[136.04769,35.6084],[136.0476,35.60793],[136.04749,35.60794],[136.04745,35.60794],[136.04742,35.60796],[136.04741,35.60799],[136.0475,35.60843],[136.04769,35.6084]]]}},{"type":"Feature","properties":{"pid":"65e29263-fe32-4cc7-9fac-53f166bd5c1a","full":4.5},"geometry":{"type":"Polygon","coordinates":[[[136.04748,35.60843],[136.04739,35.60796],[136.04735,35.60797],[136.04733,35.60803],[136.04729,35.60804],[136.04728,35.6081],[136.0472,35.6082],[136.04718,35.60829],[136.04715,35.60848],[136.04716,35.6085],[136.04748,35.60843]]]}},{"type":"Feature","properties":{"pid":"ffc878c7-f80c-44cc-95e8-9b6dcb002c4e","full":8.5},"geometry":{"type":"Polygon","coordinates":[[[136.04822,35.60838],[136.04849,35.60838],[136.04838,35.60774],[136.04821,35.60777],[136.04813,35.6078],[136.04814,35.60784],[136.04812,35.60785],[136.04822,35.60838]]]}},{"type":"Feature","properties":{"pid":"aa24ff14-89f1-4d2f-865f-0e76bfebc41e","full":9.4},"geometry":{"type":"Polygon","coordinates":[[[136.04879,35.60836],[136.04869,35.60785],[136.04868,35.60783],[136.04849,35.60774],[136.0484,35.60774],[136.04839,35.60776],[136.0485,35.60838],[136.04874,35.60839],[136.04874,35.60836],[136.04879,35.60836]]]}},{"type":"Feature","properties":{"pid":"89fff99b-2016-4cef-a565-b171993d669a","full":1.5},"geometry":{"type":"Polygon","coordinates":[[[136.04983,35.60802],[136.04982,35.60793],[136.0498,35.60793],[136.04979,35.60791],[136.04931,35.60797],[136.04931,35.60803],[136.0493,35.60805],[136.04927,35.60806],[136.04922,35.60806],[136.04919,35.60805],[136.04916,35.60801],[136.04915,35.60799],[136.04893,35.60802],[136.04892,35.60803],[136.04894,35.60813],[136.04897,35.60813],[136.04983,35.60802]]]}},{"type":"Feature","properties":{"pid":"3f48454d-44a3-4ff9-812c-879bce778480","full":13.0},"geometry":{"type":"Polygon","coordinates":[[[136.04987,35.60818],[136.04897,35.60829],[136.04899,35.6084],[136.04995,35.60858],[136.04987,35.60818]]]}},{"type":"Feature","properties":{"pid":"f5de750a-9e6c-4d5e-951c-afe41d6087dd","full":8.1},"geometry":{"type":"Polygon","coordinates":[[[136.0493,35.60892],[136.04989,35.6089],[136.04996,35.60874],[136.04994,35.60874],[136.04976,35.60869],[136.04931,35.6086],[136.04929,35.60861],[136.04929,35.60891],[136.0493,35.60892]]]}}],"precision":5}