{"type":"FeatureCollection","features":[{"type":"Feature","properties":{"pid":"f01fcca9-f396-4f1e-bd4c-1d72ad6e89f1","full":126.9},"geometry":{"type":"Polygon","coordinates":[[[136.19836,36.19015],[136.19827,36.19134],[136.19923,36.19139],[136.19954,36.19136],[136.19962,36.19021],[136.19836,36.19015]]]}},{"type":"Feature","properties":{"pid":"cd584013-6d01-40ed-a1fc-c4a8b76062fd","full":23.6},"geometry":{"type":"Polygon","coordinates":[[[136.19941,36.19296],[136.20056,36.19302],[136.20058,36.19271],[136.19943,36.19265],[136.19941,36.19296]]]}},{"type":"Feature","properties":{"pid":"21769b78-b462-4e7e-b9a0-d4ec8acc0d36","full":40.6},"geometry":{"type":"Polygon","coordinates":[[[136.19937,36.19349],[136.20047,36.19356],[136.20051,36.19305],[136.1994,36.193],[136.19937,36.19349]]]}},{"type":"Feature","properties":{"pid":"e4bbbe74-11a5-4d2c-95ca-be7380a405b7","full":16.8},"geometry":{"type":"Polygon","coordinates":[[[136.19823,36.1929],[136.19933,36.19296],[136.19936,36.1927],[136.19826,36.19264],[136.19823,36.1929]]]}},{"type":"Feature","properties":{"pid":"20375f15-9fe8-42c3-a29c-044dc60e232d","full":54.0},"geometry":{"type":"Polygon","coordinates":[[[136.19817,36.19355],[136.19928,36.19361],[136.19933,36.19299],[136.19822,36.19292],[136.19817,36.19355]]]}},{"type":"Feature","properties":{"pid":"b584b8c4-b5ab-4447-b205-2d9a10fbcaad","full":30.9},"geometry":{"type":"Polygon","coordinates":[[[136.19826,36.19263],[136.19936,36.19268],[136.19939,36.19228],[136.19829,36.19222],[136.19826,36.19263]]]}},{"type":"Feature","properties":{"pid":"b229ce86-e21f-48dc-b650-963d649b559a","full":26.6},"geometry":{"type":"Polygon","coordinates":[[[136.1983,36.1922],[136.19939,36.19226],[136.19942,36.1919],[136.19831,36.19185],[136.1983,36.1922]]]}},{"type":"Feature","properties":{"pid":"fd844a6d-b457-4015-8f59-b9be22bea57f","full":29.5},"geometry":{"type":"Polygon","coordinates":[[[136.19832,36.19183],[136.19942,36.19189],[136.19945,36.1915],[136.19834,36.19145],[136.19832,36.19183]]]}},{"type":"Feature","properties":{"pid":"a80feae0-d23c-4e9c-b072-066c6f20d85a","full":37.2},"geometry":{"type":"Polygon","coordinates":[[[136.19709,36.19184],[136.19819,36.1919],[136.19823,36.19146],[136.19821,36.19143],[136.19721,36.19137],[136.19717,36.1914],[136.19709,36.19184]]]}},{"type":"Feature","properties":{"pid":"2b04cd8e-37f7-4a16-937d-c3ed73a4b3b6","full":11.6},"geometry":{"type":"Polygon","coordinates":[[[136.19697,36.19255],[136.19814,36.19262],[136.19816,36.19242],[136.19701,36.19235],[136.19697,36.19255]]]}},{"type":"Feature","properties":{"pid":"abd72140-4d7f-4085-a137-54e3ded58756","full":39.9},"geometry":{"type":"Polygon","coordinates":[[[136.19701,36.19234],[136.19816,36.1924],[136.19819,36.19192],[136.19709,36.19186],[136.19701,36.19234]]]}},{"type":"Feature","properties":{"pid":"16f94042-6a57-4ed6-a454-4a53778d5180","full":17.4},"geometry":{"type":"Polygon","coordinates":[[[136.19693,36.19282],[136.19812,36.19288],[136.19814,36.19263],[136.19697,36.19257],[136.19693,36.19282]]]}},{"type":"Feature","properties":{"pid":"7267d281-1c1a-4baf-ac19-7ed1846ea477","full":28.7},"geometry":{"type":"Polygon","coordinates":[[[136.19686,36.19318],[136.19808,36.19325],[136.19812,36.1929],[136.19692,36.19283],[136.19686,36.19318]]]}},{"type":"Feature","properties":{"pid":"2b8415dd-0c04-4b8c-a86d-7afbb9b00e8e","full":29.7},"geometry":{"type":"Polygon","coordinates":[[[136.19601,36.19295],[136.19679,36.19291],[136.19688,36.19241],[136.196,36.19245],[136.19598,36.19247],[136.19601,36.19295]]]}},{"type":"Feature","properties":{"pid":"d099b19a-72d7-48ab-980b-a1d1b3ac2df3","full":29.6},"geometry":{"type":"Polygon","coordinates":[[[136.19605,36.19356],[136.19668,36.19353],[136.19678,36.19293],[136.196,36.19297],[136.19605,36.19356]]]}},{"type":"Feature","properties":{"pid":"65d46a54-b43a-4270-a3f9-bb0e2bf34fad","full":66.6},"geometry":{"type":"Polygon","coordinates":[[[136.19487,36.19362],[136.19598,36.19357],[136.19593,36.19281],[136.19482,36.19286],[136.19487,36.19362]]]}},{"type":"Feature","properties":{"pid":"c9e39e63-a3b5-4305-802e-0742ae42652c","full":24.7},"geometry":{"type":"Polygon","coordinates":[[[136.19482,36.19284],[136.19592,36.19279],[136.1959,36.19245],[136.19479,36.19251],[136.19482,36.19284]]]}},{"type":"Feature","properties":{"pid":"fde6a38f-d792-458d-8a62-36fe55980280","full":35.9},"geometry":{"type":"Polygon","coordinates":[[[136.19596,36.1924],[136.19687,36.19236],[136.19696,36.19185],[136.19592,36.19189],[136.19596,36.1924]]]}},{"type":"Feature","properties":{"pid":"8f3e82ae-cdd6-45ab-a954-3fd37c7efde5","full":51.4},"geometry":{"type":"Polygon","coordinates":[[[136.19589,36.19142],[136.19692,36.19136],[136.1969,36.19129],[136.19681,36.19069],[136.19584,36.19074],[136.19589,36.19142]]]}},{"type":"Feature","properties":{"pid":"5d51e718-511f-4e32-af2c-1f2852e0f81f","full":36.3},"geometry":{"type":"Polygon","coordinates":[[[136.19592,36.19188],[136.19696,36.19183],[136.19705,36.19137],[136.19589,36.19143],[136.19592,36.19188]]]}},{"type":"Feature","properties":{"pid":"470433a1-4b8b-4d2d-a86c-dc8dd03f953c","full":133.8},"geometry":{"type":"Polygon","coordinates":[[[136.19829,36.19014],[136.19693,36.19008],[136.19689,36.19071],[136.19696,36.19125],[136.19701,36.19126],[136.19723,36.19128],[136.1982,36.19133],[136.19829,36.19014]]]}},{"type":"Feature","properties":{"pid":"6b49678a-0dfc-4da9-b3f2-212ce63439b4","full":10.2},"geometry":{"type":"Polygon","coordinates":[[[136.19384,36.19071],[136.19458,36.19067],[136.19456,36.19039],[136.19426,36.1904],[136.19426,36.19045],[136.19382,36.19047],[136.19384,36.19071]]]}},{"type":"Feature","properties":{"pid":"79fb5aaa-452e-4e1f-9b92-1203804854fe","full":19.8},"geometry":{"type":"Polygon","coordinates":[[[136.19469,36.19102],[136.1958,36.19097],[136.19577,36.19068],[136.19467,36.19074],[136.19469,36.19102]]]}},{"type":"Feature","properties":{"pid":"5aa1d3d5-a91b-4b40-a2d6-69855bf6636b","full":7.8},"geometry":{"type":"Polygon","coordinates":[[[136.1947,36.1912],[136.19581,36.19115],[136.1958,36.19098],[136.19469,36.19104],[136.1947,36.1912]]]}},{"type":"Feature","properties":{"pid":"f16a969a-c5ae-4d04-ad01-58a7dedb0797","full":15.5},"geometry":{"type":"Polygon","coordinates":[[[136.19472,36.19147],[136.19583,36.19141],[136.19581,36.19116],[136.1947,36.19122],[136.19472,36.19147]]]}},{"type":"Feature","properties":{"pid":"f1e561e1-cf89-4724-a431-4d5183d9f677","full":8.8},"geometry":{"type":"Polygon","coordinates":[[[136.1937,36.19166],[136.19464,36.19161],[136.19463,36.19141],[136.19369,36.19146],[136.1937,36.19166]]]}},{"type":"Feature","properties":{"pid":"530c4445-89a1-44d0-aad1-519ac45419c6","full":10.8},"geometry":{"type":"Polygon","coordinates":[[[136.19389,36.19144],[136.19463,36.1914],[136.19461,36.19114],[136.19387,36.19118],[136.19389,36.19144]]]}},{"type":"Feature","properties":{"pid":"4b4608e0-7983-4a9c-9a0c-d9c4f39660fa","full":22.4},"geometry":{"type":"Polygon","coordinates":[[[136.19387,36.19116],[136.19461,36.19113],[136.19458,36.19068],[136.19384,36.19072],[136.19387,36.19116]]]}},{"type":"Feature","properties":{"pid":"f2485cc4-5a1b-44c6-a2da-7a28bc8a76ea","full":20.1},"geometry":{"type":"Polygon","coordinates":[[[136.19267,36.19099],[136.19319,36.19097],[136.19329,36.19047],[136.19326,36.19045],[136.19263,36.19048],[136.19267,36.19099]]]}},{"type":"Feature","properties":{"pid":"642138c2-4e62-4867-a4cc-431842cef297","full":33.7},"geometry":{"type":"Polygon","coordinates":[[[136.19128,36.19152],[136.19177,36.1915],[136.1917,36.19051],[136.19122,36.19054],[136.19128,36.19152]]]}},{"type":"Feature","properties":{"pid":"2a86bc7c-4afe-4537-8ac5-5e3e804f8e90","full":32.7},"geometry":{"type":"Polygon","coordinates":[[[136.19052,36.19125],[136.19118,36.19122],[136.19113,36.19054],[136.19047,36.19056],[136.19052,36.19125]]]}},{"type":"Feature","properties":{"pid":"2268e0f4-b503-40e7-8ed3-ad31d40f19f8","full":17.6},"geometry":{"type":"Polygon","coordinates":[[[136.19055,36.19168],[136.1912,36.19165],[136.19118,36.19124],[136.19052,36.19127],[136.19055,36.19168]]]}},{"type":"Feature","properties":{"pid":"eb965e49-26d3-4618-a74f-9247abf2394c","full":25.7},"geometry":{"type":"Polygon","coordinates":[[[136.19178,36.19149],[136.1918,36.1915],[136.19217,36.19149],[136.19211,36.1905],[136.19171,36.19051],[136.19178,36.19149]]]}},{"type":"Feature","properties":{"pid":"70d2b25d-6e3a-4bc3-bb2d-aaa83fcd1c18","full":30.4},"geometry":{"type":"Polygon","coordinates":[[[136.19219,36.19148],[136.19261,36.19147],[136.19263,36.19145],[136.19257,36.19048],[136.19211,36.19049],[136.19219,36.19148]]]}},{"type":"Feature","properties":{"pid":"68b08cd2-e51d-4084-b97e-8cc9aef74ea5","full":29.9},"geometry":{"type":"Polygon","coordinates":[[[136.19227,36.19252],[136.19272,36.1925],[136.19264,36.19153],[136.19219,36.19155],[136.19227,36.19252]]]}},{"type":"Feature","properties":{"pid":"0bb68dea-4ec4-4e1b-8339-9cb47377e504","full":30.3},"geometry":{"type":"Polygon","coordinates":[[[136.19136,36.19257],[136.19181,36.19254],[136.19173,36.19157],[136.1913,36.19159],[136.19128,36.19161],[136.19136,36.19257]]]}},{"type":"Feature","properties":{"pid":"ab20e887-e2d2-4305-b01c-457f6bf6eb82","full":28.5},"geometry":{"type":"Polygon","coordinates":[[[136.19182,36.19254],[136.19225,36.19252],[136.19217,36.19155],[136.19174,36.19157],[136.19182,36.19254]]]}},{"type":"Feature","properties":{"pid":"fccecd60-f70c-4957-a8fd-6066ac896b34","full":14.1},"geometry":{"type":"Polygon","coordinates":[[[136.19058,36.19204],[136.19123,36.19201],[136.19121,36.19166],[136.19058,36.19169],[136.19058,36.19171],[136.19055,36.19171],[136.19058,36.19204]]]}},{"type":"Feature","properties":{"pid":"ebcf312b-ef83-4bf3-853c-7a06a5867e45","full":26.4},"geometry":{"type":"Polygon","coordinates":[[[136.19061,36.19262],[136.19128,36.19258],[136.19123,36.19202],[136.19057,36.19205],[136.19061,36.19262]]]}},{"type":"Feature","properties":{"pid":"bec98743-1595-4648-905c-4d82e7198f90","full":56.6},"geometry":{"type":"Polygon","coordinates":[[[136.19022,36.19339],[136.19133,36.19333],[136.19128,36.19264],[136.19061,36.19267],[136.19018,36.19292],[136.19022,36.19339]]]}},{"type":"Feature","properties":{"pid":"99f79d2a-2456-4b12-aece-2b1d7cebeddb","full":19.8},"geometry":{"type":"Polygon","coordinates":[[[136.19143,36.19357],[136.19256,36.19351],[136.19254,36.19323],[136.19141,36.19328],[136.19143,36.19357]]]}},{"type":"Feature","properties":{"pid":"fbcad3fb-b227-4604-bc5d-0d22fa5d60da","full":56.1},"geometry":{"type":"Polygon","coordinates":[[[136.19141,36.19327],[136.19254,36.19322],[136.19249,36.19258],[136.19136,36.19263],[136.19141,36.19327]]]}},{"type":"Feature","properties":{"pid":"9f4310fb-e3f5-4cdd-b55f-dc32e8bb66be","full":3.8},"geometry":{"type":"Polygon","coordinates":[[[136.19264,36.19356],[136.19284,36.19355],[136.19282,36.19307],[136.1926,36.19308],[136.19264,36.19356]]]}},{"type":"Feature","properties":{"pid":"410518a8-7d97-44dd-8ff4-fce00394bfeb","full":18.4},"geometry":{"type":"Polygon","coordinates":[[[136.19292,36.19304],[136.19295,36.19306],[136.19352,36.19304],[136.19353,36.19302],[136.1935,36.19256],[136.19346,36.19255],[136.19296,36.19257],[136.19292,36.19304]]]}},{"type":"Feature","properties":{"pid":"6a78a865-d95b-4bf7-af32-302dca070257","full":7.9},"geometry":{"type":"Polygon","coordinates":[[[136.19274,36.19202],[136.19296,36.19201],[136.1931,36.1915],[136.19271,36.19152],[136.19274,36.19202]]]}},{"type":"Feature","properties":{"pid":"97983da7-cb34-429e-bc11-e501258cd79d","full":33.7},"geometry":{"type":"Polygon","coordinates":[[[136.19355,36.19247],[136.1947,36.19241],[136.19467,36.192],[136.19353,36.19205],[136.19355,36.19247]]]}},{"type":"Feature","properties":{"pid":"eb531d43-cf1d-450e-b4a6-f50f6bfc72d5","full":23.0},"geometry":{"type":"Polygon","coordinates":[[[136.19353,36.19204],[136.19467,36.19199],[136.19464,36.19162],[136.19371,36.19167],[136.19373,36.19201],[136.19352,36.19203],[136.19353,36.19204]]]}},{"type":"Feature","properties":{"pid":"1e3efe4e-e4b3-4a0a-a4ab-8784cf927913","full":41.0},"geometry":{"type":"Polygon","coordinates":[[[136.19476,36.19198],[136.19586,36.19192],[136.19583,36.19142],[136.19472,36.19148],[136.19476,36.19198]]]}},{"type":"Feature","properties":{"pid":"4a8964b5-5fde-4795-ac14-cd2e3b00147b","full":33.4},"geometry":{"type":"Polygon","coordinates":[[[136.19478,36.19241],[136.19589,36.19236],[136.19586,36.19193],[136.19476,36.19199],[136.19478,36.19241]]]}},{"type":"Feature","properties":{"pid":"8fe4b3f4-7801-4c9d-ba6e-5df3ab1389a2","full":43.1},"geometry":{"type":"Polygon","coordinates":[[[136.19359,36.19303],[136.19474,36.19298],[136.1947,36.19247],[136.19356,36.19252],[136.19359,36.19303]]]}},{"type":"Feature","properties":{"pid":"532fd55f-b15e-4364-80a4-68d9a8b51b24","full":25.3},"geometry":{"type":"Polygon","coordinates":[[[136.19362,36.19338],[136.19476,36.19332],[136.19474,36.19299],[136.1936,36.19304],[136.19362,36.19338]]]}},{"type":"Feature","properties":{"pid":"9f40fe8b-4cf0-45f4-a78e-309488246900","full":20.0},"geometry":{"type":"Polygon","coordinates":[[[136.19364,36.19367],[136.19479,36.19362],[136.19477,36.19333],[136.19362,36.19339],[136.19364,36.19367]]]}},{"type":"Feature","properties":{"pid":"e4bff5c3-5dc2-4544-b3b7-650b3e05b2b4","full":21.2},"geometry":{"type":"Polygon","coordinates":[[[136.19367,36.19398],[136.19481,36.19393],[136.19479,36.19363],[136.19364,36.19368],[136.19367,36.19398]]]}},{"type":"Feature","properties":{"pid":"7af487a7-7423-4733-8ede-66338e4514a7","full":7.8},"geometry":{"type":"Polygon","coordinates":[[[136.19368,36.19416],[136.19482,36.19411],[136.19481,36.19395],[136.19367,36.19399],[136.19368,36.19416]]]}},{"type":"Feature","properties":{"pid":"47e8e829-d8c3-43a6-ac41-677fb97fdebe","full":36.8},"geometry":{"type":"Polygon","coordinates":[[[136.19374,36.19503],[136.19489,36.19498],[136.19486,36.19453],[136.19371,36.19459],[136.19374,36.19503]]]}},{"type":"Feature","properties":{"pid":"ecd6110b-3bc8-4980-b374-eb266fccaf6e","full":30.0},"geometry":{"type":"Polygon","coordinates":[[[136.19371,36.19456],[136.19485,36.19451],[136.19483,36.19413],[136.19368,36.19418],[136.19371,36.19456]]]}},{"type":"Feature","properties":{"pid":"bc024d5b-586a-4fef-9eb8-31310ccbc9c8","full":3.7},"geometry":{"type":"Polygon","coordinates":[[[136.19345,36.19457],[136.19365,36.19456],[136.19361,36.19407],[136.19341,36.19408],[136.19345,36.19457]]]}},{"type":"Feature","properties":{"pid":"cd9670ca-9d3e-4bd7-ba2b-ecb3a176e879","full":3.3},"geometry":{"type":"Polygon","coordinates":[[[136.19348,36.19504],[136.19368,36.19503],[136.19365,36.19459],[136.19345,36.1946],[136.19348,36.19504]]]}},{"type":"Feature","properties":{"pid":"aa9a86a5-4979-45c7-b403-289701da6a37","full":2.9},"geometry":{"type":"Polygon","coordinates":[[[136.19327,36.19505],[136.19347,36.19504],[136.19343,36.1946],[136.19324,36.19461],[136.19327,36.19505]]]}},{"type":"Feature","properties":{"pid":"be07cafd-ae6e-4fec-acae-fd3250756ef1","full":3.9},"geometry":{"type":"Polygon","coordinates":[[[136.19247,36.1941],[136.19268,36.19409],[136.19264,36.19358],[136.19244,36.19359],[136.19247,36.1941]]]}},{"type":"Feature","properties":{"pid":"fcc61a33-692a-4dd4-9e7d-4f68e23f64ee","full":9.9},"geometry":{"type":"Polygon","coordinates":[[[136.19149,36.19417],[136.1924,36.19413],[136.19238,36.19391],[136.19148,36.19396],[136.19149,36.19417]]]}},{"type":"Feature","properties":{"pid":"144e82da-e194-4bce-80d2-79cef6113e4f","full":21.9},"geometry":{"type":"Polygon","coordinates":[[[136.19147,36.19394],[136.19238,36.1939],[136.19235,36.19354],[136.19144,36.19358],[136.19147,36.19394]]]}},{"type":"Feature","properties":{"pid":"238b35b6-89a7-4c63-81f1-700a4e8949da","full":34.6},"geometry":{"type":"Polygon","coordinates":[[[136.19025,36.19383],[136.19136,36.19378],[136.19133,36.19334],[136.19022,36.19339],[136.19025,36.19383]]]}},{"type":"Feature","properties":{"pid":"eb259ab0-fd31-4490-84f0-07152a9010eb","full":27.5},"geometry":{"type":"Polygon","coordinates":[[[136.19139,36.19416],[136.19136,36.19379],[136.19025,36.19385],[136.19027,36.1942],[136.19139,36.19416]]]}},{"type":"Feature","properties":{"pid":"f23e7b6d-c84a-4623-9744-7bdf55f604bb","full":10.4},"geometry":{"type":"Polygon","coordinates":[[[136.19029,36.19441],[136.1914,36.19436],[136.19139,36.19417],[136.19028,36.19422],[136.19029,36.19441]]]}},{"type":"Feature","properties":{"pid":"3d920fac-2e34-4538-b39a-4233c784b78e","full":16.6},"geometry":{"type":"Polygon","coordinates":[[[136.19032,36.19469],[136.19142,36.19463],[136.1914,36.19438],[136.1903,36.19443],[136.19032,36.19469]]]}},{"type":"Feature","properties":{"pid":"41dc622d-71c7-4bad-8998-cc7f7e3d8338","full":39.7},"geometry":{"type":"Polygon","coordinates":[[[136.19036,36.19518],[136.19146,36.19513],[136.19142,36.19464],[136.19032,36.1947],[136.19036,36.19518]]]}},{"type":"Feature","properties":{"pid":"63610f01-e0aa-4e57-9583-4130955d834a","full":32.7},"geometry":{"type":"Polygon","coordinates":[[[136.19156,36.19513],[136.19248,36.19508],[136.19244,36.19459],[136.19152,36.19463],[136.19156,36.19513]]]}},{"type":"Feature","properties":{"pid":"6ecefd35-2cd7-464a-bc35-4b3e52f1eac6","full":26.6},"geometry":{"type":"Polygon","coordinates":[[[136.19152,36.19461],[136.19244,36.19457],[136.19241,36.19415],[136.19149,36.1942],[136.19152,36.19461]]]}},{"type":"Feature","properties":{"pid":"412f89a6-093a-4f64-86ef-f361e582b596","full":3.4},"geometry":{"type":"Polygon","coordinates":[[[136.19255,36.19509],[136.19275,36.19508],[136.19272,36.19462],[136.19251,36.19463],[136.19255,36.19509]]]}},{"type":"Feature","properties":{"pid":"621a97f3-d9de-43aa-9fd6-6568cfc5f5cf","full":51.5},"geometry":{"type":"Polygon","coordinates":[[[136.19254,36.19594],[136.19249,36.19521],[136.19158,36.19525],[136.19157,36.19526],[136.19162,36.19598],[136.19254,36.19594]]]}},{"type":"Feature","properties":{"pid":"24f42318-ed8f-4217-b02c-caa9fe4b0f33","full":35.1},"geometry":{"type":"Polygon","coordinates":[[[136.19146,36.1953],[136.19143,36.19526],[136.19036,36.19531],[136.1904,36.19576],[136.19149,36.1957],[136.19146,36.1953]]]}},{"type":"Feature","properties":{"pid":"cccf3321-676a-4319-9cef-5631bde4dcac","full":15.5},"geometry":{"type":"Polygon","coordinates":[[[136.19151,36.19596],[136.19149,36.19571],[136.1904,36.19577],[136.19043,36.19601],[136.19151,36.19596]]]}},{"type":"Feature","properties":{"pid":"cddfcfd0-b5d0-435c-889e-b2630d826c59","full":20.9},"geometry":{"type":"Polygon","coordinates":[[[136.19044,36.19634],[136.19151,36.19628],[136.1915,36.19624],[136.19151,36.19622],[136.19152,36.19622],[136.1915,36.19601],[136.19146,36.19598],[136.19042,36.19603],[136.19044,36.19634]]]}},{"type":"Feature","properties":{"pid":"a99ed32e-6123-43d7-ac5e-d2dddd7f832f","full":46.6},"geometry":{"type":"Polygon","coordinates":[[[136.19049,36.19692],[136.19158,36.19686],[136.19153,36.19629],[136.19044,36.19635],[136.19049,36.19692]]]}},{"type":"Feature","properties":{"pid":"45e0c9b8-6cbb-48f6-8381-df13408d41dd","full":8.3},"geometry":{"type":"Polygon","coordinates":[[[136.19168,36.19676],[136.19262,36.19671],[136.19261,36.19652],[136.19166,36.19657],[136.19168,36.19676]]]}},{"type":"Feature","properties":{"pid":"6d7dcf36-f631-465d-8248-f621a187fff5","full":10.4},"geometry":{"type":"Polygon","coordinates":[[[136.19257,36.19616],[136.19255,36.19595],[136.19161,36.19599],[136.19164,36.19621],[136.19257,36.19616]]]}},{"type":"Feature","properties":{"pid":"bc54a486-f527-425c-ad3d-8505f120205b","full":19.4},"geometry":{"type":"Polygon","coordinates":[[[136.19166,36.19656],[136.19261,36.19651],[136.19258,36.19618],[136.19164,36.19623],[136.19166,36.19656]]]}},{"type":"Feature","properties":{"pid":"38e9a517-a302-4de3-a2e1-d35c76b97200","full":17.5},"geometry":{"type":"Polygon","coordinates":[[[136.19169,36.19704],[136.19173,36.19707],[136.19265,36.19703],[136.19263,36.19673],[136.19168,36.19678],[136.19169,36.19704]]]}},{"type":"Feature","properties":{"pid":"e9191732-7a99-46f0-91f1-05b63d9a521c","full":19.5},"geometry":{"type":"Polygon","coordinates":[[[136.19319,36.1971],[136.19383,36.19707],[136.1938,36.19664],[136.19377,36.19661],[136.19317,36.19664],[136.19319,36.1971]]]}},{"type":"Feature","properties":{"pid":"598dec19-d0bc-4af7-acff-9121460c8e79","full":14.0},"geometry":{"type":"Polygon","coordinates":[[[136.19317,36.1966],[136.19377,36.19657],[136.19379,36.19656],[136.19375,36.19602],[136.19335,36.19604],[136.19338,36.19649],[136.19316,36.1965],[136.19317,36.1966]]]}},{"type":"Feature","properties":{"pid":"d6b5882f-4201-429a-87f2-1590317ec984","full":12.2},"geometry":{"type":"Polygon","coordinates":[[[136.19269,36.19665],[136.19299,36.19664],[136.19298,36.19658],[136.19305,36.19658],[136.19302,36.19607],[136.19263,36.19609],[136.19269,36.19665]]]}},{"type":"Feature","properties":{"pid":"2a162439-4874-472f-b9d5-9d824785921c","full":9.0},"geometry":{"type":"Polygon","coordinates":[[[136.19335,36.19603],[136.19375,36.19601],[136.19372,36.19561],[136.19334,36.19563],[136.19334,36.19564],[136.19332,36.19564],[136.19335,36.19603]]]}},{"type":"Feature","properties":{"pid":"d6491378-1f7f-4eba-8a8f-bfc28424b5cc","full":21.1},"geometry":{"type":"Polygon","coordinates":[[[136.19383,36.19616],[136.19515,36.1961],[136.19514,36.19584],[136.19381,36.1959],[136.19383,36.19616]]]}},{"type":"Feature","properties":{"pid":"edfd0b71-26e8-4140-8a38-b5068467fb91","full":31.8},"geometry":{"type":"Polygon","coordinates":[[[136.19511,36.19547],[136.19378,36.19553],[136.19381,36.19588],[136.19513,36.19582],[136.19511,36.19547]]]}},{"type":"Feature","properties":{"pid":"b0365052-6f31-45ff-acd5-5a3663c35d6f","full":32.4},"geometry":{"type":"Polygon","coordinates":[[[136.19511,36.19545],[136.19509,36.19509],[136.19375,36.19516],[136.19378,36.19551],[136.19511,36.19545]]]}},{"type":"Feature","properties":{"pid":"82668acc-f29c-465c-8add-61cd3a8a1c79","full":47.2},"geometry":{"type":"Polygon","coordinates":[[[136.19386,36.19665],[136.19519,36.19659],[136.19516,36.19611],[136.19383,36.19618],[136.19386,36.19665]]]}},{"type":"Feature","properties":{"pid":"438e7e7c-23ad-4ec8-8a0f-2ebe9d724051","full":24.2},"geometry":{"type":"Polygon","coordinates":[[[136.19389,36.19696],[136.1952,36.1969],[136.19519,36.19661],[136.19386,36.19667],[136.19389,36.19696]]]}},{"type":"Feature","properties":{"pid":"9a2ce0a5-b144-48b1-98b9-f69f1b5ea521","full":21.8},"geometry":{"type":"Polygon","coordinates":[[[136.19531,36.19706],[136.1965,36.197],[136.1965,36.19671],[136.19528,36.19677],[136.19531,36.19706]]]}},{"type":"Feature","properties":{"pid":"bb0dc30c-54c8-4ebe-9ef9-dca0f5ab8e65","full":7.3},"geometry":{"type":"Polygon","coordinates":[[[136.19529,36.19676],[136.19649,36.1967],[136.19649,36.19654],[136.19527,36.1966],[136.19529,36.19676]]]}},{"type":"Feature","properties":{"pid":"f39dce7b-ead0-40b9-b2a7-7e0568909aa2","full":28.0},"geometry":{"type":"Polygon","coordinates":[[[136.19527,36.19659],[136.19649,36.19653],[136.19648,36.19619],[136.19524,36.19625],[136.19527,36.19659]]]}},{"type":"Feature","properties":{"pid":"512488a1-8928-494c-a757-2fd16de9f80f","full":46.9},"geometry":{"type":"Polygon","coordinates":[[[136.19663,36.19682],[136.19778,36.19688],[136.19783,36.19635],[136.19662,36.19628],[136.19663,36.19682]]]}},{"type":"Feature","properties":{"pid":"0d86184d-a0e8-4062-a183-50c19a42345b","full":26.1},"geometry":{"type":"Polygon","coordinates":[[[136.19662,36.19627],[136.19783,36.19634],[136.19786,36.19602],[136.19661,36.19594],[136.19662,36.19627]]]}},{"type":"Feature","properties":{"pid":"fb0a19d8-3616-4000-b2a7-d1a27fd688ab","full":36.1},"geometry":{"type":"Polygon","coordinates":[[[136.19661,36.19593],[136.19785,36.19601],[136.19789,36.19561],[136.19659,36.19553],[136.19661,36.19593]]]}},{"type":"Feature","properties":{"pid":"4704f36b-a263-4b88-ba31-0ac97340462f","full":22.0},"geometry":{"type":"Polygon","coordinates":[[[136.19659,36.19552],[136.19789,36.19559],[136.19792,36.19532],[136.19659,36.19525],[136.19659,36.19552]]]}},{"type":"Feature","properties":{"pid":"04122769-d9cf-40a9-90cd-56225c2ac8c0","full":29.0},"geometry":{"type":"Polygon","coordinates":[[[136.19522,36.19592],[136.19647,36.19586],[136.19646,36.19552],[136.1952,36.19558],[136.19522,36.19592]]]}},{"type":"Feature","properties":{"pid":"e4a06f8b-b8f0-4cfa-bc2f-e15ba2bbde42","full":23.4},"geometry":{"type":"Polygon","coordinates":[[[136.19525,36.19624],[136.19648,36.19618],[136.19647,36.19588],[136.19522,36.19594],[136.19525,36.19624]]]}},{"type":"Feature","properties":{"pid":"58d26efc-5752-49e0-8dcf-68e2ecfa869a","full":44.4},"geometry":{"type":"Polygon","coordinates":[[[136.1952,36.19556],[136.19645,36.1955],[136.19644,36.195],[136.19603,36.19505],[136.19517,36.19509],[136.1952,36.19556]]]}},{"type":"Feature","properties":{"pid":"448f1024-b74e-4d94-8aed-bb8b191e2f0f","full":15.2},"geometry":{"type":"Polygon","coordinates":[[[136.19615,36.19487],[136.19646,36.19483],[136.19656,36.1942],[136.1961,36.19422],[136.19615,36.19487]]]}},{"type":"Feature","properties":{"pid":"c0780b04-1c36-4aa5-95d7-81dcfa7b10e6","full":40.7},"geometry":{"type":"Polygon","coordinates":[[[136.19498,36.19497],[136.19609,36.19492],[136.19605,36.19442],[136.19494,36.19448],[136.19498,36.19497]]]}},{"type":"Feature","properties":{"pid":"9ac63ee3-ba53-428d-9837-1a77b6dc958e","full":20.5},"geometry":{"type":"Polygon","coordinates":[[[136.19494,36.19446],[136.19604,36.1944],[136.19602,36.19411],[136.19491,36.19416],[136.19494,36.19446]]]}},{"type":"Feature","properties":{"pid":"7e526df5-4a3b-424d-afbe-afe85a241a4b","full":15.8},"geometry":{"type":"Polygon","coordinates":[[[136.19492,36.19415],[136.19602,36.19409],[136.196,36.19384],[136.19489,36.1939],[136.19492,36.19415]]]}},{"type":"Feature","properties":{"pid":"3ebf662e-6fcc-4c34-a9f6-315af0998a81","full":15.5},"geometry":{"type":"Polygon","coordinates":[[[136.19489,36.19388],[136.196,36.19383],[136.19598,36.19358],[136.19487,36.19363],[136.19489,36.19388]]]}},{"type":"Feature","properties":{"pid":"2dcd4b66-05c0-496f-aa9b-d25a6deba08c","full":23.6},"geometry":{"type":"Polygon","coordinates":[[[136.19609,36.19421],[136.19657,36.19419],[136.19667,36.19355],[136.19605,36.19358],[136.19609,36.19421]]]}},{"type":"Feature","properties":{"pid":"adcd9563-fa9d-4225-bdf3-281349e4916c","full":58.3},"geometry":{"type":"Polygon","coordinates":[[[136.19676,36.19379],[136.19804,36.19386],[136.19809,36.19326],[136.19686,36.19319],[136.19676,36.19379]]]}},{"type":"Feature","properties":{"pid":"3985707a-68ac-4e1b-ba53-dcb24c6f7e79","full":62.4},"geometry":{"type":"Polygon","coordinates":[[[136.19666,36.19443],[136.19777,36.1945],[136.19783,36.19447],[136.19799,36.19444],[136.19804,36.19389],[136.19675,36.19382],[136.19666,36.19443]]]}},{"type":"Feature","properties":{"pid":"661ce01c-190b-43c6-b549-1eec6e79c286","full":48.2},"geometry":{"type":"Polygon","coordinates":[[[136.19658,36.19524],[136.19792,36.19531],[136.19797,36.19465],[136.19795,36.19464],[136.19792,36.19461],[136.19789,36.1946],[136.19744,36.19474],[136.19692,36.19491],[136.19658,36.19499],[136.19658,36.19524]]]}},{"type":"Feature","properties":{"pid":"38fec579-7ff9-4448-81af-7eef9b98b8df","full":25.3},"geometry":{"type":"Polygon","coordinates":[[[136.19806,36.1949],[136.19916,36.19496],[136.19919,36.19459],[136.19809,36.19457],[136.19806,36.1949]]]}},{"type":"Feature","properties":{"pid":"f4bc83f1-0d98-4359-9920-a5753edcc1d8","full":26.0},"geometry":{"type":"Polygon","coordinates":[[[136.19815,36.19392],[136.19925,36.19398],[136.19928,36.19363],[136.19817,36.19357],[136.19815,36.19392]]]}},{"type":"Feature","properties":{"pid":"150e38e1-e7d3-4ebc-87d8-129c37d10fa5","full":37.3},"geometry":{"type":"Polygon","coordinates":[[[136.1981,36.19443],[136.19839,36.19441],[136.19921,36.19445],[136.19925,36.19399],[136.19814,36.19393],[136.1981,36.19443]]]}},{"type":"Feature","properties":{"pid":"458c4425-9aa7-49b3-b60f-5665ef148860","full":31.2},"geometry":{"type":"Polygon","coordinates":[[[136.19933,36.19391],[136.20043,36.19398],[136.20047,36.19357],[136.19936,36.19351],[136.19933,36.19391]]]}},{"type":"Feature","properties":{"pid":"649751de-4af9-4f90-ad96-e9cec0213dd1","full":8.5},"geometry":{"type":"Polygon","coordinates":[[[136.19932,36.1941],[136.20042,36.19417],[136.20044,36.19399],[136.19933,36.19392],[136.19932,36.1941]]]}},{"type":"Feature","properties":{"pid":"c85dadce-bc8b-4db7-a8e4-9cc435862b85","full":24.9},"geometry":{"type":"Polygon","coordinates":[[[136.19928,36.19446],[136.20038,36.19451],[136.20039,36.19443],[136.2004,36.19443],[136.20042,36.19418],[136.19931,36.19411],[136.19928,36.19446]]]}},{"type":"Feature","properties":{"pid":"3ce83e78-9c20-4aed-a862-8f3026bce237","full":29.4},"geometry":{"type":"Polygon","coordinates":[[[136.19923,36.19498],[136.20032,36.19504],[136.20035,36.19464],[136.19927,36.1946],[136.19923,36.19498]]]}},{"type":"Feature","properties":{"pid":"cb589a51-8309-4ad5-882e-b7a533c8933a","full":34.6},"geometry":{"type":"Polygon","coordinates":[[[136.19916,36.19586],[136.20026,36.19592],[136.20029,36.19548],[136.1992,36.19542],[136.19916,36.19586]]]}},{"type":"Feature","properties":{"pid":"65af2d74-c6ee-4584-888e-d498868aca63","full":31.8},"geometry":{"type":"Polygon","coordinates":[[[136.1992,36.19541],[136.20029,36.19547],[136.20032,36.19506],[136.19923,36.19499],[136.1992,36.19541]]]}},{"type":"Feature","properties":{"pid":"ff992565-e3c1-4093-9466-73bfb5d592a9","full":23.6},"geometry":{"type":"Polygon","coordinates":[[[136.19799,36.19575],[136.19909,36.19581],[136.19912,36.19548],[136.19802,36.19542],[136.19799,36.19575]]]}},{"type":"Feature","properties":{"pid":"e48619ae-507d-4d80-ab90-e6fe8265d03b","full":40.7},"geometry":{"type":"Polygon","coordinates":[[[136.19802,36.19541],[136.19912,36.19548],[136.19916,36.19497],[136.19807,36.19491],[136.19802,36.19541]]]}},{"type":"Feature","properties":{"pid":"a46be899-5e5f-43d3-86b2-477f3d9b3702","full":48.9},"geometry":{"type":"Polygon","coordinates":[[[136.19795,36.19634],[136.19905,36.1964],[136.19909,36.19582],[136.19799,36.19576],[136.19795,36.19634]]]}},{"type":"Feature","properties":{"pid":"80e9a2f9-6b55-47e8-9754-4561e935e5fe","full":16.2},"geometry":{"type":"Polygon","coordinates":[[[136.19792,36.19661],[136.19903,36.19668],[136.19905,36.19643],[136.19795,36.19636],[136.19792,36.19661]]]}},{"type":"Feature","properties":{"pid":"f1f059d2-42be-445f-9bd8-aeff85a7411d","full":61.4},"geometry":{"type":"Polygon","coordinates":[[[136.19905,36.19715],[136.20015,36.19721],[136.20021,36.1965],[136.19911,36.19644],[136.19905,36.19715]]]}},{"type":"Feature","properties":{"pid":"4833a635-ef61-4ff0-8dc3-275865046c00","full":43.6},"geometry":{"type":"Polygon","coordinates":[[[136.20026,36.19594],[136.19916,36.19588],[136.19912,36.19641],[136.20022,36.19647],[136.20026,36.19594]]]}},{"type":"Feature","properties":{"pid":"19b5c23b-52f6-4268-91b4-421a6a9e2569","full":76.6},"geometry":{"type":"Polygon","coordinates":[[[136.20015,36.19723],[136.19905,36.19717],[136.19898,36.198],[136.19901,36.19803],[136.20008,36.19809],[136.20015,36.19723]]]}},{"type":"Feature","properties":{"pid":"fa4eab40-87ad-4863-b8af-0ac5981707e3","full":55.4},"geometry":{"type":"Polygon","coordinates":[[[136.19786,36.19727],[136.19898,36.19734],[136.19902,36.19669],[136.19793,36.19663],[136.19786,36.19727]]]}},{"type":"Feature","properties":{"pid":"1aa32d2d-7c83-46fb-9e90-7cdc9c3675ef","full":58.1},"geometry":{"type":"Polygon","coordinates":[[[136.19781,36.19797],[136.1989,36.19802],[136.19892,36.19801],[136.19898,36.19736],[136.19786,36.19729],[136.19781,36.19797]]]}},{"type":"Feature","properties":{"pid":"bd37b272-9946-4ad4-8ecb-059e151b3424","full":59.6},"geometry":{"type":"Polygon","coordinates":[[[136.19774,36.19874],[136.19885,36.19881],[136.19891,36.19813],[136.19779,36.19806],[136.19774,36.19874]]]}},{"type":"Feature","properties":{"pid":"c84353ed-b1b5-4679-ab21-38bc9fd68c01","full":62.7},"geometry":{"type":"Polygon","coordinates":[[[136.19892,36.19886],[136.20002,36.19892],[136.20008,36.1982],[136.19898,36.19814],[136.19892,36.19886]]]}},{"type":"Feature","properties":{"pid":"6df259e5-0fde-4e36-9f62-c8919762b9a9","full":25.2},"geometry":{"type":"Polygon","coordinates":[[[136.20002,36.19893],[136.19892,36.19887],[136.19889,36.19922],[136.19999,36.19928],[136.20002,36.19893]]]}},{"type":"Feature","properties":{"pid":"4163442a-eb87-473d-9f2d-a81444f6ccb4","full":38.0},"geometry":{"type":"Polygon","coordinates":[[[136.19885,36.19971],[136.19995,36.19977],[136.19999,36.19929],[136.19889,36.19923],[136.19885,36.19971]]]}},{"type":"Feature","properties":{"pid":"d44779f6-7d30-4c6b-9dd3-c4e30889a214","full":25.3},"geometry":{"type":"Polygon","coordinates":[[[136.1999,36.20028],[136.1988,36.20023],[136.19877,36.20057],[136.19987,36.20063],[136.1999,36.20028]]]}},{"type":"Feature","properties":{"pid":"fbc9d29a-4a8f-4e39-93f1-b2587ef70bd4","full":39.1},"geometry":{"type":"Polygon","coordinates":[[[136.1988,36.20021],[136.1999,36.20027],[136.19995,36.19978],[136.19885,36.19973],[136.1988,36.20021]]]}},{"type":"Feature","properties":{"pid":"a2db019f-9f62-4849-bc74-4afb82d3b383","full":96.6},"geometry":{"type":"Polygon","coordinates":[[[136.1988,36.19951],[136.19768,36.19945],[136.1976,36.20052],[136.1987,36.20057],[136.1988,36.19951]]]}},{"type":"Feature","properties":{"pid":"d8fd388a-d5bd-43c3-98dc-73a4ba4f1e37","full":19.1},"geometry":{"type":"Polygon","coordinates":[[[136.19768,36.19944],[136.1988,36.19951],[136.19882,36.19922],[136.1977,36.19917],[136.19768,36.19944]]]}},{"type":"Feature","properties":{"pid":"057fabd8-1328-4aa3-b6fa-73fe9dd9a9ef","full":28.4},"geometry":{"type":"Polygon","coordinates":[[[136.19885,36.19882],[136.19774,36.19877],[136.19771,36.19915],[136.19881,36.1992],[136.19885,36.19882]]]}},{"type":"Feature","properties":{"pid":"fcf10130-57ee-455f-9af0-ff94fbed7fc3","full":37.7},"geometry":{"type":"Polygon","coordinates":[[[136.19669,36.1991],[136.19758,36.19915],[136.19763,36.1986],[136.19668,36.19855],[136.19669,36.1991]]]}},{"type":"Feature","properties":{"pid":"e1d2db35-f675-465f-8491-b338fede0d1d","full":34.4},"geometry":{"type":"Polygon","coordinates":[[[136.1967,36.19966],[136.19755,36.1997],[136.1976,36.19916],[136.19669,36.19911],[136.1967,36.19966]]]}},{"type":"Feature","properties":{"pid":"d9d7ae6a-3d4d-4c30-aa00-7eb17fe32b92","full":35.1},"geometry":{"type":"Polygon","coordinates":[[[136.19674,36.20073],[136.19675,36.20074],[136.19746,36.20078],[136.19751,36.20015],[136.19672,36.20011],[136.19674,36.20073]]]}},{"type":"Feature","properties":{"pid":"662148d4-019c-414a-b083-00fdebf5aa23","full":24.0},"geometry":{"type":"Polygon","coordinates":[[[136.19672,36.20009],[136.19751,36.20014],[136.19755,36.19971],[136.1967,36.19967],[136.19672,36.20009]]]}},{"type":"Feature","properties":{"pid":"b54aaa39-5bb8-4509-869d-5fc952480008","full":33.2},"geometry":{"type":"Polygon","coordinates":[[[136.19551,36.19987],[136.19666,36.19982],[136.19664,36.19941],[136.19548,36.19947],[136.19551,36.19987]]]}},{"type":"Feature","properties":{"pid":"547ca05a-9858-4861-a4e0-dcda18025b64","full":22.5},"geometry":{"type":"Polygon","coordinates":[[[136.19553,36.20019],[136.19666,36.20015],[136.19666,36.19983],[136.1955,36.19988],[136.19553,36.20019]]]}},{"type":"Feature","properties":{"pid":"e89f7ef1-686b-4dbe-a4a0-9f75148e568d","full":41.5},"geometry":{"type":"Polygon","coordinates":[[[136.19557,36.20071],[136.19669,36.20065],[136.19667,36.20016],[136.19553,36.2002],[136.19557,36.20071]]]}},{"type":"Feature","properties":{"pid":"41854494-5adc-4bcf-b74f-12fa14c47eb5","full":36.3},"geometry":{"type":"Polygon","coordinates":[[[136.19547,36.19946],[136.19664,36.1994],[136.19663,36.19897],[136.19544,36.19903],[136.19547,36.19946]]]}},{"type":"Feature","properties":{"pid":"e61dab51-0ce8-4f59-a346-3b2329ab87d8","full":22.2},"geometry":{"type":"Polygon","coordinates":[[[136.19544,36.19902],[136.19663,36.19896],[136.19661,36.19867],[136.19542,36.19872],[136.19544,36.19902]]]}},{"type":"Feature","properties":{"pid":"4d073518-195a-4fa7-ae81-a4a37cc1886d","full":33.1},"geometry":{"type":"Polygon","coordinates":[[[136.1954,36.19846],[136.19661,36.1984],[136.1966,36.19801],[136.19537,36.19806],[136.1954,36.19846]]]}},{"type":"Feature","properties":{"pid":"7fbb54f7-7624-4ef0-afa6-9a57c08a94a9","full":17.0},"geometry":{"type":"Polygon","coordinates":[[[136.19542,36.19871],[136.19662,36.19866],[136.19662,36.19841],[136.1954,36.19847],[136.19542,36.19871]]]}},{"type":"Feature","properties":{"pid":"b2fd9e40-b88e-4e70-b645-fc10882e6844","full":39.0},"geometry":{"type":"Polygon","coordinates":[[[136.19667,36.19854],[136.19764,36.19859],[136.19768,36.19806],[136.19666,36.198],[136.19667,36.19854]]]}},{"type":"Feature","properties":{"pid":"9e51ad31-cc07-4bbf-875e-09807f5fbd63","full":33.4},"geometry":{"type":"Polygon","coordinates":[[[136.19667,36.19793],[136.19769,36.19798],[136.19773,36.19754],[136.19665,36.19748],[136.19667,36.19793]]]}},{"type":"Feature","properties":{"pid":"87f766e0-2449-4ce7-8e66-274eb45cd648","full":54.0},"geometry":{"type":"Polygon","coordinates":[[[136.19666,36.19746],[136.19773,36.19752],[136.19778,36.19689],[136.19664,36.19683],[136.19666,36.19746]]]}},{"type":"Feature","properties":{"pid":"f5ec0787-74a5-461e-8c6a-baec2cfc351e","full":43.4},"geometry":{"type":"Polygon","coordinates":[[[136.19536,36.19796],[136.19651,36.19791],[136.19654,36.19789],[136.19657,36.19782],[136.19654,36.19782],[136.19652,36.19741],[136.19533,36.19747],[136.19536,36.19796]]]}},{"type":"Feature","properties":{"pid":"f71fb708-27dd-4107-99e0-751f1d5d4429","full":29.9},"geometry":{"type":"Polygon","coordinates":[[[136.19533,36.19745],[136.19652,36.1974],[136.19649,36.19703],[136.1953,36.19709],[136.19533,36.19745]]]}},{"type":"Feature","properties":{"pid":"135a290d-afa3-4f44-a828-9c56cd89fe7c","full":31.8},"geometry":{"type":"Polygon","coordinates":[[[136.19391,36.19732],[136.19524,36.19726],[136.19521,36.19691],[136.19388,36.19697],[136.19391,36.19732]]]}},{"type":"Feature","properties":{"pid":"3ea9142c-c465-424c-9afe-4c59a871a49c","full":32.0},"geometry":{"type":"Polygon","coordinates":[[[136.19393,36.19769],[136.19526,36.19763],[136.19524,36.19728],[136.19391,36.19734],[136.19393,36.19769]]]}},{"type":"Feature","properties":{"pid":"fb26f72c-4df6-4f4c-8ecf-b49991417d24","full":27.4},"geometry":{"type":"Polygon","coordinates":[[[136.19396,36.19802],[136.19528,36.19796],[136.19527,36.19765],[136.19394,36.19771],[136.19396,36.19802]]]}},{"type":"Feature","properties":{"pid":"5e7ce08c-ddce-452d-acb9-6a116ec730cb","full":14.3},"geometry":{"type":"Polygon","coordinates":[[[136.19391,36.19863],[136.19532,36.19856],[136.19531,36.19836],[136.19389,36.19842],[136.19391,36.19863]]]}},{"type":"Feature","properties":{"pid":"ea893940-e2de-470b-b021-ca7b7b2047d1","full":12.3},"geometry":{"type":"Polygon","coordinates":[[[136.19392,36.19882],[136.19534,36.19875],[136.19533,36.19856],[136.19391,36.19864],[136.19392,36.19882]]]}},{"type":"Feature","properties":{"pid":"1dbaa756-b183-4598-a9a0-bb5a12b1368a","full":24.9},"geometry":{"type":"Polygon","coordinates":[[[136.19389,36.19841],[136.19531,36.19835],[136.19529,36.19807],[136.19387,36.19813],[136.19389,36.19841]]]}},{"type":"Feature","properties":{"pid":"36b94e26-8e36-4410-aac7-0a4e2392cd3c","full":8.6},"geometry":{"type":"Polygon","coordinates":[[[136.19326,36.19806],[136.1939,36.19802],[136.19388,36.19777],[136.19325,36.1978],[136.19326,36.19806]]]}},{"type":"Feature","properties":{"pid":"afc92e89-cbf4-4043-9fd7-f46d371680ee","full":18.2},"geometry":{"type":"Polygon","coordinates":[[[136.1933,36.19866],[136.19385,36.19863],[136.19382,36.19814],[136.19326,36.19816],[136.1933,36.19866]]]}},{"type":"Feature","properties":{"pid":"710f7978-896f-488a-9ed4-5bcc7df2ea82","full":3.6},"geometry":{"type":"Polygon","coordinates":[[[136.19283,36.19867],[136.1932,36.19866],[136.19318,36.19843],[136.19282,36.19844],[136.19283,36.19867]]]}},{"type":"Feature","properties":{"pid":"6ade2783-afa1-4730-82ce-2c1215f12756","full":7.7},"geometry":{"type":"Polygon","coordinates":[[[136.1928,36.19808],[136.19315,36.19807],[136.19312,36.19766],[136.19276,36.19769],[136.1928,36.19808]]]}},{"type":"Feature","properties":{"pid":"9c40a05d-b74a-4301-8f8f-0e656f8d45df","full":1.7},"geometry":{"type":"Polygon","coordinates":[[[136.19325,36.19779],[136.19388,36.19776],[136.19387,36.19763],[136.19324,36.19767],[136.19325,36.19779]]]}},{"type":"Feature","properties":{"pid":"8154a56a-3395-4d57-9c51-1fdf26248a54","full":21.5},"geometry":{"type":"Polygon","coordinates":[[[136.19323,36.19762],[136.19387,36.1976],[136.19384,36.1971],[136.19319,36.19713],[136.19323,36.19762]]]}},{"type":"Feature","properties":{"pid":"8a4a4811-15ce-4771-9e44-c80b51b2bd38","full":26.0},"geometry":{"type":"Polygon","coordinates":[[[136.19172,36.19749],[136.19267,36.19743],[136.19265,36.19707],[136.19259,36.19704],[136.19175,36.19708],[136.19171,36.19711],[136.19169,36.19713],[136.19172,36.19749]]]}},{"type":"Feature","properties":{"pid":"bc1602cf-0650-4705-b1fc-950064f44f4c","full":20.3},"geometry":{"type":"Polygon","coordinates":[[[136.19175,36.19781],[136.19178,36.19783],[136.19269,36.19778],[136.19267,36.19747],[136.19263,36.19745],[136.19172,36.1975],[136.19175,36.19781]]]}},{"type":"Feature","properties":{"pid":"71001ad2-a6a7-4e72-b5e8-7954877ad621","full":26.1},"geometry":{"type":"Polygon","coordinates":[[[136.19052,36.19728],[136.1916,36.19723],[136.19158,36.19687],[136.19049,36.19693],[136.19052,36.19728]]]}},{"type":"Feature","properties":{"pid":"292f7660-30d1-4dd9-98d4-015fab289271","full":36.1},"geometry":{"type":"Polygon","coordinates":[[[136.19056,36.19776],[136.19165,36.19771],[136.19161,36.19725],[136.19053,36.1973],[136.19056,36.19776]]]}},{"type":"Feature","properties":{"pid":"da196319-1816-4c80-b60c-5199262ef4c6","full":30.6},"geometry":{"type":"Polygon","coordinates":[[[136.19059,36.19817],[136.19168,36.19812],[136.19165,36.19772],[136.19056,36.19777],[136.19059,36.19817]]]}},{"type":"Feature","properties":{"pid":"152183e7-96a9-4cb0-951c-949b665bc3a1","full":27.4},"geometry":{"type":"Polygon","coordinates":[[[136.1901,36.19872],[136.19094,36.19877],[136.19095,36.19825],[136.19051,36.19828],[136.19051,36.19827],[136.19014,36.19828],[136.1901,36.19872]]]}},{"type":"Feature","properties":{"pid":"6fe5e790-0f03-40ae-8cb7-c19641286d17","full":8.3},"geometry":{"type":"Polygon","coordinates":[[[136.19103,36.19851],[136.1917,36.19848],[136.19169,36.19824],[136.19103,36.19827],[136.19103,36.19851]]]}},{"type":"Feature","properties":{"pid":"b350cf65-5fb6-4509-814c-e7a96777d332","full":15.3},"geometry":{"type":"Polygon","coordinates":[[[136.19177,36.19809],[136.19182,36.19811],[136.19272,36.19808],[136.19269,36.1978],[136.19177,36.19784],[136.19175,36.19786],[136.19177,36.19809]]]}},{"type":"Feature","properties":{"pid":"80256b7d-c4ad-4e30-abf3-12aed94c676c","full":33.6},"geometry":{"type":"Polygon","coordinates":[[[136.1918,36.19873],[136.19277,36.19868],[136.19274,36.19822],[136.19269,36.1982],[136.19186,36.19824],[136.19186,36.19826],[136.19177,36.19826],[136.1918,36.19873]]]}},{"type":"Feature","properties":{"pid":"dc1c0382-882d-41a6-8fbd-db5dac41414f","full":22.9},"geometry":{"type":"Polygon","coordinates":[[[136.19183,36.1991],[136.19279,36.19905],[136.19277,36.1987],[136.1918,36.19874],[136.19183,36.1991]]]}},{"type":"Feature","properties":{"pid":"203717de-7cd5-462c-9734-a2d84b5ed146","full":31.7},"geometry":{"type":"Polygon","coordinates":[[[136.19186,36.19958],[136.19283,36.19954],[136.1928,36.19907],[136.19183,36.19912],[136.19186,36.19958]]]}},{"type":"Feature","properties":{"pid":"3d0f411d-9808-4be5-80cf-a510bf6b3ac1","full":27.4},"geometry":{"type":"Polygon","coordinates":[[[136.19102,36.19908],[136.19174,36.19904],[136.1917,36.19849],[136.19103,36.19852],[136.19102,36.19908]]]}},{"type":"Feature","properties":{"pid":"13cfcf17-ef72-463b-8c8a-e39984174e8d","full":24.9},"geometry":{"type":"Polygon","coordinates":[[[136.19094,36.19879],[136.1901,36.19874],[136.19005,36.19915],[136.19093,36.19921],[136.19094,36.19879]]]}},{"type":"Feature","properties":{"pid":"e9eb58a7-a137-481f-9a84-12e5ea221f5d","full":30.7},"geometry":{"type":"Polygon","coordinates":[[[136.19,36.19964],[136.19093,36.19971],[136.19094,36.19923],[136.19005,36.19917],[136.19,36.19964]]]}},{"type":"Feature","properties":{"pid":"05b55a7d-fc95-402f-b772-4fffa3fccb84","full":28.7},"geometry":{"type":"Polygon","coordinates":[[[136.19101,36.19963],[136.19178,36.1996],[136.19174,36.19906],[136.19102,36.19909],[136.19101,36.19963]]]}},{"type":"Feature","properties":{"pid":"36eb8397-a3db-4108-a4b9-757030729705","full":27.2},"geometry":{"type":"Polygon","coordinates":[[[136.19181,36.2001],[136.19178,36.19961],[136.191,36.19965],[136.19099,36.20013],[136.19181,36.2001]]]}},{"type":"Feature","properties":{"pid":"06b2868d-68f2-4ce6-b626-9ca75db66632","full":31.4},"geometry":{"type":"Polygon","coordinates":[[[136.18996,36.20012],[136.19092,36.20019],[136.19093,36.19972],[136.19,36.19965],[136.18996,36.20012]]]}},{"type":"Feature","properties":{"pid":"f007d107-0fad-4bed-984d-b59781de3e1f","full":17.7},"geometry":{"type":"Polygon","coordinates":[[[136.18992,36.20043],[136.19091,36.20049],[136.19091,36.2002],[136.18995,36.20013],[136.18992,36.20043]]]}},{"type":"Feature","properties":{"pid":"77cc4834-c1f7-47d2-8767-db9d183d3a8c","full":28.5},"geometry":{"type":"Polygon","coordinates":[[[136.19186,36.20058],[136.19182,36.20011],[136.19099,36.20015],[136.19098,36.20064],[136.19186,36.20058]]]}},{"type":"Feature","properties":{"pid":"700f15ae-8627-488d-a596-bb1f6b96c34c","full":34.8},"geometry":{"type":"Polygon","coordinates":[[[136.19191,36.20031],[136.19287,36.20026],[136.19283,36.19976],[136.19188,36.1998],[136.19191,36.20031]]]}},{"type":"Feature","properties":{"pid":"744b6498-a03a-4a07-9198-96a5c13fa7ed","full":9.2},"geometry":{"type":"Polygon","coordinates":[[[136.19188,36.19979],[136.19284,36.19975],[136.19283,36.19955],[136.19186,36.19959],[136.19188,36.19979]]]}},{"type":"Feature","properties":{"pid":"ac264f28-ba05-4424-8f58-0350ca539299","full":8.4},"geometry":{"type":"Polygon","coordinates":[[[136.19344,36.20072],[136.19347,36.20072],[136.19377,36.20071],[136.19374,36.20023],[136.19341,36.20025],[136.19344,36.20072]]]}},{"type":"Feature","properties":{"pid":"d97a0691-b363-42f1-a842-fd8fb07a3cc9","full":4.0},"geometry":{"type":"Polygon","coordinates":[[[136.19379,36.20071],[136.19401,36.20071],[136.19398,36.20022],[136.19376,36.20024],[136.19379,36.20071]]]}},{"type":"Feature","properties":{"pid":"f8083775-c2c6-4416-9908-9aa8dff75f16","full":3.1},"geometry":{"type":"Polygon","coordinates":[[[136.19341,36.20022],[136.19359,36.20021],[136.19356,36.19971],[136.19337,36.19972],[136.19341,36.20022]]]}},{"type":"Feature","properties":{"pid":"8f46e5f0-5891-4337-8f02-4fbc2e151294","full":9.9},"geometry":{"type":"Polygon","coordinates":[[[136.19361,36.20021],[136.19396,36.20019],[136.19393,36.19971],[136.1939,36.19969],[136.19358,36.19971],[136.19361,36.20021]]]}},{"type":"Feature","properties":{"pid":"92fb2317-0d37-424c-ad93-7a5e2111cab8","full":9.6},"geometry":{"type":"Polygon","coordinates":[[[136.19294,36.20025],[136.19331,36.20023],[136.19328,36.19977],[136.19291,36.19978],[136.19294,36.20025]]]}},{"type":"Feature","properties":{"pid":"e19c1857-ca09-43ca-9910-53b715aa0981","full":11.1},"geometry":{"type":"Polygon","coordinates":[[[136.19291,36.19974],[136.19327,36.19972],[136.19324,36.1992],[136.19287,36.19922],[136.19291,36.19974]]]}},{"type":"Feature","properties":{"pid":"215e8989-56f2-487d-95af-ba7ce0220bc8","full":10.8},"geometry":{"type":"Polygon","coordinates":[[[136.19287,36.19921],[136.19324,36.19919],[136.19321,36.19869],[136.19283,36.19871],[136.19287,36.19921]]]}},{"type":"Feature","properties":{"pid":"673f0804-9243-4ec4-a6b5-e2e532cc68bb","full":18.3},"geometry":{"type":"Polygon","coordinates":[[[136.19334,36.19919],[136.19389,36.19916],[136.19385,36.19865],[136.1933,36.19868],[136.19334,36.19919]]]}},{"type":"Feature","properties":{"pid":"afe638a9-865d-478e-8c0c-57642b47faf1","full":4.4},"geometry":{"type":"Polygon","coordinates":[[[136.19337,36.19967],[136.1936,36.19966],[136.19357,36.19919],[136.19334,36.1992],[136.19337,36.19967]]]}},{"type":"Feature","properties":{"pid":"cf72561d-c240-478a-a204-4d1e1cfa3c4a","full":7.4},"geometry":{"type":"Polygon","coordinates":[[[136.19362,36.19966],[136.1939,36.19965],[136.19392,36.19963],[136.19389,36.19917],[136.19358,36.19919],[136.19362,36.19966]]]}},{"type":"Feature","properties":{"pid":"6defd3b8-9402-4519-93c2-015af9a7ea41","full":24.8},"geometry":{"type":"Polygon","coordinates":[[[136.19399,36.19976],[136.1954,36.19969],[136.19538,36.19942],[136.19397,36.19948],[136.19399,36.19976]]]}},{"type":"Feature","properties":{"pid":"4c867875-0f8f-4534-8617-c388a5353b81","full":31.4},"geometry":{"type":"Polygon","coordinates":[[[136.19397,36.19947],[136.19538,36.19941],[136.19536,36.19907],[136.19394,36.19914],[136.19397,36.19947]]]}},{"type":"Feature","properties":{"pid":"3e845508-9227-4329-b70a-339c7d1fadbe","full":27.1},"geometry":{"type":"Polygon","coordinates":[[[136.19394,36.19913],[136.19536,36.19906],[136.19533,36.19876],[136.19392,36.19883],[136.19394,36.19913]]]}},{"type":"Feature","properties":{"pid":"4ef2553e-50d4-4b73-86c5-29554588c04c","full":30.7},"geometry":{"type":"Polygon","coordinates":[[[136.19401,36.2001],[136.19543,36.20003],[136.1954,36.19971],[136.19399,36.19977],[136.19401,36.2001]]]}},{"type":"Feature","properties":{"pid":"29ac5e30-8243-4c7a-87a1-bd503150e05e","full":20.7},"geometry":{"type":"Polygon","coordinates":[[[136.19403,36.20036],[136.19544,36.20029],[136.19543,36.20004],[136.19401,36.20011],[136.19403,36.20036]]]}},{"type":"Feature","properties":{"pid":"294e06b9-4415-45e7-95d5-42a6bd71f12a","full":31.8},"geometry":{"type":"Polygon","coordinates":[[[136.19406,36.2007],[136.19547,36.20063],[136.19545,36.2003],[136.19403,36.20037],[136.19406,36.2007]]]}},{"type":"Feature","properties":{"pid":"dd2e3166-01a5-472f-9cac-c9bbf36d47f8","full":41.3},"geometry":{"type":"Polygon","coordinates":[[[136.1941,36.20118],[136.1955,36.20112],[136.19548,36.20071],[136.19407,36.20077],[136.1941,36.20118]]]}},{"type":"Feature","properties":{"pid":"458d8e2a-2f17-4cfa-b232-e357e4f72e4e","full":27.3},"geometry":{"type":"Polygon","coordinates":[[[136.1947,36.20164],[136.19554,36.2016],[136.19551,36.20114],[136.19466,36.20117],[136.1947,36.20164]]]}},{"type":"Feature","properties":{"pid":"16a66ccd-faa6-4d6a-8534-4abbd8ca8d9a","full":22.3},"geometry":{"type":"Polygon","coordinates":[[[136.19473,36.20205],[136.19557,36.20201],[136.19554,36.20162],[136.19469,36.20166],[136.19473,36.20205]]]}},{"type":"Feature","properties":{"pid":"60e76f4f-f6f5-4cda-a729-e1dac46af327","full":31.0},"geometry":{"type":"Polygon","coordinates":[[[136.19379,36.20218],[136.19467,36.20214],[136.19464,36.20165],[136.19375,36.20169],[136.19379,36.20218]]]}},{"type":"Feature","properties":{"pid":"0dd1b877-9596-4c9a-8a85-3670e090b8b4","full":25.5},"geometry":{"type":"Polygon","coordinates":[[[136.19376,36.20166],[136.19464,36.20163],[136.19461,36.20123],[136.19353,36.20127],[136.19375,36.20153],[136.19376,36.20166]]]}},{"type":"Feature","properties":{"pid":"0f160d6f-ca82-43d1-9804-a33dd5d22806","full":8.9},"geometry":{"type":"Polygon","coordinates":[[[136.19306,36.20225],[136.1937,36.20222],[136.19372,36.2022],[136.19369,36.20188],[136.19367,36.20188],[136.19367,36.20186],[136.19346,36.20188],[136.19344,36.2019],[136.19341,36.2019],[136.19338,36.20191],[136.19306,36.20225]]]}},{"type":"Feature","properties":{"pid":"fe274e62-c28d-4f7c-bbb8-555f6f570416","full":9.2},"geometry":{"type":"Polygon","coordinates":[[[136.19285,36.20083],[136.19294,36.20129],[136.19316,36.20128],[136.19329,36.20096],[136.19331,36.2008],[136.19285,36.20083]]]}},{"type":"Feature","properties":{"pid":"18800fed-cf45-48cd-8912-0b2c5b80bbb0","full":15.3},"geometry":{"type":"Polygon","coordinates":[[[136.1935,36.20124],[136.19403,36.20122],[136.194,36.20077],[136.19346,36.2008],[136.1935,36.20124]]]}},{"type":"Feature","properties":{"pid":"fdc4a237-ab6c-44ae-9afe-0169a668b462","full":2.4},"geometry":{"type":"Polygon","coordinates":[[[136.19315,36.20073],[136.19332,36.20072],[136.19333,36.20062],[136.19332,36.2003],[136.19312,36.20031],[136.19315,36.20073]]]}},{"type":"Feature","properties":{"pid":"74c7cf4b-1b4b-4a5a-88e4-99ab9bf80d9e","full":5.1},"geometry":{"type":"Polygon","coordinates":[[[136.19288,36.20073],[136.19315,36.20072],[136.19311,36.20031],[136.19284,36.20032],[136.19288,36.20073]]]}},{"type":"Feature","properties":{"pid":"76563971-073d-4312-a756-c93346e48e8c","full":12.5},"geometry":{"type":"Polygon","coordinates":[[[136.19231,36.20076],[136.1928,36.20074],[136.19277,36.20035],[136.19275,36.20032],[136.19228,36.20035],[136.1923,36.20074],[136.19231,36.20076]]]}},{"type":"Feature","properties":{"pid":"a9cc4d9d-277c-4c18-a6af-759dcb021a1d","full":28.2},"geometry":{"type":"Polygon","coordinates":[[[136.19197,36.20132],[136.19287,36.20128],[136.19279,36.20082],[136.19194,36.20086],[136.19197,36.20132]]]}},{"type":"Feature","properties":{"pid":"13d68c7b-78ac-4e96-807d-28a7117be3dc","full":6.9},"geometry":{"type":"Polygon","coordinates":[[[136.19227,36.20072],[136.19225,36.20035],[136.19192,36.20036],[136.19195,36.20078],[136.19225,36.20076],[136.19227,36.20072]]]}},{"type":"Feature","properties":{"pid":"6ca0f8e0-3e71-4b54-bceb-61503d0fc6e7","full":19.2},"geometry":{"type":"Polygon","coordinates":[[[136.19186,36.20094],[136.19186,36.2006],[136.19098,36.20065],[136.19098,36.20099],[136.19186,36.20094]]]}},{"type":"Feature","properties":{"pid":"8fba07a5-0a1d-46f3-8b29-7ad5d3adfd55","full":27.4},"geometry":{"type":"Polygon","coordinates":[[[136.18987,36.20084],[136.19091,36.20091],[136.19091,36.20051],[136.18992,36.20045],[136.18987,36.20084]]]}},{"type":"Feature","properties":{"pid":"bb16fc09-8833-4cbb-abad-dae443b87f4f","full":52.8},"geometry":{"type":"Polygon","coordinates":[[[136.1898,36.2015],[136.1909,36.20157],[136.19091,36.20092],[136.18987,36.20086],[136.1898,36.2015]]]}},{"type":"Feature","properties":{"pid":"53dd03c5-d0d6-43ef-af55-5751b3055656","full":30.5},"geometry":{"type":"Polygon","coordinates":[[[136.19098,36.20148],[136.1919,36.20144],[136.19186,36.20096],[136.19099,36.201],[136.19098,36.20148]]]}},{"type":"Feature","properties":{"pid":"4d55d413-55c3-4b0c-b0a4-ac5f578d511a","full":21.4},"geometry":{"type":"Polygon","coordinates":[[[136.19096,36.20184],[136.19193,36.20179],[136.1919,36.20145],[136.19097,36.2015],[136.19096,36.20184]]]}},{"type":"Feature","properties":{"pid":"da69e9ab-f970-4524-a115-02e7fe3bcb9f","full":22.8},"geometry":{"type":"Polygon","coordinates":[[[136.18977,36.20182],[136.1909,36.2019],[136.1909,36.20158],[136.1898,36.2015],[136.18977,36.20182]]]}},{"type":"Feature","properties":{"pid":"b2ff410d-38bd-465a-a407-049189c99941","full":42.2},"geometry":{"type":"Polygon","coordinates":[[[136.18971,36.20241],[136.19038,36.20238],[136.19038,36.20235],[136.19089,36.20231],[136.1909,36.20191],[136.18977,36.20183],[136.18971,36.20241]]]}},{"type":"Feature","properties":{"pid":"ff61d83f-259c-4397-b627-39adaac0249b","full":36.0},"geometry":{"type":"Polygon","coordinates":[[[136.19096,36.20235],[136.19194,36.20231],[136.19197,36.20229],[136.19193,36.2018],[136.19096,36.20185],[136.19096,36.20235]]]}},{"type":"Feature","properties":{"pid":"5c80f83a-1cde-484f-bd7d-e9a6559fc032","full":17.9},"geometry":{"type":"Polygon","coordinates":[[[136.19255,36.2034],[136.19296,36.20338],[136.19291,36.20264],[136.19266,36.20265],[136.1925,36.20298],[136.19256,36.20337],[136.19255,36.2034]]]}},{"type":"Feature","properties":{"pid":"7dcb8444-d498-4df9-9f56-6771d0038c1a","full":27.4},"geometry":{"type":"Polygon","coordinates":[[[136.19139,36.20281],[136.19137,36.20239],[136.19043,36.20243],[136.19046,36.20286],[136.19139,36.20281]]]}},{"type":"Feature","properties":{"pid":"d8dc57c6-0ec0-4937-9e87-97a16bbad5e7","full":27.3},"geometry":{"type":"Polygon","coordinates":[[[136.19124,36.20334],[136.19139,36.20283],[136.19046,36.20288],[136.19048,36.20334],[136.19067,36.20332],[136.19082,36.20331],[136.19123,36.20335],[136.19124,36.20334]]]}},{"type":"Feature","properties":{"pid":"d1e29ceb-b2c6-4d80-b591-ceabcc663b2a","full":5.0},"geometry":{"type":"Polygon","coordinates":[[[136.19035,36.20381],[136.19058,36.2038],[136.19064,36.20341],[136.19062,36.20341],[136.19062,36.2034],[136.19032,36.20341],[136.19035,36.20381]]]}},{"type":"Feature","properties":{"pid":"d6e54f81-28e5-499a-b9f1-431ed25cb02d","full":13.9},"geometry":{"type":"Polygon","coordinates":[[[136.19239,36.20386],[136.19299,36.20384],[136.19296,36.20339],[136.19254,36.20341],[136.19239,36.20386]]]}},{"type":"Feature","properties":{"pid":"ceae621d-b9b1-41f8-b566-b0f504aac2a0","full":9.6},"geometry":{"type":"Polygon","coordinates":[[[136.1922,36.20414],[136.19301,36.2041],[136.19299,36.20385],[136.19238,36.20388],[136.1922,36.20414]]]}},{"type":"Feature","properties":{"pid":"eee2a67f-81bc-4839-88c8-36a617b0c5ad","full":2.9},"geometry":{"type":"Polygon","coordinates":[[[136.19302,36.20369],[136.19383,36.20365],[136.19382,36.20352],[136.19301,36.20356],[136.19302,36.20369]]]}},{"type":"Feature","properties":{"pid":"8db433bc-6a95-4e58-9b61-db30b5276b5e","full":0.5},"geometry":{"type":"Polygon","coordinates":[[[136.19304,36.20401],[136.19385,36.20397],[136.19384,36.20387],[136.19303,36.20391],[136.19304,36.20401]]]}},{"type":"Feature","properties":{"pid":"e826ab15-072a-45fa-a6aa-c8f73b63306c","full":7.5},"geometry":{"type":"Polygon","coordinates":[[[136.19303,36.2039],[136.19384,36.20386],[136.19382,36.20366],[136.19302,36.2037],[136.19303,36.2039]]]}},{"type":"Feature","properties":{"pid":"5c9c47f4-fd7e-4e83-8f8c-89d7cf7327e5","full":11.4},"geometry":{"type":"Polygon","coordinates":[[[136.19301,36.20355],[136.19382,36.20351],[136.1938,36.20325],[136.19299,36.20329],[136.19301,36.20355]]]}},{"type":"Feature","properties":{"pid":"a23c586e-6792-4c99-8f50-21836c5f562b","full":12.5},"geometry":{"type":"Polygon","coordinates":[[[136.19299,36.20328],[136.1938,36.20324],[136.19378,36.20297],[136.19297,36.20301],[136.19299,36.20328]]]}},{"type":"Feature","properties":{"pid":"21b9991a-9310-4e17-8e66-45e2fadee9c1","full":1.9},"geometry":{"type":"Polygon","coordinates":[[[136.19297,36.203],[136.19377,36.20296],[136.19377,36.20284],[136.19296,36.20289],[136.19297,36.203]]]}},{"type":"Feature","properties":{"pid":"3638a788-5090-4f76-9dc6-a837ff1fd80f","full":2.9},"geometry":{"type":"Polygon","coordinates":[[[136.19296,36.20288],[136.19377,36.20283],[136.19376,36.2027],[136.19295,36.20274],[136.19296,36.20288]]]}},{"type":"Feature","properties":{"pid":"314dea8b-2b86-445d-ba87-651df4671838","full":1.5},"geometry":{"type":"Polygon","coordinates":[[[136.19294,36.20239],[136.19373,36.20235],[136.19373,36.20223],[136.19305,36.20227],[136.19294,36.20239]]]}},{"type":"Feature","properties":{"pid":"200de599-8786-47d4-a8bd-63b05c316bb9","full":1.5},"geometry":{"type":"Polygon","coordinates":[[[136.19293,36.20251],[136.19375,36.20248],[136.19374,36.20236],[136.19294,36.20241],[136.19293,36.20251]]]}},{"type":"Feature","properties":{"pid":"0616d5e6-857b-4f98-b6d6-f8a4894a4e43","full":7.3},"geometry":{"type":"Polygon","coordinates":[[[136.19294,36.20272],[136.19376,36.20269],[136.19375,36.20249],[136.19293,36.20253],[136.19294,36.20272]]]}},{"type":"Feature","properties":{"pid":"e600502e-01c0-4b51-bc87-8680889f0e84","full":20.9},"geometry":{"type":"Polygon","coordinates":[[[136.19385,36.203],[136.19389,36.20301],[136.19389,36.20303],[136.19472,36.20298],[136.19471,36.20263],[136.19383,36.20266],[136.19385,36.203]]]}},{"type":"Feature","properties":{"pid":"d6bbb018-1e4f-4bc0-86b3-83507b4043f6","full":27.8},"geometry":{"type":"Polygon","coordinates":[[[136.19382,36.20264],[136.1947,36.20261],[136.19467,36.20216],[136.19379,36.2022],[136.19382,36.20264]]]}},{"type":"Feature","properties":{"pid":"3b4cc861-6ce7-4b2f-abb1-2363eeeb530d","full":29.2},"geometry":{"type":"Polygon","coordinates":[[[136.19476,36.20255],[136.1956,36.20252],[136.19557,36.20203],[136.19472,36.20207],[136.19476,36.20255]]]}},{"type":"Feature","properties":{"pid":"8307a924-6296-4ac5-83ea-c6b208d90aaf","full":24.5},"geometry":{"type":"Polygon","coordinates":[[[136.19477,36.20299],[136.19558,36.20295],[136.19564,36.20294],[136.19561,36.20253],[136.19475,36.20257],[136.19477,36.20299]]]}},{"type":"Feature","properties":{"pid":"4810159b-44b5-46a1-94b7-a57fdf13d176","full":10.7},"geometry":{"type":"Polygon","coordinates":[[[136.19477,36.20332],[136.19477,36.20333],[136.19503,36.20336],[136.19504,36.20323],[136.19569,36.2032],[136.19567,36.20304],[136.19566,36.203],[136.19477,36.20305],[136.19477,36.20332]]]}},{"type":"Feature","properties":{"pid":"f0288872-8d02-441d-9ffc-0ea20829dc53","full":28.3},"geometry":{"type":"Polygon","coordinates":[[[136.19495,36.20411],[136.19575,36.20408],[136.19571,36.20354],[136.19502,36.20358],[136.19495,36.20411]]]}},{"type":"Feature","properties":{"pid":"14ce313c-3e6d-4933-b809-ba94d93cc282","full":12.1},"geometry":{"type":"Polygon","coordinates":[[[136.19502,36.20355],[136.19571,36.20352],[136.19569,36.20321],[136.19506,36.20324],[136.19502,36.20355]]]}},{"type":"Feature","properties":{"pid":"0d874328-a05c-4003-ade2-82e2f289f0f6","full":24.1},"geometry":{"type":"Polygon","coordinates":[[[136.19579,36.20376],[136.19676,36.20372],[136.19675,36.20335],[136.19576,36.2034],[136.19579,36.20376]]]}},{"type":"Feature","properties":{"pid":"07404346-dbfb-44a9-bbc6-7da04d28e398","full":18.6},"geometry":{"type":"Polygon","coordinates":[[[136.19581,36.20408],[136.19677,36.20403],[136.19676,36.20373],[136.19579,36.20377],[136.19581,36.20408]]]}},{"type":"Feature","properties":{"pid":"31fa2747-9c11-4307-9928-a3f6b79040dc","full":41.0},"geometry":{"type":"Polygon","coordinates":[[[136.19685,36.20401],[136.19723,36.20387],[136.19763,36.20366],[136.1976,36.2036],[136.19759,36.20348],[136.19759,36.20328],[136.1976,36.20315],[136.19684,36.2031],[136.19685,36.20401]]]}},{"type":"Feature","properties":{"pid":"c1a49953-ea68-4f09-b969-ba48494d0579","full":7.0},"geometry":{"type":"Polygon","coordinates":[[[136.19683,36.2029],[136.19761,36.20294],[136.19763,36.20275],[136.19683,36.20271],[136.19683,36.2029]]]}},{"type":"Feature","properties":{"pid":"103a155b-76a9-40e3-a301-0b46980be606","full":6.4},"geometry":{"type":"Polygon","coordinates":[[[136.19684,36.2031],[136.1976,36.20314],[136.19762,36.20295],[136.19683,36.20291],[136.19684,36.2031]]]}},{"type":"Feature","properties":{"pid":"c83daff1-a0ce-449b-9879-6f0711cefd63","full":10.5},"geometry":{"type":"Polygon","coordinates":[[[136.19683,36.2027],[136.19763,36.20275],[136.19765,36.20251],[136.19682,36.20246],[136.19683,36.2027]]]}},{"type":"Feature","properties":{"pid":"db991ecb-2598-4eb4-b49f-400ae46335ba","full":24.0},"geometry":{"type":"Polygon","coordinates":[[[136.1957,36.20262],[136.19674,36.20259],[136.19673,36.20223],[136.19568,36.20228],[136.1957,36.20262]]]}},{"type":"Feature","properties":{"pid":"81d112a5-d08c-44f9-b802-270845a4e2a9","full":36.1},"geometry":{"type":"Polygon","coordinates":[[[136.19674,36.20283],[136.19572,36.20288],[136.19577,36.20337],[136.19675,36.20333],[136.19674,36.20283]]]}},{"type":"Feature","properties":{"pid":"e0a08c49-3dfd-462b-bfbf-b240518bc24d","full":1.8},"geometry":{"type":"Polygon","coordinates":[[[136.19674,36.20281],[136.19674,36.2027],[136.19571,36.20275],[136.19572,36.20286],[136.19674,36.20281]]]}},{"type":"Feature","properties":{"pid":"c23ce846-96ba-479c-942b-a291dbd02198","full":13.7},"geometry":{"type":"Polygon","coordinates":[[[136.19568,36.20227],[136.19673,36.20222],[136.19673,36.20215],[136.19661,36.20215],[136.19661,36.20205],[136.19673,36.20204],[136.19672,36.20196],[136.19566,36.20201],[136.19568,36.20227]]]}},{"type":"Feature","properties":{"pid":"506a0e4a-ee60-48e7-ab8d-6991406e702b","full":28.1},"geometry":{"type":"Polygon","coordinates":[[[136.19565,36.202],[136.19672,36.20195],[136.19672,36.20157],[136.19563,36.20162],[136.19565,36.202]]]}},{"type":"Feature","properties":{"pid":"d61c0a98-2a15-49d3-a11c-f3ec45b8566e","full":23.6},"geometry":{"type":"Polygon","coordinates":[[[136.19563,36.2016],[136.19671,36.20155],[136.19671,36.20128],[136.19656,36.20126],[136.19652,36.20125],[136.19652,36.20123],[136.1956,36.20127],[136.19563,36.2016]]]}},{"type":"Feature","properties":{"pid":"5de7e9df-c737-4745-b919-d5b4c18c0eec","full":33.6},"geometry":{"type":"Polygon","coordinates":[[[136.1956,36.20121],[136.19655,36.20117],[136.19651,36.20075],[136.19669,36.20073],[136.19669,36.20066],[136.19557,36.20072],[136.1956,36.20121]]]}},{"type":"Feature","properties":{"pid":"12829e8b-ffa8-4fba-a9e3-ede4dbaed8ff","full":10.5},"geometry":{"type":"Polygon","coordinates":[[[136.19698,36.20119],[136.19742,36.20121],[136.19745,36.2008],[136.19701,36.20078],[136.19698,36.20119]]]}},{"type":"Feature","properties":{"pid":"ea4e1a52-64a3-40dc-b20b-6757bd9b525e","full":8.5},"geometry":{"type":"Polygon","coordinates":[[[136.19749,36.2012],[136.19751,36.2012],[136.19751,36.20121],[136.19776,36.20123],[136.19781,36.20061],[136.19779,36.20059],[136.19754,36.20058],[136.19749,36.2012]]]}},{"type":"Feature","properties":{"pid":"fa09d6b3-d86d-45ce-b9a8-d774a2b8d6b5","full":18.2},"geometry":{"type":"Polygon","coordinates":[[[136.19681,36.20188],[136.1977,36.20192],[136.19773,36.20161],[136.19681,36.20156],[136.19681,36.20188]]]}},{"type":"Feature","properties":{"pid":"8ebfeaef-f021-4b13-8a80-11fadbf508b3","full":16.0},"geometry":{"type":"Polygon","coordinates":[[[136.19681,36.20155],[136.19773,36.2016],[136.19775,36.20132],[136.1968,36.20126],[136.19681,36.20155]]]}},{"type":"Feature","properties":{"pid":"aa6b89fd-5eb5-4800-a7dc-961a00e9aa04","full":35.9},"geometry":{"type":"Polygon","coordinates":[[[136.19682,36.20245],[136.19765,36.2025],[136.1977,36.20193],[136.19681,36.20189],[136.19682,36.20245]]]}},{"type":"Feature","properties":{"pid":"8929db8e-153f-4e4d-8f5c-5dedfd960ff5","full":6.0},"geometry":{"type":"Polygon","coordinates":[[[136.19778,36.20227],[136.19856,36.20231],[136.19858,36.20213],[136.19779,36.20209],[136.19778,36.20227]]]}},{"type":"Feature","properties":{"pid":"02c854ea-b8e5-4a3e-a110-054ba1c43178","full":5.8},"geometry":{"type":"Polygon","coordinates":[[[136.19779,36.20208],[136.19857,36.20212],[136.19859,36.20195],[136.19781,36.2019],[136.19779,36.20208]]]}},{"type":"Feature","properties":{"pid":"c3851771-3478-4f6e-a6bf-bf4a5268be04","full":5.8},"geometry":{"type":"Polygon","coordinates":[[[136.19865,36.20202],[136.1994,36.20206],[136.19951,36.20189],[136.19866,36.20185],[136.19865,36.20202]]]}},{"type":"Feature","properties":{"pid":"49a6a226-90ad-4100-828f-d83565e7b8aa","full":8.9},"geometry":{"type":"Polygon","coordinates":[[[136.19866,36.20183],[136.19951,36.20188],[136.19964,36.20169],[136.19868,36.20163],[136.19866,36.20183]]]}},{"type":"Feature","properties":{"pid":"df7d21ba-b438-4234-be3f-0f6e1d8781b0","full":3.7},"geometry":{"type":"Polygon","coordinates":[[[136.19783,36.2017],[136.1983,36.20173],[136.19832,36.20153],[136.19785,36.20151],[136.19783,36.2017]]]}},{"type":"Feature","properties":{"pid":"9949191e-680b-4d7b-bd27-bca075cd464d","full":6.1},"geometry":{"type":"Polygon","coordinates":[[[136.19781,36.20189],[136.19859,36.20193],[136.1986,36.20177],[136.19859,36.20175],[136.19782,36.20171],[136.19781,36.20189]]]}},{"type":"Feature","properties":{"pid":"047c860e-239f-4f41-9205-b556466bd394","full":4.2},"geometry":{"type":"Polygon","coordinates":[[[136.19784,36.2015],[136.19839,36.20153],[136.19841,36.20134],[136.19786,36.20132],[136.19784,36.2015]]]}},{"type":"Feature","properties":{"pid":"44c212a8-ee1d-43c7-84ea-c6d430a57cd0","full":25.0},"geometry":{"type":"Polygon","coordinates":[[[136.19806,36.20124],[136.19864,36.20128],[136.19869,36.20066],[136.19812,36.20062],[136.19806,36.20124]]]}},{"type":"Feature","properties":{"pid":"d885fb79-7ce1-4716-9049-b9cca1b72129","full":8.6},"geometry":{"type":"Polygon","coordinates":[[[136.19778,36.20123],[136.19805,36.20124],[136.1981,36.20061],[136.19783,36.2006],[136.19778,36.20123]]]}},{"type":"Feature","properties":{"pid":"11b24525-dd90-4270-b356-3b5f3de22855","full":8.0},"geometry":{"type":"Polygon","coordinates":[[[136.19899,36.20129],[136.19925,36.20131],[136.19931,36.20069],[136.19904,36.20067],[136.19899,36.20129]]]}},{"type":"Feature","properties":{"pid":"c5343c3d-a84a-4cba-b711-b4ed39e77e6c","full":8.2},"geometry":{"type":"Polygon","coordinates":[[[136.19872,36.20128],[136.19898,36.20129],[136.19903,36.20067],[136.19877,36.20065],[136.19872,36.20128]]]}},{"type":"Feature","properties":{"pid":"1a642432-62ec-4c15-8c96-6577f3ab673e","full":16.0},"geometry":{"type":"Polygon","coordinates":[[[136.19982,36.20133],[136.19985,36.20071],[136.19945,36.20069],[136.1994,36.20131],[136.19982,36.20133]]]}},{"type":"Feature","properties":{"pid":"2b234289-d4cf-418a-8e95-132fdb687a03","full":0.7},"geometry":{"type":"Polygon","coordinates":[[[136.19943,36.2007],[136.19931,36.20069],[136.19926,36.20131],[136.19938,36.20131],[136.19943,36.2007]]]}},{"type":"Feature","properties":{"pid":"501edc42-e75e-4595-a016-5c871957902e","full":15.2},"geometry":{"type":"Polygon","coordinates":[[[136.19868,36.20162],[136.19965,36.20167],[136.19973,36.20154],[136.19973,36.20142],[136.1987,36.20136],[136.19868,36.20162]]]}},{"type":"Feature","properties":{"pid":"ad42d94a-fc0a-4e5c-84a3-e0f0d4d493ca","full":7.1},"geometry":{"type":"Polygon","coordinates":[[[136.19776,36.20247],[136.19854,36.20251],[136.19856,36.20232],[136.19778,36.20227],[136.19776,36.20247]]]}},{"type":"Feature","properties":{"pid":"46edb0bc-9b41-4201-8a2f-0ab7c3a7f01b","full":7.3},"geometry":{"type":"Polygon","coordinates":[[[136.19775,36.20272],[136.19847,36.20276],[136.19853,36.20256],[136.19776,36.20251],[136.19775,36.20272]]]}},{"type":"Feature","properties":{"pid":"92fcea87-25a9-4c2f-9826-6ac3752c334a","full":5.4},"geometry":{"type":"Polygon","coordinates":[[[136.19773,36.20293],[136.19829,36.20297],[136.19831,36.20285],[136.19843,36.20286],[136.19845,36.20277],[136.19775,36.20273],[136.19773,36.20293]]]}},{"type":"Feature","properties":{"pid":"88d64bbb-7b04-48a5-9d33-d2fb0d93a4d5","full":4.5},"geometry":{"type":"Polygon","coordinates":[[[136.1977,36.20317],[136.19812,36.2032],[136.19814,36.20297],[136.19772,36.20294],[136.1977,36.20317]]]}},{"type":"Feature","properties":{"pid":"008759a6-e0ef-45de-88a3-517336a86ccb","full":5.6},"geometry":{"type":"Polygon","coordinates":[[[136.19842,36.20329],[136.19887,36.20283],[136.19875,36.20274],[136.1988,36.20257],[136.1986,36.20257],[136.19856,36.20273],[136.19838,36.20328],[136.19842,36.20329]]]}},{"type":"Feature","properties":{"pid":"853aa591-56ec-402a-bebd-f900e0b4f95f","full":9.1},"geometry":{"type":"Polygon","coordinates":[[[136.19772,36.20355],[136.19774,36.20359],[136.19829,36.20337],[136.19833,36.20322],[136.19771,36.20319],[136.19769,36.20337],[136.19772,36.20355]]]}},{"type":"Feature","properties":{"pid":"cb2d76af-ea58-4afb-a62c-54b955d47940","full":38.9},"geometry":{"type":"Polygon","coordinates":[[[136.19961,36.20659],[136.20024,36.20663],[136.20033,36.20581],[136.19969,36.20577],[136.19961,36.20659]]]}},{"type":"Feature","properties":{"pid":"bc3be276-d6fb-4ef8-8c57-00a38bbf6f47","full":4.2},"geometry":{"type":"Polygon","coordinates":[[[136.19959,36.20677],[136.20023,36.20681],[136.20024,36.20664],[136.19961,36.2066],[136.19959,36.20677]]]}},{"type":"Feature","properties":{"pid":"b7e1b72f-d233-4ff1-bb69-7b838b5a9c20","full":14.3},"geometry":{"type":"Polygon","coordinates":[[[136.19493,36.20441],[136.19497,36.20448],[136.1955,36.20451],[136.19554,36.20448],[136.19574,36.20413],[136.19496,36.20417],[136.19493,36.20441]]]}},{"type":"Feature","properties":{"pid":"870bf008-4141-4309-ade9-fa47f3a68909","full":17.0},"geometry":{"type":"Polygon","coordinates":[[[136.19315,36.20553],[136.19395,36.20536],[136.19392,36.20509],[136.19312,36.20513],[136.19315,36.20553]]]}},{"type":"Feature","properties":{"pid":"d19333f4-1ecf-4b3c-bc7d-6737da330a26","full":18.8},"geometry":{"type":"Polygon","coordinates":[[[136.19312,36.20512],[136.19393,36.20508],[136.1939,36.20472],[136.19309,36.20476],[136.19312,36.20512]]]}},{"type":"Feature","properties":{"pid":"004b814e-102f-47b5-b377-b8bce64970ab","full":11.2},"geometry":{"type":"Polygon","coordinates":[[[136.19309,36.20471],[136.1939,36.20468],[136.19388,36.20443],[136.19307,36.20447],[136.19309,36.20471]]]}},{"type":"Feature","properties":{"pid":"f51fdf0e-ced9-49e2-81cc-64b9d9f72b0c","full":15.2},"geometry":{"type":"Polygon","coordinates":[[[136.19307,36.20445],[136.19388,36.20442],[136.19386,36.20411],[136.19305,36.20415],[136.19307,36.20445]]]}},{"type":"Feature","properties":{"pid":"64cbcbe7-3a17-4c7c-a7c6-6b6466b6785e","full":1.6},"geometry":{"type":"Polygon","coordinates":[[[136.19386,36.20409],[136.19385,36.20398],[136.19304,36.20402],[136.19304,36.20413],[136.19386,36.20409]]]}},{"type":"Feature","properties":{"pid":"aade5ed3-4eef-4bdf-9d9b-5bbc489799d2","full":12.0},"geometry":{"type":"Polygon","coordinates":[[[136.1922,36.20441],[136.19303,36.20437],[136.19301,36.20411],[136.19219,36.20415],[136.19218,36.20416],[136.1922,36.20441]]]}},{"type":"Feature","properties":{"pid":"72a06429-18bd-47ea-8dac-00e0431a8405","full":18.1},"geometry":{"type":"Polygon","coordinates":[[[136.19222,36.20476],[136.19305,36.20472],[136.19303,36.20438],[136.19219,36.20442],[136.19222,36.20476]]]}},{"type":"Feature","properties":{"pid":"1dbdee58-9915-413b-ae6b-40c87b342689","full":3.8},"geometry":{"type":"Polygon","coordinates":[[[136.19026,36.20455],[136.19062,36.20452],[136.19062,36.20432],[136.19049,36.20429],[136.19024,36.2043],[136.19026,36.20455]]]}},{"type":"Feature","properties":{"pid":"3517317a-4619-401e-9004-9f68dbe15d73","full":15.6},"geometry":{"type":"Polygon","coordinates":[[[136.19225,36.20511],[136.19308,36.20507],[136.19306,36.20476],[136.19223,36.2048],[136.19225,36.20511]]]}},{"type":"Feature","properties":{"pid":"ccf8f846-e9d2-4efe-8bbb-c637611b540f","full":1.4},"geometry":{"type":"Polygon","coordinates":[[[136.19231,36.20603],[136.19255,36.20602],[136.19253,36.2058],[136.19229,36.20586],[136.19231,36.20603]]]}},{"type":"Feature","properties":{"pid":"f52c5656-01a7-48a8-9439-331273a7f404","full":14.2},"geometry":{"type":"Polygon","coordinates":[[[136.19236,36.20671],[136.19272,36.20669],[136.19267,36.20605],[136.19231,36.20607],[136.19236,36.20671]]]}},{"type":"Feature","properties":{"pid":"7a24b130-a0c9-4e48-83bc-7e10e2f259dd","full":5.1},"geometry":{"type":"Polygon","coordinates":[[[136.19211,36.20741],[136.19232,36.20738],[136.19228,36.20677],[136.19207,36.20679],[136.1921,36.20701],[136.19208,36.20701],[136.19211,36.20741]]]}},{"type":"Feature","properties":{"pid":"eb5ad618-408e-4da8-b8b5-5e0c6b916a7e","full":16.5},"geometry":{"type":"Polygon","coordinates":[[[136.19241,36.20746],[136.1928,36.20744],[136.19275,36.20676],[136.19236,36.20678],[136.19241,36.20746]]]}},{"type":"Feature","properties":{"pid":"cfec34de-239e-4c6c-8379-80841bf75bc2","full":7.3},"geometry":{"type":"Polygon","coordinates":[[[136.19334,36.20741],[136.19357,36.2074],[136.19352,36.20672],[136.19328,36.20673],[136.19334,36.20741]]]}},{"type":"Feature","properties":{"pid":"537817d1-af30-4a88-b5c8-8e11b69e9528","full":10.6},"geometry":{"type":"Polygon","coordinates":[[[136.19358,36.2074],[136.19387,36.20739],[136.19382,36.20671],[136.19353,36.20672],[136.19358,36.2074]]]}},{"type":"Feature","properties":{"pid":"8961f14e-cfe3-4ffb-a057-5c356d22c9b5","full":6.8},"geometry":{"type":"Polygon","coordinates":[[[136.19389,36.20739],[136.19412,36.20738],[136.19407,36.2067],[136.19384,36.20671],[136.19389,36.20739]]]}},{"type":"Feature","properties":{"pid":"c2b6dd34-9e07-402f-9146-2dc562dd90cc","full":23.4},"geometry":{"type":"Polygon","coordinates":[[[136.19281,36.20744],[136.19333,36.20741],[136.19328,36.20674],[136.19277,36.20676],[136.19281,36.20744]]]}},{"type":"Feature","properties":{"pid":"c4d6a004-86c2-436b-833b-63a7a0643ac9","full":1.0},"geometry":{"type":"Polygon","coordinates":[[[136.1933,36.20667],[136.19342,36.20666],[136.19338,36.20602],[136.19325,36.20602],[136.1933,36.20667]]]}},{"type":"Feature","properties":{"pid":"aa4ec17a-8aaf-4377-b14e-053fc21a3b52","full":23.9},"geometry":{"type":"Polygon","coordinates":[[[136.19274,36.20669],[136.19328,36.20667],[136.19323,36.20602],[136.19269,36.20604],[136.19274,36.20669]]]}},{"type":"Feature","properties":{"pid":"087af27d-b8b0-409e-9fd6-748bd07e2e6b","full":19.8},"geometry":{"type":"Polygon","coordinates":[[[136.19381,36.20664],[136.19427,36.20662],[136.19423,36.20597],[136.19376,36.20599],[136.19381,36.20664]]]}},{"type":"Feature","properties":{"pid":"ac8422bd-1b02-49f7-bb3c-ee938c753c22","full":12.9},"geometry":{"type":"Polygon","coordinates":[[[136.19344,36.20666],[136.19379,36.20664],[136.19374,36.206],[136.1934,36.20602],[136.19344,36.20666]]]}},{"type":"Feature","properties":{"pid":"a3f3b6ff-dd82-4422-b0e6-c44df0310b1f","full":1.2},"geometry":{"type":"Polygon","coordinates":[[[136.19414,36.20737],[136.19427,36.20737],[136.19422,36.20669],[136.19409,36.2067],[136.19414,36.20737]]]}},{"type":"Feature","properties":{"pid":"0133955e-14bf-46ff-8e15-57c3aa79474e","full":18.3},"geometry":{"type":"Polygon","coordinates":[[[136.19429,36.20736],[136.1947,36.20735],[136.19467,36.2067],[136.19465,36.20667],[136.19424,36.20668],[136.19429,36.20736]]]}},{"type":"Feature","properties":{"pid":"3461ac7e-0ffb-4ae9-9f1a-659f0837dfbe","full":30.6},"geometry":{"type":"Polygon","coordinates":[[[136.18635,36.2063],[136.18705,36.20635],[136.18712,36.20575],[136.18635,36.2057],[136.18635,36.20581],[136.18641,36.20582],[136.18634,36.20591],[136.18639,36.20591],[136.18635,36.2063]]]}},{"type":"Feature","properties":{"pid":"231955db-81c8-4986-9d46-c65188ccfcc1","full":22.5},"geometry":{"type":"Polygon","coordinates":[[[136.18719,36.20616],[136.18801,36.20622],[136.18804,36.20581],[136.18723,36.20575],[136.18719,36.20616]]]}},{"type":"Feature","properties":{"pid":"04e233bf-754b-46b1-bc02-d90fa2363ff8","full":38.3},"geometry":{"type":"Polygon","coordinates":[[[136.18712,36.2068],[136.18795,36.20685],[136.188,36.20623],[136.18719,36.20617],[136.18712,36.2068]]]}},{"type":"Feature","properties":{"pid":"706edfed-04b4-4620-b821-2438614c651c","full":6.1},"geometry":{"type":"Polygon","coordinates":[[[136.18708,36.2072],[136.18711,36.20722],[136.18741,36.20719],[136.18743,36.20684],[136.18712,36.20681],[136.18708,36.2072]]]}},{"type":"Feature","properties":{"pid":"70092437-a0ba-4b8a-b9e0-d60769f76090","full":43.1},"geometry":{"type":"Polygon","coordinates":[[[136.18615,36.20734],[136.18696,36.20724],[136.18703,36.20655],[136.18643,36.20651],[136.18612,36.20712],[136.18615,36.20734]]]}},{"type":"Feature","properties":{"pid":"72fa4205-7e5e-42e8-b106-b907ce97eee7","full":3.1},"geometry":{"type":"Polygon","coordinates":[[[136.18836,36.20708],[136.18881,36.20702],[136.18883,36.207],[136.18883,36.20688],[136.18836,36.20686],[136.18836,36.20708]]]}},{"type":"Feature","properties":{"pid":"4a83fed5-9657-42a2-bdf4-651103212044","full":0.5},"geometry":{"type":"Polygon","coordinates":[[[136.18871,36.2074],[136.18884,36.2073],[136.18884,36.20711],[136.18867,36.20713],[136.18871,36.2074]]]}},{"type":"Feature","properties":{"pid":"85a22ffa-f89d-49d8-84df-19effc40adb9","full":7.2},"geometry":{"type":"Polygon","coordinates":[[[136.18893,36.207],[136.18917,36.20697],[136.18933,36.20695],[136.18926,36.20658],[136.18893,36.20663],[136.18893,36.207]]]}},{"type":"Feature","properties":{"pid":"3b4cfef6-919a-4841-8c1b-2e79dd8d6e29","full":9.5},"geometry":{"type":"Polygon","coordinates":[[[136.18894,36.20652],[136.18923,36.20647],[136.18922,36.20625],[136.18945,36.2062],[136.18941,36.20607],[136.18919,36.20611],[136.18914,36.20598],[136.18924,36.20596],[136.18919,36.20583],[136.18894,36.20587],[136.18894,36.20652]]]}},{"type":"Feature","properties":{"pid":"077e7d15-03b1-45e9-a0e9-8599e10be84c","full":23.9},"geometry":{"type":"Polygon","coordinates":[[[136.18807,36.20626],[136.18884,36.20631],[136.18885,36.20586],[136.1881,36.2058],[136.18807,36.20626]]]}},{"type":"Feature","properties":{"pid":"3e051b49-10e0-4480-8217-5160d388309a","full":32.0},"geometry":{"type":"Polygon","coordinates":[[[136.18801,36.20684],[136.18883,36.20687],[136.18884,36.20632],[136.18807,36.20627],[136.18801,36.20684]]]}},{"type":"Feature","properties":{"pid":"050ebf5f-9f00-48a7-b08f-c71c46ce69f9","full":31.3},"geometry":{"type":"Polygon","coordinates":[[[136.18813,36.2049],[136.18735,36.20484],[136.18732,36.20486],[136.18726,36.20538],[136.18808,36.20544],[136.18813,36.2049]]]}},{"type":"Feature","properties":{"pid":"e5ed46c5-1511-459f-aad0-c8de78566854","full":56.0},"geometry":{"type":"Polygon","coordinates":[[[136.18884,36.20585],[136.18886,36.20562],[136.1889,36.2055],[136.18914,36.205],[136.18912,36.20497],[136.18819,36.2049],[136.1881,36.20578],[136.18884,36.20585]]]}},{"type":"Feature","properties":{"pid":"2290a88b-6285-4f39-b062-f0afd05670bc","full":5.4},"geometry":{"type":"Polygon","coordinates":[[[136.18894,36.20586],[136.18931,36.2058],[136.18922,36.20545],[136.18901,36.20549],[136.18894,36.20563],[136.18894,36.20586]]]}},{"type":"Feature","properties":{"pid":"129ffe43-df4e-4fdf-a6fe-5d7eb50d900f","full":9.6},"geometry":{"type":"Polygon","coordinates":[[[136.18916,36.20518],[136.18978,36.20515],[136.18976,36.20486],[136.18972,36.20483],[136.18931,36.20485],[136.18916,36.20518]]]}},{"type":"Feature","properties":{"pid":"db6e9dfd-8b6c-46c8-942f-bd1e5ed3f4d8","full":3.2},"geometry":{"type":"Polygon","coordinates":[[[136.18907,36.20537],[136.18966,36.2053],[136.18978,36.20528],[136.18978,36.20516],[136.18915,36.20519],[136.18907,36.20537]]]}},{"type":"Feature","properties":{"pid":"3e292056-aa96-47b9-b38b-4dc8f4f66a23","full":3.6},"geometry":{"type":"Polygon","coordinates":[[[136.18933,36.20483],[136.18972,36.20482],[136.18975,36.20479],[136.18974,36.20458],[136.18943,36.20459],[136.18933,36.20483]]]}},{"type":"Feature","properties":{"pid":"e686b04a-4f2a-4121-a009-f60ec6e0ca43","full":10.1},"geometry":{"type":"Polygon","coordinates":[[[136.18981,36.20482],[136.1901,36.2048],[136.19009,36.2047],[136.19008,36.20458],[136.19025,36.20456],[136.19023,36.2043],[136.18978,36.20433],[136.18981,36.20482]]]}},{"type":"Feature","properties":{"pid":"fcf905c4-afb5-4d39-b528-3f8ce702a5ee","full":1.8},"geometry":{"type":"Polygon","coordinates":[[[136.18944,36.20458],[136.18974,36.20457],[136.18972,36.20435],[136.18964,36.20435],[136.18964,36.20432],[136.18953,36.20432],[136.18948,36.20448],[136.18944,36.20458]]]}},{"type":"Feature","properties":{"pid":"94cd56c1-7af1-4ce0-ba13-d08ca7b585bf","full":26.1},"geometry":{"type":"Polygon","coordinates":[[[136.1905,36.20421],[136.19058,36.20382],[136.18959,36.20387],[136.18956,36.20417],[136.18953,36.20431],[136.18971,36.2043],[136.1897,36.20426],[136.1905,36.20421]]]}},{"type":"Feature","properties":{"pid":"2797c218-8cad-445d-ad39-c564e3fc29b5","full":68.8},"geometry":{"type":"Polygon","coordinates":[[[136.18849,36.20487],[136.18916,36.20492],[136.18919,36.2049],[136.18939,36.20446],[136.18945,36.20417],[136.18948,36.20388],[136.18862,36.20382],[136.18849,36.20487]]]}},{"type":"Feature","properties":{"pid":"ffe321e7-cb95-4bea-8f72-8f4d9e6de341","full":36.7},"geometry":{"type":"Polygon","coordinates":[[[136.18733,36.20474],[136.18844,36.20481],[136.18848,36.20436],[136.18738,36.20429],[136.18733,36.20474]]]}},{"type":"Feature","properties":{"pid":"b9e4887c-3ee7-4dea-bf37-97d85b023a68","full":43.6},"geometry":{"type":"Polygon","coordinates":[[[136.18854,36.20382],[136.18743,36.20374],[136.18739,36.20427],[136.18848,36.20434],[136.18854,36.20382]]]}},{"type":"Feature","properties":{"pid":"f342af9a-9e92-4831-8234-50ec0b797cd8","full":54.9},"geometry":{"type":"Polygon","coordinates":[[[136.18615,36.20467],[136.18726,36.20474],[136.18733,36.2041],[136.18623,36.20403],[136.18615,36.20467]]]}},{"type":"Feature","properties":{"pid":"8fc4e8fd-e926-4099-a7d8-af998f867296","full":17.2},"geometry":{"type":"Polygon","coordinates":[[[136.18808,36.20545],[136.18726,36.2054],[136.18724,36.20573],[136.18804,36.20578],[136.18808,36.20545]]]}},{"type":"Feature","properties":{"pid":"3b4e36d7-ae74-4475-8686-e8cf93ec9a71","full":52.0},"geometry":{"type":"Polygon","coordinates":[[[136.1862,36.20567],[136.18712,36.20573],[136.18719,36.20511],[136.18599,36.20503],[136.18597,36.20527],[136.18604,36.20528],[136.1862,36.20567]]]}},{"type":"Feature","properties":{"pid":"b76ab879-0f4b-45ba-bf12-8287bb353ed7","full":10.7},"geometry":{"type":"Polygon","coordinates":[[[136.18719,36.20509],[136.18722,36.20483],[136.18647,36.20479],[136.18645,36.20504],[136.18719,36.20509]]]}},{"type":"Feature","properties":{"pid":"a8d0b05d-5ddc-47ee-9a31-e33018c6a887","full":53.6},"geometry":{"type":"Polygon","coordinates":[[[136.18501,36.20455],[136.18505,36.20458],[136.18604,36.20466],[136.18608,36.20463],[136.18615,36.20403],[136.18611,36.20401],[136.18507,36.20394],[136.18501,36.20455]]]}},{"type":"Feature","properties":{"pid":"319e9f4c-5df7-4170-89ff-07e0b3cbcda9","full":59.8},"geometry":{"type":"Polygon","coordinates":[[[136.18383,36.20452],[136.18489,36.20459],[136.18491,36.20457],[136.18499,36.20389],[136.18391,36.20381],[136.18383,36.20452]]]}},{"type":"Feature","properties":{"pid":"88db4725-0b80-4da3-880f-0cb0bfe4cc2a","full":38.9},"geometry":{"type":"Polygon","coordinates":[[[136.18324,36.2046],[136.18339,36.20456],[136.1834,36.20459],[136.18374,36.20452],[136.18384,36.20361],[136.18323,36.20357],[136.18324,36.2046]]]}},{"type":"Feature","properties":{"pid":"81325c32-9da3-485c-811f-ee56e46a25e0","full":33.2},"geometry":{"type":"Polygon","coordinates":[[[136.18308,36.20462],[136.18308,36.20364],[136.18247,36.20375],[136.18271,36.20468],[136.18308,36.20462]]]}},{"type":"Feature","properties":{"pid":"e8903eae-dd94-4627-b660-577414013716","full":29.1},"geometry":{"type":"Polygon","coordinates":[[[136.18331,36.2052],[136.18405,36.20511],[136.18409,36.20504],[136.18417,36.20466],[136.18415,36.20464],[136.1838,36.20462],[136.18327,36.20474],[136.18331,36.2052]]]}},{"type":"Feature","properties":{"pid":"0f59221f-9751-4bce-bd7f-29030ece80b8","full":40.1},"geometry":{"type":"Polygon","coordinates":[[[136.18267,36.20573],[136.18321,36.20564],[136.18314,36.20479],[136.18305,36.20481],[136.18302,36.20472],[136.18295,36.20473],[136.18295,36.20477],[136.18246,36.20486],[136.18267,36.20573]]]}},{"type":"Feature","properties":{"pid":"715256c9-a976-4262-8d0a-783f29365928","full":5.9},"geometry":{"type":"Polygon","coordinates":[[[136.18339,36.20632],[136.18359,36.20629],[136.18356,36.20595],[136.18353,36.2059],[136.18347,36.20528],[136.18332,36.20531],[136.18339,36.20632]]]}},{"type":"Feature","properties":{"pid":"2cd9156d-cf99-4580-931a-52ce818c74f6","full":4.0},"geometry":{"type":"Polygon","coordinates":[[[136.18342,36.20688],[136.18377,36.20684],[136.18373,36.20675],[136.18372,36.20675],[136.18369,36.20656],[136.1834,36.20658],[136.18342,36.20688]]]}},{"type":"Feature","properties":{"pid":"09314514-d4cb-46e7-a538-65a1d67963d8","full":17.9},"geometry":{"type":"Polygon","coordinates":[[[136.1822,36.20738],[136.18334,36.2072],[136.18332,36.20693],[136.18213,36.20714],[136.1822,36.20738]]]}},{"type":"Feature","properties":{"pid":"f0247278-daa4-4460-985c-8929ac623f13","full":29.9},"geometry":{"type":"Polygon","coordinates":[[[136.18213,36.20712],[136.18331,36.20691],[136.18328,36.20655],[136.18205,36.20676],[136.18213,36.20712]]]}},{"type":"Feature","properties":{"pid":"5ad5ffd8-d36f-40b9-8f50-36b1a1a683ad","full":1.9},"geometry":{"type":"Polygon","coordinates":[[[136.1834,36.20657],[136.18368,36.20655],[136.18365,36.20635],[136.18338,36.20637],[136.1834,36.20657]]]}},{"type":"Feature","properties":{"pid":"0b91d7be-eaeb-4538-8b9e-b3a67ef1d6a4","full":95.5},"geometry":{"type":"Polygon","coordinates":[[[136.18204,36.20674],[136.18327,36.20654],[136.18321,36.20566],[136.18182,36.20589],[136.18204,36.20674]]]}},{"type":"Feature","properties":{"pid":"9f78e00b-b3fc-42f7-8da6-1063677dbc6d","full":78.3},"geometry":{"type":"Polygon","coordinates":[[[136.1809,36.20694],[136.18198,36.20676],[136.18175,36.2059],[136.18069,36.20607],[136.1809,36.20694]]]}},{"type":"Feature","properties":{"pid":"65753f65-769f-4285-9c42-3a9d296157ef","full":27.6},"geometry":{"type":"Polygon","coordinates":[[[136.18099,36.20732],[136.18208,36.20713],[136.18199,36.20678],[136.1809,36.20696],[136.18099,36.20732]]]}},{"type":"Feature","properties":{"pid":"20ff8cb2-3da4-4e92-a9ca-6250f5fafef5","full":79.0},"geometry":{"type":"Polygon","coordinates":[[[136.17975,36.20714],[136.18083,36.20696],[136.18061,36.20609],[136.17952,36.20627],[136.17975,36.20714]]]}},{"type":"Feature","properties":{"pid":"78a5ce18-6e83-4768-9c18-d54bdfd5a933","full":78.8},"geometry":{"type":"Polygon","coordinates":[[[136.18067,36.20606],[136.18175,36.20588],[136.18153,36.20501],[136.18045,36.20519],[136.18067,36.20606]]]}},{"type":"Feature","properties":{"pid":"9216f20f-b6b1-4791-be22-63175b6f7a58","full":58.1},"geometry":{"type":"Polygon","coordinates":[[[136.18182,36.20587],[136.18265,36.20572],[136.18243,36.20487],[136.18159,36.205],[136.18182,36.20587]]]}},{"type":"Feature","properties":{"pid":"c944ba67-0a7f-4b73-aa5c-9b6c179d6485","full":89.5},"geometry":{"type":"Polygon","coordinates":[[[136.18157,36.20491],[136.18266,36.20473],[136.18239,36.20376],[136.18131,36.20394],[136.18157,36.20491]]]}},{"type":"Feature","properties":{"pid":"5d3d0212-e31b-4974-a54e-6dba9a62d226","full":88.1},"geometry":{"type":"Polygon","coordinates":[[[136.18043,36.20508],[136.18145,36.20492],[136.18149,36.20491],[136.18124,36.20394],[136.18016,36.20413],[136.18042,36.20507],[136.18043,36.20506],[136.18043,36.20508]]]}},{"type":"Feature","properties":{"pid":"948eb653-390f-4d6c-af45-4d9714e993cb","full":9.5},"geometry":{"type":"Polygon","coordinates":[[[136.18007,36.20515],[136.18028,36.20512],[136.18005,36.20416],[136.17982,36.20419],[136.18007,36.20515]]]}},{"type":"Feature","properties":{"pid":"403fbe36-2e40-48c4-9653-1eac4d387187","full":78.7},"geometry":{"type":"Polygon","coordinates":[[[136.17952,36.20625],[136.18061,36.20607],[136.18038,36.2052],[136.17959,36.20533],[136.1796,36.20538],[136.17948,36.2054],[136.17947,36.20535],[136.17929,36.20539],[136.17952,36.20625]]]}},{"type":"Feature","properties":{"pid":"aad4fadc-e876-4296-9ef1-324c70def3c0","full":5.8},"geometry":{"type":"Polygon","coordinates":[[[136.1782,36.20523],[136.17867,36.20515],[136.17861,36.20491],[136.17814,36.20499],[136.1782,36.20523]]]}},{"type":"Feature","properties":{"pid":"9995d466-6724-471c-9ffe-9e80382508e0","full":12.2},"geometry":{"type":"Polygon","coordinates":[[[136.17826,36.20495],[136.17883,36.20485],[136.17876,36.2046],[136.17913,36.20454],[136.17906,36.20427],[136.17874,36.20427],[136.17876,36.20437],[136.1785,36.2044],[136.17859,36.20475],[136.17823,36.20482],[136.17826,36.20495]]]}},{"type":"Feature","properties":{"pid":"9ebc69ad-dfcc-4f48-8588-36cf172c8105","full":11.6},"geometry":{"type":"Polygon","coordinates":[[[136.17574,36.20445],[136.17644,36.20433],[136.17633,36.20405],[136.17566,36.20417],[136.17574,36.20445]]]}},{"type":"Feature","properties":{"pid":"c6e9349d-e689-431e-b86a-93103a43505c","full":6.0},"geometry":{"type":"Polygon","coordinates":[[[136.17549,36.2045],[136.17572,36.20445],[136.17556,36.20387],[136.17534,36.20391],[136.17549,36.2045]]]}},{"type":"Feature","properties":{"pid":"5c80fec6-9ba1-4528-9f5c-f5c2b321fb86","full":34.2},"geometry":{"type":"Polygon","coordinates":[[[136.17566,36.20512],[136.17658,36.20497],[136.17653,36.20474],[136.17635,36.20477],[136.17625,36.20443],[136.17552,36.20456],[136.17566,36.20512]]]}},{"type":"Feature","properties":{"pid":"80972c46-24bb-46d0-8db8-b7c53fdb38f1","full":10.5},"geometry":{"type":"Polygon","coordinates":[[[136.17578,36.20558],[136.17619,36.20551],[136.17608,36.20509],[136.17567,36.20516],[136.17578,36.20558]]]}},{"type":"Feature","properties":{"pid":"920f13de-6dcc-4a98-acf9-c625340baed1","full":86.9},"geometry":{"type":"Polygon","coordinates":[[[136.17466,36.20607],[136.17471,36.20605],[136.17561,36.20589],[136.17561,36.20585],[136.17574,36.20583],[136.17549,36.20492],[136.17441,36.20511],[136.17466,36.20607]]]}},{"type":"Feature","properties":{"pid":"d91ebdff-c015-48f1-9a94-d991aa4bfae7","full":25.3},"geometry":{"type":"Polygon","coordinates":[[[136.17629,36.20581],[136.17678,36.20572],[136.17659,36.20501],[136.1761,36.20509],[136.17629,36.20581]]]}},{"type":"Feature","properties":{"pid":"e9068d7c-7b25-479e-a724-118583ae63b6","full":78.4},"geometry":{"type":"Polygon","coordinates":[[[136.17606,36.20686],[136.17715,36.20667],[136.17693,36.2058],[136.17629,36.20591],[136.17623,36.20592],[136.17624,36.20597],[136.17613,36.20599],[136.17612,36.20593],[136.17584,36.20599],[136.17606,36.20686]]]}},{"type":"Feature","properties":{"pid":"485d4ec1-fbbc-445a-a89e-4d95aaa9d49a","full":67.3},"geometry":{"type":"Polygon","coordinates":[[[136.17489,36.2069],[136.17596,36.20671],[136.17577,36.20596],[136.1751,36.20607],[136.17485,36.20612],[136.17469,36.20619],[136.17489,36.2069]]]}},{"type":"Feature","properties":{"pid":"ebaeb52a-c8fc-4e42-913c-b02640f76bf4","full":75.4},"geometry":{"type":"Polygon","coordinates":[[[136.1751,36.20773],[136.17618,36.20756],[136.17596,36.20672],[136.17488,36.20691],[136.1751,36.20773]]]}},{"type":"Feature","properties":{"pid":"2b4eada0-210b-48ed-8909-6b3229dade39","full":79.4},"geometry":{"type":"Polygon","coordinates":[[[136.17629,36.20773],[136.17738,36.20755],[136.17716,36.20668],[136.17607,36.20687],[136.17629,36.20773]]]}},{"type":"Feature","properties":{"pid":"04a1b15b-ce68-4f0e-a492-7ea5afe8faba","full":77.3},"geometry":{"type":"Polygon","coordinates":[[[136.17743,36.20753],[136.1785,36.20735],[136.17827,36.20648],[136.17722,36.20666],[136.17743,36.20753]]]}},{"type":"Feature","properties":{"pid":"f5802116-2796-4bf7-892c-f429fd27bad2","full":62.2},"geometry":{"type":"Polygon","coordinates":[[[136.17721,36.20665],[136.17827,36.20647],[136.17816,36.20604],[136.17786,36.20609],[136.17776,36.20567],[136.17771,36.20566],[136.17723,36.20575],[136.17724,36.20579],[136.177,36.20582],[136.17721,36.20665]]]}},{"type":"Feature","properties":{"pid":"1e8b8498-0db5-4c7d-9b49-e6faa946b723","full":79.0},"geometry":{"type":"Polygon","coordinates":[[[136.17837,36.20646],[136.17945,36.20626],[136.17922,36.2054],[136.17815,36.20558],[136.17837,36.20646]]]}},{"type":"Feature","properties":{"pid":"36609d14-1490-4eb1-bafe-23500b77a8c2","full":81.1},"geometry":{"type":"Polygon","coordinates":[[[136.1786,36.20735],[136.17969,36.20716],[136.17945,36.20628],[136.17838,36.20647],[136.1786,36.20735]]]}},{"type":"Feature","properties":{"pid":"d5602536-86aa-4090-8c4a-4552abbb9a91","full":78.0},"geometry":{"type":"Polygon","coordinates":[[[136.17574,36.20098],[136.17679,36.2008],[136.17678,36.20078],[136.17681,36.20077],[136.1766,36.19993],[136.17554,36.20011],[136.17553,36.20013],[136.17574,36.20098]]]}},{"type":"Feature","properties":{"pid":"163fab47-1183-4822-8632-28b2aa57354f","full":78.9},"geometry":{"type":"Polygon","coordinates":[[[136.17689,36.20076],[136.17692,36.20075],[136.17693,36.20077],[136.17798,36.2006],[136.17776,36.19971],[136.17668,36.19993],[136.17689,36.20076]]]}},{"type":"Feature","properties":{"pid":"05534151-4595-4371-86dc-73d9cdbbd35a","full":61.0},"geometry":{"type":"Polygon","coordinates":[[[136.17664,36.1998],[136.17773,36.19958],[136.17774,36.19957],[136.17758,36.19892],[136.17646,36.19911],[136.17664,36.1998]]]}},{"type":"Feature","properties":{"pid":"aad384de-2fd3-4797-b587-74966ead8282","full":74.9},"geometry":{"type":"Polygon","coordinates":[[[136.17547,36.2],[136.17654,36.19982],[136.17656,36.19979],[136.17635,36.199],[136.17526,36.19919],[136.17547,36.2]]]}},{"type":"Feature","properties":{"pid":"bc92fdb4-25d8-4b50-a8da-6c5ff91f0418","full":83.2},"geometry":{"type":"Polygon","coordinates":[[[136.17525,36.19918],[136.17635,36.19898],[136.17613,36.1981],[136.1761,36.1981],[136.17502,36.19828],[136.17525,36.19918]]]}},{"type":"Feature","properties":{"pid":"0d37d907-9cc8-444d-9ec0-ca994d4bfb97","full":81.0},"geometry":{"type":"Polygon","coordinates":[[[136.17479,36.19735],[136.17502,36.19823],[136.17611,36.19804],[136.17588,36.19716],[136.17479,36.19735]]]}},{"type":"Feature","properties":{"pid":"8a615ee6-6a5c-4087-a027-1af7a4a9a74c","full":35.5},"geometry":{"type":"Polygon","coordinates":[[[136.17467,36.19691],[136.17479,36.19735],[136.17588,36.19716],[136.17577,36.19673],[136.17467,36.19691]]]}},{"type":"Feature","properties":{"pid":"061a06f9-391a-4acf-b3eb-368acbf2fa64","full":59.8},"geometry":{"type":"Polygon","coordinates":[[[136.17619,36.19804],[136.17726,36.19785],[136.17727,36.19785],[136.17709,36.19717],[136.17601,36.19737],[136.17619,36.19804]]]}},{"type":"Feature","properties":{"pid":"721be24d-d13b-41ef-90e8-951ebad916c0","full":49.5},"geometry":{"type":"Polygon","coordinates":[[[136.176,36.19735],[136.17709,36.19716],[136.17695,36.19658],[136.17585,36.19678],[136.176,36.19735]]]}},{"type":"Feature","properties":{"pid":"b6b312bb-78f3-49e9-8114-c82bd3d6e684","full":96.2},"geometry":{"type":"Polygon","coordinates":[[[136.17646,36.19909],[136.17756,36.19891],[136.17731,36.1979],[136.17728,36.19789],[136.17619,36.19808],[136.17646,36.19909]]]}},{"type":"Feature","properties":{"pid":"5a2ebc89-961a-4d24-9523-f640f3329e98","full":67.2},"geometry":{"type":"Polygon","coordinates":[[[136.17754,36.19865],[136.17863,36.19846],[136.17844,36.1977],[136.17735,36.1979],[136.17754,36.19865]]]}},{"type":"Feature","properties":{"pid":"5a456584-1aad-4bb4-bd65-3c9d9a231da9","full":64.8},"geometry":{"type":"Polygon","coordinates":[[[136.17734,36.19784],[136.1784,36.19766],[136.17842,36.19764],[136.17824,36.19693],[136.17715,36.19712],[136.17734,36.19784]]]}},{"type":"Feature","properties":{"pid":"d9ca4eef-7bd1-4d54-a6b6-6ebfe47114c0","full":66.0},"geometry":{"type":"Polygon","coordinates":[[[136.17849,36.19764],[136.17957,36.19746],[136.1794,36.19672],[136.1783,36.19691],[136.17849,36.19764]]]}},{"type":"Feature","properties":{"pid":"98bb3c38-6e2f-4b4d-aa0e-2f93085c94a2","full":79.0},"geometry":{"type":"Polygon","coordinates":[[[136.17871,36.19853],[136.17981,36.19836],[136.17962,36.1975],[136.17853,36.19768],[136.1785,36.1977],[136.17871,36.19853]]]}},{"type":"Feature","properties":{"pid":"3710e6bd-7627-49a0-bd09-228b1caa18a3","full":68.2},"geometry":{"type":"Polygon","coordinates":[[[136.17892,36.19932],[136.17896,36.19934],[136.18002,36.19907],[136.17981,36.19838],[136.17872,36.19855],[136.17877,36.19874],[136.17892,36.19932]]]}},{"type":"Feature","properties":{"pid":"f69e5ee2-1a64-4e72-b0e3-250a71bd5478","full":37.5},"geometry":{"type":"Polygon","coordinates":[[[136.17906,36.19987],[136.18015,36.19969],[136.18002,36.19919],[136.17895,36.19947],[136.17906,36.19987]]]}},{"type":"Feature","properties":{"pid":"801a2391-9fb5-4cf9-966b-5813d0d358eb","full":80.1},"geometry":{"type":"Polygon","coordinates":[[[136.17779,36.19956],[136.17885,36.19933],[136.17864,36.19847],[136.17755,36.19866],[136.17779,36.19956]]]}},{"type":"Feature","properties":{"pid":"716d57b3-315a-4b95-922e-38f416356dfe","full":82.4},"geometry":{"type":"Polygon","coordinates":[[[136.17804,36.20059],[136.17912,36.20041],[136.17889,36.19948],[136.17782,36.1997],[136.17804,36.20059]]]}},{"type":"Feature","properties":{"pid":"6181a46a-8f4f-4a45-b73a-16c1fb50274a","full":45.0},"geometry":{"type":"Polygon","coordinates":[[[136.17921,36.20042],[136.18029,36.20025],[136.18015,36.19971],[136.17907,36.19989],[136.17921,36.20042]]]}},{"type":"Feature","properties":{"pid":"c32e860a-9ea8-4b9d-b5ad-50d919296486","full":55.5},"geometry":{"type":"Polygon","coordinates":[[[136.17937,36.20109],[136.18045,36.2009],[136.18029,36.20027],[136.17921,36.20045],[136.17937,36.20109]]]}},{"type":"Feature","properties":{"pid":"9770db0a-8df9-4bad-887f-80c805bd09db","full":106.9},"geometry":{"type":"Polygon","coordinates":[[[136.17835,36.20175],[136.17943,36.20157],[136.17913,36.20043],[136.17805,36.20061],[136.17835,36.20175]]]}},{"type":"Feature","properties":{"pid":"b9686b23-89f2-4058-9af8-12ad5cee08be","full":33.4},"geometry":{"type":"Polygon","coordinates":[[[136.1787,36.20223],[136.1795,36.20209],[136.17952,36.20207],[136.1794,36.20162],[136.17835,36.2018],[136.17843,36.2021],[136.17865,36.20206],[136.1787,36.20223]]]}},{"type":"Feature","properties":{"pid":"bdabd872-2cbe-444a-90f9-8a62867ca0ff","full":3.4},"geometry":{"type":"Polygon","coordinates":[[[136.17771,36.20203],[136.17781,36.20204],[136.17802,36.20207],[136.17821,36.20201],[136.17816,36.20184],[136.17768,36.20191],[136.17771,36.20203]]]}},{"type":"Feature","properties":{"pid":"641710aa-c6d0-45a0-b5ac-14e6a8e77989","full":65.2},"geometry":{"type":"Polygon","coordinates":[[[136.17719,36.20195],[136.17829,36.20176],[136.1781,36.20103],[136.17701,36.20122],[136.17719,36.20195]]]}},{"type":"Feature","properties":{"pid":"06c2c788-eb56-4c22-9d4d-093e9b557e67","full":31.1},"geometry":{"type":"Polygon","coordinates":[[[136.17701,36.2012],[136.17809,36.20102],[136.17799,36.20062],[136.17693,36.2008],[136.17694,36.20083],[136.17691,36.20083],[136.17701,36.2012]]]}},{"type":"Feature","properties":{"pid":"9fa00e50-19a6-44e8-bf4f-49a8e1d40b21","full":15.1},"geometry":{"type":"Polygon","coordinates":[[[136.17581,36.20124],[136.17688,36.20106],[136.17683,36.20085],[136.1768,36.20085],[136.1768,36.20083],[136.17575,36.201],[136.17581,36.20124]]]}},{"type":"Feature","properties":{"pid":"d3d04826-c15b-428a-ba7a-d18b62a246bc","full":78.0},"geometry":{"type":"Polygon","coordinates":[[[136.17459,36.20118],[136.17568,36.20099],[136.17545,36.20013],[136.17438,36.20032],[136.17459,36.20118]]]}},{"type":"Feature","properties":{"pid":"77f6d499-800e-4e67-9d72-67c69cb6efc6","full":106.9},"geometry":{"type":"Polygon","coordinates":[[[136.17489,36.20234],[136.17598,36.20215],[136.17568,36.20101],[136.1746,36.2012],[136.17489,36.20234]]]}},{"type":"Feature","properties":{"pid":"04768b7a-dbbb-4cb1-819a-029a94ac8215","full":79.6},"geometry":{"type":"Polygon","coordinates":[[[136.17603,36.20214],[136.17711,36.20196],[136.17689,36.20108],[136.17581,36.20126],[136.17603,36.20214]]]}},{"type":"Feature","properties":{"pid":"edb74296-3ec7-46df-bf24-2d3ad3a44c07","full":1.2},"geometry":{"type":"Polygon","coordinates":[[[136.17586,36.20248],[136.17587,36.20249],[136.17602,36.20246],[136.176,36.20237],[136.1761,36.20235],[136.17608,36.20227],[136.17617,36.20226],[136.17615,36.20218],[136.17586,36.20223],[136.17586,36.20248]]]}},{"type":"Feature","properties":{"pid":"d00f178f-4f7e-418c-800a-89d94d83b2ee","full":22.3},"geometry":{"type":"Polygon","coordinates":[[[136.17506,36.20285],[136.17539,36.20279],[136.17546,36.2027],[136.17581,36.20249],[136.17582,36.20223],[136.17495,36.20238],[136.17506,36.20285]]]}},{"type":"Feature","properties":{"pid":"496d4568-3700-4997-9e6a-e5d256529f38","full":10.4},"geometry":{"type":"Polygon","coordinates":[[[136.1752,36.20337],[136.17557,36.2033],[136.17544,36.20283],[136.17507,36.20289],[136.1752,36.20337]]]}},{"type":"Feature","properties":{"pid":"e826df60-053d-4537-b034-045aedd628de","full":3.4},"geometry":{"type":"Polygon","coordinates":[[[136.17533,36.20383],[136.17535,36.20385],[136.17555,36.20382],[136.17546,36.20346],[136.17533,36.20344],[136.17523,36.20346],[136.17533,36.20383]]]}},{"type":"Feature","properties":{"pid":"100a053d-6635-42a2-b29c-037669ef96bc","full":12.8},"geometry":{"type":"Polygon","coordinates":[[[136.17956,36.20271],[136.17968,36.20269],[136.17954,36.20216],[136.17951,36.20215],[136.1788,36.20227],[136.1788,36.20229],[136.17909,36.2024],[136.1795,36.20266],[136.17956,36.20271]]]}},{"type":"Feature","properties":{"pid":"1d8b0b07-7d47-4ed2-985b-fcbb9a556acc","full":12.8},"geometry":{"type":"Polygon","coordinates":[[[136.17966,36.20417],[136.18003,36.20411],[136.1798,36.2032],[136.17976,36.20318],[136.17964,36.20321],[136.17976,36.20366],[136.17954,36.2037],[136.17966,36.20417]]]}},{"type":"Feature","properties":{"pid":"860db18f-032d-4aec-b555-f47bddd98ce0","full":87.6},"geometry":{"type":"Polygon","coordinates":[[[136.18016,36.20412],[136.18124,36.20393],[136.18098,36.20296],[136.17993,36.20315],[136.18016,36.20412]]]}},{"type":"Feature","properties":{"pid":"5cfbdefa-8797-400d-901b-b999d34133bd","full":91.1},"geometry":{"type":"Polygon","coordinates":[[[136.18131,36.20393],[136.1824,36.20375],[136.18214,36.20277],[136.18105,36.20295],[136.18131,36.20393]]]}},{"type":"Feature","properties":{"pid":"da08ee29-c37b-42d7-b106-d8c8a02af43e","full":46.6},"geometry":{"type":"Polygon","coordinates":[[[136.17989,36.20309],[136.18098,36.2029],[136.18084,36.20236],[136.17975,36.20255],[136.17989,36.20309]]]}},{"type":"Feature","properties":{"pid":"a088796e-781f-487e-bb49-a1e547daaebe","full":65.8},"geometry":{"type":"Polygon","coordinates":[[[136.17975,36.20253],[136.18083,36.20234],[136.18063,36.2016],[136.17956,36.20179],[136.17975,36.20253]]]}},{"type":"Feature","properties":{"pid":"6b6ceef4-0280-414d-bbee-f6e9bcfccd1b","full":57.9},"geometry":{"type":"Polygon","coordinates":[[[136.17955,36.20176],[136.18064,36.20158],[136.18047,36.20093],[136.17937,36.20112],[136.17955,36.20176]]]}},{"type":"Feature","properties":{"pid":"8af2d8d7-2f62-4495-9a55-ea90049a6ef4","full":123.7},"geometry":{"type":"Polygon","coordinates":[[[136.18069,36.20156],[136.18178,36.20135],[136.18144,36.20006],[136.18036,36.20025],[136.18069,36.20156]]]}},{"type":"Feature","properties":{"pid":"156490ff-93c4-4595-9cac-6d8a872830f4","full":97.2},"geometry":{"type":"Polygon","coordinates":[[[136.18185,36.20138],[136.18294,36.20119],[136.18266,36.20014],[136.18158,36.20033],[136.18185,36.20138]]]}},{"type":"Feature","properties":{"pid":"b65b2a12-c976-4cfa-8720-cb80c0b16851","full":38.7},"geometry":{"type":"Polygon","coordinates":[[[136.18198,36.20187],[136.18303,36.20168],[136.18303,36.20163],[136.18293,36.2012],[136.18186,36.20139],[136.18198,36.20187]]]}},{"type":"Feature","properties":{"pid":"3e3df4e8-8e57-470c-b3d3-efebd99b8c94","full":125.7},"geometry":{"type":"Polygon","coordinates":[[[136.18103,36.20289],[136.18213,36.20271],[136.18178,36.20138],[136.1807,36.20158],[136.18103,36.20289]]]}},{"type":"Feature","properties":{"pid":"597e4bcd-7acb-4f74-8d22-044916e9697b","full":63.7},"geometry":{"type":"Polygon","coordinates":[[[136.18219,36.2027],[136.18305,36.20255],[136.18303,36.20171],[136.18198,36.20189],[136.18219,36.2027]]]}},{"type":"Feature","properties":{"pid":"78127b61-c714-49ff-b85c-4d541063b789","full":43.3},"geometry":{"type":"Polygon","coordinates":[[[136.18322,36.20203],[136.184,36.20208],[136.18408,36.20138],[136.18323,36.20132],[136.18321,36.20154],[136.18322,36.20203]]]}},{"type":"Feature","properties":{"pid":"49607046-09e5-4c9c-9200-dd073b35412d","full":27.0},"geometry":{"type":"Polygon","coordinates":[[[136.18309,36.20153],[136.18324,36.19987],[136.18268,36.19996],[136.18309,36.20153]]]}},{"type":"Feature","properties":{"pid":"6589d320-ee8d-4df9-b89c-3863a2cbae83","full":47.4},"geometry":{"type":"Polygon","coordinates":[[[136.18416,36.2006],[136.18328,36.20054],[136.18322,36.20125],[136.18408,36.20131],[136.18416,36.2006]]]}},{"type":"Feature","properties":{"pid":"fa108dec-d15c-425a-bec4-ec299d0c4867","full":29.5},"geometry":{"type":"Polygon","coordinates":[[[136.1842,36.201],[136.18528,36.20108],[136.18532,36.20068],[136.18425,36.20061],[136.1842,36.201]]]}},{"type":"Feature","properties":{"pid":"49c68877-e1c5-44b6-ae0a-f2c1fc1a0719","full":20.3},"geometry":{"type":"Polygon","coordinates":[[[136.18417,36.20132],[136.18524,36.20139],[136.18527,36.20109],[136.1842,36.20102],[136.18417,36.20132]]]}},{"type":"Feature","properties":{"pid":"9d6a5d7c-8349-4d3a-9031-6089a27ffccc","full":50.7},"geometry":{"type":"Polygon","coordinates":[[[136.1841,36.20199],[136.18518,36.20207],[136.18525,36.20146],[136.18416,36.20139],[136.1841,36.20199]]]}},{"type":"Feature","properties":{"pid":"641d3618-8674-480f-a2b8-56dfdfa29a06","full":62.4},"geometry":{"type":"Polygon","coordinates":[[[136.184,36.20272],[136.18511,36.2028],[136.18519,36.20208],[136.18408,36.202],[136.184,36.20272]]]}},{"type":"Feature","properties":{"pid":"91aa8202-0bcc-4bfa-8437-8d2eba42bc62","full":19.7},"geometry":{"type":"Polygon","coordinates":[[[136.18397,36.20302],[136.18508,36.2031],[136.18511,36.20281],[136.184,36.20274],[136.18397,36.20302]]]}},{"type":"Feature","properties":{"pid":"65d0f187-8df6-4912-b5ea-ed2fc8dd2f70","full":33.7},"geometry":{"type":"Polygon","coordinates":[[[136.18399,36.20209],[136.18322,36.20205],[136.1832,36.20267],[136.18393,36.20271],[136.18399,36.20209]]]}},{"type":"Feature","properties":{"pid":"a6c9b8d6-45f5-4a55-b3f0-444939d4dc42","full":18.2},"geometry":{"type":"Polygon","coordinates":[[[136.18321,36.20309],[136.18389,36.20313],[136.18393,36.20274],[136.18321,36.20269],[136.18321,36.20309]]]}},{"type":"Feature","properties":{"pid":"a4a5aab5-db57-40a6-a396-5b97c989fab4","full":18.8},"geometry":{"type":"Polygon","coordinates":[[[136.18389,36.20315],[136.1832,36.20311],[136.18322,36.20354],[136.18384,36.20359],[136.18389,36.20315]]]}},{"type":"Feature","properties":{"pid":"06dc6523-3626-492e-8eb3-59fe5223dc69","full":57.5},"geometry":{"type":"Polygon","coordinates":[[[136.18246,36.20373],[136.18308,36.20362],[136.18307,36.20261],[136.18221,36.20276],[136.18246,36.20373]]]}},{"type":"Feature","properties":{"pid":"dece2891-f1f8-457b-a11b-4e57a6272be6","full":66.5},"geometry":{"type":"Polygon","coordinates":[[[136.1839,36.20379],[136.185,36.20387],[136.18508,36.20311],[136.18397,36.20303],[136.1839,36.20379]]]}},{"type":"Feature","properties":{"pid":"f0048b83-83e5-4100-a876-72764c928b61","full":63.0},"geometry":{"type":"Polygon","coordinates":[[[136.18506,36.20393],[136.18616,36.20401],[136.18624,36.20329],[136.18513,36.20321],[136.18506,36.20393]]]}},{"type":"Feature","properties":{"pid":"296f52c2-029e-4d94-a123-3b330277e78a","full":29.2},"geometry":{"type":"Polygon","coordinates":[[[136.18515,36.2032],[136.18624,36.20327],[136.18627,36.20289],[136.18519,36.20281],[136.18515,36.2032]]]}},{"type":"Feature","properties":{"pid":"4284693c-65b9-4d20-950a-c2091c83fb0b","full":57.2},"geometry":{"type":"Polygon","coordinates":[[[136.1852,36.20279],[136.18627,36.20287],[136.18634,36.20219],[136.18526,36.20212],[136.1852,36.20279]]]}},{"type":"Feature","properties":{"pid":"a81cc861-2f75-47d2-bf03-1842273e25c2","full":22.6},"geometry":{"type":"Polygon","coordinates":[[[136.18631,36.20321],[136.18742,36.20329],[136.18745,36.20296],[136.18635,36.2029],[136.18631,36.20321]]]}},{"type":"Feature","properties":{"pid":"e0dfd651-634b-46a4-973d-42d9a620a0c8","full":72.4},"geometry":{"type":"Polygon","coordinates":[[[136.18635,36.20288],[136.18745,36.20293],[136.18754,36.20212],[136.18644,36.20205],[136.18635,36.20288]]]}},{"type":"Feature","properties":{"pid":"b2a792b3-c9d3-4aa9-a257-61c8beed82d9","full":67.7},"geometry":{"type":"Polygon","coordinates":[[[136.18624,36.20401],[136.18733,36.20408],[136.18741,36.2033],[136.18631,36.20322],[136.18625,36.20385],[136.18629,36.20384],[136.18632,36.20393],[136.18624,36.20395],[136.18624,36.20401]]]}},{"type":"Feature","properties":{"pid":"0b75511a-4b31-4c44-bd81-0f71870c4407","full":66.0},"geometry":{"type":"Polygon","coordinates":[[[136.18744,36.20373],[136.18854,36.2038],[136.18862,36.20305],[136.18752,36.20297],[136.18744,36.20373]]]}},{"type":"Feature","properties":{"pid":"49beb617-311a-4fec-8f8e-ff7a162b18c6","full":18.4},"geometry":{"type":"Polygon","coordinates":[[[136.18959,36.20384],[136.19034,36.20381],[136.19032,36.20341],[136.18963,36.20345],[136.18959,36.20384]]]}},{"type":"Feature","properties":{"pid":"8460b91d-ea9f-4d47-8779-cdabfcdd586a","full":48.2},"geometry":{"type":"Polygon","coordinates":[[[136.18861,36.20381],[136.18948,36.20387],[136.18956,36.20314],[136.18869,36.20308],[136.18861,36.20381]]]}},{"type":"Feature","properties":{"pid":"3e6cd4fd-df40-446b-98f9-361a7faa2aa8","full":48.5},"geometry":{"type":"Polygon","coordinates":[[[136.18955,36.20313],[136.18964,36.20235],[136.18876,36.2023],[136.18868,36.20307],[136.18955,36.20313]],[[136.18929,36.20298],[136.18945,36.20295],[136.18948,36.20307],[136.18932,36.2031],[136.18929,36.20298]]]}},{"type":"Feature","properties":{"pid":"66b321c9-25fb-4404-8b38-75a2850c4481","full":52.2},"geometry":{"type":"Polygon","coordinates":[[[136.1896,36.20338],[136.19043,36.20334],[136.19038,36.20244],[136.1897,36.20246],[136.1896,36.20338]]]}},{"type":"Feature","properties":{"pid":"e8b0fb00-7573-4a7b-ad30-9ac901ec522b","full":72.3},"geometry":{"type":"Polygon","coordinates":[[[136.18752,36.20296],[136.18862,36.20304],[136.1887,36.20222],[136.1876,36.20214],[136.18752,36.20296]]]}},{"type":"Feature","properties":{"pid":"26d6ec6a-31b4-4a1a-ae7e-03be5373f679","full":42.0},"geometry":{"type":"Polygon","coordinates":[[[136.1876,36.20213],[136.18871,36.2022],[136.18876,36.2017],[136.18766,36.20162],[136.1876,36.20213]]]}},{"type":"Feature","properties":{"pid":"fd668d4d-b062-438e-9c88-6070442b399e","full":38.1},"geometry":{"type":"Polygon","coordinates":[[[136.18877,36.20229],[136.18964,36.20234],[136.1897,36.20177],[136.18967,36.20175],[136.18883,36.2017],[136.18877,36.20229]]]}},{"type":"Feature","properties":{"pid":"6ae273b9-f227-4781-aecd-d7136be15db6","full":41.5},"geometry":{"type":"Polygon","coordinates":[[[136.18884,36.20165],[136.18972,36.20171],[136.18978,36.20108],[136.1889,36.20103],[136.18884,36.20165]]]}},{"type":"Feature","properties":{"pid":"33969836-ff64-4d21-97d9-e65528a96ef2","full":30.4},"geometry":{"type":"Polygon","coordinates":[[[136.1889,36.20101],[136.18978,36.20107],[136.18984,36.20059],[136.18895,36.20053],[136.1889,36.20101]]]}},{"type":"Feature","properties":{"pid":"05faaeb3-cc90-4674-a831-efe1949cf19e","full":86.6},"geometry":{"type":"Polygon","coordinates":[[[136.18766,36.20157],[136.18877,36.20164],[136.18887,36.20069],[136.18776,36.20062],[136.18766,36.20157]]]}},{"type":"Feature","properties":{"pid":"b3d661ab-516f-4345-a1f2-fd2982a070c7","full":85.6},"geometry":{"type":"Polygon","coordinates":[[[136.1865,36.20149],[136.18758,36.20156],[136.18769,36.2006],[136.18659,36.20053],[136.1865,36.20149]]]}},{"type":"Feature","properties":{"pid":"5ba5b8eb-88ca-4dcb-88c6-7d0f25eb834d","full":40.4},"geometry":{"type":"Polygon","coordinates":[[[136.18644,36.20204],[136.18754,36.20211],[136.18759,36.20161],[136.18651,36.20154],[136.18649,36.20156],[136.18644,36.20204]]]}},{"type":"Feature","properties":{"pid":"324171ee-24f8-4331-8438-d710f5fa9c51","full":53.0},"geometry":{"type":"Polygon","coordinates":[[[136.18527,36.20211],[136.18634,36.20217],[136.1864,36.20153],[136.18533,36.20147],[136.18527,36.20211]]]}},{"type":"Feature","properties":{"pid":"9b155953-9ff4-4429-ba8b-48da4076b2c2","full":42.2},"geometry":{"type":"Polygon","coordinates":[[[136.18535,36.20141],[136.18641,36.20148],[136.18647,36.20095],[136.1854,36.20088],[136.18535,36.20141]]]}},{"type":"Feature","properties":{"pid":"a379449e-2be6-4c64-a57d-4a769be3d160","full":89.4},"geometry":{"type":"Polygon","coordinates":[[[136.1854,36.20085],[136.18647,36.20092],[136.18659,36.19991],[136.1855,36.19984],[136.1854,36.20085]]]}},{"type":"Feature","properties":{"pid":"2bb0a1ad-d620-4746-9138-c0e854ed5dfd","full":22.1},"geometry":{"type":"Polygon","coordinates":[[[136.18552,36.1998],[136.18659,36.19989],[136.18663,36.19956],[136.18554,36.19949],[136.18552,36.1998]]]}},{"type":"Feature","properties":{"pid":"46e8553c-5c1c-446f-8e6c-ed6f8b08fc02","full":34.9},"geometry":{"type":"Polygon","coordinates":[[[136.18555,36.19947],[136.18662,36.19954],[136.18666,36.19909],[136.1856,36.19902],[136.18555,36.19947]]]}},{"type":"Feature","properties":{"pid":"b9f946e7-02c8-4775-aae9-749a2ed31a8d","full":38.4},"geometry":{"type":"Polygon","coordinates":[[[136.18676,36.19908],[136.18783,36.19915],[136.18788,36.19866],[136.18682,36.19859],[136.18676,36.19908]]]}},{"type":"Feature","properties":{"pid":"91e02d94-6e08-41d4-a69e-6534cd2cf240","full":25.6},"geometry":{"type":"Polygon","coordinates":[[[136.18672,36.19946],[136.18779,36.19953],[136.18783,36.19917],[136.18676,36.1991],[136.18672,36.19946]]]}},{"type":"Feature","properties":{"pid":"9d01d934-e535-4e4b-b3ee-138fc1cfda8d","full":33.9},"geometry":{"type":"Polygon","coordinates":[[[136.18666,36.19991],[136.18776,36.19998],[136.1878,36.19956],[136.1867,36.19947],[136.18666,36.19991]]]}},{"type":"Feature","properties":{"pid":"4a4d87f5-a53a-4ce9-ab3c-6c64e0d6d268","full":49.4},"geometry":{"type":"Polygon","coordinates":[[[136.18659,36.20051],[136.18769,36.20059],[136.18775,36.2],[136.18665,36.19993],[136.18659,36.20051]]]}},{"type":"Feature","properties":{"pid":"a2f488b1-bb4f-44f9-be7f-54e2b3b4b7b1","full":68.0},"geometry":{"type":"Polygon","coordinates":[[[136.18782,36.19999],[136.18893,36.20007],[136.18902,36.1993],[136.18791,36.19923],[136.18782,36.19999]]]}},{"type":"Feature","properties":{"pid":"da9a42ec-3a17-4d11-af16-52e663fb0226","full":49.9},"geometry":{"type":"Polygon","coordinates":[[[136.18776,36.20059],[136.18887,36.20067],[136.18893,36.20008],[136.18783,36.2],[136.18776,36.20059]]]}},{"type":"Feature","properties":{"pid":"09bd8b63-4387-46a2-8e14-4e346df2ad9b","full":27.4},"geometry":{"type":"Polygon","coordinates":[[[136.18896,36.20051],[136.18983,36.20057],[136.18988,36.20013],[136.189,36.20007],[136.18896,36.20051]]]}},{"type":"Feature","properties":{"pid":"e56ad074-40d5-4daf-9aa5-adeb0c6196a7","full":24.3},"geometry":{"type":"Polygon","coordinates":[[[136.18991,36.1997],[136.18905,36.19964],[136.189,36.20005],[136.18988,36.20011],[136.18991,36.1997]]]}},{"type":"Feature","properties":{"pid":"3d2b2d29-6b9f-4428-86ee-488bf9f10286","full":20.7},"geometry":{"type":"Polygon","coordinates":[[[136.18904,36.19961],[136.18992,36.19967],[136.18997,36.19932],[136.18908,36.19925],[136.18904,36.19961]]]}},{"type":"Feature","properties":{"pid":"4e999588-cb97-478f-b9e3-3843075e3e89","full":71.1},"geometry":{"type":"Polygon","coordinates":[[[136.18998,36.19931],[136.19007,36.19827],[136.18919,36.19828],[136.18909,36.19924],[136.18998,36.19931]]]}},{"type":"Feature","properties":{"pid":"8d048ce3-d54e-45de-9d1b-51c28d40689b","full":42.6},"geometry":{"type":"Polygon","coordinates":[[[136.18791,36.19922],[136.18901,36.19929],[136.18907,36.19878],[136.18797,36.1987],[136.18791,36.19922]]]}},{"type":"Feature","properties":{"pid":"67e4b4f2-ab68-40c5-bbcc-14a4a98dbaef","full":20.9},"geometry":{"type":"Polygon","coordinates":[[[136.18802,36.19811],[136.18914,36.19818],[136.18917,36.19789],[136.18805,36.19781],[136.18802,36.19811]]]}},{"type":"Feature","properties":{"pid":"93bf8d37-049b-4102-b274-888602f0ddbf","full":40.2},"geometry":{"type":"Polygon","coordinates":[[[136.18797,36.19869],[136.18907,36.19877],[136.18912,36.19828],[136.18801,36.1982],[136.18797,36.19869]]]}},{"type":"Feature","properties":{"pid":"80b133d5-3e7a-4a97-b202-5e22fad49981","full":15.6},"geometry":{"type":"Polygon","coordinates":[[[136.18926,36.19819],[136.1905,36.19819],[136.19048,36.19793],[136.18928,36.19798],[136.18926,36.19819]]]}},{"type":"Feature","properties":{"pid":"f7439b16-8951-45d2-a9ab-19128e294e25","full":8.0},"geometry":{"type":"Polygon","coordinates":[[[136.18927,36.19797],[136.19048,36.19791],[136.19047,36.19775],[136.18929,36.1978],[136.18927,36.19797]]]}},{"type":"Feature","properties":{"pid":"3b78ab84-2025-4a15-a263-1233d81327f0","full":24.3},"geometry":{"type":"Polygon","coordinates":[[[136.18929,36.19779],[136.19047,36.19773],[136.19045,36.1974],[136.18933,36.19746],[136.18929,36.19779]]]}},{"type":"Feature","properties":{"pid":"2da04e9b-6570-40c1-8134-bb045b8c6908","full":22.9},"geometry":{"type":"Polygon","coordinates":[[[136.18933,36.19745],[136.19045,36.1974],[136.19042,36.19708],[136.18937,36.19712],[136.18933,36.19745]]]}},{"type":"Feature","properties":{"pid":"e4eb0cae-118a-4561-8423-ce7d79aeb40d","full":6.9},"geometry":{"type":"Polygon","coordinates":[[[136.18937,36.19711],[136.19042,36.19707],[136.19041,36.1969],[136.18939,36.19695],[136.18937,36.19711]]]}},{"type":"Feature","properties":{"pid":"7468f774-765b-46de-bbf4-ed14e7313496","full":25.8},"geometry":{"type":"Polygon","coordinates":[[[136.18813,36.19721],[136.18923,36.19729],[136.18927,36.19694],[136.18816,36.19686],[136.18813,36.19721]]]}},{"type":"Feature","properties":{"pid":"bfd0552a-8fda-4219-bad7-e4016905f75c","full":24.7},"geometry":{"type":"Polygon","coordinates":[[[136.18923,36.1973],[136.18812,36.19722],[136.18807,36.19756],[136.18918,36.19763],[136.18923,36.1973]]]}},{"type":"Feature","properties":{"pid":"44a5d01a-ab77-451b-a738-e06d5bca5368","full":13.9},"geometry":{"type":"Polygon","coordinates":[[[136.18806,36.1978],[136.18916,36.19788],[136.18919,36.19765],[136.18808,36.19758],[136.18806,36.1978]]]}},{"type":"Feature","properties":{"pid":"5679bf5b-77db-4c47-9a1f-5d87df8adefc","full":39.6},"geometry":{"type":"Polygon","coordinates":[[[136.18695,36.19716],[136.18805,36.19724],[136.1881,36.19675],[136.187,36.19667],[136.18695,36.19716]]]}},{"type":"Feature","properties":{"pid":"38224a46-ee52-431e-bcd9-b4bdea825425","full":76.2},"geometry":{"type":"Polygon","coordinates":[[[136.18686,36.19802],[136.18796,36.1981],[136.18805,36.19725],[136.18695,36.19717],[136.18686,36.19802]]]}},{"type":"Feature","properties":{"pid":"fe15d121-a8cf-4fb0-9eb7-b16bb0f46f10","full":35.7},"geometry":{"type":"Polygon","coordinates":[[[136.18682,36.19858],[136.18788,36.19865],[136.18793,36.1982],[136.18686,36.19812],[136.18681,36.19857],[136.18682,36.19858]]]}},{"type":"Feature","properties":{"pid":"1c21d72b-a7b0-4acf-9d2e-4a074159c8e0","full":81.6},"geometry":{"type":"Polygon","coordinates":[[[136.18559,36.19898],[136.18666,36.19906],[136.18676,36.19813],[136.18569,36.19804],[136.18559,36.19898]]]}},{"type":"Feature","properties":{"pid":"26bf60e0-0519-4ad4-82df-dae0c7e84c61","full":79.2},"geometry":{"type":"Polygon","coordinates":[[[136.18679,36.19802],[136.18689,36.19713],[136.18578,36.19705],[136.18569,36.19794],[136.18679,36.19802]]]}},{"type":"Feature","properties":{"pid":"7015a96f-938d-41d2-a88f-c46087d2f02b","full":34.6},"geometry":{"type":"Polygon","coordinates":[[[136.18458,36.19733],[136.18568,36.19741],[136.18572,36.19697],[136.18462,36.19689],[136.18458,36.19733]]]}},{"type":"Feature","properties":{"pid":"92329ac6-e159-441c-b1c8-dfbdd3807fd3","full":43.2},"geometry":{"type":"Polygon","coordinates":[[[136.18451,36.19787],[136.18561,36.19794],[136.18567,36.19742],[136.18457,36.19734],[136.18451,36.19787]]]}},{"type":"Feature","properties":{"pid":"42b4b9a4-d525-453a-82d8-7dc1abf21c88","full":56.5},"geometry":{"type":"Polygon","coordinates":[[[136.18352,36.19777],[136.18445,36.19783],[136.18453,36.19706],[136.18361,36.19699],[136.18352,36.19777]]]}},{"type":"Feature","properties":{"pid":"c745a6ac-459a-4a7c-9b91-c800e697784a","full":81.9},"geometry":{"type":"Polygon","coordinates":[[[136.1823,36.19775],[136.18342,36.19783],[136.18351,36.19692],[136.18241,36.19685],[136.1823,36.19775]]]}},{"type":"Feature","properties":{"pid":"d4eec2cd-ff1e-4abc-ba20-d8d598d5764c","full":57.2},"geometry":{"type":"Polygon","coordinates":[[[136.18223,36.19857],[136.18225,36.19858],[136.18333,36.19836],[136.18337,36.19834],[136.18342,36.19785],[136.18231,36.19777],[136.18223,36.19857]]]}},{"type":"Feature","properties":{"pid":"e81f11e6-c8ad-437f-bf6d-aa8d2eb2c155","full":3.4},"geometry":{"type":"Polygon","coordinates":[[[136.18415,36.19867],[136.18437,36.19868],[136.18442,36.1982],[136.18421,36.19826],[136.18415,36.19867]]]}},{"type":"Feature","properties":{"pid":"9d84ccc6-7741-408c-8af1-9384ea8e9f4c","full":21.6},"geometry":{"type":"Polygon","coordinates":[[[136.18448,36.19834],[136.18556,36.19841],[136.1856,36.19803],[136.18533,36.19801],[136.1852,36.19801],[136.1845,36.19818],[136.18448,36.19834]]]}},{"type":"Feature","properties":{"pid":"d489aac9-b526-4000-8d36-1d06d1c28d2c","full":34.4},"geometry":{"type":"Polygon","coordinates":[[[136.18444,36.1988],[136.18551,36.19887],[136.18556,36.19843],[136.18448,36.19835],[136.18444,36.1988]]]}},{"type":"Feature","properties":{"pid":"062bc77f-8bda-4c35-92b2-bb2ec83dfb1e","full":35.6},"geometry":{"type":"Polygon","coordinates":[[[136.1844,36.19928],[136.18546,36.19936],[136.18551,36.19889],[136.18444,36.19882],[136.1844,36.19928]]]}},{"type":"Feature","properties":{"pid":"62e3ba39-d9dc-4b8a-b77b-7b392f2da4b0","full":3.4},"geometry":{"type":"Polygon","coordinates":[[[136.18434,36.19869],[136.18346,36.19863],[136.18344,36.19868],[136.18343,36.19875],[136.18347,36.19877],[136.18435,36.19882],[136.18436,36.19871],[136.18434,36.19869]]]}},{"type":"Feature","properties":{"pid":"f56821b3-c985-41f4-bf80-1bb195f496fb","full":64.0},"geometry":{"type":"Polygon","coordinates":[[[136.18433,36.19884],[136.18343,36.19878],[136.18335,36.19968],[136.18424,36.19973],[136.18433,36.19884]]]}},{"type":"Feature","properties":{"pid":"5f013816-8d0d-46a7-b794-8c3b96259029","full":31.3},"geometry":{"type":"Polygon","coordinates":[[[136.18435,36.19973],[136.18541,36.19979],[136.18545,36.19938],[136.1844,36.1993],[136.18435,36.19973]]]}},{"type":"Feature","properties":{"pid":"abc3f5c6-4d53-47d7-8d05-eeedff747df7","full":40.5},"geometry":{"type":"Polygon","coordinates":[[[136.18429,36.20026],[136.18536,36.20033],[136.18541,36.19983],[136.18434,36.19975],[136.18429,36.20026]]]}},{"type":"Feature","properties":{"pid":"584f4619-aecc-40f9-a68b-efdf58f8ba69","full":20.3},"geometry":{"type":"Polygon","coordinates":[[[136.18425,36.20059],[136.18532,36.20065],[136.18535,36.20035],[136.18428,36.20028],[136.18425,36.20059]]]}},{"type":"Feature","properties":{"pid":"c17b9bfe-96be-402a-ac69-6c21cef0de31","full":56.5},"geometry":{"type":"Polygon","coordinates":[[[136.18327,36.20052],[136.18416,36.20058],[136.18424,36.19977],[136.18336,36.1997],[136.18327,36.20052]]]}},{"type":"Feature","properties":{"pid":"7f8e4e79-6ef4-4c55-accf-f26ff3e69610","full":43.6},"geometry":{"type":"Polygon","coordinates":[[[136.18269,36.19993],[136.18324,36.19985],[136.18331,36.199],[136.18247,36.19915],[136.18267,36.1999],[136.18269,36.19993]]]}},{"type":"Feature","properties":{"pid":"6ffdc179-af76-49ff-a97d-182c6dffaeb9","full":107.9},"geometry":{"type":"Polygon","coordinates":[[[136.18151,36.20004],[136.18258,36.19985],[136.18229,36.19869],[136.18121,36.19889],[136.18151,36.20004]]]}},{"type":"Feature","properties":{"pid":"0ec62b7b-a90a-4263-892b-ac7855550db6","full":18.3},"geometry":{"type":"Polygon","coordinates":[[[136.18157,36.20032],[136.18266,36.20013],[136.1826,36.19986],[136.1815,36.20005],[136.18157,36.20032]]]}},{"type":"Feature","properties":{"pid":"f128239b-e791-4825-bf58-52d86b143318","full":101.9},"geometry":{"type":"Polygon","coordinates":[[[136.18036,36.20023],[136.18142,36.20004],[136.18114,36.19891],[136.18102,36.19892],[136.18059,36.19904],[136.18008,36.19919],[136.18036,36.20023]]]}},{"type":"Feature","properties":{"pid":"19a2cc70-a468-4fa2-b1fd-873e80edc83c","full":48.5},"geometry":{"type":"Polygon","coordinates":[[[136.18002,36.19904],[136.18005,36.19906],[136.18095,36.19882],[136.1811,36.19879],[136.18109,36.19878],[136.18111,36.19878],[136.18098,36.19827],[136.17988,36.19846],[136.18002,36.19904]]]}},{"type":"Feature","properties":{"pid":"684ecd88-e458-4d47-96d6-f2b0b63dad0d","full":86.2},"geometry":{"type":"Polygon","coordinates":[[[136.17988,36.19844],[136.18097,36.19825],[136.18072,36.19732],[136.17963,36.19751],[136.17988,36.19844]]]}},{"type":"Feature","properties":{"pid":"b063f403-626c-4380-a037-a35ebd2cff96","full":81.7},"geometry":{"type":"Polygon","coordinates":[[[136.18123,36.19874],[136.18209,36.19859],[136.18211,36.19857],[136.18219,36.19773],[136.1811,36.19766],[136.18105,36.1981],[136.18123,36.19874]]]}},{"type":"Feature","properties":{"pid":"00166ff0-86ff-466c-a196-6bd719ab1f55","full":78.3},"geometry":{"type":"Polygon","coordinates":[[[136.1811,36.19764],[136.18219,36.19772],[136.1823,36.19684],[136.18119,36.19677],[136.1811,36.19764]]]}},{"type":"Feature","properties":{"pid":"48f83811-bfaf-44fc-9006-04f1dba2b49a","full":22.2},"geometry":{"type":"Polygon","coordinates":[[[136.18061,36.19659],[136.18095,36.19791],[136.18099,36.19791],[136.18114,36.1966],[136.18063,36.19657],[136.18061,36.19659]]]}},{"type":"Feature","properties":{"pid":"e257330c-0841-49f8-b2fa-44124ce788fb","full":73.2},"geometry":{"type":"Polygon","coordinates":[[[136.18072,36.19726],[136.18049,36.19645],[136.17942,36.19663],[136.17965,36.19744],[136.18072,36.19726]]]}},{"type":"Feature","properties":{"pid":"134bf838-1644-499a-9a6e-1ac5d4cae77d","full":91.2},"geometry":{"type":"Polygon","coordinates":[[[136.18118,36.19675],[136.1823,36.19682],[136.1824,36.19583],[136.18129,36.19576],[136.18118,36.19675]]]}},{"type":"Feature","properties":{"pid":"4280c354-53e5-4a3d-9208-9534dc613de5","full":65.2},"geometry":{"type":"Polygon","coordinates":[[[136.1813,36.19574],[136.18241,36.19581],[136.18249,36.19505],[136.18137,36.19502],[136.1813,36.19574]]]}},{"type":"Feature","properties":{"pid":"cab8f5b7-1362-4fd3-b274-11d906bdbd23","full":105.4},"geometry":{"type":"Polygon","coordinates":[[[136.18058,36.19652],[136.18064,36.19655],[136.18114,36.19659],[136.18131,36.19505],[136.18129,36.19502],[136.18026,36.195],[136.1802,36.19501],[136.18058,36.19652]]]}},{"type":"Feature","properties":{"pid":"e7b512fc-b715-4d21-b008-4283134d8414","full":65.9},"geometry":{"type":"Polygon","coordinates":[[[136.18026,36.19486],[136.18136,36.1949],[136.18144,36.19417],[136.18034,36.19409],[136.18026,36.19486]]]}},{"type":"Feature","properties":{"pid":"48396f64-a1c4-47f3-988b-d309436bfd6b","full":74.7},"geometry":{"type":"Polygon","coordinates":[[[136.18034,36.19407],[136.18145,36.19416],[136.18155,36.19332],[136.18043,36.19324],[136.18034,36.19407]]]}},{"type":"Feature","properties":{"pid":"0a3fe42b-f975-4e6b-9fd2-8ff91b74e762","full":74.3},"geometry":{"type":"Polygon","coordinates":[[[136.18151,36.19416],[136.18262,36.19423],[136.1827,36.19339],[136.18161,36.19332],[136.18151,36.19416]]]}},{"type":"Feature","properties":{"pid":"04acc6d8-e2d7-4509-8ca1-46ee2ebb2a43","full":60.6},"geometry":{"type":"Polygon","coordinates":[[[136.18143,36.19486],[136.18149,36.19486],[136.18149,36.19489],[136.18254,36.19492],[136.18261,36.19425],[136.18151,36.19417],[136.18143,36.19486]]]}},{"type":"Feature","properties":{"pid":"166d6287-b33f-4109-ba72-2433eeeacef4","full":79.5},"geometry":{"type":"Polygon","coordinates":[[[136.18261,36.19492],[136.18315,36.19494],[136.18372,36.19497],[136.1838,36.19409],[136.18271,36.19401],[136.18261,36.19492]]]}},{"type":"Feature","properties":{"pid":"b195f90b-9a8f-4d12-9193-fc1c93ea5fdf","full":112.1},"geometry":{"type":"Polygon","coordinates":[[[136.18271,36.19399],[136.1838,36.19407],[136.18394,36.19278],[136.18283,36.19283],[136.18271,36.19399]]]}},{"type":"Feature","properties":{"pid":"a53c0fd2-09d7-4443-a8c8-9b6a4f3c1181","full":36.6},"geometry":{"type":"Polygon","coordinates":[[[136.18392,36.19386],[136.18487,36.19393],[136.18492,36.1934],[136.18398,36.19334],[136.18392,36.19386]]]}},{"type":"Feature","properties":{"pid":"da7c8d3d-5c68-4caf-acda-d572202a6e7f","full":84.0},"geometry":{"type":"Polygon","coordinates":[[[136.18381,36.19498],[136.18475,36.19504],[136.18487,36.19395],[136.18393,36.19388],[136.18381,36.19498]]]}},{"type":"Feature","properties":{"pid":"ae284f11-9b76-47da-a32a-8b87daf7e6d2","full":20.7},"geometry":{"type":"Polygon","coordinates":[[[136.18372,36.19585],[136.18466,36.19591],[136.18469,36.19557],[136.18375,36.19552],[136.18372,36.19585]]]}},{"type":"Feature","properties":{"pid":"03d811a4-d3e6-4afc-b963-bb257c65091f","full":26.4},"geometry":{"type":"Polygon","coordinates":[[[136.18374,36.19549],[136.1847,36.19555],[136.18474,36.19515],[136.1838,36.19509],[136.18374,36.19549]]]}},{"type":"Feature","properties":{"pid":"d32ab235-6f2a-44db-95c2-aeaeb0e44a4a","full":78.3},"geometry":{"type":"Polygon","coordinates":[[[136.1825,36.19591],[136.1836,36.19598],[136.1837,36.19509],[136.18259,36.19504],[136.1825,36.19591]]]}},{"type":"Feature","properties":{"pid":"2087f278-2697-44ad-9a8e-57df438786fc","full":80.8},"geometry":{"type":"Polygon","coordinates":[[[136.18241,36.19683],[136.1835,36.1969],[136.1836,36.19599],[136.1825,36.19593],[136.18241,36.19683]]]}},{"type":"Feature","properties":{"pid":"823d2cb3-af7b-4820-a227-80f9309e96a1","full":37.5},"geometry":{"type":"Polygon","coordinates":[[[136.1836,36.19698],[136.18453,36.19705],[136.1846,36.1965],[136.18366,36.19644],[136.1836,36.19698]]]}},{"type":"Feature","properties":{"pid":"43ca945a-20a2-4446-8a7c-1ff89b89175b","full":39.3},"geometry":{"type":"Polygon","coordinates":[[[136.18366,36.19643],[136.18459,36.19649],[136.18466,36.19593],[136.18372,36.19586],[136.18366,36.19643]]]}},{"type":"Feature","properties":{"pid":"d0f10a10-a518-46e7-803e-a87b08647190","full":27.4},"geometry":{"type":"Polygon","coordinates":[[[136.18462,36.19688],[136.18572,36.19695],[136.18576,36.19659],[136.18466,36.19651],[136.18462,36.19688]]]}},{"type":"Feature","properties":{"pid":"41fa7611-27b4-4cbc-9e5d-040b0293441c","full":35.8},"geometry":{"type":"Polygon","coordinates":[[[136.18578,36.19704],[136.18689,36.19712],[136.18694,36.19668],[136.18583,36.1966],[136.18578,36.19704]]]}},{"type":"Feature","properties":{"pid":"226945fc-f80a-4549-ab3e-5328921427bb","full":25.4},"geometry":{"type":"Polygon","coordinates":[[[136.18466,36.1965],[136.18576,36.19658],[136.1858,36.19623],[136.1847,36.19616],[136.18466,36.1965]]]}},{"type":"Feature","properties":{"pid":"5e2504ae-4f7f-4293-b7ef-5169c8a28a07","full":16.8},"geometry":{"type":"Polygon","coordinates":[[[136.1847,36.19614],[136.1858,36.19622],[136.18583,36.19596],[136.18472,36.19588],[136.1847,36.19614]]]}},{"type":"Feature","properties":{"pid":"ea35cb74-1bff-462c-8930-b65a087efdfb","full":62.9},"geometry":{"type":"Polygon","coordinates":[[[136.18473,36.19588],[136.18583,36.19595],[136.18591,36.19523],[136.1848,36.19516],[136.18473,36.19588]]]}},{"type":"Feature","properties":{"pid":"9b604c9d-a6fb-4208-8b13-1c5538739ff8","full":63.1},"geometry":{"type":"Polygon","coordinates":[[[136.1859,36.19596],[136.187,36.19604],[136.18708,36.19532],[136.18597,36.19524],[136.1859,36.19596]]]}},{"type":"Feature","properties":{"pid":"90201ec2-f37c-459d-a31d-35dc38a04966","full":69.6},"geometry":{"type":"Polygon","coordinates":[[[136.18706,36.19613],[136.18815,36.1962],[136.18824,36.19541],[136.18715,36.19533],[136.18706,36.19613]]]}},{"type":"Feature","properties":{"pid":"63c0734f-647c-4340-858f-134a41b41bed","full":41.8},"geometry":{"type":"Polygon","coordinates":[[[136.18701,36.19666],[136.18809,36.19673],[136.18815,36.19621],[136.18706,36.19615],[136.18701,36.19666]]]}},{"type":"Feature","properties":{"pid":"d442d3f8-4141-4087-8b41-e10a433e8b5b","full":52.7},"geometry":{"type":"Polygon","coordinates":[[[136.18583,36.19658],[136.18694,36.19666],[136.18701,36.19605],[136.18589,36.19597],[136.18583,36.19658]]]}},{"type":"Feature","properties":{"pid":"5dd4e107-b660-4497-adf7-38807201e62d","full":6.0},"geometry":{"type":"Polygon","coordinates":[[[136.18823,36.19622],[136.18934,36.19629],[136.18936,36.19614],[136.18824,36.19607],[136.18823,36.19622]]]}},{"type":"Feature","properties":{"pid":"17281efb-6773-4963-9b45-c3bd37a400cc","full":43.3},"geometry":{"type":"Polygon","coordinates":[[[136.18933,36.19631],[136.18822,36.19623],[136.18817,36.19675],[136.18929,36.19683],[136.18933,36.19631]]]}},{"type":"Feature","properties":{"pid":"68660660-f4e7-487a-84ad-9ff260cfd1a6","full":11.0},"geometry":{"type":"Polygon","coordinates":[[[136.18939,36.19694],[136.19041,36.19689],[136.19039,36.19667],[136.18941,36.19672],[136.18939,36.19694]]]}},{"type":"Feature","properties":{"pid":"d1b50d06-5531-462d-8495-4a5c34ee83b2","full":10.7},"geometry":{"type":"Polygon","coordinates":[[[136.18941,36.19671],[136.19039,36.19666],[136.19037,36.19645],[136.18944,36.19649],[136.18941,36.19671]]]}},{"type":"Feature","properties":{"pid":"4b9ed861-2378-42e6-bff0-8cafe2c74cad","full":39.7},"geometry":{"type":"Polygon","coordinates":[[[136.18944,36.19647],[136.19037,36.19643],[136.19032,36.19583],[136.18949,36.19586],[136.18944,36.19647]]]}},{"type":"Feature","properties":{"pid":"bbc2a9a6-db74-47b9-a6d1-2ff225a942c1","full":28.0},"geometry":{"type":"Polygon","coordinates":[[[136.19033,36.19582],[136.19029,36.19531],[136.18955,36.19535],[136.18954,36.19536],[136.1895,36.19585],[136.19033,36.19582]]]}},{"type":"Feature","properties":{"pid":"61707892-3ff5-41ab-b30a-af06b1b3a577","full":8.8},"geometry":{"type":"Polygon","coordinates":[[[136.18831,36.19551],[136.18941,36.19559],[136.18943,36.19535],[136.18832,36.1954],[136.18831,36.19551]]]}},{"type":"Feature","properties":{"pid":"5887887b-2d21-49fe-9675-36501c7a167c","full":24.4},"geometry":{"type":"Polygon","coordinates":[[[136.18827,36.19586],[136.18937,36.19594],[136.18941,36.19561],[136.18831,36.19553],[136.18827,36.19586]]]}},{"type":"Feature","properties":{"pid":"cdc95235-43e5-4161-8af1-f1a5e3345c3d","full":8.8},"geometry":{"type":"Polygon","coordinates":[[[136.18825,36.19605],[136.18935,36.19613],[136.18937,36.19595],[136.18827,36.19587],[136.18825,36.19605]]]}},{"type":"Feature","properties":{"pid":"59164b19-a85e-42e7-bedb-26b72241b50b","full":35.2},"geometry":{"type":"Polygon","coordinates":[[[136.18716,36.19521],[136.18825,36.19528],[136.1883,36.19484],[136.18721,36.19477],[136.18716,36.19521]]]}},{"type":"Feature","properties":{"pid":"25be6e03-42e8-449d-8c25-5bc895450cc4","full":54.9},"geometry":{"type":"Polygon","coordinates":[[[136.18721,36.19476],[136.1883,36.19483],[136.18837,36.19418],[136.18727,36.19411],[136.18721,36.19476]]]}},{"type":"Feature","properties":{"pid":"be36fe71-193f-4115-8e2b-e3d21dcaaf1d","full":22.0},"geometry":{"type":"Polygon","coordinates":[[[136.18837,36.19473],[136.18936,36.19469],[136.18933,36.19433],[136.18841,36.19438],[136.18837,36.19473]]]}},{"type":"Feature","properties":{"pid":"80886169-cf15-469c-8109-45d7817ab84c","full":40.4},"geometry":{"type":"Polygon","coordinates":[[[136.18833,36.19526],[136.18838,36.19528],[136.18935,36.19524],[136.18939,36.19521],[136.18936,36.1947],[136.18837,36.19475],[136.18833,36.19526]]]}},{"type":"Feature","properties":{"pid":"6cdf4c4b-db30-4c61-9880-fd09dfa8fe72","full":19.8},"geometry":{"type":"Polygon","coordinates":[[[136.18953,36.19523],[136.19028,36.19519],[136.19025,36.19479],[136.18949,36.19483],[136.18953,36.19523]]]}},{"type":"Feature","properties":{"pid":"c5bd9731-65d3-4648-8ea9-72e68e6a53ed","full":43.3},"geometry":{"type":"Polygon","coordinates":[[[136.18948,36.19482],[136.19026,36.19478],[136.1902,36.19403],[136.18943,36.19408],[136.18948,36.19482]]]}},{"type":"Feature","properties":{"pid":"c640b44f-3240-40d8-80f7-03dad71662bc","full":34.1},"geometry":{"type":"Polygon","coordinates":[[[136.19014,36.19342],[136.18938,36.19345],[136.18942,36.19406],[136.1902,36.19402],[136.19014,36.19342]]]}},{"type":"Feature","properties":{"pid":"e60f02b0-c77a-409b-a302-f46906f291f1","full":27.3},"geometry":{"type":"Polygon","coordinates":[[[136.18845,36.19402],[136.18931,36.19397],[136.18927,36.1935],[136.18924,36.1935],[136.1885,36.19353],[136.18845,36.19402]]]}},{"type":"Feature","properties":{"pid":"4dae01e6-68ed-41cb-ad82-9be6d17bb34c","full":19.7},"geometry":{"type":"Polygon","coordinates":[[[136.18842,36.19437],[136.18934,36.19432],[136.18931,36.19398],[136.18845,36.19403],[136.18842,36.19437]]]}},{"type":"Feature","properties":{"pid":"562c68ef-4015-413a-b6dc-2502156c3c35","full":17.0},"geometry":{"type":"Polygon","coordinates":[[[136.18727,36.19409],[136.18838,36.19417],[136.1884,36.19391],[136.1873,36.19383],[136.18727,36.19409]]]}},{"type":"Feature","properties":{"pid":"9234e8b6-0087-4de3-81b7-30be9fad4f36","full":34.1},"geometry":{"type":"Polygon","coordinates":[[[136.1861,36.19401],[136.18721,36.19409],[136.18726,36.19366],[136.18615,36.19359],[136.1861,36.19401]]]}},{"type":"Feature","properties":{"pid":"aabc4934-42dd-4b0e-b56b-2ae34b96bc18","full":35.0},"geometry":{"type":"Polygon","coordinates":[[[136.18598,36.19513],[136.1871,36.19521],[136.18714,36.19477],[136.18603,36.19469],[136.18598,36.19513]]]}},{"type":"Feature","properties":{"pid":"7566c724-db12-4de4-86ae-e966de7eceda","full":55.7},"geometry":{"type":"Polygon","coordinates":[[[136.18603,36.19468],[136.18714,36.19475],[136.18721,36.19411],[136.1861,36.19403],[136.18603,36.19468]]]}},{"type":"Feature","properties":{"pid":"1d4788a2-401d-4f25-a8fb-713b5ad46903","full":34.6},"geometry":{"type":"Polygon","coordinates":[[[136.18481,36.19505],[136.18592,36.19513],[136.18597,36.19469],[136.18486,36.19461],[136.18481,36.19505]]]}},{"type":"Feature","properties":{"pid":"8a1fef9a-ce26-47ac-ab42-08ccb40ab861","full":56.5},"geometry":{"type":"Polygon","coordinates":[[[136.18486,36.1946],[136.18594,36.19467],[136.18597,36.19467],[136.18603,36.19402],[136.18493,36.19394],[136.18486,36.1946]]]}},{"type":"Feature","properties":{"pid":"8c56d489-df9b-400c-a8d8-e2b54dd68020","full":61.2},"geometry":{"type":"Polygon","coordinates":[[[136.18493,36.19393],[136.18603,36.19401],[136.18611,36.1933],[136.185,36.19323],[136.18493,36.19393]]]}},{"type":"Feature","properties":{"pid":"396f65cf-a47b-488e-848b-9a47b20f3a84","full":38.9},"geometry":{"type":"Polygon","coordinates":[[[136.185,36.19322],[136.18611,36.19329],[136.18617,36.19278],[136.18505,36.19277],[136.185,36.19322]]]}},{"type":"Feature","properties":{"pid":"fd3d4a17-899a-4656-9299-6a46ba28f301","full":22.5},"geometry":{"type":"Polygon","coordinates":[[[136.18634,36.1919],[136.18634,36.19189],[136.18636,36.19189],[136.18636,36.19158],[136.18527,36.19157],[136.18527,36.19189],[136.18634,36.1919]]]}},{"type":"Feature","properties":{"pid":"a46c84ec-5bdc-4b8d-80d1-d261c4db3089","full":60.1},"geometry":{"type":"Polygon","coordinates":[[[136.18527,36.1919],[136.18527,36.19261],[136.18635,36.19262],[136.18636,36.19192],[136.18634,36.19192],[136.18634,36.19191],[136.18527,36.1919]]]}},{"type":"Feature","properties":{"pid":"e07df8b7-3b9d-424e-88f3-c9f97df0ffa8","full":16.9},"geometry":{"type":"Polygon","coordinates":[[[136.18754,36.1922],[136.18643,36.19219],[136.18642,36.19245],[136.18753,36.19246],[136.18754,36.1922]]]}},{"type":"Feature","properties":{"pid":"a7493642-fdad-46b2-95cc-fbd0081834b7","full":11.3},"geometry":{"type":"Polygon","coordinates":[[[136.18754,36.19199],[136.18643,36.19198],[136.18642,36.19218],[136.18754,36.19219],[136.18754,36.19199]]]}},{"type":"Feature","properties":{"pid":"41be1111-a268-4494-ba69-80424c01020e","full":30.8},"geometry":{"type":"Polygon","coordinates":[[[136.18755,36.19158],[136.18647,36.19157],[136.18646,36.19161],[136.18642,36.19161],[136.18643,36.19163],[136.18643,36.19197],[136.18754,36.19198],[136.18755,36.19158]]]}},{"type":"Feature","properties":{"pid":"6d1a6b19-d098-4ce5-988a-8a24272c0774","full":12.3},"geometry":{"type":"Polygon","coordinates":[[[136.18642,36.19246],[136.18641,36.19261],[136.18643,36.19264],[136.18754,36.19271],[136.18754,36.19247],[136.18642,36.19246]]]}},{"type":"Feature","properties":{"pid":"ecaaca66-d89f-4724-bd22-05b8652aef9c","full":70.2},"geometry":{"type":"Polygon","coordinates":[[[136.18615,36.19357],[136.18726,36.19364],[136.18734,36.19286],[136.18623,36.19278],[136.18615,36.19357]]]}},{"type":"Feature","properties":{"pid":"23a62300-06ac-45dc-b938-11d448ebcb8f","full":87.0},"geometry":{"type":"Polygon","coordinates":[[[136.1873,36.19382],[136.1884,36.19389],[136.18851,36.19293],[136.1874,36.19286],[136.1873,36.19382]]]}},{"type":"Feature","properties":{"pid":"2d1838f1-e014-4f24-a0e6-c8a86c44cf78","full":13.4},"geometry":{"type":"Polygon","coordinates":[[[136.1876,36.19253],[136.1876,36.19272],[136.18869,36.1928],[136.18871,36.1928],[136.18872,36.19254],[136.1876,36.19253]]]}},{"type":"Feature","properties":{"pid":"2fdd1bce-2d42-4b7e-a14d-ac4b9b65e917","full":4.0},"geometry":{"type":"Polygon","coordinates":[[[136.18855,36.1931],[136.18924,36.19307],[136.18924,36.19293],[136.1886,36.19292],[136.18857,36.19292],[136.18855,36.1931]]]}},{"type":"Feature","properties":{"pid":"341228f1-fdc9-423f-a378-5a6cac600290","full":19.6},"geometry":{"type":"Polygon","coordinates":[[[136.1885,36.19352],[136.18928,36.19348],[136.18925,36.19308],[136.18855,36.19311],[136.1885,36.19352]]]}},{"type":"Feature","properties":{"pid":"bfc6157d-85ee-4728-aebc-461fd7974d3b","full":25.8},"geometry":{"type":"Polygon","coordinates":[[[136.19009,36.19293],[136.18938,36.19293],[136.18935,36.19296],[136.18938,36.19344],[136.19015,36.1934],[136.19011,36.19296],[136.19009,36.19293]]]}},{"type":"Feature","properties":{"pid":"76b858b3-6b57-4cb9-924a-778c8f11f343","full":24.2},"geometry":{"type":"Polygon","coordinates":[[[136.18961,36.19238],[136.18878,36.19237],[136.18877,36.19279],[136.18878,36.1928],[136.1896,36.19281],[136.18961,36.19238]]]}},{"type":"Feature","properties":{"pid":"5b85600e-a6b4-4f9f-8622-9811ea32eb6f","full":28.4},"geometry":{"type":"Polygon","coordinates":[[[136.18878,36.19188],[136.18878,36.19237],[136.18961,36.19238],[136.18961,36.19189],[136.18878,36.19188]]]}},{"type":"Feature","properties":{"pid":"87b001ab-b14d-46ff-a68c-9c4dae500e73","full":39.7},"geometry":{"type":"Polygon","coordinates":[[[136.18968,36.1921],[136.18967,36.19281],[136.19013,36.19281],[136.19018,36.19279],[136.19047,36.19261],[136.19044,36.1921],[136.18968,36.1921]]]}},{"type":"Feature","properties":{"pid":"785f065a-781b-4804-8349-d03c0ff0e069","full":2.8},"geometry":{"type":"Polygon","coordinates":[[[136.19044,36.1921],[136.19043,36.19197],[136.18967,36.19196],[136.18968,36.1921],[136.19044,36.1921]]]}},{"type":"Feature","properties":{"pid":"b045b868-9632-4d2e-b601-4f511363f62c","full":16.3},"geometry":{"type":"Polygon","coordinates":[[[136.18967,36.19195],[136.19043,36.19196],[136.1904,36.19161],[136.18968,36.19161],[136.18967,36.19195]]]}},{"type":"Feature","properties":{"pid":"d1d9f36f-3fa9-49d6-8a40-f9a72b8d70b6","full":13.8},"geometry":{"type":"Polygon","coordinates":[[[136.18878,36.19188],[136.18961,36.19188],[136.18962,36.1916],[136.18878,36.19159],[136.18878,36.19188]]]}},{"type":"Feature","properties":{"pid":"7fd74321-2124-4a21-8d57-dc8f9781d21e","full":20.0},"geometry":{"type":"Polygon","coordinates":[[[136.18871,36.19253],[136.18871,36.19224],[136.1876,36.19223],[136.1876,36.19252],[136.18871,36.19253]]]}},{"type":"Feature","properties":{"pid":"c50a87bb-4bb5-4b13-b0e6-a06a070d6e53","full":54.2},"geometry":{"type":"Polygon","coordinates":[[[136.18761,36.19159],[136.1876,36.19222],[136.18872,36.19223],[136.18872,36.1916],[136.18761,36.19159]]]}},{"type":"Feature","properties":{"pid":"781dcfb4-f6cc-4ffd-876e-16c2add291f0","full":34.6},"geometry":{"type":"Polygon","coordinates":[[[136.18872,36.19159],[136.18872,36.19115],[136.18761,36.19115],[136.18761,36.19158],[136.18872,36.19159]]]}},{"type":"Feature","properties":{"pid":"c8eccf0c-3673-4dfb-90c9-a9a841830736","full":17.9},"geometry":{"type":"Polygon","coordinates":[[[136.18873,36.19115],[136.18873,36.19088],[136.18761,36.19087],[136.18761,36.19114],[136.18873,36.19115]]]}},{"type":"Feature","properties":{"pid":"2478ca1a-34eb-4183-975c-6bf9d1003751","full":33.5},"geometry":{"type":"Polygon","coordinates":[[[136.19041,36.19161],[136.19037,36.19095],[136.18968,36.19094],[136.18968,36.1916],[136.19041,36.19161]]]}},{"type":"Feature","properties":{"pid":"9263b872-7c7b-4b14-9897-2012bd25ecf9","full":57.0},"geometry":{"type":"Polygon","coordinates":[[[136.18963,36.19071],[136.1888,36.19071],[136.18878,36.19159],[136.18961,36.19159],[136.18963,36.19071]]]}},{"type":"Feature","properties":{"pid":"c93c2b83-2872-49ad-898c-6538e531e1ee","full":55.2},"geometry":{"type":"Polygon","coordinates":[[[136.18762,36.19086],[136.18873,36.19087],[136.18873,36.19023],[136.18871,36.19023],[136.18763,36.19022],[136.18762,36.19086]]]}},{"type":"Feature","properties":{"pid":"f2c34cd3-89da-4ef2-8d81-c812fd022c19","full":63.4},"geometry":{"type":"Polygon","coordinates":[[[136.18756,36.19085],[136.18643,36.19084],[136.18644,36.19086],[136.18642,36.19156],[136.18754,36.19157],[136.18756,36.19085]]]}},{"type":"Feature","properties":{"pid":"a0dc14fc-2edf-4664-a824-088b78355695","full":27.5},"geometry":{"type":"Polygon","coordinates":[[[136.18637,36.19114],[136.18637,36.19077],[136.18527,36.19076],[136.18527,36.19113],[136.18637,36.19114]]]}},{"type":"Feature","properties":{"pid":"2726c495-22bd-4a36-9460-ec8a9a4495c7","full":33.3},"geometry":{"type":"Polygon","coordinates":[[[136.18636,36.19157],[136.18636,36.19114],[136.18528,36.19113],[136.18527,36.19157],[136.18636,36.19157]]]}},{"type":"Feature","properties":{"pid":"65766629-6533-4f2c-86f0-64a6d1155275","full":16.1},"geometry":{"type":"Polygon","coordinates":[[[136.184,36.19052],[136.18285,36.19051],[136.18284,36.19076],[136.18397,36.19076],[136.18398,36.19075],[136.18399,36.19075],[136.184,36.19052]]]}},{"type":"Feature","properties":{"pid":"52a06b9d-18b7-4bce-b8b1-6a0c5ad67f82","full":37.3},"geometry":{"type":"Polygon","coordinates":[[[136.18399,36.19122],[136.18399,36.19078],[136.18397,36.19078],[136.18398,36.19077],[136.18284,36.19076],[136.18284,36.19121],[136.18399,36.19122]]]}},{"type":"Feature","properties":{"pid":"438f5a74-d25a-4f92-b140-fe6a872806b6","full":45.2},"geometry":{"type":"Polygon","coordinates":[[[136.18283,36.19122],[136.18283,36.19174],[136.18397,36.19175],[136.18397,36.19173],[136.18398,36.19173],[136.18399,36.19122],[136.18283,36.19122]]]}},{"type":"Feature","properties":{"pid":"18512e60-ee83-4ef8-85d9-cd2263457526","full":35.8},"geometry":{"type":"Polygon","coordinates":[[[136.1841,36.19127],[136.18519,36.19127],[136.1852,36.19082],[136.18412,36.19081],[136.18412,36.19082],[136.1841,36.19084],[136.1841,36.19127]]]}},{"type":"Feature","properties":{"pid":"c6076044-1d32-44e8-ae94-99d66d3956b1","full":19.4},"geometry":{"type":"Polygon","coordinates":[[[136.18519,36.19156],[136.1852,36.19128],[136.1841,36.19127],[136.18409,36.19156],[136.18519,36.19156]]]}},{"type":"Feature","properties":{"pid":"ff92ffa7-ddd1-4520-a7bb-f079c4f3faf4","full":23.7},"geometry":{"type":"Polygon","coordinates":[[[136.18408,36.19217],[136.18518,36.19218],[136.18518,36.19185],[136.18412,36.19184],[136.18412,36.19185],[136.18409,36.19185],[136.18408,36.19217]]]}},{"type":"Feature","properties":{"pid":"a78266c2-8beb-40ee-8f8b-94db37d982d0","full":17.9},"geometry":{"type":"Polygon","coordinates":[[[136.18412,36.19184],[136.18519,36.19184],[136.18519,36.19157],[136.18409,36.19157],[136.18409,36.19181],[136.18412,36.19182],[136.18412,36.19184]]]}},{"type":"Feature","properties":{"pid":"a1055cb9-87cb-4c61-8be7-687358e480ab","full":31.8},"geometry":{"type":"Polygon","coordinates":[[[136.18518,36.19218],[136.1841,36.19218],[136.1841,36.1922],[136.18408,36.1922],[136.18408,36.19252],[136.18412,36.19252],[136.18412,36.1926],[136.18517,36.1926],[136.18518,36.19218]]]}},{"type":"Feature","properties":{"pid":"b485a693-78db-43a4-ac66-9f519b55b7c0","full":41.9},"geometry":{"type":"Polygon","coordinates":[[[136.18398,36.19332],[136.18493,36.19339],[136.18499,36.19277],[136.18404,36.19276],[136.18398,36.19332]]]}},{"type":"Feature","properties":{"pid":"eeab76e2-55f8-42d2-bfe8-aa2197e4d7a6","full":28.9},"geometry":{"type":"Polygon","coordinates":[[[136.18283,36.19228],[136.18282,36.19267],[136.18295,36.19267],[136.18386,36.19263],[136.18394,36.19263],[136.18394,36.1926],[136.18397,36.1926],[136.18397,36.19229],[136.18283,36.19228]]]}},{"type":"Feature","properties":{"pid":"a7c37a8c-3b0b-45de-b3d9-368195a6853b","full":17.8},"geometry":{"type":"Polygon","coordinates":[[[136.18396,36.19228],[136.18396,36.19227],[136.18398,36.19226],[136.18398,36.19202],[136.18283,36.19202],[136.18283,36.19228],[136.18396,36.19228]]]}},{"type":"Feature","properties":{"pid":"0586add4-84bb-4e04-b57f-0a50c05cecfd","full":18.0},"geometry":{"type":"Polygon","coordinates":[[[136.18398,36.19175],[136.18283,36.19174],[136.18283,36.19201],[136.18397,36.19201],[136.18398,36.19175]]]}},{"type":"Feature","properties":{"pid":"9b4caf2c-1972-4d59-ac0b-195e3825de77","full":17.5},"geometry":{"type":"Polygon","coordinates":[[[136.18164,36.19191],[136.18165,36.19191],[136.18165,36.19194],[136.18164,36.19194],[136.18164,36.19217],[136.18275,36.19218],[136.18275,36.19192],[136.18164,36.19191]]]}},{"type":"Feature","properties":{"pid":"49d46073-85d7-4e69-9342-0f7e5a912553","full":15.5},"geometry":{"type":"Polygon","coordinates":[[[136.18164,36.19189],[136.18275,36.1919],[136.18275,36.19165],[136.18168,36.19164],[136.18167,36.19166],[136.18164,36.19166],[136.18164,36.19189]]]}},{"type":"Feature","properties":{"pid":"bec7e9a9-7d98-4d94-9abe-720f387e2578","full":17.9},"geometry":{"type":"Polygon","coordinates":[[[136.18163,36.19218],[136.18163,36.19243],[136.18165,36.19243],[136.18165,36.19245],[136.18275,36.19246],[136.18275,36.19219],[136.18163,36.19218]]]}},{"type":"Feature","properties":{"pid":"1de27cf2-df82-4e79-9194-5bfc3b703581","full":16.1},"geometry":{"type":"Polygon","coordinates":[[[136.18166,36.19246],[136.18165,36.1925],[136.18164,36.1925],[136.18165,36.19274],[136.18273,36.19269],[136.18273,36.19264],[136.18275,36.19264],[136.18275,36.19246],[136.18166,36.19246]]]}},{"type":"Feature","properties":{"pid":"2f65a1f3-1429-4014-bfc4-5d1328b28000","full":40.2},"geometry":{"type":"Polygon","coordinates":[[[136.1816,36.19331],[136.1827,36.19338],[136.18277,36.19283],[136.18165,36.19287],[136.1816,36.19331]]]}},{"type":"Feature","properties":{"pid":"bd7faf7d-7bd7-476b-a74c-98695fcb86ef","full":28.1},"geometry":{"type":"Polygon","coordinates":[[[136.18042,36.19323],[136.18153,36.19331],[136.18157,36.1929],[136.18155,36.1929],[136.18155,36.19287],[136.18065,36.19292],[136.18049,36.19288],[136.18046,36.19289],[136.18042,36.19323]]]}},{"type":"Feature","properties":{"pid":"ce2038ac-f7f6-4969-a6de-f2804810042d","full":16.7},"geometry":{"type":"Polygon","coordinates":[[[136.18157,36.19068],[136.18039,36.19068],[136.18039,36.19093],[136.18155,36.19093],[136.18155,36.19091],[136.18158,36.19092],[136.18157,36.19068]]]}},{"type":"Feature","properties":{"pid":"a782e8ee-4e5d-4950-a9c6-07c6b2192a70","full":18.9},"geometry":{"type":"Polygon","coordinates":[[[136.18039,36.19093],[136.18039,36.1912],[136.18151,36.19121],[136.18152,36.19113],[136.18157,36.19113],[136.18157,36.19095],[136.18155,36.19095],[136.18155,36.19094],[136.18039,36.19093]]]}},{"type":"Feature","properties":{"pid":"f47a71e2-f756-4942-bb29-78a98858d56a","full":10.1},"geometry":{"type":"Polygon","coordinates":[[[136.18276,36.19144],[136.18165,36.19144],[136.18165,36.19163],[136.18276,36.19164],[136.18276,36.19144]]]}},{"type":"Feature","properties":{"pid":"ca77340d-3b25-43f0-b8e2-3ab92b912cb5","full":35.1},"geometry":{"type":"Polygon","coordinates":[[[136.18165,36.19141],[136.18276,36.19142],[136.18276,36.19097],[136.18166,36.19097],[136.18165,36.19141]]]}},{"type":"Feature","properties":{"pid":"f79a2395-8e45-46da-8248-bf89504739ae","full":68.7},"geometry":{"type":"Polygon","coordinates":[[[136.18276,36.19097],[136.18277,36.1902],[136.18277,36.19019],[136.18174,36.19018],[136.18172,36.19018],[136.18167,36.19023],[136.18166,36.19096],[136.18276,36.19097]]]}},{"type":"Feature","properties":{"pid":"45c6b5b6-6338-41a2-8d5b-9b7a7df17b06","full":19.3},"geometry":{"type":"Polygon","coordinates":[[[136.18032,36.19067],[136.1791,36.19066],[136.1791,36.19093],[136.18033,36.19094],[136.18032,36.19067]]]}},{"type":"Feature","properties":{"pid":"a946ae30-f3f3-431b-a2f7-d6caaab4c09a","full":14.0},"geometry":{"type":"Polygon","coordinates":[[[136.17909,36.19095],[136.17908,36.19113],[136.17916,36.19112],[136.17923,36.19112],[136.1794,36.19114],[136.17952,36.19117],[136.17961,36.19116],[136.18031,36.19117],[136.18032,36.19116],[136.18032,36.19094],[136.17912,36.19094],[136.17912,36.19095],[136.17909,36.19095]]]}},{"type":"Feature","properties":{"pid":"04b10b47-6c27-4053-80b6-7cad9601daa3","full":21.2},"geometry":{"type":"Polygon","coordinates":[[[136.17903,36.1907],[136.17792,36.19068],[136.17791,36.19099],[136.17902,36.191],[136.17903,36.1907]]]}},{"type":"Feature","properties":{"pid":"c924143e-7201-4dfe-9186-4013db7f8454","full":18.3},"geometry":{"type":"Polygon","coordinates":[[[136.17902,36.19101],[136.17791,36.191],[136.1779,36.19143],[136.17901,36.19114],[136.17901,36.19113],[136.17902,36.19101]]]}},{"type":"Feature","properties":{"pid":"eb706a24-a27e-4c38-830e-66ab2b9650b6","full":11.8},"geometry":{"type":"Polygon","coordinates":[[[136.17792,36.19067],[136.17903,36.19068],[136.17903,36.19047],[136.17792,36.19047],[136.17792,36.19067]]]}},{"type":"Feature","properties":{"pid":"47175a27-8ce0-4686-8d8b-ab0456fef8ce","full":17.3},"geometry":{"type":"Polygon","coordinates":[[[136.17675,36.19069],[136.17784,36.19069],[136.17785,36.19042],[136.17675,36.19042],[136.17675,36.19069]]]}},{"type":"Feature","properties":{"pid":"83332d55-9241-403b-b6a0-24602bec673d","full":18.5},"geometry":{"type":"Polygon","coordinates":[[[136.17667,36.19104],[136.17667,36.19078],[136.17665,36.19078],[136.17665,36.19076],[136.17556,36.19076],[136.17556,36.19103],[136.17667,36.19104]]]}},{"type":"Feature","properties":{"pid":"916055ec-4c8c-4a52-848e-1415265522c1","full":17.8},"geometry":{"type":"Polygon","coordinates":[[[136.17664,36.19131],[136.17664,36.1913],[136.17666,36.1913],[136.17667,36.19104],[136.17557,36.19103],[136.17556,36.19131],[136.17664,36.19131]]]}},{"type":"Feature","properties":{"pid":"a964af06-c5eb-4232-ad00-aebd3ed097b7","full":16.8},"geometry":{"type":"Polygon","coordinates":[[[136.17663,36.19158],[136.17663,36.19157],[136.17666,36.19157],[136.17666,36.19132],[136.17555,36.19131],[136.17555,36.19157],[136.17663,36.19158]]]}},{"type":"Feature","properties":{"pid":"6b91a6eb-5856-48f4-957a-127f89296fdb","full":43.8},"geometry":{"type":"Polygon","coordinates":[[[136.17675,36.19123],[136.17784,36.19123],[136.17785,36.1907],[136.17675,36.19069],[136.17675,36.19123]]]}},{"type":"Feature","properties":{"pid":"52205edf-c70e-4895-ab3d-fe7e37d6a51c","full":11.7},"geometry":{"type":"Polygon","coordinates":[[[136.17674,36.19124],[136.17674,36.19142],[136.17678,36.19142],[136.17677,36.19144],[136.17775,36.19146],[136.17784,36.19142],[136.17784,36.19124],[136.17674,36.19124]]]}},{"type":"Feature","properties":{"pid":"13a1f6c5-7599-4524-91b6-eeb5f714c5d0","full":29.7},"geometry":{"type":"Polygon","coordinates":[[[136.1763,36.19203],[136.17645,36.1924],[136.1775,36.19212],[136.17736,36.19179],[136.17732,36.19176],[136.1763,36.19203]]]}},{"type":"Feature","properties":{"pid":"084cb682-17c5-4418-ba3d-1241b8ac3ac8","full":30.0},"geometry":{"type":"Polygon","coordinates":[[[136.17765,36.1925],[136.1775,36.19213],[136.17647,36.1924],[136.17648,36.19241],[136.17646,36.19243],[136.17661,36.19278],[136.17765,36.1925]]]}},{"type":"Feature","properties":{"pid":"616b9819-3eae-47b7-b1d6-b0a4e9b05667","full":21.9},"geometry":{"type":"Polygon","coordinates":[[[136.17556,36.19158],[136.17555,36.19204],[136.17556,36.19204],[136.17663,36.19176],[136.17664,36.19174],[136.17666,36.19174],[136.17665,36.19159],[136.17556,36.19158]]]}},{"type":"Feature","properties":{"pid":"4b32c8c5-be88-432f-a8bd-c0080519a3a3","full":17.3},"geometry":{"type":"Polygon","coordinates":[[[136.17623,36.19204],[136.17519,36.19231],[136.17528,36.19256],[136.17631,36.1923],[136.17631,36.19228],[136.17634,36.19227],[136.17623,36.19204]]]}},{"type":"Feature","properties":{"pid":"92cbfe96-2c20-4c60-a99d-2ca1b267a283","full":28.6},"geometry":{"type":"Polygon","coordinates":[[[136.17649,36.19265],[136.17634,36.19229],[136.17529,36.19257],[136.17543,36.19293],[136.17649,36.19265]]]}},{"type":"Feature","properties":{"pid":"4fe216ad-7e09-4ec9-98ac-0587b78bdaea","full":23.7},"geometry":{"type":"Polygon","coordinates":[[[136.17544,36.19294],[136.17556,36.19325],[136.1766,36.19298],[136.17649,36.19266],[136.17544,36.19294]]]}},{"type":"Feature","properties":{"pid":"3b5cebd1-e9ac-4ee8-a3ba-decf94b466f0","full":45.6},"geometry":{"type":"Polygon","coordinates":[[[136.17681,36.19349],[136.1766,36.19299],[136.17557,36.19326],[136.17578,36.19379],[136.17679,36.19352],[136.17678,36.19349],[136.17681,36.19349]]]}},{"type":"Feature","properties":{"pid":"fdf3c756-2ebb-435c-ad60-6d44e6e444d8","full":37.3},"geometry":{"type":"Polygon","coordinates":[[[136.17783,36.19296],[136.17766,36.19251],[136.17661,36.19278],[136.1768,36.19323],[136.17783,36.19296]]]}},{"type":"Feature","properties":{"pid":"a8d851e8-aed3-4585-894a-7b346bba33fc","full":17.4},"geometry":{"type":"Polygon","coordinates":[[[136.17793,36.19322],[136.17784,36.19297],[136.1768,36.19324],[136.17689,36.19348],[136.17691,36.19347],[136.17692,36.19349],[136.17793,36.19322]]]}},{"type":"Feature","properties":{"pid":"006e2e74-920c-415d-ab0e-9f5796a3d434","full":36.0},"geometry":{"type":"Polygon","coordinates":[[[136.17926,36.19341],[136.17909,36.19299],[136.17803,36.19327],[136.1782,36.1937],[136.17926,36.19341]]]}},{"type":"Feature","properties":{"pid":"ea24e0fd-1d71-41c3-94b7-779fb5f3c8a1","full":46.6},"geometry":{"type":"Polygon","coordinates":[[[136.17779,36.19267],[136.17801,36.19321],[136.17906,36.19293],[136.17884,36.1924],[136.17779,36.19267]]]}},{"type":"Feature","properties":{"pid":"d3b3397c-e0bc-4341-9aab-bd5826128fa5","full":32.8},"geometry":{"type":"Polygon","coordinates":[[[136.17741,36.19173],[136.17757,36.19213],[136.17863,36.19185],[136.17847,36.19145],[136.17741,36.19173]]]}},{"type":"Feature","properties":{"pid":"b3232804-1a90-456f-8078-145173a1a841","full":18.9},"geometry":{"type":"Polygon","coordinates":[[[136.17757,36.19213],[136.17768,36.1924],[136.17873,36.19212],[136.17863,36.19186],[136.17757,36.19213]]]}},{"type":"Feature","properties":{"pid":"fc27ecf2-066d-4a39-8b22-8ef0f862d9df","full":18.5},"geometry":{"type":"Polygon","coordinates":[[[136.17768,36.19241],[136.17779,36.19267],[136.17884,36.19239],[136.17874,36.19213],[136.17768,36.19241]]]}},{"type":"Feature","properties":{"pid":"39ab48b8-f2c9-4d43-a562-6daa25e2ca97","full":62.1},"geometry":{"type":"Polygon","coordinates":[[[136.17851,36.19141],[136.1788,36.19213],[136.17985,36.19186],[136.17971,36.19152],[136.17968,36.19146],[136.17958,36.19137],[136.17953,36.19133],[136.17943,36.19128],[136.17936,36.19126],[136.17928,36.19125],[136.17919,36.19124],[136.17911,36.19125],[136.17851,36.19141]]]}},{"type":"Feature","properties":{"pid":"74432490-9bae-4d76-aaa2-45762aef7dd3","full":37.7},"geometry":{"type":"Polygon","coordinates":[[[136.17881,36.19214],[136.17899,36.19259],[136.18003,36.19232],[136.17985,36.19187],[136.17881,36.19214]]]}},{"type":"Feature","properties":{"pid":"83823891-fec7-4ee9-ab06-5f7e013a1e99","full":23.7},"geometry":{"type":"Polygon","coordinates":[[[136.17899,36.1926],[136.17912,36.19292],[136.18018,36.19263],[136.18011,36.19253],[136.1801,36.19249],[136.18004,36.19233],[136.17899,36.1926]]]}},{"type":"Feature","properties":{"pid":"afdb318c-f28c-4cfd-89ae-b2a15bdf67be","full":29.9},"geometry":{"type":"Polygon","coordinates":[[[136.17914,36.19297],[136.17928,36.19331],[136.18038,36.19303],[136.1804,36.19286],[136.18028,36.19278],[136.18017,36.19269],[136.17914,36.19297]]]}},{"type":"Feature","properties":{"pid":"7bbcf8ae-78e6-4608-bcf3-8d74a63b839a","full":1.5},"geometry":{"type":"Polygon","coordinates":[[[136.18037,36.19315],[136.18038,36.19304],[136.17928,36.19333],[136.17932,36.19343],[136.18037,36.19315]]]}},{"type":"Feature","properties":{"pid":"a3ec213c-4f15-4705-bb4c-bfe395e417f4","full":11.1},"geometry":{"type":"Polygon","coordinates":[[[136.18037,36.19316],[136.17933,36.19344],[136.17941,36.19364],[136.18034,36.19339],[136.18037,36.19316]]]}},{"type":"Feature","properties":{"pid":"7a64c230-d8fa-4d28-a204-64f35ee4bd8b","full":30.7},"geometry":{"type":"Polygon","coordinates":[[[136.17941,36.19365],[136.17956,36.19402],[136.18027,36.19407],[136.18034,36.1934],[136.17941,36.19365]]]}},{"type":"Feature","properties":{"pid":"8bc7837d-0874-4e61-b1df-a2de2016635d","full":23.5},"geometry":{"type":"Polygon","coordinates":[[[136.17832,36.194],[136.17844,36.19431],[136.17951,36.19403],[136.17938,36.19373],[136.17832,36.194]]]}},{"type":"Feature","properties":{"pid":"1c12fcdb-f79a-40f7-b155-0f1ef3244493","full":13.9},"geometry":{"type":"Polygon","coordinates":[[[136.17929,36.19349],[136.17824,36.19378],[136.17832,36.194],[136.17938,36.19371],[136.17929,36.19349]]]}},{"type":"Feature","properties":{"pid":"5853a111-abb5-4a65-a213-a58c86d8b661","full":57.0},"geometry":{"type":"Polygon","coordinates":[[[136.17691,36.19355],[136.17716,36.19418],[136.17822,36.1939],[136.17797,36.19327],[136.17691,36.19355]]]}},{"type":"Feature","properties":{"pid":"c7f34351-df58-4792-bfc6-eb08c7260142","full":17.1},"geometry":{"type":"Polygon","coordinates":[[[136.17716,36.19418],[136.17726,36.19443],[136.17832,36.19416],[136.17822,36.19391],[136.17716,36.19418]]]}},{"type":"Feature","properties":{"pid":"7f5e9ab6-fb58-4afa-afd2-c5035479989b","full":14.5},"geometry":{"type":"Polygon","coordinates":[[[136.17727,36.19444],[136.17736,36.19467],[136.17841,36.19439],[136.17832,36.19416],[136.17727,36.19444]]]}},{"type":"Feature","properties":{"pid":"52816213-a395-40af-b89a-f3ef0fb5fa2b","full":8.3},"geometry":{"type":"Polygon","coordinates":[[[136.17736,36.19467],[136.17743,36.19484],[136.17848,36.19456],[136.17841,36.19439],[136.17736,36.19467]]]}},{"type":"Feature","properties":{"pid":"e707f4de-5e59-4608-9513-5eb8b6e79501","full":24.3},"geometry":{"type":"Polygon","coordinates":[[[136.17743,36.19484],[136.17756,36.19516],[136.17861,36.19489],[136.17848,36.19456],[136.17743,36.19484]]]}},{"type":"Feature","properties":{"pid":"76fa4632-2b88-4b20-b5ad-42dd92dc0fb0","full":46.8},"geometry":{"type":"Polygon","coordinates":[[[136.17867,36.19487],[136.17902,36.19484],[136.17942,36.19485],[136.17951,36.19404],[136.17845,36.19431],[136.17867,36.19487]]]}},{"type":"Feature","properties":{"pid":"013d7ced-bc20-4da1-a064-609a2b723bb2","full":41.5},"geometry":{"type":"Polygon","coordinates":[[[136.17949,36.19484],[136.18019,36.19486],[136.18028,36.19409],[136.17958,36.19404],[136.17949,36.19484]]]}},{"type":"Feature","properties":{"pid":"96da82c2-b8b7-4568-b78e-359e0ed8715a","full":28.0},"geometry":{"type":"Polygon","coordinates":[[[136.17912,36.19543],[136.18019,36.19524],[136.18014,36.19503],[136.1801,36.19499],[136.18006,36.19498],[136.17919,36.19495],[136.179,36.19496],[136.17912,36.19543]]]}},{"type":"Feature","properties":{"pid":"e2a83a1a-6ba8-44c4-9cf9-c5ce01df81b4","full":59.2},"geometry":{"type":"Polygon","coordinates":[[[136.18039,36.19592],[136.1802,36.19526],[136.17913,36.19544],[136.17929,36.19612],[136.18039,36.19592]]]}},{"type":"Feature","properties":{"pid":"3f739b5c-b9f8-4a93-814b-06f7b3124268","full":38.5},"geometry":{"type":"Polygon","coordinates":[[[136.18049,36.19643],[136.18039,36.19595],[136.1793,36.19614],[136.17942,36.19661],[136.18049,36.19643]]]}},{"type":"Feature","properties":{"pid":"200c0d02-7c12-4e21-82f0-2146ffab9b79","full":47.3},"geometry":{"type":"Polygon","coordinates":[[[136.17829,36.19689],[136.1794,36.1967],[136.17926,36.19616],[136.17815,36.19635],[136.17829,36.19689]]]}},{"type":"Feature","properties":{"pid":"d72ba4c3-43a6-49d3-8b67-1f0b33a7b0ef","full":43.8},"geometry":{"type":"Polygon","coordinates":[[[136.17714,36.1971],[136.17823,36.19691],[136.17809,36.19639],[136.177,36.19658],[136.17714,36.1971]]]}},{"type":"Feature","properties":{"pid":"d0383a9a-a9de-4d21-9956-0ec95226042b","full":2.3},"geometry":{"type":"Polygon","coordinates":[[[136.17806,36.19628],[136.17697,36.19646],[136.177,36.19657],[136.17809,36.19639],[136.17806,36.19628]]]}},{"type":"Feature","properties":{"pid":"7c4fd70d-3542-4d48-9123-c59b8ad466da","full":35.5},"geometry":{"type":"Polygon","coordinates":[[[136.17794,36.19583],[136.17685,36.19602],[136.17697,36.19645],[136.17805,36.19627],[136.17794,36.19583]]]}},{"type":"Feature","properties":{"pid":"b19725d4-a332-4a35-801b-f35712f909f4","full":113.4},"geometry":{"type":"Polygon","coordinates":[[[136.17813,36.19632],[136.17926,36.19613],[136.17896,36.19498],[136.17887,36.19498],[136.17877,36.19499],[136.17852,36.19503],[136.17785,36.1952],[136.17813,36.19632]]]}},{"type":"Feature","properties":{"pid":"bcb868c6-7b61-4362-a133-c8b73d8679a0","full":12.8},"geometry":{"type":"Polygon","coordinates":[[[136.17785,36.19547],[136.17784,36.19545],[136.17782,36.19535],[136.17758,36.19541],[136.17754,36.19529],[136.17672,36.19549],[136.17678,36.19574],[136.17785,36.19547]]]}},{"type":"Feature","properties":{"pid":"8eccb3f5-12b7-4ebd-a57c-42f8f954b214","full":17.5},"geometry":{"type":"Polygon","coordinates":[[[136.17559,36.19578],[136.17566,36.19604],[136.17673,36.19576],[136.17666,36.1955],[136.17559,36.19578]]]}},{"type":"Feature","properties":{"pid":"2b0addb3-b953-4e7f-ae8b-68dffde21ed9","full":23.2},"geometry":{"type":"Polygon","coordinates":[[[136.17566,36.19605],[136.17573,36.19631],[136.17682,36.19613],[136.17673,36.19576],[136.17566,36.19605]]]}},{"type":"Feature","properties":{"pid":"0b5c4f02-40d0-4289-a9ef-fb4b40a049c8","full":22.6},"geometry":{"type":"Polygon","coordinates":[[[136.17785,36.19547],[136.17679,36.19575],[136.17685,36.19601],[136.17794,36.19583],[136.17785,36.19547]]]}},{"type":"Feature","properties":{"pid":"330f4915-437d-4d9c-8058-54ffe0569be9","full":37.0},"geometry":{"type":"Polygon","coordinates":[[[136.17573,36.19632],[136.17585,36.19677],[136.17694,36.19658],[136.17682,36.19613],[136.17573,36.19632]]]}},{"type":"Feature","properties":{"pid":"5ac6465f-d14a-488d-bead-2be08dfa305d","full":26.4},"geometry":{"type":"Polygon","coordinates":[[[136.17458,36.19656],[136.17467,36.19691],[136.17576,36.19672],[136.17567,36.19637],[136.17458,36.19656]]]}},{"type":"Feature","properties":{"pid":"3567bcb7-375f-4af9-a453-0c7b50d99299","full":18.0},"geometry":{"type":"Polygon","coordinates":[[[136.17452,36.19634],[136.17458,36.19656],[136.17567,36.19637],[136.17559,36.19606],[136.17452,36.19634]]]}},{"type":"Feature","properties":{"pid":"16da0e3d-909c-46c6-a7df-ed8678dd8dde","full":16.8},"geometry":{"type":"Polygon","coordinates":[[[136.17446,36.19608],[136.17452,36.19633],[136.17559,36.19606],[136.17553,36.1958],[136.17446,36.19608]]]}},{"type":"Feature","properties":{"pid":"70e69101-ba15-41e6-9045-41585c0d3690","full":46.4},"geometry":{"type":"Polygon","coordinates":[[[136.17511,36.19521],[136.17532,36.19574],[136.17637,36.19546],[136.17616,36.19494],[136.17511,36.19521]]]}},{"type":"Feature","properties":{"pid":"5e116e8c-a4de-45e5-a2a6-fb339f1eb1f0","full":12.9},"geometry":{"type":"Polygon","coordinates":[[[136.17479,36.19442],[136.17488,36.19463],[136.17593,36.19435],[136.17585,36.19414],[136.17479,36.19442]]]}},{"type":"Feature","properties":{"pid":"e1f522be-e165-403f-b01f-800294fdcf52","full":50.6},"geometry":{"type":"Polygon","coordinates":[[[136.17488,36.19464],[136.1751,36.19521],[136.17616,36.19493],[136.17594,36.19436],[136.17488,36.19464]]]}},{"type":"Feature","properties":{"pid":"69cf3f46-65d5-4c1b-a1c2-0710b8ad7a4e","full":52.0},"geometry":{"type":"Polygon","coordinates":[[[136.17726,36.19459],[136.17621,36.19488],[136.17644,36.19545],[136.17751,36.19517],[136.17726,36.19459]]]}},{"type":"Feature","properties":{"pid":"f0ed4e87-aa07-4e02-bf1a-c3fc2c807bc1","full":13.4},"geometry":{"type":"Polygon","coordinates":[[[136.17705,36.19407],[136.17599,36.19436],[136.17608,36.19457],[136.17714,36.19429],[136.17705,36.19407]]]}},{"type":"Feature","properties":{"pid":"6e68aa79-546a-4de5-afe7-418c1564fc42","full":21.0},"geometry":{"type":"Polygon","coordinates":[[[136.17726,36.19457],[136.17714,36.19429],[136.17608,36.19458],[136.1762,36.19487],[136.17726,36.19457]]]}},{"type":"Feature","properties":{"pid":"9fa33aee-c0be-4efd-9be0-3a3dc514e9f6","full":43.7},"geometry":{"type":"Polygon","coordinates":[[[136.17705,36.19406],[136.17685,36.19356],[136.17579,36.19385],[136.17599,36.19435],[136.17705,36.19406]]]}},{"type":"Feature","properties":{"pid":"1c664c78-0050-46a4-a7cf-966779120463","full":20.3},"geometry":{"type":"Polygon","coordinates":[[[136.17479,36.19441],[136.17585,36.19414],[136.17574,36.19385],[136.17471,36.19413],[136.17471,36.19415],[136.17469,36.19416],[136.17479,36.19441]]]}},{"type":"Feature","properties":{"pid":"9d7d3a42-4f25-4dd4-b5af-256f890ec731","full":30.5},"geometry":{"type":"Polygon","coordinates":[[[136.1745,36.19371],[136.17465,36.19406],[136.17468,36.19406],[136.17469,36.19408],[136.17571,36.19381],[136.17556,36.19343],[136.1745,36.19371]]]}}],"precision":5}