{"type":"FeatureCollection","features":[{"type":"Feature","properties":{"pid":"ab7e1533-9c0c-40a2-93fe-c1bea732c95d"},"geometry":{"type":"Polygon","coordinates":[[[136.09954541122198,35.86289903535582],[136.09978174661052,35.86300512297193],[136.0998119680035,35.862937082022036],[136.09969593434678,35.862843657832705],[136.09954541122198,35.86289903535582]]]}},{"type":"Feature","properties":{"pid":"5cce6f26-e32a-477d-b9c0-23763fc7557e"},"geometry":{"type":"Polygon","coordinates":[[[136.0993743183109,35.864111498256456],[136.09945673509625,35.86414513963657],[136.0997949883837,35.86373600853287],[136.0997225001412,35.86369532979516],[136.0993743183109,35.864111498256456]]]}},{"type":"Feature","properties":{"pid":"a132835d-dc4c-4a7c-a706-b19f924ca335"},"geometry":{"type":"Polygon","coordinates":[[[136.09984053585654,35.86355336263598],[136.09991877717846,35.86359869640332],[136.10014417911535,35.863349629566144],[136.10005908991204,35.863321506877554],[136.09984053585654,35.86355336263598]]]}},{"type":"Feature","properties":{"pid":"8be91ac0-89d9-49c1-8c95-69842f479476"},"geometry":{"type":"Polygon","coordinates":[[[136.09966001723944,35.863448603062636],[136.09974479841557,35.863498278264714],[136.0999434428503,35.863281756510574],[136.09984186491005,35.86324555738598],[136.09966001723944,35.863448603062636]]]}},{"type":"Feature","properties":{"pid":"0ebf768b-b116-46c8-a347-1db3ad427202"},"geometry":{"type":"Polygon","coordinates":[[[136.0993812577683,35.86327266443273],[136.09955886271587,35.86338501307709],[136.099727481813,35.86319948050467],[136.09951625852574,35.863115652147115],[136.0993812577683,35.86327266443273]]]}},{"type":"Feature","properties":{"pid":"13b55bcd-17ad-4e6a-9720-fef378c6e643"},"geometry":{"type":"Polygon","coordinates":[[[136.0991052329895,35.8631171600724],[136.09928446327692,35.8632181328527],[136.09940903213288,35.86307220621542],[136.09920335953143,35.862972030242034],[136.0991052329895,35.8631171600724]]]}},{"type":"Feature","properties":{"pid":"bc916e2b-df95-41d7-a9fc-67372ccc949b"},"geometry":{"type":"Polygon","coordinates":[[[136.09917098337328,35.86402184475129],[136.09924921621257,35.86405879307985],[136.0996100455295,35.8636323557088],[136.09953973382866,35.86359328121704],[136.09917098337328,35.86402184475129]]]}},{"type":"Feature","properties":{"pid":"de98cb8b-accc-479d-b751-d222a67026ab"},"geometry":{"type":"Polygon","coordinates":[[[136.0989951852422,35.86391932504661],[136.0990624480878,35.86396013033385],[136.09943312576317,35.86353388129256],[136.09936138829787,35.86349309365719],[136.0989951852422,35.86391932504661]]]}},{"type":"Feature","properties":{"pid":"1c6f29cb-9fd5-4b77-87d4-62225b638510"},"geometry":{"type":"Polygon","coordinates":[[[136.09880598502727,35.86382059673628],[136.0988837063331,35.86386115275926],[136.0992511987268,35.86343044270236],[136.0991830962369,35.86339172149564],[136.09880598502727,35.86382059673628]]]}},{"type":"Feature","properties":{"pid":"259a428b-9286-4189-9b09-c5b42d8d5291"},"geometry":{"type":"Polygon","coordinates":[[[136.09856200345817,35.86372011045727],[136.09868776642097,35.86377116748547],[136.09907223344555,35.8633295123135],[136.09894665375083,35.863259747276494],[136.09856200345817,35.86372011045727]]]}},{"type":"Feature","properties":{"pid":"0d8a762e-d965-4554-b06b-383fb735b67f"},"geometry":{"type":"Polygon","coordinates":[[[136.0983501063228,35.86356930052547],[136.09842418426172,35.863605007546326],[136.0988039830085,35.86316315534606],[136.0987263864051,35.863123814126226],[136.0983501063228,35.86356930052547]]]}},{"type":"Feature","properties":{"pid":"aa22d3cf-5e3e-470d-b0fd-171fd716dcd1"},"geometry":{"type":"Polygon","coordinates":[[[136.09815463366252,35.86348291373757],[136.09823077404175,35.86351511601653],[136.0986235820611,35.863067671700584],[136.09854323861126,35.86302583167148],[136.09815463366252,35.86348291373757]]]}},{"type":"Feature","properties":{"pid":"692d871c-8fed-4af8-b64e-a4fe660db8d4"},"geometry":{"type":"Polygon","coordinates":[[[136.0980065628601,35.86337309729287],[136.09800790462492,35.86339950465374],[136.0980411046924,35.86342061914393],[136.0984410925547,35.86296534048242],[136.0983810227437,35.86293138756071],[136.0980065628601,35.86337309729287]]]}},{"type":"Feature","properties":{"pid":"2be4640c-b2d0-4ef3-b503-ac2a7b6029eb"},"geometry":{"type":"Polygon","coordinates":[[[136.09832485672112,35.862672490126734],[136.0983373541535,35.86269857096288],[136.09841389159678,35.862745670646774],[136.09887610580049,35.863009985896376],[136.09893219437095,35.86295054093865],[136.09842772581268,35.86267532094994],[136.09836685510078,35.862685443102],[136.09832485672112,35.862672490126734]]]}},{"type":"Feature","properties":{"pid":"02e11d16-f713-48c9-be2e-24410cc68de3"},"geometry":{"type":"MultiPolygon","coordinates":[[[[136.09861545860235,35.86262157317767],[136.0988404153141,35.86274583511592],[136.098780506533,35.862680870085384],[136.098726693075,35.86257733964574],[136.09861545860235,35.86262157317767]]],[[[136.09897176103948,35.86281838769239],[136.099035666914,35.86285368783288],[136.0990468905979,35.862842219676644],[136.09903580718958,35.862837774562756],[136.09897176103948,35.86281838769239]]]]}},{"type":"Feature","properties":{"pid":"ef80b595-3c28-450b-8e15-675f3432f33b"},"geometry":{"type":"Polygon","coordinates":[[[136.09845958132354,35.86248435335049],[136.09861660739398,35.86243469659853],[136.09855448310654,35.86227005499357],[136.0983985383918,35.861985750882205],[136.09834120544858,35.861913205513225],[136.0982349207961,35.86195558432998],[136.09845958132354,35.86248435335049]]]}},{"type":"Feature","properties":{"pid":"03319bd5-36ac-4cc4-9b5e-bc4a23998f2f"},"geometry":{"type":"Polygon","coordinates":[[[136.09806686169736,35.862011055194],[136.09828410614386,35.86252905765954],[136.09829153837782,35.862526755831865],[136.09816753029105,35.86219058328778],[136.09808574805652,35.86200874095883],[136.09806686169736,35.862011055194]]]}},{"type":"Feature","properties":{"pid":"d1af9d33-9eba-4841-b253-0fbe93d4f5e0"},"geometry":{"type":"Polygon","coordinates":[[[136.09807641747557,35.85749905123792],[136.09844427720643,35.857204857352755],[136.09840925568315,35.85716757110109],[136.09805707706678,35.85746284289167],[136.09807641747557,35.85749905123792]]]}},{"type":"Feature","properties":{"pid":"5021218c-9a8b-404e-81a6-7fae1fa1120d"},"geometry":{"type":"Polygon","coordinates":[[[136.09857645333466,35.857348419104866],[136.09852084267385,35.85728772607403],[136.09815005673843,35.85757496098556],[136.09820955598457,35.85761933110186],[136.09836785693497,35.85751642797327],[136.09857645333466,35.857348419104866]]]}},{"type":"Feature","properties":{"pid":"38e2cefd-70ba-46aa-8c2e-67260e131276"},"geometry":{"type":"Polygon","coordinates":[[[136.09871986494403,35.85749267758082],[136.09866831197527,35.85743382233034],[136.0985005200979,35.857563322096915],[136.09859190756208,35.85760675062169],[136.09871986494403,35.85749267758082]]]}},{"type":"Feature","properties":{"pid":"73541c3a-604a-4e71-9851-2e7c96f596c2"},"geometry":{"type":"Polygon","coordinates":[[[136.09881905096174,35.85738327898056],[136.09883234303797,35.85739690116183],[136.09886320727665,35.857369926598054],[136.09889214396023,35.857192906250944],[136.09883935978937,35.85719480639939],[136.09881905096174,35.85738327898056]]]}},{"type":"Feature","properties":{"pid":"0be8d773-cb4e-471f-b21b-01bef003cf93"},"geometry":{"type":"Polygon","coordinates":[[[136.09833548876716,35.857089033729416],[136.0983000647182,35.85705254444128],[136.09793798923766,35.85736690068898],[136.09797392243692,35.85738591721686],[136.09833548876716,35.857089033729416]]]}},{"type":"Feature","properties":{"pid":"f2843bf4-02d9-4e63-ba10-ca95f5798273"},"geometry":{"type":"Polygon","coordinates":[[[136.09724090569557,35.85735842461964],[136.09737389220996,35.85747301688008],[136.0974527415441,35.85743557546775],[136.0975540076848,35.8573383043116],[136.09773005368814,35.85712088734748],[136.0978345011786,35.857040317916194],[136.09777817521464,35.85698637274614],[136.09724090569557,35.85735842461964]]]}},{"type":"Feature","properties":{"pid":"0724fcfc-e3a2-41d8-ac2b-5899f22a4e2d"},"geometry":{"type":"Polygon","coordinates":[[[136.0966220158039,35.85778957752039],[136.09665063873294,35.857790442866715],[136.0968534846698,35.85769281093779],[136.09719612563458,35.857567407986565],[136.09708887122022,35.85746802209261],[136.0966220158039,35.85778957752039]]]}},{"type":"Feature","properties":{"pid":"9757a48e-a8cb-4144-9d31-85c0e897cb75"},"geometry":{"type":"Polygon","coordinates":[[[136.0975764001125,35.858659080683594],[136.09771551849616,35.858702434235845],[136.0979283324471,35.858439926706204],[136.09785837505737,35.858387890578065],[136.09780966883284,35.85846526025591],[136.09765973067042,35.858513103798124],[136.0975764001125,35.858659080683594]]]}},{"type":"Feature","properties":{"pid":"d7986d5f-07d9-475c-a7cf-e1f278ceb377"},"geometry":{"type":"Polygon","coordinates":[[[136.0966865083485,35.85827973504901],[136.09699827161646,35.858457725772666],[136.09709981255355,35.858517359904546],[136.0970854633106,35.85841686692775],[136.09670718820544,35.858193642747686],[136.0966865083485,35.85827973504901]]]}},{"type":"Feature","properties":{"pid":"61819195-fe9d-43a0-bad5-52b3fabfedec"},"geometry":{"type":"Polygon","coordinates":[[[136.0967311532087,35.858076763438575],[136.09709974189616,35.85829615242196],[136.09713773695483,35.8581481980574],[136.09715632799475,35.85791114787662],[136.09683834129476,35.85798752453248],[136.09675368580744,35.857993594946635],[136.0967311532087,35.858076763438575]]]}},{"type":"Feature","properties":{"pid":"62c6c09e-81da-49ba-bbcf-eeb411cb1052"},"geometry":{"type":"Polygon","coordinates":[[[136.09736307078256,35.85816458929195],[136.09738001877065,35.85818081510576],[136.09758413873936,35.85800743670442],[136.09755422516207,35.85796764519071],[136.09741460478844,35.8581400119852],[136.09736307078256,35.85816458929195]]]}},{"type":"Feature","properties":{"pid":"934b5f95-5d5f-491d-89ca-e20adb1263c5"},"geometry":{"type":"Polygon","coordinates":[[[136.09737202352048,35.85800863464752],[136.0974783540291,35.85786241479622],[136.09744704952513,35.857809159857396],[136.09739031972276,35.8578733045897],[136.09737202352048,35.85800863464752]]]}},{"type":"Feature","properties":{"pid":"d5974ab4-042e-497f-a216-40927d5db37a"},"geometry":{"type":"Polygon","coordinates":[[[136.09660684299325,35.85844882616618],[136.09690498245143,35.85860976127462],[136.09710686580917,35.85872506946354],[136.09710151439074,35.85864316398706],[136.09664819645423,35.85838960390547],[136.09660684299325,35.85844882616618]]]}},{"type":"Feature","properties":{"pid":"93c244ab-ca5f-4c50-a687-7dd6f1d33d7f"},"geometry":{"type":"Polygon","coordinates":[[[136.09609918538908,35.858396369310626],[136.09627288644228,35.858476793706075],[136.09635610651165,35.858418803568036],[136.0964599931997,35.85829525988996],[136.09652900239297,35.85798573282299],[136.09643397481406,35.85798236278412],[136.09609918538908,35.858396369310626]]]}},{"type":"Feature","properties":{"pid":"493c861d-f36e-48f0-8ba3-0ad9dbd01356"},"geometry":{"type":"Polygon","coordinates":[[[136.09546412394312,35.85864622084675],[136.09562343199067,35.85844779298879],[136.09546633797567,35.85849035451998],[136.09546412394312,35.85864622084675]]]}},{"type":"Feature","properties":{"pid":"83149387-4f22-4735-a636-73006fe36aa7"},"geometry":{"type":"Polygon","coordinates":[[[136.09607044908935,35.85821805962073],[136.0959109218643,35.85829700414683],[136.09597818817917,35.858331998414954],[136.09607044908935,35.85821805962073]]]}},{"type":"Feature","properties":{"pid":"3d8dfcb9-0d06-4321-8785-f5cb5b57475e"},"geometry":{"type":"Polygon","coordinates":[[[136.09645838826066,35.85775033422328],[136.0967656463473,35.857547455585795],[136.09699900106233,35.857381902529234],[136.09697743716072,35.85736085027691],[136.09646123781172,35.857716036982886],[136.09645838826066,35.85775033422328]]]}},{"type":"Feature","properties":{"pid":"68b09809-7363-44d8-80a6-18e15412c063"},"geometry":{"type":"Polygon","coordinates":[[[136.0963483955688,35.85739311958148],[136.09641095842323,35.857413801633214],[136.09644474467407,35.8574518038758],[136.0964358760024,35.85758584790175],[136.0968841468017,35.85728055386253],[136.09669439952714,35.85709559492491],[136.09652387280298,35.85721163062373],[136.09643749923836,35.8572497105761],[136.0963483955688,35.85739311958148]]]}},{"type":"Feature","properties":{"pid":"2fa2092b-9d22-4d6b-b6fa-d7e008c0d57e"},"geometry":{"type":"Polygon","coordinates":[[[136.0937021651871,35.85852272770453],[136.09367332254294,35.85856912039694],[136.09398268435896,35.85847726993855],[136.09401774059234,35.85845373723535],[136.0937021651871,35.85852272770453]]]}},{"type":"Feature","properties":{"pid":"31cbfa48-097d-4879-b0e7-b78e0719f6bb"},"geometry":{"type":"Polygon","coordinates":[[[136.09407939545474,35.85857256977308],[136.09411843026152,35.858629146652525],[136.09451494772318,35.85848950227654],[136.094587248803,35.85842437272669],[136.09437560379405,35.85849356261794],[136.09413584327123,35.85852138895265],[136.09407939545474,35.85857256977308]]]}},{"type":"Feature","properties":{"pid":"dc344743-7822-4b65-84b6-37e6d8fffa34"},"geometry":{"type":"Polygon","coordinates":[[[136.09478966022738,35.85878190546052],[136.09528227509827,35.85877212198975],[136.09527490392236,35.858546188383826],[136.09497868610703,35.85861989941856],[136.09492720730222,35.858645640042376],[136.09478966022738,35.85878190546052]]]}},{"type":"Feature","properties":{"pid":"960b4e58-1af2-4bac-b5f5-577f5d6fab1f"},"geometry":{"type":"Polygon","coordinates":[[[136.09548624200343,35.859295739698176],[136.095636623208,35.85929646034085],[136.0956056797704,35.859121020165084],[136.09560381125195,35.85901702341902],[136.09561616481548,35.85898991120696],[136.09548752651554,35.85892496843801],[136.09548624200343,35.859295739698176]]]}},{"type":"Feature","properties":{"pid":"b6ecebf5-1ee8-43ee-b090-7d42c964a5d9"},"geometry":{"type":"Polygon","coordinates":[[[136.09458860274154,35.85943656883055],[136.0945926332997,35.859509039369804],[136.09528124507676,35.85949589811138],[136.09530561371184,35.85948064830625],[136.0953008765683,35.85942177385433],[136.09458860274154,35.85943656883055]]]}},{"type":"Feature","properties":{"pid":"f4df5eca-913e-48f2-a0b6-f00e238f5084"},"geometry":{"type":"Polygon","coordinates":[[[136.09457321628113,35.85907678390235],[136.09457607971092,35.85914704487756],[136.0952946549423,35.85913223087226],[136.09529512800842,35.85906187969357],[136.09457321628113,35.85907678390235]]]}},{"type":"Feature","properties":{"pid":"4790c9a2-871f-483f-85f0-f66e2e417575"},"geometry":{"type":"Polygon","coordinates":[[[136.0945831590948,35.85932715056839],[136.0952972275679,35.85930617676593],[136.0952904962842,35.85924174217352],[136.09457920492514,35.859256441820406],[136.0945831590948,35.85932715056839]]]}},{"type":"Feature","properties":{"pid":"939548fa-32fe-4e84-ae95-48b3cdb508e5"},"geometry":{"type":"Polygon","coordinates":[[[136.0945656019894,35.85896149682052],[136.09528740986883,35.85895507578654],[136.09528450780542,35.85888272066358],[136.09469010960325,35.858891372811755],[136.0945656019894,35.85896149682052]]]}},{"type":"Feature","properties":{"pid":"ecc569d3-8854-406d-a3a5-bb655e091446"},"geometry":{"type":"Polygon","coordinates":[[[136.09412862649225,35.858752529536694],[136.09419313597988,35.858867696986565],[136.0943797931352,35.85881570526302],[136.09425537898758,35.85871295524279],[136.09412862649225,35.858752529536694]]]}},{"type":"Feature","properties":{"pid":"6eb98c0d-5c80-4002-87e4-81a932da15f4"},"geometry":{"type":"Polygon","coordinates":[[[136.09293030871336,35.858717325932815],[136.0934700715913,35.858711021904725],[136.09347806297944,35.858582671362576],[136.09328602566742,35.85862591510663],[136.09293030871336,35.858717325932815]]]}},{"type":"Feature","properties":{"pid":"b27be0ab-6f7a-4707-bec9-792be27a57a8"},"geometry":{"type":"Polygon","coordinates":[[[136.09278534999146,35.858834188679985],[136.09279411126727,35.858963363833226],[136.0934738010428,35.858950301871936],[136.09347591829498,35.85882712284509],[136.09278534999146,35.858834188679985]]]}},{"type":"Feature","properties":{"pid":"1bf107f4-a5a5-4227-8223-894da8b8327f"},"geometry":{"type":"Polygon","coordinates":[[[136.0927912709392,35.85911317460643],[136.09279418732234,35.85917179031488],[136.09348178985792,35.859158588624865],[136.09347976821022,35.8590982395116],[136.0927912709392,35.85911317460643]]]}},{"type":"Feature","properties":{"pid":"25546c04-eaba-46f4-b897-54c78d9446c8"},"geometry":{"type":"Polygon","coordinates":[[[136.09279748262065,35.85936431994661],[136.09351164207334,35.85935048129002],[136.09350408190812,35.859281237395074],[136.09279308081418,35.859293300772094],[136.09279748262065,35.85936431994661]]]}},{"type":"Feature","properties":{"pid":"f9493d4b-de76-493a-be76-dbf5559d057a"},"geometry":{"type":"Polygon","coordinates":[[[136.09279787364545,35.85947438708565],[136.09280130055433,35.859543589212194],[136.09350785154578,35.85953292390948],[136.09350436014054,35.85945891774853],[136.09279787364545,35.85947438708565]]]}},{"type":"Feature","properties":{"pid":"bc8293c8-7042-4cbb-a10c-0b9067b2203d"},"geometry":{"type":"Polygon","coordinates":[[[136.09369402065866,35.85910889263368],[136.09369440097277,35.859158367032826],[136.09438686436297,35.85914290069653],[136.09440024451845,35.85898718386841],[136.09413405280753,35.85905509355167],[136.09391860719973,35.85907046343244],[136.09369402065866,35.85910889263368]]]}},{"type":"Feature","properties":{"pid":"17df3a67-ce51-4ad2-88fb-35b71d7d237b"},"geometry":{"type":"Polygon","coordinates":[[[136.09369335410295,35.85926939590137],[136.09369527550638,35.859337121706446],[136.09440179996938,35.85932500215489],[136.09439953658259,35.85926636724521],[136.09369335410295,35.85926939590137]]]}},{"type":"Feature","properties":{"pid":"9479cf01-f8ae-4a8d-9223-c6089dbe9026"},"geometry":{"type":"Polygon","coordinates":[[[136.09370463107254,35.859515665002455],[136.09371658245618,35.85952571637686],[136.09441609107188,35.85951153274211],[136.09441518628117,35.859447743634945],[136.09441361601077,35.85943655856264],[136.09370299190738,35.85944595587676],[136.09370463107254,35.859515665002455]]]}},{"type":"Feature","properties":{"pid":"bb7774ed-2b76-4701-ac42-0405f9ca5a32"},"geometry":{"type":"Polygon","coordinates":[[[136.09370758149743,35.85963300228842],[136.09370782211013,35.85970568173724],[136.09442212525903,35.85969722049399],[136.094420061643,35.85961857536302],[136.09370758149743,35.85963300228842]]]}},{"type":"Feature","properties":{"pid":"8e154599-037e-435a-b440-29b0f01ad1e7"},"geometry":{"type":"Polygon","coordinates":[[[136.0937099066158,35.85981997242686],[136.09371179149565,35.859886515000376],[136.09442493099576,35.85987433368388],[136.0944224151889,35.859803320127675],[136.0937099066158,35.85981997242686]]]}},{"type":"Feature","properties":{"pid":"6d92e549-67dd-43f3-bada-21d28ba8e929"},"geometry":{"type":"Polygon","coordinates":[[[136.09280405055407,35.85964861744675],[136.0928053845404,35.859670412426546],[136.0928649743906,35.8597187159024],[136.09350617821693,35.85970472966722],[136.09350592291892,35.85963760675714],[136.09280405055407,35.85964861744675]]]}},{"type":"Feature","properties":{"pid":"8cce1c71-02af-48dc-9538-94f92a0e8973"},"geometry":{"type":"Polygon","coordinates":[[[136.0928998177869,35.85983372487248],[136.09292224828548,35.85989813127106],[136.0935128255212,35.85988218508617],[136.09351235795378,35.85981995242878],[136.0928998177869,35.85983372487248]]]}},{"type":"Feature","properties":{"pid":"ea9ad070-e280-4551-a128-82d2624eadb7"},"geometry":{"type":"Polygon","coordinates":[[[136.09294549980768,35.86007719836826],[136.09352599326527,35.86006839273759],[136.09351810456144,35.85999972729577],[136.09296568910855,35.86001355351949],[136.09296946632247,35.8600491745829],[136.09294549980768,35.86007719836826]]]}},{"type":"Feature","properties":{"pid":"e221d7eb-7f50-43d8-ad56-56271b2c78b7"},"geometry":{"type":"Polygon","coordinates":[[[136.09281823105363,35.86026744795401],[136.09351926081868,35.86025098067146],[136.09352261320421,35.86018202209074],[136.0928196385018,35.86019851450732],[136.09281823105363,35.86026744795401]]]}},{"type":"Feature","properties":{"pid":"1cc98b08-65e5-47a8-9230-fb3b7b27f503"},"geometry":{"type":"Polygon","coordinates":[[[136.09371178399445,35.859995534666794],[136.09371519062645,35.86006763717684],[136.0944305597689,35.860052967732386],[136.09442857258088,35.85998283060038],[136.09371178399445,35.859995534666794]]]}},{"type":"Feature","properties":{"pid":"88cdf349-eabc-4474-bd6c-37aa9e2c1607"},"geometry":{"type":"Polygon","coordinates":[[[136.09371901833623,35.86017094754192],[136.09372297715322,35.86024254224694],[136.09443565753367,35.86023152346079],[136.09443464380496,35.8601574277353],[136.09371901833623,35.86017094754192]]]}},{"type":"Feature","properties":{"pid":"2c50dc89-e369-41fe-af0a-4be2ebfee141"},"geometry":{"type":"Polygon","coordinates":[[[136.09372700989294,35.860363585251065],[136.0937291729536,35.86042956914902],[136.09445003683456,35.860414591252336],[136.09444984220536,35.860351630236856],[136.09372700989294,35.860363585251065]]]}},{"type":"Feature","properties":{"pid":"db6e46a8-a8d1-4377-a7dd-b12ab96460c1"},"geometry":{"type":"Polygon","coordinates":[[[136.09460655484483,35.859867517967054],[136.09531196390824,35.859852461790624],[136.09531237639558,35.85980207669417],[136.09530973366455,35.859785774246696],[136.09460528053594,35.85979616540031],[136.09460655484483,35.859867517967054]]]}},{"type":"Feature","properties":{"pid":"f2d546db-a3f3-4f55-aa21-9524e84f268f"},"geometry":{"type":"Polygon","coordinates":[[[136.09460279545772,35.85968869485813],[136.09531106596125,35.85967613625049],[136.09530646940328,35.85960283934303],[136.09460210096083,35.85961759169725],[136.09460279545772,35.85968869485813]]]}},{"type":"Feature","properties":{"pid":"827a3a07-4a9c-4aeb-9283-e13c20c2b4d1"},"geometry":{"type":"Polygon","coordinates":[[[136.09460413148528,35.860047348347436],[136.09532474283904,35.86003471591249],[136.09532431307048,35.85999937857703],[136.09532053525476,35.85996888336615],[136.0946032634348,35.85997823997538],[136.09460413148528,35.860047348347436]]]}},{"type":"Feature","properties":{"pid":"9f434d7f-3ce9-4af1-a2f4-5d07ac371a63"},"geometry":{"type":"Polygon","coordinates":[[[136.09460666015434,35.86016541220878],[136.0946095676218,35.8602336619119],[136.09520481948474,35.86021862846007],[136.09529038507642,35.86014369062249],[136.09460666015434,35.86016541220878]]]}},{"type":"Feature","properties":{"pid":"01fde364-dac5-4623-94ad-79c5271f255c"},"geometry":{"type":"Polygon","coordinates":[[[136.09551502678877,35.85995166429307],[136.095515981823,35.86011455210009],[136.09562252915987,35.86013307171922],[136.0958053386986,35.86021117590421],[136.09590629357982,35.860205816631805],[136.09597768524446,35.86016432393987],[136.0960118476611,35.86012788333166],[136.09607966612415,35.859943226671945],[136.09551502678877,35.85995166429307]]]}},{"type":"Feature","properties":{"pid":"8e61062f-fd83-4ac2-b666-73543ddfa089"},"geometry":{"type":"Polygon","coordinates":[[[136.09590284652904,35.85949537727065],[136.09597737630563,35.85959483070341],[136.09611232138843,35.85969552341377],[136.09619649042315,35.85973037524483],[136.096251141501,35.85978161049883],[136.0963035550244,35.85989667578778],[136.09628485131503,35.8600283016618],[136.09637829055507,35.86003487464162],[136.09648608928038,35.859804741012425],[136.09590284652904,35.85949537727065]]]}},{"type":"Feature","properties":{"pid":"3ee25c4f-57b1-4f57-a38a-200a4b9d5f31"},"geometry":{"type":"Polygon","coordinates":[[[136.0955065614949,35.859593201130465],[136.09551247580208,35.85984473698549],[136.09601129080207,35.859837237561536],[136.09589141860016,35.85975505721355],[136.09574783631825,35.859591015201225],[136.0955065614949,35.859593201130465]]]}},{"type":"Feature","properties":{"pid":"d66369e7-b0a7-4ec3-984d-91243aec6533"},"geometry":{"type":"Polygon","coordinates":[[[136.0954873784929,35.85940209004747],[136.0954897277638,35.85948248420451],[136.0956994557241,35.85948321733188],[136.09566979762369,35.85940209270821],[136.0954873784929,35.85940209004747]]]}},{"type":"Feature","properties":{"pid":"9785b0ff-9cd3-46cb-a4d5-38f4a759ac9f"},"geometry":{"type":"Polygon","coordinates":[[[136.0958441081575,35.859247956663374],[136.0958548101147,35.85934362186116],[136.09652680608107,35.85969932039673],[136.0965708189646,35.859641348510635],[136.0958441081575,35.859247956663374]]]}},{"type":"Feature","properties":{"pid":"8baca0df-661f-4eb4-b2ad-1485251e1e56"},"geometry":{"type":"Polygon","coordinates":[[[136.09552600267014,35.85878775150969],[136.09558701268455,35.858814751502],[136.09586693496206,35.85845922591494],[136.09581675041477,35.85844217995475],[136.09552600267014,35.85878775150969]]]}},{"type":"Feature","properties":{"pid":"ca2ec645-a75e-4635-9f64-1fd7610e4413"},"geometry":{"type":"Polygon","coordinates":[[[136.09570437659912,35.85888487315969],[136.09575903566352,35.858902465860986],[136.09600496452083,35.85886097522918],[136.0961479169798,35.85880374281132],[136.09618704358206,35.858730316033814],[136.09618849910356,35.858640095244695],[136.096176456875,35.85861937346782],[136.09599166061582,35.858534144390354],[136.09570437659912,35.85888487315969]]]}},{"type":"Feature","properties":{"pid":"d3bcbd60-3b82-4f52-93fe-c91bea551ef4"},"geometry":{"type":"Polygon","coordinates":[[[136.0964590717918,35.85858213418203],[136.09660132793354,35.85866170784421],[136.09711084532142,35.85893286832143],[136.09711116991218,35.85885331695868],[136.09651933607415,35.85852908647324],[136.0964590717918,35.85858213418203]]]}},{"type":"Feature","properties":{"pid":"bf1a7771-5ba9-4605-aeea-f850fb9d6332"},"geometry":{"type":"Polygon","coordinates":[[[136.09638205031135,35.85866945821124],[136.09639000477458,35.85876947262431],[136.0970133664825,35.85909849624925],[136.09706019152142,35.859036317509954],[136.09638205031135,35.85866945821124]]]}},{"type":"Feature","properties":{"pid":"1eb0d851-a0fc-43e1-a33e-95b381afb369"},"geometry":{"type":"Polygon","coordinates":[[[136.0962767806306,35.858923574563704],[136.09688944427444,35.859254745520026],[136.0969469896027,35.85918743172377],[136.09633408966437,35.85886430123113],[136.0962767806306,35.858923574563704]]]}},{"type":"Feature","properties":{"pid":"bf407244-03f7-4362-b0aa-e5836bed2333"},"geometry":{"type":"Polygon","coordinates":[[[136.0960659344363,35.859020288625096],[136.09674881946083,35.85939982598966],[136.09677973006615,35.85939967816871],[136.09682155913504,35.85934360013959],[136.096160215497,35.858984627215506],[136.0960659344363,35.859020288625096]]]}},{"type":"Feature","properties":{"pid":"d9f131d5-fb74-451c-9a30-ad8a9cc98f79"},"geometry":{"type":"Polygon","coordinates":[[[136.09583212320442,35.859066921403034],[136.0958308091146,35.85911011515656],[136.09662805367952,35.85954365828566],[136.0966559362792,35.85954190826576],[136.09669708942792,35.8594960005692],[136.09589759943051,35.85906081872314],[136.09583212320442,35.859066921403034]]]}},{"type":"Feature","properties":{"pid":"70a01509-15d8-40cc-8b3c-9a38c98e79a2"},"geometry":{"type":"Polygon","coordinates":[[[136.09787362307418,35.85876681450654],[136.09796077359596,35.85880573589657],[136.09804634116355,35.85881004386977],[136.09816007384535,35.85875749318191],[136.0982843032013,35.858604410443796],[136.0982135488999,35.85858678258484],[136.09809338797515,35.858505549552156],[136.09787362307418,35.85876681450654]]]}},{"type":"Feature","properties":{"pid":"e39cee07-0cf4-485e-bd54-b6965ca3e258"},"geometry":{"type":"Polygon","coordinates":[[[136.09734868334166,35.861209329662465],[136.0974348860026,35.86128656894137],[136.09758554792396,35.86137150573468],[136.09775430079745,35.86132034584891],[136.0975418791578,35.8611227544387],[136.0973499038291,35.861023643070574],[136.09734868334166,35.861209329662465]]]}},{"type":"Feature","properties":{"pid":"4a43dc74-c0ff-4757-a009-0d690accd87c"},"geometry":{"type":"Polygon","coordinates":[[[136.09713422593435,35.86111031315676],[136.09722246106026,35.8611542369006],[136.0972238048936,35.860945584759484],[136.09715571050484,35.860906593406504],[136.09713422593435,35.86111031315676]]]}},{"type":"Feature","properties":{"pid":"dedd3e8c-e073-4b42-b259-7977f532cba4"},"geometry":{"type":"Polygon","coordinates":[[[136.0969663955322,35.86102629932532],[136.09701337915777,35.861050155436565],[136.09704531833643,35.860781142977046],[136.09700987931686,35.86071607837755],[136.0969663955322,35.86102629932532]]]}},{"type":"Feature","properties":{"pid":"b660a50f-86e0-4bce-a4bb-e570fe087db6"},"geometry":{"type":"Polygon","coordinates":[[[136.09732435118755,35.860535724805665],[136.09727447560994,35.860685065088106],[136.09727950238502,35.86072780782539],[136.0973978125819,35.86086205007541],[136.09742592105962,35.86087515157769],[136.09746992147518,35.860797887166946],[136.09749843483576,35.8606950113615],[136.09748395367183,35.86057368122291],[136.09732435118755,35.860535724805665]]]}},{"type":"Feature","properties":{"pid":"ff69eff4-df52-4e72-bdea-a480262618b7"},"geometry":{"type":"Polygon","coordinates":[[[136.096680479765,35.86051491706799],[136.09667791475187,35.860884444780936],[136.09668923797472,35.86088969973551],[136.0967381003458,35.8605208088874],[136.096680479765,35.86051491706799]]]}},{"type":"Feature","properties":{"pid":"c49c5ac5-871a-4d8c-a5e7-cceaf5f77f24"},"geometry":{"type":"Polygon","coordinates":[[[136.0968058798039,35.86094439447269],[136.09684954940323,35.860966677305285],[136.0969076008145,35.860578926464584],[136.09685996170256,35.86055446403074],[136.0968058798039,35.86094439447269]]]}},{"type":"Feature","properties":{"pid":"78e9868c-9c50-4df0-a4ea-c97dfe009b63"},"geometry":{"type":"Polygon","coordinates":[[[136.09607491755725,35.8603955390861],[136.09608164744665,35.860656638631276],[136.09642300120316,35.86064895443449],[136.09642082802435,35.860358301709155],[136.0963666423129,35.860189074798384],[136.09627990965186,35.8601854501818],[136.0961495263575,35.860346490048734],[136.09607491755725,35.8603955390861]]]}},{"type":"Feature","properties":{"pid":"01e90d4a-6951-4d09-8d36-c1ed329c5817"},"geometry":{"type":"Polygon","coordinates":[[[136.09574306932106,35.86043019293296],[136.09576092777377,35.86090908498845],[136.0958621334352,35.860906842949035],[136.0958453444535,35.86043384309281],[136.09574306932106,35.86043019293296]]]}},{"type":"Feature","properties":{"pid":"6c940773-3469-4746-91c0-8353b72ad129"},"geometry":{"type":"Polygon","coordinates":[[[136.09599842744225,35.86077159785224],[136.09600405963968,35.860908125550765],[136.0964130423235,35.86089297325757],[136.0964041126921,35.860755971037165],[136.09599842744225,35.86077159785224]]]}},{"type":"Feature","properties":{"pid":"85d31161-ab32-4fec-82fd-c3a6bea10b13"},"geometry":{"type":"Polygon","coordinates":[[[136.09556753243464,35.86111621417163],[136.09627712533347,35.861102947776736],[136.09627612899828,35.86105663870953],[136.09556986595615,35.861083940687095],[136.09556753243464,35.86111621417163]]]}},{"type":"Feature","properties":{"pid":"b5f901e4-d176-42ca-b71b-3b2fd5b3cbdd"},"geometry":{"type":"Polygon","coordinates":[[[136.09645256186906,35.86122617932023],[136.0967788755495,35.8612225263733],[136.09645112929707,35.861070710022354],[136.09645256186906,35.86122617932023]]]}},{"type":"Feature","properties":{"pid":"7a580a11-be43-42a9-b9a4-bc6163352249"},"geometry":{"type":"Polygon","coordinates":[[[136.09644206151486,35.861499571452825],[136.0971668995426,35.86148667877572],[136.09716732355372,35.861467573148836],[136.09689159593412,35.8613243268002],[136.09644585789428,35.861331900240245],[136.09644206151486,35.861499571452825]]]}},{"type":"Feature","properties":{"pid":"e10a455c-bd3f-49aa-af7e-06bd24612a68"},"geometry":{"type":"Polygon","coordinates":[[[136.09644349889714,35.86164238935697],[136.0971571409628,35.861626113655966],[136.09715168248417,35.86159078653928],[136.09655024864048,35.861602272858455],[136.09644377836867,35.861605136425695],[136.09644349889714,35.86164238935697]]]}},{"type":"Feature","properties":{"pid":"ee768e22-eb3a-4b09-9946-3d2a2c3db3b6"},"geometry":{"type":"Polygon","coordinates":[[[136.09557650083053,35.86138874521053],[136.09627363261833,35.86137165220295],[136.0962665590537,35.86122098060955],[136.09557344604326,35.86123457062821],[136.09557650083053,35.86138874521053]]]}},{"type":"Feature","properties":{"pid":"3db45b35-a4ed-4587-aa5d-cd94bcdb8049"},"geometry":{"type":"Polygon","coordinates":[[[136.09558543510906,35.86163338463129],[136.09558907341986,35.86164873457342],[136.0962725341655,35.86163650617849],[136.09627220229206,35.86161694526811],[136.09558543510906,35.86163338463129]]]}},{"type":"Feature","properties":{"pid":"df85dbdb-11b3-45aa-b5fb-a763a16434a8"},"geometry":{"type":"Polygon","coordinates":[[[136.0962647964144,35.86148880494907],[136.09557723640918,35.861516376558],[136.09626670668638,35.86150509090651],[136.0962647964144,35.86148880494907]]]}},{"type":"Feature","properties":{"pid":"e22cd8bd-ead4-437c-b0c8-a2c36c921fbb"},"geometry":{"type":"Polygon","coordinates":[[[136.0957894015031,35.861908738719066],[136.09581390239669,35.86192445418165],[136.09626813129287,35.86191274832526],[136.0962691212689,35.861898189779964],[136.0957894015031,35.861908738719066]]]}},{"type":"Feature","properties":{"pid":"7711e1e5-dd4f-4d72-8032-21a7c01ebc89"},"geometry":{"type":"Polygon","coordinates":[[[136.09562067001934,35.861768461289365],[136.09564982691765,35.86179276456309],[136.09627113702396,35.86177769299437],[136.09627142369823,35.86175452708781],[136.09562067001934,35.861768461289365]]]}},{"type":"Feature","properties":{"pid":"f4179ee4-3f5f-4c48-bebf-22fa1dd609d5"},"geometry":{"type":"Polygon","coordinates":[[[136.0959457520282,35.8620320323335],[136.0959742065767,35.86205863810593],[136.09625904724933,35.862052290957166],[136.09625929539757,35.862027914153934],[136.0959457520282,35.8620320323335]]]}},{"type":"Feature","properties":{"pid":"575d732e-c54a-4f87-8b82-558380014621"},"geometry":{"type":"Polygon","coordinates":[[[136.09645178260368,35.861776334989884],[136.0971610870294,35.86176376574283],[136.09716105077945,35.86173396470048],[136.09645055919722,35.86175127367355],[136.09645178260368,35.861776334989884]]]}},{"type":"Feature","properties":{"pid":"2c3289d0-987c-4aa7-a594-9b9c72c1d584"},"geometry":{"type":"Polygon","coordinates":[[[136.09646272582754,35.86190005021444],[136.09672357022163,35.86189846105396],[136.09716203097804,35.86188922130032],[136.09716147783308,35.86187051735528],[136.09646216776136,35.86188116881113],[136.09646272582754,35.86190005021444]]]}},{"type":"Feature","properties":{"pid":"bf54b089-3594-40d1-84b4-73d87adcd8aa"},"geometry":{"type":"Polygon","coordinates":[[[136.09646757471572,35.862036263845],[136.09716242911784,35.8620234383537],[136.09716240286375,35.8620019922947],[136.09646684839586,35.86201764176114],[136.09646757471572,35.862036263845]]]}},{"type":"Feature","properties":{"pid":"deb61ef3-edb8-4f31-90d9-a06489ad20df"},"geometry":{"type":"Polygon","coordinates":[[[136.09645817923533,35.86217601057696],[136.09716403057337,35.86216128210656],[136.097164195948,35.862140857126825],[136.0964586622924,35.86215009378042],[136.09645817923533,35.86217601057696]]]}},{"type":"Feature","properties":{"pid":"28e91fc7-23d5-47b7-b34b-d70c84a2ddf7"},"geometry":{"type":"Polygon","coordinates":[[[136.09736598640276,35.86175691377768],[136.09763240885633,35.86175257633632],[136.09736756533675,35.861530186686515],[136.09736598640276,35.86175691377768]]]}},{"type":"Feature","properties":{"pid":"8206c4e9-0c58-43a0-b406-2c20c9ec6efd"},"geometry":{"type":"Polygon","coordinates":[[[136.09816855743168,35.8617415306511],[136.0982033037393,35.86172194257996],[136.09819156312682,35.861698119041726],[136.0980152804036,35.86150695333829],[136.09792059294895,35.86144091302228],[136.09786666031312,35.861464117861715],[136.09816855743168,35.8617415306511]]]}},{"type":"Feature","properties":{"pid":"962e506a-a5b5-458c-b3be-afaea8af3333"},"geometry":{"type":"Polygon","coordinates":[[[136.097660735585,35.8615396768667],[136.0979251943846,35.86176081689947],[136.09797593708439,35.861843670849034],[136.09805303195145,35.86180143001794],[136.09774000435564,35.86150967623272],[136.097660735585,35.8615396768667]]]}},{"type":"Feature","properties":{"pid":"5dde8357-0492-411d-85d7-43e44dc49111"},"geometry":{"type":"Polygon","coordinates":[[[136.0973720605467,35.86189009517882],[136.0977684343905,35.861881499179724],[136.09774195005986,35.86185637769677],[136.09737181820563,35.86186644258821],[136.0973720605467,35.86189009517882]]]}},{"type":"Feature","properties":{"pid":"f3c82c37-1883-4e8b-a5de-3c0ba32dcb34"},"geometry":{"type":"Polygon","coordinates":[[[136.09737582135568,35.86202569698668],[136.09782654016294,35.862018848000524],[136.09781383409052,35.86198770806256],[136.0973745425267,35.86199695325056],[136.09737582135568,35.86202569698668]]]}},{"type":"Feature","properties":{"pid":"61d4b5df-998f-43a4-a38f-54ee3a6fdaa9"},"geometry":{"type":"Polygon","coordinates":[[[136.09737938698882,35.8621624293587],[136.09788473928757,35.86215337895344],[136.09787518546258,35.86212942256693],[136.0973784883421,35.862138205542635],[136.09737938698882,35.8621624293587]]]}},{"type":"Feature","properties":{"pid":"7ee199f0-bee9-4c7b-a048-f88f5af4eb0d"},"geometry":{"type":"Polygon","coordinates":[[[136.09739501414947,35.862427787747094],[136.09800512565394,35.862424331264876],[136.0979909089085,35.86239248082197],[136.0973976449,35.86240676113593],[136.09739501414947,35.862427787747094]]]}},{"type":"Feature","properties":{"pid":"013662d4-246b-42ca-817f-771181aaf049"},"geometry":{"type":"Polygon","coordinates":[[[136.09740253639998,35.86257194271483],[136.09786413779696,35.86256636976247],[136.0978872881904,35.862547913231246],[136.09740786185432,35.862548915676165],[136.09740253639998,35.86257194271483]]]}},{"type":"Feature","properties":{"pid":"8c10bc7b-58d6-4c1c-8dbb-8b3d8c7dd647"},"geometry":{"type":"Polygon","coordinates":[[[136.09738733144928,35.862297593957685],[136.09794215688893,35.86228478847868],[136.0979294884267,35.86225479063917],[136.09738729473213,35.8622673719252],[136.09738733144928,35.862297593957685]]]}},{"type":"Feature","properties":{"pid":"4cdd320f-a03b-4cab-8257-393f2760bc5b"},"geometry":{"type":"Polygon","coordinates":[[[136.0967622479391,35.86268521087835],[136.09678227283493,35.862704805309974],[136.09717539688452,35.862705859475525],[136.09717363991706,35.86268663212523],[136.0967622479391,35.86268521087835]]]}},{"type":"Feature","properties":{"pid":"007e68da-23dc-47e6-a4b9-3b3a88c353f8"},"geometry":{"type":"Polygon","coordinates":[[[136.0968716918383,35.86281321695974],[136.09701055696084,35.8628821048582],[136.09718484109726,35.862966186125796],[136.0971840760837,35.86281575292894],[136.0968716918383,35.86281321695974]]]}},{"type":"Feature","properties":{"pid":"390a224a-f2c7-482c-9afa-d642669e863b"},"geometry":{"type":"Polygon","coordinates":[[[136.0974119605375,35.86295098873509],[136.09745802218686,35.86289428690706],[136.0975310015978,35.86283513493887],[136.09740432024563,35.86283824117172],[136.0974119605375,35.86295098873509]]]}},{"type":"Feature","properties":{"pid":"9598fb34-332b-4267-822d-c600a36f9e1f"},"geometry":{"type":"Polygon","coordinates":[[[136.09740730936736,35.86270312278887],[136.09770571314462,35.86270079214726],[136.09772701042024,35.862682702869876],[136.0974222842237,35.862681782583934],[136.09740730936736,35.86270312278887]]]}},{"type":"Feature","properties":{"pid":"de8b2f56-ff20-437a-a152-583561065246"},"geometry":{"type":"Polygon","coordinates":[[[136.09752821533746,35.86310482295041],[136.0978743137731,35.86332672944606],[136.0982756077818,35.86286552791391],[136.09815702604638,35.8627720104688],[136.09808541644983,35.862624815915744],[136.09775373195217,35.86285820854722],[136.09756622191915,35.86303043371821],[136.09752821533746,35.86310482295041]]]}},{"type":"Feature","properties":{"pid":"8a19d52d-70d3-46d4-be8f-247782603f28"},"geometry":{"type":"Polygon","coordinates":[[[136.0979323990058,35.86362171118146],[136.09792978084647,35.863692698020095],[136.09821485458477,35.86375789684653],[136.09813441336996,35.8637178743309],[136.0979323990058,35.86362171118146]]]}},{"type":"Feature","properties":{"pid":"91d9fcd5-3790-4bcd-b2fd-f63117df924d"},"geometry":{"type":"Polygon","coordinates":[[[136.0978535766655,35.86388078070608],[136.09823683029165,35.86393188142991],[136.09828160775618,35.86388927173487],[136.09789959903324,35.86379933313986],[136.0978535766655,35.86388078070608]]]}},{"type":"Feature","properties":{"pid":"5f9f33fd-0f98-4575-93d6-d832229d7ab1"},"geometry":{"type":"Polygon","coordinates":[[[136.09714790015136,35.86342543744979],[136.09767501258116,35.863606489341],[136.09767248779653,35.86358664536236],[136.09715436070638,35.86341110639337],[136.09714790015136,35.86342543744979]]]}},{"type":"Feature","properties":{"pid":"8eb726cf-c19b-406f-b7e0-cab12622c106"},"geometry":{"type":"Polygon","coordinates":[[[136.09707810685865,35.86353930325705],[136.09764487588896,35.86373597851139],[136.09765248362183,35.86372356226106],[136.0970844753623,35.863530210718146],[136.09707810685865,35.86353930325705]]]}},{"type":"Feature","properties":{"pid":"9d3de884-963d-4af1-94d2-9c2fea6f6ff1"},"geometry":{"type":"Polygon","coordinates":[[[136.0969178356428,35.86362513550093],[136.09756569987033,35.86385592613573],[136.09757902650182,35.86383677615418],[136.0969316532486,35.86361385717394],[136.0969178356428,35.86362513550093]]]}},{"type":"Feature","properties":{"pid":"36ab52ae-ce3a-473a-8147-7b93005d88a4"},"geometry":{"type":"Polygon","coordinates":[[[136.0971265832083,35.86383815088728],[136.0971932868776,35.86386673860105],[136.09721076167503,35.86390143888982],[136.09749110316284,35.86396519156532],[136.0971265832083,35.86383815088728]]]}},{"type":"Feature","properties":{"pid":"1e76d60d-d6eb-4b5b-8b87-6f97efd33820"},"geometry":{"type":"Polygon","coordinates":[[[136.09671089438896,35.86381467654192],[136.09693329087634,35.86397734957006],[136.09696419680958,35.863981939068765],[136.09703502012292,35.863929090686234],[136.09671089438896,35.86381467654192]]]}},{"type":"Feature","properties":{"pid":"dc735119-d5aa-403d-a4d6-8e304e201998"},"geometry":{"type":"Polygon","coordinates":[[[136.09718092018525,35.863290614708475],[136.09756729648288,35.863422904177575],[136.09732133437197,35.86327263648075],[136.09726938827603,35.86327958313637],[136.09719757571523,35.86324099598486],[136.09718092018525,35.863290614708475]]]}},{"type":"Feature","properties":{"pid":"87fcbaea-373a-472b-bcf3-a65921617ef9"},"geometry":{"type":"Polygon","coordinates":[[[136.09647809264558,35.862546821796734],[136.09655194149852,35.86256470338471],[136.09717764347468,35.862566468847106],[136.09717721872735,35.862544593964856],[136.09647809264558,35.862546821796734]]]}},{"type":"Feature","properties":{"pid":"9db8443e-2398-4465-ab2d-6786e59e774b"},"geometry":{"type":"Polygon","coordinates":[[[136.09646468043272,35.86242205541704],[136.09717215153387,35.862427711652614],[136.0971721307553,35.86241062143404],[136.09646468043272,35.86242205541704]]]}},{"type":"Feature","properties":{"pid":"ee9b8113-e773-4d95-9f47-c7b6ae8531a3"},"geometry":{"type":"Polygon","coordinates":[[[136.09646731232726,35.862287680569],[136.09646924581165,35.86230634601633],[136.09716994437858,35.86229925807768],[136.0971699171556,35.86227701689501],[136.09646731232726,35.862287680569]]]}},{"type":"Feature","properties":{"pid":"0ac3bdb2-ed6c-4202-b19e-25c383c26798"},"geometry":{"type":"Polygon","coordinates":[[[136.09618686128945,35.86230504178627],[136.096214228405,35.862360022873375],[136.09627257045858,35.862462628806384],[136.0962646996072,35.86230377454133],[136.09618686128945,35.86230504178627]]]}},{"type":"Feature","properties":{"pid":"63a7a658-b600-41c8-9ccf-b39656a57ce5"},"geometry":{"type":"Polygon","coordinates":[[[136.09292434143995,35.86133823926585],[136.09298121240192,35.861459814597595],[136.0933276433356,35.861307445705904],[136.0934364127349,35.861287424942496],[136.09355737268217,35.86128799765263],[136.09356865028707,35.861175021674015],[136.0935024230469,35.86116808802529],[136.09292434143995,35.86133823926585]]]}},{"type":"Feature","properties":{"pid":"f6779b03-6804-4ed2-b60e-635a2bc77b89"},"geometry":{"type":"Polygon","coordinates":[[[136.09370662784949,35.86150362462206],[136.09376085040316,35.86154901763035],[136.09393559530622,35.86162646790638],[136.09395957842355,35.86155908778088],[136.09370662784949,35.86150362462206]]]}},{"type":"Feature","properties":{"pid":"df4ed16b-38bb-4b7e-b79e-57b8b2c2d715"},"geometry":{"type":"Polygon","coordinates":[[[136.093757777611,35.86130653301059],[136.0937938083355,35.86129007300235],[136.094456160883,35.86127043999659],[136.09445641258924,35.861257122168176],[136.09375940005629,35.86126829310279],[136.093757777611,35.86130653301059]]]}},{"type":"Feature","properties":{"pid":"63171d10-566b-40f8-bf0d-5e46ec4161e1"},"geometry":{"type":"Polygon","coordinates":[[[136.09399913689043,35.86141174648758],[136.09404037367307,35.86141392842102],[136.09445907430708,35.861519360459134],[136.0944532841119,35.861402715783235],[136.09399913689043,35.86141174648758]]]}},{"type":"Feature","properties":{"pid":"277d2fad-1d64-4176-8616-773d4156b6fb"},"geometry":{"type":"Polygon","coordinates":[[[136.09409725903706,35.86173226965936],[136.09418445745646,35.861756304570505],[136.0943340680595,35.861864838860974],[136.09444339771315,35.86178393626468],[136.09442873758272,35.86174673497942],[136.09413825478904,35.86166750815263],[136.09409725903706,35.86173226965936]]]}},{"type":"Feature","properties":{"pid":"b7c8a4f6-7954-4cab-a1f4-b44b710623fe"},"geometry":{"type":"Polygon","coordinates":[[[136.09465924022496,35.86178060702326],[136.09486899529287,35.86183194029529],[136.0949650178608,35.861837193496875],[136.09500838705347,35.861824079267706],[136.0950284002521,35.86180033362247],[136.0946651022418,35.86175547366104],[136.09465924022496,35.86178060702326]]]}},{"type":"Feature","properties":{"pid":"31d13067-bc82-4cad-ba1f-337dc69e7635"},"geometry":{"type":"Polygon","coordinates":[[[136.09465376439243,35.861573658216585],[136.0950385735567,35.86163437759404],[136.09537062057865,35.86162121068477],[136.09535793039763,35.86152423724407],[136.09465540749565,35.86153656907387],[136.09465376439243,35.861573658216585]]]}},{"type":"Feature","properties":{"pid":"20e2965a-13e6-4a8a-86f3-2395f9474eaa"},"geometry":{"type":"Polygon","coordinates":[[[136.09463791855583,35.86140323080743],[136.09535784192207,35.861392291258014],[136.09535754190455,35.8613753591693],[136.0946395096752,35.861389557295446],[136.09463791855583,35.86140323080743]]]}},{"type":"Feature","properties":{"pid":"c95b20bf-583c-4cf6-b627-2db7bb3d5f18"},"geometry":{"type":"Polygon","coordinates":[[[136.09464251029112,35.861253565412454],[136.09464172718617,35.86127253395348],[136.09522424806048,35.86126106575172],[136.09535871917691,35.861255155744225],[136.09535870537837,35.861243613591085],[136.09464251029112,35.861253565412454]]]}},{"type":"Feature","properties":{"pid":"d0233093-331d-44c6-a3e2-673d8929764d"},"geometry":{"type":"Polygon","coordinates":[[[136.09463572453944,35.861137103332005],[136.09514342188646,35.861124701977616],[136.0953524407753,35.86112361612823],[136.09534732115955,35.86108206759774],[136.09481971660176,35.861091441473285],[136.09463435110706,35.861095835829914],[136.09463572453944,35.861137103332005]]]}},{"type":"Feature","properties":{"pid":"3380ef14-ea84-4bb7-9bab-3e78c64e6add"},"geometry":{"type":"Polygon","coordinates":[[[136.09503885151628,35.86066323615407],[136.09505192117706,35.860933091151914],[136.09536182909122,35.86092931967414],[136.0953476457973,35.860505590962454],[136.09529720611422,35.860581065476445],[136.09525014605103,35.860612402257075],[136.09503885151628,35.86066323615407]]]}},{"type":"Feature","properties":{"pid":"6da66e05-5f0f-46c1-986f-18b7670b5e20"},"geometry":{"type":"Polygon","coordinates":[[[136.0955156180165,35.860346733405166],[136.0955377947983,35.86091251568643],[136.09563731473887,35.860911823181226],[136.09561807627452,35.86038245007628],[136.0955156180165,35.860346733405166]]]}},{"type":"Feature","properties":{"pid":"542cb226-576b-4391-bcba-ce4335bc8967"},"geometry":{"type":"Polygon","coordinates":[[[136.0946254404841,35.86062664945969],[136.0947728130072,35.86059638272372],[136.094927247636,35.86049101010542],[136.09506772400374,35.86045564644606],[136.09515095247247,35.86035196468872],[136.09461169263233,35.86035414498606],[136.0946254404841,35.86062664945969]]]}},{"type":"Feature","properties":{"pid":"15c2ab23-a791-4c39-9379-7e0d063656f2"},"geometry":{"type":"Polygon","coordinates":[[[136.0943302627296,35.860945802256666],[136.09492161285914,35.86093076236787],[136.09491723003515,35.86072752868968],[136.09480016392263,35.86077153079766],[136.09464215631434,35.86079502741361],[136.0943302627296,35.860945802256666]]]}},{"type":"Feature","properties":{"pid":"88dc2b32-2b82-4a4b-98cf-109f0c77fe73"},"geometry":{"type":"Polygon","coordinates":[[[136.09372638402843,35.86053189895191],[136.0937279083733,35.86060563483716],[136.09445132169472,35.86059122648334],[136.09444796655586,35.86051746707666],[136.09372638402843,35.86053189895191]]]}},{"type":"Feature","properties":{"pid":"b7568f25-940a-4656-a50f-ce628ccdca36"},"geometry":{"type":"Polygon","coordinates":[[[136.09374072247695,35.860712679105],[136.09375078873407,35.86093867911978],[136.09403368350263,35.86088154224913],[136.09411532569837,35.86081016276436],[136.09434579009985,35.86070017965079],[136.09374072247695,35.860712679105]]]}},{"type":"Feature","properties":{"pid":"07b7deff-f495-4f1e-9064-2fee24cf5546"},"geometry":{"type":"Polygon","coordinates":[[[136.0937574108331,35.86115332894089],[136.0944586447252,35.861134794179115],[136.0944583333036,35.861098885520406],[136.09431075002655,35.86109788724293],[136.09419975839236,35.86104646622529],[136.09397847353043,35.86110393804119],[136.09375741327182,35.86113797742454],[136.0937574108331,35.86115332894089]]]}},{"type":"Feature","properties":{"pid":"b6236529-3a62-4b7f-9c77-be01f9861197"},"geometry":{"type":"Polygon","coordinates":[[[136.09287459309158,35.86123081063036],[136.09331179694215,35.8611010605994],[136.09312920351147,35.861075799831035],[136.09285493766043,35.861190744913834],[136.09287459309158,35.86123081063036]]]}},{"type":"Feature","properties":{"pid":"8e9e0323-09a8-4f09-a5b3-e94a69985ff1"},"geometry":{"type":"Polygon","coordinates":[[[136.09278181081203,35.86101950163686],[136.09307818429193,35.860906233003604],[136.09320934512155,35.86090368884689],[136.09346278420492,35.86095273198072],[136.09353507301046,35.860926972542075],[136.09352393404734,35.8607270595577],[136.09283935904264,35.86073749303546],[136.0928426094305,35.860917338931685],[136.09282342726343,35.86094338379709],[136.09276337385458,35.860965668530156],[136.09278181081203,35.86101950163686]]]}},{"type":"Feature","properties":{"pid":"774e2165-cc56-4036-b0f7-8acd20937efc"},"geometry":{"type":"Polygon","coordinates":[[[136.0928307684373,35.860551930854164],[136.09283706764407,35.8606265218714],[136.09352527396746,35.860612037309174],[136.0935223081533,35.86054050662996],[136.0928307684373,35.860551930854164]]]}},{"type":"Feature","properties":{"pid":"28560dba-987f-4448-bf67-7a884beebddd"},"geometry":{"type":"Polygon","coordinates":[[[136.09282514447185,35.86039035897352],[136.09282815047126,35.86044475658834],[136.09352942853442,35.8604311491682],[136.09353094457185,35.86037344912334],[136.09282514447185,35.86039035897352]]]}},{"type":"Feature","properties":{"pid":"54d415ea-b783-4df7-ae98-acc9e65cafdd"},"geometry":{"type":"Polygon","coordinates":[[[136.09179068341533,35.860919464700245],[136.09182000400438,35.860975722642074],[136.09231383661609,35.860821665534964],[136.0922455418333,35.860782795298206],[136.09179068341533,35.860919464700245]]]}},{"type":"Feature","properties":{"pid":"d0b82db5-f263-45b9-802a-4e057ef15099"},"geometry":{"type":"Polygon","coordinates":[[[136.09200679464766,35.86135847704119],[136.09261007965,35.861176158452075],[136.092591428755,35.86115181785043],[136.09199586151547,35.86133609747915],[136.09200679464766,35.86135847704119]]]}},{"type":"Feature","properties":{"pid":"d8d47772-7ad1-4d38-ac61-b2f05801e353"},"geometry":{"type":"Polygon","coordinates":[[[136.09187026496915,35.861077300610766],[136.09195076385043,35.86121990991674],[136.09255957731386,35.861034170515836],[136.09252601252842,35.860918044241394],[136.09247343408447,35.86089449394424],[136.09187026496915,35.861077300610766]]]}},{"type":"Feature","properties":{"pid":"f5ffc015-e99c-4565-a628-4d8dd276c7dc"},"geometry":{"type":"Polygon","coordinates":[[[136.09192676769817,35.86056725579834],[136.09202404308996,35.860518008297284],[136.09217296067604,35.86050767622824],[136.09229647615462,35.860558713553175],[136.09243307867754,35.860663147074355],[136.09266845502896,35.860746093936925],[136.09266741815665,35.860383783726896],[136.09194766166243,35.860393899049505],[136.09192676769817,35.86056725579834]]]}},{"type":"Feature","properties":{"pid":"1b6846ce-19fc-48f2-b10a-ecfe95c79e38"},"geometry":{"type":"Polygon","coordinates":[[[136.09093075372706,35.860644112963755],[136.09153661911802,35.86063304762307],[136.09169023003423,35.86062809974813],[136.0916845310033,35.86056776324358],[136.0910786364224,35.86056399660685],[136.09092981778826,35.860568749395945],[136.09093075372706,35.860644112963755]]]}},{"type":"Feature","properties":{"pid":"3574d840-e6be-4acb-9ec6-55283e1e681d"},"geometry":{"type":"Polygon","coordinates":[[[136.09092439296978,35.860408228062134],[136.0909220760095,35.86045737101786],[136.09132231144895,35.86045373574845],[136.09114445170226,35.860433694468],[136.09109219261697,35.86040712577747],[136.09092439296978,35.860408228062134]]]}},{"type":"Feature","properties":{"pid":"0fc1aa36-c775-468c-9604-7b3a44dda160"},"geometry":{"type":"Polygon","coordinates":[[[136.091107990875,35.861390459312304],[136.09132376268343,35.8614387111738],[136.09169491873223,35.86117120714318],[136.09162306851564,35.86102159886874],[136.091107990875,35.861390459312304]]]}},{"type":"Feature","properties":{"pid":"4e8470ce-5caa-47bc-b746-43a96b3064b7"},"geometry":{"type":"Polygon","coordinates":[[[136.09094665248503,35.86125086302889],[136.09145412093173,35.8608819479736],[136.09169161934744,35.860735028628845],[136.09093171592852,35.8607466769172],[136.09094665248503,35.86125086302889]]]}},{"type":"Feature","properties":{"pid":"5b013a95-1a7a-4b60-a851-950c84fc0901"},"geometry":{"type":"Polygon","coordinates":[[[136.09153569638931,35.86147327977303],[136.09166130345176,35.86149182741648],[136.09186904122961,35.86155548388607],[136.09174356536965,35.86131637342515],[136.09153569638931,35.86147327977303]]]}},{"type":"Feature","properties":{"pid":"7a944323-6496-4cd8-a1b9-09bb4101da06"},"geometry":{"type":"Polygon","coordinates":[[[136.09212777608602,35.861595659958816],[136.09239235892014,35.86151367646186],[136.0927542696653,35.86140715505585],[136.09274548051096,35.861392342878915],[136.0923386643179,35.86149864454062],[136.0921376187667,35.8615635783236],[136.09212777608602,35.861595659958816]]]}},{"type":"Feature","properties":{"pid":"9d51d5f9-fde5-4a63-9477-1be80f409a23"},"geometry":{"type":"Polygon","coordinates":[[[136.0920670475677,35.861475060716046],[136.0922716445437,35.86141093886462],[136.09269506730433,35.86128865579922],[136.09269010827265,35.861276881364134],[136.09208373792066,35.86145869208326],[136.0920670475677,35.861475060716046]]]}},{"type":"Feature","properties":{"pid":"bf822346-8b59-4984-9faa-ff9e0b17472f"},"geometry":{"type":"Polygon","coordinates":[[[136.09248460715435,35.861827209530645],[136.09262540361587,35.86185629469355],[136.09286874373856,35.86186403056413],[136.09294965545985,35.86180186665034],[136.09289876052708,35.86170854476156],[136.09248460715435,35.861827209530645]]]}},{"type":"Feature","properties":{"pid":"52576d87-4e8e-45e9-ae36-e3bd45fa5af1"},"geometry":{"type":"Polygon","coordinates":[[[136.08770573999945,35.86223334503948],[136.08770933480946,35.8624820331398],[136.08783416493517,35.862474159951574],[136.0878542279002,35.86246114478869],[136.08806356927852,35.86221433990165],[136.0879241578785,35.86223768616211],[136.08770573999945,35.86223334503948]]]}},{"type":"Feature","properties":{"pid":"42c187e3-9a93-4edd-a77f-6be946c70eec"},"geometry":{"type":"Polygon","coordinates":[[[136.0883302963055,35.86157320239598],[136.08833472887557,35.861651596688354],[136.08901949555792,35.861629704989966],[136.08901898530848,35.861551009373635],[136.0883302963055,35.86157320239598]]]}},{"type":"Feature","properties":{"pid":"16198af1-3893-4408-9885-8855abbd908c"},"geometry":{"type":"Polygon","coordinates":[[[136.08834082244155,35.861853784393915],[136.0884375069868,35.861809446576856],[136.08856586975494,35.86178455159279],[136.0889269374444,35.861801545645505],[136.08902281491103,35.861789106643414],[136.0890216495151,35.861732318275784],[136.0883337442856,35.86175436363413],[136.08834082244155,35.861853784393915]]]}},{"type":"Feature","properties":{"pid":"f03fff16-ec62-49e3-97bc-c7d0c769d0b1"},"geometry":{"type":"Polygon","coordinates":[[[136.09006015587633,35.86122914053935],[136.09006857322873,35.86144309483017],[136.0903171860002,35.86142128864075],[136.09048519802346,35.86144703411266],[136.0905577669562,35.86143252964448],[136.0906365391333,35.861376666261876],[136.09073479332076,35.86127198105393],[136.0907423532816,35.86121380109003],[136.09006015587633,35.86122914053935]]]}},{"type":"Feature","properties":{"pid":"5819d8de-fe9c-4529-8fb3-5fcbb1b4331c"},"geometry":{"type":"Polygon","coordinates":[[[136.089207135732,35.86148446727075],[136.08977343320024,35.86147324227317],[136.08988070703802,35.861458865519715],[136.08987856432609,35.86130211898021],[136.08920473732908,35.86131431016556],[136.089207135732,35.86148446727075]]]}},{"type":"Feature","properties":{"pid":"c765ec33-5ad9-43cf-ae03-132c53eaa40d"},"geometry":{"type":"Polygon","coordinates":[[[136.0892112970383,35.861588300845156],[136.0892164560314,35.861760116565726],[136.08958570919543,35.86168401601642],[136.08974253531164,35.86167047907373],[136.08983828501985,35.861573583469834],[136.0892112970383,35.861588300845156]]]}},{"type":"Feature","properties":{"pid":"6c13fc3e-8313-46a4-8fb6-444ec9c87d76"},"geometry":{"type":"Polygon","coordinates":[[[136.0891978701185,35.86120854385873],[136.08987399049965,35.86119437760264],[136.08987311783628,35.86102908279967],[136.08920886698377,35.86103990690024],[136.0891978701185,35.86120854385873]]]}},{"type":"Feature","properties":{"pid":"c4becb68-799b-4269-99a3-8a22a2d8e362"},"geometry":{"type":"Polygon","coordinates":[[[136.0900543114962,35.861126399566665],[136.0907162954671,35.86111462295047],[136.09073857622226,35.86109948939416],[136.09073837370642,35.86102545103683],[136.09004503852117,35.86103590754748],[136.0900543114962,35.861126399566665]]]}},{"type":"Feature","properties":{"pid":"3e8e3e6e-a49d-40a8-abe6-c56c1c3a21dd"},"geometry":{"type":"Polygon","coordinates":[[[136.09002793037882,35.860762806933735],[136.09004024073542,35.86092993953357],[136.09071495299682,35.8609207446602],[136.09074349544267,35.86090735660945],[136.09073910990327,35.86075197952302],[136.09002793037882,35.860762806933735]]]}},{"type":"Feature","properties":{"pid":"7c3ab441-fdfb-45c2-81bc-ed943b3843a2"},"geometry":{"type":"Polygon","coordinates":[[[136.0900178272749,35.860585138525906],[136.09002199718284,35.86065987608366],[136.0907382116528,35.86064393047527],[136.0907310443462,35.86057508373654],[136.0900178272749,35.860585138525906]]]}},{"type":"Feature","properties":{"pid":"14b2c1fe-7ba6-460c-9ab9-2f48df6667a7"},"geometry":{"type":"Polygon","coordinates":[[[136.09002191462636,35.86042134591481],[136.09002428785044,35.86047329449719],[136.09072336388624,35.860456528659306],[136.09071701874018,35.860407575851035],[136.09002191462636,35.86042134591481]]]}},{"type":"Feature","properties":{"pid":"56ea08a4-9ba9-450e-b4af-4a7c6821c491"},"geometry":{"type":"Polygon","coordinates":[[[136.08919962070973,35.86040862415393],[136.08922084759303,35.86049299813154],[136.08982093258612,35.86048151829343],[136.08981868065564,35.86038422857099],[136.08919962070973,35.86040862415393]]]}},{"type":"Feature","properties":{"pid":"4709cd91-7fff-44c9-b0f2-082e5ffc03a3"},"geometry":{"type":"Polygon","coordinates":[[[136.08922408971753,35.860923216155925],[136.08985152571736,35.86091238393329],[136.08985731400435,35.8606148073755],[136.08984725963262,35.860596803978204],[136.08923356456452,35.86060748054573],[136.08922408971753,35.860923216155925]]]}},{"type":"Feature","properties":{"pid":"9e2b5a04-fe44-4776-b1d2-ee942df740eb"},"geometry":{"type":"Polygon","coordinates":[[[136.08829132502694,35.86050734009975],[136.08896249679222,35.86049527571261],[136.08897029545187,35.86043481084359],[136.0882915386564,35.860450677885964],[136.08829132502694,35.86050734009975]]]}},{"type":"Feature","properties":{"pid":"b64241e1-511b-4cc7-a4dc-6f077a967e46"},"geometry":{"type":"Polygon","coordinates":[[[136.0882933766221,35.860677191590874],[136.08896644511123,35.86066056071194],[136.08897294343467,35.86060595090112],[136.08829160062112,35.86061735221943],[136.0882933766221,35.860677191590874]]]}},{"type":"Feature","properties":{"pid":"d9e6aed0-be03-4c2a-92e4-63c3d1bbc63c"},"geometry":{"type":"Polygon","coordinates":[[[136.0883013793797,35.86087109783041],[136.08898291117697,35.86086005307686],[136.08898328100378,35.860791826317005],[136.0883016535547,35.86081066904885],[136.0883013793797,35.86087109783041]]]}},{"type":"Feature","properties":{"pid":"9e64956d-3626-4da4-a373-29418c815c53"},"geometry":{"type":"Polygon","coordinates":[[[136.08831022278486,35.861118557546774],[136.08834844831077,35.86144184974573],[136.08897538323887,35.861419930625004],[136.08897830109265,35.861113113109596],[136.08831022278486,35.861118557546774]]]}},{"type":"Feature","properties":{"pid":"17eb81a2-ca6b-4cab-9dac-c62ba6c2ae2a"},"geometry":{"type":"Polygon","coordinates":[[[136.08830090596027,35.8609856065474],[136.08830203222118,35.861008010916024],[136.0889880042016,35.86099637498951],[136.08898774171084,35.86096966493333],[136.08830090596027,35.8609856065474]]]}},{"type":"Feature","properties":{"pid":"6e430bb2-da93-4a9a-a977-f10d4e340eb8"},"geometry":{"type":"Polygon","coordinates":[[[136.08828555925524,35.86021704357656],[136.08828867254,35.860327802228724],[136.08894001027144,35.86031019723523],[136.0889525537444,35.86020367067604],[136.08828555925524,35.86021704357656]]]}},{"type":"Feature","properties":{"pid":"a86d19f8-e2b5-4011-88f4-39332b57d82c"},"geometry":{"type":"Polygon","coordinates":[[[136.0883126709927,35.86011502162268],[136.08895367386242,35.86009003769602],[136.0889538530661,35.860087066114055],[136.08878109292735,35.8600189495801],[136.0882954847479,35.8600302421875],[136.0883126709927,35.86011502162268]]]}},{"type":"Feature","properties":{"pid":"f41ee3f3-88e4-4ee5-b3cb-0653896975d2"},"geometry":{"type":"Polygon","coordinates":[[[136.08825195615935,35.859766515343814],[136.08826028367906,35.85992145415541],[136.0885953291126,35.85991024073229],[136.08841993787797,35.85981609613162],[136.08825195615935,35.859766515343814]]]}},{"type":"Feature","properties":{"pid":"234a53a1-404e-46f8-bce2-026774cde550"},"geometry":{"type":"Polygon","coordinates":[[[136.08778778227995,35.85992228638034],[136.08805970114517,35.85991479959318],[136.08805227491564,35.85968985602159],[136.08795069363552,35.85965211880435],[136.0878790011929,35.859688748597726],[136.0877911739571,35.85970235593661],[136.08778778227995,35.85992228638034]]]}},{"type":"Feature","properties":{"pid":"500a7a78-45a7-4a66-b327-46595f7d6cf9"},"geometry":{"type":"Polygon","coordinates":[[[136.08844763264364,35.85922796870199],[136.0886523960229,35.85921949260918],[136.08867009271793,35.85915396970255],[136.08873995415001,35.85904694578663],[136.088525881896,35.85894979747062],[136.08844763264364,35.85922796870199]]]}},{"type":"Feature","properties":{"pid":"00b2f99f-50ee-4df2-b3ba-bf70b543d22d"},"geometry":{"type":"Polygon","coordinates":[[[136.09000369743453,35.85946591657673],[136.09069752500156,35.85945450585033],[136.0906796048647,35.8592660414183],[136.09028397984554,35.859337831359454],[136.09023990726973,35.85936341232842],[136.09000159868617,35.85939589393266],[136.09000369743453,35.85946591657673]]]}},{"type":"Feature","properties":{"pid":"4ae00a1d-bd4e-4ed1-96cf-7d0f41b2bc18"},"geometry":{"type":"Polygon","coordinates":[[[136.0900143799166,35.85964300173075],[136.09069340274584,35.859633831068784],[136.09069978016194,35.85956870289888],[136.09001347103097,35.85958087717511],[136.0900143799166,35.85964300173075]]]}},{"type":"Feature","properties":{"pid":"fb23b636-6057-4745-b549-710dd7bef1d1"},"geometry":{"type":"Polygon","coordinates":[[[136.09000941594027,35.8598216734416],[136.09070101922956,35.85981228655471],[136.09070986663812,35.85977003807296],[136.0907048826917,35.859750855223524],[136.09000898526583,35.85976585705781],[136.09000941594027,35.8598216734416]]]}},{"type":"Feature","properties":{"pid":"2e343435-5a6e-4e86-918c-aee06ebce6f8"},"geometry":{"type":"Polygon","coordinates":[[[136.0900124963855,35.85995270340222],[136.09070474920188,35.85994562189625],[136.09070817239189,35.85992142008965],[136.090011228694,35.85994156043277],[136.0900124963855,35.85995270340222]]]}},{"type":"Feature","properties":{"pid":"66af2e87-b1e8-4b50-8ad1-e2363a66b531"},"geometry":{"type":"Polygon","coordinates":[[[136.08917885203806,35.86010112995503],[136.0898207153708,35.86008850131208],[136.0898225194879,35.860080044043116],[136.08917885203806,35.86010112995503]]]}},{"type":"Feature","properties":{"pid":"1d9c4720-b8d6-471e-8e96-29035dd4048c"},"geometry":{"type":"Polygon","coordinates":[[[136.08921478409957,35.859969443345406],[136.08983517125694,35.85996140250589],[136.08983565070926,35.85995108320856],[136.0898290848151,35.85993936408917],[136.08921478409957,35.859969443345406]]]}},{"type":"Feature","properties":{"pid":"9c32cfb1-3975-423b-a34f-a48bf543c4c8"},"geometry":{"type":"Polygon","coordinates":[[[136.0893526882373,35.86023716830849],[136.08937599065086,35.860278157165354],[136.08986894976135,35.86026390407653],[136.0898697185062,35.86022347898982],[136.0893526882373,35.86023716830849]]]}},{"type":"Feature","properties":{"pid":"f4f26493-de2c-4eab-88f7-a8b32b9d1c6c"},"geometry":{"type":"Polygon","coordinates":[[[136.09001772355202,35.86007919507597],[136.09070893610934,35.86006848357691],[136.09071131600547,35.860054271729915],[136.09033901862233,35.86005892228086],[136.09001772355202,35.86007919507597]]]}},{"type":"Feature","properties":{"pid":"9dd7c73f-e305-4fda-8694-665bc944f400"},"geometry":{"type":"Polygon","coordinates":[[[136.0899944289895,35.860263411477256],[136.09073594506935,35.86024827200364],[136.09073508865018,35.860197552024154],[136.08999354529456,35.86021610861902],[136.0899944289895,35.860263411477256]]]}},{"type":"Feature","properties":{"pid":"9e1214a7-e986-44a7-8e62-59b65a019878"},"geometry":{"type":"Polygon","coordinates":[[[136.090907574048,35.86023368637453],[136.09101878677686,35.860232883732394],[136.09101697187177,35.860078149390745],[136.09091478642284,35.86007447956861],[136.090907574048,35.86023368637453]]]}},{"type":"Feature","properties":{"pid":"1a02c15c-4f9d-4b5c-b7c3-8e6e93b1a2d3"},"geometry":{"type":"Polygon","coordinates":[[[136.0909198536796,35.85996454154704],[136.09103705917465,35.859966695482015],[136.09107330423495,35.85988825378542],[136.09112884912173,35.85982274588662],[136.09115910954247,35.85974564231213],[136.09093268972572,35.85975346268263],[136.0909198536796,35.85996454154704]]]}},{"type":"Feature","properties":{"pid":"fca0b478-2084-4019-a7a8-9dc6e7474afe"},"geometry":{"type":"Polygon","coordinates":[[[136.09091361567408,35.8596088718863],[136.09116045244932,35.85960459716058],[136.091238807562,35.85958630968015],[136.09131710342328,35.859543817607324],[136.09092123958897,35.8595498108689],[136.09091361567408,35.8596088718863]]]}},{"type":"Feature","properties":{"pid":"42d1a951-e646-4081-9349-061dae1dce64"},"geometry":{"type":"Polygon","coordinates":[[[136.09192143239696,35.86023433794545],[136.09193103522327,35.86028823735764],[136.09261712930874,35.860279595218536],[136.09262781218578,35.86019582487629],[136.09214278717906,35.86019734244138],[136.09210904520066,35.860184382848864],[136.092092822502,35.86015304422873],[136.09192143239696,35.86023433794545]]]}},{"type":"Feature","properties":{"pid":"b4036420-c98a-4941-b7e9-e30a8d76d339"},"geometry":{"type":"Polygon","coordinates":[[[136.09263801180558,35.860087094290705],[136.09266321026197,35.86002496771997],[136.0927439508133,35.859993416099066],[136.09258519244145,35.86002228285056],[136.09255020133224,35.86000951648402],[136.09253195471234,35.859979516295056],[136.0923861236379,35.86003419575188],[136.09239502882582,35.8600872814514],[136.09263801180558,35.860087094290705]]]}},{"type":"Feature","properties":{"pid":"6bca70a3-6729-4e7d-bd54-a88d1c08b9c3"},"geometry":{"type":"Polygon","coordinates":[[[136.09234412369696,35.85947327585418],[136.0924527550547,35.85961487346105],[136.09259707342017,35.85975763898999],[136.09263262751756,35.85973377129359],[136.09263043169733,35.85946986793627],[136.09234412369696,35.85947327585418]]]}},{"type":"Feature","properties":{"pid":"07ef551e-f2f3-4e70-8de3-076ecab9fbbe"},"geometry":{"type":"Polygon","coordinates":[[[136.09228122266953,35.85932107967238],[136.0923090922492,35.859363881202896],[136.0926198879903,35.85936123697062],[136.09261835765426,35.8593127747496],[136.09228122266953,35.85932107967238]]]}},{"type":"Feature","properties":{"pid":"786b3328-f9c5-4505-8e70-625742377f8a"},"geometry":{"type":"Polygon","coordinates":[[[136.09210633330255,35.85893594431898],[136.09215094737166,35.85900917118848],[136.09260689200374,35.859001700573046],[136.09261150856835,35.8588442419463],[136.09231162282734,35.85888294307214],[136.09210633330255,35.85893594431898]]]}},{"type":"Feature","properties":{"pid":"4386ed21-43ed-41d8-aaf0-793b9d4ed9c8"},"geometry":{"type":"Polygon","coordinates":[[[136.09142387115472,35.858749169468254],[136.09149056795033,35.858847469366864],[136.09166631471817,35.858801587238986],[136.09150326432845,35.85879630282565],[136.09142387115472,35.858749169468254]]]}},{"type":"Feature","properties":{"pid":"eee6d2c0-675a-47ec-899a-c652cbe5b81c"},"geometry":{"type":"Polygon","coordinates":[[[136.09097720437984,35.858977157422196],[136.09129070697475,35.858897079304455],[136.09117997846033,35.8586627288503],[136.09109210739717,35.85867917553081],[136.090926333851,35.85874174742885],[136.09097720437984,35.858977157422196]]]}},{"type":"Feature","properties":{"pid":"81e84973-da63-4a9d-aab3-8a92c5a98059"},"geometry":{"type":"Polygon","coordinates":[[[136.0908910171095,35.85941817825228],[136.09145218193035,35.859425778537094],[136.0915524784627,35.85936528143537],[136.09089401170647,35.859373861777314],[136.0908910171095,35.85941817825228]]]}},{"type":"Feature","properties":{"pid":"b728f694-6809-4322-b823-cb8faac906eb"},"geometry":{"type":"Polygon","coordinates":[[[136.09100053689733,35.85926233255054],[136.0916311995696,35.859258890233164],[136.09167786010218,35.85921060825321],[136.0916944650129,35.85912978059681],[136.0916344250819,35.85905913501164],[136.09146127277637,35.859068675779135],[136.09099634265692,35.8591993194655],[136.09100053689733,35.85926233255054]]]}},{"type":"Feature","properties":{"pid":"3d3e527a-d495-4b8c-a961-2e9c79dccdec"},"geometry":{"type":"Polygon","coordinates":[[[136.09045168493768,35.85888930702187],[136.09073477156753,35.85884056944295],[136.09068020261682,35.8586789681108],[136.09047500969325,35.858718954599084],[136.09045168493768,35.85888930702187]]]}},{"type":"Feature","properties":{"pid":"4fe22bd0-cdc0-49cd-b0a6-2ef9478bb1f1"},"geometry":{"type":"Polygon","coordinates":[[[136.08559741672994,35.85737808775888],[136.08559986228735,35.857919571931774],[136.08561519517107,35.85791951910122],[136.085635982171,35.8573780602484],[136.08559741672994,35.85737808775888]]]}},{"type":"Feature","properties":{"pid":"42b2f61c-c72b-4219-9f91-ffa6af492964"},"geometry":{"type":"Polygon","coordinates":[[[136.08575711943553,35.85791903003076],[136.08583709496148,35.85791875441029],[136.0858608050802,35.85737789969247],[136.08577328916417,35.85737796194942],[136.08575711943553,35.85791903003076]]]}},{"type":"Feature","properties":{"pid":"78fafdfd-47c6-47fe-9ca0-52e04aa97795"},"geometry":{"type":"Polygon","coordinates":[[[136.08602360602245,35.85792615037828],[136.08607670457303,35.85792366365572],[136.0860944913722,35.85738687220962],[136.0860458123536,35.85738646356652],[136.08602360602245,35.85792615037828]]]}},{"type":"Feature","properties":{"pid":"8422af46-91e0-4316-891c-5e5db38b04ef"},"geometry":{"type":"Polygon","coordinates":[[[136.086217945247,35.85793735607776],[136.08624508519455,35.857933208705965],[136.0862677020936,35.85739215156249],[136.08624218884682,35.857389731098685],[136.086217945247,35.85793735607776]]]}},{"type":"Feature","properties":{"pid":"ca04cd75-352b-4340-a02d-81d1ba3b9c77"},"geometry":{"type":"Polygon","coordinates":[[[136.086392238582,35.857932879970676],[136.08643617264357,35.857931549607564],[136.08644786614383,35.85740224049004],[136.08640772439819,35.857403470103975],[136.086392238582,35.857932879970676]]]}},{"type":"Feature","properties":{"pid":"7a9fe1a6-7969-495c-94fa-9f77001f6c5c"},"geometry":{"type":"Polygon","coordinates":[[[136.08525610027385,35.85787449104709],[136.08537268005654,35.8578838451303],[136.08537473243993,35.857589934904645],[136.0853464318665,35.85767963077998],[136.08525610027385,35.85787449104709]]]}},{"type":"Feature","properties":{"pid":"0fe28c16-392c-4945-97fe-21dfb4fae174"},"geometry":{"type":"Polygon","coordinates":[[[136.08520730002124,35.85797840005341],[136.08516438334104,35.85806262161202],[136.08513155668726,35.85818721297783],[136.08516185398116,35.858239433772575],[136.08524894839138,35.85824902211825],[136.0853206133272,35.85799215410115],[136.08520730002124,35.85797840005341]]]}},{"type":"Feature","properties":{"pid":"2f2516e9-5eba-48db-b921-d9cc24251b98"},"geometry":{"type":"Polygon","coordinates":[[[136.08614640138998,35.86027791287618],[136.08633228540364,35.86038891392908],[136.08711657017045,35.86036221296246],[136.08714161880386,35.8602680071682],[136.08614640138998,35.86027791287618]]]}},{"type":"Feature","properties":{"pid":"57e8fc73-fbbd-4af4-9941-0de167e591a2"},"geometry":{"type":"Polygon","coordinates":[[[136.0855948314882,35.85937628099141],[136.08563474928246,35.859500909762794],[136.08570653644645,35.859624509404874],[136.08572670551348,35.859707949221736],[136.08572766911837,35.85986857371056],[136.0857834765898,35.8599436183536],[136.08583362514875,35.85993372694638],[136.08584307420193,35.85988689273052],[136.0858304544508,35.85970672802502],[136.08570484379686,35.85939688389549],[136.08564378105643,35.8593732292763],[136.0855948314882,35.85937628099141]]]}},{"type":"Feature","properties":{"pid":"9a6f3f7e-9c67-4dac-a74c-5235b06ea581"},"geometry":{"type":"Polygon","coordinates":[[[136.08739552650758,35.85995594150829],[136.0876474096874,35.85993954437964],[136.08765435725488,35.859678390982474],[136.08759624358296,35.85964491169003],[136.08755717958067,35.85968299494392],[136.087445403185,35.859822747688305],[136.08739552650758,35.85995594150829]]]}},{"type":"Feature","properties":{"pid":"03f42deb-9063-4f45-83d2-6f4af2680d42"},"geometry":{"type":"Polygon","coordinates":[[[136.08738817642234,35.86012077839748],[136.08806645939467,35.86010304727167],[136.08806566471654,35.8600390774731],[136.087403824731,35.86006061991727],[136.08738817642234,35.86012077839748]]]}},{"type":"Feature","properties":{"pid":"5eccbdf5-c913-4f59-b955-bef2fc79eef5"},"geometry":{"type":"Polygon","coordinates":[[[136.08734747983164,35.86027838159255],[136.08806901133477,35.860257621997384],[136.08806796595394,35.860200842608094],[136.08736369465316,35.86022013483702],[136.08734747983164,35.86027838159255]]]}},{"type":"Feature","properties":{"pid":"6a3fbbbb-461d-43d3-8cc9-e37c9eaa809a"},"geometry":{"type":"Polygon","coordinates":[[[136.08730954038575,35.86046096737033],[136.08731180181357,35.860544278343696],[136.08805573053343,35.860528751513485],[136.08805959768236,35.86044351345467],[136.08730954038575,35.86046096737033]]]}},{"type":"Feature","properties":{"pid":"fdc7f5a2-e8b0-454e-9c48-83a566b3f889"},"geometry":{"type":"Polygon","coordinates":[[[136.0873158565474,35.860644992561916],[136.08732150584382,35.8607212501537],[136.0880494346926,35.860708786341256],[136.08805232211097,35.860629561562305],[136.0873158565474,35.860644992561916]]]}},{"type":"Feature","properties":{"pid":"9df23520-c827-4379-81e4-5cec7580b90e"},"geometry":{"type":"Polygon","coordinates":[[[136.08732220230578,35.86082786696394],[136.08732605685884,35.86090121101005],[136.08741296540853,35.86090328457776],[136.08804325362576,35.86088788602271],[136.08804583295927,35.860814505997205],[136.08732220230578,35.86082786696394]]]}},{"type":"Feature","properties":{"pid":"d1a274c5-e331-4dd5-b7ea-2d4066723a4e"},"geometry":{"type":"Polygon","coordinates":[[[136.08735877444224,35.86100254211508],[136.08736154347292,35.86103761023718],[136.08741215298997,35.861040869732655],[136.08803941112424,35.86102657438195],[136.0880442586611,35.86098809066459],[136.08735877444224,35.86100254211508]]]}},{"type":"Feature","properties":{"pid":"ac184847-e47b-44b1-acdc-ea609bdf83e2"},"geometry":{"type":"Polygon","coordinates":[[[136.0873710954075,35.861140877934794],[136.08737348861285,35.86117546459214],[136.08787468995232,35.86116795992821],[136.08802249650194,35.86115917276907],[136.08802673233143,35.86112612963363],[136.0873710954075,35.861140877934794]]]}},{"type":"Feature","properties":{"pid":"c6fff0ac-5b61-43b7-b121-7cfeadcc6b66"},"geometry":{"type":"Polygon","coordinates":[[[136.08648298269475,35.86120274645122],[136.08713309790298,35.86118275964315],[136.08712976045587,35.861020441651796],[136.08662674910883,35.86103182457692],[136.0865733992799,35.861137219807425],[136.08648298269475,35.86120274645122]]]}},{"type":"Feature","properties":{"pid":"48f4ba78-d790-4c58-90fb-a1fe3003e52d"},"geometry":{"type":"Polygon","coordinates":[[[136.0866410084803,35.860876748721424],[136.08664588130998,35.86092948680294],[136.08712973393682,35.860915976657786],[136.08713203280698,35.860858244960916],[136.0866410084803,35.860876748721424]]]}},{"type":"Feature","properties":{"pid":"7bfd145e-0177-4f1b-948d-cf7a666741a2"},"geometry":{"type":"Polygon","coordinates":[[[136.0866093352114,35.86075687219797],[136.0866198322621,35.86077919256378],[136.08712959211823,35.86075918060759],[136.08712765004563,35.86073266169249],[136.0866093352114,35.86075687219797]]]}},{"type":"Feature","properties":{"pid":"ce0ed00a-b9ac-44d8-a4db-c8eeefdfbd9d"},"geometry":{"type":"Polygon","coordinates":[[[136.08640786987536,35.860490117581705],[136.08652608951647,35.860661251372306],[136.08712083882432,35.86063263113089],[136.08711668969104,35.860469334924964],[136.08640786987536,35.860490117581705]]]}},{"type":"Feature","properties":{"pid":"b3ebd0b6-e660-4455-b99d-d25a25d7626b"},"geometry":{"type":"Polygon","coordinates":[[[136.08605116681187,35.860570604354486],[136.08617881162198,35.860902025741254],[136.08620074250365,35.86098862519714],[136.0862884830777,35.86092817077708],[136.08628666407535,35.86090594051837],[136.08612964838028,35.860649061339856],[136.08605116681187,35.860570604354486]]]}},{"type":"Feature","properties":{"pid":"098d1dbd-d021-4831-8da4-59d45892ce7d"},"geometry":{"type":"Polygon","coordinates":[[[136.08557150221318,35.86019249769209],[136.08551503896754,35.860207975533385],[136.08549936787557,35.860428352060076],[136.08561393590713,35.86052741735025],[136.08574301951575,35.860723414052536],[136.08584407939242,35.86079601292675],[136.08576741835714,35.86057934292742],[136.08563668783668,35.86029631259538],[136.08557150221318,35.86019249769209]]]}},{"type":"Feature","properties":{"pid":"bd75707c-9f03-40e2-a4b8-61cbf4e07427"},"geometry":{"type":"Polygon","coordinates":[[[136.0853600735736,35.86107794289329],[136.08554704184752,35.86103048532808],[136.08565186893773,35.8609818640881],[136.08553620224168,35.860907297052684],[136.0854104123837,35.86090188168539],[136.0853600735736,35.86107794289329]]]}},{"type":"Feature","properties":{"pid":"5d23571c-067f-425e-8e4f-0de3330896ce"},"geometry":{"type":"Polygon","coordinates":[[[136.08533343890983,35.8613866246096],[136.08587210676296,35.86116367271172],[136.0858260325285,35.86113972337895],[136.08571780867152,35.86114959408332],[136.08538144653625,35.8613149788875],[136.08533913878352,35.861354832012864],[136.08533343890983,35.8613866246096]]]}},{"type":"Feature","properties":{"pid":"f0d63bb2-5901-415e-a7a5-83311429ab99"},"geometry":{"type":"Polygon","coordinates":[[[136.08537879718904,35.86149342342242],[136.0854308898021,35.86155979568364],[136.0859118437161,35.861348875404765],[136.08590071842838,35.86126968349921],[136.08537879718904,35.86149342342242]]]}},{"type":"Feature","properties":{"pid":"d340035d-1a76-45c2-8c52-bfdf72d66701"},"geometry":{"type":"Polygon","coordinates":[[[136.0856208609042,35.861596730407385],[136.08577978669578,35.86165068520671],[136.08597217660076,35.86174783259758],[136.08601645886043,35.861728708551034],[136.08595831385708,35.86145140338421],[136.0856208609042,35.861596730407385]]]}},{"type":"Feature","properties":{"pid":"4b3180ec-28c9-4bf5-92eb-99632e3acbb0"},"geometry":{"type":"Polygon","coordinates":[[[136.08526805444316,35.8623040152983],[136.0853028847832,35.86231017904119],[136.08543896141995,35.86178447544517],[136.0854100705695,35.86177983906701],[136.08526805444316,35.8623040152983]]]}},{"type":"Feature","properties":{"pid":"eaab04ee-64e8-4a18-9b58-409f33d421cc"},"geometry":{"type":"Polygon","coordinates":[[[136.08543402160007,35.86233815556622],[136.08546533429347,35.86234240953643],[136.08560375218116,35.8618109208415],[136.08557082536046,35.86180563698203],[136.08543402160007,35.86233815556622]]]}},{"type":"Feature","properties":{"pid":"834578c5-7d0a-4631-83d3-152233ea2774"},"geometry":{"type":"Polygon","coordinates":[[[136.08559845443241,35.86237105339534],[136.08566508597693,35.862395323543524],[136.08568829687545,35.862439325901434],[136.0858859602823,35.862413572044886],[136.0858661842054,35.86217549236621],[136.08581064359123,35.86190796893182],[136.08573403475918,35.86185406199542],[136.08559845443241,35.86237105339534]]]}},{"type":"Feature","properties":{"pid":"5010968e-8a10-4897-897d-75de5cf6292a"},"geometry":{"type":"Polygon","coordinates":[[[136.0866501365976,35.86201212347803],[136.08712795014083,35.86198706607733],[136.08713920254442,35.86183679565367],[136.08671670175417,35.86184834434041],[136.08670537759858,35.86193990261278],[136.0866501365976,35.86201212347803]]]}},{"type":"Feature","properties":{"pid":"78ad8a23-a11c-4994-acb5-c960cae9a216"},"geometry":{"type":"Polygon","coordinates":[[[136.08670006576256,35.8615796413463],[136.08672543079936,35.861732209814065],[136.08714885754443,35.86172454335279],[136.08715045712995,35.86156031941076],[136.08670006576256,35.8615796413463]]]}},{"type":"Feature","properties":{"pid":"4277bb8e-d162-4e99-b5b8-da13884779e6"},"geometry":{"type":"Polygon","coordinates":[[[136.0864915073071,35.86131592258876],[136.0866479597882,35.86146813316851],[136.08714745909018,35.86145419270108],[136.08713848550178,35.86129044358994],[136.0864915073071,35.86131592258876]]]}},{"type":"Feature","properties":{"pid":"bbe2836a-86d9-42b7-abc7-83b2b40792ef"},"geometry":{"type":"Polygon","coordinates":[[[136.087392728977,35.86136152484678],[136.0874105365944,35.86151753442128],[136.08801876731133,35.86150482103239],[136.08801913572333,35.8613483411445],[136.087392728977,35.86136152484678]]]}},{"type":"Feature","properties":{"pid":"cc9b3cc9-4f75-4cf7-af9d-c9df890bd493"},"geometry":{"type":"Polygon","coordinates":[[[136.0874197739252,35.86170534803418],[136.08805394337418,35.86169565241917],[136.08805240444747,35.86163342047382],[136.08741915000962,35.86164703057498],[136.0874197739252,35.86170534803418]]]}},{"type":"Feature","properties":{"pid":"ad6749b4-8b15-4d32-87a6-a2af7e138540"},"geometry":{"type":"Polygon","coordinates":[[[136.0874236403532,35.861871670251666],[136.0880621341236,35.861855180804],[136.08806096249086,35.86181299176682],[136.0874237020933,35.8618360824665],[136.0874236403532,35.861871670251666]]]}},{"type":"Feature","properties":{"pid":"22e94de4-3c3f-4604-8cfc-fef1758e557f"},"geometry":{"type":"Polygon","coordinates":[[[136.0874179420103,35.86207583592372],[136.08808571411328,35.862064292810196],[136.08808357804642,35.86198924945592],[136.087422557182,35.86200659802741],[136.0874179420103,35.86207583592372]]]}},{"type":"Feature","properties":{"pid":"d0d57e50-5481-4e53-b81c-116be1deb4bf"},"geometry":{"type":"Polygon","coordinates":[[[136.08740039777055,35.86249016980476],[136.08754817851244,35.86248200864518],[136.08754512144526,35.86220282035744],[136.08742177479283,35.86220488698197],[136.08740039777055,35.86249016980476]]]}},{"type":"Feature","properties":{"pid":"311c1b3f-e822-424d-b6da-d364cb649afd"},"geometry":{"type":"Polygon","coordinates":[[[136.08670114346936,35.86215285182312],[136.08682689525065,35.86225730804688],[136.0869405655657,35.862475011745865],[136.08701666760865,35.862561792299175],[136.0871102900088,35.86249093538865],[136.08712139980182,35.86217829004638],[136.08706780838008,35.86213378774314],[136.08670114346936,35.86215285182312]]]}},{"type":"Feature","properties":{"pid":"bfd6afe2-072c-47ea-a160-64e118a36eac"},"geometry":{"type":"Polygon","coordinates":[[[136.08712725438386,35.86287051277968],[136.0871629365962,35.86287882107705],[136.0872432612195,35.86282887540309],[136.08743697555838,35.86277887355077],[136.08749747417676,35.86270220899837],[136.08727758652594,35.86273709688246],[136.08712725438386,35.86287051277968]]]}},{"type":"Feature","properties":{"pid":"0c7fac54-3d87-456a-a8ed-b4ef4f49398a"},"geometry":{"type":"Polygon","coordinates":[[[136.08768022906077,35.86288571125054],[136.0877730123023,35.862926724813775],[136.08784738657505,35.86278350761195],[136.08773997589998,35.86281630148671],[136.08768022906077,35.86288571125054]]]}},{"type":"Feature","properties":{"pid":"9529acbe-5449-49f1-bde7-2ee6bb04d383"},"geometry":{"type":"Polygon","coordinates":[[[136.08737147930464,35.86318843286161],[136.08744439106113,35.86321689898349],[136.087650476294,35.86298872480001],[136.0876070984151,35.862970313628],[136.08735593889065,35.86304107352584],[136.08737147930464,35.86318843286161]]]}},{"type":"Feature","properties":{"pid":"78daadb1-00d2-4df8-a00e-144063c99773"},"geometry":{"type":"Polygon","coordinates":[[[136.08688291547148,35.863312233277405],[136.08689268365274,35.86334066902555],[136.0869641179828,35.86337406420373],[136.08705575240054,35.86339029663536],[136.08709308237144,35.86323134161291],[136.08706554809643,35.86309063625848],[136.08708902270482,35.862979194579395],[136.08707612141845,35.86298081448518],[136.08699872381246,35.86326023619183],[136.086959025457,35.863289953014416],[136.08688291547148,35.863312233277405]]]}},{"type":"Feature","properties":{"pid":"25d37f64-b071-4d17-9dac-028cdbb497ea"},"geometry":{"type":"Polygon","coordinates":[[[136.08644087496464,35.86272301832787],[136.08647621299806,35.86297979365008],[136.08647467917152,35.86309953427172],[136.0864854610686,35.86311638176542],[136.0866248543794,35.863153542772984],[136.0866526107556,35.86306130775176],[136.08660306532164,35.86302658051954],[136.0865338878357,35.86276383443455],[136.0865001502206,35.862729702822016],[136.08644087496464,35.86272301832787]]]}},{"type":"Feature","properties":{"pid":"f81c6fd5-8ff9-473b-9850-2c19dff08839"},"geometry":{"type":"Polygon","coordinates":[[[136.08605845647523,35.86266750099728],[136.0860696880776,35.86282092038525],[136.0862012552833,35.86288244045245],[136.08617574753083,35.86267892039928],[136.08605845647523,35.86266750099728]]]}},{"type":"Feature","properties":{"pid":"82b6609e-bc76-4c4a-a78f-acd231726a07"},"geometry":{"type":"Polygon","coordinates":[[[136.08432111663137,35.86223496227911],[136.08443979966378,35.86237960501437],[136.0844388591019,35.862278790742366],[136.08442056120063,35.862251892746585],[136.08438901536192,35.86223623149923],[136.08432111663137,35.86223496227911]]]}},{"type":"Feature","properties":{"pid":"8bf7a982-b600-4e49-ba64-8be6139afa62"},"geometry":{"type":"Polygon","coordinates":[[[136.08509697119342,35.86274957803976],[136.0853381157741,35.86275955922081],[136.08535993558388,35.86259287747554],[136.08540525599116,35.86252902891468],[136.08509071825222,35.86249871225864],[136.0849731920033,35.862619159714924],[136.08509697119342,35.86274957803976]]]}},{"type":"Feature","properties":{"pid":"7292377b-6ffc-40b7-a5de-ac678b81743a"},"geometry":{"type":"Polygon","coordinates":[[[136.08413039974224,35.861994430513974],[136.0841593353748,35.86199983291399],[136.0842608516556,35.861593724195586],[136.08420257107,35.861641778938754],[136.08413039974224,35.861994430513974]]]}},{"type":"Feature","properties":{"pid":"31ac0118-ea9b-44e7-a950-e79b943de5b0"},"geometry":{"type":"Polygon","coordinates":[[[136.08428695998504,35.862022997415075],[136.08431682836797,35.862028585852784],[136.08445627098547,35.86146744662095],[136.0844131437443,35.86151039892234],[136.08428695998504,35.862022997415075]]]}},{"type":"Feature","properties":{"pid":"7f4b5ac9-23a0-4f91-bd0a-5974e8bdb179"},"geometry":{"type":"Polygon","coordinates":[[[136.0844709067349,35.86199220123219],[136.0845328641404,35.862005869744515],[136.08466760649728,35.86151228973664],[136.0845870514295,35.86149777711527],[136.0844709067349,35.86199220123219]]]}},{"type":"Feature","properties":{"pid":"7edfbc90-1b0e-4383-be9e-ea6903569d69"},"geometry":{"type":"Polygon","coordinates":[[[136.08511958194427,35.86227664945542],[136.08527595342463,35.86174681911328],[136.08525934488097,35.86173306606492],[136.08511958194427,35.86227664945542]]]}},{"type":"Feature","properties":{"pid":"5e2e73f6-930e-4853-9290-78e4de16f989"},"geometry":{"type":"Polygon","coordinates":[[[136.08487401687654,35.862186279632056],[136.0849283775982,35.86222574284704],[136.08496924098176,35.86223437165039],[136.08513822533845,35.86161367013261],[136.08512618636942,35.86160214976582],[136.08503121168738,35.86158714285892],[136.08487401687654,35.862186279632056]]]}},{"type":"Feature","properties":{"pid":"aa444f20-f62b-4507-9595-ef5022fa48bc"},"geometry":{"type":"Polygon","coordinates":[[[136.08471122635015,35.862106703286834],[136.0847514090439,35.86212068808577],[136.08489075785113,35.86155687860412],[136.08486069110054,35.86154957950533],[136.08471122635015,35.862106703286834]]]}},{"type":"Feature","properties":{"pid":"1dff4e3b-cfcc-4eb1-8cd1-23fc7d30118e"},"geometry":{"type":"Polygon","coordinates":[[[136.0849140170436,35.861401055693065],[136.08506555564082,35.861425201892374],[136.08506352573633,35.861292226936506],[136.08522826289217,35.861112501476065],[136.0852543801574,35.860913036925346],[136.0852269767259,35.86092105291157],[136.08515756040978,35.86102100575362],[136.0849800744732,35.86113453204351],[136.0849140170436,35.861401055693065]]]}},{"type":"Feature","properties":{"pid":"6823557e-324e-476a-b249-43e174026f32"},"geometry":{"type":"Polygon","coordinates":[[[136.08520743732265,35.86076706967125],[136.08543002182444,35.860739965845006],[136.0853944688646,35.86065727190457],[136.08529968381092,35.860579431560254],[136.08520987110177,35.8604686233504],[136.08522567364264,35.86058997367218],[136.08520743732265,35.86076706967125]]]}},{"type":"Feature","properties":{"pid":"d4b16b2a-c732-4482-9034-67b804441db4"},"geometry":{"type":"Polygon","coordinates":[[[136.08245244028222,35.86354778328115],[136.08245989751285,35.863581178972716],[136.08260885206934,35.86373837475835],[136.08277306668515,35.863659196697924],[136.08276209788067,35.863621049574895],[136.082568275263,35.86350933354641],[136.08245244028222,35.86354778328115]]]}},{"type":"Feature","properties":{"pid":"1b0e2572-f33a-4066-8502-059853625ddb"},"geometry":{"type":"Polygon","coordinates":[[[136.07977819535395,35.870181360488935],[136.08011519185095,35.86978574565854],[136.08033364065645,35.869520873197544],[136.08020447554063,35.86944325738983],[136.07997061815558,35.86938382914336],[136.07973623509224,35.86943283610635],[136.07960490265077,35.869495260659775],[136.07954365295768,35.86969067738603],[136.0796729129428,35.87011565238982],[136.07977819535395,35.870181360488935]]]}},{"type":"Feature","properties":{"pid":"7b340f3d-1dc2-43ae-8b2e-a84d0572167d"},"geometry":{"type":"Polygon","coordinates":[[[136.07950164864357,35.87132991800943],[136.0798802798182,35.871074371821514],[136.08023186822544,35.87068490707344],[136.0800688840368,35.87052875524673],[136.0800159489166,35.87049644678508],[136.07966593184318,35.870816975523546],[136.07933883351095,35.87106548468069],[136.0791787320129,35.87116550545473],[136.07950164864357,35.87132991800943]]]}},{"type":"Feature","properties":{"pid":"9565d877-b82d-468e-a090-2a7ac0763715"},"geometry":{"type":"Polygon","coordinates":[[[136.08057197342117,35.87058944682581],[136.0807221299497,35.87068207114487],[136.0815058549968,35.869755512950746],[136.0813830600722,35.86963807881475],[136.08135833034248,35.86965141660653],[136.08057197342117,35.87058944682581]]]}},{"type":"Feature","properties":{"pid":"d00fd9c0-99a9-41b0-bdf8-16d7587750b8"},"geometry":{"type":"Polygon","coordinates":[[[136.08090074348559,35.87078121832293],[136.08108419071513,35.87090391656099],[136.081827159572,35.87000300558935],[136.08163744378857,35.86989770934019],[136.08090074348559,35.87078121832293]]]}},{"type":"Feature","properties":{"pid":"d3ce6d34-1432-43ce-9800-a5ed5772219b"},"geometry":{"type":"Polygon","coordinates":[[[136.08141161041095,35.871092492822065],[136.08183661639404,35.87051200178236],[136.082066892251,35.870242076518835],[136.08205995516778,35.87020501796641],[136.0820105856758,35.87014955066375],[136.08195595893457,35.87013370422658],[136.08192348536917,35.870154425446344],[136.0812498766799,35.87096957996513],[136.08124890837465,35.87098969578521],[136.0812996879446,35.87103501930203],[136.08141161041095,35.871092492822065]]]}},{"type":"Feature","properties":{"pid":"2d1872c2-f8aa-482b-8b3c-cf220137191b"},"geometry":{"type":"Polygon","coordinates":[[[136.08192077816045,35.870795735237266],[136.08246447745344,35.87108307244777],[136.08265386296458,35.87052115168846],[136.08226740778923,35.870382462420736],[136.08192077816045,35.870795735237266]]]}},{"type":"Feature","properties":{"pid":"076039dc-b1d7-468d-bb88-92da2f7c723e"},"geometry":{"type":"Polygon","coordinates":[[[136.08224483312475,35.86940329822446],[136.08237731236224,35.8691245011167],[136.0823350375546,35.8691200347922],[136.08221092457708,35.869368595360605],[136.08224483312475,35.86940329822446]]]}},{"type":"Feature","properties":{"pid":"24b13786-3432-44d9-9196-2051f6083dd1"},"geometry":{"type":"Polygon","coordinates":[[[136.0815308538142,35.86948258123047],[136.08209149699627,35.869895475302535],[136.08231807663324,35.87003522216789],[136.0823775376412,35.869719713593774],[136.08211461878108,35.86958783790975],[136.0820952806214,35.86954374825281],[136.08210135290017,35.86950203846588],[136.0818577056381,35.86925482778384],[136.0815308538142,35.86948258123047]]]}},{"type":"Feature","properties":{"pid":"55385971-fdb9-4806-83b9-daefa1e9df03"},"geometry":{"type":"Polygon","coordinates":[[[136.0813202542436,35.86918397356435],[136.08126982780047,35.86925462059294],[136.0813840836487,35.869329694020585],[136.08147108389704,35.869258763648126],[136.08139320237342,35.869200248823326],[136.0813202542436,35.86918397356435]]]}},{"type":"Feature","properties":{"pid":"88e9ab94-a5d7-4734-a816-22c6745329eb"},"geometry":{"type":"Polygon","coordinates":[[[136.08098250915168,35.86932155040218],[136.08074999869947,35.869597130373904],[136.08089959053441,35.86973539522192],[136.0810187212357,35.86979842072957],[136.0812339869552,35.869557789380906],[136.08098250915168,35.86932155040218]]]}},{"type":"Feature","properties":{"pid":"842828f9-2cec-4619-81c7-62d85ad1da60"},"geometry":{"type":"Polygon","coordinates":[[[136.0803706263512,35.870473938181995],[136.08084947838364,35.86989347775564],[136.08073592513415,35.86979391859475],[136.0802194089045,35.870402260351916],[136.08030421084248,35.87046673023136],[136.0803706263512,35.870473938181995]]]}},{"type":"Feature","properties":{"pid":"893a59f4-d7e2-49b6-883a-09a3bc37da58"},"geometry":{"type":"Polygon","coordinates":[[[136.07988887972877,35.87024305495203],[136.08003834018933,35.870329808658106],[136.0805968940422,35.86968948274798],[136.08044221540135,35.86959071264681],[136.07988887972877,35.87024305495203]]]}},{"type":"Feature","properties":{"pid":"e6a46387-5911-42eb-a857-faee75fb6a1a"},"geometry":{"type":"Polygon","coordinates":[[[136.08057171843595,35.8690905249991],[136.0803814679922,35.86935031319822],[136.0804131786919,35.86940338972533],[136.0805906103161,35.869513183324244],[136.08082959288222,35.86924061151864],[136.08083113341021,35.86921898687283],[136.08057171843595,35.8690905249991]]]}},{"type":"Feature","properties":{"pid":"080f67c8-58e1-47de-a9b0-e38776073be7"},"geometry":{"type":"Polygon","coordinates":[[[136.08061769637715,35.868857222995835],[136.08096549562688,35.86869537912955],[136.08085015675084,35.868655121518465],[136.08072899047536,35.868659714876706],[136.0806115558491,35.86868389200255],[136.08049594143358,35.868731159344065],[136.08061769637715,35.868857222995835]]]}},{"type":"Feature","properties":{"pid":"995c5769-9f76-4d90-bb05-0e5d9dbe1a41"},"geometry":{"type":"Polygon","coordinates":[[[136.08079482805434,35.86849827136099],[136.0808823279796,35.86849186795669],[136.0810246066558,35.868535279115015],[136.0812061959663,35.86863227461444],[136.0812543969604,35.8686873138437],[136.08137130455103,35.86874880980153],[136.08142183749482,35.86866592355172],[136.08084290920164,35.86841959251383],[136.08079482805434,35.86849827136099]]]}},{"type":"Feature","properties":{"pid":"909eb708-43e2-4d46-901a-0da0596a9131"},"geometry":{"type":"Polygon","coordinates":[[[136.08151701770825,35.8684536063273],[136.0809726413163,35.86821926257279],[136.08090841338176,35.86831844124498],[136.08147150424594,35.86856557023216],[136.08151701770825,35.8684536063273]]]}},{"type":"Feature","properties":{"pid":"a6287b3f-ac55-461d-b697-ddc4180b7c18"},"geometry":{"type":"Polygon","coordinates":[[[136.08072710486883,35.86894133805015],[136.08114315001154,35.86913557361617],[136.08130672988742,35.86889518705975],[136.0810873858836,35.86877025961773],[136.08072710486883,35.86894133805015]]]}},{"type":"Feature","properties":{"pid":"381687be-8bd4-482e-a47b-1aa928905115"},"geometry":{"type":"Polygon","coordinates":[[[136.08203344536315,35.86918666132138],[136.08211686140154,35.86927336107207],[136.08221401287952,35.869067174988295],[136.08216126701723,35.86901285940429],[136.08203344536315,35.86918666132138]]]}},{"type":"Feature","properties":{"pid":"f2ebe21d-9f3d-43f9-8619-a39af3315c90"},"geometry":{"type":"Polygon","coordinates":[[[136.08150263726387,35.86882503468424],[136.08160106846637,35.868881488694164],[136.08173322296963,35.86872493230079],[136.0816163133599,35.86863445278912],[136.081556896447,35.868755194320116],[136.08150263726387,35.86882503468424]]]}},{"type":"Feature","properties":{"pid":"ea39dc89-bb51-4a2c-85f0-ae10b4fb5780"},"geometry":{"type":"Polygon","coordinates":[[[136.08169159861725,35.868083231388994],[136.08154937934407,35.86832287524508],[136.08161790151794,35.86835169882112],[136.0816970750371,35.86835115847119],[136.08203512092297,35.86844192141754],[136.0817483184804,35.86812681341671],[136.08169159861725,35.868083231388994]]]}},{"type":"Feature","properties":{"pid":"81ed39af-6fa7-42f0-ac56-36b325c7047d"},"geometry":{"type":"Polygon","coordinates":[[[136.08244321968658,35.86788563780546],[136.0821864794903,35.86791193852527],[136.08218819169994,35.867927468974884],[136.0822097577328,35.867995107187355],[136.08240497384594,35.868216000458496],[136.08252549961202,35.86828744983076],[136.08251930522303,35.86820321634162],[136.08244321968658,35.86788563780546]]]}},{"type":"Feature","properties":{"pid":"df6bd2a5-5bd3-4fd7-9269-92f307c9f713"},"geometry":{"type":"Polygon","coordinates":[[[136.0808243589706,35.867357238717766],[136.08080173639755,35.86756154183116],[136.08081020355104,35.867986218277345],[136.08085734862823,35.868073706294716],[136.08109064412363,35.867768858124286],[136.08097404055277,35.867699178144115],[136.0809296329607,35.86763948490069],[136.08090152087436,35.86757855813071],[136.08085688189567,35.86738865862274],[136.0808243589706,35.867357238717766]]]}},{"type":"Feature","properties":{"pid":"4ef629e9-354c-4a1c-b32f-3f8614283503"},"geometry":{"type":"Polygon","coordinates":[[[136.08155627045895,35.868024566548826],[136.08123752265132,35.867803932532254],[136.08116548353715,35.86791920930082],[136.08152732255888,35.8680725279534],[136.08155627045895,35.868024566548826]]]}},{"type":"Feature","properties":{"pid":"529bb513-b91c-434e-9606-dba25e0f7f9a"},"geometry":{"type":"Polygon","coordinates":[[[136.08145704024096,35.86817855081705],[136.0811044664852,35.86801818578845],[136.08103732620984,35.86812825885575],[136.08139171919038,35.868280798443934],[136.08145704024096,35.86817855081705]]]}},{"type":"Feature","properties":{"pid":"5cc87b60-0ea6-4478-a499-5ec06eb22133"},"geometry":{"type":"Polygon","coordinates":[[[136.07951395123192,35.869304534883085],[136.0799937418945,35.86920469470457],[136.08020940924297,35.86925400431613],[136.08045643320324,35.86896386754527],[136.08038488649723,35.868901253783925],[136.08025639235288,35.86873693634778],[136.0797520845687,35.86874862125366],[136.07948448183302,35.86905437548451],[136.07951395123192,35.869304534883085]]]}},{"type":"Feature","properties":{"pid":"36d5b0b9-94f7-437a-8d54-91d370d6f500"},"geometry":{"type":"Polygon","coordinates":[[[136.0791950896506,35.86852326790728],[136.07953332748542,35.868724816558014],[136.07961095561058,35.868657001803946],[136.07961564087486,35.86862947838397],[136.07929429663218,35.86848203266457],[136.0791950896506,35.86852326790728]]]}},{"type":"Feature","properties":{"pid":"ae525b48-767c-4dd5-8791-4dad42795d71"},"geometry":{"type":"Polygon","coordinates":[[[136.07983943795034,35.86611486322463],[136.0798873860528,35.86621113421828],[136.08031604402902,35.86625707720574],[136.08049000032167,35.8662962838934],[136.08050415187012,35.866272813805416],[136.08051745420505,35.86617141948922],[136.08049688858233,35.8660608844734],[136.07983943795034,35.86611486322463]]]}},{"type":"Feature","properties":{"pid":"8fefdbfd-16cf-4929-b475-183df3098c0c"},"geometry":{"type":"Polygon","coordinates":[[[136.07978821691006,35.86588827657947],[136.07967619949855,35.86579331304372],[136.0795587237402,35.865797048009775],[136.07955370114095,35.865849651710136],[136.07979117788025,35.865912180386324],[136.07978821691006,35.86588827657947]]]}},{"type":"Feature","properties":{"pid":"e7cfc5c0-f747-448c-b45a-c5be3e097846"},"geometry":{"type":"Polygon","coordinates":[[[136.07888013068538,35.8659258968069],[136.07895385843278,35.865943122130766],[136.07901539322816,35.8659787546446],[136.07916244308979,35.86595973164762],[136.07888013068538,35.8659258968069]]]}},{"type":"Feature","properties":{"pid":"ef8112d6-530a-4a07-9eba-c7235d2b5830"},"geometry":{"type":"Polygon","coordinates":[[[136.0787073993073,35.86554948740033],[136.07915859033795,35.86574294117055],[136.07942811584593,35.86581007671658],[136.0794398544293,35.8657343936571],[136.07946011978856,35.86570857476676],[136.079603017012,35.86569371843411],[136.07955542163035,35.86562985980365],[136.07937461672603,35.86563368930508],[136.0787073993073,35.86554948740033]]]}},{"type":"Feature","properties":{"pid":"9b8fdccf-adae-46f3-88f2-1cc434700ce5"},"geometry":{"type":"Polygon","coordinates":[[[136.08077137381372,35.86538976146995],[136.08096431209495,35.86546597295798],[136.0813810589971,35.86486685606148],[136.08123630989223,35.864760612060614],[136.08114652927753,35.86472414649077],[136.08109441874504,35.864793794257416],[136.08077137381372,35.86538976146995]]]}},{"type":"Feature","properties":{"pid":"38de2aeb-3ac2-40f7-8dd3-8265171c6665"},"geometry":{"type":"Polygon","coordinates":[[[136.08028238108034,35.86463743076338],[136.08033980146342,35.86473761860112],[136.08051855297418,35.86517982438971],[136.08055955670093,35.86520550416683],[136.08067367363606,35.865220062837444],[136.0810107387836,35.86467746995903],[136.08067659306906,35.86470288805189],[136.08028238108034,35.86463743076338]]]}},{"type":"Feature","properties":{"pid":"10c0c9dc-aed0-45d1-b1c2-2bebb25583ac"},"geometry":{"type":"Polygon","coordinates":[[[136.08139861334078,35.86587128499759],[136.08161579879285,35.86588211705462],[136.0819974317414,35.86545742757082],[136.08203671389035,35.86537510635836],[136.08204179870995,35.86530868938405],[136.08197751320475,35.86514807494653],[136.0819315856589,35.86509831558845],[136.0819130518752,35.86508696926738],[136.08183514936547,35.86519741295288],[136.08139861334078,35.86587128499759]]]}},{"type":"Feature","properties":{"pid":"908e9904-653d-439c-96d3-75e0c0a30158"},"geometry":{"type":"Polygon","coordinates":[[[136.082417495644,35.86571954950529],[136.08221731774324,35.86553185079673],[136.0821800672525,35.865588331139605],[136.08208497000032,35.86585651521286],[136.08205884862414,35.865978846271794],[136.08259168694335,35.866020497851686],[136.08259343203474,35.86586194602315],[136.082417495644,35.86571954950529]]]}},{"type":"Feature","properties":{"pid":"8f987e32-323e-45a1-b429-e5f962ec0da6"},"geometry":{"type":"Polygon","coordinates":[[[136.08189796854782,35.86609093596222],[136.08192286360577,35.866145127550695],[136.08210524794447,35.866162386095446],[136.08230231919512,35.86623704887171],[136.0826577219264,35.86632163208292],[136.08263348149126,35.86615429924564],[136.08189796854782,35.86609093596222]]]}},{"type":"Feature","properties":{"pid":"b1b1a09a-388e-4cb9-a480-052a9b26f483"},"geometry":{"type":"Polygon","coordinates":[[[136.08168759441728,35.866666761768656],[136.08179794315973,35.86672198603008],[136.08191729069443,35.86646283229648],[136.0818045371057,35.86640159840429],[136.08168759441728,35.866666761768656]]]}},{"type":"Feature","properties":{"pid":"81be97de-18c5-4312-95b6-c0d06502eba0"},"geometry":{"type":"Polygon","coordinates":[[[136.08156508374273,35.866651316865465],[136.08169987933044,35.86634457558435],[136.08158005250243,35.866303623575504],[136.08149098784645,35.86659404467631],[136.08150714738295,35.866627446664715],[136.08156508374273,35.866651316865465]]]}},{"type":"Feature","properties":{"pid":"fcb10caf-1ac8-4c0a-8993-3b38e3273ce2"},"geometry":{"type":"Polygon","coordinates":[[[136.08102310219468,35.86573392642485],[136.08083131490167,35.86560587374317],[136.08067367687872,35.86570912641014],[136.08052642387688,35.86576811478938],[136.080547268638,35.86588568423428],[136.0810890692938,35.8658733998083],[136.08102310219468,35.86573392642485]]]}},{"type":"Feature","properties":{"pid":"99125e1e-af77-4be4-862d-06a60cfa773d"},"geometry":{"type":"Polygon","coordinates":[[[136.0808592296035,35.866481610440495],[136.0809237339551,35.86603246720567],[136.08066811027788,35.86605449334968],[136.08070438712164,35.86628408122928],[136.0807909321414,35.866416918246976],[136.0808592296035,35.866481610440495]]]}},{"type":"Feature","properties":{"pid":"54e6c7a3-89b4-4ad3-81b6-fea77e421564"},"geometry":{"type":"Polygon","coordinates":[[[136.08098535847978,35.866513013926266],[136.08105919810427,35.866516456187675],[136.08111060578213,35.86649833477751],[136.0811878626919,35.86603874367332],[136.08105111831395,35.866033302447185],[136.08098535847978,35.866513013926266]]]}},{"type":"Feature","properties":{"pid":"69481453-1a76-4d4d-921b-17a778426759"},"geometry":{"type":"Polygon","coordinates":[[[136.081241063152,35.86648933577088],[136.0813870921099,35.866514874866766],[136.08150004004955,35.86614747786164],[136.0813121864061,35.86613578382982],[136.081241063152,35.86648933577088]]]}},{"type":"Feature","properties":{"pid":"10b3d1f0-83e8-46dd-a9db-ba80aef5e41f"},"geometry":{"type":"Polygon","coordinates":[[[136.08108971651922,35.86694027861815],[136.0811021672799,35.86700094750516],[136.08112929569225,35.86702126311697],[136.08130566648094,35.86706011231428],[136.0813828275888,35.867103390241695],[136.08145715402003,35.86706617173489],[136.08154194558614,35.866994471858746],[136.0814903225858,35.86698275340556],[136.0814007755535,35.86699036958837],[136.08108971651922,35.86694027861815]]]}},{"type":"Feature","properties":{"pid":"8e6c2594-27d2-49b2-8652-2be6894085db"},"geometry":{"type":"Polygon","coordinates":[[[136.08049197615952,35.86656747894603],[136.0805472013184,35.86668707528188],[136.08065070790445,35.86673820627472],[136.08073329082887,35.866752830778566],[136.08102818848266,35.86672826482222],[136.08125696599473,35.86674403021819],[136.08123475569033,35.86671351565943],[136.08116297724516,35.866676476080904],[136.0809290151265,35.86670146811456],[136.08082729325608,35.86668657251316],[136.08049197615952,35.86656747894603]]]}},{"type":"Feature","properties":{"pid":"3e98c066-ab16-4cbc-ad10-8447e97601fe"},"geometry":{"type":"Polygon","coordinates":[[[136.08106793178567,35.867284605474644],[136.08116535444645,35.867516752170985],[136.08119605903204,35.86755417500932],[136.0812701493779,35.867604239939816],[136.08135756906702,35.867617251220615],[136.08139141178694,35.867577680672255],[136.08132190823378,35.86746626561287],[136.08128329186962,35.8673092455566],[136.08122927663365,35.867280106359686],[136.08109943708843,35.86725638606505],[136.08106793178567,35.867284605474644]]]}},{"type":"Feature","properties":{"pid":"e8fd9549-f775-4488-8505-b5c62c807867"},"geometry":{"type":"Polygon","coordinates":[[[136.08160559592906,35.86743241434973],[136.08184342207593,35.86726777261455],[136.081768753477,35.867126091291],[136.08168073283446,35.86706625580014],[136.0815059438432,35.867200077449326],[136.08160559592906,35.86743241434973]]]}},{"type":"Feature","properties":{"pid":"d4da4f86-b7fd-4569-8ebf-307a41b4ab92"},"geometry":{"type":"Polygon","coordinates":[[[136.08380103272034,35.86593866147002],[136.08384817315377,35.86645117569303],[136.08406380809123,35.86635936193676],[136.08433228049662,35.86630276919092],[136.08419568703556,35.86626330290923],[136.08401956169098,35.86615966857832],[136.08380103272034,35.86593866147002]]]}},{"type":"Feature","properties":{"pid":"7b4f078e-aab6-483a-a428-e01a296fc6da"},"geometry":{"type":"Polygon","coordinates":[[[136.08459388320222,35.86632667122484],[136.08478573345306,35.86636005253167],[136.0848329335884,35.86633652720618],[136.08499689839473,35.866172971736184],[136.08484711106686,35.8660804270029],[136.0847918979227,35.866077724111285],[136.08472874509357,35.866122761254715],[136.08461662460144,35.86625400943117],[136.08459388320222,35.86632667122484]]]}},{"type":"Feature","properties":{"pid":"6661846d-0428-4a71-96bd-193d09194630"},"geometry":{"type":"Polygon","coordinates":[[[136.0834462286664,35.866571272503194],[136.08357115065962,35.86657033634126],[136.08370156465577,35.86652344949445],[136.0836396005974,35.865786895322934],[136.08358467290483,35.865690208604406],[136.08347156973656,35.8657272813167],[136.08337381434166,35.8658015118065],[136.0834462286664,35.866571272503194]]]}},{"type":"Feature","properties":{"pid":"31fc91a8-4baa-444b-b7f6-e70c7a6d2d1a"},"geometry":{"type":"Polygon","coordinates":[[[136.08324768863974,35.8665646059796],[136.0833106518956,35.86656399280262],[136.0832483998179,35.86586619769035],[136.0831821331916,35.86588875067197],[136.08324768863974,35.8665646059796]]]}},{"type":"Feature","properties":{"pid":"9ea2933f-2abb-4f90-adf7-1f8e7c659ab8"},"geometry":{"type":"Polygon","coordinates":[[[136.08277087098372,35.8665533500902],[136.0831023154488,35.866551655964],[136.08305537089888,35.86592956487805],[136.0830387816899,35.86586550754454],[136.08296409918955,35.86586284554571],[136.08276301449212,35.86592385048777],[136.08280062603055,35.86643215013954],[136.08277087098372,35.8665533500902]]]}},{"type":"Feature","properties":{"pid":"610d0f64-9568-4965-b610-194006881bbb"},"geometry":{"type":"Polygon","coordinates":[[[136.08271503837,35.86486419040539],[136.082798034027,35.86490414064936],[136.08311490898114,35.86496327747538],[136.08321300583725,35.864942703473915],[136.08331297899224,35.86477126781042],[136.0832790851414,35.864742130616754],[136.08301080891135,35.86462360729388],[136.08283367026485,35.86473247741235],[136.08271503837,35.86486419040539]]]}},{"type":"Feature","properties":{"pid":"e2bb01dd-899d-4b6d-9ff1-2ca6c8cd10d7"},"geometry":{"type":"Polygon","coordinates":[[[136.0830253860248,35.86446814565082],[136.08306011977623,35.864518183006474],[136.08327229900215,35.86461181477127],[136.08331739625217,35.864487283797715],[136.0832314246112,35.86437198986411],[136.0830253860248,35.86446814565082]]]}},{"type":"Feature","properties":{"pid":"b0f2f78f-44ff-4b67-be31-d44aae384db2"},"geometry":{"type":"Polygon","coordinates":[[[136.08281006225457,35.86381357865974],[136.08274082935765,35.863854277030875],[136.0828127805651,35.86394961365828],[136.08293724826345,35.86428554221819],[136.08296874507568,35.86432027523062],[136.0831523712279,35.86424788159582],[136.08281006225457,35.86381357865974]]]}},{"type":"Feature","properties":{"pid":"9f0fa7ab-cd16-4797-9805-26ee65280410"},"geometry":{"type":"Polygon","coordinates":[[[136.082938327339,35.86374740479132],[136.08327597251355,35.86419036949761],[136.0833431981231,35.86415944691685],[136.08302217511132,35.86374946148334],[136.082938327339,35.86374740479132]]]}},{"type":"Feature","properties":{"pid":"7c22849d-c3e1-4f00-a735-74e6a1081ee1"},"geometry":{"type":"Polygon","coordinates":[[[136.08355362889841,35.86441684154223],[136.08343223453863,35.8642837196472],[136.08336325635074,35.864313290520336],[136.08344723901627,35.8644176028631],[136.08355362889841,35.86441684154223]]]}},{"type":"Feature","properties":{"pid":"c53f6d11-ac20-4ff2-97f0-988f6172a4ee"},"geometry":{"type":"Polygon","coordinates":[[[136.08355504135304,35.864226964326654],[136.08362498458138,35.8643058835509],[136.083678157879,35.86423274481482],[136.0837849329001,35.86422358037423],[136.08381206912014,35.8641860372431],[136.08375520583536,35.86414589896778],[136.08355504135304,35.864226964326654]]]}},{"type":"Feature","properties":{"pid":"ebcde8aa-0f18-475a-9375-662f34517ea0"},"geometry":{"type":"Polygon","coordinates":[[[136.08343526493476,35.86380740862803],[136.08332213494694,35.86388871070533],[136.08349430472444,35.86408557333947],[136.08367242382025,35.86400980937182],[136.08354829916425,35.8638836137549],[136.08343526493476,35.86380740862803]]]}},{"type":"Feature","properties":{"pid":"8c1d7985-88a6-4214-8801-58c244e28f8c"},"geometry":{"type":"Polygon","coordinates":[[[136.08542397226367,35.86531299325953],[136.08543441163218,35.86534846506472],[136.08564843840512,35.865421589114476],[136.0856625665694,35.86538879405915],[136.08542397226367,35.86531299325953]]]}},{"type":"Feature","properties":{"pid":"dc5dc2fc-1583-4b9a-b36f-1bcb0206f838"},"geometry":{"type":"Polygon","coordinates":[[[136.08598759914557,35.86515037086506],[136.08602408784637,35.86518150704872],[136.08610662138938,35.86520398553924],[136.08610958216144,35.86510880012072],[136.08598759914557,35.86515037086506]]]}},{"type":"Feature","properties":{"pid":"cf4493bf-e870-4686-846c-f182d937af37"},"geometry":{"type":"Polygon","coordinates":[[[136.08541669347255,35.865091938448664],[136.08541624671864,35.86520356140859],[136.08548141227863,35.86522422983815],[136.08550020916044,35.865166222485755],[136.0854468068455,35.8651427993962],[136.08544165342468,35.865086690191035],[136.08541669347255,35.865091938448664]]]}},{"type":"Feature","properties":{"pid":"6f4ef0e6-cd5c-4231-b647-f28fde454e65"},"geometry":{"type":"Polygon","coordinates":[[[136.0855927758145,35.86477374798331],[136.08557573432125,35.86477356613987],[136.08562007888773,35.86497374856232],[136.08568967802256,35.8649547882612],[136.0855927758145,35.86477374798331]]]}},{"type":"Feature","properties":{"pid":"074277dd-7fd1-4629-b23e-6a01341f6c38"},"geometry":{"type":"Polygon","coordinates":[[[136.08535103163138,35.86499696083478],[136.0854731444675,35.86497590744703],[136.08542912039377,35.86476391376249],[136.08531882529402,35.86476187125334],[136.08535103163138,35.86499696083478]]]}},{"type":"Feature","properties":{"pid":"9ae61913-93a1-47ea-9dae-b95e31abf368"},"geometry":{"type":"Polygon","coordinates":[[[136.08665365907743,35.86640119810879],[136.08679561327247,35.86634829470066],[136.08678647650106,35.86628261898295],[136.0866622378063,35.86637957952198],[136.08665365907743,35.86640119810879]]]}},{"type":"Feature","properties":{"pid":"faa1672d-55b9-45f5-8a1d-0eda9451731c"},"geometry":{"type":"Polygon","coordinates":[[[136.08563356672272,35.86742081578135],[136.085806114222,35.86719188801361],[136.08567723712062,35.866943181814854],[136.08555792672084,35.867020333009016],[136.0853332532948,35.867271656250225],[136.08563356672272,35.86742081578135]]]}},{"type":"Feature","properties":{"pid":"0700dfa4-3f92-4e05-a49d-8c21adc70574"},"geometry":{"type":"Polygon","coordinates":[[[136.0857765905683,35.86748168271375],[136.08584257815573,35.867514643038064],[136.0860772307524,35.867301737947166],[136.08592948428657,35.86727201792137],[136.0857765905683,35.86748168271375]]]}},{"type":"Feature","properties":{"pid":"36a47dbb-fd49-42c2-9d4c-537dc7e6d958"},"geometry":{"type":"Polygon","coordinates":[[[136.08757713939872,35.867588089276545],[136.08773078757207,35.867722864838335],[136.08783629063043,35.867604803349266],[136.08761885731627,35.86751050656189],[136.08757713939872,35.867588089276545]]]}},{"type":"Feature","properties":{"pid":"07aba045-8383-4f58-b0a6-57e92bfb93a3"},"geometry":{"type":"Polygon","coordinates":[[[136.08592818424208,35.86882672467674],[136.0861406164229,35.86883452702175],[136.08602164237553,35.86862111233152],[136.08593350596536,35.86862628833162],[136.08592818424208,35.86882672467674]]]}},{"type":"Feature","properties":{"pid":"cd10b640-1c94-4531-bdfe-6c42d73051f6"},"geometry":{"type":"Polygon","coordinates":[[[136.08563360229206,35.86916901177703],[136.08582987895863,35.8692609291079],[136.08592686867308,35.86908225031162],[136.08566267535082,35.8690712375001],[136.08563360229206,35.86916901177703]]]}},{"type":"Feature","properties":{"pid":"8036509d-b477-4283-9538-0b03b2b67808"},"geometry":{"type":"Polygon","coordinates":[[[136.08570347876898,35.86883747911774],[136.0857542154372,35.86883622835698],[136.08575902828326,35.8686785823805],[136.08574309297398,35.86860833498418],[136.08571800426617,35.86861080948311],[136.08570347876898,35.86883747911774]]]}},{"type":"Feature","properties":{"pid":"dd35db71-8b39-4fbd-be67-31b05c8bf389"},"geometry":{"type":"Polygon","coordinates":[[[136.08538254262967,35.86844697116853],[136.08543300603299,35.86845119071258],[136.08545843307303,35.86811640065415],[136.0853961317572,35.86811374450981],[136.08538254262967,35.86844697116853]]]}},{"type":"Feature","properties":{"pid":"030930fb-e032-4d05-94c8-03c94388766c"},"geometry":{"type":"Polygon","coordinates":[[[136.0855879192567,35.868456907012096],[136.08565319058837,35.868460341783404],[136.08568517657548,35.86812712191397],[136.0856063216685,35.86812385792442],[136.0855879192567,35.868456907012096]]]}},{"type":"Feature","properties":{"pid":"ac2af03d-50c3-4348-bbed-460140d2ffb3"},"geometry":{"type":"Polygon","coordinates":[[[136.08582768586436,35.868464003591555],[136.08595023996452,35.86847658060424],[136.08589036769453,35.8681347118821],[136.08584506343706,35.86813500198426],[136.08582768586436,35.868464003591555]]]}},{"type":"Feature","properties":{"pid":"a040c271-a5fd-4e1f-bace-7ec08a066e76"},"geometry":{"type":"Polygon","coordinates":[[[136.08534593259233,35.86780579261714],[136.08551171409647,35.867555556284586],[136.0854321741088,35.86750385526707],[136.08530980600668,35.86769893229702],[136.08534593259233,35.86780579261714]]]}},{"type":"Feature","properties":{"pid":"8a4c3038-e0a9-4925-b1af-d63f8999b483"},"geometry":{"type":"Polygon","coordinates":[[[136.08504412020608,35.86811259932791],[136.08516116207872,35.86844229717901],[136.0852100001286,35.868439141743075],[136.0852205854365,35.86810667096492],[136.08504412020608,35.86811259932791]]]}},{"type":"Feature","properties":{"pid":"d0658fc0-24e1-4218-8cf4-1fd72f78d7f9"},"geometry":{"type":"Polygon","coordinates":[[[136.08263968234195,35.86795645706794],[136.08277067098817,35.868468527630895],[136.08285076751906,35.86855280531025],[136.08308464045228,35.86842550358283],[136.08302963685736,35.86836797268701],[136.08297862084845,35.868223004298954],[136.08292086029272,35.86812737221217],[136.08285161504116,35.86806641749678],[136.08263968234195,35.86795645706794]]]}},{"type":"Feature","properties":{"pid":"432b813e-d749-467d-bf7b-91f80a780567"},"geometry":{"type":"Polygon","coordinates":[[[136.08316731872776,35.869106106962754],[136.08321842832672,35.869236875496064],[136.08336398063162,35.86930949910435],[136.08342985277716,35.869243079322594],[136.08352738407905,35.869208373143245],[136.08341057039314,35.86912596675301],[136.08339585731113,35.86908892403272],[136.08356062708154,35.86895171317683],[136.08356361785465,35.86893474621661],[136.08352032177876,35.86888478850829],[136.08316731872776,35.869106106962754]]]}},{"type":"Feature","properties":{"pid":"47cdb921-8f0c-4f30-b4b7-77ef1c46bd37"},"geometry":{"type":"Polygon","coordinates":[[[136.08522547518652,35.868599888867095],[136.08531455016512,35.868844933714236],[136.0854196192806,35.86886084037337],[136.08528068753338,35.86859678992218],[136.08522547518652,35.868599888867095]]]}},{"type":"Feature","properties":{"pid":"c4aacd60-7246-48bb-852e-74c4fe92a25c"},"geometry":{"type":"Polygon","coordinates":[[[136.08597278951856,35.8693710789325],[136.08608002632306,35.86942130893951],[136.08636834845544,35.86922860276659],[136.08623738091936,35.86911623914528],[136.08613091118195,35.869088840618154],[136.08597278951856,35.8693710789325]]]}},{"type":"Feature","properties":{"pid":"57de5f51-7a7d-49c1-b9b1-bd4584ef13b7"},"geometry":{"type":"Polygon","coordinates":[[[136.08620100314147,35.86950775351849],[136.08641998228657,35.869624067465665],[136.0865676648118,35.869554908600385],[136.0864484000693,35.8693547010817],[136.08620100314147,35.86950775351849]]]}},{"type":"Feature","properties":{"pid":"6af82f52-69d9-4ff2-9da8-6e7295bc7999"},"geometry":{"type":"Polygon","coordinates":[[[136.08650461001872,35.869735408002505],[136.0866749402911,35.87000304144688],[136.0868329015119,35.86991064579389],[136.08664566647565,35.869670307302805],[136.08650461001872,35.869735408002505]]]}},{"type":"Feature","properties":{"pid":"83c1e218-d5d6-47fc-a1ae-24b6147c6eeb"},"geometry":{"type":"Polygon","coordinates":[[[136.08302535582524,35.87357884384315],[136.08313498056373,35.87363661167155],[136.08320322589756,35.873433858641114],[136.08315695115834,35.87340213020617],[136.08302535582524,35.87357884384315]]]}},{"type":"Feature","properties":{"pid":"72fc6a91-56f1-45de-928a-cab5180e53d4"},"geometry":{"type":"Polygon","coordinates":[[[136.08339215367582,35.87368309512278],[136.08361373347782,35.87375897677604],[136.08363717419056,35.87371136710234],[136.0835423829318,35.87361727891313],[136.08343482293208,35.873566640331475],[136.08339215367582,35.87368309512278]]]}},{"type":"Feature","properties":{"pid":"0a36c0fa-4eb5-4886-bf1a-173e4c2829fe"},"geometry":{"type":"Polygon","coordinates":[[[136.0840628397653,35.872117391900645],[136.08412589235144,35.87218453176226],[136.08414527013642,35.87228581077063],[136.08412987333568,35.87231837006712],[136.0842515239093,35.872346817197105],[136.08460487986008,35.87220885607193],[136.08466045028052,35.872158206474026],[136.08479376607534,35.87181566510356],[136.08433029114462,35.87170117191242],[136.08430249879027,35.87171750951834],[136.0842168050201,35.8719043320433],[136.0841306461227,35.871990835003096],[136.0840628397653,35.872117391900645]]]}},{"type":"Feature","properties":{"pid":"7a826583-20ea-419b-8f14-ed43f3c1f1e3"},"geometry":{"type":"Polygon","coordinates":[[[136.08442676937838,35.871620303506525],[136.0848305991378,35.87172092594293],[136.0849164928978,35.87149721406344],[136.08474837644724,35.87147243383877],[136.08446416848585,35.87134953504839],[136.08445256783406,35.87142082194889],[136.08449278604334,35.871463633151535],[136.08450618635987,35.87153019961065],[136.08442676937838,35.871620303506525]]]}},{"type":"Feature","properties":{"pid":"72caae5b-7c3e-48f9-9794-67ce3b4d8959"},"geometry":{"type":"Polygon","coordinates":[[[136.0850709028153,35.87164861218175],[136.08528612060775,35.871657572103395],[136.08532691147414,35.87160436481122],[136.08509250298806,35.87157380666938],[136.0850709028153,35.87164861218175]]]}},{"type":"Feature","properties":{"pid":"bc978044-35ec-48e5-84e6-d3379b728096"},"geometry":{"type":"Polygon","coordinates":[[[136.08445759449643,35.87120639762842],[136.08448216878182,35.87123384999247],[136.08464276167035,35.87128718992551],[136.084642500297,35.87104101920651],[136.08449270725868,35.871026782394026],[136.08445759449643,35.87120639762842]]]}},{"type":"Feature","properties":{"pid":"4a94a644-fc73-4de2-bf95-6b52d95a0481"},"geometry":{"type":"Polygon","coordinates":[[[136.08267245888626,35.87126256446225],[136.08286184916693,35.87138457232996],[136.0832549816759,35.87157031415405],[136.08358240078937,35.871257881720375],[136.08364228209172,35.87116352943838],[136.0837883648357,35.870675551908484],[136.08293076512447,35.87051544178142],[136.08267245888626,35.87126256446225]]]}},{"type":"Feature","properties":{"pid":"0c253d5c-8d03-4335-b16b-eb98b1caa895"},"geometry":{"type":"Polygon","coordinates":[[[136.08046957659386,35.871874816495016],[136.08061596321667,35.87194144638118],[136.0812118870189,35.87130104101284],[136.08118884782073,35.87124207979559],[136.08108031102415,35.87116226703453],[136.08046957659386,35.871874816495016]]]}},{"type":"Feature","properties":{"pid":"1b6ff5cd-9b8f-43a8-af7d-ad3ae52a55b5"},"geometry":{"type":"Polygon","coordinates":[[[136.07980849128626,35.87151666140477],[136.0800147631052,35.87163386769408],[136.08035911740737,35.87179521991956],[136.08095798592075,35.87108467145011],[136.08065408589303,35.87087353393605],[136.08045103269518,35.87076187014612],[136.07980849128626,35.87151666140477]]]}},{"type":"Feature","properties":{"pid":"5140da54-553d-496a-8294-d062131750ea"},"geometry":{"type":"Polygon","coordinates":[[[136.0889128247905,35.86843490828847],[136.08897677715353,35.86848161099377],[136.08952185524302,35.867900613754664],[136.08946776524965,35.86788481868265],[136.08942978058667,35.86789357856403],[136.0889128247905,35.86843490828847]]]}},{"type":"Feature","properties":{"pid":"69511606-8d91-4229-ad4c-135388aadf25"},"geometry":{"type":"Polygon","coordinates":[[[136.08909480036195,35.86857077533143],[136.08911513564297,35.868584218014526],[136.08929986346763,35.86843775726934],[136.0894883378724,35.86833248115051],[136.08969320889005,35.86814364938976],[136.08974028746576,35.868018700875716],[136.08965404224236,35.86797335959036],[136.08909480036195,35.86857077533143]]]}},{"type":"Feature","properties":{"pid":"435b1762-8272-441f-a49f-b4b1efda3f83"},"geometry":{"type":"Polygon","coordinates":[[[136.08990391606508,35.86815152235681],[136.0899897144673,35.868153930127484],[136.09014724470015,35.868128452791545],[136.09013340523336,35.86808296711938],[136.08994779016533,35.86806987127627],[136.0899171116969,35.8680991866453],[136.08990391606508,35.86815152235681]]]}},{"type":"Feature","properties":{"pid":"47a54636-6d64-483e-a83a-d8b035cbd828"},"geometry":{"type":"Polygon","coordinates":[[[136.09031670370325,35.86813709302131],[136.09047584428288,35.86812490213072],[136.09047581132103,35.868092517293114],[136.0903267956896,35.8680660371521],[136.09031670370325,35.86813709302131]]]}},{"type":"Feature","properties":{"pid":"bac70ac9-d7a0-470e-8f16-d3fbf6ae1365"},"geometry":{"type":"Polygon","coordinates":[[[136.08820971486412,35.86804292629815],[136.08829900826413,35.86812064370917],[136.08844916688184,35.86793836778468],[136.0883264001624,35.8679261774848],[136.08820971486412,35.86804292629815]]]}},{"type":"Feature","properties":{"pid":"82ce1ef9-c682-46ed-bc38-ee9ec0d37541"},"geometry":{"type":"Polygon","coordinates":[[[136.08873793268498,35.868344326495574],[136.08878227235357,35.86836764440216],[136.08925531379316,35.867864484110605],[136.08917988405963,35.867868395664615],[136.08873793268498,35.868344326495574]]]}},{"type":"Feature","properties":{"pid":"ba43a092-e962-4795-a030-841e1c52033e"},"geometry":{"type":"Polygon","coordinates":[[[136.0885502370262,35.868266064978684],[136.0885804204241,35.868276194855],[136.0889891542296,35.8678410320072],[136.08891903620528,35.86786589697091],[136.0885502370262,35.868266064978684]]]}},{"type":"Feature","properties":{"pid":"0f558ffa-e8ba-4b88-b3ad-52b7af296d50"},"geometry":{"type":"Polygon","coordinates":[[[136.08785236501447,35.86779621324713],[136.08807304746568,35.86791545017935],[136.08815849327289,35.8678402040039],[136.08795644169356,35.86769538761487],[136.08785236501447,35.86779621324713]]]}},{"type":"Feature","properties":{"pid":"bc03e58b-9eb2-4af6-8118-b6f3eae6e57e"},"geometry":{"type":"Polygon","coordinates":[[[136.08828954445366,35.86623160634449],[136.08835601805444,35.86622798146224],[136.08837099407324,35.86608576232819],[136.08829299434893,35.86609302065194],[136.08828954445366,35.86623160634449]]]}},{"type":"Feature","properties":{"pid":"78f7b3b5-19a7-415f-abca-78cb5ce98feb"},"geometry":{"type":"Polygon","coordinates":[[[136.0880532615794,35.86623387885634],[136.08810204851093,35.866230985127096],[136.08809819154035,35.86611722253121],[136.0880557998384,35.866120117434505],[136.0880532615794,35.86623387885634]]]}},{"type":"Feature","properties":{"pid":"883d7e92-a52e-4171-8628-cc17a3546e12"},"geometry":{"type":"Polygon","coordinates":[[[136.09585845799486,35.864940633936826],[136.09593260540015,35.86493862795111],[136.09597923770346,35.86491748943538],[136.0959079937045,35.86484536744733],[136.09582624824705,35.86487911083524],[136.09585845799486,35.864940633936826]]]}},{"type":"Feature","properties":{"pid":"e19c767e-2695-4aa7-994d-5e9b06b7a854"},"geometry":{"type":"Polygon","coordinates":[[[136.09626782326316,35.86460758960442],[136.0960300012591,35.86480971756896],[136.0960637311071,35.86484103393651],[136.09610515568255,35.864810715647295],[136.09620170382368,35.864796460504515],[136.09627941663723,35.864641963710014],[136.0965093637129,35.86443543022211],[136.09657134542326,35.86435664682838],[136.09654959345784,35.86433229248833],[136.09652555927929,35.86433013340552],[136.09626782326316,35.86460758960442]]]}},{"type":"Feature","properties":{"pid":"04d7ee5c-ec33-4961-8926-6312080c8bc6"},"geometry":{"type":"Polygon","coordinates":[[[136.09775628238233,35.864052418549456],[136.09814681603314,35.86408790409417],[136.09816882870035,35.86403597276894],[136.09777331595816,35.86398216377143],[136.09775628238233,35.864052418549456]]]}},{"type":"Feature","properties":{"pid":"a1a8b729-7733-4e57-94fd-590f88343488"},"geometry":{"type":"Polygon","coordinates":[[[136.09779839857873,35.86420246518416],[136.09780782577326,35.864227588043846],[136.0978860106379,35.864205503437745],[136.09799023366213,35.86424235654289],[136.09813142595854,35.86425165008639],[136.0981268477497,35.86421710662615],[136.09800419279446,35.864205065590134],[136.09779839857873,35.86420246518416]]]}},{"type":"Feature","properties":{"pid":"133dd217-6bdb-43d2-8cb6-802ddfa01738"},"geometry":{"type":"Polygon","coordinates":[[[136.09784686973106,35.86433458116189],[136.0978478209452,35.86438519549687],[136.09792339306748,35.86454415809817],[136.09797971626287,35.86453160487507],[136.09821409744728,35.86453982546176],[136.09815444222872,35.86436133275023],[136.097971588817,35.86436214429729],[136.0978850424847,35.86432032935688],[136.09784686973106,35.86433458116189]]]}},{"type":"Feature","properties":{"pid":"dde5137e-b092-4df8-9283-ab2114945c33"},"geometry":{"type":"Polygon","coordinates":[[[136.0979662110284,35.864656146597795],[136.09799119025297,35.86479867285205],[136.0982806614934,35.86485127155681],[136.0982362976633,35.86465761234064],[136.0979662110284,35.864656146597795]]]}},{"type":"Feature","properties":{"pid":"7ce2cbc0-2cf7-4e0b-8c32-a89a4b3df044"},"geometry":{"type":"Polygon","coordinates":[[[136.0980951745572,35.865662867379584],[136.0981561449366,35.86546851981723],[136.0979065809915,35.865413281523175],[136.0978992649873,35.865477162797404],[136.09791347175891,35.86550900134214],[136.0980951745572,35.865662867379584]]]}},{"type":"Feature","properties":{"pid":"2b964e56-e064-4296-b82d-82b2899d546e"},"geometry":{"type":"Polygon","coordinates":[[[136.0978535220375,35.86566552200543],[136.09784662549208,35.865807285228115],[136.09804260472927,35.865868386728614],[136.09806931525128,35.86579494680235],[136.0979732598049,35.86576074563095],[136.0978535220375,35.86566552200543]]]}},{"type":"Feature","properties":{"pid":"25a952db-8cef-4333-876b-836cfb4d6c97"},"geometry":{"type":"Polygon","coordinates":[[[136.09811583261708,35.865312167762156],[136.09817943199144,35.8653286164067],[136.09827243420025,35.86524915140367],[136.0981519032167,35.86524019101097],[136.09811583261708,35.865312167762156]]]}},{"type":"Feature","properties":{"pid":"48660bf4-cdba-4923-855f-54055b9e9193"},"geometry":{"type":"Polygon","coordinates":[[[136.09799336678805,35.86491237821867],[136.0980641429343,35.86507641668183],[136.0981439847682,35.86512089865267],[136.09822718971574,35.865131266330316],[136.09828119030283,35.86507986264206],[136.09836419557917,35.86504131891084],[136.09831981191215,35.864981678449176],[136.09799336678805,35.86491237821867]]]}},{"type":"Feature","properties":{"pid":"4c80e6cc-99eb-431d-be01-5e76d471bc87"},"geometry":{"type":"Polygon","coordinates":[[[136.0995742357349,35.86419369706336],[136.0996481573056,35.864224244956574],[136.09997968022122,35.8638418434972],[136.09990266954878,35.86379759251485],[136.0995742357349,35.86419369706336]]]}},{"type":"Feature","properties":{"pid":"f5255813-1466-4dae-a1e0-e17a530a0f05"},"geometry":{"type":"Polygon","coordinates":[[[136.09977672197147,35.86428079511695],[136.09984306217245,35.86431488188856],[136.10015313933658,35.863950603313725],[136.10008640061406,35.863908713279386],[136.09977672197147,35.86428079511695]]]}},{"type":"Feature","properties":{"pid":"82565257-4e7e-450d-a1c7-07f9d75533a7"},"geometry":{"type":"Polygon","coordinates":[[[136.0994049487319,35.87275845459661],[136.09975250197405,35.872653024126336],[136.0997840245071,35.872615156605406],[136.09975089289358,35.87260946537987],[136.09967493470856,35.87264434097],[136.09947167120242,35.87266096334905],[136.0994049487319,35.87275845459661]]]}},{"type":"Feature","properties":{"pid":"42ec0d9d-9f68-425d-9470-f482d8e9ce26"},"geometry":{"type":"Polygon","coordinates":[[[136.09934737661763,35.8729177879256],[136.09957691064142,35.87286571866662],[136.09961213657226,35.872804250123224],[136.09936460016942,35.872879300592146],[136.09934737661763,35.8729177879256]]]}}]}