{"type":"FeatureCollection","features":[{"type":"Feature","properties":{"pid":"b65b3c01-f2eb-48c1-9413-4a9ae3768188"},"geometry":{"type":"Polygon","coordinates":[[[136.20082675985185,36.00308149826807],[136.20074980820505,36.00270357431246],[136.2000296220539,36.00279736255397],[136.2001986257081,36.00316539389966],[136.20082675985185,36.00308149826807]]]}},{"type":"Feature","properties":{"pid":"af759d50-33c7-4537-be49-df0c4556ad87"},"geometry":{"type":"Polygon","coordinates":[[[136.19992197981944,36.002325224366295],[136.19995958185055,36.00248788592462],[136.1999440031288,36.002515164385464],[136.19990796512542,36.00252912144794],[136.199973563288,36.00267383636307],[136.20068674390652,36.002576131063684],[136.20072267407417,36.002553155303644],[136.2006533796514,36.00220295626744],[136.20005293928327,36.00228457478125],[136.2000205595203,36.00230729443632],[136.19992197981944,36.002325224366295]]]}},{"type":"Feature","properties":{"pid":"71172c05-14a8-41bf-aa69-8127b48c3e02"},"geometry":{"type":"Polygon","coordinates":[[[136.19958278017205,36.00181119298433],[136.1997400646777,36.00216904012157],[136.20061541743425,36.00205889981233],[136.20054541477526,36.001683324464274],[136.19958278017205,36.00181119298433]]]}},{"type":"Feature","properties":{"pid":"1836a217-bf1d-480f-aefe-67b993f40d66"},"geometry":{"type":"Polygon","coordinates":[[[136.20023030510268,36.00016790712221],[136.1997436517832,36.000234211907944],[136.1998170097182,36.00061135622613],[136.20030806702863,36.0005436593117],[136.20023030510268,36.00016790712221]]]}},{"type":"Feature","properties":{"pid":"5ed4ce04-9ced-466e-a732-29e71e2ea096"},"geometry":{"type":"Polygon","coordinates":[[[136.20042187601464,35.99250625639212],[136.2005165626772,35.99248839798439],[136.2004479496251,35.99230640670068],[136.2003609645958,35.99232886871503],[136.20042187601464,35.99250625639212]]]}},{"type":"Feature","properties":{"pid":"576d4b72-5620-46b3-b87a-7208db732e68"},"geometry":{"type":"Polygon","coordinates":[[[136.19987472339278,35.99286381278828],[136.20034110265732,35.99275140358911],[136.20023761965524,35.99245210479112],[136.20021047340174,35.99244631778661],[136.1999269462534,35.99257818011311],[136.19987472339278,35.99286381278828]]]}},{"type":"Feature","properties":{"pid":"19a83e08-e31a-4f2b-95d1-40a11bfa5d00"},"geometry":{"type":"Polygon","coordinates":[[[136.20058072134006,35.993457201789845],[136.20059118845487,35.99343628960502],[136.20039615466914,35.99288781557025],[136.19987272242057,35.99302598109296],[136.1999131940082,35.99306335737314],[136.19992687194596,35.993102770872156],[136.20001860521253,35.99359838565425],[136.20058072134006,35.993457201789845]]]}},{"type":"Feature","properties":{"pid":"b6787245-6554-435f-a87e-57fc5ef7bc4a"},"geometry":{"type":"Polygon","coordinates":[[[136.20024721953283,35.9939318186825],[136.20029764996667,35.993942202387956],[136.2007389568441,35.99383943749026],[136.2006370908587,35.99354074485361],[136.2000417206631,35.993689882482755],[136.20012077228017,35.99395700619425],[136.20024721953283,35.9939318186825]]]}},{"type":"Feature","properties":{"pid":"fb5209e2-1eb8-4dc1-a8d6-c2c976bd9393"},"geometry":{"type":"Polygon","coordinates":[[[136.20032008081705,35.99608978185463],[136.20027753355987,35.99598637546771],[136.20019539237975,35.9960047961774],[136.20013879928803,35.995980971804],[136.20004792303615,35.995769066930315],[136.19988910106684,35.995857581926664],[136.19993011654296,35.99620652582099],[136.20032008081705,35.99608978185463]]]}},{"type":"Feature","properties":{"pid":"9c713d09-2f4a-41d7-aa1b-18aca60e87fe"},"geometry":{"type":"Polygon","coordinates":[[[136.20028700497667,35.99643533906639],[136.200198842715,35.99642871027131],[136.19990953285009,35.996515159531064],[136.19992274629462,35.99654366668824],[136.20028700497667,35.99643533906639]]]}},{"type":"Feature","properties":{"pid":"391091eb-3b31-42d3-be6a-b152d2d48921"},"geometry":{"type":"Polygon","coordinates":[[[136.20044485142284,35.996538560781524],[136.19999485184644,35.99667668317244],[136.20016973938465,35.99706428816989],[136.200605741194,35.99692526782222],[136.20044485142284,35.996538560781524]]]}},{"type":"Feature","properties":{"pid":"611cccd6-868f-4d9e-82f8-b02420dc5ede"},"geometry":{"type":"Polygon","coordinates":[[[136.20070771907402,35.99715311292117],[136.20064318164157,35.997011135721664],[136.20020849466624,35.99714973791417],[136.20027317667706,35.99729158637407],[136.20070771907402,35.99715311292117]]]}},{"type":"Feature","properties":{"pid":"04f5a3c2-74b6-4e5d-83c5-f593d5060958"},"geometry":{"type":"Polygon","coordinates":[[[136.20033635210925,35.9978081751827],[136.20022222723242,35.99755307985014],[136.19978397817465,35.99769029406917],[136.19989581070558,35.99793559687981],[136.20033635210925,35.9978081751827]]]}},{"type":"Feature","properties":{"pid":"bd6d35cf-bb14-471b-beb2-315343537bba"},"geometry":{"type":"Polygon","coordinates":[[[136.20070049359344,35.997255666720335],[136.2003118060076,35.9973770750419],[136.200477244193,35.99774675174902],[136.20077953688664,35.997650640703],[136.20071330081012,35.99754734288576],[136.20069010806756,35.99747805046864],[136.20068423206448,35.99737018065225],[136.20070049359344,35.997255666720335]]]}},{"type":"Feature","properties":{"pid":"feb536d2-1854-4f33-bc65-0f68f05635b7"},"geometry":{"type":"Polygon","coordinates":[[[136.20310870377315,35.99850357026654],[136.20304031991844,35.99824459994805],[136.20232790744421,35.99836542506773],[136.20239492612802,35.998623737137855],[136.20310870377315,35.99850357026654]]]}},{"type":"Feature","properties":{"pid":"d98c7a7e-f47f-4e4a-9ef6-ab37c9f6c67a"},"geometry":{"type":"Polygon","coordinates":[[[136.20396886988647,35.99825597793906],[136.2038913572322,35.9979603851668],[136.20317948879892,35.998080020294864],[136.20325540059454,35.99837625378297],[136.20396886988647,35.99825597793906]]]}},{"type":"Feature","properties":{"pid":"32354177-0e77-47df-9380-40a9eb3f4c24"},"geometry":{"type":"Polygon","coordinates":[[[136.20383353534876,35.997745266920596],[136.20378266725308,35.99754995761461],[136.20307186718665,35.99766479141401],[136.20312334884892,35.99786491809873],[136.20383353534876,35.997745266920596]]]}},{"type":"Feature","properties":{"pid":"14b13808-2653-4791-bc1e-1eeb27c95d2d"},"geometry":{"type":"Polygon","coordinates":[[[136.20385829363136,35.99784032924581],[136.20314785610168,35.99796018442918],[136.20315456151752,35.997986250313375],[136.2038649565246,35.99786591096335],[136.20385829363136,35.99784032924581]]]}},{"type":"Feature","properties":{"pid":"b76a9afd-7591-443f-8882-188a0094fa14"},"geometry":{"type":"Polygon","coordinates":[[[136.20406467046377,35.998639287457664],[136.20399452657338,35.99834978314892],[136.2032786776283,35.998471020685415],[136.20334953565816,35.99875582704759],[136.20406467046377,35.998639287457664]]]}},{"type":"Feature","properties":{"pid":"7ebebe07-3a7d-4537-85ba-c731de24b0bb"},"geometry":{"type":"Polygon","coordinates":[[[136.2049465643095,35.9984831330383],[136.20478584919263,35.997860363499655],[136.2040777192285,35.99798538061192],[136.20424173695773,35.99861148894561],[136.2049465643095,35.9984831330383]]]}},{"type":"Feature","properties":{"pid":"d9dd7475-7748-4512-bbb2-0bb83e49366b"},"geometry":{"type":"Polygon","coordinates":[[[136.20510273912035,35.99845348235725],[136.2057975351671,35.998338953395404],[136.20570107070088,35.99796236342033],[136.20500770341096,35.99807504619702],[136.20510273912035,35.99845348235725]]]}},{"type":"Feature","properties":{"pid":"dc98b4ea-3a06-4015-b46c-52bd3eba5d24"},"geometry":{"type":"Polygon","coordinates":[[[136.2056789846383,35.99786685552199],[136.20564325846777,35.99772011756881],[136.20494560203747,35.9978351584736],[136.20498342007645,35.997979912428725],[136.2056789846383,35.99786685552199]]]}},{"type":"Feature","properties":{"pid":"a095cc9a-1d12-4314-937a-966c8664601c"},"geometry":{"type":"Polygon","coordinates":[[[136.20476202118797,35.99776678963201],[136.20472042123785,35.99760879028295],[136.20401049962717,35.99773242716817],[136.20405332550408,35.997889935079826],[136.20476202118797,35.99776678963201]]]}},{"type":"Feature","properties":{"pid":"1b1c3f20-88f8-466e-bc19-bf5595d9b2ec"},"geometry":{"type":"Polygon","coordinates":[[[136.20562162957495,35.997625070326066],[136.2055569241548,35.997365087906786],[136.20485643781242,35.99748053386068],[136.20492295036814,35.99774104664794],[136.20562162957495,35.997625070326066]]]}},{"type":"Feature","properties":{"pid":"5212783e-6495-4260-8a9c-399e12199c67"},"geometry":{"type":"Polygon","coordinates":[[[136.20553428824974,35.9972699241244],[136.20546711632102,35.99701132858529],[136.20476147680426,35.99713134679777],[136.20482962478934,35.99738715207563],[136.20553428824974,35.9972699241244]]]}},{"type":"Feature","properties":{"pid":"ee848a19-ef5d-413f-a466-8114c83a0567"},"geometry":{"type":"Polygon","coordinates":[[[136.2054423020711,35.99691796364525],[136.20537989513682,35.996663386443714],[136.20467210506607,35.99678074274336],[136.204738549466,35.99703842280373],[136.2054423020711,35.99691796364525]]]}},{"type":"Feature","properties":{"pid":"4936ff21-600a-4675-aa6e-cf46a2c268c0"},"geometry":{"type":"Polygon","coordinates":[[[136.2045452379149,35.99692569116518],[136.204523870962,35.99684418753929],[136.20381397845122,35.996965260461494],[136.20383452166385,35.997044943863855],[136.2045452379149,35.99692569116518]]]}},{"type":"Feature","properties":{"pid":"b958acc6-13e3-4222-a3d9-c655fef9374d"},"geometry":{"type":"Polygon","coordinates":[[[136.20469470003556,35.99751398758513],[136.2045716132827,35.99702013840485],[136.20385970746196,35.9971402976738],[136.20398627204082,35.99763506060159],[136.20469470003556,35.99751398758513]]]}},{"type":"Feature","properties":{"pid":"a5926f07-7017-4957-826f-6e9bb8807ede"},"geometry":{"type":"Polygon","coordinates":[[[136.2037575740295,35.99745637533674],[136.20368544191078,35.99717670449182],[136.20297982401902,35.99729699938129],[136.2030486313226,35.997572102820854],[136.2037575740295,35.99745637533674]]]}},{"type":"Feature","properties":{"pid":"2a22e23b-f685-4eab-8b22-1f5698f39ac3"},"geometry":{"type":"Polygon","coordinates":[[[136.20358635535067,35.9968231086605],[136.20288628251333,35.996943170874864],[136.20295295511266,35.99720243054238],[136.20365942722756,35.997083105215886],[136.20358635535067,35.9968231086605]]]}},{"type":"Feature","properties":{"pid":"2a017bba-7f35-41ba-b41d-96fd23524801"},"geometry":{"type":"Polygon","coordinates":[[[136.2033838502044,35.99603337237351],[136.20337316002858,35.99598855648935],[136.20266362537268,35.99610796388353],[136.2026726788917,35.99615214456373],[136.2033838502044,35.99603337237351]]]}},{"type":"Feature","properties":{"pid":"e7232e3e-50fd-4cc6-a0a1-97a93235f47f"},"geometry":{"type":"Polygon","coordinates":[[[136.2037273751862,35.996637651733295],[136.20443112327752,35.996515566342936],[136.20426831098968,35.99585763420317],[136.20356127597492,35.995980659226156],[136.2037273751862,35.996637651733295]]]}},{"type":"Feature","properties":{"pid":"d157066e-7fb5-41d0-ab5d-4d3e9c73441c"},"geometry":{"type":"Polygon","coordinates":[[[136.20449914302722,35.99674967287338],[136.20447837664085,35.996663143628055],[136.20376997172923,35.99678282521516],[136.20379076466804,35.99686978297863],[136.20449914302722,35.99674967287338]]]}},{"type":"Feature","properties":{"pid":"fb6435c9-3bc5-4a5c-9ca5-9f981d45a74d"},"geometry":{"type":"Polygon","coordinates":[[[136.20535462952282,35.996569047378784],[136.20534033797355,35.99651616188192],[136.20463542529268,35.996636564910695],[136.20464825450023,35.996686586874105],[136.20535462952282,35.996569047378784]]]}},{"type":"Feature","properties":{"pid":"f05c12fd-d6d7-4fae-8b94-6f923b10a622"},"geometry":{"type":"Polygon","coordinates":[[[136.20520850823561,35.99600738670137],[136.20513494956234,35.99569781172247],[136.2044186065187,35.995819968426126],[136.20449578040783,35.996128578395286],[136.20520850823561,35.99600738670137]]]}},{"type":"Feature","properties":{"pid":"d4281661-af20-440b-a2a3-fcc09bcb5ede"},"geometry":{"type":"Polygon","coordinates":[[[136.20530275626106,35.996375684559],[136.20523068075258,35.996102842761736],[136.20452107487054,35.996222984009975],[136.20459308575204,35.99649406009841],[136.20530275626106,35.996375684559]]]}},{"type":"Feature","properties":{"pid":"23b5bc07-e901-404e-8834-910f6fdad468"},"geometry":{"type":"Polygon","coordinates":[[[136.20511182609624,35.99560610238953],[136.20508947371474,35.99551842097794],[136.2043738221593,35.99563904145361],[136.2043954611721,35.995727787294754],[136.20511182609624,35.99560610238953]]]}},{"type":"Feature","properties":{"pid":"d92dfa56-b35a-4867-939d-56370b2e9cfe"},"geometry":{"type":"Polygon","coordinates":[[[136.2055611748839,35.99542246978049],[136.2054825410123,35.99524522548016],[136.2052260486208,35.995287369539355],[136.20527646132794,35.995472669981595],[136.2055611748839,35.99542246978049]]]}},{"type":"Feature","properties":{"pid":"05fd30af-f479-4540-acd9-d9bf38c56214"},"geometry":{"type":"Polygon","coordinates":[[[136.2051882383812,35.99512806951769],[136.20520458482898,35.99519569515432],[136.20544089368187,35.99515730654851],[136.20541193788867,35.99509052733822],[136.2051882383812,35.99512806951769]]]}},{"type":"Feature","properties":{"pid":"9cfb5d46-0203-4128-8c30-85d0fa8abac6"},"geometry":{"type":"Polygon","coordinates":[[[136.2050651200379,35.99542691343951],[136.20504383316901,35.9953470079203],[136.20433085399463,35.99546965608168],[136.20435114993086,35.995546686858965],[136.2050651200379,35.99542691343951]]]}},{"type":"Feature","properties":{"pid":"bbe0f56c-ec27-4e56-846d-82940cee5491"},"geometry":{"type":"Polygon","coordinates":[[[136.2043005593311,35.99527910974573],[136.2042848621061,35.99529721875913],[136.20430634616187,35.99537929351532],[136.20501871879353,35.995256497573415],[136.20499592833437,35.995165723250864],[136.2043005593311,35.99527910974573]]]}},{"type":"Feature","properties":{"pid":"8cd26a51-60d1-4b41-b379-ef0621a07cdf"},"geometry":{"type":"Polygon","coordinates":[[[136.20409943633788,35.9951719033103],[136.20402977818813,35.99491604507253],[136.20331653304683,35.99504348121337],[136.20338406251926,35.995296458354005],[136.20409943633788,35.9951719033103]]]}},{"type":"Feature","properties":{"pid":"60d5bd1a-c408-44aa-b2ee-719808c9943a"},"geometry":{"type":"Polygon","coordinates":[[[136.2042464886793,35.99576519976095],[136.20421390472924,35.99563354206069],[136.20350257831643,35.995752019143175],[136.20353735987004,35.99588967376827],[136.2042464886793,35.99576519976095]]]}},{"type":"Feature","properties":{"pid":"81ffe6e6-86a1-481c-bb09-698dfaff8782"},"geometry":{"type":"Polygon","coordinates":[[[136.20419049859504,35.99554073642236],[136.20412740413812,35.99530676811405],[136.2034175430811,35.99542811764477],[136.20347697704284,35.99565948076156],[136.20419049859504,35.99554073642236]]]}},{"type":"Feature","properties":{"pid":"2b1f6419-845e-4572-9e17-ce65fcf85d1d"},"geometry":{"type":"Polygon","coordinates":[[[136.20248611078932,35.995422241887056],[136.20251547035187,35.99544442221838],[136.20321172345132,35.99532097246437],[136.20314827959115,35.995069161872365],[136.20243073020401,35.995191237070436],[136.20248611078932,35.995422241887056]]]}},{"type":"Feature","properties":{"pid":"87111c35-db09-4ccf-a98c-9dde7eca9b44"},"geometry":{"type":"Polygon","coordinates":[[[136.20136554338444,35.99497577842703],[136.20135299285366,35.99499175498452],[136.20146255658412,35.995270050543354],[136.2022646146003,35.9951320861743],[136.2021919002046,35.99483598848931],[136.20136554338444,35.99497577842703]]]}},{"type":"Feature","properties":{"pid":"208e9433-ae35-427a-a58e-3315e9afbb7a"},"geometry":{"type":"Polygon","coordinates":[[[136.2023515477183,35.99546661472797],[136.20228877990033,35.995223228713314],[136.20149658994922,35.99536003689979],[136.20158578116664,35.99559566326],[136.2023515477183,35.99546661472797]]]}},{"type":"Feature","properties":{"pid":"ccccb292-7eff-431d-82de-9bf50a214e01"},"geometry":{"type":"Polygon","coordinates":[[[136.20244493213232,35.995871092595166],[136.20238339985804,35.99562639797694],[136.20164177097155,35.995758825024],[136.20172484505264,35.996002578078375],[136.20244493213232,35.995871092595166]]]}},{"type":"Feature","properties":{"pid":"35bf7de8-c4d0-434e-ab58-4b2ce15efc84"},"geometry":{"type":"Polygon","coordinates":[[[136.20328872380304,35.99564504913431],[136.20324132720927,35.99545637666805],[136.20253482215907,35.99557363052187],[136.202577710688,35.995764460593335],[136.20328872380304,35.99564504913431]]]}},{"type":"Feature","properties":{"pid":"40bfa06c-26de-4e2d-94ab-560010ee789b"},"geometry":{"type":"Polygon","coordinates":[[[136.20335151191273,35.99589478396255],[136.2033126236001,35.99574019174067],[136.20260045311161,35.995859797444126],[136.20263967752663,35.99601595666885],[136.20335151191273,35.99589478396255]]]}},{"type":"Feature","properties":{"pid":"2dc34fce-b015-4094-bd7a-cbc0b4ddd778"},"geometry":{"type":"Polygon","coordinates":[[[136.20253467751473,35.996205758828694],[136.20247114159744,35.99596663138679],[136.2019350343372,35.99606493337568],[136.20253467751473,35.996205758828694]]]}},{"type":"Feature","properties":{"pid":"1721e1aa-5206-46f7-85ec-f514f7cf7da1"},"geometry":{"type":"Polygon","coordinates":[[[136.20123571378045,35.99614751693207],[136.201549826633,35.996093637621655],[136.2015374019704,35.996060076224495],[136.20122705561016,35.996124602426804],[136.20123571378045,35.99614751693207]]]}},{"type":"Feature","properties":{"pid":"e9c76a58-4a88-4596-8166-f527eb653ee9"},"geometry":{"type":"Polygon","coordinates":[[[136.20035760592242,35.996237033325706],[136.20044687546027,35.996238444220246],[136.20062393739568,35.99618761063213],[136.20071044382217,35.99614312101064],[136.2007029469136,35.99613206595551],[136.20035760592242,35.996237033325706]]]}},{"type":"Feature","properties":{"pid":"6b61f61c-7f95-4410-b979-493acfd92d32"},"geometry":{"type":"Polygon","coordinates":[[[136.2008604312847,35.99578843098575],[136.200780561235,35.995528178447564],[136.2006596531798,35.99555352010422],[136.20063927725548,35.99560194876567],[136.20072615911667,35.995743640652606],[136.20071735218815,35.99577724408027],[136.20068545116047,35.99579673248871],[136.2007087348962,35.995835139238686],[136.2008604312847,35.99578843098575]]]}},{"type":"Feature","properties":{"pid":"7ae5e145-2d5e-4d88-8902-8cefd83678de"},"geometry":{"type":"Polygon","coordinates":[[[136.201461847229,35.99588615304992],[136.2014269482671,35.9957961345137],[136.20113588605233,35.99588523800426],[136.20116921071514,35.99595748454055],[136.201461847229,35.99588615304992]]]}},{"type":"Feature","properties":{"pid":"6023b86d-a132-4076-844e-f14d2a6a1fb6"},"geometry":{"type":"Polygon","coordinates":[[[136.20139564670956,35.99562701055243],[136.20113547634034,35.99490807860339],[136.20082626886597,35.99497699627352],[136.20083792377122,35.995036201253924],[136.2008149539512,35.99508471280891],[136.20101501682666,35.9957406700907],[136.20139564670956,35.99562701055243]]]}},{"type":"Feature","properties":{"pid":"98164f68-22d4-47f1-bebe-3d6d7eaebddb"},"geometry":{"type":"Polygon","coordinates":[[[136.20110101331198,35.99481784874227],[136.20094422765445,35.99438752410036],[136.20059438138264,35.99447768747655],[136.20071287426794,35.99463602789351],[136.20080031310886,35.99488445750157],[136.20110101331198,35.99481784874227]]]}},{"type":"Feature","properties":{"pid":"03075358-9b0c-4051-a950-d2ed817f6a21"},"geometry":{"type":"Polygon","coordinates":[[[136.20045046207932,35.99431887950019],[136.2005237879766,35.99439743996047],[136.20090993417796,35.99429721502821],[136.20087545528713,35.99421196881149],[136.20045046207932,35.99431887950019]]]}},{"type":"Feature","properties":{"pid":"00038917-43de-4b10-a067-d85e485d82a9"},"geometry":{"type":"Polygon","coordinates":[[[136.20205276699073,35.99427956926232],[136.2019914470027,35.99405662858502],[136.20106568311445,35.994213978648006],[136.2011421744248,35.99443422867185],[136.20205276699073,35.99427956926232]]]}},{"type":"Feature","properties":{"pid":"5603d746-3d98-4352-a4ac-01eed54dc3be"},"geometry":{"type":"Polygon","coordinates":[[[136.20211640228712,35.9945232923141],[136.2020776523123,35.99437138146075],[136.20117506862786,35.99452468081762],[136.20123392381137,35.994682134654646],[136.20211640228712,35.9945232923141]]]}},{"type":"Feature","properties":{"pid":"c7c3378a-25d1-43af-9577-57ad9f7c7391"},"geometry":{"type":"Polygon","coordinates":[[[136.2014742023417,35.99473462487163],[136.2015087386173,35.9948547035523],[136.20217035977274,35.994742879122484],[136.20213530147197,35.994616279717995],[136.2014742023417,35.99473462487163]]]}},{"type":"Feature","properties":{"pid":"2db8703c-99f5-4bae-b56d-b6b1cfa9c1d9"},"geometry":{"type":"Polygon","coordinates":[[[136.20310791546555,35.99491086114728],[136.20303881032495,35.994646842444894],[136.20232691350955,35.99477518784143],[136.2023926679438,35.995030643918035],[136.20310791546555,35.99491086114728]]]}},{"type":"Feature","properties":{"pid":"cbd11061-ad6b-437e-a7e8-a65e948c8da6"},"geometry":{"type":"Polygon","coordinates":[[[136.20205043819604,35.99360100653655],[136.20272314161429,35.993483959583465],[136.20266726944087,35.99324448494698],[136.2019762931086,35.99341016176565],[136.20201490686404,35.99357721135871],[136.20205043819604,35.99360100653655]]]}},{"type":"Feature","properties":{"pid":"a7583582-514d-41db-9cfa-a804e2aeed0f"},"geometry":{"type":"Polygon","coordinates":[[[136.20177617732824,35.99327063938178],[136.20173377725092,35.99309800583562],[136.2007318586994,35.99333709077619],[136.20079540617854,35.99350460385191],[136.20177617732824,35.99327063938178]]]}},{"type":"Feature","properties":{"pid":"76511293-a9b2-49a2-9fe5-e75e76b73d74"},"geometry":{"type":"Polygon","coordinates":[[[136.20181253758338,35.99341629461001],[136.20179821218574,35.99336186859771],[136.2008326630839,35.993594052543315],[136.20084324967215,35.99361940254499],[136.20181253758338,35.99341629461001]]]}},{"type":"Feature","properties":{"pid":"45ad3b9f-a0b8-462c-aa2c-bdad837beb2d"},"geometry":{"type":"Polygon","coordinates":[[[136.20185526032222,35.99363447476763],[136.2018658858667,35.99362010742677],[136.20183646699593,35.99350770352196],[136.20113746514153,35.99365264114625],[136.20116439451826,35.9937561347134],[136.20185526032222,35.99363447476763]]]}},{"type":"Feature","properties":{"pid":"356a1328-941f-4e1a-8da4-bff4391c32cc"},"geometry":{"type":"Polygon","coordinates":[[[136.2007825638759,35.99399044954313],[136.20063505478575,35.99403019961467],[136.2006794663985,35.99416357029838],[136.20083820381683,35.99412399887054],[136.2007825638759,35.99399044954313]]]}},{"type":"Feature","properties":{"pid":"c9d43f03-a6b4-42db-ac62-efe2bef19c0a"},"geometry":{"type":"Polygon","coordinates":[[[136.2009756927065,35.993160131503544],[136.2008369486968,35.99276544710384],[136.2007421078695,35.99278925657309],[136.20088761383732,35.99318166666554],[136.2009756927065,35.993160131503544]]]}},{"type":"Feature","properties":{"pid":"2006ea15-6f5f-4459-8908-fe9e1677eea4"},"geometry":{"type":"Polygon","coordinates":[[[136.20117484805797,35.99310966998232],[136.20103924397193,35.992718946443574],[136.20094873722869,35.99273912328615],[136.2010859706639,35.99313174977765],[136.20117484805797,35.99310966998232]]]}},{"type":"Feature","properties":{"pid":"3bbc2b7e-610b-4a3c-ae3e-8ccec4f126f0"},"geometry":{"type":"Polygon","coordinates":[[[136.20155737636082,35.99301012060621],[136.20141646287286,35.99262265552964],[136.20134153400545,35.992640382944266],[136.20148306631086,35.99302918541427],[136.20155737636082,35.99301012060621]]]}},{"type":"Feature","properties":{"pid":"e523bc34-2260-4516-bfa3-87937cc4e762"},"geometry":{"type":"Polygon","coordinates":[[[136.20137338052703,35.99305703350903],[136.20123153766,35.99267003629006],[136.20115081972864,35.9926911003328],[136.2012847465421,35.993081042923976],[136.20137338052703,35.99305703350903]]]}},{"type":"Feature","properties":{"pid":"97f68183-e01d-4751-8c0f-344f0d2546fa"},"geometry":{"type":"Polygon","coordinates":[[[136.20177834881744,35.992957303495416],[136.20163448486855,35.99257168733486],[136.20152781921587,35.99259639471106],[136.20166770952326,35.99298303525075],[136.20177834881744,35.992957303495416]]]}},{"type":"Feature","properties":{"pid":"522fcf7a-5299-461f-b203-e53541d948ca"},"geometry":{"type":"Polygon","coordinates":[[[136.20099437981023,35.99259824535611],[136.2008532059606,35.992211121935114],[136.20056269874806,35.9922799586],[136.2007055073813,35.99266704166109],[136.20099437981023,35.99259824535611]]]}},{"type":"Feature","properties":{"pid":"52b53b61-0909-4793-a3e0-0f5725f834c6"},"geometry":{"type":"Polygon","coordinates":[[[136.2009205523908,35.99162443121547],[136.2007081656295,35.991354760265025],[136.20064694888706,35.991384258809624],[136.20071662921688,35.99153945446027],[136.20069964061162,35.991575139453445],[136.20065361823006,35.99159118973181],[136.20067598840282,35.99165102704936],[136.2006706134503,35.991681130586905],[136.20019456782092,35.99185313734075],[136.2002445813705,35.99199143318802],[136.2009205523908,35.99162443121547]]]}},{"type":"Feature","properties":{"pid":"e021a320-b5ee-4cfb-b701-bcf18b0c90c0"},"geometry":{"type":"Polygon","coordinates":[[[136.20126445814734,35.99158621594974],[136.20072834974997,35.991863754146635],[136.20090183877824,35.99207916689755],[136.20139850043694,35.991958404922954],[136.20126445814734,35.99158621594974]]]}},{"type":"Feature","properties":{"pid":"af36ef43-289f-4623-9f7f-6e6e60efd0f7"},"geometry":{"type":"Polygon","coordinates":[[[136.20172626357808,35.991504141709385],[136.20164198861042,35.991392647405505],[136.2014059198164,35.991521882844324],[136.2014479703681,35.99163466963186],[136.20172626357808,35.991504141709385]]]}},{"type":"Feature","properties":{"pid":"d8a91933-b5e4-4654-acab-ec5b63d0ddfb"},"geometry":{"type":"Polygon","coordinates":[[[136.20184598017863,35.99185855269399],[136.20175517550516,35.991604235740425],[136.20148624517086,35.99172994134415],[136.2015582074005,35.991926024336585],[136.20184598017863,35.99185855269399]]]}},{"type":"Feature","properties":{"pid":"1af3edbd-041e-4005-b701-e0ac0ab79228"},"geometry":{"type":"Polygon","coordinates":[[[136.2015788864796,35.99245207557226],[136.2014363206687,35.99207097903444],[136.20096385379625,35.992185556604035],[136.20110642805594,35.992570670302996],[136.2015788864796,35.99245207557226]]]}},{"type":"Feature","properties":{"pid":"50edf6ef-98e9-486c-a8ac-f34dd87705cc"},"geometry":{"type":"Polygon","coordinates":[[[136.20173448229335,35.99240830244565],[136.20200951133947,35.9923412912402],[136.20187355194886,35.991959799624645],[136.20159183996344,35.992025064822506],[136.20173448229335,35.99240830244565]]]}},{"type":"Feature","properties":{"pid":"0a901c64-df42-4320-a1a6-928ddc3702f3"},"geometry":{"type":"Polygon","coordinates":[[[136.2024194557552,35.99223050557959],[136.20231794154944,35.99185258220822],[136.20198416855834,35.99193155704462],[136.20211972751343,35.992311923650185],[136.2024194557552,35.99223050557959]]]}},{"type":"Feature","properties":{"pid":"1e9de960-3f90-44c9-93dc-fff778e61873"},"geometry":{"type":"Polygon","coordinates":[[[136.20224374110913,35.99154992859051],[136.2021015883219,35.99143908185661],[136.20185680732484,35.99155643933421],[136.20195616329457,35.9918320052425],[136.2022981484663,35.99174909301493],[136.20224374110913,35.99154992859051]]]}},{"type":"Feature","properties":{"pid":"c171c0ab-a5b2-4119-8ebe-4552688bf3e7"},"geometry":{"type":"Polygon","coordinates":[[[136.20251844890282,35.99177399320936],[136.20251452381154,35.99191753973525],[136.2025815382606,35.99217159267361],[136.20293541887983,35.99211077523058],[136.20251844890282,35.99177399320936]]]}},{"type":"Feature","properties":{"pid":"3b5720b3-2b79-41ed-b510-aeb473a3c9e8"},"geometry":{"type":"Polygon","coordinates":[[[136.20178314535485,35.99253232452174],[136.20192861649056,35.992921791004996],[136.20256299635818,35.99277067647525],[136.2024584606776,35.9923675581304],[136.20178314535485,35.99253232452174]]]}},{"type":"Feature","properties":{"pid":"9231164a-a2f8-4eee-8e5c-3c54dd9e5ee1"},"geometry":{"type":"Polygon","coordinates":[[[136.20264477656625,35.9931540849623],[136.20258109897216,35.99288432406663],[136.20189028487846,35.993053754593184],[136.2019515573858,35.993318539355776],[136.20264477656625,35.9931540849623]]]}},{"type":"Feature","properties":{"pid":"2087c82c-1932-49a7-b7d7-d7ff8dc4f21b"},"geometry":{"type":"Polygon","coordinates":[[[136.20361279714393,35.99333466611088],[136.20352820605538,35.99300263392545],[136.2028313811219,35.99312141950043],[136.20291014625272,35.99345359004674],[136.20361279714393,35.99333466611088]]]}},{"type":"Feature","properties":{"pid":"b24b8d41-8741-4e25-b7c9-5dd0b31edc03"},"geometry":{"type":"Polygon","coordinates":[[[136.20276421980842,35.99284365721135],[136.20280922788584,35.99302486071042],[136.2035040035462,35.99290835419247],[136.20345790813994,35.99272513259926],[136.20276421980842,35.99284365721135]]]}},{"type":"Feature","properties":{"pid":"6d63b8e0-902d-48c2-bde9-b7036b11b2a2"},"geometry":{"type":"Polygon","coordinates":[[[136.20362394521018,35.99272297250509],[136.2037751493729,35.99329725260297],[136.20412073902128,35.99325025864637],[136.20394298372116,35.993055946741585],[136.20390122418098,35.99303802445805],[136.20378766624825,35.99291482287416],[136.20378101191747,35.992881355337026],[136.20362394521018,35.99272297250509]]]}},{"type":"Feature","properties":{"pid":"1a68c2a6-ccd1-44fc-a92b-df025bd04380"},"geometry":{"type":"Polygon","coordinates":[[[136.20434745484735,35.992611983862005],[136.20413658534855,35.992645609387175],[136.20443412043932,35.99295148644993],[136.20434745484735,35.992611983862005]]]}},{"type":"Feature","properties":{"pid":"ca207ea7-7b2d-4b82-a4d1-020868f89c3e"},"geometry":{"type":"Polygon","coordinates":[[[136.20431460252647,35.99252131132841],[136.20432295344133,35.99250705279299],[136.20425688703435,35.99224574155753],[136.20378527079387,35.99232681077103],[136.2040481435323,35.992566266996164],[136.20431460252647,35.99252131132841]]]}},{"type":"Feature","properties":{"pid":"ac5ab492-fb2f-4eb4-b80e-f05008e38492"},"geometry":{"type":"Polygon","coordinates":[[[136.20273528020928,35.992748284932475],[136.20343809293533,35.99263069953146],[136.20340891328442,35.99251427550819],[136.2030947732268,35.99223916225017],[136.2026252938633,35.992317257882355],[136.20273528020928,35.992748284932475]]]}},{"type":"Feature","properties":{"pid":"c5c5b968-1f1c-4e37-b6b2-3c865b24f74b"},"geometry":{"type":"Polygon","coordinates":[[[136.20316009013337,35.991791425032325],[136.20322225158873,35.99178267239552],[136.20314992366417,35.99150932079361],[136.20287301753123,35.991558485030325],[136.20316009013337,35.991791425032325]]]}},{"type":"Feature","properties":{"pid":"dc1bf1f8-3e8d-4d10-98a7-002823f91319"},"geometry":{"type":"Polygon","coordinates":[[[136.20414553084777,35.991902544740945],[136.2040339615937,35.991465568626914],[136.20333766042899,35.99158201718902],[136.2034470308063,35.99201915941772],[136.20414553084777,35.991902544740945]]]}},{"type":"Feature","properties":{"pid":"1700c5a7-d6c1-45e8-8834-4b97b39e704e"},"geometry":{"type":"Polygon","coordinates":[[[136.20359555758117,35.992154935450934],[136.20369507704606,35.99224653855305],[136.2042350235436,35.99215404627522],[136.20421928080108,35.992088839069474],[136.204166166503,35.99205842660438],[136.20359555758117,35.992154935450934]]]}},{"type":"Feature","properties":{"pid":"eb698ca0-d6dc-4f75-8f18-34908300a5b2"},"geometry":{"type":"Polygon","coordinates":[[[136.2044024419784,35.9920105873621],[136.20446581902382,35.99227283012702],[136.20517246133724,35.992152932377884],[136.2051067145176,35.991888548807005],[136.2044024419784,35.9920105873621]]]}},{"type":"Feature","properties":{"pid":"b371b64f-7681-4072-bea6-5c1bf9ff4474"},"geometry":{"type":"Polygon","coordinates":[[[136.2043743341934,35.991875875279185],[136.20505508221518,35.99175701531945],[136.20506420056964,35.99174192036727],[136.2049998148975,35.991481002268785],[136.20430128372934,35.99160693334704],[136.2043743341934,35.991875875279185]]]}},{"type":"Feature","properties":{"pid":"358bad75-ff33-4050-aa46-61d597d47b79"},"geometry":{"type":"Polygon","coordinates":[[[136.205924970892,35.99160190248657],[136.20586012181474,35.99134126112502],[136.20515183820547,35.991461746088696],[136.20521472951802,35.99172326589444],[136.205924970892,35.99160190248657]]]}},{"type":"Feature","properties":{"pid":"90c385de-568f-4ba7-a0d8-2b3dcafba971"},"geometry":{"type":"Polygon","coordinates":[[[136.2052618026157,35.99251042530299],[136.20519379521397,35.99224470233763],[136.2044887064559,35.992363162305246],[136.20455745591218,35.99262779806781],[136.2052618026157,35.99251042530299]]]}},{"type":"Feature","properties":{"pid":"c197a8b3-22c5-4042-96df-e873ae2eef22"},"geometry":{"type":"Polygon","coordinates":[[[136.20534246755955,35.993046324875856],[136.20539091737248,35.993011313459846],[136.20528472293967,35.992602104054626],[136.20458079577415,35.992718697569195],[136.20465396949527,35.993002060303816],[136.20477524512123,35.9931091841513],[136.20488031800127,35.99312728612204],[136.20534246755955,35.993046324875856]]]}},{"type":"Feature","properties":{"pid":"6117a934-ceba-458d-aba1-5c1c745bd484"},"geometry":{"type":"Polygon","coordinates":[[[136.20499974447202,35.993515637952775],[136.20504562199417,35.99352492360679],[136.20550457697206,35.99344932987681],[136.20544083759563,35.99319234463461],[136.20474510487085,35.99330513245692],[136.20492125780495,35.99352838597217],[136.20499974447202,35.993515637952775]]]}},{"type":"Feature","properties":{"pid":"968f858c-1f24-4ac0-b25b-54b8ae0af5e1"},"geometry":{"type":"Polygon","coordinates":[[[136.20562165919713,35.993911380057725],[136.20552806300444,35.99354197528421],[136.2050171692351,35.9936255677659],[136.20506125888903,35.993703594728395],[136.20505614833715,35.99373551070085],[136.2052204238957,35.993976783955375],[136.20562165919713,35.993911380057725]]]}},{"type":"Feature","properties":{"pid":"5d95cc52-51a1-4d8c-8695-23505abedb5b"},"geometry":{"type":"Polygon","coordinates":[[[136.2038156918577,35.994070342140255],[136.20376843952508,35.99389271485347],[136.2030593895,35.99400787644854],[136.2031001001148,35.99419047699936],[136.2038156918577,35.994070342140255]]]}},{"type":"Feature","properties":{"pid":"3004c2e1-c05c-4e9d-9ba3-aae770b6bbcf"},"geometry":{"type":"Polygon","coordinates":[[[136.20386361887105,35.99425286571043],[136.2038401442973,35.99416180823428],[136.20312163186185,35.99428266009664],[136.2031445531806,35.994375560286834],[136.20386361887105,35.99425286571043]]]}},{"type":"Feature","properties":{"pid":"57951bfa-0b9b-444e-b972-64aeb7d60acf"},"geometry":{"type":"Polygon","coordinates":[[[136.20400536045366,35.99482466026531],[136.20388477423853,35.994344537732594],[136.20316931932138,35.994468158306475],[136.20329221963183,35.99495302720587],[136.20400536045366,35.99482466026531]]]}},{"type":"Feature","properties":{"pid":"8a724850-fc27-47fe-97d2-c650e260212b"},"geometry":{"type":"Polygon","coordinates":[[[136.2049634101434,35.995025323139636],[136.20489574613163,35.99476089123537],[136.20418210772112,35.994884460901226],[136.20425098024808,35.99514607838716],[136.2049634101434,35.995025323139636]]]}},{"type":"Feature","properties":{"pid":"55463113-71f9-4872-9d14-aae98e8aa647"},"geometry":{"type":"Polygon","coordinates":[[[136.20487407126373,35.994669861058874],[136.20485105625318,35.994577357377416],[136.2041333907902,35.99469318984066],[136.2041594107602,35.99479355012022],[136.20487407126373,35.994669861058874]]]}},{"type":"Feature","properties":{"pid":"3af46ecb-5dbe-4285-96a0-3b9123f745a1"},"geometry":{"type":"Polygon","coordinates":[[[136.2057742507397,35.99449617615313],[136.2056461619828,35.99400211020965],[136.2052827620252,35.99406226804585],[136.20558290807514,35.994531561381706],[136.2057742507397,35.99449617615313]]]}},{"type":"Feature","properties":{"pid":"f9fb5554-da73-4b27-93c9-a9b700a71010"},"geometry":{"type":"Polygon","coordinates":[[[136.20664891804208,35.994393619814815],[136.2065807089921,35.99411008105029],[136.20586281751238,35.99422899608322],[136.20593613990548,35.994518718217286],[136.20664891804208,35.994393619814815]]]}},{"type":"Feature","properties":{"pid":"a16185e0-1615-4fa9-acb6-36395fae8d86"},"geometry":{"type":"Polygon","coordinates":[[[136.2078665709109,35.99514209226192],[136.20776540992432,35.99467294340512],[136.20695575793002,35.9948136083533],[136.20707016052577,35.995265213221565],[136.2078665709109,35.99514209226192]]]}},{"type":"Feature","properties":{"pid":"fc40197f-379a-4690-a09a-5f8f0bba53fa"},"geometry":{"type":"Polygon","coordinates":[[[136.20773921421818,35.994543993913766],[136.20769378073837,35.99432445627543],[136.20686618022876,35.99446602365552],[136.20691701276112,35.99468460162589],[136.20773921421818,35.994543993913766]]]}},{"type":"Feature","properties":{"pid":"4f1b716b-3208-4cd5-af15-92a2e159841d"},"geometry":{"type":"Polygon","coordinates":[[[136.20757961107853,35.99377261436989],[136.2075318036886,35.993533261199],[136.2066672692844,35.993679519552984],[136.206724573456,35.993914457204895],[136.20757961107853,35.99377261436989]]]}},{"type":"Feature","properties":{"pid":"b180e61e-5aaa-4ae8-88d4-8747fdcef7cb"},"geometry":{"type":"Polygon","coordinates":[[[136.20767495100156,35.99422834025631],[136.20759927917123,35.99387120910712],[136.20675071862465,35.994011410527406],[136.20684228407677,35.99436688466265],[136.20767495100156,35.99422834025631]]]}},{"type":"Feature","properties":{"pid":"7156d3c8-b39e-4d86-ad01-9a785e9b0c17"},"geometry":{"type":"Polygon","coordinates":[[[136.20769225765036,35.99342687269697],[136.20770171133984,35.99347229229552],[136.20851646749756,35.99336258704943],[136.20850639841643,35.993315118568944],[136.20769225765036,35.99342687269697]]]}},{"type":"Feature","properties":{"pid":"f6096c19-1e09-491e-9515-5277d3cbd266"},"geometry":{"type":"Polygon","coordinates":[[[136.2075088385583,35.99343661402298],[136.20744163438616,35.99309428008297],[136.20654956167363,35.993243525232636],[136.2066406790782,35.993582724388226],[136.2075088385583,35.99343661402298]]]}},{"type":"Feature","properties":{"pid":"0583bd94-3489-4279-9ad3-545848ae577d"},"geometry":{"type":"Polygon","coordinates":[[[136.20655821547342,35.99401729843071],[136.20654522033826,35.99396259026496],[136.20582559970913,35.994081406117765],[136.20584035402626,35.99413734800275],[136.20655821547342,35.99401729843071]]]}},{"type":"Feature","properties":{"pid":"c087b333-eb08-4de0-944d-6e0b806a6df8"},"geometry":{"type":"Polygon","coordinates":[[[136.20630554936167,35.993045478728696],[136.20558995943676,35.99317011798354],[136.20580340022542,35.99399021865047],[136.20652309299223,35.993869988420855],[136.20630554936167,35.993045478728696]]]}},{"type":"Feature","properties":{"pid":"c77ea76f-782b-4f18-b1d3-aef2f98987ab"},"geometry":{"type":"Polygon","coordinates":[[[136.20557875336917,35.9930098237227],[136.20625868547714,35.99289182773599],[136.20618571488117,35.9926018730427],[136.20547538471263,35.99272125811734],[136.20554168737263,35.99298698926695],[136.20557875336917,35.9930098237227]]]}},{"type":"Feature","properties":{"pid":"fdb49341-8084-4625-be6e-cdeda4a262b2"},"geometry":{"type":"Polygon","coordinates":[[[136.20616303840984,35.9925114718301],[136.20608508646964,35.99221432330456],[136.20537341947116,35.992338534196506],[136.20545263660577,35.992631239547336],[136.20616303840984,35.9925114718301]]]}},{"type":"Feature","properties":{"pid":"ccb2e4d5-ff2a-4a42-9780-5dd41fda084d"},"geometry":{"type":"Polygon","coordinates":[[[136.20606239840973,35.99212391884665],[136.2059595846279,35.99173798257481],[136.20525148099114,35.99186154736733],[136.20534880279732,35.99224743474432],[136.20606239840973,35.99212391884665]]]}},{"type":"Feature","properties":{"pid":"90c7de3a-41ac-4af3-b9df-b23c365125db"},"geometry":{"type":"Polygon","coordinates":[[[136.20710372425538,35.99182382936927],[136.20705009319371,35.99164645229452],[136.20703306909502,35.99152261048939],[136.20614918215057,35.991671026856494],[136.20622456632793,35.99196919468831],[136.20710372425538,35.99182382936927]]]}},{"type":"Feature","properties":{"pid":"c6bd148a-1493-480e-88d3-83ee7e99a081"},"geometry":{"type":"Polygon","coordinates":[[[136.20721298698876,35.99212923790899],[136.20716708168575,35.99199938834833],[136.2062716292063,35.992149447999154],[136.20630627612243,35.992280358726404],[136.20721298698876,35.99212923790899]]]}},{"type":"Feature","properties":{"pid":"d23ae80f-cb8b-4eb8-98d4-0eb22321607f"},"geometry":{"type":"Polygon","coordinates":[[[136.20757583963098,35.99185327631844],[136.20741264661322,35.9916183670132],[136.20725359017206,35.9916331034232],[136.20733427498791,35.99188826907412],[136.20757583963098,35.99185327631844]]]}},{"type":"Feature","properties":{"pid":"bbbdb73c-ccc9-4f6d-99c9-54b549c2b375"},"geometry":{"type":"Polygon","coordinates":[[[136.20774840449963,35.99210171035728],[136.20763719446376,35.99193854662482],[136.20736823681386,35.99197741609483],[136.2074315746621,35.99214849515747],[136.20774840449963,35.99210171035728]]]}},{"type":"Feature","properties":{"pid":"b9e1c70d-2407-407d-b38f-56ef7d0b2091"},"geometry":{"type":"Polygon","coordinates":[[[136.207501241621,35.99245486314067],[136.20795048766047,35.99238570820172],[136.2078082651763,35.992186642012456],[136.20745621783195,35.992238819449675],[136.207501241621,35.99245486314067]]]}},{"type":"Feature","properties":{"pid":"4975cb2f-64c1-4019-82ea-733332c0a393"},"geometry":{"type":"Polygon","coordinates":[[[136.20753314813842,35.992544348417724],[136.20752312304637,35.992557013488636],[136.2075915395635,35.992886134004664],[136.2082419002588,35.99279270450906],[136.20801042304896,35.99247013107315],[136.20753314813842,35.992544348417724]]]}},{"type":"Feature","properties":{"pid":"133ebc61-a676-4e6d-aea0-2974c0ce0d4e"},"geometry":{"type":"Polygon","coordinates":[[[136.2064564748497,35.99288055868568],[136.20736799306658,35.992721909687184],[136.20726929325963,35.99225481967333],[136.2063421066257,35.992407766368785],[136.2064564748497,35.99288055868568]]]}},{"type":"Feature","properties":{"pid":"610fc94c-378c-433a-bab6-16ee80b54de4"},"geometry":{"type":"Polygon","coordinates":[[[136.20649192645067,35.99300537799189],[136.20652623502608,35.99314967290074],[136.20742297167888,35.992998526829574],[136.20739523253624,35.99285938922545],[136.20649192645067,35.99300537799189]]]}},{"type":"Feature","properties":{"pid":"1f8e71cd-aa96-4345-927f-b34a9c9e5768"},"geometry":{"type":"Polygon","coordinates":[[[136.20851211870772,35.993185639764725],[136.20830236793878,35.992879341240716],[136.2076094265411,35.992978015118275],[136.20767712430083,35.99329671410392],[136.20851211870772,35.993185639764725]]]}},{"type":"Feature","properties":{"pid":"3b99041f-8202-4966-9982-fa1ab6165637"},"geometry":{"type":"Polygon","coordinates":[[[136.20930668334748,35.992532618342175],[136.20923649284092,35.99217531125599],[136.20889587316415,35.992210806700854],[136.20913603139456,35.992551080306875],[136.20930668334748,35.992532618342175]]]}},{"type":"Feature","properties":{"pid":"d0f07ad0-d939-4c90-9f4f-c18a7e49e20f"},"geometry":{"type":"Polygon","coordinates":[[[136.2082798121944,35.991503055198734],[136.20851729875494,35.99183600219272],[136.2085852353587,35.99179086141308],[136.2082798121944,35.991503055198734]]]}},{"type":"Feature","properties":{"pid":"5e25f7b4-6f91-4ea4-98e2-fc8903fff440"},"geometry":{"type":"Polygon","coordinates":[[[136.20952032611726,35.99201190392772],[136.20912491177268,35.991636758778],[136.20887900455463,35.99181646499691],[136.20912464697398,35.99205819370392],[136.20952032611726,35.99201190392772]]]}},{"type":"Feature","properties":{"pid":"ff5a1257-b1e0-4735-a8f6-117d9920b9bc"},"geometry":{"type":"Polygon","coordinates":[[[136.20898557490813,35.99207079115309],[136.20878773750923,35.99188015324015],[136.20868360468128,35.99195385172493],[136.2088202640383,35.99209265500514],[136.20898557490813,35.99207079115309]]]}},{"type":"Feature","properties":{"pid":"2f55ab1d-6993-4d40-a6cd-4cae799c1c0d"},"geometry":{"type":"Polygon","coordinates":[[[136.20952268434058,35.99250445210404],[136.209452577942,35.99214977787812],[136.20934840089012,35.99216057824905],[136.20941838369944,35.992518508895806],[136.20952268434058,35.99250445210404]]]}},{"type":"Feature","properties":{"pid":"636bb047-d671-4452-9b22-75fd4e569747"},"geometry":{"type":"Polygon","coordinates":[[[136.20977158397145,35.99247153021982],[136.20969607250748,35.99212392045447],[136.20956539795586,35.99213732354882],[136.20963597883875,35.99248929451374],[136.20977158397145,35.99247153021982]]]}},{"type":"Feature","properties":{"pid":"6994d5ac-757b-416c-a427-b72e58a4ba89"},"geometry":{"type":"Polygon","coordinates":[[[136.20994031380425,35.99184577653096],[136.20946931197622,35.99140346866183],[136.20921544835159,35.99157367865447],[136.20965818853773,35.99199819333532],[136.20972497768156,35.991994198402196],[136.20994031380425,35.99184577653096]]]}},{"type":"Feature","properties":{"pid":"1d818c44-a1e9-42ec-91c4-dfaf532d10ad"},"geometry":{"type":"Polygon","coordinates":[[[136.21030168582243,35.991933574782166],[136.21019238527393,35.99183161598753],[136.2099913663848,35.99197249476544],[136.21030168582243,35.991933574782166]]]}},{"type":"Feature","properties":{"pid":"2f63f79b-c4f9-4583-bcf8-cd38c3075ed3"},"geometry":{"type":"Polygon","coordinates":[[[136.21060907701306,35.9918920451757],[136.21039790914494,35.991694655454125],[136.21028044932993,35.99177161070103],[136.21043510229646,35.991914963637505],[136.21060907701306,35.9918920451757]]]}},{"type":"Feature","properties":{"pid":"31c1f707-eb04-42e1-bce5-1573082b38d5"},"geometry":{"type":"Polygon","coordinates":[[[136.2103238666669,35.99239476104947],[136.21025568420123,35.992060409658585],[136.20980981535595,35.99211165309225],[136.20988319434713,35.992455398977796],[136.2103238666669,35.99239476104947]]]}},{"type":"Feature","properties":{"pid":"5800d2e8-0a84-4269-8178-a4d3f9418389"},"geometry":{"type":"Polygon","coordinates":[[[136.21079581262163,35.99233391733985],[136.21072728545175,35.992007595956245],[136.21037010547843,35.992047904590294],[136.21043643727182,35.99237809757496],[136.21079581262163,35.99233391733985]]]}},{"type":"Feature","properties":{"pid":"00dd9213-d172-44dc-827b-724dd7dd3b93"},"geometry":{"type":"Polygon","coordinates":[[[136.21011489444285,35.99348585425336],[136.20992487349355,35.992591052584665],[136.20922103146333,35.992684304185076],[136.20923168176094,35.99283404075128],[136.2097352061655,35.99353961539309],[136.21011489444285,35.99348585425336]]]}},{"type":"Feature","properties":{"pid":"4a04f2a8-589c-4428-952f-0460bb12f9c5"},"geometry":{"type":"Polygon","coordinates":[[[136.2103173578749,35.99345192310656],[136.21013443093605,35.992562707649626],[136.21003892948514,35.992576404006606],[136.21022853845597,35.99346611848187],[136.2103173578749,35.99345192310656]]]}},{"type":"Feature","properties":{"pid":"27b2efbc-26ae-4566-acab-fb83ba1c7b75"},"geometry":{"type":"Polygon","coordinates":[[[136.2106547172485,35.99340945738891],[136.21047654864756,35.992511480567494],[136.2102475109629,35.99254527434489],[136.21043051178202,35.993436468456025],[136.2106547172485,35.99340945738891]]]}},{"type":"Feature","properties":{"pid":"6077471b-a4e6-480f-8542-86426a8c68eb"},"geometry":{"type":"Polygon","coordinates":[[[136.20980787605993,35.99365775535382],[136.2104019296546,35.99446721161113],[136.21072734331548,35.99441786803098],[136.21053553021892,35.99355805227003],[136.20980787605993,35.99365775535382]]]}},{"type":"Feature","properties":{"pid":"2f4ef47f-3b1f-407b-9b2c-9cf7787fd305"},"geometry":{"type":"Polygon","coordinates":[[[136.208552269525,35.99353136394137],[136.208537439323,35.99346145141792],[136.20772228793106,35.99357115423164],[136.2077377090872,35.99364524134185],[136.208552269525,35.99353136394137]]]}},{"type":"Feature","properties":{"pid":"a4e8d605-6b37-43b7-9e8e-ffb23b5e6346"},"geometry":{"type":"Polygon","coordinates":[[[136.2085726788872,35.99362757927439],[136.2077582896794,35.99374411826557],[136.20786108629514,35.99423799203478],[136.2086792124369,35.994129805764295],[136.2085726788872,35.99362757927439]]]}},{"type":"Feature","properties":{"pid":"0c7dec9a-3a88-45cc-a9eb-46ab9069dad2"},"geometry":{"type":"Polygon","coordinates":[[[136.20874027292868,35.99354750268383],[136.20890423002766,35.99433632349571],[136.2092517376599,35.99429113354789],[136.20874027292868,35.99354750268383]]]}},{"type":"Feature","properties":{"pid":"220bb662-170c-4ea1-8980-13bbe59bddab"},"geometry":{"type":"Polygon","coordinates":[[[136.2079327063432,35.99459766036098],[136.20875166843587,35.99448841243158],[136.20869532280085,35.99422370219078],[136.2078813282517,35.994331335314165],[136.2079327063432,35.99459766036098]]]}},{"type":"Feature","properties":{"pid":"e543a312-5c9b-4d68-9bfb-87c844d740ce"},"geometry":{"type":"Polygon","coordinates":[[[136.20883377645058,35.99493505804042],[136.20876727043236,35.99458164656559],[136.20795469240716,35.99468909191602],[136.20802603581143,35.99504398848833],[136.20883377645058,35.99493505804042]]]}},{"type":"Feature","properties":{"pid":"5d066c43-a852-4f92-9b14-346843aef926"},"geometry":{"type":"Polygon","coordinates":[[[136.2096029124468,35.994792209179664],[136.20931311980482,35.99437911385076],[136.20892587884842,35.99442919072765],[136.20900787281076,35.99486789546719],[136.2096029124468,35.994792209179664]]]}},{"type":"Feature","properties":{"pid":"5558db37-902d-4bbb-86c5-f26d449d2f2d"},"geometry":{"type":"Polygon","coordinates":[[[136.21014136454824,35.99554308405939],[136.20966658075253,35.994881846620274],[136.20902993047545,35.99495990581498],[136.20918356889803,35.995689106782514],[136.21014136454824,35.99554308405939]]]}},{"type":"Feature","properties":{"pid":"f96775d3-d633-496a-8d36-bdbce85e7371"},"geometry":{"type":"Polygon","coordinates":[[[136.2103906833783,35.99581809029059],[136.21045756890476,35.996132658363045],[136.21059920200193,35.996117317341515],[136.2103906833783,35.99581809029059]]]}},{"type":"Feature","properties":{"pid":"708cd72d-3873-4c91-94ff-e7c2b4daa6f6"},"geometry":{"type":"Polygon","coordinates":[[[136.2103660668344,35.9965644504372],[136.2102999461006,35.99625611914573],[136.20932349369207,35.99638521009198],[136.20938736242547,35.996700469428795],[136.2103660668344,35.9965644504372]]]}},{"type":"Feature","properties":{"pid":"d6d2f22c-436f-4d60-a9f9-66544a7ae930"},"geometry":{"type":"Polygon","coordinates":[[[136.21040626911974,35.99675027204366],[136.21038909853118,35.99665764932923],[136.20940897303993,35.99679305855597],[136.2094274616472,35.99688054374907],[136.21040626911974,35.99675027204366]]]}},{"type":"Feature","properties":{"pid":"a516df7b-311a-4bda-9035-9725a351a591"},"geometry":{"type":"Polygon","coordinates":[[[136.20929600472624,35.99626028279316],[136.21027522734275,35.996130055953685],[136.21020446983073,35.995733115188685],[136.20921748327478,35.99587686414396],[136.20929600472624,35.99626028279316]]]}},{"type":"Feature","properties":{"pid":"fac345e4-5bc9-4e06-aeec-9f3a9797ba26"},"geometry":{"type":"Polygon","coordinates":[[[136.2085194481945,35.99743473926363],[136.20933555934377,35.997322956784274],[136.20904713077098,35.99590953599291],[136.20824583870626,35.99604455829191],[136.2085194481945,35.99743473926363]]]}},{"type":"Feature","properties":{"pid":"fb3abcfe-1a40-4ff9-87b7-eaa1e874d6ee"},"geometry":{"type":"Polygon","coordinates":[[[136.20813540324878,35.99557924584994],[136.20894134232867,35.99546456793563],[136.20891496129053,35.99534488781527],[136.2081109829686,35.99546095031794],[136.20813540324878,35.99557924584994]]]}},{"type":"Feature","properties":{"pid":"d2416b1b-5465-4cbf-a729-a68d69452c1c"},"geometry":{"type":"Polygon","coordinates":[[[136.20899613822488,35.99573554428385],[136.20896292388124,35.995557667519506],[136.20815582381783,35.995670934062815],[136.2081997382061,35.995878957483505],[136.20899613822488,35.99573554428385]]]}},{"type":"Feature","properties":{"pid":"c9c9ab0b-5f99-4e00-adac-8fe2db06591e"},"geometry":{"type":"Polygon","coordinates":[[[136.20809064495077,35.995369017381016],[136.20889697717578,35.99525349455024],[136.20885325720494,35.995028293387314],[136.20804565049562,35.995137446168336],[136.20809064495077,35.995369017381016]]]}},{"type":"Feature","properties":{"pid":"a8530cd3-7dfd-4e12-b44b-b067277c36ef"},"geometry":{"type":"Polygon","coordinates":[[[136.20791914928202,35.99540765823588],[136.2078852072204,35.99524047533759],[136.20709956935212,35.9953630144014],[136.20714672600766,35.99553853770455],[136.20791914928202,35.99540765823588]]]}},{"type":"Feature","properties":{"pid":"895fd253-a471-4fc8-b7e5-87b1be96f3e0"},"geometry":{"type":"Polygon","coordinates":[[[136.20727169141065,35.99603060090825],[136.20801747114473,35.99590687194212],[136.20793948477686,35.99550334106932],[136.20717350784795,35.99563427226397],[136.20727169141065,35.99603060090825]]]}},{"type":"Feature","properties":{"pid":"9f6ce9df-b334-4de4-8516-5e42b0f75abb"},"geometry":{"type":"Polygon","coordinates":[[[136.20688778095194,35.995309885785595],[136.20683524593326,35.99508715337453],[136.20612735306776,35.99520574567951],[136.20618368250058,35.995426719284666],[136.20688778095194,35.995309885785595]]]}},{"type":"Feature","properties":{"pid":"3ddc608b-a8d2-4f2f-ba7d-46139ce56b0a"},"geometry":{"type":"Polygon","coordinates":[[[136.20698574500798,35.99570267415559],[136.2069053051778,35.99540363745399],[136.20621126192327,35.99551898236254],[136.20628119951118,35.9958261672247],[136.20698574500798,35.99570267415559]]]}},{"type":"Feature","properties":{"pid":"0710961b-c962-4944-b939-00c8da57447c"},"geometry":{"type":"Polygon","coordinates":[[[136.20707876502286,35.99606176106684],[136.207007949038,35.99579789892829],[136.20630124116255,35.995921772269234],[136.2063689505859,35.99618284588992],[136.20707876502286,35.99606176106684]]]}},{"type":"Feature","properties":{"pid":"c1d2ebb1-8251-455d-8e9b-12e7610ced77"},"geometry":{"type":"Polygon","coordinates":[[[136.20587879276556,35.996270623857335],[136.20564420914994,35.99561699922777],[136.2053298089673,35.99566896440127],[136.2055028946534,35.996332978006734],[136.20587879276556,35.996270623857335]]]}},{"type":"Feature","properties":{"pid":"b95aca88-d1c7-4a8e-bb1b-8b8e04509f31"},"geometry":{"type":"Polygon","coordinates":[[[136.20600975650422,35.99672608372138],[136.20592699310527,35.99641842352045],[136.20553926605893,35.99648437813271],[136.20561141692755,35.99678928875968],[136.20600975650422,35.99672608372138]]]}},{"type":"Feature","properties":{"pid":"635ccfd6-5e85-4f3c-b016-fde5ab354691"},"geometry":{"type":"Polygon","coordinates":[[[136.20821196854845,35.996813790210105],[136.20812881013276,35.99640921312056],[136.2074028604877,35.99653001221783],[136.20750356945848,35.99693472494887],[136.20821196854845,35.996813790210105]]]}},{"type":"Feature","properties":{"pid":"45ee37b5-dda1-43e8-8ae8-68e1eb3eb3fb"},"geometry":{"type":"Polygon","coordinates":[[[136.20758644041686,35.99725687942072],[136.20828339066017,35.99714122628553],[136.2082736919907,35.997100910979164],[136.20757759842965,35.99721942890493],[136.20758644041686,35.99725687942072]]]}},{"type":"Feature","properties":{"pid":"268e79b3-7e56-43ec-8a13-0731252de5bb"},"geometry":{"type":"Polygon","coordinates":[[[136.2075543255435,35.997123612792905],[136.2082524924205,35.997006626091554],[136.20823293418232,35.996911398127345],[136.20753009326054,35.99703064148474],[136.2075543255435,35.997123612792905]]]}},{"type":"Feature","properties":{"pid":"1cac24c7-e085-4ca1-992b-1fe46f866d59"},"geometry":{"type":"Polygon","coordinates":[[[136.2083060950805,35.9972371840357],[136.2076097987471,35.99734879551911],[136.20777388287016,35.9979786106742],[136.20827356052524,35.99789540301746],[136.20834808747975,35.997434423366514],[136.2083060950805,35.9972371840357]]]}},{"type":"Feature","properties":{"pid":"a8e9bf4d-f8a2-401a-bec6-a072932716a8"},"geometry":{"type":"Polygon","coordinates":[[[136.20610867336438,35.99707971008428],[136.20603635359902,35.99682014421078],[136.20563648765932,35.99688278771324],[136.2057088909715,35.9971479739081],[136.20610867336438,35.99707971008428]]]}},{"type":"Feature","properties":{"pid":"941f0bde-2d04-4685-b7a6-e6a35bc97921"},"geometry":{"type":"Polygon","coordinates":[[[136.20621738962464,35.99749058315423],[136.20613382636827,35.997172971414926],[136.2057335667561,35.99724212211042],[136.20581514832548,35.99755731945647],[136.20621738962464,35.99749058315423]]]}},{"type":"Feature","properties":{"pid":"d2312d4f-b571-4ff2-b52f-94a2504e2081"},"geometry":{"type":"Polygon","coordinates":[[[136.20600776947717,35.99828882165955],[136.20603176591405,35.99829774565539],[136.20640865282854,35.998229068579846],[136.20624289333574,35.997583083699354],[136.20584060675282,35.997651440122574],[136.20600776947717,35.99828882165955]]]}},{"type":"Feature","properties":{"pid":"5ac34fde-6be5-467a-843e-5c2d8e79b15e"},"geometry":{"type":"Polygon","coordinates":[[[136.20768229217774,35.99844099585926],[136.2076125600873,35.99817646539826],[136.20691453102626,35.998297363199505],[136.2069833953786,35.99855921593939],[136.20768229217774,35.99844099585926]]]}},{"type":"Feature","properties":{"pid":"c4b935a1-02ea-4ac6-921b-543fd76809e4"},"geometry":{"type":"Polygon","coordinates":[[[136.20820342443307,35.998370904553475],[136.2082605341191,35.99805891183255],[136.20779269695456,35.99813905642896],[136.20786896323168,35.998427390403165],[136.20820342443307,35.998370904553475]]]}},{"type":"Feature","properties":{"pid":"22c3640c-4efa-4dae-a537-c173f60671ce"},"geometry":{"type":"Polygon","coordinates":[[[136.20789988230055,35.99854308789797],[136.208224626382,35.99849211426688],[136.2082205234055,35.998470103283616],[136.2078959509031,35.99852416842908],[136.20789988230055,35.99854308789797]]]}},{"type":"Feature","properties":{"pid":"bff8e615-4e43-4749-9aee-09257afdf931"},"geometry":{"type":"Polygon","coordinates":[[[136.20945244856625,35.99792353902955],[136.20943563292232,35.99783535267683],[136.208441354068,35.997975134179484],[136.20841551549324,35.99812487479436],[136.20945244856625,35.99792353902955]]]}},{"type":"Feature","properties":{"pid":"ea1eb464-bb1c-441a-b1d2-f80372e66106"},"geometry":{"type":"Polygon","coordinates":[[[136.20941564680336,35.99774127747015],[136.2093508191913,35.99741787674549],[136.20851843823073,35.997531006209535],[136.20846101449845,35.997875830749145],[136.20941564680336,35.99774127747015]]]}},{"type":"Feature","properties":{"pid":"b76f539e-1f07-4ab4-96fe-e49eee4a3ab6"},"geometry":{"type":"Polygon","coordinates":[[[136.20957492946798,35.99760220578286],[136.2105577277897,35.99746605077927],[136.2105214240727,35.9972932269799],[136.20953829414663,35.99742932239863],[136.20957492946798,35.99760220578286]]]}},{"type":"Feature","properties":{"pid":"c65dd1da-ccbd-4c2d-8c5f-fc6d1a33f1f2"},"geometry":{"type":"Polygon","coordinates":[[[136.21045500645837,35.99698649684956],[136.21042549273093,35.996843624096705],[136.20944521333598,35.99697523941406],[136.20947385834904,35.99711750157027],[136.21045500645837,35.99698649684956]]]}},{"type":"Feature","properties":{"pid":"1b2126d1-ef65-4a83-918b-0640dd9f7340"},"geometry":{"type":"Polygon","coordinates":[[[136.2105018536172,35.99720016145927],[136.21047439159037,35.997080929666154],[136.20949373255004,35.99721137650115],[136.20951849995603,35.997335222987374],[136.2105018536172,35.99720016145927]]]}},{"type":"Feature","properties":{"pid":"d3d56eef-cdbb-4423-aa34-d92e3d629173"},"geometry":{"type":"Polygon","coordinates":[[[136.21062209619546,35.99775411075174],[136.21057731936492,35.99756049541793],[136.20959531724637,35.99769688134013],[136.20963577218382,35.99788917537992],[136.20997088366883,35.997829317256226],[136.21062209619546,35.99775411075174]]]}},{"type":"Feature","properties":{"pid":"6281b2a2-a284-4ba1-9509-246e451b194b"},"geometry":{"type":"Polygon","coordinates":[[[136.2091160370047,35.998195258228826],[136.20919610680576,35.998568721302085],[136.21019633287344,35.99843925440239],[136.21011277228266,35.99802458629862],[136.2091160370047,35.998195258228826]]]}},{"type":"Feature","properties":{"pid":"0315ac8d-a3ec-4bd3-aa4d-70e1e24ca878"},"geometry":{"type":"Polygon","coordinates":[[[136.20921946386486,35.99866068963922],[136.20930698621584,35.99911041362252],[136.21030175389828,35.99898766668257],[136.21021532376022,35.9985332570509],[136.20921946386486,35.99866068963922]]]}},{"type":"Feature","properties":{"pid":"555bd10f-2847-43c0-87da-2594a290e948"},"geometry":{"type":"Polygon","coordinates":[[[136.20891921392703,35.99823309488816],[136.2084231783676,35.998315717675624],[136.20841417526265,35.99839595218133],[136.20854440950558,35.9992076420953],[136.2091049134517,35.99913452690159],[136.20891921392703,35.99823309488816]]]}},{"type":"Feature","properties":{"pid":"b1d25ec3-8a7a-4ce8-86ae-096f6266fe7f"},"geometry":{"type":"Polygon","coordinates":[[[136.20912396887147,35.999228870984695],[136.20855831726962,35.99929994625209],[136.20866071947069,36.00001990362567],[136.20925076621165,35.99994807034195],[136.20912396887147,35.999228870984695]]]}},{"type":"Feature","properties":{"pid":"69489122-b481-4761-a07c-c80cdc53a179"},"geometry":{"type":"Polygon","coordinates":[[[136.208512530377,36.00070293016351],[136.20836721670568,35.99959246265084],[136.20818151629217,35.999621267909696],[136.20846023797384,36.00071131037377],[136.208512530377,36.00070293016351]]]}},{"type":"Feature","properties":{"pid":"d8aa1249-8835-4d3e-b91d-f0cd15ee6f60"},"geometry":{"type":"Polygon","coordinates":[[[136.20947543530696,36.0000174680049],[136.2096169357565,36.000731413918515],[136.2106135136089,36.00060976627504],[136.2104786936323,35.9998894659],[136.20947543530696,36.0000174680049]]]}},{"type":"Feature","properties":{"pid":"3d149b5b-d90b-4783-abb3-4a97c769358b"},"geometry":{"type":"Polygon","coordinates":[[[136.2093223925396,35.999204481357694],[136.20945354222746,35.99992518525181],[136.2104592490375,35.999794820199206],[136.21031821601437,35.99907959156646],[136.2093223925396,35.999204481357694]]]}},{"type":"Feature","properties":{"pid":"b1681593-33cc-4718-821c-ebd76c8d76a0"},"geometry":{"type":"Polygon","coordinates":[[[136.20964026784486,36.000887577710586],[136.2097745958667,36.001593477588386],[136.21079220343992,36.00146191442253],[136.2106550457026,36.00077695659518],[136.21063055179533,36.00076625151518],[136.20964026784486,36.000887577710586]]]}},{"type":"Feature","properties":{"pid":"6a6038d9-e65a-4333-a981-c136f8222594"},"geometry":{"type":"Polygon","coordinates":[[[136.20980480227686,36.001728597379],[136.2099537844977,36.00248223227849],[136.2106758355484,36.00240119524487],[136.2109179344193,36.002096118428504],[136.21081708418077,36.00159843055407],[136.20980480227686,36.001728597379]]]}},{"type":"Feature","properties":{"pid":"85582507-c1da-4f31-aafd-a3eefa0b48da"},"geometry":{"type":"Polygon","coordinates":[[[136.20944958485927,36.00090923901647],[136.20878698383314,36.00099917184592],[136.2088873653296,36.00173011664751],[136.2095947279375,36.00162321315645],[136.20944958485927,36.00090923901647]]]}},{"type":"Feature","properties":{"pid":"50ca7c64-c362-40a6-a46f-806f9c719118"},"geometry":{"type":"Polygon","coordinates":[[[136.2092708980846,36.00004057972039],[136.20867299828996,36.000113378445405],[136.20878478432675,36.000837523949386],[136.2094190750931,36.000760037182836],[136.2092708980846,36.00004057972039]]]}},{"type":"Feature","properties":{"pid":"1a9cb2ba-2b9f-4afb-a383-bbd0caeb6c6e"},"geometry":{"type":"Polygon","coordinates":[[[136.20739879686877,36.00209301900695],[136.20730034885645,36.00170319043441],[136.20691433116247,36.00177013259771],[136.20701384033924,36.002155153374744],[136.20739879686877,36.00209301900695]]]}},{"type":"Feature","properties":{"pid":"5012ce8c-f274-40aa-8787-79ea2616a5a4"},"geometry":{"type":"Polygon","coordinates":[[[136.20680968382032,36.00131558147974],[136.20679597865401,36.00133663963739],[136.20688819000938,36.00167420165703],[136.2072785246187,36.00160858194768],[136.20722821935536,36.001421550990926],[136.2071992580485,36.00139443361916],[136.20716335651758,36.00125767153329],[136.20680968382032,36.00131558147974]]]}},{"type":"Feature","properties":{"pid":"0ed55570-7030-4876-803b-8de449c4f256"},"geometry":{"type":"Polygon","coordinates":[[[136.20658789990557,36.00135794124634],[136.20587933534537,36.00147839798737],[136.205914255933,36.001616259757114],[136.20662182852257,36.001496984040905],[136.20658789990557,36.00135794124634]]]}},{"type":"Feature","properties":{"pid":"0261f541-7345-4a12-9501-ba233783af68"},"geometry":{"type":"Polygon","coordinates":[[[136.2067215777883,36.00185069365147],[136.20664656968725,36.001591246658705],[136.20593970506025,36.001710585641185],[136.20600885816668,36.0019702384458],[136.2067215777883,36.00185069365147]]]}},{"type":"Feature","properties":{"pid":"25e5fcc6-32c2-4a02-a7d7-088ea9e181a5"},"geometry":{"type":"Polygon","coordinates":[[[136.20655526471734,36.001197307235614],[136.20639719980906,36.000584618662714],[136.20568434585468,36.00070307578187],[136.20584104956413,36.00131468883508],[136.20655526471734,36.001197307235614]]]}},{"type":"Feature","properties":{"pid":"25e5a15f-7896-4afd-961f-bb6842a88087"},"geometry":{"type":"Polygon","coordinates":[[[136.20637253063362,36.000488793549195],[136.20623684440267,35.999963686065186],[136.20553153136527,36.00008618800719],[136.20566172478738,36.00060792285573],[136.20637253063362,36.000488793549195]]]}},{"type":"Feature","properties":{"pid":"3cad1e90-4305-4ddb-b88d-ef81d3f9a81f"},"geometry":{"type":"Polygon","coordinates":[[[136.20618990940054,35.999804419734495],[136.2061116913689,35.999501435775464],[136.20540127744772,35.99962099994831],[136.20548013864507,35.999923701039485],[136.20618990940054,35.999804419734495]]]}},{"type":"Feature","properties":{"pid":"b367bb95-4e17-4d4e-966d-e5da2065f123"},"geometry":{"type":"Polygon","coordinates":[[[136.2067830751193,35.99970498920378],[136.20671176997354,35.99942917785083],[136.20631653378382,35.99949572580039],[136.20638572498746,35.999770748219255],[136.2067830751193,35.99970498920378]]]}},{"type":"Feature","properties":{"pid":"3e116734-5898-417b-8192-af04b33362b6"},"geometry":{"type":"Polygon","coordinates":[[[136.20834487467553,35.99943729938892],[136.20823610025798,35.99859213097471],[136.20792349244624,35.99864199285384],[136.20814383572576,35.99947226746053],[136.20834487467553,35.99943729938892]]]}},{"type":"Feature","properties":{"pid":"7b9ffc5c-497e-4fe6-a4f1-725e8ce561c5"},"geometry":{"type":"Polygon","coordinates":[[[136.20607941273238,35.998430975497385],[136.20604888116765,35.998465574216986],[136.20616176413884,35.99890503270229],[136.20655739252615,35.998837453568974],[136.20644250220843,35.998374036088],[136.20607941273238,35.998430975497385]]]}},{"type":"Feature","properties":{"pid":"130b947a-275d-42b6-95d4-ac1ae674265c"},"geometry":{"type":"Polygon","coordinates":[[[136.20668870672424,35.999334698910005],[136.20663813641343,35.999142580442054],[136.20624181086254,35.99920834371032],[136.20629151203002,35.99940044452032],[136.20668870672424,35.999334698910005]]]}},{"type":"Feature","properties":{"pid":"31249106-0978-4b7c-a1fb-b1764e647ac8"},"geometry":{"type":"Polygon","coordinates":[[[136.20661282440184,35.99904913111377],[136.2065829002949,35.99893066796099],[136.20618597049827,35.99899926246128],[136.20621626767834,35.999114127180775],[136.20661282440184,35.99904913111377]]]}},{"type":"Feature","properties":{"pid":"1c3a5a9f-7a3b-42cb-8d0b-02d69fa80817"},"geometry":{"type":"Polygon","coordinates":[[[136.2060877328516,35.99940917326661],[136.20604341282635,35.9992425304327],[136.20533642774072,35.99936567639704],[136.20537774644458,35.999528665465625],[136.2060877328516,35.99940917326661]]]}},{"type":"Feature","properties":{"pid":"de929a1d-cb0f-4f45-b275-ed27d0cdbe2c"},"geometry":{"type":"Polygon","coordinates":[[[136.20601980358103,35.999151455121186],[136.20601502652593,35.999132294764834],[136.20530679604752,35.9992528163164],[136.2053115682355,35.999273260675835],[136.20601980358103,35.999151455121186]]]}},{"type":"Feature","properties":{"pid":"490cbc1f-3346-4eca-862c-da04e94b2e6b"},"geometry":{"type":"Polygon","coordinates":[[[136.2059893816905,35.99903930658067],[136.20598649440453,35.99902955636775],[136.20528301090812,35.99915083560893],[136.20528511384586,35.99915976534558],[136.2059893816905,35.99903930658067]]]}},{"type":"Feature","properties":{"pid":"f321fae0-3e27-462c-938f-59d1b1d041e8"},"geometry":{"type":"Polygon","coordinates":[[[136.20595935266456,35.99893455506624],[136.2058373735364,35.998473567519795],[136.20514271873367,35.998597006356384],[136.20525885633455,35.999056204159125],[136.20595935266456,35.99893455506624]]]}},{"type":"Feature","properties":{"pid":"fcc65093-c9ce-447e-9bef-d680a69370b4"},"geometry":{"type":"Polygon","coordinates":[[[136.20510336700067,35.99907341871142],[136.20498519430657,35.99862264274203],[136.20427938655283,35.99874420268945],[136.2043893198779,35.99920112219712],[136.20510336700067,35.99907341871142]]]}},{"type":"Feature","properties":{"pid":"2911e7a1-94a7-419c-b1b6-67302169566a"},"geometry":{"type":"Polygon","coordinates":[[[136.2053304961755,35.99994926296311],[136.20527581653548,35.99975041264463],[136.2045574313396,35.999874309493215],[136.204614704016,36.00007902280479],[136.2053304961755,35.99994926296311]]]}},{"type":"Feature","properties":{"pid":"8efb642f-e32f-4369-88d3-f69edd8c234f"},"geometry":{"type":"Polygon","coordinates":[[[136.20525252165507,35.99965447628929],[136.20512991813644,35.99916900184973],[136.20441110962955,35.99929580323529],[136.2045321417067,35.99977710146584],[136.20525252165507,35.99965447628929]]]}},{"type":"Feature","properties":{"pid":"f9ce9724-a342-4e84-9977-7764f455f5ed"},"geometry":{"type":"Polygon","coordinates":[[[136.20432266735116,35.99965476617011],[136.20424824257952,35.999377659710404],[136.20353858197072,35.9994950033024],[136.20361428737183,35.99977666865895],[136.20432266735116,35.99965476617011]]]}},{"type":"Feature","properties":{"pid":"044d5103-a939-4c65-8359-a68a7949aba0"},"geometry":{"type":"Polygon","coordinates":[[[136.20444085489794,36.000102851257815],[136.2043473097026,35.99974930574848],[136.20363926479735,35.99987210611101],[136.20371954502633,36.00019764075989],[136.20408899003039,36.00017477145002],[136.20444085489794,36.000102851257815]]]}},{"type":"Feature","properties":{"pid":"17b641bf-9011-49ce-bd4c-14e09752d04d"},"geometry":{"type":"Polygon","coordinates":[[[136.2035414319738,36.000202310642756],[136.2034682918931,35.99991172772555],[136.20276580504304,36.00003103126433],[136.2028188300524,36.00023042695969],[136.2035414319738,36.000202310642756]]]}},{"type":"Feature","properties":{"pid":"32990379-ead4-41c2-8627-b75facdca25b"},"geometry":{"type":"Polygon","coordinates":[[[136.20344583428786,35.999818746406746],[136.20341307764798,35.999676556980965],[136.2027027312289,35.999799873007326],[136.2027394578847,35.99993921487128],[136.20344583428786,35.999818746406746]]]}},{"type":"Feature","properties":{"pid":"31f56440-1b01-48a1-8cdb-73eac6c67d76"},"geometry":{"type":"Polygon","coordinates":[[[136.203386710027,35.9995811544502],[136.20337000312483,35.999521546811295],[136.2026621195063,35.99964352232601],[136.2026782817866,35.999704439334096],[136.203386710027,35.9995811544502]]]}},{"type":"Feature","properties":{"pid":"e65b6685-c04e-4d6b-a77d-6f9f1462c109"},"geometry":{"type":"Polygon","coordinates":[[[136.20422518303107,35.9992840974849],[136.20420233103818,35.99919103537757],[136.20348969351048,35.999310343632544],[136.20351351913692,35.99940093576705],[136.20422518303107,35.9992840974849]]]}},{"type":"Feature","properties":{"pid":"6c391aa4-69c6-4810-b339-30a5916bbeb6"},"geometry":{"type":"Polygon","coordinates":[[[136.20417704659081,35.99909709196095],[136.20409666196127,35.99877517050795],[136.20338391312688,35.99889400349626],[136.20346375866416,35.99921492898874],[136.20417704659081,35.99909709196095]]]}},{"type":"Feature","properties":{"pid":"7e84d79f-1669-4dcd-b065-a9401f099626"},"geometry":{"type":"Polygon","coordinates":[[[136.20318229305505,35.99878456178932],[136.20313211404024,35.998597875949436],[136.20242234009592,35.998718743283604],[136.20246993449913,35.99891097642028],[136.20318229305505,35.99878456178932]]]}},{"type":"Feature","properties":{"pid":"edae60c2-05c2-40f1-8339-a22ecc082949"},"geometry":{"type":"Polygon","coordinates":[[[136.20334309960958,35.9994270871912],[136.20321398264932,35.99891885750313],[136.20250258038513,35.99904156660809],[136.2026355058072,35.99954901274523],[136.20334309960958,35.9994270871912]]]}},{"type":"Feature","properties":{"pid":"87b5b9e9-2b17-4f80-938e-5f97484eeaa4"},"geometry":{"type":"Polygon","coordinates":[[[136.20240053763183,35.999364851489545],[136.2023964390996,35.99934891424183],[136.2019505160152,35.99941781209698],[136.20195417781505,35.999434755210906],[136.20240053763183,35.999364851489545]]]}},{"type":"Feature","properties":{"pid":"b810a44a-8dd0-4acc-8fb6-606714b2c152"},"geometry":{"type":"Polygon","coordinates":[[[136.20074104420294,36.00047351919974],[136.20066046867575,36.00008145377925],[136.20040543825672,36.00011699836174],[136.2004834907097,36.00050660885835],[136.20074104420294,36.00047351919974]]]}},{"type":"Feature","properties":{"pid":"abd838ae-718b-47b1-8b34-07e847940188"},"geometry":{"type":"Polygon","coordinates":[[[136.2026419943477,36.000258961237755],[136.2025873364482,36.00008244501379],[136.2020851894241,36.00016571216296],[136.20210685401983,36.00028834205302],[136.2026419943477,36.000258961237755]]]}},{"type":"Feature","properties":{"pid":"f421b0eb-c6b6-4a6f-b54d-2c3d2c3fb94e"},"geometry":{"type":"Polygon","coordinates":[[[136.20256224801315,35.999993680039715],[136.20254430235968,35.99992389978261],[136.20205692772302,36.00000573810457],[136.20206924017234,36.00007543327088],[136.20256224801315,35.999993680039715]]]}},{"type":"Feature","properties":{"pid":"4e20d4eb-ce0b-4c1a-8105-79ac8c0ed811"},"geometry":{"type":"Polygon","coordinates":[[[136.20252138277633,35.9998347772228],[136.20242345852472,35.99945398559698],[136.201971945455,35.99952469636962],[136.20204097626456,35.99991544514563],[136.20252138277633,35.9998347772228]]]}},{"type":"Feature","properties":{"pid":"39b96902-f428-4655-ab78-8faab03026a9"},"geometry":{"type":"Polygon","coordinates":[[[136.20050856027777,36.000630558640424],[136.20056905709015,36.001023999204804],[136.20274587158525,36.000734948332116],[136.20268210226143,36.00039691375419],[136.20204765507353,36.00042570999868],[136.20050856027777,36.000630558640424]]]}},{"type":"Feature","properties":{"pid":"d4274e9e-695c-4c7c-8870-6fb26fec11ac"},"geometry":{"type":"Polygon","coordinates":[[[136.20060078237964,36.00115891337114],[136.20067649935328,36.00151730770777],[136.2006996984441,36.001530396188066],[136.20234853690098,36.001314572602695],[136.20227817645474,36.00093328515233],[136.20060078237964,36.00115891337114]]]}},{"type":"Feature","properties":{"pid":"4f0332c5-dffe-4b1a-a75a-70f9b84d24dc"},"geometry":{"type":"Polygon","coordinates":[[[136.20244543243876,36.001814530697416],[136.2023706022065,36.001441141289106],[136.20070347257766,36.001662403461566],[136.20077883214444,36.0020391629278],[136.20244543243876,36.001814530697416]]]}},{"type":"Feature","properties":{"pid":"847d291b-6d19-4d6b-85e8-1acd053ae3b2"},"geometry":{"type":"Polygon","coordinates":[[[136.20264444534232,36.001933772070025],[136.20271990336596,36.0023075989202],[136.20398622833363,36.00213476812328],[136.20391212156227,36.001763191194335],[136.20264444534232,36.001933772070025]]]}},{"type":"Feature","properties":{"pid":"e3839593-f2e9-4981-89a5-87f850b74e52"},"geometry":{"type":"Polygon","coordinates":[[[136.20432761582515,36.00170659698788],[136.20402507935856,36.00174800522844],[136.20409829197862,36.0021199935556],[136.20440031818157,36.00208211056565],[136.20432761582515,36.00170659698788]]]}},{"type":"Feature","properties":{"pid":"81024075-b872-4250-a322-44c02fa6165f"},"geometry":{"type":"Polygon","coordinates":[[[136.20261910794974,36.00179003486606],[136.2042861584304,36.001562660684726],[136.20421354440478,36.00119645210065],[136.20254262557012,36.00141839323382],[136.20261910794974,36.00179003486606]]]}},{"type":"Feature","properties":{"pid":"e06980b4-0bcb-400e-abb0-6f0d151ab6a4"},"geometry":{"type":"Polygon","coordinates":[[[136.2024404593667,36.0009167452049],[136.20252650821678,36.00128957131097],[136.20419030925072,36.00106464959243],[136.20410859321268,36.00068781661142],[136.2024404593667,36.0009167452049]]]}},{"type":"Feature","properties":{"pid":"0423cc4a-2acb-48ae-8c74-c6a634928fdb"},"geometry":{"type":"Polygon","coordinates":[[[136.2028497462454,36.00038254831686],[136.20284023895914,36.0003944142799],[136.2029010130796,36.00071632185336],[136.20407903129365,36.00055419651396],[136.20403221150139,36.00032220126387],[136.2028497462454,36.00038254831686]]]}},{"type":"Feature","properties":{"pid":"7c462436-5c72-4c75-8dc4-544cb91dba81"},"geometry":{"type":"Polygon","coordinates":[[[136.20460321128002,36.00063089985152],[136.20426202397732,36.00067192873463],[136.20444060356786,36.001544705444026],[136.2048170377386,36.001494625057546],[136.20460321128002,36.00063089985152]]]}},{"type":"Feature","properties":{"pid":"e1c0140f-0c4c-4532-b3d9-3a8d2d6d4bc7"},"geometry":{"type":"Polygon","coordinates":[[[136.20455232479046,36.00049019338771],[136.204484378628,36.00022913464352],[136.20418100316456,36.00028308096284],[136.20423324943917,36.00053317052966],[136.20455232479046,36.00049019338771]]]}},{"type":"Feature","properties":{"pid":"6c7531cf-8062-4920-9a61-365da107b4ec"},"geometry":{"type":"Polygon","coordinates":[[[136.20568941499042,36.00134492008272],[136.2053723814267,36.00011421141976],[136.20466335528394,36.00023656184927],[136.2049833935964,36.00146417760178],[136.20568941499042,36.00134492008272]]]}},{"type":"Feature","properties":{"pid":"42708bb2-601f-4c3a-a34b-493d275c5060"},"geometry":{"type":"Polygon","coordinates":[[[136.2048465874104,36.00163953395467],[136.2044699472147,36.00168726884536],[136.20459561877018,36.00230231195842],[136.20500438179022,36.00224949504706],[136.2048465874104,36.00163953395467]]]}},{"type":"Feature","properties":{"pid":"12010283-89e9-4a0d-b8d1-6024ce111ba6"},"geometry":{"type":"Polygon","coordinates":[[[136.20579582469082,36.00176768496516],[136.20572802335957,36.001502050429764],[136.20501647529537,36.00162344878912],[136.20508041774823,36.001888776594605],[136.20579582469082,36.00176768496516]]]}},{"type":"Feature","properties":{"pid":"090d90cd-ea84-4306-8e6f-6f12b2c649b1"},"geometry":{"type":"Polygon","coordinates":[[[136.20510224134847,36.001982244039894],[136.20522370017375,36.002462666418964],[136.2059432514123,36.00233947395111],[136.20582089371618,36.00186008077407],[136.20510224134847,36.001982244039894]]]}},{"type":"Feature","properties":{"pid":"5b642ea5-99ee-4d93-85d8-3ab323633320"},"geometry":{"type":"Polygon","coordinates":[[[136.20507471249397,36.00250643660531],[136.20502922085902,36.00234102168735],[136.2046137365429,36.00239616850308],[136.2046478247163,36.002564001358905],[136.20507471249397,36.00250643660531]]]}},{"type":"Feature","properties":{"pid":"f07b78e8-ab5a-43de-9a29-580b72bb8446"},"geometry":{"type":"Polygon","coordinates":[[[136.20509186714028,36.00264676964242],[136.20466462577158,36.00270438776958],[136.20470313009628,36.00289220877161],[136.20507976488747,36.002849720843564],[136.20509186714028,36.00264676964242]]]}},{"type":"Feature","properties":{"pid":"6a421d31-395d-4101-8a69-d2215736ac08"},"geometry":{"type":"Polygon","coordinates":[[[136.2055926217374,36.00305636697693],[136.2054759555861,36.002594248066515],[136.20526486354294,36.00263219730306],[136.20524151082205,36.00292195287775],[136.20546761431217,36.00288610060284],[136.2055007444344,36.002913738903246],[136.2055446457458,36.00306399733363],[136.2055926217374,36.00305636697693]]]}},{"type":"Feature","properties":{"pid":"43377dfd-be67-4102-be1f-16e95e602c6a"},"geometry":{"type":"Polygon","coordinates":[[[136.2049723066853,36.003513333031265],[136.2049314643651,36.00335074191996],[136.2048078859402,36.00336748601058],[136.20485129190777,36.00355091010681],[136.2049723066853,36.003513333031265]]]}},{"type":"Feature","properties":{"pid":"eb581cb1-7364-432d-a4f0-78a651cf111b"},"geometry":{"type":"Polygon","coordinates":[[[136.20449214016978,36.00362392937681],[136.20442323833703,36.003255131294154],[136.2043247404792,36.00326677427627],[136.20439462517868,36.003636484024106],[136.20449214016978,36.00362392937681]]]}},{"type":"Feature","properties":{"pid":"42340507-8439-49a4-979d-1965d31b9485"},"geometry":{"type":"Polygon","coordinates":[[[136.2047234768156,36.0029868649247],[136.20474485166434,36.00309506261063],[136.20506010640617,36.003053811598406],[136.20507463457074,36.00301685287995],[136.20505670613528,36.002946388865105],[136.2047234768156,36.0029868649247]]]}},{"type":"Feature","properties":{"pid":"03af562e-b815-4981-9b5a-97737d4fe690"},"geometry":{"type":"Polygon","coordinates":[[[136.20285751956172,36.00294526945655],[136.20293378309532,36.003327787253035],[136.2041583951089,36.003159829926155],[136.20421701109257,36.003108354568155],[136.2045769710247,36.003053334798764],[136.2045104586138,36.00272243260965],[136.20285751956172,36.00294526945655]]]}},{"type":"Feature","properties":{"pid":"b688f16f-f1e8-413c-88a5-85acda9fb089"},"geometry":{"type":"Polygon","coordinates":[[[136.20428351253662,36.003653936336136],[136.20421230908838,36.00328055478268],[136.2041352478991,36.003289954987615],[136.20420530410678,36.003664889890445],[136.20428351253662,36.003653936336136]]]}},{"type":"Feature","properties":{"pid":"0bd90f2e-9d64-4bfe-90a4-13a75f542a3c"},"geometry":{"type":"Polygon","coordinates":[[[136.20302988392422,36.00382366343606],[136.20409454640253,36.00368190529395],[136.20402228254898,36.00330341570726],[136.20295534634081,36.00344851547843],[136.20302988392422,36.00382366343606]]]}},{"type":"Feature","properties":{"pid":"b5059782-14a7-4420-93e9-efa13e9a3c36"},"geometry":{"type":"Polygon","coordinates":[[[136.20450139493363,36.00257918520471],[136.20442482541165,36.00221065236381],[136.2027498459277,36.00243201477174],[136.20282393993287,36.002803345722306],[136.20450139493363,36.00257918520471]]]}},{"type":"Feature","properties":{"pid":"c2cb4e2c-b7ba-419d-b4dc-e45b9ab44ba9"},"geometry":{"type":"Polygon","coordinates":[[[136.20266196359975,36.00282953627293],[136.20258294981377,36.00245431278647],[136.2009151477486,36.00267861593387],[136.2009924479437,36.00305319826662],[136.20266196359975,36.00282953627293]]]}},{"type":"Feature","properties":{"pid":"74f52b37-4029-4cf8-b67a-30283748ccf0"},"geometry":{"type":"Polygon","coordinates":[[[136.20245378034897,36.001954977529046],[136.2014025077267,36.00210128971362],[136.20147688826896,36.00247347948189],[136.20256214036232,36.0023295754265],[136.20248806132454,36.00198048504823],[136.20245378034897,36.001954977529046]]]}},{"type":"Feature","properties":{"pid":"bd2d2981-6b70-4448-9fb1-3c8e05073c9f"},"geometry":{"type":"Polygon","coordinates":[[[136.2013637446704,36.00248883219037],[136.20128950784422,36.002115714483445],[136.2012126146043,36.002125061172826],[136.20128773709538,36.00249894114329],[136.2013637446704,36.00248883219037]]]}},{"type":"Feature","properties":{"pid":"6f8e6b06-f51e-4ce6-913c-c846ef63ff7c"},"geometry":{"type":"Polygon","coordinates":[[[136.20093333217048,36.003590093392845],[136.20085459097473,36.00320478241563],[136.2002535416641,36.00328655100216],[136.2004206129469,36.003657718222584],[136.20093333217048,36.003590093392845]]]}},{"type":"Feature","properties":{"pid":"92df3730-1d4c-4271-8802-bd0c8471107c"},"geometry":{"type":"Polygon","coordinates":[[[136.20119044078987,36.004067339179066],[136.2028694229178,36.00384411677948],[136.2027916879543,36.00346800979909],[136.20111727073893,36.003693434542164],[136.20119044078987,36.004067339179066]]]}},{"type":"Feature","properties":{"pid":"d11c75a4-c6d7-4a13-b3f3-4877433faef6"},"geometry":{"type":"Polygon","coordinates":[[[136.20101862356515,36.00318952761357],[136.2010924780838,36.00356691311745],[136.20276474121584,36.003341164931385],[136.20268787489314,36.00296494486877],[136.20101862356515,36.00318952761357]]]}},{"type":"Feature","properties":{"pid":"cd203010-394b-4880-98d9-466d6b99e81a"},"geometry":{"type":"Polygon","coordinates":[[[136.20290012859164,36.00399044948206],[136.20122183751045,36.004213630930934],[136.2012966052328,36.0045846724047],[136.20297258701945,36.00435617785149],[136.20290012859164,36.00399044948206]]]}},{"type":"Feature","properties":{"pid":"1f9a34fe-a148-4a5f-ae56-1e9bd8e0d6b6"},"geometry":{"type":"Polygon","coordinates":[[[136.201032192029,36.00410272512917],[136.20095864649267,36.00371502750416],[136.20047563522988,36.00378002224209],[136.2006428395653,36.00415227832262],[136.201032192029,36.00410272512917]]]}},{"type":"Feature","properties":{"pid":"6104f008-7769-4abd-9858-57c1e779c2c5"},"geometry":{"type":"Polygon","coordinates":[[[136.20105579034407,36.004238590680345],[136.20070388636134,36.004285259113125],[136.20086970489598,36.0046394490429],[136.20113286649814,36.004607030558944],[136.20105579034407,36.004238590680345]]]}},{"type":"Feature","properties":{"pid":"3c1a1c35-8807-429d-8867-fd2bbb18e425"},"geometry":{"type":"Polygon","coordinates":[[[136.20099292247957,36.00539619069033],[136.20094563722907,36.00530342678908],[136.20075779254975,36.005364534302515],[136.20080241020378,36.00545749971847],[136.20099292247957,36.00539619069033]]]}},{"type":"Feature","properties":{"pid":"18be39c0-c506-4ca8-9e71-8f4ea4f37ac2"},"geometry":{"type":"Polygon","coordinates":[[[136.20141002846947,36.00507911655472],[136.2030558627783,36.004858688452074],[136.2030692284002,36.00484546097409],[136.20299773112788,36.004476154131375],[136.20133076091975,36.00469839558306],[136.20141002846947,36.00507911655472]]]}},{"type":"Feature","properties":{"pid":"8acfdc1d-51f0-4fed-b643-926147f5e090"},"geometry":{"type":"Polygon","coordinates":[[[136.2030812658811,36.00499728328217],[136.20242236315184,36.00508601242951],[136.20249572002757,36.00545407392183],[136.20317793700167,36.00536389219083],[136.2031051200158,36.00500782101356],[136.2030812658811,36.00499728328217]]]}},{"type":"Feature","properties":{"pid":"b7c9070f-b1ea-4f54-b062-3097135ad9b7"},"geometry":{"type":"Polygon","coordinates":[[[136.2034469464212,36.00584327462058],[136.20433529767766,36.00573237880601],[136.2042536530009,36.00535187719817],[136.20337006530593,36.00546984561976],[136.2034469464212,36.00584327462058]]]}},{"type":"Feature","properties":{"pid":"0e280984-3573-4383-91c5-1fde558d55b3"},"geometry":{"type":"Polygon","coordinates":[[[136.20431098077515,36.0052106298184],[136.20425817489908,36.004942539771356],[136.20412128908495,36.00494699967688],[136.2040958661366,36.00492378955612],[136.20408186740005,36.00486442630558],[136.20386857655197,36.0048912000694],[136.20394354926358,36.00526100118327],[136.20431098077515,36.0052106298184]]]}},{"type":"Feature","properties":{"pid":"0804f026-adb7-4874-8ddb-687095cde6c6"},"geometry":{"type":"Polygon","coordinates":[[[136.20326196144052,36.00497379183818],[136.2033389203484,36.005342034405565],[136.2038307693324,36.005275923751356],[136.20375473555916,36.00490749106716],[136.20326196144052,36.00497379183818]]]}},{"type":"Feature","properties":{"pid":"504dbe20-a053-4055-8391-e4c590f58df5"},"geometry":{"type":"Polygon","coordinates":[[[136.20324221787448,36.00483271633206],[136.20411803886432,36.00471663632354],[136.20404051143052,36.00433767703508],[136.20316164162648,36.004451384028734],[136.20324221787448,36.00483271633206]]]}},{"type":"Feature","properties":{"pid":"cc5827db-6f21-4383-b970-89dfff527f6e"},"geometry":{"type":"Polygon","coordinates":[[[136.20305819132597,36.00397051141159],[136.20313600996164,36.00433322701543],[136.20422057475875,36.004191925061924],[136.20414557625153,36.00382228848065],[136.20305819132597,36.00397051141159]]]}},{"type":"Feature","properties":{"pid":"e0572809-4208-431d-81e8-ce05a6555f18"},"geometry":{"type":"Polygon","coordinates":[[[136.20572948579053,36.00459092916554],[136.20560614788394,36.0043282944761],[136.20514065805312,36.00439177958605],[136.20509570134357,36.00436321191867],[136.20505905384223,36.00423214782474],[136.20499343025867,36.00424802399452],[136.20506785999814,36.0045888767962],[136.20542447635285,36.00454325248589],[136.20572948579053,36.00459092916554]]]}},{"type":"Feature","properties":{"pid":"db37eb2b-a639-4852-901e-bc808b18479e"},"geometry":{"type":"Polygon","coordinates":[[[136.2054839573447,36.00468840105364],[136.2054393721779,36.004679331773914],[136.2050802327703,36.0047223254911],[136.20515625349987,36.00510810999675],[136.20569991994293,36.00503495337729],[136.2054839573447,36.00468840105364]]]}},{"type":"Feature","properties":{"pid":"11c0cbb0-be2b-42fc-8ffb-9a8669117616"},"geometry":{"type":"Polygon","coordinates":[[[136.2044494397312,36.00571362109341],[136.20552321442224,36.00556606851683],[136.20544943970384,36.00519113745137],[136.20436772502902,36.005334096616586],[136.2044494397312,36.00571362109341]]]}},{"type":"Feature","properties":{"pid":"9ae86cbd-8d9c-4022-8281-c6212ce83381"},"geometry":{"type":"Polygon","coordinates":[[[136.20597505050972,36.00550283486394],[136.20575615972874,36.005151588725724],[136.20556208101786,36.005175918891574],[136.20563722086746,36.005550574711975],[136.20597505050972,36.00550283486394]]]}},{"type":"Feature","properties":{"pid":"06956a55-5c1b-4818-a205-ae1dcf23fad7"},"geometry":{"type":"Polygon","coordinates":[[[136.2056425951575,36.004716839058815],[136.20604958875376,36.00535707237658],[136.20609820081296,36.005352329341264],[136.2062909678892,36.00483030148377],[136.2056425951575,36.004716839058815]]]}},{"type":"Feature","properties":{"pid":"07047225-d37d-459a-bc42-ee7a1b068134"},"geometry":{"type":"Polygon","coordinates":[[[136.20669517285074,36.00492892775029],[136.2065203642174,36.00488472390805],[136.20630126195286,36.00545273774999],[136.2064905069881,36.00549482636639],[136.20669517285074,36.00492892775029]]]}},{"type":"Feature","properties":{"pid":"8135f68e-7295-4274-8ede-a09d964167a2"},"geometry":{"type":"Polygon","coordinates":[[[136.2072542915494,36.00506974863094],[136.20680882953857,36.004955535764445],[136.20661026206835,36.00552239287803],[136.20705140544266,36.00563065249676],[136.2072542915494,36.00506974863094]]]}},{"type":"Feature","properties":{"pid":"d805ae0a-14f7-47f2-94d4-90777c46b1e8"},"geometry":{"type":"Polygon","coordinates":[[[136.20759267741894,36.00515143877787],[136.2073731229732,36.005097511172835],[136.20717803184004,36.00566282759543],[136.20737782607645,36.005703946283056],[136.20759267741894,36.00515143877787]]]}},{"type":"Feature","properties":{"pid":"0f834c6b-9e4c-4508-a301-abcefbb37055"},"geometry":{"type":"Polygon","coordinates":[[[136.20752519893327,36.004407089565596],[136.20675585607134,36.00422123759505],[136.20656495336445,36.00474171214167],[136.20734523433995,36.00493422986394],[136.20752519893327,36.004407089565596]]]}},{"type":"Feature","properties":{"pid":"fb0c7a26-b333-437e-9167-8bd403d5bb1b"},"geometry":{"type":"Polygon","coordinates":[[[136.20750391886438,36.004864685444076],[136.20772139866162,36.00492201848926],[136.20789205346892,36.004496146172066],[136.2076511921178,36.004441492981336],[136.20750391886438,36.004864685444076]]]}},{"type":"Feature","properties":{"pid":"094f313e-d9db-4cde-8dd7-ffefe905af11"},"geometry":{"type":"Polygon","coordinates":[[[136.20699834935266,36.003570116819255],[136.20680247746103,36.00409500858524],[136.2079317727521,36.004366040404946],[136.2079519410274,36.004310558865896],[136.2078124144158,36.00376534609306],[136.20699834935266,36.003570116819255]]]}},{"type":"Feature","properties":{"pid":"e69f659b-47e0-42f3-9e36-816b2610e190"},"geometry":{"type":"Polygon","coordinates":[[[136.20580417155045,36.00438850106967],[136.20582960310477,36.004440408320505],[136.20638492103964,36.004567870150204],[136.20640150870756,36.00452238841939],[136.20580417155045,36.00438850106967]]]}},{"type":"Feature","properties":{"pid":"2208f80e-0076-4ff2-9acb-15d3115ca58f"},"geometry":{"type":"Polygon","coordinates":[[[136.205884853019,36.004551483432074],[136.20593369371488,36.00462764704159],[136.20633952542158,36.00469640598223],[136.2063522108278,36.00465810117108],[136.205884853019,36.004551483432074]]]}},{"type":"Feature","properties":{"pid":"098a3e6b-3071-4152-a284-62681c5cbb7b"},"geometry":{"type":"Polygon","coordinates":[[[136.20573103424513,36.004230264198675],[136.20577794499943,36.004284977803124],[136.20643497789723,36.00443085483595],[136.20654856802844,36.00410411724787],[136.2062695188418,36.00403545076043],[136.20623579936756,36.00399954569486],[136.20613647773408,36.003989631272226],[136.2061071421994,36.00414137923564],[136.2060895974177,36.0041641976203],[136.20573103424513,36.004230264198675]]]}},{"type":"Feature","properties":{"pid":"bcf4c6c4-0170-4c49-b18f-626311bb40ae"},"geometry":{"type":"Polygon","coordinates":[[[136.20546564188254,36.00353471998744],[136.20556663174014,36.00383929891367],[136.20569363010523,36.00379189182014],[136.20546564188254,36.00353471998744]]]}},{"type":"Feature","properties":{"pid":"e1512c2c-c988-404d-97f7-25815756dc41"},"geometry":{"type":"Polygon","coordinates":[[[136.20674615261456,36.0036145539421],[136.20677650364263,36.00358696254981],[136.20642116123892,36.00351582713193],[136.20638623135616,36.00355255651749],[136.20636976775398,36.00370534230162],[136.20667916318197,36.00378724176486],[136.20674615261456,36.0036145539421]]]}},{"type":"Feature","properties":{"pid":"58aaae71-0502-4b83-a730-7033caf9a469"},"geometry":{"type":"Polygon","coordinates":[[[136.2058647050479,36.00292229366791],[136.20576358813264,36.00254222997081],[136.20559060724864,36.00257191787503],[136.20568571174053,36.00295246475977],[136.2058647050479,36.00292229366791]]]}},{"type":"Feature","properties":{"pid":"3381de81-0338-4349-9a5d-418c727f90e6"},"geometry":{"type":"Polygon","coordinates":[[[136.20680953429655,36.002189671317815],[136.20674687833687,36.001945331826775],[136.20603404046804,36.00206458368777],[136.20610046250417,36.002309906094055],[136.20680953429655,36.002189671317815]]]}},{"type":"Feature","properties":{"pid":"80b98353-fe73-4830-b6f0-9e183ad918f4"},"geometry":{"type":"Polygon","coordinates":[[[136.20670936099182,36.00268580251298],[136.20672252598018,36.00267869801663],[136.2066879981078,36.00256837060315],[136.20670280012504,36.00253513862639],[136.20691549147236,36.00248897198252],[136.20686438696995,36.00235513794105],[136.20663681399157,36.00239427309936],[136.20670936099182,36.00268580251298]]]}},{"type":"Feature","properties":{"pid":"bb4995eb-3156-4feb-b881-d1a937d03308"},"geometry":{"type":"MultiPolygon","coordinates":[[[[136.20662693960222,36.00282960543808],[136.20652348848898,36.00241368168733],[136.2061359615853,36.00247558914442],[136.20622745835266,36.002840790946],[136.20662693960222,36.00282960543808]]],[[[136.20670908996186,36.00302728467051],[136.2067123047693,36.00304486599514],[136.2069417651366,36.00302127199515],[136.20694439835552,36.0030071495337],[136.20670908996186,36.00302728467051]]]]}},{"type":"Feature","properties":{"pid":"2210f0e9-36d5-409d-b83a-ba4943fed393"},"geometry":{"type":"Polygon","coordinates":[[[136.2071684439519,36.00297711727779],[136.20724596499875,36.0029671833153],[136.20728732023167,36.002927561653635],[136.20758494653816,36.00289027057663],[136.2075330842615,36.00268817086346],[136.20715575683937,36.00275065781926],[136.2071488240209,36.00296263760462],[136.2071684439519,36.00297711727779]]]}},{"type":"Feature","properties":{"pid":"b7584508-8554-4ffa-a8f3-40cecf87c65a"},"geometry":{"type":"Polygon","coordinates":[[[136.20707380448764,36.00230535311313],[136.20705655591465,36.00232509089352],[136.2071590864201,36.00256586871294],[136.2071593665204,36.00264875476419],[136.2075122915686,36.00259446342368],[136.2074374982307,36.002249322057],[136.20707380448764,36.00230535311313]]]}},{"type":"Feature","properties":{"pid":"7da83072-f81f-48b7-952c-2fa2fc9c7086"},"geometry":{"type":"Polygon","coordinates":[[[136.20741477391243,36.003513527505376],[136.20746213925528,36.0035027804757],[136.20777431349478,36.00357710244767],[136.20764903265993,36.00311119667067],[136.2073904967801,36.00314566836177],[136.20741987521347,36.00343225475161],[136.2073795335651,36.00346642944665],[136.20730216642667,36.00346062559499],[136.20729345886474,36.00348559018231],[136.20741477391243,36.003513527505376]]]}},{"type":"Feature","properties":{"pid":"5c82dcee-631e-4b5d-ac68-e3c3748bef6a"},"geometry":{"type":"Polygon","coordinates":[[[136.20979966125995,36.003512515930595],[136.20881167870914,36.003636414784104],[136.20892033819877,36.00417671163257],[136.20990298801456,36.00404858897708],[136.20979966125995,36.003512515930595]]]}},{"type":"Feature","properties":{"pid":"6af732ce-da4b-45cc-a41f-8415fb0ee370"},"geometry":{"type":"Polygon","coordinates":[[[136.208378038459,36.00279646526568],[136.20843685303862,36.00282020780395],[136.20858612781126,36.00280131516493],[136.20861945897624,36.00204812228662],[136.20790869080034,36.00217170908931],[136.20807422997692,36.00283958867798],[136.208378038459,36.00279646526568]]]}},{"type":"Feature","properties":{"pid":"a41e44a4-5abc-4a57-8418-a606a5a09da7"},"geometry":{"type":"Polygon","coordinates":[[[136.20979302134265,36.002670757857366],[136.20961794700662,36.001734222994195],[136.20888688800667,36.00184241166803],[136.20886808935043,36.00279645005478],[136.20979302134265,36.002670757857366]]]}},{"type":"Feature","properties":{"pid":"5c19feec-43b5-4315-9fe2-ef471ad916e8"},"geometry":{"type":"Polygon","coordinates":[[[136.20990710624613,36.002890307207906],[136.2099284782814,36.003047425752605],[136.21011804907033,36.00302538776995],[136.21009021593977,36.00287128296362],[136.20990710624613,36.002890307207906]]]}},{"type":"Feature","properties":{"pid":"e9a98f69-0ea0-45e9-be62-3c83bdc071c1"},"geometry":{"type":"Polygon","coordinates":[[[136.2104348381593,36.00389229131583],[136.21039939682026,36.0038794960321],[136.21038324677747,36.00385295326429],[136.2103744824213,36.00358508510435],[136.21040482243478,36.00355187115972],[136.2104902113102,36.0035381344931],[136.21049129715675,36.00351804813926],[136.21029564419536,36.00354030829204],[136.2102487650898,36.0035221969636],[136.21018103400343,36.0032000425007],[136.20996501966852,36.00322354911298],[136.21011702423306,36.00401933938911],[136.21041288870094,36.00398468692227],[136.2104348381593,36.00389229131583]]]}},{"type":"Feature","properties":{"pid":"602688f3-d986-4c37-82c5-e3baceb4361b"},"geometry":{"type":"Polygon","coordinates":[[[136.20921078067724,36.00425271539419],[136.20894598662403,36.004288079620366],[136.2091114089778,36.00513005459469],[136.21008830516746,36.00499943787562],[136.20994293978777,36.00422777361245],[136.2098862243118,36.00423496516527],[136.2098745337807,36.00448459491542],[136.20986055876193,36.00451282908806],[136.20955282873308,36.00456218195722],[136.20950978142127,36.00454865330677],[136.20949360784385,36.004516315805795],[136.20930116667287,36.0045190478752],[136.20926378752415,36.00450384597156],[136.20921078067724,36.00425271539419]]]}},{"type":"Feature","properties":{"pid":"2c581877-b2d6-493f-898f-8a3174cd0c00"},"geometry":{"type":"Polygon","coordinates":[[[136.2086267179484,36.003554808603184],[136.20848806654635,36.003862929407056],[136.2084114138701,36.0043074667452],[136.20863889031602,36.00518926257148],[136.2089306896624,36.005152903080564],[136.2086267179484,36.003554808603184]]]}},{"type":"Feature","properties":{"pid":"40d4837a-d904-4e90-9e61-ef9c138c7fc5"},"geometry":{"type":"Polygon","coordinates":[[[136.20904600162845,36.005751313274914],[136.20896002677767,36.00531087680095],[136.20867773487075,36.00534711108616],[136.20878850284186,36.00578247304603],[136.20904600162845,36.005751313274914]]]}},{"type":"Feature","properties":{"pid":"4a7091ae-662a-4163-86f5-9f9c45c7adca"},"geometry":{"type":"Polygon","coordinates":[[[136.20922012887792,36.00572364518474],[136.21020265883115,36.00560322660515],[136.21012212902394,36.00515749197994],[136.20914400271803,36.0052869192114],[136.20922012887792,36.00572364518474]]]}},{"type":"Feature","properties":{"pid":"68b014b0-a819-4928-a36d-a132f2fe8228"},"geometry":{"type":"Polygon","coordinates":[[[136.2102558001451,36.004714087550525],[136.21030876048306,36.00497382595033],[136.21043956863346,36.00495621677332],[136.2103912010452,36.00469576085422],[136.2102558001451,36.004714087550525]]]}},{"type":"Feature","properties":{"pid":"f90f492b-e048-4f68-8a0d-5b22cb8d1668"},"geometry":{"type":"Polygon","coordinates":[[[136.21029048188282,36.00516759484692],[136.21037058305026,36.005588336533144],[136.2104032457271,36.005584194695935],[136.21035182659563,36.00522411973431],[136.210405295024,36.00517424103712],[136.21062054991827,36.00512197414716],[136.21029048188282,36.00516759484692]]]}},{"type":"Feature","properties":{"pid":"3ee51114-094c-43c6-b1f8-efe9ee6d146a"},"geometry":{"type":"Polygon","coordinates":[[[136.21293024700893,36.00555352258367],[136.2127854370712,36.00535785171638],[136.2125415106058,36.00538993238949],[136.21260501611934,36.00548649230757],[136.21259880296884,36.00552430902103],[136.21237081812745,36.005614820246116],[136.2124788811238,36.005730927729616],[136.21293024700893,36.00555352258367]]]}},{"type":"Feature","properties":{"pid":"23843d50-2918-42a9-82e9-bfca7b34790e"},"geometry":{"type":"Polygon","coordinates":[[[136.21423608240872,36.005873252068376],[136.21389480164788,36.005085051898185],[136.21376071881977,36.00512613286519],[136.2135462895649,36.00525933224326],[136.21385249391122,36.0059756026945],[136.21423608240872,36.005873252068376]]]}},{"type":"Feature","properties":{"pid":"373d573e-bddb-4085-b44e-70337ef333d1"},"geometry":{"type":"Polygon","coordinates":[[[136.21520154176935,36.005622922149755],[136.2148875326546,36.00427898213958],[136.2144566042136,36.00435088833124],[136.21430325297513,36.004721375335954],[136.21410294461026,36.005071248967425],[136.2144034660151,36.005822027700496],[136.21520154176935,36.005622922149755]]]}},{"type":"Feature","properties":{"pid":"750205b9-2803-44d2-b5c6-8b746e07f03d"},"geometry":{"type":"Polygon","coordinates":[[[136.2110396778852,36.001976602524664],[136.21139527160898,36.00152723312084],[136.21096196138157,36.001582181608114],[136.2110396778852,36.001976602524664]]]}},{"type":"Feature","properties":{"pid":"6d76a885-2d93-4e76-9ea1-1c87ac2bf288"},"geometry":{"type":"Polygon","coordinates":[[[136.21255353048372,36.00052849255495],[136.21198287685263,36.00059755741413],[136.21207350076156,36.001105104586756],[136.21264786524344,36.00103069574023],[136.21255353048372,36.00052849255495]]]}},{"type":"Feature","properties":{"pid":"84d147ff-6551-48d1-8940-9a3604f04890"},"geometry":{"type":"Polygon","coordinates":[[[136.21182835478572,36.001002775708685],[136.2118255485285,36.00097828416347],[136.2116535997993,36.00099451584607],[136.21161259717886,36.00095665100393],[136.21158776191638,36.00075825033339],[136.21162687917897,36.00073030530699],[136.21178212286145,36.000712989853525],[136.21176215993208,36.00062533493694],[136.21081177334952,36.00074087138214],[136.21094189316005,36.001434956361294],[136.21154781542418,36.001361675882954],[136.21182835478572,36.001002775708685]]]}},{"type":"Feature","properties":{"pid":"bf135353-7add-4abc-afac-39c97b44b85d"},"geometry":{"type":"Polygon","coordinates":[[[136.21161395958265,35.9997403777925],[136.21063029709123,35.999873471582205],[136.21077551125526,36.00058484720694],[136.21175483032405,36.00045281533749],[136.21161395958265,35.9997403777925]]]}},{"type":"Feature","properties":{"pid":"343f4f9a-d463-48a0-b9e0-26b12ccdef0c"},"geometry":{"type":"Polygon","coordinates":[[[136.2114553376264,35.99893072218994],[136.2104667352714,35.999056660612744],[136.21060786807286,35.99978071586799],[136.21159048117104,35.999648031128004],[136.2114553376264,35.99893072218994]]]}},{"type":"Feature","properties":{"pid":"6ede1ef0-02da-47ab-bc23-c3d00bddbd5f"},"geometry":{"type":"Polygon","coordinates":[[[136.21035861592435,35.998511798343344],[136.2104515248109,35.998962890955966],[136.21143701770765,35.99883768590173],[136.21144535809663,35.99882561519023],[136.2113568338813,35.99838310640209],[136.21035861592435,35.998511798343344]]]}},{"type":"Feature","properties":{"pid":"23fddee0-bb36-44b4-8e52-451cb7aa1c89"},"geometry":{"type":"Polygon","coordinates":[[[136.21275126123055,35.99923592835001],[136.21242791791104,35.99880255758145],[136.21165605053645,35.99889748461697],[136.21179754521575,35.9996180582061],[136.2128035131503,35.999493763931056],[136.21275126123055,35.99923592835001]]]}},{"type":"Feature","properties":{"pid":"122d6a7f-c38a-47aa-a273-f32850bfd8bd"},"geometry":{"type":"Polygon","coordinates":[[[136.2129475264609,36.000288304100565],[136.21282061836803,35.99958610427276],[136.21181671975208,35.99971215174493],[136.21194805120706,36.00042826211137],[136.21293461290463,36.00030359106035],[136.2129475264609,36.000288304100565]]]}},{"type":"Feature","properties":{"pid":"4b26e31f-145d-4a10-97ee-d3c12ae8f232"},"geometry":{"type":"Polygon","coordinates":[[[136.21525337833924,35.99866252702601],[136.21531889660457,35.998809470549794],[136.21535186394306,35.99881861897519],[136.21550599073734,35.99878081475736],[136.21551143466124,35.998692038654426],[136.21556525040302,35.99862188118675],[136.21525337833924,35.99866252702601]]]}},{"type":"Feature","properties":{"pid":"953cafe5-7799-4830-851a-88b4c63d6806"},"geometry":{"type":"Polygon","coordinates":[[[136.21341765289367,36.001067047328895],[136.2138955594938,36.00088628075732],[136.21369201995657,36.00053909064114],[136.21276750084547,36.00067535414871],[136.21281195389597,36.000898296237246],[136.21310670092228,36.00086688104448],[136.2131420733684,36.000897192390994],[136.21317969826802,36.00106340292399],[136.21336978133002,36.00104084105132],[136.21341765289367,36.001067047328895]]]}},{"type":"Feature","properties":{"pid":"17445049-2edb-4f2b-b952-30afcb7d0066"},"geometry":{"type":"Polygon","coordinates":[[[136.21649484437845,36.0042002213709],[136.21550126385537,36.00418594266872],[136.21536145863868,36.0041995602876],[136.215634004714,36.005493034254776],[136.21568083023368,36.005502563432294],[136.2157163293852,36.00554989231292],[136.21577947068636,36.00588350219765],[136.21681360374924,36.00583461067672],[136.2168393647448,36.005810688602836],[136.21684553815754,36.00559242925357],[136.21649484437845,36.0042002213709]]]}},{"type":"Feature","properties":{"pid":"d024cc1b-fded-4d12-9404-ef6fd32feb08"},"geometry":{"type":"Polygon","coordinates":[[[136.2219171217921,36.005053483247295],[136.22160478001726,36.00504845293179],[136.22074173898207,36.00494301095244],[136.22074417406634,36.00500831092977],[136.22124321590343,36.005471479918526],[136.2219500895063,36.005452481687584],[136.22195687968204,36.00524348244443],[136.22193117859854,36.005195616421524],[136.2219171217921,36.005053483247295]]]}},{"type":"Feature","properties":{"pid":"a0620930-e899-4c43-bdcf-d50e29514f4f"},"geometry":{"type":"Polygon","coordinates":[[[136.22322183835675,36.00569498876493],[136.22322225857934,36.005436164279566],[136.22230536940657,36.00548181078948],[136.22226337977153,36.00544398787063],[136.22225497167017,36.005246038500346],[136.22218770924513,36.005254494169236],[136.22216179086564,36.00572101093908],[136.22322183835675,36.00569498876493]]]}},{"type":"Feature","properties":{"pid":"318398a6-468e-4c1d-8c29-7e60b59f4a62"},"geometry":{"type":"Polygon","coordinates":[[[136.22323939934319,36.00493437078995],[136.2232483039514,36.004734957199496],[136.22314785318395,36.00474253148069],[136.22314998850354,36.00493556982595],[136.22323939934319,36.00493437078995]]]}},{"type":"Feature","properties":{"pid":"9214c601-092e-4247-ae60-124582f12015"},"geometry":{"type":"Polygon","coordinates":[[[136.22397291054952,36.002268758007546],[136.22391819447492,36.00225384696458],[136.22380865963086,36.00277694377241],[136.2238658445377,36.0027866493285],[136.22397291054952,36.002268758007546]]]}},{"type":"Feature","properties":{"pid":"dc67f1c1-bfff-4d64-b510-e24c91d883cb"},"geometry":{"type":"Polygon","coordinates":[[[136.22491644085588,36.00203657968154],[136.22467168044076,36.0020041323726],[136.22454706884176,36.0022126818278],[136.22443612673788,36.00286680094277],[136.2247684193018,36.00291187623329],[136.22491644085588,36.00203657968154]]]}},{"type":"Feature","properties":{"pid":"9f7c4779-fdea-4f73-b1a9-c8f5d28f29f8"},"geometry":{"type":"Polygon","coordinates":[[[136.2243146904192,36.00285114071749],[136.22441630100994,36.00226305893543],[136.22409041691463,36.00229425680303],[136.22398639995689,36.00280538442657],[136.2243146904192,36.00285114071749]]]}},{"type":"Feature","properties":{"pid":"f8f72bc4-8005-4856-9ff6-e8e99582dafc"},"geometry":{"type":"Polygon","coordinates":[[[136.22402318683828,36.00461637725454],[136.22407100916044,36.004940481740874],[136.22459263531513,36.00495414324469],[136.22462188318386,36.00454359821601],[136.2240324411428,36.00459930319067],[136.22402318683828,36.00461637725454]]]}},{"type":"Feature","properties":{"pid":"9efee458-653e-4263-bc37-de529ce37e8e"},"geometry":{"type":"Polygon","coordinates":[[[136.2241731950451,36.00422456054272],[136.22418657680777,36.00439991163299],[136.22415213888783,36.004425632718004],[136.22402998706667,36.004437908056815],[136.22403483321253,36.004484504457444],[136.22421821878433,36.004469567376844],[136.2241731950451,36.00422456054272]]]}},{"type":"Feature","properties":{"pid":"4ca88738-f23a-472d-9308-e6d26a2fb145"},"geometry":{"type":"Polygon","coordinates":[[[136.22341274786217,36.005844980859024],[136.2234399217538,36.00587956915377],[136.22362912978784,36.0058803309613],[136.2234759775611,36.00507343300187],[136.22343619254383,36.00507301001589],[136.22341274786217,36.005844980859024]]]}},{"type":"Feature","properties":{"pid":"48220525-628f-4988-be67-47c1d7dc5ea4"},"geometry":{"type":"Polygon","coordinates":[[[136.2239932812104,36.00589533460892],[136.22416671958078,36.00590040717228],[136.22420010660974,36.00509464006396],[136.22403570232677,36.005088641089344],[136.2239932812104,36.00589533460892]]]}},{"type":"Feature","properties":{"pid":"4115a957-b5d3-45f3-8de1-83ed15c8dea6"},"geometry":{"type":"Polygon","coordinates":[[[136.22458940633106,36.0051043100515],[136.2243202251028,36.00509585074112],[136.2242854732493,36.00590320840586],[136.22455321496037,36.005908974636526],[136.22458940633106,36.0051043100515]]]}},{"type":"Feature","properties":{"pid":"7fb68b04-167b-400d-90da-81db0a9a7d4b"},"geometry":{"type":"Polygon","coordinates":[[[136.2251155689055,36.00592225209633],[136.2251293067765,36.00591099880761],[136.22516721356774,36.00511409131598],[136.22470808896554,36.0051057796724],[136.22467190611232,36.00591149821511],[136.2251155689055,36.00592225209633]]]}},{"type":"Feature","properties":{"pid":"607a5e6e-d667-4419-8cee-cf648d8c261c"},"geometry":{"type":"Polygon","coordinates":[[[136.21583097200735,35.99443042057977],[136.21565826110609,35.99445567209461],[136.21572464137066,35.99480288947685],[136.21617775495608,35.99473214478517],[136.2161860423041,35.994713308024764],[136.21605640365507,35.994398112064474],[136.21596523031798,35.994410982374994],[136.2159223729723,35.994442888631404],[136.2158617103488,35.99444558336102],[136.21583097200735,35.99443042057977]]]}},{"type":"Feature","properties":{"pid":"7f2edd1c-56de-4f8b-a449-bf9a7f60855d"},"geometry":{"type":"Polygon","coordinates":[[[136.21699607372423,35.99776729062138],[136.2170352273871,35.998079776012204],[136.2171535681372,35.99809276117435],[136.2171964849847,35.99794948030354],[136.2170752033745,35.9978002913548],[136.21699607372423,35.99776729062138]]]}},{"type":"Feature","properties":{"pid":"874fb599-6760-4312-9e5b-1bc082595f46"},"geometry":{"type":"Polygon","coordinates":[[[136.21657103041974,35.99764899546703],[136.21664911461502,35.99806923347744],[136.21673781415106,35.998058698623296],[136.21670875799535,35.99771031257262],[136.2166528968509,35.99767423825677],[136.21657103041974,35.99764899546703]]]}},{"type":"Feature","properties":{"pid":"6e4960df-e594-4385-b9b3-b9e958a73ec2"},"geometry":{"type":"Polygon","coordinates":[[[136.2168508412142,35.997725639949856],[136.21684041997906,35.997725361347456],[136.21686767690957,35.998056569464026],[136.21689576785673,35.998060982968425],[136.2168508412142,35.997725639949856]]]}},{"type":"Feature","properties":{"pid":"91f7094e-db11-4f51-b39f-d5b71d1f804c"},"geometry":{"type":"Polygon","coordinates":[[[136.21606988448823,35.997654817550085],[136.21586972158238,35.997678802887066],[136.21597875674794,35.998224545587064],[136.21616041978004,35.998149220902235],[136.21606988448823,35.997654817550085]]]}},{"type":"Feature","properties":{"pid":"afdc2e01-e279-42eb-b866-ef86839391ce"},"geometry":{"type":"Polygon","coordinates":[[[136.21643440403724,35.997616396415516],[136.21620022061717,35.997643729864095],[136.21628568331784,35.99810666448885],[136.21640119065825,35.998075899093905],[136.2165179915233,35.99807497440713],[136.21643440403724,35.997616396415516]]]}},{"type":"Feature","properties":{"pid":"b30fb6e0-ed59-45c1-a78f-e82f111f5a0c"},"geometry":{"type":"Polygon","coordinates":[[[136.21601152851792,35.995454734259035],[136.21617879298464,35.99534309476305],[136.2162586417301,35.995236825269316],[136.21620613201264,35.994917443569086],[136.21590746924676,35.99495188319661],[136.21601152851792,35.995454734259035]]]}},{"type":"Feature","properties":{"pid":"8a9e3d6e-181b-4ede-8bc9-c43ec0da85f3"},"geometry":{"type":"Polygon","coordinates":[[[136.21517626201427,35.99505324191723],[136.21530703325675,35.995660099638705],[136.2153788292393,35.99565048310746],[136.21524392934407,35.99504424826899],[136.21517626201427,35.99505324191723]]]}},{"type":"Feature","properties":{"pid":"7ffbee37-66b9-4c0d-ac2b-d25f769c018b"},"geometry":{"type":"Polygon","coordinates":[[[136.21535826104576,35.99502599435697],[136.21548661260178,35.99561543784593],[136.21569987948368,35.99555690188226],[136.21557959345233,35.994997239812626],[136.21535826104576,35.99502599435697]]]}},{"type":"Feature","properties":{"pid":"54e3234b-346c-46b1-8e76-132db74a0bca"},"geometry":{"type":"Polygon","coordinates":[[[136.2156953059532,35.994981196440705],[136.21581140452057,35.99552648231295],[136.21590206662708,35.99549698289536],[136.2157942332867,35.9949673197291],[136.2156953059532,35.994981196440705]]]}},{"type":"Feature","properties":{"pid":"631ed74c-d6be-45a5-99a6-21b83c3e103a"},"geometry":{"type":"Polygon","coordinates":[[[136.21452220942496,35.995778635345395],[136.21506129636836,35.99569811934255],[136.2149447148897,35.995113638719076],[136.21491104875838,35.99509128624706],[136.2143971431898,35.99516654960381],[136.21452220942496,35.995778635345395]]]}},{"type":"Feature","properties":{"pid":"d95aa35c-4f38-4348-987f-0117b1b53b26"},"geometry":{"type":"Polygon","coordinates":[[[136.213098017032,35.9953307860822],[136.21322173532855,35.99596424071287],[136.21440823250205,35.99579568404414],[136.21428205840706,35.995179912748185],[136.213098017032,35.9953307860822]]]}},{"type":"Feature","properties":{"pid":"4b0ba739-1f3d-423f-9134-7c17ccb4ad40"},"geometry":{"type":"Polygon","coordinates":[[[136.21547949656565,35.99734760817787],[136.21543571415796,35.997170538996734],[136.21541366035288,35.9969986767364],[136.21533482671953,35.99697294850418],[136.21518014576628,35.99699479740363],[136.21525629241634,35.99737901863308],[136.21547949656565,35.99734760817787]]]}},{"type":"Feature","properties":{"pid":"1dc4bdd2-c442-4271-94e9-f3ea755d5399"},"geometry":{"type":"Polygon","coordinates":[[[136.21491113524146,35.99689214243137],[136.21484658112445,35.99690356846727],[136.2148186439541,35.99695773450502],[136.21495788607982,35.99766208120808],[136.21518816746212,35.99763376813837],[136.21506007523323,35.996983131416634],[136.21491113524146,35.99689214243137]]]}},{"type":"Feature","properties":{"pid":"58e48c71-177b-44d2-aa2d-a9179059eebe"},"geometry":{"type":"Polygon","coordinates":[[[136.21484269613313,35.99768019468972],[136.21471138558994,35.99702457244361],[136.21454987195844,35.99711164544642],[136.21429877850733,35.99718636347118],[136.2144066419209,35.99773681037796],[136.21484269613313,35.99768019468972]]]}},{"type":"Feature","properties":{"pid":"539eb28d-b5f3-493a-9342-d9d71329a41c"},"geometry":{"type":"Polygon","coordinates":[[[136.21558063909902,35.997446172085674],[136.2152765192719,35.99748107668593],[136.21530247743638,35.99761205489494],[136.21560232040372,35.997580181010804],[136.21558063909902,35.997446172085674]]]}},{"type":"Feature","properties":{"pid":"d4ef75e5-a625-404e-b85a-798f7535fbb7"},"geometry":{"type":"Polygon","coordinates":[[[136.2157408710327,35.99769633492155],[136.21558638862646,35.99771738401281],[136.21571872443056,35.99838612279541],[136.21585268344614,35.998269234545155],[136.2157408710327,35.99769633492155]]]}},{"type":"Feature","properties":{"pid":"d29aa247-7f14-4f79-971a-9218b799972d"},"geometry":{"type":"Polygon","coordinates":[[[136.2150847112146,35.997791211592144],[136.21523426210868,35.99854378593306],[136.21557455390132,35.99850113271493],[136.2154316214035,35.99775293520432],[136.2150847112146,35.997791211592144]]]}},{"type":"Feature","properties":{"pid":"43a72cc6-cc69-41b2-82ea-487c2e0d3316"},"geometry":{"type":"Polygon","coordinates":[[[136.21488104629586,35.99781177509396],[136.2143338945962,35.99788623305018],[136.21447789964213,35.998653912186],[136.21492777424314,35.99853483144054],[136.2150154562844,35.99852592606944],[136.21488104629586,35.99781177509396]]]}},{"type":"Feature","properties":{"pid":"2d8c34ce-fea9-4b57-b65b-cd794bc909f8"},"geometry":{"type":"Polygon","coordinates":[[[136.21388309464388,35.997943922076104],[136.2140614289419,35.99879160720606],[136.2141205994641,35.99875620987214],[136.21436503828014,35.99868626056966],[136.21421816009925,35.997903271326095],[136.21388309464388,35.997943922076104]]]}},{"type":"Feature","properties":{"pid":"2467f946-0cbe-4db9-9599-cb687cbb4e46"},"geometry":{"type":"Polygon","coordinates":[[[136.21369649595712,35.99797268948134],[136.21301040605366,35.99806195022004],[136.21370041732843,35.998968281116944],[136.21389694425065,35.99893986461586],[136.21369649595712,35.99797268948134]]]}},{"type":"Feature","properties":{"pid":"e3c9f77d-95d0-481b-874d-d0fa3f6f0414"},"geometry":{"type":"Polygon","coordinates":[[[136.21296412571266,35.997602068288124],[136.21302208572277,35.99791341241665],[136.21365992412564,35.99783187094012],[136.21351085762095,35.99712796529786],[136.21328185713583,35.99712556549422],[136.21320186015237,35.99708560412944],[136.21302211054896,35.99691881120029],[136.21294348681934,35.99688607381503],[136.21287460406853,35.99688290346728],[136.21299985543152,35.99755752971038],[136.21296412571266,35.997602068288124]]]}},{"type":"Feature","properties":{"pid":"de204075-5d61-4804-9550-dfc07d106473"},"geometry":{"type":"Polygon","coordinates":[[[136.21417646519092,35.99718396537787],[136.21393671851223,35.99709995206949],[136.21381849712697,35.99713051316413],[136.21370916383685,35.997136194276884],[136.21384409502562,35.997809933447286],[136.21428877329882,35.99775016177298],[136.21417646519092,35.99718396537787]]]}},{"type":"Feature","properties":{"pid":"7939712a-411a-4b9f-894b-0666c303033d"},"geometry":{"type":"Polygon","coordinates":[[[136.21270304291727,35.996927246202716],[136.21220938375382,35.99697954068801],[136.21260164736952,35.997505824133576],[136.21282167598036,35.997488445425034],[136.21270304291727,35.996927246202716]]]}},{"type":"Feature","properties":{"pid":"5aa5950e-c694-4640-b5e4-b937f110154c"},"geometry":{"type":"Polygon","coordinates":[[[136.21270449894726,35.99763046372855],[136.21289266058355,35.99789260427726],[136.21284416394062,35.99761419954412],[136.21270449894726,35.99763046372855]]]}},{"type":"Feature","properties":{"pid":"c10084ac-295d-44ca-aba5-3d7a316ff9d1"},"geometry":{"type":"Polygon","coordinates":[[[136.21238092090044,35.998713587757024],[136.2119926666589,35.99817788663514],[136.2115195316264,35.998228905284904],[136.21163929455082,35.99880311958999],[136.21238092090044,35.998713587757024]]]}},{"type":"Feature","properties":{"pid":"7b85c68b-9a2f-4436-ab0a-bf33fc94568d"},"geometry":{"type":"Polygon","coordinates":[[[136.2102685949705,35.99799597241543],[136.2103431933003,35.99841789767381],[136.21132901559912,35.99829206086132],[136.21125059835006,35.9978834577183],[136.2102685949705,35.99799597241543]]]}},{"type":"Feature","properties":{"pid":"0f986371-b19c-4517-9c8b-bc8e6ad3970c"},"geometry":{"type":"Polygon","coordinates":[[[136.21049809751352,35.99622822048945],[136.2108294813385,35.99773117145644],[136.2116592562795,35.99764559596609],[136.21164482582046,35.99760681396228],[136.21065844231154,35.996210470568386],[136.21049809751352,35.99622822048945]]]}},{"type":"Feature","properties":{"pid":"6a2a441d-b185-4c51-b4c7-67a8dda0b641"},"geometry":{"type":"Polygon","coordinates":[[[136.2119554344343,35.99635746590131],[136.211791568904,35.99556243962442],[136.21124374591722,35.995637404071424],[136.21178246218977,35.996376351110634],[136.2119554344343,35.99635746590131]]]}},{"type":"Feature","properties":{"pid":"f1742076-9cac-4d1e-82e7-b38b8d36d300"},"geometry":{"type":"Polygon","coordinates":[[[136.21187305841556,35.99652830650655],[136.2121368665616,35.996882246358766],[136.21268799634578,35.9968248619777],[136.21265717203332,35.9964685087774],[136.2125623361649,35.996463353745796],[136.21187305841556,35.99652830650655]]]}},{"type":"Feature","properties":{"pid":"6ea4e3df-b05e-4ad4-aa47-7e1c10ba2a27"},"geometry":{"type":"Polygon","coordinates":[[[136.21242081681152,35.99630389849796],[136.21225174582688,35.99543468037289],[136.21191464978222,35.99547974687075],[136.2118964689893,35.99550677704376],[136.21207112154323,35.99634295778001],[136.21242081681152,35.99630389849796]]]}},{"type":"Feature","properties":{"pid":"008d32a6-b012-4833-a0cb-c8e3a3ceff8a"},"geometry":{"type":"Polygon","coordinates":[[[136.21246742823968,35.99541422422333],[136.2124514387188,35.995426714527746],[136.21262761674478,35.996297554438044],[136.21271303057466,35.9962900947262],[136.2127692432067,35.99626279787265],[136.2131123968823,35.996006713022126],[136.21298143589806,35.99536036215691],[136.2129631170514,35.99535206293484],[136.21246742823968,35.99541422422333]]]}},{"type":"Feature","properties":{"pid":"babbf276-7823-4032-bca2-e7f8430936aa"},"geometry":{"type":"Polygon","coordinates":[[[136.2110725893473,35.995407894397246],[136.21090175735154,35.994544404208156],[136.21048996408018,35.99459310549558],[136.2110725893473,35.995407894397246]]]}},{"type":"Feature","properties":{"pid":"ef751c0f-73aa-4ea1-8068-02dcccebcae5"},"geometry":{"type":"Polygon","coordinates":[[[136.21124288354113,35.99450490295933],[136.21101476874577,35.99452889504506],[136.21118702086645,35.995393371550215],[136.2114175090685,35.995363958741045],[136.21124288354113,35.99450490295933]]]}},{"type":"Feature","properties":{"pid":"8831b8a7-d24a-4e18-b669-3540482f92c5"},"geometry":{"type":"Polygon","coordinates":[[[136.2117495467867,35.995321587238436],[136.21157024323014,35.99447411146555],[136.2113676355862,35.9945005683221],[136.211542089174,35.9953480616145],[136.2117495467867,35.995321587238436]]]}},{"type":"Feature","properties":{"pid":"ac86b786-e72c-47f0-88d6-80190e7a8c74"},"geometry":{"type":"Polygon","coordinates":[[[136.2116977665238,35.99445745926195],[136.21186992832486,35.995306225798146],[136.21191388998162,35.99530061545786],[136.21174277503067,35.994451581864816],[136.2116977665238,35.99445745926195]]]}},{"type":"Feature","properties":{"pid":"8385da51-ade0-46d0-9b50-afcb1c9b21cc"},"geometry":{"type":"Polygon","coordinates":[[[136.21100910765972,35.99437853330157],[136.21082465765548,35.99351740862108],[136.21065140032277,35.9935409661867],[136.21083917564266,35.99440056245781],[136.21100910765972,35.99437853330157]]]}},{"type":"Feature","properties":{"pid":"fa95fc74-512c-41c0-8ac6-3ce7c777c559"},"geometry":{"type":"Polygon","coordinates":[[[136.21112350746196,35.994362158311525],[136.21121307912225,35.99435119239302],[136.21103347655745,35.993488139638465],[136.2109416703462,35.99350364077855],[136.21112350746196,35.994362158311525]]]}},{"type":"Feature","properties":{"pid":"b34baf12-e05c-4ac3-bcc6-db0d5c6f8077"},"geometry":{"type":"Polygon","coordinates":[[[136.21132732338444,35.99433710783268],[136.21137944451175,35.99433008979313],[136.21119505519286,35.99346553666841],[136.21114724571385,35.99347177774216],[136.21132732338444,35.99433710783268]]]}},{"type":"Feature","properties":{"pid":"6f6dceb6-b10d-404b-be6e-b5ad605d8ab2"},"geometry":{"type":"Polygon","coordinates":[[[136.2118207335415,35.994272741608604],[136.212027230847,35.99424128839687],[136.21185131702993,35.993372259133594],[136.21163416792768,35.99340626911774],[136.2118207335415,35.994272741608604]]]}},{"type":"Feature","properties":{"pid":"0947841d-dc70-4628-bcf1-4468afb38367"},"geometry":{"type":"Polygon","coordinates":[[[136.21149361682438,35.99431446345986],[136.21170597270265,35.99428740213267],[136.21152032367775,35.9934235690924],[136.21130948775493,35.99345248237413],[136.21149361682438,35.99431446345986]]]}},{"type":"Feature","properties":{"pid":"89d6c8e9-1bba-4efb-a896-ea3e08e0ec80"},"geometry":{"type":"Polygon","coordinates":[[[136.21292832105837,35.994113284706714],[136.21275635511154,35.99324878855713],[136.21201969999368,35.993352082537896],[136.21219343023486,35.99421511873336],[136.21292832105837,35.994113284706714]]]}},{"type":"Feature","properties":{"pid":"148e419b-2868-46cf-bd72-cd5e0ef08eed"},"geometry":{"type":"Polygon","coordinates":[[[136.21203020070348,35.995284578961844],[136.2122365714662,35.9952557786844],[136.21206583654904,35.99440415579456],[136.21185582604642,35.99443383746644],[136.21203020070348,35.995284578961844]]]}},{"type":"Feature","properties":{"pid":"5f28c129-1f87-4d41-904e-b3782fba29e2"},"geometry":{"type":"Polygon","coordinates":[[[136.21222810319213,35.99437555485628],[136.2124054607274,35.99523190816563],[136.2132755014204,35.995113937138505],[136.21309871351164,35.99425525143779],[136.21222810319213,35.99437555485628]]]}},{"type":"Feature","properties":{"pid":"42e16c4d-8b6f-48ca-804f-962bda8ac948"},"geometry":{"type":"Polygon","coordinates":[[[136.21339084644438,35.99421488416226],[136.2135700731225,35.99507399634788],[136.21360573895328,35.99506916008659],[136.21342952296993,35.99420953965911],[136.21339084644438,35.99421488416226]]]}},{"type":"Feature","properties":{"pid":"07b6a397-0450-4099-8951-78e869ee7e8e"},"geometry":{"type":"Polygon","coordinates":[[[136.213448612263,35.99509046488391],[136.2132712886823,35.99423140437027],[136.2132156889088,35.99423908764325],[136.21339388473265,35.995097885327894],[136.213448612263,35.99509046488391]]]}},{"type":"Feature","properties":{"pid":"d199d274-c276-44ea-a8bf-fd22af32f24d"},"geometry":{"type":"Polygon","coordinates":[[[136.213542847763,35.99419761270376],[136.21372113861733,35.99505279088738],[136.21490524465625,35.99489443864401],[136.21473933389217,35.99404333274412],[136.213542847763,35.99419761270376]]]}},{"type":"Feature","properties":{"pid":"c91467d6-3304-4943-b08e-16bc86aad3be"},"geometry":{"type":"Polygon","coordinates":[[[136.2154454858136,35.99448309440593],[136.21551616463728,35.994829968092866],[136.21561307953417,35.99481829574424],[136.2155474512133,35.994482466350505],[136.2155340547104,35.99447251865878],[136.2154454858136,35.99448309440593]]]}},{"type":"Feature","properties":{"pid":"7ae4ab5b-e674-4ada-abfe-894997629e8c"},"geometry":{"type":"Polygon","coordinates":[[[136.2153953547062,35.99484451837989],[136.2153240411646,35.994497595375336],[136.21521669445812,35.99451041311599],[136.21529038818713,35.99485716012163],[136.2153953547062,35.99484451837989]]]}},{"type":"Feature","properties":{"pid":"04d512e3-9002-4f18-b04a-af5d0b051c63"},"geometry":{"type":"Polygon","coordinates":[[[136.21572545344995,35.994311315222404],[136.21565087587558,35.993921065625834],[136.21496797608765,35.994019365218676],[136.21503971136357,35.99441298699166],[136.21572545344995,35.994311315222404]]]}},{"type":"Feature","properties":{"pid":"f3789a11-aed1-421e-9521-3ce69d88aeb7"},"geometry":{"type":"Polygon","coordinates":[[[136.21537644339801,35.99378973530851],[136.21529791903168,35.99339469376205],[136.21484425540206,35.9934525580694],[136.2149215087173,35.99384658612489],[136.21537644339801,35.99378973530851]]]}},{"type":"Feature","properties":{"pid":"15b546a8-ff2f-4a0a-b003-4703c291d5b7"},"geometry":{"type":"Polygon","coordinates":[[[136.21469362878491,35.99387626749473],[136.21451515118835,35.99301317740641],[136.2140048719781,35.99308288041233],[136.21417272572847,35.99394854678186],[136.21469362878491,35.99387626749473]]]}},{"type":"Feature","properties":{"pid":"8128942d-6afd-48dc-9447-0f51b80922ee"},"geometry":{"type":"Polygon","coordinates":[[[136.21372428543904,35.99400364309063],[136.21354748371743,35.99314332357021],[136.21288027468435,35.993233491722336],[136.21305185760937,35.99409803097343],[136.21372428543904,35.99400364309063]],[[136.2135372902582,35.99366738338512],[136.21347016820647,35.993664943892746],[136.21341106428153,35.99358851036018],[136.21342573588288,35.9935485686999],[136.2135061428936,35.993506474582134],[136.2135531143636,35.99351604091871],[136.213618126715,35.99358913157522],[136.2136069433545,35.99362588846112],[136.2135372902582,35.99366738338512]]]}},{"type":"Feature","properties":{"pid":"bcac0e40-1899-48a6-ae59-92998fa86846"},"geometry":{"type":"Polygon","coordinates":[[[136.2140563363012,35.99395771792611],[136.2138903224946,35.99309684553542],[136.21366169202733,35.99312530542446],[136.2138388404951,35.99398658907779],[136.2140563363012,35.99395771792611]]]}},{"type":"Feature","properties":{"pid":"23046696-1a98-4b7e-8781-db5bfa7cc5aa"},"geometry":{"type":"Polygon","coordinates":[[[136.2139957321477,35.99295137357528],[136.21381696820595,35.99207259515779],[136.21362030916643,35.992100293525276],[136.21379941824114,35.9929755829936],[136.2139957321477,35.99295137357528]]]}},{"type":"Feature","properties":{"pid":"c2b6f045-5fd4-4d1c-91d9-cbe1ca79eb00"},"geometry":{"type":"Polygon","coordinates":[[[136.21393620743058,35.992055801382996],[136.2141181083489,35.992936282534984],[136.21415827059639,35.99293132989942],[136.21398360287262,35.99204912578549],[136.21393620743058,35.992055801382996]]]}},{"type":"Feature","properties":{"pid":"713ac1d9-9502-45da-9c5a-03a51229ed14"},"geometry":{"type":"Polygon","coordinates":[[[136.21409990313424,35.99204426470078],[136.2142724257961,35.99291559732158],[136.2144924874232,35.99288461427253],[136.21438826667926,35.9923246765198],[136.2142654984112,35.99224337444642],[136.21409990313424,35.99204426470078]]]}},{"type":"Feature","properties":{"pid":"08d69262-b788-4c8b-818c-b271cdf48a7b"},"geometry":{"type":"Polygon","coordinates":[[[136.215277155727,35.993302054454446],[136.21520321602995,35.992929230994775],[136.21474878534735,35.992985001149236],[136.2148281435079,35.99336053886407],[136.215277155727,35.993302054454446]]]}},{"type":"Feature","properties":{"pid":"50ea8486-a5be-4df1-8c54-6b2b1db4f0f9"},"geometry":{"type":"Polygon","coordinates":[[[136.21473805208862,35.99244581514344],[136.21463139160156,35.99245615545609],[136.21470535397538,35.9928589703117],[136.2153162256092,35.992771747594276],[136.21501517449153,35.99257137661149],[136.21473805208862,35.99244581514344]]]}},{"type":"Feature","properties":{"pid":"e6c5509f-1a62-40a4-a778-94dcbe4b4ad9"},"geometry":{"type":"Polygon","coordinates":[[[136.21351487189582,35.991955920245466],[136.2134212909147,35.99155928812272],[136.21336101388425,35.99157819516298],[136.21344265167124,35.99196449520204],[136.21351487189582,35.991955920245466]]]}},{"type":"Feature","properties":{"pid":"de3b305c-4ab9-48b4-b939-2d75d474637a"},"geometry":{"type":"Polygon","coordinates":[[[136.2133309449107,35.99198004577375],[136.21325199239655,35.99161256765461],[136.2129752291065,35.99169448516829],[136.2130383190316,35.992020980782065],[136.2133309449107,35.99198004577375]]]}},{"type":"Feature","properties":{"pid":"f313b9f3-7bda-4629-951b-ca6f5b1fd981"},"geometry":{"type":"Polygon","coordinates":[[[136.212926363312,35.99203462943001],[136.21286567626993,35.99172520543904],[136.21274265252794,35.99175757782538],[136.2128049169093,35.992049841663345],[136.212926363312,35.99203462943001]]]}},{"type":"Feature","properties":{"pid":"979e0b23-0522-4a3c-885a-9b616235ad46"},"geometry":{"type":"Polygon","coordinates":[[[136.21269255573827,35.992064954558366],[136.2126326638884,35.9917814318321],[136.21217562483827,35.99187893666],[136.21222220805117,35.99212904101248],[136.21269255573827,35.992064954558366]]]}},{"type":"Feature","properties":{"pid":"002a82d1-05c9-48db-8837-c640086618de"},"geometry":{"type":"Polygon","coordinates":[[[136.21246777111787,35.99224716523167],[136.21264965161544,35.993133577977524],[136.2136764822038,35.99299026346427],[136.21349752350778,35.99211491715504],[136.21246777111787,35.99224716523167]]]}},{"type":"Feature","properties":{"pid":"d632af35-8fb4-4ce0-811e-6a6ce0b5c32c"},"geometry":{"type":"Polygon","coordinates":[[[136.21220867829376,35.993196329149235],[136.212026987498,35.99231044941373],[136.21180511893152,35.99234132654685],[136.2119892395848,35.99322629772957],[136.21220867829376,35.993196329149235]]]}},{"type":"Feature","properties":{"pid":"951d6e02-6c6b-4677-9ad9-2e48d2aee0ab"},"geometry":{"type":"Polygon","coordinates":[[[136.2123213760898,35.993180735780975],[136.2125370172165,35.99314976947799],[136.21235519290445,35.992266592602974],[136.21213950782555,35.99229549877831],[136.2123213760898,35.993180735780975]]]}},{"type":"Feature","properties":{"pid":"896aa8ce-9598-459a-86a2-4939492fb237"},"geometry":{"type":"Polygon","coordinates":[[[136.211826278113,35.99324915471136],[136.21164163288984,35.99235684043273],[136.2110109062752,35.99243766404075],[136.2112004078852,35.99333748270074],[136.211826278113,35.99324915471136]]]}},{"type":"Feature","properties":{"pid":"c5875ee3-5c37-4a9b-b52d-7c15e72b84e1"},"geometry":{"type":"Polygon","coordinates":[[[136.21059765969252,35.992493611646054],[136.2107745533618,35.99339502046364],[136.21081561494455,35.99339007357061],[136.21063294260702,35.99248840600209],[136.21059765969252,35.992493611646054]]]}},{"type":"Feature","properties":{"pid":"ea30dd4a-9a2f-4a1d-b869-910a3f908ad9"},"geometry":{"type":"Polygon","coordinates":[[[136.21108725267388,35.99335297337458],[136.21089762616063,35.99245593559461],[136.21074815852782,35.99247297375132],[136.21092930815396,35.99337639352945],[136.21108725267388,35.99335297337458]]]}},{"type":"Feature","properties":{"pid":"7c4044f4-89de-43f2-b902-7c5c13da39ae"},"geometry":{"type":"Polygon","coordinates":[[[136.21150066527184,35.99223120876817],[136.21143793455198,35.99191963579468],[136.2108691641409,35.99198930589045],[136.21093615528366,35.992311650686624],[136.21150066527184,35.99223120876817]]]}},{"type":"Feature","properties":{"pid":"cec4de1a-2306-4d3a-8a9f-75bdf1874dce"},"geometry":{"type":"Polygon","coordinates":[[[136.21205911428615,35.991868425289475],[136.211549738055,35.991906146946874],[136.21161291024933,35.99221559626149],[136.2121110040561,35.99214411111831],[136.21205911428615,35.991868425289475]]]}},{"type":"Feature","properties":{"pid":"ba03de16-1116-4522-8830-16e85026b44c"},"geometry":{"type":"Polygon","coordinates":[[[136.2116630613891,35.99177166579323],[136.21205898879563,35.99173678439149],[136.2122371401962,35.991657687324384],[136.2122777454077,35.991670708127174],[136.212327793473,35.99173050077311],[136.21218637171683,35.991409544310734],[136.2116630613891,35.99177166579323]]]}},{"type":"Feature","properties":{"pid":"81948fa8-1abc-4080-891d-8d09131a455e"},"geometry":{"type":"Polygon","coordinates":[[[136.2113716823403,35.99175987434562],[136.21091711236005,35.9913318246868],[136.2105477322454,35.99158859428454],[136.2108000349935,35.991830341850594],[136.2113716823403,35.99175987434562]]]}},{"type":"Feature","properties":{"pid":"035dde10-2c71-4fd9-9c2b-50abd4eda083"},"geometry":{"type":"Polygon","coordinates":[[[136.21162206069235,35.991626920750036],[136.2111419275738,35.991174974123886],[136.2110050605716,35.99127103646663],[136.21148628598854,35.9917248260498],[136.21162206069235,35.991626920750036]]]}},{"type":"Feature","properties":{"pid":"aebd7745-3216-455e-8f1d-b2c45aa951d1"},"geometry":{"type":"Polygon","coordinates":[[[136.2121766472602,35.99123515719439],[136.2117052266566,35.99078619197007],[136.21159442516898,35.99085785990028],[136.2120674508799,35.991308517279556],[136.2121766472602,35.99123515719439]]]}},{"type":"Feature","properties":{"pid":"804d603f-4179-406d-8e26-18fb38ffe902"},"geometry":{"type":"Polygon","coordinates":[[[136.2116921223108,35.99154990843566],[136.21173017607572,35.991554355545425],[136.21196131050456,35.991391010676395],[136.21147772270032,35.9909360211986],[136.21122897877862,35.99111303185568],[136.2116921223108,35.99154990843566]]]}},{"type":"Feature","properties":{"pid":"7f68ec78-cc52-4406-92fe-977aac92cf55"},"geometry":{"type":"Polygon","coordinates":[[[136.21138311012453,35.990842751352375],[136.21090405175042,35.99038885905395],[136.21048045675394,35.99068905609067],[136.21095427249114,35.99113633351295],[136.21138311012453,35.990842751352375]]]}},{"type":"Feature","properties":{"pid":"6f5fac18-8b52-4e30-95a6-90b084043788"},"geometry":{"type":"Polygon","coordinates":[[[136.21265297901897,35.99090043027478],[136.21218012703025,35.99045439212637],[136.2119312702627,35.99062803851452],[136.21240593455732,35.9910783094109],[136.21265297901897,35.99090043027478]]]}},{"type":"Feature","properties":{"pid":"363ae87b-b5e5-4669-92dc-91257ca6742d"},"geometry":{"type":"Polygon","coordinates":[[[136.21231801305885,35.99113939180574],[136.21184268866614,35.99068976075259],[136.21179336404734,35.99072591322717],[136.21226316270833,35.99117445244945],[136.21231801305885,35.99113939180574]]]}},{"type":"Feature","properties":{"pid":"f24797a3-74ab-4573-aede-2b75cfcbf5e9"},"geometry":{"type":"Polygon","coordinates":[[[136.21289971653897,35.990913662240786],[136.21227868610552,35.991345904421834],[136.21243652707562,35.99170504065362],[136.2129054184566,35.99158803034104],[136.21316945678487,35.99150447390264],[136.21289971653897,35.990913662240786]]]}},{"type":"Feature","properties":{"pid":"565f73c7-34c1-4c31-aa4c-f627018d583c"},"geometry":{"type":"Polygon","coordinates":[[[136.21086808549032,35.99120173831589],[136.2103916067262,35.990753834799406],[136.2103091172838,35.990814595292214],[136.21078886938398,35.99125681903139],[136.21086808549032,35.99120173831589]]]}},{"type":"Feature","properties":{"pid":"eb16047b-6715-4b81-a38e-ce76cf96a7e5"},"geometry":{"type":"Polygon","coordinates":[[[136.21069868410518,35.991322146063084],[136.2102188235288,35.9908800192347],[136.20999873794864,35.99104169148272],[136.210468957869,35.99148321202896],[136.21069868410518,35.991322146063084]]]}},{"type":"Feature","properties":{"pid":"ff674966-a63a-4e4c-af09-e5eeaaf23701"},"geometry":{"type":"Polygon","coordinates":[[[136.21029921588266,35.99159270292998],[136.20983188891384,35.9911540880792],[136.2095594294871,35.99134369942937],[136.21002503402678,35.991784645923524],[136.21029921588266,35.99159270292998]]]}},{"type":"Feature","properties":{"pid":"d199981a-671d-4d92-becd-be843b10a905"},"geometry":{"type":"Polygon","coordinates":[[[136.2101055224577,35.990759072604405],[136.20962796586952,35.99030645124248],[136.20939664567885,35.990473506531465],[136.2098757556177,35.9909161617527],[136.2101055224577,35.990759072604405]]]}},{"type":"Feature","properties":{"pid":"5b376b1e-82d0-4a1d-b43f-5c5700edbef6"},"geometry":{"type":"Polygon","coordinates":[[[136.20967808527777,35.991035851736825],[136.20921885362276,35.99059824635934],[136.20896663153025,35.990777760398714],[136.20942469363894,35.99121630474834],[136.20967808527777,35.991035851736825]]]}},{"type":"Feature","properties":{"pid":"4ca0c49b-225d-4a51-a491-46046b3ca8ae"},"geometry":{"type":"Polygon","coordinates":[[[136.20933505036857,35.99127713589405],[136.20887612907302,35.99083794012394],[136.20862482049824,35.99101352234803],[136.20908301889492,35.9914484289485],[136.20933505036857,35.99127713589405]]]}},{"type":"Feature","properties":{"pid":"e04e6023-aef2-4784-8b14-90be75eca0cd"},"geometry":{"type":"Polygon","coordinates":[[[136.2089917428265,35.991507809388736],[136.20853415949642,35.991072544756626],[136.20821535637697,35.99129805512909],[136.20867424287513,35.99172968583327],[136.2089917428265,35.991507809388736]]]}},{"type":"Feature","properties":{"pid":"befadee6-0096-4dcf-a788-44fb7515b110"},"geometry":{"type":"Polygon","coordinates":[[[136.2089336060907,35.990613682139525],[136.2084609076972,35.99017153739923],[136.20830797499966,35.990275034789384],[136.20828805874558,35.99033951845416],[136.20807199603576,35.990490014405474],[136.20851298169774,35.990911344302646],[136.2089336060907,35.990613682139525]]]}},{"type":"Feature","properties":{"pid":"96f47038-fefb-4c67-9db8-9e03b5a61745"},"geometry":{"type":"Polygon","coordinates":[[[136.20777269427904,35.99075599389204],[136.20807879744603,35.99122072445776],[136.20842532788777,35.99097496799885],[136.2079819479672,35.99055153579033],[136.2077728782711,35.99069374003487],[136.2077831864905,35.99073042707221],[136.20777269427904,35.99075599389204]]]}},{"type":"Feature","properties":{"pid":"f7729fb0-09e1-4cdc-bd84-2c4295c04923"},"geometry":{"type":"Polygon","coordinates":[[[136.2073488068266,35.991529734140336],[136.20720793327627,35.99132704231378],[136.20723666385837,35.991539332496075],[136.2073488068266,35.991529734140336]]]}},{"type":"Feature","properties":{"pid":"96854818-0419-4233-92a1-7b257ea707e0"},"geometry":{"type":"Polygon","coordinates":[[[136.20665977981696,35.990606989197055],[136.2066407488487,35.99057935132644],[136.20590516514756,35.99070022646116],[136.20591444759575,35.99073471013008],[136.20665977981696,35.990606989197055]]]}},{"type":"Feature","properties":{"pid":"87db6c59-f1a9-47f6-8faa-15c7c531bb33"},"geometry":{"type":"Polygon","coordinates":[[[136.2067903146032,35.9907888391675],[136.20672284034086,35.990695783759186],[136.20593637561393,35.99083168929992],[136.20595938258984,35.9909258224387],[136.2067903146032,35.9907888391675]]]}},{"type":"Feature","properties":{"pid":"ff7b2e5a-0c2a-4d5a-a03e-fbbd08ce7482"},"geometry":{"type":"Polygon","coordinates":[[[136.20692710794697,35.99103556990316],[136.2069121251815,35.990965855103006],[136.2060094464537,35.99111655274819],[136.2061229608865,35.99157278825513],[136.20701880929835,35.99141974771715],[136.20697486087587,35.991136016073106],[136.20692710794697,35.99103556990316]]]}},{"type":"Feature","properties":{"pid":"94ae5816-ba53-4e84-bb86-fa4a54743173"},"geometry":{"type":"Polygon","coordinates":[[[136.20403933282944,35.99065458585421],[136.20473801664392,35.99053904086715],[136.2047560259205,35.99051794363116],[136.20475305554996,35.99050789860237],[136.20403219951413,35.99062710344386],[136.20403933282944,35.99065458585421]]]}},{"type":"Feature","properties":{"pid":"370aab6b-8c22-4938-84f6-e00952205d4f"},"geometry":{"type":"Polygon","coordinates":[[[136.2057284049527,35.99083347007306],[136.20564916111286,35.9905399789848],[136.2049485679,35.990661103853824],[136.2050253478793,35.99095486511722],[136.2057284049527,35.99083347007306]]]}},{"type":"Feature","properties":{"pid":"2d17c1be-0cd5-4672-8fd9-96997b7fb0ac"},"geometry":{"type":"Polygon","coordinates":[[[136.20583871532077,35.99124743089539],[136.20575393308832,35.99092473739502],[136.20504910866057,35.99104707765913],[136.20512801330023,35.991369897875494],[136.20583871532077,35.99124743089539]]]}},{"type":"Feature","properties":{"pid":"c718010a-0bdc-46ab-b958-2004432e9835"},"geometry":{"type":"Polygon","coordinates":[[[136.204977212743,35.99138938645924],[136.20490818862578,35.99112892573053],[136.2042062884467,35.99125315462726],[136.204277370886,35.991514605806685],[136.204977212743,35.99138938645924]]]}},{"type":"Feature","properties":{"pid":"6118aaf5-f7a3-46b1-853e-10d72d004a3b"},"geometry":{"type":"Polygon","coordinates":[[[136.204086781238,35.99080196796417],[136.20418256215805,35.991160762023526],[136.20488277993866,35.99103737054106],[136.20479462060737,35.990683880076595],[136.204086781238,35.99080196796417]]]}},{"type":"Feature","properties":{"pid":"9965704c-24fc-428b-aa24-bee4a93e47af"},"geometry":{"type":"Polygon","coordinates":[[[136.2038789812187,35.99083581711386],[136.20317990401776,35.99095513124348],[136.20331336926344,35.991490593864135],[136.20401265549867,35.99137399596515],[136.2038789812187,35.99083581711386]]]}},{"type":"Feature","properties":{"pid":"dd915c66-d9b5-45c3-a7e7-c4a396a8a7d2"},"geometry":{"type":"Polygon","coordinates":[[[136.20315359711324,35.990805424037816],[136.20383428186173,35.9906862296557],[136.20377817477686,35.990459939828675],[136.20341476397672,35.990540883876065],[136.20337423527587,35.99051989203656],[136.20330255982083,35.99040154173214],[136.20305610375647,35.99050400850537],[136.20312326412014,35.99078400507845],[136.20315359711324,35.990805424037816]]]}},{"type":"Feature","properties":{"pid":"18275dca-e0e4-4c10-8c0d-f4755e8ded66"},"geometry":{"type":"Polygon","coordinates":[[[136.20293532641773,35.99066817746196],[136.20289523033856,35.99051934367985],[136.2026306071085,35.99058534526893],[136.20262237767915,35.99061854874435],[136.20259328575528,35.99063674370487],[136.20235194018306,35.99068128061929],[136.2023226738219,35.99075971335811],[136.20232954676723,35.990772592923584],[136.20293532641773,35.99066817746196]]]}},{"type":"Feature","properties":{"pid":"4a1ddb65-08de-472a-ade1-ec4b40d97d01"},"geometry":{"type":"Polygon","coordinates":[[[136.20236465504559,35.990865860377966],[136.2023668722062,35.99093470563409],[136.20298205956018,35.99082987230745],[136.20296312542555,35.99076177664689],[136.20236465504559,35.990865860377966]]]}},{"type":"Feature","properties":{"pid":"a4ae74c0-1a53-461b-8ade-08d6635d6f77"},"geometry":{"type":"Polygon","coordinates":[[[136.2024580377416,35.99122972453247],[136.2027756700778,35.99148114047438],[136.20312737339,35.9914185737778],[136.2030183511453,35.99098035950421],[136.2027099472865,35.99103104395635],[136.2027268076648,35.99116062731237],[136.20271146956335,35.99119221600722],[136.2024580377416,35.99122972453247]]]}},{"type":"Feature","properties":{"pid":"f650be86-f2d3-4694-b6f7-470342316de2"},"geometry":{"type":"Polygon","coordinates":[[[136.202005457279,35.99136446430464],[136.20187866996184,35.991262960613085],[136.2017375977834,35.991338075349795],[136.20182656138297,35.99145295875521],[136.202005457279,35.99136446430464]]]}},{"type":"Feature","properties":{"pid":"9e5c721b-64ff-4de9-8431-8c344537f014"},"geometry":{"type":"MultiPolygon","coordinates":[[[[136.20212986617605,35.990610771249145],[136.20212783649427,35.990527027982495],[136.2020883567773,35.99054564158694],[136.20212986617605,35.990610771249145]]],[[[136.20213022423152,35.990625544340624],[136.2021076825498,35.990655656465265],[136.2019943087896,35.990709136245364],[136.20201237777113,35.990729861811644],[136.20213135967262,35.990672391703505],[136.20213022423152,35.990625544340624]]]]}},{"type":"Feature","properties":{"pid":"52c981fe-d84c-48a9-99cc-f004080b6b1d"},"geometry":{"type":"Polygon","coordinates":[[[136.20133104516827,35.99142530583324],[136.20177608673038,35.99118359779662],[136.20140878028633,35.99089810109514],[136.20105754672494,35.991077320932696],[136.20133104516827,35.99142530583324]]]}},{"type":"Feature","properties":{"pid":"3874874e-18c8-42d9-8ff7-37456abe9bdb"},"geometry":{"type":"Polygon","coordinates":[[[136.2250752565491,36.006075866197534],[136.22487238350007,36.0060688661557],[136.22483533388348,36.007030521167586],[136.2250510234156,36.007027740294276],[136.2250752565491,36.006075866197534]]]}},{"type":"Feature","properties":{"pid":"53ff0296-5dc6-4b71-9a92-55c348f5e00c"},"geometry":{"type":"Polygon","coordinates":[[[136.22474905805393,36.0060654872697],[136.2243024959704,36.00605351132133],[136.22425909271706,36.00704050805479],[136.2247118184917,36.007034525172166],[136.22474905805393,36.0060654872697]]]}},{"type":"Feature","properties":{"pid":"927352e9-9000-4e8a-b528-ae73995919d4"},"geometry":{"type":"Polygon","coordinates":[[[136.22400975019508,36.006053015348265],[136.22414457957865,36.00693648930078],[136.2241816572805,36.00607536352195],[136.2241630862487,36.006058340025156],[136.22400975019508,36.006053015348265]]]}},{"type":"Feature","properties":{"pid":"67fd9272-4568-4191-bae9-94662c75af07"},"geometry":{"type":"Polygon","coordinates":[[[136.22365266133514,36.006035804769276],[136.2234172632512,36.00602740730984],[136.22341259544595,36.00689601306143],[136.22360967726283,36.00693728768665],[136.22365266133514,36.006035804769276]]]}},{"type":"Feature","properties":{"pid":"dc1e70a9-da98-49f5-94c2-8972a0a7b10d"},"geometry":{"type":"Polygon","coordinates":[[[136.22322351020483,36.00620240211818],[136.22321912024756,36.00604598594772],[136.22212620311205,36.00607457679093],[136.22210904339258,36.006226223835554],[136.22322351020483,36.00620240211818]]]}},{"type":"Feature","properties":{"pid":"7b34584c-c5fc-42e8-9246-f91e79f38cf4"},"geometry":{"type":"Polygon","coordinates":[[[136.22214940754156,36.00632179445258],[136.22236212484464,36.00654522724893],[136.22322553283664,36.00652166225159],[136.223224901488,36.006297672614465],[136.22214940754156,36.00632179445258]]]}},{"type":"Feature","properties":{"pid":"675b9572-24e2-4c31-bce5-30c64f488afd"},"geometry":{"type":"Polygon","coordinates":[[[136.22321877714396,36.00594941711772],[136.22322229795063,36.00579152294272],[136.22215365430455,36.005817660020924],[136.22213623124998,36.00597659249902],[136.22321877714396,36.00594941711772]]]}},{"type":"Feature","properties":{"pid":"6bdbced9-4a42-4445-a8ed-c71d11f0d5e0"},"geometry":{"type":"Polygon","coordinates":[[[136.22197290254223,36.00559625493567],[136.22137400635216,36.005611717707666],[136.22192911249272,36.00616666421285],[136.22197290254223,36.00559625493567]]]}},{"type":"Feature","properties":{"pid":"0e940d67-8be2-42e4-9959-5a911a41b5fc"},"geometry":{"type":"Polygon","coordinates":[[[136.22321846390818,36.00679504994258],[136.22322415588945,36.00661815664226],[136.2224500101147,36.00663837242312],[136.2226095800384,36.006811818437455],[136.22321846390818,36.00679504994258]]]}},{"type":"Feature","properties":{"pid":"9d82b557-96fe-449e-af2c-eeb71a55b124"},"geometry":{"type":"Polygon","coordinates":[[[136.21868254065672,36.00738105891448],[136.21863817073313,36.00695987455246],[136.21852185510488,36.006977352074905],[136.2185857549172,36.00738922675031],[136.21868254065672,36.00738105891448]]]}},{"type":"Feature","properties":{"pid":"fede1c98-bde9-4364-b4aa-f4eaca6ee31f"},"geometry":{"type":"Polygon","coordinates":[[[136.21853429412366,36.006811749976],[136.21855200426285,36.00682308336747],[136.21868835002036,36.006794546218394],[136.21894304977425,36.00679213082551],[136.21891589398095,36.006603894908174],[136.21879079058655,36.00660978932358],[136.21850708541945,36.00658283020255],[136.21853429412366,36.006811749976]]]}},{"type":"Feature","properties":{"pid":"d7139acd-426b-4653-9b55-0b4aee15e457"},"geometry":{"type":"Polygon","coordinates":[[[136.21969901467662,36.00693824728677],[136.21954749511278,36.00693750788227],[136.21954867031513,36.00701547861354],[136.21970757814515,36.00701092818849],[136.21969901467662,36.00693824728677]]]}},{"type":"Feature","properties":{"pid":"ee1c9392-5fff-4a9c-a4f9-fcf276dcc32f"},"geometry":{"type":"Polygon","coordinates":[[[136.2216308600315,36.00695889443029],[136.22104036318083,36.00635517881492],[136.22008468427487,36.00638695831476],[136.22009009446774,36.006574640043226],[136.22030992441657,36.00657181225972],[136.22036169516832,36.00659734262447],[136.220458489507,36.006607491303726],[136.22047855925874,36.00663784092563],[136.22047966553868,36.00687860888283],[136.22072744154352,36.00688410891323],[136.2207556141205,36.00691542218719],[136.22075558547377,36.00699553276479],[136.2216308600315,36.00695889443029]]]}},{"type":"Feature","properties":{"pid":"a0cb3f22-977e-432d-b164-38a958644610"},"geometry":{"type":"Polygon","coordinates":[[[136.22043874781068,36.00579602428148],[136.21980635720362,36.005789640952166],[136.21977073813875,36.0059827550705],[136.22021675078588,36.00600968125007],[136.22023893436153,36.00604375444262],[136.22022461783413,36.00626522458385],[136.22092705371517,36.006239700884024],[136.22043874781068,36.00579602428148]]]}},{"type":"Feature","properties":{"pid":"cc52f33b-eafe-469a-956e-4be893bf8ea2"},"geometry":{"type":"Polygon","coordinates":[[[136.2188880961303,36.006079821267406],[136.2187814624143,36.00608206467063],[136.21879944965687,36.00629314780535],[136.21898194284768,36.00626867137279],[136.21953050049265,36.006250760979015],[136.21955340262934,36.00609590436706],[136.2189358936012,36.006108685245316],[136.2188880961303,36.006079821267406]]]}},{"type":"Feature","properties":{"pid":"2cb77b46-ad36-4878-ba16-fb75b2215043"},"geometry":{"type":"Polygon","coordinates":[[[136.21824366459913,36.006212786628694],[136.2182321174604,36.00611614549156],[136.2179140224037,36.00614077197041],[136.2179203775574,36.00623487021067],[136.21824366459913,36.006212786628694]]]}},{"type":"Feature","properties":{"pid":"916e906f-701a-43aa-b0b5-0002650390bf"},"geometry":{"type":"Polygon","coordinates":[[[136.21754081854897,36.006938044365945],[136.21751682236285,36.006759049010725],[136.21736517875652,36.00677744919334],[136.21741931325877,36.00687447817799],[136.2174753900021,36.00692468684057],[136.21754081854897,36.006938044365945]]]}},{"type":"Feature","properties":{"pid":"3b06237a-aa9d-47dd-ae4c-99b72d7f5a7e"},"geometry":{"type":"Polygon","coordinates":[[[136.21638180866324,36.00677485808015],[136.21652211163294,36.006027700745605],[136.21650660139787,36.006013849958464],[136.21573119422072,36.006039559400335],[136.2158334915611,36.006482051220175],[136.21588162748372,36.00648807630957],[136.21590663939747,36.00651623860468],[136.2160297766406,36.00727546758415],[136.21635055273003,36.00729079443159],[136.21638180866324,36.00677485808015]]]}},{"type":"Feature","properties":{"pid":"449aa737-7fc1-4e54-9574-5d8d409418b8"},"geometry":{"type":"Polygon","coordinates":[[[136.21668016473825,36.006197262498645],[136.21667299336013,36.00624255218963],[136.21680973469194,36.00625938635532],[136.21681534631475,36.006217053486246],[136.21676417403538,36.00619282446734],[136.21668016473825,36.006197262498645]]]}},{"type":"Feature","properties":{"pid":"4fb26aa9-847d-4579-9bed-ff7665c06816"},"geometry":{"type":"Polygon","coordinates":[[[136.21554148146174,36.00709667159133],[136.21523424948782,36.00577665251215],[136.21445788474935,36.00596171001673],[136.21489526936637,36.00713369171062],[136.21554148146174,36.00709667159133]]]}},{"type":"Feature","properties":{"pid":"75d8d6bd-450a-458f-aaa6-e299ed18316a"},"geometry":{"type":"Polygon","coordinates":[[[136.21292376130714,36.005344933755254],[136.21345424981044,36.00608324972394],[136.21373832586673,36.00600698073286],[136.21343426631654,36.00529525583009],[136.2131115916174,36.005347465381305],[136.21292376130714,36.005344933755254]]]}},{"type":"Feature","properties":{"pid":"0c56ae8b-dab6-40e5-9849-405bbff42063"},"geometry":{"type":"Polygon","coordinates":[[[136.21444643325555,36.00637274701786],[136.21433699486184,36.00613164856198],[136.2142735863197,36.006138897745615],[136.21427685083734,36.00624347207227],[136.21424981356986,36.006275209240705],[136.21398125947965,36.006307104586085],[136.21399802540182,36.00641768387713],[136.21444643325555,36.00637274701786]]]}},{"type":"Feature","properties":{"pid":"083567b2-265f-47a2-8234-27c4198c5023"},"geometry":{"type":"Polygon","coordinates":[[[136.21413750068223,36.007213275327466],[136.2141566610498,36.00722402325919],[136.21475742341687,36.00715789809613],[136.21449001271884,36.00646860185313],[136.21401316948544,36.00651649666163],[136.21413750068223,36.007213275327466]]]}},{"type":"Feature","properties":{"pid":"063291e7-b92f-45ae-840c-2f634ac9b6f2"},"geometry":{"type":"Polygon","coordinates":[[[136.21392098909243,36.007134242704346],[136.2139567019318,36.00709803310365],[136.2137843836861,36.00613928706665],[136.2133021125439,36.0062683778314],[136.21340967686095,36.00657201462106],[136.21338325539307,36.00660276036302],[136.2130065785577,36.006783002036066],[136.21307913866173,36.00722854790766],[136.21392098909243,36.007134242704346]]]}},{"type":"Feature","properties":{"pid":"e4ef7294-cf60-40d4-900f-888c97c98246"},"geometry":{"type":"Polygon","coordinates":[[[136.21198663623116,36.00645578756175],[136.21173207805643,36.00631545072663],[136.21144049572806,36.00664572783978],[136.2116627980125,36.00680963444807],[136.21198663623116,36.00645578756175]]]}},{"type":"Feature","properties":{"pid":"6bac4488-b2a8-4b05-b22c-053347a63864"},"geometry":{"type":"Polygon","coordinates":[[[136.21115384978714,36.00691058581796],[136.2113360377336,36.007118975380116],[136.21142130938185,36.00718144485508],[136.2115386152624,36.00708761687602],[136.21158349511833,36.00707821393165],[136.21204043768805,36.00726283193256],[136.21212179752138,36.007136624056876],[136.21177480096307,36.00702274466352],[136.21136620623523,36.006723518156825],[136.21115384978714,36.00691058581796]]]}},{"type":"Feature","properties":{"pid":"7fa38b47-6db9-403a-8ae3-e98f3c8ab882"},"geometry":{"type":"Polygon","coordinates":[[[136.21290572972063,36.00733351149297],[136.21286395118437,36.00706422478633],[136.2124303690889,36.0069606070989],[136.2124152826788,36.00698564392678],[136.2128473955934,36.00711157195783],[136.21286419338637,36.00713377921377],[136.21290572972063,36.00733351149297]]]}},{"type":"Feature","properties":{"pid":"0f8de239-4253-4430-a326-660bb3836ea7"},"geometry":{"type":"Polygon","coordinates":[[[136.21281397790526,36.00679200226698],[136.2126614478613,36.00663388789419],[136.21256417211728,36.00673235368757],[136.2124808851913,36.00687425632807],[136.21284340188546,36.00695917983099],[136.21281397790526,36.00679200226698]]]}},{"type":"Feature","properties":{"pid":"6c37ead0-a158-452d-9414-5094677d277f"},"geometry":{"type":"Polygon","coordinates":[[[136.21245460003882,36.0065697897352],[136.21258077788627,36.00647144077119],[136.21257824765314,36.00644597787501],[136.21254319107126,36.006406715590664],[136.21240587834603,36.006542179064674],[136.21245460003882,36.0065697897352]]]}},{"type":"Feature","properties":{"pid":"a7844abd-2662-474b-b1bf-d80c79d7c38b"},"geometry":{"type":"Polygon","coordinates":[[[136.21267944981452,36.00630424564557],[136.21269014250333,36.00625663305041],[136.21272101849195,36.00615090347461],[136.21261905143592,36.00624203441184],[136.21267944981452,36.00630424564557]]]}},{"type":"Feature","properties":{"pid":"16bdbdb1-5479-4511-9792-b9044be85321"},"geometry":{"type":"Polygon","coordinates":[[[136.21287019057857,36.00623375989701],[136.213326291997,36.00611071956543],[136.213108976498,36.005800304744376],[136.21293747194753,36.00595745255646],[136.21287019057857,36.00623375989701]]]}},{"type":"Feature","properties":{"pid":"aa4141a2-8ff2-4663-9ae0-fb4528836874"},"geometry":{"type":"Polygon","coordinates":[[[136.21199519254458,36.005806497713905],[136.2117836461633,36.00556266125848],[136.2117029927757,36.00562374159213],[136.21194279031334,36.00586571627133],[136.21199519254458,36.005806497713905]]]}},{"type":"Feature","properties":{"pid":"4c1a5cfd-6a98-4113-b696-a90a5feede06"},"geometry":{"type":"Polygon","coordinates":[[[136.2105774700246,36.00636499382178],[136.2110867237172,36.006753515640845],[136.21128765587895,36.006578157950294],[136.21161190598477,36.00623222233527],[136.2113046342161,36.006012905545276],[136.2110835243866,36.0061571848267],[136.21086668620435,36.00625707951283],[136.2105774700246,36.00636499382178]]]}},{"type":"Feature","properties":{"pid":"06fa4b18-1eaa-4780-9197-f206fcc1a141"},"geometry":{"type":"Polygon","coordinates":[[[136.21052577427918,36.006210375350435],[136.2109113461701,36.006055291344055],[136.21084514331332,36.00573756220473],[136.2104427166725,36.005798028021964],[136.21052577427918,36.006210375350435]]]}},{"type":"Feature","properties":{"pid":"ec0da88e-b5d0-4f9a-9337-bf7e37081ec9"},"geometry":{"type":"Polygon","coordinates":[[[136.2092389793935,36.00582426685179],[136.2093377334117,36.006289769722954],[136.20967404853877,36.006142264263204],[136.20976946769565,36.006131428981604],[136.2098485304658,36.00613925292808],[136.20999292024004,36.00619689949551],[136.21032580824675,36.00624693188155],[136.2102233758871,36.00570196356498],[136.2092389793935,36.00582426685179]]]}},{"type":"Feature","properties":{"pid":"c83a99b5-0632-4ae4-be33-40f4d20a455f"},"geometry":{"type":"Polygon","coordinates":[[[136.21042937050336,36.006440344032335],[136.21011230373637,36.00641243560257],[136.2098395083256,36.00663832901913],[136.21056160608822,36.007204200148095],[136.21097122832055,36.00684979038707],[136.21042937050336,36.006440344032335]]]}},{"type":"Feature","properties":{"pid":"3bea684b-d645-4030-84ed-c2d966746f59"},"geometry":{"type":"Polygon","coordinates":[[[136.20993917581595,36.006345753458156],[136.209735322343,36.00628411506194],[136.20896608772605,36.006614915256726],[136.20902217304328,36.00713181863133],[136.20993917581595,36.006345753458156]]]}},{"type":"Feature","properties":{"pid":"4d039c93-f5d5-4180-b3ee-0216ede3b5f0"},"geometry":{"type":"Polygon","coordinates":[[[136.20917241396342,36.00638412279207],[136.20906672482795,36.005850089340726],[136.2088122945829,36.00588333187978],[136.2089328167097,36.00646376100529],[136.20917241396342,36.00638412279207]]]}},{"type":"Feature","properties":{"pid":"73e7630a-1ad7-4eb7-9417-0b1bd4d79441"},"geometry":{"type":"Polygon","coordinates":[[[136.20326790176875,36.00706940007476],[136.20346175967336,36.00700669153223],[136.2034283648696,36.006936069615904],[136.20326790176875,36.00706940007476]]]}},{"type":"Feature","properties":{"pid":"8282d44d-d93e-4994-9e6e-725912faae1e"},"geometry":{"type":"Polygon","coordinates":[[[136.20319269905775,36.00643394925411],[136.20336670300972,36.006786854121906],[136.20357903683512,36.00650836647775],[136.20319269905775,36.00643394925411]]]}},{"type":"Feature","properties":{"pid":"1817197b-8369-49ba-baa3-6b164ae14725"},"geometry":{"type":"Polygon","coordinates":[[[136.20373391863316,36.00657361700665],[136.20351363391956,36.00685398617597],[136.20356890464993,36.00697044107752],[136.20388008869568,36.00687195762387],[136.20373391863316,36.00657361700665]]]}},{"type":"Feature","properties":{"pid":"718526ad-e6f0-4290-b5b0-8e6da06058d8"},"geometry":{"type":"Polygon","coordinates":[[[136.20499828176082,36.006774878189574],[136.20489086590567,36.00675535693447],[136.20503778559274,36.0070606816143],[136.20512231038254,36.00703296180523],[136.20499828176082,36.006774878189574]]]}},{"type":"Feature","properties":{"pid":"2d111aaf-491c-4c60-ae64-3cf91451ece6"},"geometry":{"type":"Polygon","coordinates":[[[136.20543952547982,36.0069376130711],[136.2054622121318,36.006945305730454],[136.20562388757725,36.00689105877323],[136.20540024598083,36.006848699711114],[136.20543952547982,36.0069376130711]]]}},{"type":"Feature","properties":{"pid":"9b0be073-0f4d-4991-831c-7be068f5b46a"},"geometry":{"type":"Polygon","coordinates":[[[136.20495642489306,36.00633205005723],[136.20481179936078,36.006328338731166],[136.20482723747202,36.00658868646366],[136.2049735024703,36.006615342591274],[136.20495642489306,36.00633205005723]]]}},{"type":"Feature","properties":{"pid":"e2fc7968-ae27-49f3-9a26-442dcc391ea1"},"geometry":{"type":"Polygon","coordinates":[[[136.20482295118148,36.006203971958165],[136.20475176383363,36.005821393943506],[136.20465252309467,36.00583354307915],[136.20472482774974,36.00619481130539],[136.20482295118148,36.006203971958165]]]}},{"type":"Feature","properties":{"pid":"768780b8-4621-4bc9-b11b-286d1b7ad9db"},"geometry":{"type":"Polygon","coordinates":[[[136.20238965177074,36.0059696651466],[136.20241065637492,36.00598327135943],[136.20328075708161,36.005862488966194],[136.2032029310723,36.00549431987024],[136.20231839600206,36.00561190318646],[136.20238965177074,36.0059696651466]]]}},{"type":"Feature","properties":{"pid":"e9c37a1b-7b45-4a25-b5ac-2a49842de96b"},"geometry":{"type":"Polygon","coordinates":[[[136.20303281473784,36.006409532994155],[136.20280520792662,36.006367471407344],[136.20283455522593,36.006433382847035],[136.20281834120217,36.006469130708155],[136.20257294155033,36.00655553567412],[136.2028894447436,36.00719362792863],[136.20326042676717,36.0068791812526],[136.20303281473784,36.006409532994155]]]}},{"type":"Feature","properties":{"pid":"d64ab95c-2ea7-4fee-80ea-729d42a59279"},"geometry":{"type":"Polygon","coordinates":[[[136.2003714405154,36.00685861206461],[136.20066690047238,36.00691400015167],[136.20070394258622,36.006781621654405],[136.20040895267684,36.006726402285416],[136.2003714405154,36.00685861206461]]]}},{"type":"Feature","properties":{"pid":"a94488a5-b1fb-4d6b-ad16-6a24e162a707"},"geometry":{"type":"Polygon","coordinates":[[[136.2002696831153,36.00644304369949],[136.2002577651138,36.00644100854721],[136.20022025157917,36.00658296414623],[136.20030407209254,36.006597885199355],[136.20032477766114,36.00651766490074],[136.20027283650734,36.006491509842135],[136.2002696831153,36.00644304369949]]]}},{"type":"Feature","properties":{"pid":"65973d29-9dab-482c-9b6d-759418857bcf"},"geometry":{"type":"Polygon","coordinates":[[[136.20026625803916,36.00670796187993],[136.20018720887077,36.00669336939992],[136.20015069233537,36.006817989606915],[136.20023460668588,36.00683219755184],[136.20026625803916,36.00670796187993]]]}}]}