{"type":"FeatureCollection","features":[{"type":"Feature","properties":{"pid":"7661a95a-7be5-4b58-b41d-8f8146688114"},"geometry":{"type":"Polygon","coordinates":[[[136.52501743520062,35.94703648976957],[136.52504602971584,35.94736666834742],[136.52508698828578,35.94739496328944],[136.52515389525385,35.94753141157274],[136.52522840714596,35.94759057260566],[136.52527503223268,35.947595777222915],[136.5255469265095,35.94747990961971],[136.52528734732698,35.9471320404006],[136.5252421378341,35.9471337709572],[136.5252126358615,35.94711390872283],[136.52518026632777,35.947007608502155],[136.52501743520062,35.94703648976957]]]}},{"type":"Feature","properties":{"pid":"ae420c8f-f9b4-45f1-b9e5-ce9c2fd5b8b3"},"geometry":{"type":"Polygon","coordinates":[[[136.5250537358234,35.94804336090415],[136.52520891164457,35.94813669875722],[136.52531293894555,35.94807448171677],[136.52506071764543,35.94793192227261],[136.5250537358234,35.94804336090415]]]}},{"type":"Feature","properties":{"pid":"28e6c602-8b09-4bc3-ba14-24a7f1746f4c"},"geometry":{"type":"Polygon","coordinates":[[[136.52536455311866,35.94824890466843],[136.52541390572898,35.94828658568374],[136.52551280130476,35.94824750627112],[136.5254616779502,35.94819308203723],[136.52536455311866,35.94824890466843]]]}},{"type":"Feature","properties":{"pid":"015efe76-30ea-4c14-9e6c-e1adc047eb3d"},"geometry":{"type":"Polygon","coordinates":[[[136.52636226468658,35.94843784148779],[136.52638609510905,35.948486810615094],[136.52652429803572,35.94843774644048],[136.52649711143954,35.948389261745525],[136.52636226468658,35.94843784148779]]]}},{"type":"Feature","properties":{"pid":"d9e41415-b1e2-4c31-b7d4-37afbd365f2e"},"geometry":{"type":"Polygon","coordinates":[[[136.52736363360853,35.94886412622283],[136.5273915104126,35.94893743801227],[136.52751017615253,35.948915761582555],[136.5274888346498,35.94883607540512],[136.52736363360853,35.94886412622283]]]}},{"type":"Feature","properties":{"pid":"4975779d-5175-4d5c-9881-04511bd36b12"},"geometry":{"type":"Polygon","coordinates":[[[136.52730796074505,35.94845585493409],[136.52736545293,35.94866998058641],[136.52757828971502,35.94863977234496],[136.5274993608877,35.948301508237215],[136.52742485397425,35.948336116019924],[136.5274345120876,35.94837760833256],[136.52741855728857,35.948406251279906],[136.52730796074505,35.94845585493409]]]}},{"type":"Feature","properties":{"pid":"b548e872-dcf7-4127-90c9-97d420b08685"},"geometry":{"type":"Polygon","coordinates":[[[136.5276404851878,35.94831817521803],[136.52770431892378,35.9486056899541],[136.52773921518352,35.94860192594668],[136.5276831355088,35.9483000125748],[136.5276404851878,35.94831817521803]]]}},{"type":"Feature","properties":{"pid":"a146b05a-3d7b-4d0b-8a4d-3da9f6e9b59c"},"geometry":{"type":"Polygon","coordinates":[[[136.5270083469384,35.94795709838508],[136.52705504515606,35.94801112936279],[136.52712764249344,35.94798714625242],[136.5270895304064,35.94792655544415],[136.5270083469384,35.94795709838508]]]}},{"type":"Feature","properties":{"pid":"014ad623-d93d-4b23-b161-3583d6c1d121"},"geometry":{"type":"Polygon","coordinates":[[[136.52760468872012,35.94760762406859],[136.52778081110432,35.947973656494554],[136.52791942240893,35.94791815740329],[136.52794230092636,35.94788183119894],[136.52790638707225,35.947565823137296],[136.52760468872012,35.94760762406859]]]}},{"type":"Feature","properties":{"pid":"5242e2df-50cd-40c1-a0be-ca95f316af90"},"geometry":{"type":"Polygon","coordinates":[[[136.5273878042212,35.947497561784154],[136.52722873266038,35.94750636055798],[136.52716957136772,35.94754388858606],[136.52748119343514,35.948100024525914],[136.52765580158027,35.94802722392841],[136.5274412759333,35.94758062931516],[136.5273878042212,35.947497561784154]]]}},{"type":"Feature","properties":{"pid":"44735187-3ce1-4415-85f5-5d42b34eec8f"},"geometry":{"type":"Polygon","coordinates":[[[136.52753140586697,35.94747995568194],[136.52754274075693,35.94750132022588],[136.52790218563234,35.947459992132956],[136.52790109843488,35.947446233915805],[136.52753140586697,35.94747995568194]]]}},{"type":"Feature","properties":{"pid":"530f74c1-76b6-4622-9845-e0db259494fa"},"geometry":{"type":"Polygon","coordinates":[[[136.5269256162851,35.94721185676822],[136.5269334077057,35.947382324396074],[136.5269910656012,35.94747912494682],[136.52714134362483,35.94736645471105],[136.52723993686635,35.9473564824023],[136.52725238355026,35.94723887374966],[136.5269256162851,35.94721185676822]]]}},{"type":"Feature","properties":{"pid":"43a2cdac-937d-4d9d-9c4a-ca0aee6ff9a6"},"geometry":{"type":"Polygon","coordinates":[[[136.52522359309228,35.94784010705369],[136.52533782763442,35.947907767135234],[136.525418701027,35.94783022658028],[136.52567738871358,35.947708491199975],[136.52564276587867,35.94760949635715],[136.52527305328456,35.947761044413504],[136.52522359309228,35.94784010705369]]]}},{"type":"Feature","properties":{"pid":"37d9e965-b8b7-4587-893c-5555726d019a"},"geometry":{"type":"Polygon","coordinates":[[[136.52581860518953,35.947613357160066],[136.52596152864447,35.947604926295675],[136.52597038162156,35.947579680875],[136.52592429280745,35.94751875784518],[136.52580222952574,35.94756128860196],[136.52581860518953,35.947613357160066]]]}},{"type":"Feature","properties":{"pid":"8d484bf0-a41b-431f-a3b5-149704ed6069"},"geometry":{"type":"Polygon","coordinates":[[[136.5254744159324,35.9470317999999],[136.52547501643423,35.94705704871723],[136.5256385481893,35.94727830703906],[136.5259065062324,35.94725402606206],[136.52591163115335,35.946990471523875],[136.5254744159324,35.9470317999999]]]}},{"type":"Feature","properties":{"pid":"08efbe91-2968-4e5e-a64f-0daa5ddd827c"},"geometry":{"type":"Polygon","coordinates":[[[136.52508240479605,35.94673118057081],[136.5260876644535,35.946631606312636],[136.52612933849184,35.94661044210258],[136.5261431965145,35.94648115202839],[136.52511820230274,35.94642928404951],[136.52508240479605,35.94673118057081]]]}},{"type":"Feature","properties":{"pid":"e2ae8e28-9bf1-45e0-9cd9-2e9ce242e38e"},"geometry":{"type":"Polygon","coordinates":[[[136.5265681549224,35.94691789503893],[136.52657407562396,35.946954052802354],[136.5267557642323,35.946970227459325],[136.5267554779863,35.94692707029857],[136.5265681549224,35.94691789503893]]]}},{"type":"Feature","properties":{"pid":"81d8ac3c-9e97-4d3c-807e-b8ceddf7bbfe"},"geometry":{"type":"Polygon","coordinates":[[[136.52691299428352,35.94694404919663],[136.5269163133896,35.94710533951348],[136.52725905889343,35.94713747708151],[136.52727324820626,35.94696805270614],[136.52691299428352,35.94694404919663]]]}},{"type":"Feature","properties":{"pid":"b2d76e97-66cb-4173-b283-6e5ce7daafe0"},"geometry":{"type":"Polygon","coordinates":[[[136.52740226114565,35.94738570830306],[136.52790992958862,35.94733735289131],[136.52794341857907,35.94699738845672],[136.5274436249744,35.94696926913476],[136.52740226114565,35.94738570830306]]]}},{"type":"Feature","properties":{"pid":"ce54622f-4b15-408a-a625-f572a0d36daf"},"geometry":{"type":"Polygon","coordinates":[[[136.5263204181734,35.94661706015346],[136.52730912760617,35.94667955589895],[136.5273154920777,35.94655693131571],[136.52633194779784,35.94648818419583],[136.5263204181734,35.94661706015346]]]}},{"type":"Feature","properties":{"pid":"cd8bc5d4-2fe5-40b3-acc3-809b4af3aadb"},"geometry":{"type":"Polygon","coordinates":[[[136.5263380313802,35.94638630547653],[136.52732865780624,35.94644830427149],[136.52734082470818,35.94628223807236],[136.52635100247556,35.94622990947563],[136.5263380313802,35.94638630547653]]]}},{"type":"Feature","properties":{"pid":"05f4548a-b2ae-45ce-9513-f96bd309b9bf"},"geometry":{"type":"Polygon","coordinates":[[[136.5263767603205,35.94611979733532],[136.52735672813654,35.94617490944208],[136.52737022788997,35.94602220904714],[136.52637557220203,35.945962704196745],[136.5263587469372,35.94610057500204],[136.5263767603205,35.94611979733532]]]}},{"type":"Feature","properties":{"pid":"d9cca1aa-b507-48fd-949e-7fe5dc91fad8"},"geometry":{"type":"Polygon","coordinates":[[[136.52637769600233,35.94583707201521],[136.527372663768,35.945912221336606],[136.52738726452944,35.94575128102101],[136.52638827709407,35.945688452170465],[136.52637769600233,35.94583707201521]]]}},{"type":"Feature","properties":{"pid":"9564cf55-a534-46cd-b9e0-d3c8dce63c3b"},"geometry":{"type":"Polygon","coordinates":[[[136.52641977052699,35.945408605794434],[136.52640693622408,35.94558075961159],[136.52740075661194,35.94564398511744],[136.52741476895574,35.94547045758369],[136.52641977052699,35.945408605794434]]]}},{"type":"Feature","properties":{"pid":"2fd7f395-c008-49ad-822d-55117fc03e37"},"geometry":{"type":"Polygon","coordinates":[[[136.5251717605945,35.94603937297112],[136.52617488513278,35.9461025549904],[136.52619087409084,35.94594264053665],[136.52518715792485,35.94588225139679],[136.5251717605945,35.94603937297112]]]}},{"type":"Feature","properties":{"pid":"86d9c318-803b-46d8-8078-78f04a8d5d80"},"geometry":{"type":"Polygon","coordinates":[[[136.52514067324,35.94631954406799],[136.52615114131186,35.946367688180416],[136.52616869631046,35.946218403683716],[136.5251542676361,35.94615210996975],[136.52514067324,35.94631954406799]]]}},{"type":"Feature","properties":{"pid":"a7854acd-c8a7-47ae-a860-dcb45b38e66e"},"geometry":{"type":"Polygon","coordinates":[[[136.52517568559472,35.94576927601953],[136.52619970480745,35.945843883605676],[136.5262195990714,35.945669912553264],[136.52518956372546,35.94561840439638],[136.52517568559472,35.94576927601953]]]}},{"type":"Feature","properties":{"pid":"c2f1d0e4-3817-48bf-b8a3-f46672ea31b8"},"geometry":{"type":"Polygon","coordinates":[[[136.52520799084823,35.94550661345584],[136.5262234050266,35.94556595633692],[136.52624114503388,35.945404034886295],[136.52521781861523,35.945352622812685],[136.52520799084823,35.94550661345584]]]}},{"type":"Feature","properties":{"pid":"5e9291e2-d91a-48c3-8466-5ab29d9fb310"},"geometry":{"type":"Polygon","coordinates":[[[136.52523055327345,35.94523881211021],[136.52624798573532,35.945301838788225],[136.5262688897243,35.94513767921917],[136.5252475550784,35.94507360758035],[136.52523055327345,35.94523881211021]]]}},{"type":"Feature","properties":{"pid":"ae0509e4-a0e9-4bcd-b0a6-3de2212d2803"},"geometry":{"type":"Polygon","coordinates":[[[136.5253172316497,35.94453570165914],[136.5253047741209,35.944689134219594],[136.52627322987112,35.94474644586466],[136.5262915714645,35.94471657912239],[136.5262964635807,35.9445935630418],[136.5253172316497,35.94453570165914]]]}},{"type":"Feature","properties":{"pid":"ab1fcbe3-6a02-466c-941f-d6e2102d6602"},"geometry":{"type":"Polygon","coordinates":[[[136.52527343156407,35.94496022429761],[136.52626944035498,35.945024505454775],[136.52629338838017,35.944861517319566],[136.5252940271853,35.9448025681983],[136.52527343156407,35.94496022429761]]]}},{"type":"Feature","properties":{"pid":"7fa85a70-fe8d-46ab-9eeb-8f7d705347dc"},"geometry":{"type":"Polygon","coordinates":[[[136.52646309570804,35.945037030003704],[136.5274482225408,35.9450924636375],[136.52746306266107,35.944930623646066],[136.5264767559457,35.94487652748737],[136.52646309570804,35.945037030003704]]]}},{"type":"Feature","properties":{"pid":"a9c1cc58-b6a5-486e-9f3a-c2ffd9ca811e"},"geometry":{"type":"Polygon","coordinates":[[[136.52643200507669,35.94530324613517],[136.52742713811296,35.94536783274264],[136.52744285368823,35.94521149042108],[136.5264474316834,35.94514978966888],[136.52643200507669,35.94530324613517]]]}},{"type":"Feature","properties":{"pid":"bf9c48ef-7ee7-4ca9-bdb2-f915a3ee1c72"},"geometry":{"type":"Polygon","coordinates":[[[136.52649459020708,35.94476406363119],[136.5274797140016,35.944816469253496],[136.52749329846642,35.944667042623884],[136.52650137436842,35.94460646326213],[136.52649459020708,35.94476406363119]]]}},{"type":"Feature","properties":{"pid":"763c88a1-adc0-46f1-83c5-842d58d52f21"},"geometry":{"type":"Polygon","coordinates":[[[136.52655611728107,35.94409655479653],[136.52754532205986,35.94416755418923],[136.52754902669807,35.94412628252436],[136.52655781148513,35.94407308105518],[136.52655611728107,35.94409655479653]]]}},{"type":"Feature","properties":{"pid":"cd30f0d6-6444-4e8a-816e-75e76870d088"},"geometry":{"type":"Polygon","coordinates":[[[136.52652181099828,35.94431208513999],[136.52650918470914,35.94450048331984],[136.5275049568209,35.944559722367984],[136.52751836137773,35.94437060436293],[136.52652181099828,35.94431208513999]]]}},{"type":"Feature","properties":{"pid":"1f52bdb3-032b-4391-9f0e-a92bf633130e"},"geometry":{"type":"Polygon","coordinates":[[[136.52657706487813,35.94382876296932],[136.52756097597708,35.94388855416744],[136.5275756411141,35.94372776367761],[136.52658956707072,35.94366277557379],[136.52657706487813,35.94382876296932]]]}},{"type":"Feature","properties":{"pid":"7871419f-26b6-4cc9-8b5d-ab4b211b2aa4"},"geometry":{"type":"Polygon","coordinates":[[[136.52534160397906,35.94415624806319],[136.5263388258282,35.94421431735977],[136.5263566878785,35.944052148884786],[136.52535707805166,35.943985734711866],[136.52534160397906,35.94415624806319]]]}},{"type":"Feature","properties":{"pid":"d49f48b8-9db4-4573-b77b-26c30bab0a2b"},"geometry":{"type":"Polygon","coordinates":[[[136.5253288251831,35.94442306922099],[136.5263123534916,35.94447975417671],[136.5263238417978,35.94432724818986],[136.52534028054524,35.94426421165177],[136.5253288251831,35.94442306922099]]]}},{"type":"Feature","properties":{"pid":"a219d94c-d3ea-4bfd-8905-82601acd68f3"},"geometry":{"type":"Polygon","coordinates":[[[136.52540794481263,35.94358002926371],[136.52539311025896,35.943754835341416],[136.52638854079484,35.94381762967563],[136.52640686281083,35.94364331436058],[136.52540794481263,35.94358002926371]]]}},{"type":"Feature","properties":{"pid":"9ac985d5-0869-403d-b18e-93823fcddb07"},"geometry":{"type":"Polygon","coordinates":[[[136.52542327176513,35.94347711550389],[136.52637692238972,35.94352915805465],[136.52641807649835,35.94349036559785],[136.5264336381815,35.94337137296106],[136.52543914987805,35.94331053957824],[136.52542327176513,35.94347711550389]]]}},{"type":"Feature","properties":{"pid":"e69627ad-2546-48fe-bff8-85270d6b5d7b"},"geometry":{"type":"Polygon","coordinates":[[[136.52546200305042,35.94303952079039],[136.52545117921863,35.943204275741785],[136.52644861558707,35.9432656422527],[136.52646581139763,35.94310555371861],[136.52546200305042,35.94303952079039]]]}},{"type":"Feature","properties":{"pid":"883179b1-f692-4bda-9fd1-489dbc17e125"},"geometry":{"type":"Polygon","coordinates":[[[136.52546901220555,35.94293525169458],[136.52647436851836,35.94300314264187],[136.52647832589273,35.94296497012223],[136.5254716399891,35.94290354745519],[136.52546901220555,35.94293525169458]]]}},{"type":"Feature","properties":{"pid":"a567aa96-f8a0-4230-a8f6-6375e6d9f2aa"},"geometry":{"type":"Polygon","coordinates":[[[136.5254826466058,35.942768464240345],[136.52547894744242,35.942810477788385],[136.52648919755686,35.942872876970036],[136.52649305881883,35.94283284218622],[136.5254826466058,35.942768464240345]]]}},{"type":"Feature","properties":{"pid":"b36894d5-b8c9-41c7-a729-321d71ea6cf3"},"geometry":{"type":"Polygon","coordinates":[[[136.526624232151,35.94325188023273],[136.52664978426955,35.94328599622437],[136.5276050745008,35.94334310439454],[136.52761541491859,35.94318099263071],[136.52664065042543,35.94312240683553],[136.526624232151,35.94325188023273]]]}},{"type":"Feature","properties":{"pid":"46ec1175-7776-40aa-898e-23aebbea758c"},"geometry":{"type":"Polygon","coordinates":[[[136.52660049815015,35.94354854525317],[136.5275881588407,35.943611108309746],[136.52760404087783,35.94344791190739],[136.52661472395283,35.943390313372106],[136.52660049815015,35.94354854525317]]]}},{"type":"Feature","properties":{"pid":"dd6e4b21-1c15-471d-9ec3-86c8d281ef47"},"geometry":{"type":"Polygon","coordinates":[[[136.5266566751861,35.94300297646529],[136.52763584087614,35.943071140898084],[136.52764656345755,35.94291488179718],[136.5266719074987,35.942843975357384],[136.5266566751861,35.94300297646529]]]}},{"type":"Feature","properties":{"pid":"2a3534ce-4d2e-457d-ac10-cfb026b68a14"},"geometry":{"type":"Polygon","coordinates":[[[136.52670645979714,35.942467817194185],[136.52769283942484,35.942526927695305],[136.52770884462691,35.94236158336402],[136.52710521202135,35.94232306988384],[136.52672216901496,35.94231835131582],[136.52670645979714,35.942467817194185]]]}},{"type":"Feature","properties":{"pid":"26dcf3b6-8d01-41eb-bd62-889862731444"},"geometry":{"type":"Polygon","coordinates":[[[136.5266834791654,35.9427346156911],[136.52765956653298,35.94280466781161],[136.52767463596115,35.94264295494954],[136.52669957916595,35.94257587664306],[136.5266834791654,35.9427346156911]]]}},{"type":"Feature","properties":{"pid":"bab14623-7559-4733-bd6c-bca3bbcd0ce9"},"geometry":{"type":"Polygon","coordinates":[[[136.526762148826,35.94185672393846],[136.52675651787854,35.94190743062687],[136.526768478776,35.94192015545087],[136.52773941162758,35.941987933096186],[136.52774547350313,35.94190872762803],[136.526762148826,35.94185672393846]]]}},{"type":"Feature","properties":{"pid":"aba7c481-c299-4d8b-b110-eca3f1d0ef0b"},"geometry":{"type":"Polygon","coordinates":[[[136.52674604548312,35.942041101003475],[136.5267359039827,35.9421700721252],[136.52751578147067,35.94222064318778],[136.52753444867972,35.94208447973458],[136.52674604548312,35.942041101003475]]]}},{"type":"Feature","properties":{"pid":"49caa545-8f20-49a0-a0d9-14a04ba4729d"},"geometry":{"type":"Polygon","coordinates":[[[136.52554837165982,35.94196075986574],[136.52553432347494,35.94212715063703],[136.52653230260628,35.94218844626692],[136.5265492722287,35.94217822496996],[136.52656463492838,35.94202586964318],[136.52554837165982,35.94196075986574]]]}},{"type":"Feature","properties":{"pid":"7a19f3df-7b37-417f-a04b-ba01a40b3506"},"geometry":{"type":"Polygon","coordinates":[[[136.5254961715034,35.94265970656572],[136.5264917611451,35.94272021762328],[136.5265086165862,35.94256586704189],[136.52550858528602,35.94250595931571],[136.5254961715034,35.94265970656572]]]}},{"type":"Feature","properties":{"pid":"ed4e9b6b-47d7-411b-8b18-17649c7332e9"},"geometry":{"type":"Polygon","coordinates":[[[136.52552012207536,35.942391229274165],[136.52652297926437,35.94244734208118],[136.52653935947833,35.942293265735664],[136.5255303263652,35.942240710535856],[136.52552012207536,35.942391229274165]]]}},{"type":"Feature","properties":{"pid":"7b131db4-5616-4fd2-83d0-cb1e711e855a"},"geometry":{"type":"Polygon","coordinates":[[[136.52466244294433,35.94218362736087],[136.52469159309433,35.942334785632625],[136.5253450119789,35.942372865543966],[136.52535955792192,35.94222274358264],[136.52466244294433,35.94218362736087]]]}},{"type":"Feature","properties":{"pid":"88df4b24-51cf-47be-ae97-595f8e7d0217"},"geometry":{"type":"Polygon","coordinates":[[[136.52461031963648,35.9419127556238],[136.52462952059122,35.94203380477801],[136.52466787861206,35.94207260739557],[136.52536703286637,35.94211294113393],[136.52538588150594,35.94195342359552],[136.52461031963648,35.9419127556238]]]}},{"type":"Feature","properties":{"pid":"1d5b135b-2460-4f6a-a080-4c5356e3417c"},"geometry":{"type":"Polygon","coordinates":[[[136.52477591284992,35.941531160789815],[136.5254201162361,35.94157808099336],[136.5254454718812,35.94124765740906],[136.52477591284992,35.941531160789815]]]}},{"type":"Feature","properties":{"pid":"e4689e11-553b-4406-adb8-493cd68477e1"},"geometry":{"type":"Polygon","coordinates":[[[136.52556131441318,35.94186208150447],[136.52656244981168,35.941920293345476],[136.52657850707692,35.94191042256167],[136.52659121092057,35.941759945029894],[136.52557815482845,35.94169585332172],[136.52556131441318,35.94186208150447]]]}},{"type":"Feature","properties":{"pid":"84c89a89-fb9c-4cec-8842-dc899a57e429"},"geometry":{"type":"Polygon","coordinates":[[[136.52558981372727,35.94158934309261],[136.5266001304297,35.94165280393036],[136.5266019585283,35.94163028367422],[136.5265854455256,35.941616242116524],[136.52559334109478,35.94155293337654],[136.52558981372727,35.94158934309261]]]}},{"type":"Feature","properties":{"pid":"f29e6714-6b47-4b43-9478-f30bb01f56a8"},"geometry":{"type":"Polygon","coordinates":[[[136.5256002719344,35.94142512104725],[136.52559711306415,35.941450696988944],[136.52661580213396,35.94150999378616],[136.52661762666767,35.94148293217388],[136.5256002719344,35.94142512104725]]]}},{"type":"Feature","properties":{"pid":"076f84a7-bff9-4806-bcfb-61ed626f8190"},"geometry":{"type":"Polygon","coordinates":[[[136.52562320562953,35.9413084986447],[136.5265988525421,35.94137794831094],[136.5266263359624,35.941362080720715],[136.52663739033918,35.94121442637665],[136.5256962326875,35.94115092166704],[136.52563724327229,35.941186938252876],[136.52562320562953,35.9413084986447]]]}},{"type":"Feature","properties":{"pid":"c1988145-ab5b-44f9-b61c-f621ee27da03"},"geometry":{"type":"Polygon","coordinates":[[[136.5256598619758,35.940960596657625],[136.52632618285284,35.94067565206776],[136.52630026008558,35.940614187773136],[136.52568789512367,35.94058146773722],[136.5256598619758,35.940960596657625]]]}},{"type":"Feature","properties":{"pid":"df5a7d8c-deef-49c0-a391-71f66509bb92"},"geometry":{"type":"Polygon","coordinates":[[[136.5258974528802,35.94105716656106],[136.5266416294949,35.941105779198445],[136.52666096859633,35.94073428733345],[136.5258974528802,35.94105716656106]]]}},{"type":"Feature","properties":{"pid":"4ac3d0e8-5435-468d-a0c8-fbe2ae6963ee"},"geometry":{"type":"Polygon","coordinates":[[[136.5277576475419,35.940476378446725],[136.52782442323485,35.94065924197419],[136.5279080660339,35.94063230223131],[136.52780493077825,35.94046003801333],[136.5277576475419,35.940476378446725]]]}},{"type":"Feature","properties":{"pid":"dba651f2-c042-4bfd-b226-137fe094ead3"},"geometry":{"type":"Polygon","coordinates":[[[136.52686361389067,35.94074850479395],[136.52688984375632,35.94077564795229],[136.52775115915725,35.940833792679214],[136.52767489535165,35.940638067827344],[136.52745794716557,35.940671327348255],[136.5274316155244,35.94065034067493],[136.52736223727118,35.940500817451706],[136.52725739505772,35.94051792919022],[136.52720492788083,35.94048065527497],[136.5268799728746,35.940621724208796],[136.52686361389067,35.94074850479395]]]}},{"type":"Feature","properties":{"pid":"3dad89f2-571e-4f81-ba65-64fbb48b9e1f"},"geometry":{"type":"Polygon","coordinates":[[[136.5268097659525,35.941373362274014],[136.52779736150194,35.941452135208024],[136.52781192235594,35.94129673736863],[136.5268217966245,35.94123565404406],[136.5268097659525,35.941373362274014]]]}},{"type":"Feature","properties":{"pid":"106766a7-f619-4192-b64f-3b1f6863aeb8"},"geometry":{"type":"Polygon","coordinates":[[[136.52683345554908,35.94109787051045],[136.52684561071285,35.94111583461959],[136.52782047576892,35.94117767795193],[136.52784014476052,35.9409857477088],[136.5277789022292,35.94093830305302],[136.52687354726427,35.94088086387936],[136.52685297194984,35.940906507513695],[136.52683345554908,35.94109787051045]]]}},{"type":"Feature","properties":{"pid":"4f6f9942-7571-4900-bb74-770a6b80a4e3"},"geometry":{"type":"Polygon","coordinates":[[[136.52679418034023,35.94159061511872],[136.52679388312606,35.94165941546497],[136.52776586337632,35.941717520757074],[136.52776738020808,35.94166110763308],[136.52679418034023,35.94159061511872]]]}},{"type":"Feature","properties":{"pid":"44c83918-fe09-46e8-a86b-d6bbe0986069"},"geometry":{"type":"Polygon","coordinates":[[[136.5279486946395,35.94173783516513],[136.5280972250759,35.94174428433642],[136.52809380317282,35.94170136997412],[136.52802625872678,35.941686563001475],[136.52800031813004,35.94163486558517],[136.5279592072027,35.941622185761744],[136.5279486946395,35.94173783516513]]]}},{"type":"Feature","properties":{"pid":"32f7bdd1-0ae8-4138-ab79-971bfad8a06c"},"geometry":{"type":"Polygon","coordinates":[[[136.52828514646572,35.94174681560268],[136.52869342657237,35.94177467501255],[136.52863501229803,35.941391233677564],[136.52832431948545,35.941494628510654],[136.5283262066809,35.94162855097422],[136.52828514646572,35.94174681560268]]]}},{"type":"Feature","properties":{"pid":"8e655e54-d475-4f83-bade-7240f246460d"},"geometry":{"type":"Polygon","coordinates":[[[136.52882663132604,35.94117794139251],[136.52884442048804,35.941335271043734],[136.52906408933939,35.941316411096],[136.52911837886182,35.94129672863867],[136.52915288653517,35.94126157158723],[136.5291582028123,35.941182206050605],[136.5291316061729,35.941160254775156],[136.52882663132604,35.94117794139251]]]}},{"type":"Feature","properties":{"pid":"f9a1f7f1-ec3a-4f1d-a848-747ceffea5b4"},"geometry":{"type":"Polygon","coordinates":[[[136.5279945948721,35.94120894635209],[136.52813991525807,35.94120490687477],[136.52815506904273,35.940952615590994],[136.52802123325466,35.94096954327973],[136.5279945948721,35.94120894635209]]]}},{"type":"Feature","properties":{"pid":"ff892c04-5dfc-4a62-86f9-5f7906e44139"},"geometry":{"type":"Polygon","coordinates":[[[136.52927490021983,35.940546164391435],[136.52928414284605,35.94074481585904],[136.52933563699804,35.94079499222932],[136.52962006456102,35.9408427784148],[136.52989130783115,35.940848580375295],[136.530186671741,35.940827460350356],[136.53021387120228,35.940807932028925],[136.5302361944901,35.94060104003901],[136.52927490021983,35.940546164391435]]]}},{"type":"Feature","properties":{"pid":"e66b4aba-50bd-45f2-a60c-249b95aa9ed6"},"geometry":{"type":"Polygon","coordinates":[[[136.5302556343057,35.940987040936655],[136.53057352550877,35.94098390710898],[136.5305725380581,35.9409305801534],[136.53039807384744,35.94093285229618],[136.53032861569667,35.94097862932219],[136.5302556343057,35.940987040936655]]]}},{"type":"Feature","properties":{"pid":"ecbf1414-9821-414a-90b4-43c1ff2c5544"},"geometry":{"type":"Polygon","coordinates":[[[136.52924761549556,35.94139284522776],[136.52915137423258,35.941430222769384],[136.52962736605065,35.94145960449969],[136.52962769168892,35.941447134422646],[136.52929273149672,35.94142834429361],[136.52924761549556,35.94139284522776]]]}},{"type":"Feature","properties":{"pid":"f69a011c-28e0-4d6c-8ea8-cc55d1a63976"},"geometry":{"type":"Polygon","coordinates":[[[136.52889114649108,35.94178089259927],[136.52960049668798,35.94183433856546],[136.52961514699223,35.94167622354336],[136.52914164405428,35.941645900936244],[136.5291051632667,35.941668487236015],[136.52888272701708,35.94169051328875],[136.52889114649108,35.94178089259927]]]}},{"type":"Feature","properties":{"pid":"afaed51d-1863-4ad5-b0bb-87a98a9436e6"},"geometry":{"type":"Polygon","coordinates":[[[136.529773659873,35.941900241594745],[136.53008207379483,35.94188716688057],[136.53005940716113,35.941362607612675],[136.52983981240124,35.94137325756435],[136.52981100023842,35.941456179269714],[136.529773659873,35.941900241594745]]]}},{"type":"Feature","properties":{"pid":"21502c97-6d95-44e9-8b36-253c5dddbdf9"},"geometry":{"type":"Polygon","coordinates":[[[136.53067438072142,35.941723795059204],[136.53069676752705,35.94184474622163],[136.5308155114093,35.941820828400836],[136.5308116489832,35.94169912579752],[136.530711694638,35.94170034969741],[136.53067438072142,35.941723795059204]]]}},{"type":"Feature","properties":{"pid":"0d5cfe83-5194-4cf4-8d12-c02e262644e0"},"geometry":{"type":"Polygon","coordinates":[[[136.5306708238024,35.941446622873364],[136.53068372274026,35.941579540467195],[136.53079940369432,35.94156946559659],[136.53080352854857,35.94144243776648],[136.5306708238024,35.941446622873364]]]}},{"type":"Feature","properties":{"pid":"9e207809-7bfd-4768-a39d-064af3c08e4f"},"geometry":{"type":"Polygon","coordinates":[[[136.5302307991923,35.941351134133654],[136.53081107242787,35.94133097352199],[136.53081611735612,35.94109248051141],[136.53022570566927,35.94109099552347],[136.5302307991923,35.941351134133654]]]}},{"type":"Feature","properties":{"pid":"e7d56f4e-4e15-4f9d-aa08-deddf3680505"},"geometry":{"type":"Polygon","coordinates":[[[136.53097210223063,35.941424913947166],[136.53098649118402,35.94142543518031],[136.53099859321932,35.94138481634646],[136.53102656824862,35.941365884571894],[136.53103403544736,35.94128049943134],[136.53097012209352,35.94128672608991],[136.53097210223063,35.941424913947166]]]}},{"type":"Feature","properties":{"pid":"fde94227-524f-48cc-b57a-2be7cf12ada9"},"geometry":{"type":"Polygon","coordinates":[[[136.53175020340055,35.94197082488339],[136.5318819747173,35.94198023851382],[136.5318938107682,35.94161181762157],[136.53186752602363,35.94161159986031],[136.53175020340055,35.94197082488339]]]}},{"type":"Feature","properties":{"pid":"2cbed5d5-f42e-43b4-ba4a-c2239c59e278"},"geometry":{"type":"Polygon","coordinates":[[[136.53245453466417,35.94173724008284],[136.53251923699648,35.94174032844302],[136.53252423925275,35.941519342504414],[136.53249045820684,35.94151913556555],[136.53245453466417,35.94173724008284]]]}},{"type":"Feature","properties":{"pid":"2ed3bfe8-16fd-42c0-8271-00df622aac8a"},"geometry":{"type":"Polygon","coordinates":[[[136.53213744219659,35.94135748909852],[136.53252048065383,35.94136218389574],[136.5325503559592,35.94135161485592],[136.53258541229584,35.94091471436303],[136.5322953758084,35.940868879026375],[136.53214753284706,35.9410262321579],[136.53214172200603,35.94104689899395],[136.532212271337,35.941054938052616],[136.53225396152763,35.941111386168195],[136.53213744219659,35.94135748909852]]]}},{"type":"Feature","properties":{"pid":"898ad051-1035-42b3-997d-3427dca7d806"},"geometry":{"type":"Polygon","coordinates":[[[136.53279696781775,35.94065850944067],[136.53306501819267,35.94067288369931],[136.53306742379368,35.94065905748345],[136.53280192157982,35.940599266218214],[136.53279696781775,35.94065850944067]]]}},{"type":"Feature","properties":{"pid":"b4aa78c6-010b-402e-8257-62f6c93b83e8"},"geometry":{"type":"Polygon","coordinates":[[[136.53237439962132,35.94075792638648],[136.53258910018135,35.940802148078376],[136.53258548240262,35.940700602034326],[136.53262134032917,35.94066533242231],[136.53263944302037,35.940515661488504],[136.53274061650316,35.94040310792358],[136.53268844935718,35.94035240452084],[136.532575785819,35.94037976634778],[136.53237439962132,35.94075792638648]]]}},{"type":"Feature","properties":{"pid":"73bb12cf-bfd7-41c3-b275-4a01b076ee27"},"geometry":{"type":"Polygon","coordinates":[[[136.53044111827435,35.94076775355339],[136.53066836510206,35.940764004331974],[136.53067817036964,35.940628560441326],[136.5304491070202,35.94062017537121],[136.5304326795363,35.940719427666366],[136.53044111827435,35.94076775355339]]]}},{"type":"Feature","properties":{"pid":"a937a88d-9013-4bb6-bc7a-3fd0d0d601c8"},"geometry":{"type":"Polygon","coordinates":[[[136.53397413675194,35.941017411411686],[136.5349507560123,35.94107710203399],[136.53497268543703,35.94087208981915],[136.53400010749945,35.940817371250375],[136.53397413675194,35.941017411411686]]]}},{"type":"Feature","properties":{"pid":"f0bfc632-45f8-462b-bd81-9c51f4110cb7"},"geometry":{"type":"Polygon","coordinates":[[[136.5340195925635,35.94060698322415],[136.53401241370236,35.94070472985795],[136.53498624899058,35.940757886536765],[136.53499611525936,35.94064553537763],[136.53403788664033,35.940589968030835],[136.5340195925635,35.94060698322415]]]}},{"type":"Feature","properties":{"pid":"f33248de-0232-45af-aeeb-29f02613597c"},"geometry":{"type":"Polygon","coordinates":[[[136.53320414439824,35.940685531507754],[136.53379862021217,35.94072035090665],[136.53380065744727,35.94061657112523],[136.53376666780002,35.94059369274918],[136.5332219743478,35.94056311421212],[136.53320414439824,35.940685531507754]]]}},{"type":"Feature","properties":{"pid":"4dbc7b46-8529-4d9d-ba03-f0399215c834"},"geometry":{"type":"Polygon","coordinates":[[[136.53278701796228,35.94078865032277],[136.532767783193,35.94101526348318],[136.53372936708664,35.94106428696447],[136.5337658358113,35.94104796974639],[136.53377110072228,35.94084709328737],[136.53278701796228,35.94078865032277]]]}},{"type":"Feature","properties":{"pid":"2612fb51-1ed2-402c-ae27-c6da59c9c8f7"},"geometry":{"type":"Polygon","coordinates":[[[136.53273397854068,35.94134712774449],[136.5337351389842,35.941407917062946],[136.53374492059345,35.941180717766144],[136.53275540146302,35.94112901390266],[136.53273397854068,35.94134712774449]]]}},{"type":"Feature","properties":{"pid":"6e9ce297-399a-4b38-af44-eef72a92f252"},"geometry":{"type":"Polygon","coordinates":[[[136.5327020251985,35.941754963454116],[136.53369523192777,35.94181383976794],[136.53372566188855,35.941561397480356],[136.53272090115487,35.94150813472228],[136.5327020251985,35.941754963454116]]]}},{"type":"Feature","properties":{"pid":"9b3a22b4-0dab-4006-bb04-3983c8808523"},"geometry":{"type":"Polygon","coordinates":[[[136.53390876777542,35.94167414465345],[136.53389507820046,35.94179286766797],[136.53487971104389,35.94184471126859],[136.5348861664288,35.94173335245188],[136.53390876777542,35.94167414465345]]]}},{"type":"Feature","properties":{"pid":"99a93bfe-d9fe-49eb-803f-85f3fb1e92f4"},"geometry":{"type":"Polygon","coordinates":[[[136.5339240414225,35.94155529563554],[136.53490317547,35.941619757162584],[136.53491901453532,35.94146375140518],[136.5339372021365,35.941405462878905],[136.5339240414225,35.94155529563554]]]}},{"type":"Feature","properties":{"pid":"a89dd9e4-1779-41e6-bc5f-88e933acc693"},"geometry":{"type":"Polygon","coordinates":[[[136.53395294626364,35.94127733968088],[136.5349267989047,35.94135000497749],[136.53494012293262,35.94118564320299],[136.533965040512,35.94112640097137],[136.53395294626364,35.94127733968088]]]}},{"type":"Feature","properties":{"pid":"f5e9ab9c-a598-4cea-8da0-f76c687c52f1"},"geometry":{"type":"Polygon","coordinates":[[[136.5350691990431,35.94182781672775],[136.53506559401515,35.94185430204302],[136.53604509833463,35.94191056222671],[136.53604586560445,35.941891347572195],[136.5350691990431,35.94182781672775]]]}},{"type":"Feature","properties":{"pid":"6a65c239-c966-44e2-849d-8e96be480e0a"},"geometry":{"type":"Polygon","coordinates":[[[136.53508089011018,35.94166374309307],[136.53507744277638,35.941719740949644],[136.53605763406216,35.94178085325775],[136.53605782844588,35.941761561180634],[136.53600187716552,35.94173326290024],[136.53508089011018,35.94166374309307]]]}},{"type":"Feature","properties":{"pid":"e3fa6e44-8f72-4353-9af6-a063cdf89d52"},"geometry":{"type":"Polygon","coordinates":[[[136.53508916902132,35.941561625062945],[136.53605264834218,35.94163002102794],[136.53608069317775,35.941614422787055],[136.53609238163668,35.94149058479435],[136.53509693662735,35.941421471686404],[136.53508916902132,35.941561625062945]]]}},{"type":"Feature","properties":{"pid":"577c2399-294b-4525-80b5-05b45b897e1a"},"geometry":{"type":"Polygon","coordinates":[[[136.53628251141203,35.94170238109537],[136.53727668530692,35.94176562639238],[136.53729406010626,35.9415974370841],[136.5362950948124,35.94154063930185],[136.53628251141203,35.94170238109537]]]}},{"type":"Feature","properties":{"pid":"51af390e-438f-4c25-824a-23b4fc88228f"},"geometry":{"type":"Polygon","coordinates":[[[136.5363087101505,35.941435038776305],[136.53731077516414,35.941494899723665],[136.5373238822906,35.94132688241654],[136.53635794465214,35.94127419683582],[136.53632368929942,35.941287481747146],[136.5363087101505,35.941435038776305]]]}},{"type":"Feature","properties":{"pid":"2974dd35-be64-4a3c-8f19-c3f67781132a"},"geometry":{"type":"Polygon","coordinates":[[[136.5363267367588,35.9411612984059],[136.53733259282822,35.94122318475398],[136.5373417581466,35.94105279424829],[136.53634286553375,35.94099888926214],[136.5363267367588,35.9411612984059]]]}},{"type":"Feature","properties":{"pid":"9c9fe8cf-ac2f-46d9-b2bf-86e909d48b1b"},"geometry":{"type":"Polygon","coordinates":[[[136.53512346131012,35.941307374941715],[136.5360996808819,35.94137235293821],[136.53609912435135,35.94129000329023],[136.53604895303258,35.94125906845941],[136.5351311427181,35.941199280092185],[136.53512346131012,35.941307374941715]]]}},{"type":"Feature","properties":{"pid":"5ddc8cc0-6f44-404d-9526-3481b0409f78"},"geometry":{"type":"Polygon","coordinates":[[[136.53516085734546,35.94093384404865],[136.53514619127807,35.9410913829368],[136.53611583430126,35.94114889817776],[136.5361292740068,35.941144514489814],[136.53615327743293,35.94098994705732],[136.53516085734546,35.94093384404865]]]}},{"type":"Feature","properties":{"pid":"dd3f5d0f-399c-4bb4-bdf5-91462b655e72"},"geometry":{"type":"Polygon","coordinates":[[[136.53516764437737,35.94082483948015],[136.53616532692948,35.940879971873656],[136.53617252385342,35.940741012166576],[136.5361248278799,35.94071549402335],[136.5351817599538,35.94065518263082],[136.53516764437737,35.94082483948015]]]}},{"type":"Feature","properties":{"pid":"36e32ffd-8bac-4d63-a29e-741db8c721da"},"geometry":{"type":"Polygon","coordinates":[[[136.53635491827112,35.94088840363904],[136.53734619626084,35.94094636110858],[136.53735595209383,35.94079046122159],[136.53636578133862,35.940734268479645],[136.53635491827112,35.94088840363904]]]}},{"type":"Feature","properties":{"pid":"3f6c94df-bacd-43c4-ad46-c4ba72daa924"},"geometry":{"type":"Polygon","coordinates":[[[136.53637775687574,35.940604500156425],[136.53639260808816,35.940622211054],[136.53737319680587,35.940678868130696],[136.53738917901734,35.94052487714977],[136.536393098107,35.940462520271346],[136.53637775687574,35.940604500156425]]]}},{"type":"Feature","properties":{"pid":"ff3f4ac1-fb8a-4042-9a4a-f17bc1ff1206"},"geometry":{"type":"Polygon","coordinates":[[[136.53751028455218,35.94123654662044],[136.5385261133027,35.941298122934214],[136.53857706685088,35.9412774757828],[136.53863155089158,35.94114672687101],[136.5375229783577,35.9410769925198],[136.53751028455218,35.94123654662044]]]}},{"type":"Feature","properties":{"pid":"9c72220b-6c1b-4314-9265-e456e6b9c980"},"geometry":{"type":"Polygon","coordinates":[[[136.5374876214609,35.941510613159096],[136.53843058567827,35.9415583142604],[136.53848107352053,35.94153253074487],[136.53852499535844,35.94140889539151],[136.5375038161859,35.941349284120584],[136.5374876214609,35.941510613159096]]]}},{"type":"Feature","properties":{"pid":"7cc22e79-8559-4b9b-8c70-cd29bb21c925"},"geometry":{"type":"Polygon","coordinates":[[[136.53742628332387,35.942153576578114],[136.53741803243324,35.94232446885882],[136.53837511837943,35.942377401624555],[136.53837988707312,35.942248067295914],[136.53833649334564,35.94221195910285],[136.53742628332387,35.942153576578114]]]}},{"type":"Feature","properties":{"pid":"948b48b7-6bf4-4c1d-9a6f-ff93192dbc81"},"geometry":{"type":"Polygon","coordinates":[[[136.53739242930683,35.942590206879856],[136.53830394622753,35.94264177429008],[136.53834195234055,35.94260590693865],[136.53835564686187,35.94248329349759],[136.53740863492214,35.94242966536232],[136.53739242930683,35.942590206879856]]]}},{"type":"Feature","properties":{"pid":"413b775a-46f9-43c5-a87e-4e5e9f20a25b"},"geometry":{"type":"Polygon","coordinates":[[[136.53627075704352,35.94181254198595],[136.5362619340595,35.94194016808045],[136.5372566556802,35.94200179236458],[136.5372651386634,35.94187405617389],[136.53627075704352,35.94181254198595]]]}},{"type":"Feature","properties":{"pid":"afe34a25-5327-4a12-8f45-567a309e9d40"},"geometry":{"type":"Polygon","coordinates":[[[136.53624549558097,35.942079568463114],[136.5362302829755,35.94225022352074],[136.5372278282137,35.94231498582074],[136.53723897746954,35.94214580414734],[136.53624549558097,35.942079568463114]]]}},{"type":"Feature","properties":{"pid":"384787b6-8cd0-4892-ae50-707be0cd0216"},"geometry":{"type":"Polygon","coordinates":[[[136.5362095260265,35.9425135098801],[136.5372075784861,35.94258106079436],[136.5372187049468,35.94242045267808],[136.53622248501298,35.94235891548527],[136.5362095260265,35.9425135098801]]]}},{"type":"Feature","properties":{"pid":"99d3e971-34ed-43d9-8185-c89e2ad4ca3e"},"geometry":{"type":"Polygon","coordinates":[[[136.53617519513747,35.942758730413566],[136.53619363664365,35.942790056027995],[136.5371835185984,35.94285102475343],[136.53719660779225,35.94268413399161],[136.53618860434204,35.94262605661279],[136.53617519513747,35.942758730413566]]]}},{"type":"Feature","properties":{"pid":"1138f2e4-8b46-4af7-9a9e-9ff342bcc6da"},"geometry":{"type":"Polygon","coordinates":[[[136.53615200196472,35.94304867161425],[136.53715915368662,35.94311079453671],[136.53716718458173,35.94295290380011],[136.53616568254674,35.94289563026547],[136.53615200196472,35.94304867161425]]]}},{"type":"Feature","properties":{"pid":"92708661-69d9-4981-a683-d31885a47efd"},"geometry":{"type":"Polygon","coordinates":[[[136.53612042151826,35.943310024908754],[136.53613914410013,35.94333357606987],[136.5371361337214,35.94338932316331],[136.53715129600602,35.94321482070765],[136.536138926629,35.94315024611419],[136.53612042151826,35.943310024908754]]]}},{"type":"Feature","properties":{"pid":"cd273dde-c0a4-4107-b593-65310b2c9b0c"},"geometry":{"type":"Polygon","coordinates":[[[136.5361059518193,35.94343022693778],[136.53610537587448,35.94359534266496],[136.5371049630357,35.943659762910755],[136.5371222047338,35.94349021478042],[136.5361059518193,35.94343022693778]]]}},{"type":"Feature","properties":{"pid":"ed65efb0-b6cd-4e31-a0e1-c228a4fd020e"},"geometry":{"type":"Polygon","coordinates":[[[136.53736768381725,35.94285900429076],[136.53828654785136,35.94291423601762],[136.5383250039698,35.94289653735686],[136.53833159208835,35.9427553844236],[136.53738504862338,35.942693584077986],[136.53736768381725,35.94285900429076]]]}},{"type":"Feature","properties":{"pid":"07dcd680-4938-4361-ba18-5274a0dafbad"},"geometry":{"type":"Polygon","coordinates":[[[136.53733319587607,35.943119867832415],[136.53828255392125,35.94318353704518],[136.53830085253907,35.943172262999845],[136.53830975167492,35.94302761594563],[136.53734209670344,35.942971212999275],[136.53733319587607,35.943119867832415]]]}},{"type":"Feature","properties":{"pid":"dfd04893-ddce-4703-a712-f9378e289a3d"},"geometry":{"type":"Polygon","coordinates":[[[136.53731828217838,35.94324203414765],[136.53747540938627,35.94325351641909],[136.5375070384195,35.94326818634391],[136.53752064733945,35.94329565006643],[136.5375142517608,35.94340990887382],[136.5382545464528,35.943449160658254],[136.53828376628843,35.94343471106227],[136.53829584987136,35.94328885750321],[136.5373188431388,35.94323016810683],[136.53731828217838,35.94324203414765]]]}},{"type":"Feature","properties":{"pid":"deb05e1e-20a4-44f1-beaa-bd153551227d"},"geometry":{"type":"Polygon","coordinates":[[[136.53725839401687,35.943997293140754],[136.53822807631786,35.9435697439387],[136.5382279214596,35.943569319747375],[136.53729821892588,35.94352480447516],[136.53725839401687,35.943997293140754]]]}},{"type":"Feature","properties":{"pid":"818afca3-75c0-4775-8c67-b329ce992196"},"geometry":{"type":"Polygon","coordinates":[[[136.53714812930187,35.9445791727134],[136.53715923515176,35.944592770864546],[136.53809263234103,35.94464978868123],[136.53812510473398,35.944622969428764],[136.53814414722714,35.944425874924676],[136.53716514355872,35.94436705393816],[136.53714812930187,35.9445791727134]]]}},{"type":"Feature","properties":{"pid":"a081e81a-bd00-4653-993c-0ddde12008ae"},"geometry":{"type":"Polygon","coordinates":[[[136.53726994261655,35.94426431537983],[136.53813005994633,35.94431045580954],[136.538140922014,35.94430414658852],[136.53816262253753,35.94389420430888],[136.53726994261655,35.94426431537983]]]}},{"type":"Feature","properties":{"pid":"5470c742-a936-41da-b2e6-8e23bfd6c163"},"geometry":{"type":"Polygon","coordinates":[[[136.5371313316405,35.94482418231986],[136.5381109456013,35.94487839848819],[136.53811863355412,35.94475245068143],[136.53714284868315,35.94470021403574],[136.5371313316405,35.94482418231986]]]}},{"type":"Feature","properties":{"pid":"6e66b343-18b3-4046-8eaa-18f6a98f632c"},"geometry":{"type":"Polygon","coordinates":[[[136.53710043016181,35.9451805351092],[136.5380802601425,35.94524015668725],[136.53809270344095,35.944984382054606],[136.53712139023216,35.94492856668796],[136.53710043016181,35.9451805351092]]]}},{"type":"Feature","properties":{"pid":"8bcdaa2a-c951-451b-aae7-81ff15b3bc2f"},"geometry":{"type":"Polygon","coordinates":[[[136.5361889778625,35.94472242746164],[136.5369481637862,35.9447695799452],[136.5369808211624,35.94439761103691],[136.5361889778625,35.94472242746164]]]}},{"type":"Feature","properties":{"pid":"350940cb-fc2a-43da-9919-62d833985e0d"},"geometry":{"type":"Polygon","coordinates":[[[136.53593734174396,35.944967581280366],[136.5359501094224,35.94498139401841],[136.53692409866122,35.94504342176282],[136.53693886089303,35.944880242811976],[136.53595676811122,35.944812067007426],[136.53593734174396,35.944967581280366]]]}},{"type":"Feature","properties":{"pid":"7b61707a-d477-461a-bc90-627b45f62ee3"},"geometry":{"type":"Polygon","coordinates":[[[136.5359108435035,35.94523956620486],[136.5359218299412,35.9452527543432],[136.53689618168553,35.94531347625941],[136.53691243096475,35.94515269306198],[136.53592345159714,35.94509002306817],[136.5359108435035,35.94523956620486]]]}},{"type":"Feature","properties":{"pid":"65341d62-29e5-4883-919d-a405a10b188f"},"geometry":{"type":"Polygon","coordinates":[[[136.53540335225273,35.94519498190549],[136.53569835830749,35.945212599778785],[136.5357247068805,35.94518297358781],[136.53574371178513,35.94489312495392],[136.53541866657653,35.94502757656986],[136.53540335225273,35.94519498190549]]]}},{"type":"Feature","properties":{"pid":"c14f0f74-bec6-4e85-bf58-c719af7f9979"},"geometry":{"type":"Polygon","coordinates":[[[136.5360306834119,35.94441633708558],[136.53604260527982,35.94443202434066],[136.5361967733237,35.94444323440665],[136.53658530985152,35.9442736165089],[136.5360411038245,35.94423910302971],[136.5360306834119,35.94441633708558]]]}},{"type":"Feature","properties":{"pid":"a24f145c-d817-4665-96d1-ae08091300f1"},"geometry":{"type":"Polygon","coordinates":[[[136.5360495122323,35.944133286360376],[136.5368004651293,35.944185873116844],[136.5370636649283,35.94407738571629],[136.537065416207,35.94403609814902],[136.53606325955502,35.94396978487009],[136.5360495122323,35.944133286360376]]]}},{"type":"Feature","properties":{"pid":"796af60f-e31b-4a5a-a1d4-4865167bb784"},"geometry":{"type":"Polygon","coordinates":[[[136.5360754439952,35.94385047623759],[136.53609224845346,35.94386787381906],[136.5370760418301,35.94392801720338],[136.53709447312934,35.94376023274834],[136.53609142949293,35.94369971228904],[136.5360754439952,35.94385047623759]]]}},{"type":"Feature","properties":{"pid":"df05588b-8d3a-43c3-bde7-33aa066b02fc"},"geometry":{"type":"Polygon","coordinates":[[[136.53488992496196,35.94379022164542],[136.53586826060956,35.94384070532264],[136.53586997385133,35.943766150562],[136.5358511321839,35.9437515947338],[136.53489421199197,35.94369232343594],[136.53488992496196,35.94379022164542]]]}},{"type":"Feature","properties":{"pid":"3b91abeb-6f79-4bee-92af-2df75f50be69"},"geometry":{"type":"Polygon","coordinates":[[[136.5348619082138,35.944070907787655],[136.53576731179018,35.9441171542368],[136.53579847637792,35.94409203984079],[136.53585398277994,35.94408971911502],[136.53586275754932,35.94395333271354],[136.53487387268413,35.94390291025367],[136.5348619082138,35.944070907787655]]]}},{"type":"Feature","properties":{"pid":"29bbe638-3fd0-4266-ad5d-61c3d724b5ba"},"geometry":{"type":"Polygon","coordinates":[[[136.53483544794491,35.94436089807336],[136.53582816043067,35.944431115217256],[136.53583518537044,35.94423175739757],[136.53484679824535,35.94417272202551],[136.53483544794491,35.94436089807336]]]}},{"type":"Feature","properties":{"pid":"9dd5620e-23cf-4c27-a9bf-00b69f748d98"},"geometry":{"type":"Polygon","coordinates":[[[136.53479853974693,35.944570324271204],[136.5347893815079,35.94473952375313],[136.53546935367515,35.94477948025058],[136.53578493759093,35.94466057079502],[136.53578294041995,35.944642654707515],[136.5357098139105,35.94462712463507],[136.53479853974693,35.944570324271204]]]}},{"type":"Feature","properties":{"pid":"896017d9-0179-448e-89f8-cf5a817a1bbe"},"geometry":{"type":"Polygon","coordinates":[[[136.5347734621494,35.94493532872081],[136.5348164159783,35.94492504201982],[136.53486699750874,35.944941154764145],[136.53491549623746,35.94501937513872],[136.53525845766274,35.944877589352636],[136.5347813109933,35.9448466313605],[136.5347734621494,35.94493532872081]]]}},{"type":"Feature","properties":{"pid":"763154af-785b-4da1-90b7-68a9631d0d58"},"geometry":{"type":"Polygon","coordinates":[[[136.53470778935116,35.94541704846379],[136.53567072795508,35.94547945983487],[136.5357028512545,35.945458484571354],[136.5357137473896,35.945320275874664],[136.53487526874105,35.9452665966405],[136.53471178598943,35.945348922630934],[136.53470778935116,35.94541704846379]]]}},{"type":"Feature","properties":{"pid":"17599de8-144a-4489-a283-0a8bd36a1a04"},"geometry":{"type":"Polygon","coordinates":[[[136.53362905265354,35.94466411243643],[136.53461651735984,35.944721386820376],[136.5346298713969,35.94455817696877],[136.53364404723868,35.94450361064748],[136.53362905265354,35.94466411243643]]]}},{"type":"Feature","properties":{"pid":"ee31fde5-d9a0-458f-b88d-c9fe21712b91"},"geometry":{"type":"Polygon","coordinates":[[[136.53360330559858,35.944967712029346],[136.53458596402658,35.94502738813626],[136.53460394087932,35.94483640114602],[136.53361364246308,35.94477988310118],[136.53360330559858,35.944967712029346]]]}},{"type":"Feature","properties":{"pid":"c6d99012-ac68-4882-9d7d-e883a225e915"},"geometry":{"type":"Polygon","coordinates":[[[136.53355096809975,35.94555551532153],[136.5335626493473,35.94555964411146],[136.5345728272488,35.9451368138675],[136.533594086006,35.945077871150396],[136.53355096809975,35.94555551532153]]]}},{"type":"Feature","properties":{"pid":"fd15b0da-a0fa-41b9-bd54-4083c6903344"},"geometry":{"type":"Polygon","coordinates":[[[136.53366537338155,35.94426279869812],[136.5337381540584,35.944281961381414],[136.53464381689818,35.9443371734677],[136.53466585779606,35.94409902545836],[136.5336825052559,35.94404090414971],[136.53366537338155,35.94426279869812]]]}},{"type":"Feature","properties":{"pid":"9d559fca-ec5a-4fb7-94fa-c7d134189b70"},"geometry":{"type":"Polygon","coordinates":[[[136.53368852665656,35.943931863557616],[136.5346748623058,35.943993731993764],[136.53469433705337,35.94382076746159],[136.53371095249145,35.94376264497646],[136.53368852665656,35.943931863557616]]]}},{"type":"Feature","properties":{"pid":"bd50ae13-92d5-4527-8e62-fae1a649e1ed"},"geometry":{"type":"Polygon","coordinates":[[[136.53250093435074,35.94391136478661],[136.53348900674976,35.943971622599776],[136.5335159289515,35.94371824965683],[136.53281280003048,35.943677323478134],[136.53260542424186,35.94369226032776],[136.53251981244924,35.943677640719145],[136.53250093435074,35.94391136478661]]]}},{"type":"Feature","properties":{"pid":"d15f463b-9665-4048-9033-7601f6df0601"},"geometry":{"type":"Polygon","coordinates":[[[136.53284428225865,35.94344838157178],[136.53288843735984,35.943581699647616],[136.53353008765603,35.94360819042385],[136.53354713600308,35.94342867911553],[136.53305999130268,35.943399062983026],[136.53284428225865,35.94344838157178]]]}},{"type":"Feature","properties":{"pid":"e361c399-8a6f-4d9d-8d39-d0ae194afb91"},"geometry":{"type":"Polygon","coordinates":[[[136.53305368578626,35.943131453367776],[136.53310958197784,35.943290892036316],[136.53354728111404,35.94331720046367],[136.53356079602912,35.94315786813287],[136.53305368578626,35.943131453367776]]]}},{"type":"Feature","properties":{"pid":"4a0b1d25-1aef-4267-855f-08aa0b7a7dbb"},"geometry":{"type":"MultiPolygon","coordinates":[[[[136.53265937694178,35.943088611399126],[136.5327361814089,35.94309311840676],[136.5328379945907,35.94295301078228],[136.53267349903805,35.942941960789845],[136.53265937694178,35.943088611399126]]],[[[136.53300775356178,35.94296441410467],[136.53303120169798,35.94302843359585],[136.533566312953,35.94305816124718],[136.5335709813808,35.94302484490652],[136.53354861753004,35.94300074426053],[136.53300775356178,35.94296441410467]]]]}},{"type":"Feature","properties":{"pid":"5b69c798-8cb7-4ebb-a1da-1f5e193addac"},"geometry":{"type":"Polygon","coordinates":[[[136.53261649572877,35.94268047556467],[136.5326030817728,35.942828970319205],[136.5335824698279,35.94287968800038],[136.53358824180432,35.94274105251437],[136.53261649572877,35.94268047556467]]]}},{"type":"Feature","properties":{"pid":"6ec95a07-b0c4-4567-9b2e-3cf91b902e7c"},"geometry":{"type":"Polygon","coordinates":[[[136.53375948773652,35.943090256221645],[136.53375331943016,35.94316112559752],[136.5337688790604,35.94318538249437],[136.53474534371304,35.9432479801917],[136.53475696241492,35.943151556429136],[136.53375948773652,35.943090256221645]]]}},{"type":"Feature","properties":{"pid":"477b7e7c-1191-496e-a875-6bb23286367c"},"geometry":{"type":"Polygon","coordinates":[[[136.53373250187576,35.94338769675906],[136.5347274190145,35.94344276614242],[136.53473496910073,35.94335179902098],[136.53373842496438,35.94328928152219],[136.53373250187576,35.94338769675906]]]}},{"type":"Feature","properties":{"pid":"d1f5fe17-84ef-4af8-89ef-95309b78ccfe"},"geometry":{"type":"Polygon","coordinates":[[[136.53371741752906,35.943635790106505],[136.53470458161834,35.943714046238455],[136.53472070035542,35.94354207758822],[136.53372982719267,35.94348864368414],[136.53371741752906,35.943635790106505]]]}},{"type":"Feature","properties":{"pid":"7d2324bf-9af1-4969-a567-5399f1aa5e0d"},"geometry":{"type":"Polygon","coordinates":[[[136.53490933130075,35.943572311494854],[136.53583176380033,35.94363782532041],[136.53588893825014,35.943615295940326],[136.53590158805468,35.94342295408567],[136.53492335847758,35.943359393384775],[136.53490933130075,35.943572311494854]]]}},{"type":"Feature","properties":{"pid":"30482764-fa9b-4344-9063-c9c5b885a782"},"geometry":{"type":"Polygon","coordinates":[[[136.53493844879188,35.943240965615594],[136.53591230614464,35.943307396314765],[136.535923192947,35.9431810409738],[136.5358748458,35.94314552274236],[136.53494899342914,35.94309532400695],[136.53493844879188,35.943240965615594]]]}},{"type":"Feature","properties":{"pid":"7fcd07e3-f33f-4c44-b03b-3a69a3f22127"},"geometry":{"type":"Polygon","coordinates":[[[136.53496223052835,35.94297598610611],[136.5358848200347,35.94303357674907],[136.53593514317382,35.943003165391964],[136.5359432433732,35.94288282576037],[136.53497591534676,35.94282015466999],[136.53496223052835,35.94297598610611]]]}},{"type":"Feature","properties":{"pid":"a22978f8-f571-4c9c-86b4-725a13d89163"},"geometry":{"type":"Polygon","coordinates":[[[136.5337929591869,35.94289072045319],[136.53380740792068,35.94290696068249],[136.534770177232,35.94296422829486],[136.53478001128002,35.942807165530944],[136.53380813985348,35.94275139433665],[136.5337929591869,35.94289072045319]]]}},{"type":"Feature","properties":{"pid":"5a4b5210-5f29-410c-a88d-d3042f548cf7"},"geometry":{"type":"Polygon","coordinates":[[[136.5338115875226,35.942570079439015],[136.53380738875313,35.94261647429422],[136.53383521832683,35.94263830996169],[136.53479486419354,35.94269857650487],[136.5347993830686,35.94262710979028],[136.5338115875226,35.942570079439015]]]}},{"type":"Feature","properties":{"pid":"b604f7ba-d4ba-484c-9c40-c4f55f8e0beb"},"geometry":{"type":"Polygon","coordinates":[[[136.5338244269019,35.94245005698537],[136.53481360763325,35.94252365273049],[136.53483565353017,35.94227360725239],[136.53384712647124,35.942208853240516],[136.5338244269019,35.94245005698537]]]}},{"type":"Feature","properties":{"pid":"ca77ee4c-9ae5-4c2a-b4eb-512daa839837"},"geometry":{"type":"Polygon","coordinates":[[[136.53499089794192,35.94270168571568],[136.5359554598716,35.942766560034585],[136.53596664716275,35.94262935866458],[136.53594003987715,35.94261363092068],[136.5350025579707,35.94255183884251],[136.53499089794192,35.94270168571568]]]}},{"type":"Feature","properties":{"pid":"a09e5741-1380-4da3-981b-1dc7ed324ba4"},"geometry":{"type":"Polygon","coordinates":[[[136.53500527572956,35.942444990339624],[136.53595820829355,35.94250032484341],[136.53598296491546,35.94248066177287],[136.53600376390094,35.94230700562853],[136.535019923326,35.94224741737028],[136.53500527572956,35.942444990339624]]]}},{"type":"Feature","properties":{"pid":"5c869476-2d81-4b9f-a790-4465768e88ef"},"geometry":{"type":"Polygon","coordinates":[[[136.53504646517436,35.94200833059072],[136.535039012906,35.94213689605651],[136.53598538177224,35.942189902504396],[136.53602511353242,35.94216374305899],[136.53603931461737,35.94207726391084],[136.53504646517436,35.94200833059072]]]}},{"type":"Feature","properties":{"pid":"b9c1c595-f0bb-4873-84f8-c735b9aeb15f"},"geometry":{"type":"Polygon","coordinates":[[[136.5338611622183,35.942106416992424],[136.53485594670892,35.94216632290686],[136.53486687645056,35.94199694014735],[136.53387670600065,35.941933108691764],[136.5338611622183,35.942106416992424]]]}},{"type":"Feature","properties":{"pid":"87d7c2f5-911f-4b12-8ed2-9c4e6c72d9c5"},"geometry":{"type":"Polygon","coordinates":[[[136.5326222382603,35.94256608394223],[136.5335962728675,35.94262796347986],[136.53361701710975,35.94261538937438],[136.53362304553866,35.942468684610176],[136.53263293565772,35.942405667243285],[136.5326222382603,35.94256608394223]]]}},{"type":"Feature","properties":{"pid":"0b09ca4f-1042-46d4-853d-1bf341afcf9d"},"geometry":{"type":"Polygon","coordinates":[[[136.53264827480723,35.94230229205932],[136.5336262989341,35.9423630180031],[136.53365126250355,35.94234151140778],[136.53366166243217,35.94220326353444],[136.532660317783,35.942139557621736],[136.53264827480723,35.94230229205932]]]}},{"type":"Feature","properties":{"pid":"3217bcd8-20f5-4810-8e04-2167180b8363"},"geometry":{"type":"Polygon","coordinates":[[[136.53269200459016,35.94186903915044],[136.53268202375492,35.94202657140886],[136.53367669171286,35.94209149512797],[136.5336826250647,35.94193291713346],[136.53269200459016,35.94186903915044]]]}},{"type":"Feature","properties":{"pid":"1d03c70a-e61a-4dc8-b3c7-910e4a1385eb"},"geometry":{"type":"Polygon","coordinates":[[[136.53200967695375,35.941991631500294],[136.53250613001973,35.94201701649391],[136.5325150367186,35.941849797594145],[136.53201359986667,35.94181997330653],[136.53200967695375,35.941991631500294]]]}},{"type":"Feature","properties":{"pid":"033a5ce5-e806-4b9b-bf29-32749d314028"},"geometry":{"type":"Polygon","coordinates":[[[136.53167470441298,35.94223693923921],[136.53247843492335,35.94228915896553],[136.5324911872675,35.942124061736976],[136.5317366039647,35.94207883386481],[136.5317202000857,35.94208643420034],[136.53167470441298,35.94223693923921]]]}},{"type":"Feature","properties":{"pid":"56d7a6f6-fe8f-40b8-9577-f284ef6c21c6"},"geometry":{"type":"Polygon","coordinates":[[[136.5315969630744,35.942497925742096],[136.5324524397981,35.94255547494464],[136.53247241674148,35.94239648285257],[136.53164492147752,35.94234427860058],[136.5315969630744,35.942497925742096]]]}},{"type":"Feature","properties":{"pid":"8baee2d4-471d-4998-ab47-5c173448cc7b"},"geometry":{"type":"Polygon","coordinates":[[[136.5315461980988,35.94275996087859],[136.53156065806937,35.9427794422234],[136.5324225606572,35.94282381213613],[136.53243649820416,35.94266165823548],[136.5315705982398,35.94260918867391],[136.5315461980988,35.94275996087859]]]}},{"type":"Feature","properties":{"pid":"effde59a-45ae-43e8-9d99-5b4802be2a1d"},"geometry":{"type":"Polygon","coordinates":[[[136.53136486696235,35.94348620545647],[136.53235139857875,35.943547567523986],[136.53236035872516,35.94347420990978],[136.53136823667,35.943415567060384],[136.53136486696235,35.94348620545647]]]}},{"type":"Feature","properties":{"pid":"a5ba640e-705b-4c49-b621-822fd8cc564d"},"geometry":{"type":"Polygon","coordinates":[[[136.53137705885646,35.94328727864201],[136.53139061831732,35.94330054746312],[136.53237547131218,35.94336424272404],[136.53238971643003,35.94320120184424],[136.531388779571,35.94314106508339],[136.53137705885646,35.94328727864201]]]}},{"type":"Feature","properties":{"pid":"72939a0c-43de-4660-9685-8ca4d1ecbe3d"},"geometry":{"type":"Polygon","coordinates":[[[136.53146569384026,35.94300235157808],[136.5324047224672,35.94306333387697],[136.53241397334415,35.942932246415566],[136.5315224744594,35.942884664513706],[136.53146569384026,35.94300235157808]]]}},{"type":"Feature","properties":{"pid":"b9f01438-1b04-4a07-9ab7-cd8d335ac9b9"},"geometry":{"type":"Polygon","coordinates":[[[136.53050293099406,35.943363271874304],[136.53051850642473,35.9435191992017],[136.53117613586855,35.94355201319511],[136.5311894680467,35.9434047554345],[136.53050293099406,35.943363271874304]]]}},{"type":"Feature","properties":{"pid":"582f72f7-dfc0-43c6-b491-5e405e701e1a"},"geometry":{"type":"Polygon","coordinates":[[[136.53048189149163,35.94308338098889],[136.53049848066436,35.943251808702],[136.53117736627678,35.943301357426506],[136.53118882608317,35.94329057281207],[136.5311964505012,35.94312651854043],[136.53048189149163,35.94308338098889]]]}},{"type":"Feature","properties":{"pid":"5be1f7bf-a503-49d3-ba13-095e5d2bc3d7"},"geometry":{"type":"Polygon","coordinates":[[[136.53045512426922,35.942814144749946],[136.5304712961346,35.9429760437575],[136.53122841138796,35.943022414997245],[136.5312658780854,35.94297730389456],[136.53101917037822,35.94286182459579],[136.53098542281822,35.94283050027615],[136.53045512426922,35.942814144749946]]]}},{"type":"Feature","properties":{"pid":"677d8107-81c9-4574-8b49-9f69b7aff68f"},"geometry":{"type":"Polygon","coordinates":[[[136.5305412010804,35.94270512457002],[136.5307707826514,35.942714794528484],[136.53079620365935,35.942668912703176],[136.53076050365058,35.94264125979413],[136.5305412010804,35.94270512457002]]]}},{"type":"Feature","properties":{"pid":"864a4224-8bcd-4b93-a93e-c282c8a647fc"},"geometry":{"type":"Polygon","coordinates":[[[136.5304294180044,35.94263298750046],[136.5306988580145,35.94255326337838],[136.5306643341525,35.94237490748949],[136.53044942606272,35.94249749804617],[136.53041620050732,35.94254113189947],[136.5304294180044,35.94263298750046]]]}},{"type":"Feature","properties":{"pid":"df9ef560-0146-469a-9a53-719f97bd573c"},"geometry":{"type":"Polygon","coordinates":[[[136.53083243409986,35.94239115582345],[136.53085271420463,35.942509549026795],[136.53115194713004,35.9424791227462],[136.5311209664143,35.942296515763594],[136.53108859442636,35.9422998328665],[136.53108546868822,35.94234396694893],[136.53103888196435,35.94237319172626],[136.53083243409986,35.94239115582345]]]}},{"type":"Feature","properties":{"pid":"0c573106-b068-484e-a622-6f9cf5bb254e"},"geometry":{"type":"Polygon","coordinates":[[[136.53130071292605,35.942574358644215],[136.5312964338761,35.94267584323812],[136.531362708613,35.94267500025254],[136.53138641087892,35.942570197080585],[136.53130071292605,35.942574358644215]]]}},{"type":"Feature","properties":{"pid":"05fd53a2-12fe-422a-8875-bd30e786a416"},"geometry":{"type":"Polygon","coordinates":[[[136.53127905813548,35.94234787415632],[136.53128850077826,35.94246841556869],[136.53142751547378,35.94245807473798],[136.5314576989791,35.94235304175005],[136.53127905813548,35.94234787415632]]]}},{"type":"Feature","properties":{"pid":"0c997cd6-0644-4e92-9574-d24b055be6ef"},"geometry":{"type":"Polygon","coordinates":[[[136.53138377627315,35.942043225221745],[136.53139325200056,35.94223762466746],[136.5314900297206,35.94223981913815],[136.53154213015026,35.94207341885873],[136.53138377627315,35.942043225221745]]]}},{"type":"Feature","properties":{"pid":"64f72182-d73f-4ed8-8846-95951b6fac09"},"geometry":{"type":"Polygon","coordinates":[[[136.53081667185666,35.94227205744384],[136.5309387655448,35.94227203092042],[136.53092372259863,35.942190597068205],[136.53081667185666,35.94227205744384]]]}},{"type":"Feature","properties":{"pid":"af32a585-5e7c-4fbc-a0ed-44a62ad0c8c6"},"geometry":{"type":"Polygon","coordinates":[[[136.52975057365995,35.94222224754523],[136.5300614120201,35.9421979770217],[136.5301425680775,35.94224657614198],[136.53021480863998,35.94237491690922],[136.53010802773775,35.94198997468069],[136.52978867052082,35.94201594120289],[136.52975904675395,35.94204207484389],[136.52975057365995,35.94222224754523]]]}},{"type":"Feature","properties":{"pid":"1db20266-ced4-472c-b692-d50593287c9d"},"geometry":{"type":"Polygon","coordinates":[[[136.52898086390275,35.94189730394085],[136.52900345480478,35.941923367044645],[136.52902000210486,35.94200990422923],[136.52959573351484,35.94199392807002],[136.52959746144927,35.941938127271655],[136.52898086390275,35.94189730394085]]]}},{"type":"Feature","properties":{"pid":"e959c68c-95f4-4818-a01d-ab4f680acdfd"},"geometry":{"type":"Polygon","coordinates":[[[136.52792498723758,35.941953530292714],[136.52803092261965,35.94193914110388],[136.52807855810414,35.94197103428029],[136.5280900159485,35.942011682913495],[136.52871852696802,35.9420449687759],[136.52869727193314,35.94188733088387],[136.52793902500161,35.94184489371775],[136.52792498723758,35.941953530292714]]]}},{"type":"Feature","properties":{"pid":"60c8a5f9-9e57-4234-9327-0d828b57f805"},"geometry":{"type":"MultiPolygon","coordinates":[[[[136.52790505110033,35.942239859871925],[136.5279878869376,35.94224963051061],[136.52791083776182,35.94217239251631],[136.52790505110033,35.942239859871925]]],[[[136.52800813189455,35.94225201843124],[136.5284564609344,35.94234181617171],[136.52857390280695,35.942348452862866],[136.52874183081738,35.942333459473566],[136.52874040795356,35.94231769736688],[136.52868245638504,35.94231712742509],[136.52865096840594,35.94229508762416],[136.52863079428246,35.94215260657646],[136.5281217037616,35.94211736660164],[136.52813097572397,35.94215549402973],[136.5281089672383,35.94220607177477],[136.52800813189455,35.94225201843124]]]]}},{"type":"Feature","properties":{"pid":"33dd0f90-07b6-435d-aa26-bb343e435818"},"geometry":{"type":"Polygon","coordinates":[[[136.52783805288712,35.942934440110555],[136.52814249988631,35.94296150913963],[136.52816867573637,35.94274406848595],[136.52816109758305,35.942539082023416],[136.5281352377125,35.94242595621161],[136.52789691004162,35.94238431766868],[136.52783805288712,35.942934440110555]]]}},{"type":"Feature","properties":{"pid":"d3ae139a-ce9b-4cff-8593-8a20eecd33d1"},"geometry":{"type":"Polygon","coordinates":[[[136.52902748732862,35.943152969800636],[136.52920240178904,35.94318567255021],[136.52922558629814,35.94303776385857],[136.52904275034822,35.94303465767621],[136.52902748732862,35.943152969800636]]]}},{"type":"Feature","properties":{"pid":"5e9fa810-e609-4e6a-beb8-bcb3b387b4e5"},"geometry":{"type":"Polygon","coordinates":[[[136.52830751180394,35.94280508599263],[136.52830512314839,35.94285081737865],[136.52850010106488,35.942828896527885],[136.5285021210444,35.942814178548545],[136.52846728451968,35.94279819447339],[136.52830751180394,35.94280508599263]]]}},{"type":"Feature","properties":{"pid":"82578f70-e0c1-43f3-b142-ee45d914bc64"},"geometry":{"type":"Polygon","coordinates":[[[136.52827451775914,35.94297206676478],[136.5284877559113,35.9429969890241],[136.5284940989796,35.94293716176614],[136.52827623008025,35.94295733799171],[136.52827451775914,35.94297206676478]]]}},{"type":"Feature","properties":{"pid":"88cd26f2-705e-4a21-a8fd-a0151cf427b0"},"geometry":{"type":"MultiPolygon","coordinates":[[[[136.52782381510767,35.94307676725951],[136.5285283051378,35.94311934783311],[136.52782524904512,35.94304343928948],[136.52782381510767,35.94307676725951]]],[[[136.52863188754483,35.943125608176196],[136.5287834490487,35.94313476813032],[136.5287875010613,35.94311335053336],[136.52863188754483,35.943125608176196]]]]}},{"type":"Feature","properties":{"pid":"68cc6dc6-25a2-4795-8bd0-c56a480991c4"},"geometry":{"type":"Polygon","coordinates":[[[136.52779840079657,35.943356455786784],[136.5287724492154,35.94340553655534],[136.5287839987683,35.94324698947375],[136.5278155497155,35.94318801474992],[136.52779840079657,35.943356455786784]]]}},{"type":"Feature","properties":{"pid":"fd371dbf-1385-49bb-b1ff-409a65be4850"},"geometry":{"type":"Polygon","coordinates":[[[136.5277713551405,35.943617990396035],[136.5287451779986,35.94367729382402],[136.52875446303818,35.94352107477448],[136.52778787752015,35.94346330065213],[136.5277713551405,35.943617990396035]]]}},{"type":"Feature","properties":{"pid":"b8281241-fdb7-4958-8e6b-392e95698534"},"geometry":{"type":"Polygon","coordinates":[[[136.52896398754427,35.94368181146793],[136.5290627687768,35.94369582044691],[136.5292062950714,35.943615519773516],[136.5293817164674,35.94335039025829],[136.52897398920942,35.943278259770274],[136.52896398754427,35.94368181146793]]]}},{"type":"Feature","properties":{"pid":"06c576f9-bf0a-4696-b996-f101a0e67f87"},"geometry":{"type":"Polygon","coordinates":[[[136.52943275906142,35.94363410433413],[136.52988827191092,35.943672375156936],[136.5298949896463,35.943597515186035],[136.5298646843727,35.94353570269024],[136.5298197080842,35.943510389447475],[136.5298092657135,35.94344336988136],[136.52954242037754,35.94345842028235],[136.52943275906142,35.94363410433413]]]}},{"type":"Feature","properties":{"pid":"cf4b63bd-70c2-4451-8566-04df7c4acd07"},"geometry":{"type":"Polygon","coordinates":[[[136.53019488114572,35.943096341979],[136.5302984166939,35.94322525855134],[136.53031658499805,35.94325907365838],[136.53029861662952,35.94309226761948],[136.53019488114572,35.943096341979]]]}},{"type":"Feature","properties":{"pid":"3156e10b-d505-4641-82bb-0ed773f1b53a"},"geometry":{"type":"Polygon","coordinates":[[[136.5299733446876,35.943305719872626],[136.5300636553664,35.9433002439831],[136.53017302693686,35.94328330924219],[136.53007346092284,35.94316200322038],[136.5299549635591,35.943193095983034],[136.5299733446876,35.943305719872626]]]}},{"type":"Feature","properties":{"pid":"b2885400-ed62-4069-8d65-c9485d709f03"},"geometry":{"type":"Polygon","coordinates":[[[136.53002105643708,35.94366354929307],[136.53032361660976,35.94364124439416],[136.5303141711315,35.943600719257766],[136.53002279946614,35.94362766374278],[136.53002105643708,35.94366354929307]]]}},{"type":"Feature","properties":{"pid":"a3338c69-f93d-450f-9460-a7f91359a572"},"geometry":{"type":"Polygon","coordinates":[[[136.5289174789861,35.94436267392503],[136.528936136501,35.94438436894614],[136.52992334466592,35.94444165784051],[136.52994270426615,35.94425294118074],[136.5289300717813,35.944208407629844],[136.5289174789861,35.94436267392503]]]}},{"type":"Feature","properties":{"pid":"e561eba7-f2c0-42e5-ad1c-01b99fa82676"},"geometry":{"type":"Polygon","coordinates":[[[136.52899532232203,35.94398412069317],[136.53030442160775,35.94405861376138],[136.53032906103732,35.94375081102478],[136.5299070688627,35.943782147510056],[136.52939091803597,35.94374244369043],[136.5293430275963,35.943773739010055],[136.52930120224516,35.943774817034004],[136.52899532232203,35.94398412069317]]]}},{"type":"Feature","properties":{"pid":"d3439e91-8cd9-4961-affd-0b095959bd3f"},"geometry":{"type":"Polygon","coordinates":[[[136.52776395364359,35.9437360259439],[136.52774258134065,35.9439005412278],[136.5286967171849,35.943963497497194],[136.52874318674387,35.943934733520955],[136.52875064878594,35.94379262654747],[136.52776395364359,35.9437360259439]]]}},{"type":"Feature","properties":{"pid":"ef970f51-cdcf-44d4-b33c-a353ba901757"},"geometry":{"type":"Polygon","coordinates":[[[136.5280890036407,35.944323182851726],[136.5286947856565,35.94436335494784],[136.52870766285568,35.944206415240174],[136.52810167402785,35.944162748197215],[136.5280890036407,35.944323182851726]]]}},{"type":"Feature","properties":{"pid":"eadc2c78-875d-4694-863f-07422dfe6806"},"geometry":{"type":"Polygon","coordinates":[[[136.52768414542228,35.94457192929935],[136.5286492866382,35.944629927327185],[136.52867091638598,35.944612311011305],[136.52868162214853,35.944474412115106],[136.52770023889906,35.94440831612262],[136.52768414542228,35.94457192929935]]]}},{"type":"Feature","properties":{"pid":"9d88794c-c87a-4913-aabe-81950a8541a2"},"geometry":{"type":"Polygon","coordinates":[[[136.52765319566916,35.944837540874694],[136.5286314093641,35.94489867724703],[136.52864514209256,35.94489037864945],[136.52865964875505,35.94474340502384],[136.527668714289,35.94468145827357],[136.52765319566916,35.944837540874694]]]}},{"type":"Feature","properties":{"pid":"97aa2cb0-e870-49ec-b913-40740c6bb3a1"},"geometry":{"type":"Polygon","coordinates":[[[136.52763009067016,35.945109435577756],[136.52859673412195,35.94517434185001],[136.52862574685003,35.945155890167676],[136.5286408263918,35.945008058174544],[136.52764565893315,35.94494946108475],[136.52763009067016,35.945109435577756]]]}},{"type":"Feature","properties":{"pid":"9f950623-8c9d-4ef2-aa2c-0a0713f66719"},"geometry":{"type":"Polygon","coordinates":[[[136.52760284657552,35.945382485367006],[136.52856063734507,35.94544558889072],[136.5285888736817,35.94542411169579],[136.52860637227127,35.94528678152922],[136.52761872378383,35.94521933624588],[136.52760284657552,35.945382485367006]]]}},{"type":"Feature","properties":{"pid":"fef8eee4-1c02-4f72-bafb-a3156bf1106e"},"geometry":{"type":"Polygon","coordinates":[[[136.52881605465046,35.94541091688532],[136.5288455930811,35.94545062387914],[136.52981376552856,35.94551515569907],[136.52982839436584,35.94536324418115],[136.5288273059982,35.94529866524418],[136.52881605465046,35.94541091688532]]]}},{"type":"Feature","properties":{"pid":"e767bb81-7a46-4223-a9d9-aca2abe980a3"},"geometry":{"type":"Polygon","coordinates":[[[136.52884459984824,35.9451715968278],[136.52885843105665,35.94518926730275],[136.52983521107922,35.94525003701534],[136.52985048494185,35.94508252526353],[136.5288558697288,35.94502823131477],[136.52884459984824,35.9451715968278]]]}},{"type":"Feature","properties":{"pid":"4015e6b4-16a5-4fa1-b315-68a2002f4cf5"},"geometry":{"type":"Polygon","coordinates":[[[136.52886878705294,35.94490218595365],[136.52888217037244,35.944916968091874],[136.52986595815455,35.94496905272708],[136.52988263720832,35.944811932887866],[136.5288845170208,35.94474138852625],[136.52886878705294,35.94490218595365]]]}},{"type":"Feature","properties":{"pid":"74aa8ad7-b430-441a-9c28-86eecbd01f23"},"geometry":{"type":"Polygon","coordinates":[[[136.5288920711367,35.94461757573582],[136.52891653516872,35.94463680180433],[136.52988966928925,35.94470471969555],[136.52989926917326,35.94455242914006],[136.5289039606637,35.944488673087115],[136.5288920711367,35.94461757573582]]]}},{"type":"Feature","properties":{"pid":"064654da-f94f-41cd-843d-bea80e40aabb"},"geometry":{"type":"Polygon","coordinates":[[[136.53000893676207,35.94525305740751],[136.5309908344872,35.94531322169218],[136.5310040574928,35.94530530473476],[136.5310223493809,35.94516610259752],[136.53002521107132,35.94510431723729],[136.53000893676207,35.94525305740751]]]}},{"type":"Feature","properties":{"pid":"406669a1-ab47-4079-8c1e-30167c7f43b8"},"geometry":{"type":"Polygon","coordinates":[[[136.53119425360478,35.945318896422094],[136.53120653184538,35.945334395666656],[136.53219364771755,35.94539184617579],[136.5322067682377,35.94522827956145],[136.53121142157033,35.94516835822454],[136.53119425360478,35.945318896422094]]]}},{"type":"Feature","properties":{"pid":"46e31b8b-ab76-4b33-9cae-6c4420a8df7c"},"geometry":{"type":"Polygon","coordinates":[[[136.53003807304052,35.944989824313026],[136.53102132511998,35.94505808959843],[136.53104296156994,35.94503400214207],[136.53104731983362,35.944882924017236],[136.53005160871365,35.94482912761801],[136.53003807304052,35.944989824313026]]]}},{"type":"Feature","properties":{"pid":"7a690305-1144-43ba-8548-3dcad1a63d9b"},"geometry":{"type":"Polygon","coordinates":[[[136.53007716342674,35.94456072091268],[136.53006357081338,35.94472481409091],[136.53103978773285,35.944778792643305],[136.53106325305762,35.94476149634523],[136.53106757300014,35.94461951928405],[136.53007716342674,35.94456072091268]]]}},{"type":"Feature","properties":{"pid":"92bac59f-74e1-40a2-bfa0-b639388865ad"},"geometry":{"type":"Polygon","coordinates":[[[136.53006308944475,35.944447558714714],[136.53108026857467,35.94450377662049],[136.53109237562478,35.944332154269645],[136.53008341954475,35.944259394533496],[136.53006308944475,35.944447558714714]]]}},{"type":"Feature","properties":{"pid":"a4c4b46b-082b-48dd-a81d-24c91cc129dd"},"geometry":{"type":"Polygon","coordinates":[[[136.53052880511703,35.94363675108866],[136.5305228392738,35.94379115357246],[136.53113348689084,35.94381206414721],[136.53114766732944,35.943670974525176],[136.53052880511703,35.94363675108866]]]}},{"type":"Feature","properties":{"pid":"56fd3e68-2073-4cb7-a269-eb3b5c2ecfe2"},"geometry":{"type":"Polygon","coordinates":[[[136.53051455734072,35.943909175738774],[136.53049964980053,35.94407618673001],[136.5311050367599,35.94412061979885],[136.53112052345196,35.94410963454427],[136.5311266634879,35.94394067665232],[136.53051455734072,35.943909175738774]]]}},{"type":"Feature","properties":{"pid":"7e366f41-bc1a-4d77-b3dc-af9cd6fcbf78"},"geometry":{"type":"Polygon","coordinates":[[[136.53127422233132,35.94451252538401],[136.53128726602685,35.944538159105676],[136.53227591592346,35.944595594992144],[136.53229316451822,35.94440688930161],[136.53128756839948,35.944357938086476],[136.53127422233132,35.94451252538401]]]}},{"type":"Feature","properties":{"pid":"55364ad4-47cc-432b-9433-7c01561e2538"},"geometry":{"type":"Polygon","coordinates":[[[136.53132461790958,35.943961323162206],[136.531306539852,35.944128795602396],[136.53230202652205,35.94419545861914],[136.53231514281154,35.944016615847275],[136.53132461790958,35.943961323162206]]]}},{"type":"Feature","properties":{"pid":"ea1aaf84-c5ac-417b-a4b0-adc6653e13ff"},"geometry":{"type":"Polygon","coordinates":[[[136.53134287297036,35.94382211290784],[136.53135612396312,35.94384291139565],[136.5323259564391,35.943902326355186],[136.53234142902184,35.943744931716324],[136.5313580419435,35.94368813585692],[136.53134287297036,35.94382211290784]]]}},{"type":"Feature","properties":{"pid":"8689ef61-1e64-4f5b-9a72-9b829ae76adb"},"geometry":{"type":"Polygon","coordinates":[[[136.53246120151314,35.94420337443764],[136.5334698753337,35.94426154945311],[136.53348354068646,35.94408585102009],[136.53247891774853,35.94401829945485],[136.53246120151314,35.94420337443764]]]}},{"type":"Feature","properties":{"pid":"35432a11-2e2c-488f-97d1-10ea0ce772a3"},"geometry":{"type":"Polygon","coordinates":[[[136.53240865815224,35.944596711075796],[136.53342619969303,35.94465875266852],[136.5334447777608,35.94449441081777],[136.53243827647358,35.94441994006945],[136.53241808543066,35.94443098292443],[136.53240865815224,35.944596711075796]]]}},{"type":"Feature","properties":{"pid":"47533244-6658-462b-b60b-a65c733596c2"},"geometry":{"type":"Polygon","coordinates":[[[136.53241449612506,35.94487042825915],[136.53340897901174,35.9449330898795],[136.53341989644707,35.94477560302423],[136.53242369926718,35.94471209340645],[136.53241449612506,35.94487042825915]]]}},{"type":"Feature","properties":{"pid":"51a6f07b-d27f-4c85-b085-cd53078fe82c"},"geometry":{"type":"Polygon","coordinates":[[[136.53125350604785,35.94478985970059],[136.53224281430937,35.944859567210315],[136.53225098118608,35.944699228879884],[136.53126519493085,35.94464204099409],[136.53125350604785,35.94478985970059]]]}},{"type":"Feature","properties":{"pid":"98ff8a98-b545-4939-9df5-6544cfa64cbc"},"geometry":{"type":"Polygon","coordinates":[[[136.53121276779257,35.945044859030276],[136.53122643968803,35.945061508506484],[136.53221605004654,35.94512442680075],[136.53223320249282,35.9449611316504],[136.53122193067657,35.94489611894508],[136.53121276779257,35.945044859030276]]]}},{"type":"Feature","properties":{"pid":"c1327559-9ebf-4d2e-a0a8-8eda48190202"},"geometry":{"type":"Polygon","coordinates":[[[136.53239529175772,35.945133467799394],[136.53335165764108,35.945185222250785],[136.53338412722377,35.94516399752961],[136.53339184558706,35.9450463445122],[136.53240686685012,35.9449796384506],[136.53239529175772,35.945133467799394]]]}},{"type":"Feature","properties":{"pid":"e1b86a8a-20a7-4197-a41c-1b4d05ebd033"},"geometry":{"type":"Polygon","coordinates":[[[136.5323851400188,35.945245346825466],[136.53237269087043,35.94539631447104],[136.53331767187677,35.945461581219924],[136.53334998890267,35.94543519508715],[136.53336478518864,35.945307857857806],[136.5323851400188,35.945245346825466]]]}},{"type":"Feature","properties":{"pid":"f315ef4e-a4ec-4c66-85df-0347bd34e443"},"geometry":{"type":"Polygon","coordinates":[[[136.53234601855965,35.945671604913166],[136.5331424195582,35.945724267313615],[136.53328982127448,35.945665695816686],[136.5333190227749,35.945631436252626],[136.53332696645606,35.94557644050169],[136.53236032712644,35.945517969692354],[136.53234601855965,35.945671604913166]]]}},{"type":"Feature","properties":{"pid":"fb9bf9e8-198e-46cc-8acb-cb37430f0614"},"geometry":{"type":"Polygon","coordinates":[[[136.53231320340157,35.9460481150146],[136.5323506697865,35.94606159423028],[136.5329124274732,35.94582711240686],[136.53233517644748,35.945786592132634],[136.53231320340157,35.9460481150146]]]}},{"type":"Feature","properties":{"pid":"f91d1c63-e912-4f68-af64-651d34e975ab"},"geometry":{"type":"Polygon","coordinates":[[[136.53254425359694,35.946220801099614],[136.5332670693859,35.946266552255054],[136.53330417520738,35.94590164929768],[136.53254425359694,35.946220801099614]]]}},{"type":"Feature","properties":{"pid":"dd82b84e-577e-4bce-8ee1-3954c0447c3c"},"geometry":{"type":"Polygon","coordinates":[[[136.5322446952585,35.9464767567347],[136.53324093649064,35.946531688806196],[136.53325648481572,35.946373501259586],[136.53233440411728,35.946305114231116],[136.53225619319235,35.946335894213554],[136.5322446952585,35.9464767567347]]]}},{"type":"Feature","properties":{"pid":"b593d43a-253d-45da-980b-19685753a052"},"geometry":{"type":"Polygon","coordinates":[[[136.53222481180796,35.94674305886231],[136.53320956434922,35.946809911634254],[136.5332276591815,35.94663499516817],[136.5322401963813,35.94657427147798],[136.53222481180796,35.94674305886231]]]}},{"type":"Feature","properties":{"pid":"21b2c51a-15cb-41b1-bb89-c3b98a785fab"},"geometry":{"type":"Polygon","coordinates":[[[136.53217441375682,35.94714600014614],[136.53316968972433,35.9472038600109],[136.5331869530034,35.94698709933448],[136.53219727932893,35.94692832295989],[136.53217441375682,35.94714600014614]]]}},{"type":"Feature","properties":{"pid":"73c06783-36be-401b-b132-d52c374b7465"},"geometry":{"type":"Polygon","coordinates":[[[136.53107687511766,35.946509923286975],[136.53154634234778,35.94635583815304],[136.53169449260884,35.946287082999405],[136.53110739124136,35.94624735780081],[136.53107687511766,35.946509923286975]]]}},{"type":"Feature","properties":{"pid":"10ac9c7d-30a7-44dd-98f2-c8cf02d46f96"},"geometry":{"type":"Polygon","coordinates":[[[136.53137256697806,35.94669833020152],[136.53204427408775,35.94673654346856],[136.53207399006186,35.946413667625166],[136.53137256697806,35.94669833020152]]]}},{"type":"Feature","properties":{"pid":"61ad5d18-613c-419b-95a4-95c19d8dff79"},"geometry":{"type":"Polygon","coordinates":[[[136.53101669959335,35.947043993592075],[136.5310458032449,35.94707644940459],[136.5320088794511,35.94712996878373],[136.53202827892946,35.94690916825382],[136.53104927331702,35.94684755204667],[136.53102869552615,35.946868836583015],[136.53101669959335,35.947043993592075]]]}},{"type":"Feature","properties":{"pid":"723d58ac-63e6-4eb1-b119-f359d40e1bdf"},"geometry":{"type":"Polygon","coordinates":[[[136.5301690320921,35.94717033133429],[136.5307847844703,35.947214838331334],[136.5308204282725,35.94693404751275],[136.53033092578457,35.94711716827583],[136.53028370923798,35.94711679795961],[136.5301690320921,35.94717033133429]]]}},{"type":"Feature","properties":{"pid":"25e0c086-06bb-407d-a4d8-e7384fe76ad7"},"geometry":{"type":"Polygon","coordinates":[[[136.53111425505918,35.946122181023874],[136.53113355985943,35.946141146189156],[136.5319048565115,35.94618457489813],[136.53211328624639,35.94609112291376],[136.53212473895175,35.94603516983938],[136.53113060357666,35.94597539918307],[136.53111425505918,35.946122181023874]]]}},{"type":"Feature","properties":{"pid":"67c6ee20-9d7d-46b5-b3d9-91c9b6a603f7"},"geometry":{"type":"Polygon","coordinates":[[[136.53114419314875,35.945862833760245],[136.532136711845,35.94592910156498],[136.53214947988124,35.945770801039075],[136.5311629969771,35.94571448439819],[136.53114419314875,35.945862833760245]]]}},{"type":"Feature","properties":{"pid":"0334e86c-ac75-42d7-89de-d31475393c21"},"geometry":{"type":"Polygon","coordinates":[[[136.53117398963695,35.945607416961],[136.53217194576737,35.94566351741762],[136.532183940982,35.94549787064516],[136.53118813374923,35.94543918161487],[136.53117398963695,35.945607416961]]]}},{"type":"Feature","properties":{"pid":"d8555797-e280-42d3-b1e4-b605a53d69fc"},"geometry":{"type":"Polygon","coordinates":[[[136.52995066015643,35.9457920035566],[136.53094833474216,35.9458576369828],[136.53096773217618,35.94583969222157],[136.5309800522221,35.945695914977996],[136.52996521015336,35.94563921440902],[136.52995066015643,35.9457920035566]]]}},{"type":"Feature","properties":{"pid":"022d44ae-6537-44cb-86af-1275b6e9cc78"},"geometry":{"type":"Polygon","coordinates":[[[136.5299783746748,35.94553763850846],[136.53095966996892,35.9455951581828],[136.53097544588994,35.94558292203287],[136.53098716256622,35.94542631295383],[136.5299966065437,35.94536323394439],[136.5299783746748,35.94553763850846]]]}},{"type":"Feature","properties":{"pid":"5f5b1986-e99b-4928-b81c-0019fc6b4a05"},"geometry":{"type":"Polygon","coordinates":[[[136.5299429406528,35.94590311199891],[136.52992893684953,35.946065982267314],[136.53090388494405,35.946128646310974],[136.53091970771393,35.94611370026085],[136.5309278572234,35.94596402145381],[136.5299429406528,35.94590311199891]]]}},{"type":"Feature","properties":{"pid":"0c42c202-7901-4eeb-bb51-718dde9348aa"},"geometry":{"type":"Polygon","coordinates":[[[136.52991738116225,35.94617497992134],[136.52990508672414,35.94632902478138],[136.53088362699938,35.946390880344815],[136.53090774604073,35.94637329019826],[136.53091959779022,35.94624024889775],[136.52991738116225,35.94617497992134]]]}},{"type":"Feature","properties":{"pid":"6bcc8fe5-fb60-42e2-ad60-bee5970204eb"},"geometry":{"type":"Polygon","coordinates":[[[136.5287290542042,35.946259900279514],[136.52972800404697,35.94632038858207],[136.52974364107723,35.94616052272125],[136.52874444457075,35.94610287127126],[136.5287290542042,35.946259900279514]]]}},{"type":"Feature","properties":{"pid":"10ff408c-ae31-4af3-8530-752b65142b7c"},"geometry":{"type":"Polygon","coordinates":[[[136.52876508719635,35.94597946300193],[136.5287795726269,35.945993966656836],[136.5297561204272,35.946051833434375],[136.52976412899253,35.94589468628567],[136.5287789759566,35.94583618404037],[136.52876508719635,35.94597946300193]]]}},{"type":"Feature","properties":{"pid":"a1837b1c-9654-41e3-a11f-2718c94107fa"},"geometry":{"type":"Polygon","coordinates":[[[136.52878884678952,35.94572485186067],[136.5297815986337,35.94578346514121],[136.52980314826502,35.94561931797609],[136.52880384931748,35.94555857051831],[136.52878884678952,35.94572485186067]]]}},{"type":"Feature","properties":{"pid":"ea3a39d0-e90a-44a2-98f7-fe7ca6a0c5e8"},"geometry":{"type":"Polygon","coordinates":[[[136.5275751527314,35.9456513179436],[136.52852995650406,35.94570987222998],[136.52858226768362,35.945676458374166],[136.52859385081362,35.94555629119695],[136.52758895618766,35.945487357725035],[136.5275751527314,35.9456513179436]]]}},{"type":"Feature","properties":{"pid":"46737807-edde-468a-9738-9ce295ab7bc8"},"geometry":{"type":"Polygon","coordinates":[[[136.52754954454707,35.945914927517514],[136.52851556378494,35.945977478903025],[136.5285407254523,35.94595831978579],[136.52855689245706,35.945828725808376],[136.52756438263782,35.945762614980445],[136.52754954454707,35.945914927517514]]]}},{"type":"Feature","properties":{"pid":"d819cb07-5a1a-423f-bc3d-25a1c6be2fa9"},"geometry":{"type":"Polygon","coordinates":[[[136.52752572785678,35.946190999889815],[136.52850607771066,35.94625218026851],[136.52852106954725,35.94624120271285],[136.52853545783987,35.94608740776288],[136.52753679487344,35.94601791224159],[136.52752572785678,35.946190999889815]]]}},{"type":"Feature","properties":{"pid":"ed4c79db-d121-40db-bd17-7202aefd0ad7"},"geometry":{"type":"Polygon","coordinates":[[[136.52750361304018,35.94645924471049],[136.52847276633207,35.946518262683576],[136.52848732422916,35.946508015485286],[136.52849938358654,35.94635940313975],[136.52751874491227,35.94629421979165],[136.52750361304018,35.94645924471049]]]}},{"type":"Feature","properties":{"pid":"72f2ef0e-0770-4c06-ab64-efe160316a9b"},"geometry":{"type":"Polygon","coordinates":[[[136.52747991760077,35.9466850339883],[136.52846991540167,35.94674710088566],[136.52847834914687,35.946643905858686],[136.52749297688325,35.94657493783061],[136.52747991760077,35.9466850339883]]]}},{"type":"Feature","properties":{"pid":"50bf29ca-d29b-417b-8a40-cf7a5cd6a0d0"},"geometry":{"type":"Polygon","coordinates":[[[136.52865610954154,35.947196109154554],[136.5294538781756,35.947251943913244],[136.52964748974296,35.94715372795752],[136.52966130659675,35.94704237758582],[136.52914008233583,35.94706439486745],[136.52866419884967,35.94704113780487],[136.52865610954154,35.947196109154554]]]}},{"type":"Feature","properties":{"pid":"c188a2d8-b861-4e9f-8a76-72a51067b8c7"},"geometry":{"type":"Polygon","coordinates":[[[136.52869321989158,35.9467628061755],[136.52933575489482,35.94678462091199],[136.5297038191039,35.94675738013932],[136.52970412490768,35.946691011711806],[136.52869793465123,35.94663446268439],[136.52869321989158,35.9467628061755]]]}},{"type":"Feature","properties":{"pid":"fbed9fdb-8af2-4dda-bc74-69bfb019e2e0"},"geometry":{"type":"Polygon","coordinates":[[[136.52870791667905,35.9465343207879],[136.52971604889566,35.94658933397727],[136.52972277327015,35.94643570771427],[136.52872947540337,35.94637444755121],[136.52870791667905,35.9465343207879]]]}},{"type":"Feature","properties":{"pid":"6377f2f2-4bbf-495f-a99f-97278f169828"},"geometry":{"type":"Polygon","coordinates":[[[136.52986914464137,35.946743481632154],[136.53036965962957,35.94667264933591],[136.5308625416814,35.94656532382387],[136.53086644306546,35.946502917744255],[136.52989286707944,35.94644420909492],[136.52986914464137,35.946743481632154]]]}},{"type":"Feature","properties":{"pid":"2a0745c1-8d85-46d1-99f5-f14565f7fb93"},"geometry":{"type":"Polygon","coordinates":[[[136.52982739382475,35.94703085033316],[136.52982724989943,35.94711330297658],[136.5300813640182,35.94700936932094],[136.53007248663056,35.947003048755604],[136.52982739382475,35.94703085033316]]]}},{"type":"Feature","properties":{"pid":"aa212c53-7a81-431b-a8bf-5d8cd1b22751"},"geometry":{"type":"Polygon","coordinates":[[[136.5297883386557,35.947475298688246],[136.5307467779911,35.94753262090142],[136.53076182866684,35.947329086819764],[136.52995668419308,35.947271746413],[136.52981069792696,35.94733519777038],[136.5297883386557,35.947475298688246]]]}},{"type":"Feature","properties":{"pid":"feae8c7b-48ab-45ec-b628-0bc905e7a82f"},"geometry":{"type":"Polygon","coordinates":[[[136.5297759078662,35.94758513223412],[136.5297658898057,35.947748598041755],[136.5307220664301,35.94779450515976],[136.53074125374408,35.94766082102488],[136.53069185721048,35.94763642847375],[136.5297759078662,35.94758513223412]]]}},{"type":"Feature","properties":{"pid":"85e853e3-c164-4224-9cdb-62e5e11404ba"},"geometry":{"type":"Polygon","coordinates":[[[136.52961884365035,35.9481060485853],[136.53002239822172,35.94811653264827],[136.53004975098602,35.947903115975265],[136.5296831412186,35.947885129603605],[136.52960346801385,35.9479755938329],[136.52959780113014,35.948042199046576],[136.52961884365035,35.9481060485853]]]}},{"type":"Feature","properties":{"pid":"8a229265-6678-45fb-af0e-5ca1a52ff05e"},"geometry":{"type":"Polygon","coordinates":[[[136.52923696698812,35.94827579337516],[136.52938359772955,35.948245943532],[136.52945430714524,35.94815442082922],[136.52944253997464,35.94802978800374],[136.52946262373928,35.94797470739088],[136.5293193639988,35.947830527927],[136.52905553483765,35.947954713543666],[136.52923696698812,35.94827579337516]]]}},{"type":"Feature","properties":{"pid":"c6d366ba-3687-4afe-ad64-3246fad470b8"},"geometry":{"type":"Polygon","coordinates":[[[136.52926638696837,35.94754120921068],[136.52941086204186,35.94774040352165],[136.52953554388165,35.947867924680985],[136.52958685784225,35.94780542343056],[136.529627369007,35.947394707249224],[136.52926638696837,35.94754120921068]]]}},{"type":"Feature","properties":{"pid":"84f8f2d2-492d-482d-bf7f-8f36f3a51968"},"geometry":{"type":"Polygon","coordinates":[[[136.528038719098,35.947440161622296],[136.52841334126234,35.94745403178461],[136.52842629986608,35.947287277872896],[136.52805301925883,35.94726395769893],[136.528038719098,35.947440161622296]]]}},{"type":"Feature","properties":{"pid":"4017d823-f077-4109-b72e-a7131779b312"},"geometry":{"type":"Polygon","coordinates":[[[136.52803709312607,35.94754729075675],[136.52807757477942,35.94784921245558],[136.52813891237233,35.94782343514708],[136.5281320638564,35.94765753402052],[136.52816137558366,35.947628013736065],[136.5282353313846,35.947620413422435],[136.52823060472878,35.947555793178495],[136.52803709312607,35.94754729075675]]]}},{"type":"Feature","properties":{"pid":"1b91e2ca-5df5-4798-afc8-dd55e26461f1"},"geometry":{"type":"Polygon","coordinates":[[[136.52859298124199,35.947899063748835],[136.52914260984005,35.94762133091001],[136.5291270566463,35.94760061082084],[136.52862835565165,35.947804080091906],[136.52863358776395,35.947842236661074],[136.5285844781298,35.947879490572745],[136.52859298124199,35.947899063748835]]]}},{"type":"Feature","properties":{"pid":"36bed100-c092-42a4-b4c2-2d1231dab2f4"},"geometry":{"type":"Polygon","coordinates":[[[136.52863041414327,35.94800079243756],[136.52875775530816,35.94822439358355],[136.52875388284767,35.94825464807803],[136.52871313178542,35.94829360180019],[136.52878852978017,35.94837470126447],[136.52910622785905,35.94830148822482],[136.52886329091496,35.947881680477884],[136.52863041414327,35.94800079243756]]]}},{"type":"Feature","properties":{"pid":"c1e7da6a-bbb0-46ac-87e4-7ca7fba55554"},"geometry":{"type":"Polygon","coordinates":[[[136.52841195059227,35.94852114748423],[136.5285832903139,35.94851735910486],[136.528723014791,35.94852545795886],[136.52870133674676,35.948456630761996],[136.52862176946257,35.94837296929224],[136.52841195059227,35.94852114748423]]]}},{"type":"Feature","properties":{"pid":"e43a7f0d-42f2-496c-8f58-58b36aada201"},"geometry":{"type":"Polygon","coordinates":[[[136.5280907751031,35.948282410358985],[136.5281373744469,35.94849827062569],[136.5281569636773,35.94827834086028],[136.5280907751031,35.948282410358985]]]}},{"type":"Feature","properties":{"pid":"d7633b3f-08d6-498c-90ac-740dd6d48060"},"geometry":{"type":"Polygon","coordinates":[[[136.52780061916758,35.94825401716765],[136.52786647790998,35.94856397990916],[136.52802205934552,35.94854430526714],[136.52794119310778,35.948200971958094],[136.52780061916758,35.94825401716765]]]}},{"type":"Feature","properties":{"pid":"24db749a-ea92-4f97-a5d2-2b69a5eb663f"},"geometry":{"type":"Polygon","coordinates":[[[136.52783955041195,35.948752426618874],[136.52786935412828,35.94884718199875],[136.52796421952252,35.94882503628109],[136.5279350452838,35.948731022586756],[136.52783955041195,35.948752426618874]]]}},{"type":"Feature","properties":{"pid":"4a50e036-ae46-4ec9-8fb3-64f442f8d97d"},"geometry":{"type":"Polygon","coordinates":[[[136.52933459802495,35.94891044457456],[136.5294645971648,35.94893042341335],[136.52947988684667,35.94882713257001],[136.52938991836598,35.94880800768065],[136.52936826017617,35.94882115855695],[136.52933459802495,35.94891044457456]]]}},{"type":"Feature","properties":{"pid":"3ea2fe38-5c4a-4d8a-ae75-d40947ddeb95"},"geometry":{"type":"Polygon","coordinates":[[[136.53015780779972,35.94876464531157],[136.53063111996047,35.948796534927126],[136.53069134658477,35.948276188950516],[136.53019490366594,35.948242897608935],[136.53015780779972,35.94876464531157]]]}},{"type":"Feature","properties":{"pid":"01fea772-6657-4716-955e-a11c54952544"},"geometry":{"type":"Polygon","coordinates":[[[136.52989305166727,35.94874871014293],[136.5299764687765,35.94875499989361],[136.52999583674645,35.94848782020862],[136.52991276569492,35.94848155788438],[136.52989305166727,35.94874871014293]]]}},{"type":"Feature","properties":{"pid":"bbd8c421-c32a-477c-ac92-1ae40fdea253"},"geometry":{"type":"Polygon","coordinates":[[[136.53087105440105,35.94872292909501],[136.53185500657472,35.94878045902496],[136.53187184369287,35.948611538596836],[136.53086903935812,35.94855435953162],[136.53085435481017,35.948704988307675],[136.53087105440105,35.94872292909501]]]}},{"type":"Feature","properties":{"pid":"bd7c7ab1-3a06-45db-a937-50e25538423c"},"geometry":{"type":"Polygon","coordinates":[[[136.5309081868476,35.94819564538759],[136.5308883484625,35.948447319395434],[136.53187334751618,35.94850231541719],[136.53188341019074,35.94834896903033],[136.53165652608354,35.948320003817095],[136.53159441421695,35.94823861920248],[136.5309081868476,35.94819564538759]]]}},{"type":"Feature","properties":{"pid":"4d1c481c-c1b7-46b0-8e65-8bac41913860"},"geometry":{"type":"Polygon","coordinates":[[[136.53021918883056,35.94813101718705],[136.53066248869496,35.948158888168564],[136.53067543097086,35.94812997926611],[136.53070593583234,35.948113323226984],[136.53071441818508,35.947948418665995],[136.53052764187538,35.94793514224752],[136.53048838614544,35.94797061484952],[136.53039414151,35.947970777654476],[136.5303424818551,35.94793663365047],[136.53033401611938,35.9478887614283],[136.5302364976296,35.947884313773244],[136.53021918883056,35.94813101718705]]]}},{"type":"Feature","properties":{"pid":"2e5b05b4-f8fc-45c2-8e6f-0e349a769722"},"geometry":{"type":"Polygon","coordinates":[[[136.53099990744366,35.94725590103355],[136.53103600331556,35.947287456646805],[136.53198878647922,35.947343312905964],[136.5319999486344,35.94723484951207],[136.5310038291885,35.9471789184032],[136.53099990744366,35.94725590103355]]]}},{"type":"Feature","properties":{"pid":"9b34df7c-0dce-4096-9030-de941cb8d2c3"},"geometry":{"type":"Polygon","coordinates":[[[136.53095937185282,35.947624349030704],[136.5319341855519,35.947683250617295],[136.5318842078919,35.947635828620975],[136.5318772700189,35.947606391972236],[136.5319819150633,35.94751465304131],[136.5319838924235,35.94745056655382],[136.53101359803173,35.947390327539864],[136.53098106714657,35.94740707551885],[136.53095937185282,35.947624349030704]]]}},{"type":"Feature","properties":{"pid":"821a2a28-d8bc-4b42-829a-242101d327d4"},"geometry":{"type":"Polygon","coordinates":[[[136.5309555829318,35.9477321258607],[136.5309484185246,35.94780097916663],[136.53095943795523,35.947819893572515],[136.53194571785878,35.94788296282868],[136.53195234235542,35.94779209661559],[136.5309555829318,35.9477321258607]]]}},{"type":"Feature","properties":{"pid":"5353657c-f22d-4b45-8b97-0c3f4f80854b"},"geometry":{"type":"Polygon","coordinates":[[[136.53093287540557,35.94792440633262],[136.5309199833883,35.94807955481853],[136.53093370156267,35.94809682445618],[136.5315758605255,35.94813395690252],[136.53157947621472,35.948087890902976],[136.5316259601407,35.948028083126765],[136.53187987141627,35.947989259482384],[136.53093287540557,35.94792440633262]]]}},{"type":"Feature","properties":{"pid":"3dfd0f56-7553-4fec-b941-82ae990d8096"},"geometry":{"type":"Polygon","coordinates":[[[136.53215341129794,35.94745686522936],[136.53215091371257,35.94755173996454],[136.53217667318793,35.94761984125353],[136.53308106479685,35.94767294302083],[136.53313221611955,35.94764621935817],[136.53314382826593,35.94751715676449],[136.53215341129794,35.94745686522936]]]}},{"type":"Feature","properties":{"pid":"e0f1f12d-c9cb-4d32-9e66-aa6a2223a136"},"geometry":{"type":"Polygon","coordinates":[[[136.53215645716932,35.94734927581545],[136.53310174739127,35.94740917541439],[136.5331513907897,35.94737836800488],[136.53315852945454,35.94731094679334],[136.53216561263707,35.94725151473476],[136.53215645716932,35.94734927581545]]]}},{"type":"Feature","properties":{"pid":"9cd46037-d0be-4803-a6e5-29eb72e87d31"},"geometry":{"type":"Polygon","coordinates":[[[136.5321124508481,35.94791735881087],[136.5324903170904,35.947881820089194],[136.53253472895165,35.94788977827057],[136.53258680331086,35.947930238584256],[136.53309452371613,35.947949315291226],[136.53311079076371,35.94778825944029],[136.53213361080776,35.94772739012179],[136.5321124508481,35.94791735881087]]]}},{"type":"Feature","properties":{"pid":"a4a6b38e-c1af-4fd8-ab41-10fad526b914"},"geometry":{"type":"Polygon","coordinates":[[[136.5325757279705,35.94809497944427],[136.53309154030637,35.94812862405288],[136.53309310865055,35.948099986298764],[136.53258112317647,35.94806064918322],[136.5325757279705,35.94809497944427]]]}},{"type":"Feature","properties":{"pid":"28fccbc1-1d51-438a-b564-8ce25fae43be"},"geometry":{"type":"Polygon","coordinates":[[[136.53205995220617,35.94842528247157],[136.5330354610627,35.94848360753144],[136.53305997342648,35.94847074318905],[136.53308309992715,35.94823382191554],[136.5324832788626,35.94818881989468],[136.53207027279177,35.948288143921275],[136.53205995220617,35.94842528247157]]]}},{"type":"Feature","properties":{"pid":"aa4ca0ef-3f7c-443b-a7e7-f9f744a17ade"},"geometry":{"type":"Polygon","coordinates":[[[136.53203902690856,35.948750773908],[136.53202788607703,35.94897056012992],[136.53297653639814,35.94902642000462],[136.532996058861,35.94900755051533],[136.53302171550257,35.94881181128481],[136.53203902690856,35.948750773908]]]}},{"type":"Feature","properties":{"pid":"5f3796f9-42d0-483b-893d-fb510fa0547a"},"geometry":{"type":"Polygon","coordinates":[[[136.53205141547085,35.9486285068791],[136.53303056064257,35.948704415508686],[136.5330444997197,35.948596282443525],[136.532055806501,35.948535363938966],[136.53205141547085,35.9486285068791]]]}},{"type":"Feature","properties":{"pid":"15c19df9-4026-4aa3-8662-603949fab448"},"geometry":{"type":"Polygon","coordinates":[[[136.53318502851377,35.94905057032465],[136.53345159520137,35.949188039517374],[136.53350885639708,35.94905704928623],[136.53358943862,35.94898214253184],[136.53322049929156,35.94874247048939],[136.53318502851377,35.94905057032465]]]}},{"type":"Feature","properties":{"pid":"0614aa2f-f78b-4075-9019-8c94f18fb48b"},"geometry":{"type":"Polygon","coordinates":[[[136.53323516786006,35.94862051478349],[136.5336798911784,35.948908066674456],[136.53386349753012,35.94874628200157],[136.53359095330947,35.94853359810019],[136.53356775872402,35.9484984301801],[136.5332614737235,35.94835645012415],[136.53323516786006,35.94862051478349]]]}},{"type":"Feature","properties":{"pid":"d4c6af7a-e381-4a84-a911-bea5dc054300"},"geometry":{"type":"Polygon","coordinates":[[[136.53327497533223,35.948245032915636],[136.53360758411682,35.94839369513828],[136.53373510352608,35.94824839354364],[136.5336378256793,35.94818458229019],[136.53363622230887,35.94813380758406],[136.53327981600577,35.94811649790115],[136.53327497533223,35.948245032915636]]]}},{"type":"Feature","properties":{"pid":"75946cac-dbc6-4146-9521-d06f1f84d047"},"geometry":{"type":"Polygon","coordinates":[[[136.53393113574708,35.94863154583249],[136.5339672298016,35.94867085664173],[136.5341477289093,35.94855410639572],[136.53411707672592,35.94851366011969],[136.53393113574708,35.94863154583249]]]}},{"type":"Feature","properties":{"pid":"5355918a-2a17-4e68-a907-78d44d8df440"},"geometry":{"type":"Polygon","coordinates":[[[136.53375796634876,35.94901525907271],[136.5338798214981,35.9490361800664],[136.53390177959255,35.948964316534],[136.53389508199982,35.948895344879624],[136.53375796634876,35.94901525907271]]]}},{"type":"Feature","properties":{"pid":"57bdc505-3c94-4a14-8476-f76cfa1284a8"},"geometry":{"type":"Polygon","coordinates":[[[136.53450330635974,35.948599565783056],[136.53462575845631,35.9486400550398],[136.53473020323517,35.94848011000653],[136.53471824567538,35.94846241582322],[136.53450330635974,35.948599565783056]]]}},{"type":"Feature","properties":{"pid":"ad7b8bf9-7cac-4c6e-9ba3-f9056e0744e8"},"geometry":{"type":"Polygon","coordinates":[[[136.53530195704172,35.94820879103816],[136.53542841747688,35.94839571900236],[136.5354443430258,35.9481481201001],[136.53530195704172,35.94820879103816]]]}},{"type":"Feature","properties":{"pid":"5b4042dc-8460-4ea0-a5aa-0e8a16395e9f"},"geometry":{"type":"Polygon","coordinates":[[[136.53470551112005,35.948216568980854],[136.5348119059664,35.94837077177055],[136.53501610588643,35.94818544401161],[136.5352733036765,35.94804707946232],[136.5351012319711,35.948036661366004],[136.53470551112005,35.948216568980854]]]}},{"type":"Feature","properties":{"pid":"52706777-5d49-449c-acf2-5fc27fdbc81b"},"geometry":{"type":"Polygon","coordinates":[[[136.53427420411313,35.94845562683577],[136.53432026713747,35.94851609407618],[136.53438399218152,35.948554651229486],[136.5344372532162,35.94850531402083],[136.53465708739938,35.9483692490371],[136.53459957128354,35.94827906124772],[136.53427420411313,35.94845562683577]]]}},{"type":"Feature","properties":{"pid":"73c252bf-f92a-4b9d-aed0-5335e5c93ffb"},"geometry":{"type":"Polygon","coordinates":[[[136.53447703766653,35.947879256402736],[136.5344557386595,35.9480902591657],[136.53452113878407,35.94817436731931],[136.53506476284042,35.94792792780063],[136.53534179658632,35.947936011434656],[136.53447703766653,35.947879256402736]]]}},{"type":"Feature","properties":{"pid":"c5302a56-3ba7-4820-9ed7-077d9fa0f726"},"geometry":{"type":"Polygon","coordinates":[[[136.5345069639433,35.947605445260116],[136.53449723676582,35.94776077881159],[136.5354393703313,35.94782246166085],[136.5354758419082,35.947805691449176],[136.53548788120636,35.947666972233556],[136.5345069639433,35.947605445260116]]]}},{"type":"Feature","properties":{"pid":"980213ec-6539-405f-92ed-832a3ad46205"},"geometry":{"type":"Polygon","coordinates":[[[136.53451407019085,35.94749599193464],[136.535466907011,35.9475431659864],[136.53549438429127,35.94752946942673],[136.5355005522478,35.94746501805252],[136.53452437898937,35.94739636440268],[136.53451407019085,35.94749599193464]]]}},{"type":"Feature","properties":{"pid":"787340bb-8947-4428-a0b7-e493bdb4a6c3"},"geometry":{"type":"Polygon","coordinates":[[[136.53453237038224,35.947292095538145],[136.5354866057657,35.94735904145483],[136.5355291006418,35.94732437737414],[136.5355480797637,35.947108251876145],[136.53455536894506,35.947043985343996],[136.53453237038224,35.947292095538145]]]}},{"type":"Feature","properties":{"pid":"6a4d5528-69fe-482c-af9a-e88e4490c3a2"},"geometry":{"type":"Polygon","coordinates":[[[136.53334509326248,35.947432876774755],[136.53434022793593,35.94748768962089],[136.53434950897275,35.9473863851999],[136.53336197731255,35.94732452211879],[136.53334509326248,35.947432876774755]]]}},{"type":"Feature","properties":{"pid":"8a7ab826-a7ff-4c29-b2bf-1fb766e2a6ab"},"geometry":{"type":"Polygon","coordinates":[[[136.53329295506958,35.94796510385682],[136.53330695214208,35.94797828097773],[136.53393651696265,35.94800403644776],[136.53407403633082,35.94802274736699],[136.53411335694966,35.94804553747968],[136.53411757371936,35.948080799292775],[136.53427541249337,35.94803586105295],[136.534294844319,35.94786073453598],[136.53330758827485,35.947807960206966],[136.53329295506958,35.94796510385682]]]}},{"type":"Feature","properties":{"pid":"abca5504-3bc0-48b5-a6e3-1cd2967e07b0"},"geometry":{"type":"Polygon","coordinates":[[[136.533315532941,35.94767714697695],[136.5333302317102,35.94769279059041],[136.53430830440647,35.94774860169838],[136.5343269956138,35.94758346744491],[136.53332793047394,35.94753182995643],[136.533315532941,35.94767714697695]]]}},{"type":"Feature","properties":{"pid":"93d25b99-a537-4a2d-aeb9-c9c649717e2e"},"geometry":{"type":"Polygon","coordinates":[[[136.53336783954265,35.947210578530104],[136.5343680824177,35.94728033183595],[136.53438410198893,35.94705670886342],[136.53339231880634,35.947001763845904],[136.53336783954265,35.947210578530104]]]}},{"type":"Feature","properties":{"pid":"f7e7f9db-ce84-40f7-a1c4-bc9dc02346c5"},"geometry":{"type":"Polygon","coordinates":[[[136.53340831004928,35.9468116838996],[136.53342053755296,35.94682272788246],[136.5343863523883,35.94688293768455],[136.53440845881795,35.94671267009436],[136.53341362633603,35.94665818822011],[136.53340831004928,35.9468116838996]]]}},{"type":"Feature","properties":{"pid":"c24713c4-ae8c-40e3-aab2-3ec4d19d30a9"},"geometry":{"type":"Polygon","coordinates":[[[136.53342390025304,35.946546252130325],[136.53442001562098,35.946611176108625],[136.53443519760162,35.946449005652006],[136.53343684535375,35.946385734835054],[136.53342390025304,35.946546252130325]]]}},{"type":"Feature","properties":{"pid":"a08da2cc-e8b6-4de8-b896-03a15327d7ff"},"geometry":{"type":"Polygon","coordinates":[[[136.53370425123384,35.94574734098142],[136.5344914079902,35.94579447112776],[136.53452747887474,35.94540522488496],[136.53370425123384,35.94574734098142]]]}},{"type":"Feature","properties":{"pid":"f37f29aa-7e64-463f-9119-b37236aac72b"},"geometry":{"type":"Polygon","coordinates":[[[136.5334805318164,35.94600871685552],[136.5344683968556,35.9460718474768],[136.53447164530013,35.94602873873035],[136.5334841205618,35.94597442511974],[136.5334805318164,35.94600871685552]]]}},{"type":"Feature","properties":{"pid":"98d1ad03-32a6-4a73-899d-ace231d6c153"},"geometry":{"type":"Polygon","coordinates":[[[136.53349567010133,35.94586405719701],[136.53447962314962,35.94592286862307],[136.5344808658451,35.94590637759053],[136.5334969339688,35.94585197947565],[136.53349567010133,35.94586405719701]]]}},{"type":"Feature","properties":{"pid":"5a0ea548-fe7a-4a74-96a7-47daece78886"},"geometry":{"type":"Polygon","coordinates":[[[136.5334681416178,35.946118808499904],[136.53345488131416,35.946281759632384],[136.533656004901,35.94629455180998],[136.53375969444278,35.94625176032414],[136.53379349182487,35.946263161273286],[136.53383201589043,35.94630318786669],[136.5344442991266,35.94634461006362],[136.53445803130606,35.946180461471876],[136.5334681416178,35.946118808499904]]]}},{"type":"Feature","properties":{"pid":"c69d2a68-2a44-4769-b12f-1a6ee39c4717"},"geometry":{"type":"Polygon","coordinates":[[[136.53469626433346,35.94553645783843],[136.53468145179968,35.945719440349464],[136.5356422767365,35.94578213514073],[136.53567629181603,35.9457658117455],[136.53568528550457,35.945599446173524],[136.53469626433346,35.94553645783843]]]}},{"type":"Feature","properties":{"pid":"90173bfe-e984-4b31-82cf-5b8c8dfe32f3"},"geometry":{"type":"Polygon","coordinates":[[[136.5346500860751,35.94607240298477],[136.5356066363029,35.946129034268274],[136.53564131781783,35.94610895814044],[136.5356557181488,35.94589565983189],[136.53466589512533,35.94582939603133],[136.5346500860751,35.94607240298477]]]}},{"type":"Feature","properties":{"pid":"778a80c7-93ec-473a-b44e-de6701473f72"},"geometry":{"type":"Polygon","coordinates":[[[136.53461575882415,35.94634840125106],[136.53556589216217,35.94640093712477],[136.53561203997563,35.94637343609652],[136.5356260677753,35.94624627652052],[136.53463144623848,35.94618620666422],[136.53461575882415,35.94634840125106]]]}},{"type":"Feature","properties":{"pid":"056278fe-e4a2-4bef-adbe-21aaf584cdd1"},"geometry":{"type":"Polygon","coordinates":[[[136.53459304682656,35.94661731888328],[136.5355537725131,35.94666415705286],[136.5355831272578,35.94664475778954],[136.53559251075882,35.94651751784519],[136.534610066547,35.94645437146542],[136.53459304682656,35.94661731888328]]]}},{"type":"Feature","properties":{"pid":"a5c0ba68-e596-4e51-9604-e0215b6aaf5e"},"geometry":{"type":"Polygon","coordinates":[[[136.5345655746189,35.946896505494884],[136.53555667703733,35.94695591632546],[136.53556998359562,35.946783573630505],[136.5345826903537,35.94672649391124],[136.5345655746189,35.946896505494884]]]}},{"type":"Feature","properties":{"pid":"6fa4519f-8bfa-4415-9674-f7d2db155b94"},"geometry":{"type":"Polygon","coordinates":[[[136.5357305757813,35.947128797040314],[136.5357251108668,35.947184773993456],[136.53671931971218,35.94724830075677],[136.53672551024593,35.94719387901936],[136.5357305757813,35.947128797040314]]]}},{"type":"Feature","properties":{"pid":"121c9ac5-8d95-412c-8acb-d38f48a9f50f"},"geometry":{"type":"Polygon","coordinates":[[[136.53577078777158,35.946792598047416],[136.53575393922134,35.94696468441044],[136.5357637396362,35.946975290030274],[136.53673522473082,35.94702805996309],[136.53675432506276,35.94685840056953],[136.53577078777158,35.946792598047416]]]}},{"type":"Feature","properties":{"pid":"66f1cbdf-ff58-4f59-a1df-5a99dee475c3"},"geometry":{"type":"Polygon","coordinates":[[[136.5357837030639,35.94668152294838],[136.53675897687162,35.94674340382019],[136.53678130886306,35.9465390866597],[136.5357990928973,35.9464787448035],[136.5357837030639,35.94668152294838]]]}},{"type":"Feature","properties":{"pid":"66f37a61-b926-463c-b6d8-3a1cefcf095f"},"geometry":{"type":"Polygon","coordinates":[[[136.53585490936976,35.94579540774259],[136.53685077853112,35.945854371608064],[136.53686583028838,35.94566865714864],[136.5358714680063,35.94560922720653],[136.53585490936976,35.94579540774259]]]}},{"type":"Feature","properties":{"pid":"0d68c2ab-d548-46ce-a7da-782d1f1dada6"},"geometry":{"type":"Polygon","coordinates":[[[136.53589254563255,35.9453609388392],[136.53588226340193,35.945479716854315],[136.53589891873506,35.945502279246156],[136.53687818313745,35.9455568864648],[136.5368886691312,35.94542385661184],[136.53589254563255,35.9453609388392]]]}},{"type":"Feature","properties":{"pid":"2eef067c-972a-47d6-bba1-c9a79bfbdb3e"},"geometry":{"type":"Polygon","coordinates":[[[136.53582896202775,35.9460451815079],[136.536823972031,35.946117523954854],[136.5368396126007,35.94596233394706],[136.5358459176232,35.945902750154794],[136.53582896202775,35.9460451815079]]]}},{"type":"Feature","properties":{"pid":"3f2b9f64-287e-4579-9cf5-8aa80934b720"},"geometry":{"type":"Polygon","coordinates":[[[136.53580855430624,35.94637279220538],[136.53680049066253,35.94642658156431],[136.53681597247828,35.946229078349056],[136.53582105982818,35.946170141068365],[136.53580855430624,35.94637279220538]]]}},{"type":"Feature","properties":{"pid":"6d166140-5df2-4614-8c76-9e5ae8190bde"},"geometry":{"type":"Polygon","coordinates":[[[136.5370485181549,35.94578902382502],[136.53802579009337,35.94584709263056],[136.53803370887252,35.94568891203357],[136.537059689608,35.94563453704257],[136.5370485181549,35.94578902382502]]]}},{"type":"Feature","properties":{"pid":"c65abaaf-2c68-4845-9f92-d13a7d1d4240"},"geometry":{"type":"Polygon","coordinates":[[[136.5370687212653,35.94552233818015],[136.5380194891743,35.94558031825837],[136.53805141061662,35.94557202698712],[136.53807291812637,35.94534992837374],[136.53708972120762,35.945284241596994],[136.5370687212653,35.94552233818015]]]}},{"type":"Feature","properties":{"pid":"c8c5dea6-5de2-47cc-80eb-b1c56437de95"},"geometry":{"type":"Polygon","coordinates":[[[136.53702034655186,35.94606675187303],[136.53799675006266,35.9461238824738],[136.5380150528997,35.94595685106344],[136.5370388357905,35.945897776973005],[136.53702034655186,35.94606675187303]]]}},{"type":"Feature","properties":{"pid":"6c78c95a-1383-4521-9f60-665bd87fddb7"},"geometry":{"type":"Polygon","coordinates":[[[136.53698747280885,35.94636849215881],[136.53797457551696,35.94642147275528],[136.53799075955135,35.946226285960265],[136.53700692833212,35.94617056449643],[136.53698747280885,35.94636849215881]]]}},{"type":"Feature","properties":{"pid":"1563d54c-938d-4dcb-9a0d-b5cca5952cdb"},"geometry":{"type":"Polygon","coordinates":[[[136.5369747881203,35.94646910692187],[136.53696014209794,35.94663420185836],[136.53795003944276,35.946695016062456],[136.53796926914933,35.94652296694152],[136.5369747881203,35.94646910692187]]]}},{"type":"Feature","properties":{"pid":"f25c4986-d119-4eb9-a423-08b7ccba56c7"},"geometry":{"type":"Polygon","coordinates":[[[136.5369226482391,35.94703369259976],[136.53694444147555,35.9470467739649],[136.53788442239022,35.94709948502814],[136.53791099305803,35.947061513621705],[136.5379409512199,35.94679858788508],[136.53694806607695,35.9467347724023],[136.5369226482391,35.94703369259976]]]}},{"type":"Feature","properties":{"pid":"eb460929-301a-4e58-865f-0dcfd063f6ca"},"geometry":{"type":"Polygon","coordinates":[[[136.53685767205943,35.9477421781293],[136.53782258462692,35.94780262188127],[136.53784366018567,35.94778843484721],[136.5378515404854,35.947687416891526],[136.53686564373373,35.94762919231668],[136.53685767205943,35.9477421781293]]]}},{"type":"Feature","properties":{"pid":"a31f0ee2-4ebc-41c9-ac74-959591d0036c"},"geometry":{"type":"Polygon","coordinates":[[[136.53684932141093,35.94784520715223],[136.53684278969283,35.9479747481456],[136.5378081668045,35.94803045025529],[136.53782591442362,35.947908216514094],[136.53684932141093,35.94784520715223]]]}},{"type":"Feature","properties":{"pid":"da9b127b-601c-4b30-9658-5cc8129074ce"},"geometry":{"type":"Polygon","coordinates":[[[136.53687876928709,35.947527748115924],[136.53786248350505,35.9475818504863],[136.53786705482042,35.94753565709514],[136.53688121946232,35.94747991851506],[136.53687876928709,35.947527748115924]]]}},{"type":"Feature","properties":{"pid":"f53eefb7-7cb4-4fc3-9a90-1f016e6d4ecc"},"geometry":{"type":"Polygon","coordinates":[[[136.5368822501694,35.94737120445718],[136.53787554402345,35.94743286149571],[136.53789486988524,35.94726645372643],[136.53689314509154,35.94721216804932],[136.5368822501694,35.94737120445718]]]}},{"type":"Feature","properties":{"pid":"e971607f-e8b8-45f6-b408-52340e5bf339"},"geometry":{"type":"Polygon","coordinates":[[[136.53571030976647,35.94736256348935],[136.53669922742915,35.94742117222021],[136.5367088700573,35.94735608934297],[136.5357190808312,35.947297625376464],[136.53571030976647,35.94736256348935]]]}},{"type":"Feature","properties":{"pid":"f407fe21-67b9-4b7c-9bcd-94ff6f304da6"},"geometry":{"type":"Polygon","coordinates":[[[136.5356962192361,35.947537876592186],[136.53668215532127,35.947606839432304],[136.5366889815722,35.94752844763358],[136.53569913141808,35.94747114643702],[136.5356962192361,35.947537876592186]]]}},{"type":"Feature","properties":{"pid":"70f2924b-f334-451c-8eca-110210ca3236"},"geometry":{"type":"Polygon","coordinates":[[[136.53566290374596,35.94792135276057],[136.53664662533194,35.94799013039477],[136.53667470140272,35.94771373660452],[136.53568836822475,35.947648010884194],[136.53566290374596,35.94792135276057]]]}},{"type":"Feature","properties":{"pid":"adf53f43-3d73-463d-80e9-b3831c83e084"},"geometry":{"type":"Polygon","coordinates":[[[136.5356403196599,35.948125764235705],[136.5366267460516,35.94819060313086],[136.53663430135066,35.948095215969566],[136.53565339696698,35.94803055347928],[136.5356403196599,35.948125764235705]]]}},{"type":"Feature","properties":{"pid":"1011eb02-a4ee-4865-bf5f-65d176b46cf7"},"geometry":{"type":"Polygon","coordinates":[[[136.53562031967735,35.94831411403096],[136.53660340965433,35.94838329284282],[136.53660988923613,35.94829781974587],[136.53562672211214,35.948234455516136],[136.53562031967735,35.94831411403096]]]}},{"type":"Feature","properties":{"pid":"e42b78ab-b718-4b19-b2b0-85d1670976f9"},"geometry":{"type":"Polygon","coordinates":[[[136.53560847412606,35.94843645281458],[136.5355943871627,35.94858999093473],[136.5365833397868,35.948651124182575],[136.53659309885606,35.94849521865072],[136.53560847412606,35.94843645281458]]]}},{"type":"Feature","properties":{"pid":"63c0595b-08b0-481f-b1a0-508ad055543c"},"geometry":{"type":"Polygon","coordinates":[[[136.53558023528618,35.948756300351484],[136.53559318935498,35.94877308414877],[136.53657196557623,35.94883643800728],[136.53657736109994,35.94875878029372],[136.5355851078577,35.94869735447421],[136.53558023528618,35.948756300351484]]]}},{"type":"Feature","properties":{"pid":"1c8ee504-3b7b-436e-80a8-ea6260428cd2"},"geometry":{"type":"Polygon","coordinates":[[[136.53675468685205,35.948902923227465],[136.53771393167222,35.94895975948181],[136.53773378971232,35.94894606580141],[136.53774347039132,35.94883274388285],[136.5367640653894,35.94876574842323],[136.53675468685205,35.948902923227465]]]}},{"type":"Feature","properties":{"pid":"fef379af-ea83-4617-9424-d5f74d27fef0"},"geometry":{"type":"Polygon","coordinates":[[[136.53677455829353,35.94865870915832],[136.53774463528853,35.94872568238166],[136.5377628731708,35.94854979488553],[136.53679237911737,35.948487237620185],[136.53677455829353,35.94865870915832]]]}},{"type":"Feature","properties":{"pid":"d95398e5-d9c9-4f25-9d7c-d9100fd817af"},"geometry":{"type":"Polygon","coordinates":[[[136.5368336629361,35.948077964915875],[136.53682603078542,35.94817068283234],[136.5377840224846,35.94822194663236],[136.53779003083815,35.94813471482878],[136.5368336629361,35.948077964915875]]]}},{"type":"Feature","properties":{"pid":"8e20c9c0-3555-4175-8593-c3adbd4d5d08"},"geometry":{"type":"Polygon","coordinates":[[[136.5368022294953,35.94837682106678],[136.53775932121442,35.94844107800938],[136.53777091047147,35.948432235136515],[136.5377738013858,35.948341771659194],[136.53681056068623,35.94828478392753],[136.5368022294953,35.94837682106678]]]}},{"type":"Feature","properties":{"pid":"329f13c4-7d74-4aff-96e2-3dd587161e95"},"geometry":{"type":"Polygon","coordinates":[[[136.5379765487849,35.948558877688086],[136.5389963861072,35.94860855516711],[136.53899798716182,35.94853882583052],[136.5379854180425,35.9484793925228],[136.5379765487849,35.948558877688086]]]}},{"type":"Feature","properties":{"pid":"af9edceb-e5f2-491b-bbd8-eacdea6887f1"},"geometry":{"type":"Polygon","coordinates":[[[136.537948998589,35.94882943066546],[136.53795947225345,35.948840920804074],[136.53896900114924,35.948903216191525],[136.53898429978528,35.94871895015539],[136.53796588346842,35.948663080962255],[136.537948998589,35.94882943066546]]]}},{"type":"Feature","properties":{"pid":"04c37206-6d33-4d03-a17d-d2a16551b4d4"},"geometry":{"type":"Polygon","coordinates":[[[136.5379937115762,35.948374564858796],[136.5390089421699,35.948435979255294],[136.53903026078297,35.94826471228338],[136.53800612868736,35.94820012058907],[136.5379937115762,35.948374564858796]]]}},{"type":"Feature","properties":{"pid":"7008fd4c-ba88-4e0f-b4e5-f6ee437904b5"},"geometry":{"type":"Polygon","coordinates":[[[136.53803917534,35.94794089123469],[136.53802389717367,35.94809884006295],[136.53903554533488,35.94816029789675],[136.5390465411833,35.9479970233564],[136.53803917534,35.94794089123469]]]}},{"type":"Feature","properties":{"pid":"19f1c500-9b8c-4308-bf45-3971a7ab6598"},"geometry":{"type":"Polygon","coordinates":[[[136.53804565418255,35.94783712106565],[136.53906167844463,35.947895836318025],[136.53906802496644,35.947778144921124],[136.53805418856646,35.947717808731404],[136.53804565418255,35.94783712106565]]]}},{"type":"Feature","properties":{"pid":"dd347840-ffbc-4e15-8710-fa4cb726cab2"},"geometry":{"type":"Polygon","coordinates":[[[136.53808893411252,35.947388228533804],[136.53910008353924,35.94744917794127],[136.5391087822788,35.947341811973175],[136.5381002545268,35.9472826158788],[136.53808893411252,35.947388228533804]]]}},{"type":"Feature","properties":{"pid":"844b2fd3-bb91-4b85-910e-5683ff55efc1"},"geometry":{"type":"Polygon","coordinates":[[[136.53807198050174,35.947590419230714],[136.53809648582484,35.9476101458928],[136.53908040859739,35.94766966614065],[136.53909103261955,35.94755935679228],[136.53808069841986,35.94749724845392],[136.53807198050174,35.947590419230714]]]}},{"type":"Feature","properties":{"pid":"18b98d55-80aa-4b82-8e4c-37ca62d461a7"},"geometry":{"type":"Polygon","coordinates":[[[136.53923502051464,35.94798905127718],[136.54019698034332,35.948050960690736],[136.5402312468545,35.94802287027718],[136.5402437139915,35.947909421643196],[136.5392434291394,35.94784643610779],[136.53923502051464,35.94798905127718]]]}},{"type":"Feature","properties":{"pid":"a8d162a5-711a-4035-a576-8f5efc26c4bc"},"geometry":{"type":"Polygon","coordinates":[[[136.53925394176224,35.94774293426931],[136.5402334551769,35.947803953750025],[136.54024910843393,35.947794301599295],[136.54026072120416,35.947685934242294],[136.53926188433124,35.94762250368924],[136.53925394176224,35.94774293426931]]]}},{"type":"Feature","properties":{"pid":"91537dc0-07dc-41e9-8aa6-e9eab4fa37a9"},"geometry":{"type":"Polygon","coordinates":[[[136.53927483825214,35.94751979955422],[136.5402387771568,35.94758196264012],[136.5402694876118,35.94756673588744],[136.54027928027534,35.94741013721175],[136.53929063989509,35.947351115045976],[136.53927483825214,35.94751979955422]]]}},{"type":"Feature","properties":{"pid":"20dfc801-8ef2-49bb-964c-f3f611c875b9"},"geometry":{"type":"Polygon","coordinates":[[[136.53922347677994,35.94808886497042],[136.5392139555222,35.94823932023027],[136.54016787666308,35.94830031406316],[136.540201059285,35.948275252074964],[136.54020822547275,35.948156318759786],[136.53922347677994,35.94808886497042]]]}},{"type":"Feature","properties":{"pid":"358021c4-bea2-4c40-8084-d65457862104"},"geometry":{"type":"Polygon","coordinates":[[[136.53919075213545,35.94848963189713],[136.54013693104213,35.94854486864504],[136.54016739450887,35.94852519325953],[136.54018307386602,35.948409336353784],[136.53920394074737,35.94834598864659],[136.53919075213545,35.94848963189713]]]}},{"type":"Feature","properties":{"pid":"21e21b8d-d97e-4fb6-a851-32f06562f5de"},"geometry":{"type":"Polygon","coordinates":[[[136.53915758491337,35.948909735752366],[136.54011634144663,35.94896611866607],[136.54015374762875,35.948656329343606],[136.53918563220262,35.94859932533957],[136.53915758491337,35.948909735752366]]]}},{"type":"Feature","properties":{"pid":"704da1ff-07a4-4b6e-b0c6-7a2939dec247"},"geometry":{"type":"Polygon","coordinates":[[[136.54035033476626,35.94879612545389],[136.54059060192463,35.94881580669822],[136.54065963609574,35.948551671436164],[136.5403786610116,35.94854577027881],[136.54035033476626,35.94879612545389]]]}},{"type":"Feature","properties":{"pid":"8889045a-7620-4c1b-9bc0-1da1e5553eeb"},"geometry":{"type":"Polygon","coordinates":[[[136.5403332340651,35.94898092690139],[136.54076281371943,35.949004954224826],[136.5407914010261,35.948969227558],[136.54066140112147,35.94893568613865],[136.54033693301113,35.94891169404459],[136.5403332340651,35.94898092690139]]]}},{"type":"Feature","properties":{"pid":"8f921a06-4341-45cd-9253-9f86c4b28a7f"},"geometry":{"type":"Polygon","coordinates":[[[136.54105668234368,35.94899496203029],[136.54131955757973,35.94900916089482],[136.54131990967426,35.94900065717047],[136.5412068360377,35.94888802888634],[136.54117607842343,35.948830306962435],[136.54105668234368,35.94899496203029]]]}},{"type":"Feature","properties":{"pid":"1212c633-357a-4cfb-9262-e35328fd213c"},"geometry":{"type":"Polygon","coordinates":[[[136.54197560764973,35.94848091343976],[136.54168715051057,35.94861976751903],[136.54163064307042,35.94863895858871],[136.54166110573883,35.948687324485014],[136.54169551451403,35.94868040645988],[136.5419920082232,35.948556570534166],[136.54197560764973,35.94848091343976]]]}},{"type":"Feature","properties":{"pid":"3bd1566a-8203-449e-b0e3-0929b872b883"},"geometry":{"type":"Polygon","coordinates":[[[136.54152433310287,35.94891275272455],[136.5424942273351,35.94897032663421],[136.54250371261583,35.94888327986441],[136.54165839898636,35.94883305892342],[136.54152433310287,35.94891275272455]]]}},{"type":"Feature","properties":{"pid":"729df3bb-4e37-4e2f-b0c2-4093a9db2eab"},"geometry":{"type":"Polygon","coordinates":[[[136.5418424315433,35.948741585641564],[136.5425036844195,35.948778079042576],[136.54251782276071,35.94866684304424],[136.54207402765394,35.94863389694561],[136.5418424315433,35.948741585641564]]]}},{"type":"Feature","properties":{"pid":"c60367a7-6cff-4136-8070-daac488418a1"},"geometry":{"type":"Polygon","coordinates":[[[136.5426811895179,35.94890830479422],[136.5427114835613,35.94893835978959],[136.54366753707447,35.948994679486574],[136.54367813937532,35.948873035034175],[136.542688272261,35.94881744046698],[136.5426811895179,35.94890830479422]]]}},{"type":"Feature","properties":{"pid":"4951e37f-fe9d-424e-8908-768932764934"},"geometry":{"type":"Polygon","coordinates":[[[136.54269762612776,35.948716836389266],[136.54368730260146,35.948768506185644],[136.54368987807914,35.94871488890068],[136.54271019884018,35.948649241171495],[136.54269762612776,35.948716836389266]]]}},{"type":"Feature","properties":{"pid":"85999014-3dc3-4e10-abab-7a15f733f2b0"},"geometry":{"type":"Polygon","coordinates":[[[136.54271255952932,35.94854263279063],[136.54272503494377,35.948554441973705],[136.54370399847596,35.94861298591375],[136.54371164203985,35.94853042400584],[136.542719762771,35.948471408064385],[136.54271255952932,35.94854263279063]]]}},{"type":"Feature","properties":{"pid":"4076e362-dc20-4eb5-94df-d54a470099b2"},"geometry":{"type":"Polygon","coordinates":[[[136.542396571326,35.94830417708798],[136.54268694663259,35.94831805474492],[136.54272075702576,35.94833853884883],[136.54272816488495,35.9483715241275],[136.54372277910494,35.94842562054034],[136.5437286308926,35.94832966227909],[136.54248187950765,35.94824160765009],[136.542396571326,35.94830417708798]]]}},{"type":"Feature","properties":{"pid":"085eb0db-ee18-469c-a07b-547db2f238a5"},"geometry":{"type":"Polygon","coordinates":[[[136.54254464704525,35.94814249015666],[136.54374269913157,35.9482214585106],[136.54375183821236,35.948127976265944],[136.54257847850695,35.948059669986115],[136.54254464704525,35.94814249015666]]]}},{"type":"Feature","properties":{"pid":"92abfeb5-b8f4-414e-8a6b-24d61506effe"},"geometry":{"type":"Polygon","coordinates":[[[136.54211983913854,35.94853320668443],[136.54250980208585,35.94856080881247],[136.5425293284952,35.94855213873011],[136.54254188675267,35.94846725652854],[136.54214368678814,35.948436055596005],[136.54210994314775,35.94844853828767],[136.54211983913854,35.94853320668443]]]}},{"type":"Feature","properties":{"pid":"2258e0b9-2a2b-4a66-9dad-bb96581af7b2"},"geometry":{"type":"Polygon","coordinates":[[[136.54261864843954,35.94795325254978],[136.5437629629576,35.94802530799139],[136.54377470450044,35.94789933696248],[136.54266708798002,35.947829786509196],[136.54261864843954,35.94795325254978]]]}},{"type":"Feature","properties":{"pid":"edf81658-7c50-4ed7-981b-ae9d1b291b92"},"geometry":{"type":"Polygon","coordinates":[[[136.54259255206506,35.9473595867696],[136.54382969968435,35.94742218303132],[136.54384742579913,35.947254922072744],[136.54273821060107,35.94718406944829],[136.54259255206506,35.9473595867696]]]}},{"type":"Feature","properties":{"pid":"2eb73451-05f9-4332-9431-48af37812711"},"geometry":{"type":"Polygon","coordinates":[[[136.54224857423475,35.94769712919257],[136.54231044997454,35.94770358442967],[136.54232900437708,35.947643354256364],[136.54236378058937,35.94762186474509],[136.54254933260614,35.94764254537206],[136.54260317152674,35.947521984146604],[136.5424265960891,35.94751713698284],[136.54224857423475,35.94769712919257]]]}},{"type":"Feature","properties":{"pid":"f54800ae-e949-477e-aeaf-7fa302cc0d92"},"geometry":{"type":"Polygon","coordinates":[[[136.54167225933853,35.94724038580195],[136.54216562180451,35.94725409837723],[136.54226505327512,35.947288151814995],[136.54233937298963,35.94728807744086],[136.54238448555657,35.947237044634846],[136.54167307938982,35.94719878298986],[136.54167225933853,35.94724038580195]]]}},{"type":"Feature","properties":{"pid":"cb328413-c913-43c4-b0a6-5e568b71d478"},"geometry":{"type":"Polygon","coordinates":[[[136.5404129504283,35.94794601393144],[136.5403971215053,35.94812162343323],[136.54137605770694,35.94818615651572],[136.5413976627081,35.94800809387146],[136.5404129504283,35.94794601393144]]]}},{"type":"Feature","properties":{"pid":"6dedf5e8-a754-4034-836a-16fe6930253a"},"geometry":{"type":"Polygon","coordinates":[[[136.54042706341417,35.94784555455942],[136.54141277979636,35.9479094110753],[136.54143096681392,35.94774312203424],[136.54044002886195,35.94768371629835],[136.54042706341417,35.94784555455942]]]}},{"type":"Feature","properties":{"pid":"538df5c0-6e7a-4550-bb22-93897097ab75"},"geometry":{"type":"Polygon","coordinates":[[[136.5404551164536,35.94758085499446],[136.54143501555663,35.94763371662411],[136.54145745909983,35.94743505050064],[136.54122236795288,35.94747339851133],[136.54047157308952,35.9474299205975],[136.5404551164536,35.94758085499446]]]}},{"type":"Feature","properties":{"pid":"47470475-0835-475a-8688-3a6adc4207b8"},"geometry":{"type":"Polygon","coordinates":[[[136.54049045175483,35.947252969649426],[136.5405066546969,35.94726581348246],[136.54116582584086,35.94730482210756],[136.54132080781682,35.94729315873596],[136.54146779490335,35.947256099539665],[136.54148519456078,35.94717099554957],[136.54050480837802,35.94710523286772],[136.54049045175483,35.947252969649426]]]}},{"type":"Feature","properties":{"pid":"743a4447-86ea-4f1b-956a-dee32b7029ef"},"geometry":{"type":"Polygon","coordinates":[[[136.5405295648913,35.946840447970416],[136.54051579383827,35.94699998095292],[136.5415034230225,35.947066421392265],[136.54151599166232,35.94690001365574],[136.5405295648913,35.946840447970416]]]}},{"type":"Feature","properties":{"pid":"632824d3-8c87-452d-8812-010ddbc65700"},"geometry":{"type":"Polygon","coordinates":[[[136.54055938324026,35.94640329768217],[136.5405705412705,35.946422826559775],[136.541553479487,35.94648537139928],[136.54157128354566,35.946291765527846],[136.54057931069303,35.94623546621478],[136.54055938324026,35.94640329768217]]]}},{"type":"Feature","properties":{"pid":"0558a402-d0d5-4b16-b052-89ef9ec3d75b"},"geometry":{"type":"Polygon","coordinates":[[[136.5405565930487,35.94653655363431],[136.54054226597597,35.94673283021926],[136.54153027174186,35.94679825808753],[136.5415464372679,35.9465938154873],[136.5405565930487,35.94653655363431]]]}},{"type":"Feature","properties":{"pid":"a0371c2a-0bc1-4126-bab6-1fe4019ecc6b"},"geometry":{"type":"Polygon","coordinates":[[[136.54167842085133,35.94708663564731],[136.54248634179734,35.94713466420493],[136.54260483265517,35.94700331751559],[136.54169407458298,35.94693914194133],[136.54167842085133,35.94708663564731]]]}},{"type":"Feature","properties":{"pid":"fd206dbd-bcef-46a7-8760-0d5c41088b03"},"geometry":{"type":"Polygon","coordinates":[[[136.54170238512077,35.9468281397363],[136.54268818768074,35.946900562977866],[136.5428345364774,35.946743520458114],[136.54171623992784,35.94666410986909],[136.54170238512077,35.9468281397363]]]}},{"type":"Feature","properties":{"pid":"b1d1abe2-7a36-43e5-8c5f-605ea36a61aa"},"geometry":{"type":"Polygon","coordinates":[[[136.54171895457355,35.9465586720171],[136.54290583495674,35.946642168458744],[136.5429561293563,35.946619425733815],[136.54310571158774,35.9464188448012],[136.54173377305457,35.94632652983557],[136.54171895457355,35.9465586720171]]]}},{"type":"Feature","properties":{"pid":"94728c07-c79b-44c0-a786-0a8988838385"},"geometry":{"type":"Polygon","coordinates":[[[136.54178344317143,35.94595975373411],[136.54275408412468,35.94602173244924],[136.54276952934035,35.946011851601156],[136.54278384762733,35.94586345403711],[136.5417961358451,35.94580128871441],[136.54178344317143,35.94595975373411]]]}},{"type":"Feature","properties":{"pid":"0836a4b7-9e63-4323-8989-06f3aa17f6d0"},"geometry":{"type":"Polygon","coordinates":[[[136.54174580549036,35.94621993400469],[136.54313840698947,35.946320309631574],[136.54319380528202,35.94630109497416],[136.54328002923287,35.94616136808919],[136.54176246858373,35.946060259270055],[136.54174580549036,35.94621993400469]]]}},{"type":"Feature","properties":{"pid":"47a3aed5-02f5-4d90-a6b4-10680d01b9f7"},"geometry":{"type":"Polygon","coordinates":[[[136.54181046211684,35.94569345902779],[136.54278640727802,35.945747150599864],[136.54281581264172,35.94558694692821],[136.54182360775818,35.94552030550978],[136.54181046211684,35.94569345902779]]]}},{"type":"Feature","properties":{"pid":"e3a9980a-69e6-4d64-bef8-07106b01fbab"},"geometry":{"type":"Polygon","coordinates":[[[136.54060314207268,35.94612315024681],[136.54158251688222,35.94618307385093],[136.5415907869834,35.94605434250594],[136.54061036298137,35.94600005356816],[136.54060314207268,35.94612315024681]]]}},{"type":"Feature","properties":{"pid":"e93f0d09-8dab-42ae-9b85-3a030e96ca1a"},"geometry":{"type":"Polygon","coordinates":[[[136.54061977360877,35.94589006242289],[136.54160202551034,35.94594212066316],[136.5416156366977,35.94579891694435],[136.54063133729744,35.94574047755044],[136.54061977360877,35.94589006242289]]]}},{"type":"Feature","properties":{"pid":"9ab426f5-c376-4426-a14d-fdfb5eba22a6"},"geometry":{"type":"Polygon","coordinates":[[[136.54064236320855,35.9456296031434],[136.54162420463598,35.9456917214601],[136.54164161536124,35.94551682324885],[136.54066173918784,35.94546364964051],[136.54064236320855,35.9456296031434]]]}},{"type":"Feature","properties":{"pid":"bf406be7-087e-4bc7-9131-8ead1dcffcd5"},"geometry":{"type":"Polygon","coordinates":[[[136.5394554634646,35.94554951128868],[136.5404027671394,35.94561476549717],[136.54046200270633,35.94559272108346],[136.5404747533881,35.94544827643292],[136.53947400217265,35.94537645767059],[136.5394554634646,35.94554951128868]]]}},{"type":"Feature","properties":{"pid":"6903a2b3-bd9e-44bd-b8d0-cb96b24edc79"},"geometry":{"type":"Polygon","coordinates":[[[136.53944242587522,35.94565955077992],[136.5394286960471,35.94581340039697],[136.54038847800413,35.945881413691524],[136.540432317837,35.94586556728444],[136.5404425626211,35.94572261289209],[136.53944242587522,35.94565955077992]]]}},{"type":"Feature","properties":{"pid":"63526c31-4dd8-4ee3-afa1-fdb4b3be0156"},"geometry":{"type":"Polygon","coordinates":[[[136.5394022559714,35.94609084965848],[136.54037100289443,35.94614938970272],[136.54039416006822,35.94613702493702],[136.54041009117665,35.94598952388129],[136.5394131498428,35.94592548546324],[136.5394022559714,35.94609084965848]]]}},{"type":"Feature","properties":{"pid":"3ff26bb6-2238-4baf-b076-8fbaa2f9925f"},"geometry":{"type":"Polygon","coordinates":[[[136.53937911614491,35.946370253997785],[136.54035811655982,35.94641890794334],[136.5403936988335,35.94640173592072],[136.54040307506108,35.946255152717896],[136.53938918582315,35.94618796106764],[136.53937911614491,35.946370253997785]]]}},{"type":"Feature","properties":{"pid":"5823356c-94b4-4d98-be2c-8a6701236e41"},"geometry":{"type":"Polygon","coordinates":[[[136.5393382408335,35.946902242515286],[136.5403102237876,35.94696142404089],[136.5403309745866,35.94695064186067],[136.54034829960273,35.946798791155246],[136.53934985678777,35.94673727787479],[136.5393382408335,35.946902242515286]]]}},{"type":"Feature","properties":{"pid":"37bdb21a-3414-44d9-aa31-18efa0f5f0d0"},"geometry":{"type":"Polygon","coordinates":[[[136.53932618043098,35.94700878502434],[136.53931465636495,35.94719468658069],[136.54030907639915,35.94725461003982],[136.54032472883836,35.94706497849299],[136.53932618043098,35.94700878502434]]]}},{"type":"Feature","properties":{"pid":"11ddbee5-63d4-4c31-a37c-aba661de24a3"},"geometry":{"type":"Polygon","coordinates":[[[136.53935576709392,35.94663268339522],[136.540326664432,35.946692143753026],[136.54036873198913,35.94666611484746],[136.54038215819182,35.946524042227765],[136.5393708527397,35.94646878758345],[136.53935576709392,35.94663268339522]]]}},{"type":"Feature","properties":{"pid":"e2f801cb-acb3-4483-b5e2-a948f4268e78"},"geometry":{"type":"Polygon","coordinates":[[[136.53813571212848,35.946848275864454],[136.53915238109238,35.946906184256754],[136.53916987230298,35.946744615260975],[136.53814836874753,35.946691218782235],[136.53813571212848,35.946848275864454]]]}},{"type":"Feature","properties":{"pid":"7ca554e3-de9f-4473-8eb7-97cf40e4561e"},"geometry":{"type":"Polygon","coordinates":[[[136.53815814709048,35.9469472493547],[136.5381276924801,35.94696416988784],[136.53811642257213,35.94711389806796],[136.5391185491904,35.94717087636938],[136.53914049571296,35.94700869908513],[136.53815814709048,35.9469472493547]]]}},{"type":"Feature","properties":{"pid":"b0c46330-582c-4571-8057-104eeef2c263"},"geometry":{"type":"Polygon","coordinates":[[[136.53816786303435,35.94656623841738],[136.53818680887346,35.94658323934761],[136.5391748719452,35.94664006775251],[136.53918465173018,35.94648993823123],[136.53817649670225,35.94642590622903],[136.53816786303435,35.94656623841738]]]}},{"type":"Feature","properties":{"pid":"a313af1b-96af-48af-830d-94751ca454f8"},"geometry":{"type":"Polygon","coordinates":[[[136.5382004066193,35.94603561169578],[136.5382356873552,35.94607083484275],[136.5392260739233,35.946128893549826],[136.53923423395725,35.94603941323573],[136.53820296510574,35.945986040922385],[136.5382004066193,35.94603561169578]]]}},{"type":"Feature","properties":{"pid":"2a08d72a-5501-4ade-8747-9e7b9899c876"},"geometry":{"type":"Polygon","coordinates":[[[136.53818453913576,35.94631332067905],[136.53819543188064,35.94632418593463],[136.5391945727196,35.946387285742446],[136.53921156274242,35.946231473754594],[136.53819694823983,35.94617158083783],[136.53818453913576,35.94631332067905]]]}},{"type":"Feature","properties":{"pid":"cf1dba71-c80f-4108-a055-d98fb94508b7"},"geometry":{"type":"Polygon","coordinates":[[[136.53826007005958,35.945536093781016],[136.53927165271432,35.945595808173366],[136.53928336130815,35.94535729419333],[136.53827803804634,35.945294380993424],[136.53826007005958,35.945536093781016]]]}},{"type":"Feature","properties":{"pid":"1c34a6f1-5a98-40d9-a7f4-8f235d89b56f"},"geometry":{"type":"Polygon","coordinates":[[[136.53822215698588,35.94588066115973],[136.53924174548237,35.94594109821733],[136.53926148218292,35.94570638426381],[136.53826360486025,35.945656601802234],[136.53824419622424,35.94567069140374],[136.53822215698588,35.94588066115973]]]}},{"type":"Feature","properties":{"pid":"c71cfc61-bb7c-40db-82e9-dd5bcd328d20"},"geometry":{"type":"Polygon","coordinates":[[[136.53830721826023,35.94493015105699],[136.5393237103078,35.94499571704634],[136.53934318264336,35.94483333234155],[136.5383485108818,35.944768153058824],[136.53831978587758,35.94479067346084],[136.53830721826023,35.94493015105699]]]}},{"type":"Feature","properties":{"pid":"de7711bb-1b7f-4539-8ad3-c01e05a75228"},"geometry":{"type":"Polygon","coordinates":[[[136.5382912744603,35.945163571374565],[136.53830784748232,35.945186435570875],[136.53929117035466,35.94524638877656],[136.53931037713062,35.94509260394948],[136.5383027036305,35.94503095180924],[136.5382912744603,35.945163571374565]]]}},{"type":"Feature","properties":{"pid":"32e35c15-b10b-4ab7-a3b0-a4934307a5cb"},"geometry":{"type":"Polygon","coordinates":[[[136.53949570217827,35.94511741342186],[136.5394898264866,35.94525695619041],[136.5404589210278,35.94532046076065],[136.54047942276114,35.94531056859666],[136.54048971245967,35.94518272268987],[136.53949570217827,35.94511741342186]]]}},{"type":"Feature","properties":{"pid":"cddf8a41-16b5-4efa-9b39-ba446117d547"},"geometry":{"type":"Polygon","coordinates":[[[136.5395379732288,35.94470411873331],[136.54053069510056,35.944753377437785],[136.54054356083037,35.94458394125077],[136.53955733327624,35.94452320543096],[136.5395379732288,35.94470411873331]]]}},{"type":"Feature","properties":{"pid":"38efd406-f504-4dc9-a1bd-6c1d8131e991"},"geometry":{"type":"Polygon","coordinates":[[[136.53950409155306,35.94501758217826],[136.54049746901316,35.945074551019125],[136.54051558588145,35.944906535391766],[136.5395243688579,35.94484910262849],[136.53950409155306,35.94501758217826]]]}},{"type":"Feature","properties":{"pid":"b6eae6c0-5109-4f01-a524-5d6b870ec110"},"geometry":{"type":"Polygon","coordinates":[[[136.53956974172553,35.944413774931654],[136.5405229629097,35.94447109429163],[136.54055289196188,35.94445848827492],[136.54057164895863,35.94431477284246],[136.53957464829878,35.944260595444696],[136.53956974172553,35.944413774931654]]]}},{"type":"Feature","properties":{"pid":"c88b2182-4078-495b-b799-6a03b019301f"},"geometry":{"type":"Polygon","coordinates":[[[136.5395850538226,35.94415637572261],[136.54056338931946,35.944205052293164],[136.54058549019084,35.944186046492426],[136.54060519036713,35.94404658535894],[136.53960200666643,35.943987870137704],[136.5395850538226,35.94415637572261]]]}},{"type":"Feature","properties":{"pid":"6e3a292e-9cef-49ac-b0fb-6f08dcea33e8"},"geometry":{"type":"Polygon","coordinates":[[[136.53960962647582,35.943883948267164],[136.5405878245175,35.94394087914059],[136.54060700464476,35.943923267211446],[136.540610312785,35.943870569459726],[136.53961766417422,35.943812884834294],[136.53960962647582,35.943883948267164]]]}},{"type":"Feature","properties":{"pid":"35bc3601-d5b1-4d38-9bee-20619c42010f"},"geometry":{"type":"Polygon","coordinates":[[[136.53963551929692,35.94369966185599],[136.54059364196078,35.9437592381809],[136.5406190656681,35.94374242211097],[136.54062164956025,35.94360954765785],[136.53965006042682,35.94355100124886],[136.53963551929692,35.94369966185599]]]}},{"type":"Feature","properties":{"pid":"1e42acee-940e-4b17-a3dc-5fd25ba6100c"},"geometry":{"type":"Polygon","coordinates":[[[136.53839771215192,35.94398039177004],[136.53941304123234,35.94405673588067],[136.53942420237155,35.94389555089456],[136.53840588083833,35.943832775747914],[136.53839771215192,35.94398039177004]]]}},{"type":"Feature","properties":{"pid":"ce0408f3-1a0a-4b40-a50a-c367f201ca72"},"geometry":{"type":"Polygon","coordinates":[[[136.538351521514,35.94461839465955],[136.53936213892732,35.94468730318295],[136.53937923176045,35.94443833579402],[136.5383627619228,35.94437884262811],[136.538351521514,35.94461839465955]]]}},{"type":"Feature","properties":{"pid":"f22d4086-808e-4ce1-9b1e-694ef526ed8a"},"geometry":{"type":"Polygon","coordinates":[[[136.53836963035516,35.944242885849675],[136.53839308113507,35.944271798583166],[136.53938626100992,35.94433479109403],[136.5394078344609,35.94416854445853],[136.5383774459758,35.9441070774356],[136.53836963035516,35.944242885849675]]]}},{"type":"Feature","properties":{"pid":"6fc2bd58-008c-4539-ac1e-267f2739d71d"},"geometry":{"type":"Polygon","coordinates":[[[136.53856894262876,35.943741192068096],[136.53943530498364,35.94378635674769],[136.53947795897545,35.94337509957036],[136.53856894262876,35.943741192068096]]]}},{"type":"Feature","properties":{"pid":"ce7de767-5c65-4431-b7c0-d6119c2990db"},"geometry":{"type":"Polygon","coordinates":[[[136.53853702013242,35.94348166788138],[136.53949096128264,35.943089763746585],[136.5394911350659,35.94308802736426],[136.53853753752642,35.943036019528364],[136.53849697856356,35.94346360393254],[136.53853702013242,35.94348166788138]]]}},{"type":"Feature","properties":{"pid":"2c45e85a-ddac-4463-8f5d-c5440e8247fb"},"geometry":{"type":"Polygon","coordinates":[[[136.53856349910458,35.9427958344902],[136.53855477203376,35.94292900758401],[136.53949809364582,35.94298626299607],[136.5395118951691,35.942835056042675],[136.5385927218406,35.942778568343215],[136.53856349910458,35.9427958344902]]]}},{"type":"Feature","properties":{"pid":"3fd40350-2839-41c6-8076-098492d747db"},"geometry":{"type":"Polygon","coordinates":[[[136.53862468348402,35.942109118209615],[136.53863750054563,35.94212540448742],[136.5395680553238,35.94217846470559],[136.53958181990382,35.94202075938945],[136.538642558453,35.941959705311945],[136.53862468348402,35.942109118209615]]]}},{"type":"Feature","properties":{"pid":"86404fc5-e70e-49af-88eb-f4ab89bbaf72"},"geometry":{"type":"Polygon","coordinates":[[[136.53859898800198,35.94237829371578],[136.5386204101659,35.94239778844276],[136.53954349338636,35.94244974892629],[136.53956097112712,35.94228569678416],[136.53923585220886,35.94226663222279],[136.53925335159508,35.94229331430754],[136.53924895424854,35.94232278675647],[136.53919809738093,35.94237735198462],[136.539158361837,35.94238870905761],[136.53912411065312,35.942377168322956],[136.53907291408038,35.942319882868325],[136.53907201435757,35.94229048510275],[136.53909907339818,35.94225861142004],[136.5386137994082,35.942230153348376],[136.53859898800198,35.94237829371578]]]}},{"type":"Feature","properties":{"pid":"d837841e-decf-462d-b48d-7a5c142d9566"},"geometry":{"type":"Polygon","coordinates":[[[136.5385715697154,35.94264790646306],[136.53859613951005,35.94267545685294],[136.53952108988946,35.94272554646794],[136.53953707703553,35.9425504580819],[136.53858654594856,35.94250054246532],[136.5385715697154,35.94264790646306]]]}},{"type":"Feature","properties":{"pid":"b261dce6-8749-46cb-a88a-fa97e548d737"},"geometry":{"type":"Polygon","coordinates":[[[136.53975552995303,35.94219285449796],[136.540715466537,35.94224011813671],[136.54073013015991,35.94222879535609],[136.54073922768575,35.94208901219005],[136.53976827885543,35.94203175613006],[136.53975552995303,35.94219285449796]]]}},{"type":"Feature","properties":{"pid":"20343373-3bdd-4ac6-8912-b4330b8eb617"},"geometry":{"type":"Polygon","coordinates":[[[136.53973491325442,35.94242535869917],[136.5406923300508,35.94249057168249],[136.54070725594764,35.942480277049654],[136.54072215977357,35.942358745107185],[136.53974300628997,35.94230979639347],[136.53973491325442,35.94242535869917]]]}},{"type":"Feature","properties":{"pid":"2fa8062e-c922-48b1-a898-dfdf71d77bf8"},"geometry":{"type":"Polygon","coordinates":[[[136.53971723743527,35.94254584221734],[136.5397011733315,35.94272532832553],[136.54025795004185,35.942764261256706],[136.54068732763898,35.94263042591986],[136.540661823794,35.942604381680546],[136.53971723743527,35.94254584221734]]]}},{"type":"Feature","properties":{"pid":"93030f8e-f1f8-4156-b886-4896468500d1"},"geometry":{"type":"Polygon","coordinates":[[[136.53992398717426,35.943186533797494],[136.54065034553275,35.94322815404157],[136.54068076148025,35.94320621062155],[136.54069432185753,35.942905627983194],[136.54028863330146,35.943030215308966],[136.53992398717426,35.943186533797494]]]}},{"type":"Feature","properties":{"pid":"1dcd4949-afb9-41c1-ae57-888e186941bf"},"geometry":{"type":"Polygon","coordinates":[[[136.53968959141153,35.942847433520946],[136.53967872856236,35.94301016782469],[136.54000805326234,35.94286920366891],[136.53968959141153,35.942847433520946]]]}},{"type":"Feature","properties":{"pid":"466def55-2dc3-4a23-a471-709eb2334b05"},"geometry":{"type":"Polygon","coordinates":[[[136.53966375453058,35.943437996906816],[136.54063222142187,35.94349429193279],[136.54064466497064,35.94348318719924],[136.5406578881935,35.94334137519791],[136.53978748120008,35.94329483430012],[136.53974320861911,35.94327247951616],[136.53967579789315,35.94330360120826],[136.53966375453058,35.943437996906816]]]}},{"type":"Feature","properties":{"pid":"72d2ef3d-1f65-4ed2-88e9-a54e2c59d4cb"},"geometry":{"type":"Polygon","coordinates":[[[136.5408076232957,35.94367638553648],[136.54180311821924,35.943742758488646],[136.5418199604881,35.943544215513064],[136.5408330198635,35.94349073763987],[136.5408076232957,35.94367638553648]]]}},{"type":"Feature","properties":{"pid":"22d9ed05-2ddc-450a-aa07-3344afba5f72"},"geometry":{"type":"Polygon","coordinates":[[[136.5408424901874,35.9433726842727],[136.541838300148,35.943433122895314],[136.54184900539224,35.943273176894884],[136.54085277301698,35.94320919382947],[136.5408424901874,35.9433726842727]]]}},{"type":"Feature","properties":{"pid":"d1b1be6b-dbb7-4b6b-9d47-b5815fe5d6e9"},"geometry":{"type":"Polygon","coordinates":[[[136.54086791226348,35.9431002878626],[136.54185684971117,35.943163434813115],[136.54186283105477,35.94299822716585],[136.54088212184163,35.94294725822761],[136.54086791226348,35.9431002878626]]]}},{"type":"Feature","properties":{"pid":"e6b70be5-db28-418f-bf17-606bcb6fe0da"},"geometry":{"type":"Polygon","coordinates":[[[136.54094170709087,35.942847088322246],[136.54153385058174,35.94287473980957],[136.5415297822432,35.94277149192017],[136.54103431544544,35.94282381761448],[136.54094170709087,35.942847088322246]]]}},{"type":"Feature","properties":{"pid":"bae2de4c-bc11-48ee-8e9a-59337379d34a"},"geometry":{"type":"Polygon","coordinates":[[[136.54092154236133,35.94223429527557],[136.54094736498735,35.94225985580858],[136.54196461987289,35.94232682662893],[136.5419968196653,35.94234178893727],[136.54201019521904,35.94237043173658],[136.54209228773456,35.94237462420112],[136.54208687818,35.942246354915355],[136.54092806330067,35.942179886969754],[136.54092154236133,35.94223429527557]]]}},{"type":"Feature","properties":{"pid":"59dd2d9b-574e-44b3-84a9-4c4bdf3e77f8"},"geometry":{"type":"Polygon","coordinates":[[[136.5409542165263,35.94182349641247],[136.54095127658445,35.941858197574334],[136.5409653393369,35.94187122466616],[136.54199540348688,35.94193027495452],[136.54198268162932,35.94188944055393],[136.5409542165263,35.94182349641247]]]}},{"type":"Feature","properties":{"pid":"6907f7f1-c03d-4796-9251-e8e0a759e3e7"},"geometry":{"type":"Polygon","coordinates":[[[136.54094221591475,35.94206266821874],[136.54207212710142,35.94213364841097],[136.54206248350235,35.94203613151945],[136.54094597937183,35.941970353911934],[136.54094221591475,35.94206266821874]]]}},{"type":"Feature","properties":{"pid":"8beb9090-c53c-4034-90c2-ae6f020cf1e4"},"geometry":{"type":"Polygon","coordinates":[[[136.54090214065914,35.942601707819556],[136.54151731169128,35.94253731403651],[136.54185599008963,35.94253324558672],[136.54187014884522,35.94242859485131],[136.54091427606494,35.94236906058892],[136.54090214065914,35.942601707819556]]]}},{"type":"Feature","properties":{"pid":"e868ab2e-e02b-4c55-b094-051bfc577b9a"},"geometry":{"type":"Polygon","coordinates":[[[136.5426054422212,35.942019311574356],[136.5426251124847,35.942164490130125],[136.5430487628124,35.94207582540866],[136.543044459127,35.941999568715076],[136.5426054422212,35.942019311574356]]]}},{"type":"Feature","properties":{"pid":"d45be80f-3a56-41bc-92ee-bcf44819d8be"},"geometry":{"type":"Polygon","coordinates":[[[136.54276917104528,35.94263609205464],[136.54310335448403,35.94265168627704],[136.54311202533344,35.94238864778512],[136.54308644398884,35.94235839813816],[136.5430690453303,35.942189621518146],[136.54277543979143,35.94225003005821],[136.54276917104528,35.94263609205464]]]}},{"type":"Feature","properties":{"pid":"904afd39-527d-427a-9b92-9a123f6522d9"},"geometry":{"type":"Polygon","coordinates":[[[136.54255276516164,35.94229845836062],[136.54258171329002,35.942439093455945],[136.54264771304375,35.942437168602694],[136.54263968725485,35.94227558566288],[136.54255276516164,35.94229845836062]]]}},{"type":"Feature","properties":{"pid":"059b9f6e-6840-453a-9aab-061a8fd1ab1d"},"geometry":{"type":"Polygon","coordinates":[[[136.5422959400304,35.94287972141136],[136.54273622787352,35.9428956287429],[136.54274510824487,35.94281731359687],[136.542307596677,35.94279544797873],[136.5422959400304,35.94287972141136]]]}},{"type":"Feature","properties":{"pid":"fb553007-4b5f-4d82-82b1-d9323523d4b2"},"geometry":{"type":"Polygon","coordinates":[[[136.5420288181174,35.94305786768005],[136.5426661118741,35.94310044473869],[136.54267573606705,35.94299526143101],[136.5420346399923,35.94296897205549],[136.5420288181174,35.94305786768005]]]}},{"type":"Feature","properties":{"pid":"d43039fe-8000-4f04-96d4-830faf15e95e"},"geometry":{"type":"Polygon","coordinates":[[[136.54203368761745,35.94332744346607],[136.5427404545213,35.9433734593053],[136.54278075602826,35.94321955055447],[136.54276716788746,35.94320359972777],[136.54204467139309,35.94316424651441],[136.54203368761745,35.94332744346607]]]}},{"type":"Feature","properties":{"pid":"c8b89716-1763-45f3-b903-e5562dda9401"},"geometry":{"type":"Polygon","coordinates":[[[136.54201426246394,35.94358859589341],[136.542602869801,35.9436223230925],[136.5426262502979,35.943524160432055],[136.54264915749886,35.94350050890936],[136.54269706726302,35.94349182918076],[136.54283272868543,35.94351153925342],[136.54277522994494,35.943483506355875],[136.54202868760646,35.94343411466175],[136.54201426246394,35.94358859589341]]]}},{"type":"Feature","properties":{"pid":"ae235496-58ee-4879-aeac-c3b3782300da"},"geometry":{"type":"Polygon","coordinates":[[[136.54192239991596,35.94451011110531],[136.54291918227312,35.94457312768704],[136.5429357740799,35.94438121365008],[136.54246708803015,35.94439285302564],[136.54242929222636,35.9443791014598],[136.5424140122394,35.944351977199574],[136.54193360088752,35.94432884361221],[136.54192239991596,35.94451011110531]]]}},{"type":"Feature","properties":{"pid":"ad2d6704-8595-4290-9bb6-f99d0921e66e"},"geometry":{"type":"Polygon","coordinates":[[[136.5419425317706,35.94422042069265],[136.54238909646918,35.94424740170769],[136.54240093181983,35.94400819278377],[136.54196711389494,35.943985526492895],[136.5419425317706,35.94422042069265]]]}},{"type":"Feature","properties":{"pid":"ba47659b-9244-4561-ae51-febef353d3ea"},"geometry":{"type":"Polygon","coordinates":[[[136.54197363460358,35.94388080021026],[136.54245944909084,35.943900770419944],[136.54247751311777,35.943723951189604],[136.54199480648657,35.943689194960704],[136.54197363460358,35.94388080021026]]]}},{"type":"Feature","properties":{"pid":"ef7ea80b-23bc-4c56-93a7-cb683581363d"},"geometry":{"type":"Polygon","coordinates":[[[136.54079325061736,35.943948165316804],[136.54177792328144,35.94400731684648],[136.54179252165247,35.94385292151825],[136.54080285713323,35.94379016829043],[136.54079325061736,35.943948165316804]]]}},{"type":"Feature","properties":{"pid":"47532a55-3233-4fdb-ae4b-bdf601d678e5"},"geometry":{"type":"Polygon","coordinates":[[[136.5407828316891,35.94405487818901],[136.540779730937,35.94422640141746],[136.54175477071956,35.94428018412495],[136.5417699326322,35.94411539367929],[136.5407828316891,35.94405487818901]]]}},{"type":"Feature","properties":{"pid":"1e75d9c6-6d33-4b9c-91c9-34bd92372f4f"},"geometry":{"type":"Polygon","coordinates":[[[136.54074525888615,35.94448224322799],[136.54172925418956,35.944547827992515],[136.54174398765662,35.94438596559409],[136.5407567101302,35.944326435366975],[136.54074525888615,35.94448224322799]]]}},{"type":"Feature","properties":{"pid":"8ad2d85a-9ba9-4ea4-a67f-035680acd9d6"},"geometry":{"type":"Polygon","coordinates":[[[136.54071740589396,35.94477836701528],[136.54160213801745,35.94483328661194],[136.5416313353807,35.944781546712285],[136.54170786593482,35.94477589663079],[136.5417183721127,35.94465538498332],[136.54073132008216,35.94459703681914],[136.54071740589396,35.94477836701528]]]}},{"type":"Feature","properties":{"pid":"9c66031b-b961-4eca-b4e3-c800af3bf61a"},"geometry":{"type":"Polygon","coordinates":[[[136.54068747568454,35.94508557639799],[136.54167583923783,35.945141318708565],[136.5416936110924,35.944977965037346],[136.54070345854922,35.94491843474852],[136.54068747568454,35.94508557639799]]]}},{"type":"Feature","properties":{"pid":"2d1f88b6-4796-4731-ae1d-f3adc5ce407c"},"geometry":{"type":"Polygon","coordinates":[[[136.54066922199007,35.945349328615],[136.5416537579784,35.94540812476168],[136.5416673976616,35.945247499407564],[136.54068371984295,35.94519093235632],[136.54066922199007,35.945349328615]]]}},{"type":"Feature","properties":{"pid":"da3bb8cb-263a-4552-9e3f-2d8915a9660e"},"geometry":{"type":"Polygon","coordinates":[[[136.54183567875063,35.945414579358165],[136.54278893815925,35.94547011981943],[136.54282920533274,35.94544669463372],[136.54285139120776,35.945267826526695],[136.54185677121959,35.94520331920093],[136.54183567875063,35.945414579358165]]]}},{"type":"Feature","properties":{"pid":"18c35e39-763e-4b8e-9027-f5ffed960aef"},"geometry":{"type":"Polygon","coordinates":[[[136.5418695135686,35.94499100765311],[136.54186302896255,35.94508081713921],[136.54286464081133,35.94515284736333],[136.54287835245674,35.945050045345916],[136.5418695135686,35.94499100765311]]]}},{"type":"Feature","properties":{"pid":"3ccf41a9-6ac0-4e24-8b19-42b02622e8d8"},"geometry":{"type":"Polygon","coordinates":[[[136.54189292111815,35.944841096049316],[136.54289745957033,35.94491187161275],[136.54291027489762,35.9446767642019],[136.54191006181028,35.94461879258211],[136.54189292111815,35.944841096049316]]]}},{"type":"Feature","properties":{"pid":"b41090c4-7605-4ec8-b954-4ad3cead423c"},"geometry":{"type":"Polygon","coordinates":[[[136.54304062480725,35.945279685342726],[136.5438369021618,35.94533283303271],[136.5439656302402,35.945114231703826],[136.5430790818021,35.94506313967751],[136.54306202250692,35.945076651800086],[136.54304062480725,35.945279685342726]]]}},{"type":"Feature","properties":{"pid":"b764b0cd-0bc8-47fe-81bc-d2126a66df31"},"geometry":{"type":"Polygon","coordinates":[[[136.54306651467613,35.94492248931211],[136.54406207489907,35.944971708144685],[136.54415647613902,35.944832681283856],[136.54411707299857,35.94479432429344],[136.54411498080168,35.944733476192056],[136.54308694764302,35.94467527006481],[136.54306651467613,35.94492248931211]]]}},{"type":"Feature","properties":{"pid":"7d817457-94f2-46c0-b08c-f4f106c8ad4f"},"geometry":{"type":"Polygon","coordinates":[[[136.544180681007,35.94530069851847],[136.54516708261616,35.94536364875784],[136.5452000432042,35.94534292375702],[136.5452100552364,35.945187972690434],[136.5442869942307,35.945130272859885],[136.544180681007,35.94530069851847]]]}},{"type":"Feature","properties":{"pid":"f3a2a876-a220-4e35-9ab4-76e1cbdf7f97"},"geometry":{"type":"Polygon","coordinates":[[[136.54435047324105,35.945029631535064],[136.54522793618202,35.94508075205662],[136.5452351964848,35.94501263695618],[136.54439403387954,35.94496344482188],[136.54435047324105,35.945029631535064]]]}},{"type":"Feature","properties":{"pid":"f879da6c-1f16-4567-a435-9068a6b741ee"},"geometry":{"type":"Polygon","coordinates":[[[136.54539662488406,35.945356747091125],[136.54594384285903,35.94538777111107],[136.54596555895245,35.94522795914739],[136.54542767521144,35.94519717240322],[136.54541146763552,35.94520661804867],[136.54539662488406,35.945356747091125]]]}},{"type":"Feature","properties":{"pid":"edcb73ea-d006-49ab-86ef-60ff16d5f063"},"geometry":{"type":"Polygon","coordinates":[[[136.54440887052903,35.944861874991894],[136.5452502603412,35.94491368401488],[136.54525868698826,35.94482479701988],[136.54451206246574,35.94467012580096],[136.54440140720604,35.944845023768224],[136.54440887052903,35.944861874991894]]]}},{"type":"Feature","properties":{"pid":"421976d3-0477-4bf9-8dc7-6cf572b02e10"},"geometry":{"type":"Polygon","coordinates":[[[136.54456459556016,35.944562938377075],[136.544850250372,35.944622224820876],[136.54491814196328,35.944474744083585],[136.54465763945674,35.944402183643085],[136.54456459556016,35.944562938377075]]]}},{"type":"Feature","properties":{"pid":"b5cc63b7-98c0-40e0-b25a-0eecb4a051cc"},"geometry":{"type":"Polygon","coordinates":[[[136.54471438566586,35.94430414330028],[136.544965633876,35.944371578027194],[136.54503105469814,35.94422946381676],[136.54480072286205,35.94416607717865],[136.54471438566586,35.94430414330028]]]}},{"type":"Feature","properties":{"pid":"1bf0ec19-4e96-42fd-9ec9-a7f2233d032e"},"geometry":{"type":"Polygon","coordinates":[[[136.54546607184372,35.94383230402862],[136.5455994391234,35.9438842328998],[136.5457445420646,35.94368415107667],[136.54556261301425,35.94362328390308],[136.54546607184372,35.94383230402862]]]}},{"type":"Feature","properties":{"pid":"f0a2c138-f844-44fb-be2f-e8b5345f4d21"},"geometry":{"type":"Polygon","coordinates":[[[136.54487318211474,35.94404564918081],[136.54505686552616,35.94409663473724],[136.5451769538224,35.943856779779594],[136.54504083254898,35.94379935255433],[136.54500531918333,35.94383370849369],[136.54487318211474,35.94404564918081]]]}},{"type":"Feature","properties":{"pid":"2e3e83a5-959f-416a-995e-84374507a56f"},"geometry":{"type":"Polygon","coordinates":[[[136.5444097818282,35.94382911948985],[136.54440122056914,35.94399029547992],[136.54462854245782,35.94400317853463],[136.54466045600154,35.943984360343116],[136.5447365169421,35.94385137987815],[136.5444097818282,35.94382911948985]]]}},{"type":"Feature","properties":{"pid":"b441e24f-15e6-4216-b366-435ee2ea20a9"},"geometry":{"type":"Polygon","coordinates":[[[136.54366710204576,35.94382734495242],[136.5436584313819,35.94397368027721],[136.54421953364312,35.94400397210545],[136.54423115961976,35.943851756278875],[136.54366710204576,35.94382734495242]]]}},{"type":"Feature","properties":{"pid":"f28918cc-3b50-45f1-a81b-38457bb2afef"},"geometry":{"type":"Polygon","coordinates":[[[136.54438878727595,35.94409112553912],[136.54437754292124,35.94422301736532],[136.54450396795082,35.944229450760574],[136.54459292321596,35.944103714211074],[136.54438878727595,35.94409112553912]]]}},{"type":"Feature","properties":{"pid":"b51f32de-c043-45a4-a7a7-0fb46d107eef"},"geometry":{"type":"Polygon","coordinates":[[[136.54304985753768,35.944191594881715],[136.54309617290144,35.94421592232971],[136.54418385706032,35.94428493216936],[136.54420875613562,35.94411783235317],[136.54331250099727,35.94406376859944],[136.54323823618378,35.94412817429177],[136.54304985753768,35.944191594881715]]]}},{"type":"Feature","properties":{"pid":"c0a84bc4-c49a-4535-82e0-d84df0e5dbf9"},"geometry":{"type":"Polygon","coordinates":[[[136.54310332904538,35.94455981962186],[136.5441332488774,35.94462190742335],[136.54416085732117,35.944410007288646],[136.5440750198066,35.94440452994377],[136.54405352146748,35.9444901325439],[136.54401936773178,35.94451604138581],[136.54379441475405,35.94450638919994],[136.5437444284101,35.94447189246194],[136.54375894949376,35.944374613151055],[136.5431258522755,35.944329937260235],[136.54310332904538,35.94455981962186]]]}},{"type":"Feature","properties":{"pid":"36a9f22c-d6bb-4636-9f54-7bd864a55aed"},"geometry":{"type":"Polygon","coordinates":[[[136.5431375479917,35.94386888180137],[136.5433293713265,35.94395374526619],[136.54352370130738,35.943965088975354],[136.5435406745041,35.9438136870132],[136.54316807594725,35.94379230865238],[136.5431375479917,35.94386888180137]]]}},{"type":"Feature","properties":{"pid":"e03df784-4473-41a7-999f-f1e08b5d375f"},"geometry":{"type":"Polygon","coordinates":[[[136.54307112288544,35.943672152704536],[136.54424116535876,35.94374187872239],[136.54425591810778,35.94358407936761],[136.5431705353891,35.943520715491076],[136.54307112288544,35.943672152704536]]]}},{"type":"Feature","properties":{"pid":"ec09b01a-b41f-4053-9299-b5101b21a415"},"geometry":{"type":"Polygon","coordinates":[[[136.54373121445428,35.943452729708845],[136.5442729452951,35.94347983432155],[136.54427863659703,35.94338935212655],[136.5438371168793,35.9433776852169],[136.54373121445428,35.943452729708845]]]}},{"type":"Feature","properties":{"pid":"5825dfce-caf3-4f87-b104-1440a64f4f7d"},"geometry":{"type":"Polygon","coordinates":[[[136.54388244049815,35.94326175812873],[136.54428116139408,35.94328169083202],[136.54428394895146,35.943177813491246],[136.543893723584,35.94315566722975],[136.54388244049815,35.94326175812873]]]}},{"type":"Feature","properties":{"pid":"37edd03c-0805-4965-bbd8-5628b9bb88a7"},"geometry":{"type":"Polygon","coordinates":[[[136.54394335559613,35.942909023390456],[136.54393296825685,35.9430481637561],[136.5443083495946,35.9430698588126],[136.54432059626905,35.94293230540679],[136.54394335559613,35.942909023390456]]]}},{"type":"Feature","properties":{"pid":"e26e1381-28ac-46a3-bc7c-1be1bf49ef0b"},"geometry":{"type":"Polygon","coordinates":[[[136.54370282472195,35.943143008369404],[136.54373557605678,35.94316407189755],[136.54377221813766,35.94308086808858],[136.5437850292269,35.94289894311736],[136.54374810268402,35.94307200970682],[136.54370282472195,35.943143008369404]]]}},{"type":"Feature","properties":{"pid":"7683882b-d635-48b5-8271-2be38fc365a8"},"geometry":{"type":"Polygon","coordinates":[[[136.54371287677012,35.94265633239863],[136.54375502106114,35.94262532883171],[136.5438707765589,35.94263225249696],[136.54387568106895,35.942593554890195],[136.54371711656952,35.94257597549912],[136.54371287677012,35.94265633239863]]]}},{"type":"Feature","properties":{"pid":"b7a0add9-532d-4daa-a827-7daaf8f16f4c"},"geometry":{"type":"Polygon","coordinates":[[[136.54323704632088,35.94242633616654],[136.5433555992766,35.94243026425507],[136.54335225396918,35.942377820138205],[136.543237904574,35.942388676371074],[136.54323704632088,35.94242633616654]]]}},{"type":"Feature","properties":{"pid":"1a965998-efd4-4cf8-a7c3-19838a12fedf"},"geometry":{"type":"Polygon","coordinates":[[[136.54317558033267,35.94199358195001],[136.54320408187755,35.94229014804013],[136.54326079150124,35.94228265098315],[136.5432397304419,35.94217096803641],[136.54326139259283,35.94213672133647],[136.5432305195924,35.94210617840299],[136.54321150340877,35.94199238815236],[136.54317558033267,35.94199358195001]]]}},{"type":"Feature","properties":{"pid":"25772976-6187-44fb-9761-b7bb0103410a"},"geometry":{"type":"Polygon","coordinates":[[[136.54454165892108,35.94276139843246],[136.54475945135772,35.94277819623635],[136.54497890520938,35.942567630382136],[136.5448383410018,35.942500670020166],[136.54454165892108,35.94276139843246]]]}},{"type":"Feature","properties":{"pid":"4da6c2cb-3ac1-4817-95e3-39d21aa07847"},"geometry":{"type":"Polygon","coordinates":[[[136.54492679259835,35.94240469313238],[136.54507843624242,35.94247841498374],[136.5453207570164,35.94229392721126],[136.54536620284458,35.942288387356996],[136.54544000630852,35.94232416994039],[136.54555219281406,35.94224081490415],[136.54523505046583,35.94205772492233],[136.54492679259835,35.94240469313238]]]}},{"type":"Feature","properties":{"pid":"d122b25c-c0d4-48e1-afdf-3bb85748a908"},"geometry":{"type":"Polygon","coordinates":[[[136.5453392386904,35.94198106283035],[136.54592060720702,35.94230652766038],[136.5461363601973,35.94201485342464],[136.5461721144409,35.94188612690583],[136.5453945330545,35.941850866784534],[136.5453526929897,35.94188527320376],[136.545372784735,35.94193492303644],[136.5453392386904,35.94198106283035]]]}},{"type":"Feature","properties":{"pid":"a44fd06c-98a7-47bb-9ee5-ff25efba6332"},"geometry":{"type":"Polygon","coordinates":[[[136.54449359058341,35.94315610790625],[136.54512892650786,35.943208796124736],[136.54526388831647,35.94298905282751],[136.5445176551233,35.942947454901166],[136.54449359058341,35.94315610790625]]]}},{"type":"Feature","properties":{"pid":"f36ec83d-c63b-4593-9a9d-e00d24f919af"},"geometry":{"type":"Polygon","coordinates":[[[136.54445159238531,35.94344686031231],[136.5449585942868,35.94346819915054],[136.54498863548645,35.94345389321859],[136.5450618468681,35.94331651201673],[136.5444711610866,35.94327653927261],[136.54445159238531,35.94344686031231]]]}},{"type":"Feature","properties":{"pid":"57ba2a40-c8b9-41de-9c49-7a5b36759b4c"},"geometry":{"type":"Polygon","coordinates":[[[136.54442493526508,35.94372227084451],[136.54479202343856,35.94374313950043],[136.54483493777155,35.943723942656995],[136.54492301172715,35.943575260122536],[136.5444407604135,35.943548834551564],[136.54442493526508,35.94372227084451]]]}},{"type":"Feature","properties":{"pid":"a6c138d3-5734-4166-ae1f-31b8477492c0"},"geometry":{"type":"Polygon","coordinates":[[[136.54511212585993,35.94369236013373],[136.54531797790958,35.943777004299],[136.5454170384122,35.94356274618143],[136.54524233563419,35.94350163836683],[136.54511212585993,35.94369236013373]]]}},{"type":"Feature","properties":{"pid":"f951fa3e-623a-45f0-9fb8-f73ee5865994"},"geometry":{"type":"Polygon","coordinates":[[[136.54649901890357,35.943616428463855],[136.54661226793297,35.94364951990771],[136.5466359792173,35.94354072386171],[136.54654990451337,35.94351956548261],[136.54649901890357,35.943616428463855]]]}},{"type":"Feature","properties":{"pid":"951a0734-9704-4ff8-84a6-c3eb63830c8f"},"geometry":{"type":"Polygon","coordinates":[[[136.54696835034198,35.94316705980584],[136.54702532715197,35.94318645837605],[136.54704294477835,35.943116490580785],[136.54706766666789,35.94308683255375],[136.5469935053519,35.94306629732261],[136.54696835034198,35.94316705980584]]]}},{"type":"Feature","properties":{"pid":"73c2e173-45bb-4f32-b01d-8845959ada9b"},"geometry":{"type":"Polygon","coordinates":[[[136.54574162711256,35.94242693827261],[136.54580683861937,35.94247152742992],[136.54585503999448,35.94241229531132],[136.54578337146154,35.94238114643486],[136.54574162711256,35.94242693827261]]]}},{"type":"Feature","properties":{"pid":"b5499d42-31c3-4a9d-a500-9fb28a69e9ee"},"geometry":{"type":"Polygon","coordinates":[[[136.54633276720853,35.94194325761456],[136.54640773408806,35.94198649379587],[136.5465217198546,35.942006134003975],[136.54654577276597,35.94190609533681],[136.54633916214465,35.94189550956319],[136.54633276720853,35.94194325761456]]]}},{"type":"Feature","properties":{"pid":"d7b55607-3f8f-495b-8e68-f4b5bee1e73c"},"geometry":{"type":"Polygon","coordinates":[[[136.54705168615837,35.94232924725702],[136.5470864522017,35.942330283442296],[136.54711905139013,35.94228527132028],[136.5471260186098,35.942177026834955],[136.54705358176705,35.942177878240834],[136.54705168615837,35.94232924725702]]]}},{"type":"Feature","properties":{"pid":"612d373f-a205-45fd-8b0f-48af1e5eee12"},"geometry":{"type":"Polygon","coordinates":[[[136.54706808985284,35.942065715956005],[136.5471184720827,35.94206398700468],[136.54713211829835,35.94204326815205],[136.5471286307711,35.941902884214336],[136.5470959407139,35.94183490686494],[136.5471010239423,35.941934001846995],[136.54706808985284,35.942065715956005]]]}},{"type":"Feature","properties":{"pid":"72780fa0-2995-41d4-92fa-d2f186b235fa"},"geometry":{"type":"Polygon","coordinates":[[[136.5472352370582,35.94177341202365],[136.54729074801475,35.941916098063096],[136.54729334310252,35.94204688946907],[136.54732513131492,35.94204846740565],[136.54734395741613,35.94198167112851],[136.54742462070405,35.94197113525012],[136.5474126435559,35.94177582655078],[136.5472352370582,35.94177341202365]]]}},{"type":"Feature","properties":{"pid":"47dc0b14-b5f3-4898-9fdb-ed2e5a2251e3"},"geometry":{"type":"Polygon","coordinates":[[[136.54758186338202,35.94177595072335],[136.54760046084817,35.94204071383769],[136.54758957621704,35.94219719394171],[136.54784253379952,35.94204915286752],[136.54787586525057,35.941790071329415],[136.54758186338202,35.94177595072335]]]}},{"type":"Feature","properties":{"pid":"c3a1892f-6497-43c0-9a3d-862333c72e61"},"geometry":{"type":"Polygon","coordinates":[[[136.54802591982514,35.94220084005998],[136.54850187666094,35.942227692081914],[136.5485570821168,35.94212315069892],[136.5483525877988,35.942008891679336],[136.54802591982514,35.94220084005998]]]}},{"type":"Feature","properties":{"pid":"0ec9f55a-4e08-483c-9b32-3208a282c56b"},"geometry":{"type":"Polygon","coordinates":[[[136.54756730616276,35.94251125339232],[136.54831922145965,35.942556378244994],[136.54844215796058,35.94233331630454],[136.54789420476394,35.94229895814218],[136.54756730616276,35.94251125339232]]]}},{"type":"Feature","properties":{"pid":"51939adb-cf2e-4ea8-858a-014d7f7838b5"},"geometry":{"type":"Polygon","coordinates":[[[136.5474595332977,35.94278573504487],[136.54818278951947,35.942816333798504],[136.54827346101976,35.942658806992135],[136.5475238302525,35.942617439129016],[136.5474595332977,35.94278573504487]]]}},{"type":"Feature","properties":{"pid":"a5c50361-f23e-4581-b31a-fa5e17617985"},"geometry":{"type":"Polygon","coordinates":[[[136.54701922880764,35.94295431633757],[136.5471468656482,35.9429871822713],[136.5471887591786,35.942921497203876],[136.54715648243055,35.94290147046613],[136.54710987751474,35.94292198884387],[136.5470378733942,35.94290452634853],[136.54701922880764,35.94295431633757]]]}},{"type":"Feature","properties":{"pid":"c211f621-7bd1-4f8b-8f69-a02cd1484669"},"geometry":{"type":"Polygon","coordinates":[[[136.54725590647706,35.94309135897696],[136.54799971799892,35.94314145257642],[136.548028322326,35.94312822055193],[136.54812266163043,35.94292524177214],[136.54740113363164,35.942891227872344],[136.54725590647706,35.94309135897696]]]}},{"type":"Feature","properties":{"pid":"82c88a6c-f84d-47f9-8208-0655679838a4"},"geometry":{"type":"Polygon","coordinates":[[[136.5471468317032,35.943307439081636],[136.54782830525411,35.94335103028566],[136.5479498335399,35.94324141830179],[136.54719833397502,35.94319377404774],[136.5471468317032,35.943307439081636]]]}},{"type":"Feature","properties":{"pid":"f82e4d31-5c85-4663-9615-1b275bd375cf"},"geometry":{"type":"Polygon","coordinates":[[[136.54709063190683,35.943588064545374],[136.5470903864166,35.943603676451424],[136.54760017077112,35.943636062091876],[136.5476160571246,35.94361631285568],[136.54709063190683,35.943588064545374]]]}},{"type":"Feature","properties":{"pid":"adeaa9a8-1ee6-4700-879c-83717ba7e480"},"geometry":{"type":"Polygon","coordinates":[[[136.54711040475638,35.94348470080672],[136.54768862569438,35.94351712840761],[136.54776991876443,35.94344665556844],[136.5471249625983,35.94340477497569],[136.54711040475638,35.94348470080672]]]}},{"type":"Feature","properties":{"pid":"87b1e0ce-1d06-4284-8f19-15e85f66c4d6"},"geometry":{"type":"Polygon","coordinates":[[[136.54793109253842,35.9437212428815],[136.54841968692963,35.94386310524522],[136.54853123537856,35.943594323341884],[136.54806979976019,35.943451653817405],[136.54793109253842,35.9437212428815]]]}},{"type":"Feature","properties":{"pid":"65534b49-a89c-48a0-bca1-78c2364b0acd"},"geometry":{"type":"Polygon","coordinates":[[[136.54778878903537,35.943971449822364],[136.5483504462611,35.944128580074754],[136.54839850339985,35.94397355771776],[136.54788135090817,35.94382839437263],[136.54778878903537,35.943971449822364]]]}},{"type":"Feature","properties":{"pid":"265a0bca-35e6-42d4-bbbd-a7d631f1d68f"},"geometry":{"type":"Polygon","coordinates":[[[136.5467193248267,35.9443518388486],[136.54813592050164,35.94444131904913],[136.54818036336803,35.94429795708074],[136.54673571820447,35.94420172090065],[136.5467193248267,35.9443518388486]]]}},{"type":"Feature","properties":{"pid":"556845ab-7863-4bc7-a82b-0e2b6cdeff46"},"geometry":{"type":"Polygon","coordinates":[[[136.54675910773148,35.94408959229536],[136.54752908211475,35.94414461920618],[136.54758983724378,35.943975115336016],[136.54679411024506,35.94392874842538],[136.54675910773148,35.94408959229536]]]}},{"type":"Feature","properties":{"pid":"9897b000-9f28-46e0-9b9f-21ff8be7c3f9"},"geometry":{"type":"Polygon","coordinates":[[[136.54681903976086,35.94381494780604],[136.54762874910944,35.943871772351365],[136.5476605850599,35.943797693231744],[136.54762153458165,35.94377546769056],[136.54683043202954,35.943725581197285],[136.54681903976086,35.94381494780604]]]}},{"type":"Feature","properties":{"pid":"bf4b587b-6ace-4fc7-860e-4dfe584f40de"},"geometry":{"type":"Polygon","coordinates":[[[136.54632923822984,35.94398275236472],[136.54652792133405,35.94401995603883],[136.54658498559772,35.94375042810689],[136.54646764688235,35.94371633393142],[136.54632923822984,35.94398275236472]]]}},{"type":"Feature","properties":{"pid":"56d74e97-b08a-4d53-99a8-293a8b074875"},"geometry":{"type":"Polygon","coordinates":[[[136.54562482002186,35.944221699854644],[136.5458150641817,35.94429522504714],[136.54648213826192,35.944320847366846],[136.5464930591028,35.94418502191774],[136.54646809115087,35.94416036570143],[136.54618597763297,35.94409824939508],[136.54601032906612,35.94408224599574],[136.54573478956786,35.94402970300017],[136.54562482002186,35.944221699854644]]]}},{"type":"Feature","properties":{"pid":"41c166ed-8c19-4400-9616-8ad9a1baaf78"},"geometry":{"type":"Polygon","coordinates":[[[136.54562397359317,35.944819971715994],[136.5464288712767,35.94486418271324],[136.54647739405772,35.94445124618417],[136.5458435014717,35.94441545996781],[136.54562397359317,35.944819971715994]]]}},{"type":"Feature","properties":{"pid":"f67da23f-3c6c-4cb6-b181-7b54376bd3ac"},"geometry":{"type":"Polygon","coordinates":[[[136.5454327580464,35.944916009441954],[136.54542079047434,35.94505006637609],[136.5464156730981,35.945110580706306],[136.5464297262578,35.944973309623975],[136.5454327580464,35.944916009441954]]]}},{"type":"Feature","properties":{"pid":"f6727471-8432-4189-9e4c-437aa07e87a5"},"geometry":{"type":"Polygon","coordinates":[[[136.54661802371623,35.94543927451058],[136.54774226521204,35.94550036934911],[136.54780807168828,35.94534584880926],[136.54663113478497,35.945269408151105],[136.54661802371623,35.94543927451058]]]}},{"type":"Feature","properties":{"pid":"8982ac76-2cf1-4ce7-b82a-74dbbfe9bf44"},"geometry":{"type":"Polygon","coordinates":[[[136.54666595089222,35.945003731211266],[136.54665558943574,35.94512432104843],[136.54666769099015,35.94513716292303],[136.5478602110992,35.94520157285874],[136.54790112897126,35.94508337991271],[136.54666595089222,35.945003731211266]]]}},{"type":"Feature","properties":{"pid":"20dd1d73-8048-4900-b71a-fddc5df52af0"},"geometry":{"type":"Polygon","coordinates":[[[136.54667344246542,35.94489570993532],[136.54794077685284,35.944975679774146],[136.5479987657255,35.9448146704251],[136.54668604924242,35.94473991950563],[136.54667344246542,35.94489570993532]]]}},{"type":"Feature","properties":{"pid":"130f057b-a1a5-41f1-8b03-0e777f3fca63"},"geometry":{"type":"Polygon","coordinates":[[[136.54669842397183,35.944631293712625],[136.54804166920744,35.94470769630433],[136.5480945999461,35.944556634575356],[136.54671018189927,35.94446762392762],[136.54669842397183,35.944631293712625]]]}},{"type":"Feature","properties":{"pid":"83a0628f-d5fc-488e-b330-81bc736c4784"},"geometry":{"type":"Polygon","coordinates":[[[136.54658690157171,35.94583767934472],[136.54744246823742,35.94589391598934],[136.54768279818296,35.94560822600124],[136.54660988784468,35.94554731761133],[136.54658690157171,35.94583767934472]]]}},{"type":"Feature","properties":{"pid":"bf93a4a7-2b76-4359-8485-153a8e574cc5"},"geometry":{"type":"Polygon","coordinates":[[[136.54751014203632,35.94603180354467],[136.54760403734744,35.946070731703465],[136.54771029650263,35.94578467734727],[136.54751014203632,35.94603180354467]]]}},{"type":"Feature","properties":{"pid":"3f8c1acc-d517-4585-a5c6-33c36a41b49e"},"geometry":{"type":"Polygon","coordinates":[[[136.5470163469648,35.94672599804832],[136.54731282887533,35.94666978413219],[136.54753362894252,35.946171099882164],[136.54742518314987,35.9461287959548],[136.54728571100972,35.946476035384876],[136.5470163469648,35.94672599804832]]]}},{"type":"Feature","properties":{"pid":"4194b616-5b5d-456f-887c-e81373f13c74"},"geometry":{"type":"Polygon","coordinates":[[[136.54650673430115,35.94657687679952],[136.54652950231366,35.946600184653285],[136.54693598400937,35.94663116381726],[136.54715095830264,35.94643495968469],[136.5465275059007,35.94640302072884],[136.54650673430115,35.94657687679952]]]}},{"type":"Feature","properties":{"pid":"bd14ce70-5c06-4eac-b04a-808c5dca7733"},"geometry":{"type":"Polygon","coordinates":[[[136.546756761427,35.94689553498754],[136.5470857573607,35.946919949618426],[136.54718742304712,35.94681574001312],[136.54694146490485,35.94686382174306],[136.546756761427,35.94689553498754]]]}},{"type":"Feature","properties":{"pid":"a36213a0-e6fe-4307-bb4e-7d33085720b4"},"geometry":{"type":"Polygon","coordinates":[[[136.54647332516942,35.94701554882955],[136.54645912000396,35.947110122157476],[136.5470033686485,35.947153949761244],[136.54702938515732,35.94704933472558],[136.54647332516942,35.94701554882955]]]}},{"type":"Feature","properties":{"pid":"b32034b6-ba92-43f1-96ce-f45d97c88ea1"},"geometry":{"type":"Polygon","coordinates":[[[136.5464851542997,35.94680309696957],[136.54684697317495,35.946747469763295],[136.54684937387927,35.94672938731412],[136.54649467016125,35.9467062417608],[136.5464851542997,35.94680309696957]]]}},{"type":"Feature","properties":{"pid":"0b470427-6cff-4f81-a5f1-91aab690b0b7"},"geometry":{"type":"Polygon","coordinates":[[[136.54529829527831,35.946412359390095],[136.54629442586503,35.94647984349488],[136.5463114527512,35.946263670448644],[136.54530559991366,35.94620361534818],[136.54529829527831,35.946412359390095]]]}},{"type":"Feature","properties":{"pid":"7b2088e0-f523-4325-b63e-9d2011b82c22"},"geometry":{"type":"Polygon","coordinates":[[[136.5453161838018,35.946099153714364],[136.54631916424276,35.94615546518861],[136.54633656428086,35.945996655664274],[136.54532822451512,35.94593339194509],[136.5453161838018,35.946099153714364]]]}},{"type":"Feature","properties":{"pid":"a739889f-5261-4bc9-97a6-5f9f5ab942ed"},"geometry":{"type":"Polygon","coordinates":[[[136.54654275006496,35.946264900828005],[136.5465616601088,35.946294346582796],[136.54718095663443,35.946330165193025],[136.54721579302725,35.94624889048937],[136.5465495216127,35.9462037223693],[136.54654275006496,35.946264900828005]]]}},{"type":"Feature","properties":{"pid":"81336046-276c-409d-90c8-e1415dee05a8"},"geometry":{"type":"Polygon","coordinates":[[[136.54656116276038,35.94608259545451],[136.54726574925814,35.94613397499092],[136.54734627423977,35.94599886051294],[136.54657564461263,35.94594626788275],[136.54656116276038,35.94608259545451]]]}},{"type":"Feature","properties":{"pid":"1c0fe76c-5e0d-4674-a627-7442d71fe2ca"},"geometry":{"type":"Polygon","coordinates":[[[136.54534091940914,35.94580426489698],[136.54535604254804,35.94582528105969],[136.54634573966533,35.94589213841282],[136.54635616081302,35.94569634851607],[136.54535920768052,35.94563254282732],[136.54534091940914,35.94580426489698]]]}},{"type":"Feature","properties":{"pid":"ed32fb3b-446a-4a9a-913a-571ac42080b6"},"geometry":{"type":"Polygon","coordinates":[[[136.5453804710672,35.94551888753345],[136.5463714370123,35.945578514498195],[136.54637276789168,35.945533619848966],[136.54538250542976,35.94547412191111],[136.5453804710672,35.94551888753345]]]}},{"type":"Feature","properties":{"pid":"353eb73e-9e28-4006-a1b6-391ca3f25162"},"geometry":{"type":"Polygon","coordinates":[[[136.54410754200464,35.94639694862502],[136.5450581623564,35.9464504271426],[136.54511444100908,35.94642176479908],[136.54512919220878,35.94616273162098],[136.5441309869006,35.946100190719456],[136.54410754200464,35.94639694862502]]]}},{"type":"Feature","properties":{"pid":"259d235d-a3bf-43bc-8d13-ec34aa800cf6"},"geometry":{"type":"Polygon","coordinates":[[[136.5441476724727,35.94599325549036],[136.54514070156526,35.946046250196424],[136.54514647796702,35.94597091898585],[136.54415292824316,35.94591426946908],[136.5441476724727,35.94599325549036]]]}},{"type":"Feature","properties":{"pid":"e71e4aa5-f84f-4548-a351-516ad5b62d72"},"geometry":{"type":"Polygon","coordinates":[[[136.5440044008773,35.94556367017924],[136.54516123677223,35.94563905823653],[136.54518582258694,35.94562282169764],[136.54519964235453,35.945469714911496],[136.54411206420286,35.94540562144465],[136.5440044008773,35.94556367017924]]]}},{"type":"Feature","properties":{"pid":"ac7b3b81-9958-42b7-8246-4a7c19b38231"},"geometry":{"type":"Polygon","coordinates":[[[136.5438663828623,35.94578612735188],[136.5451542857677,35.94586909437011],[136.54516381389007,35.94574484190202],[136.54393610584924,35.945669651467426],[136.5438663828623,35.94578612735188]]]}},{"type":"Feature","properties":{"pid":"9718ff8d-5b4e-4b1e-b5f4-93bca6205e7d"},"geometry":{"type":"Polygon","coordinates":[[[136.54301097982326,35.94555072106667],[136.54363156894271,35.9455937660212],[136.5437360934958,35.94544676231506],[136.54302648375472,35.94540207991616],[136.54301097982326,35.94555072106667]]]}},{"type":"Feature","properties":{"pid":"803f9c0d-9b52-4ecf-9195-a573d020aed2"},"geometry":{"type":"Polygon","coordinates":[[[136.54298007503994,35.94585659750623],[136.54299983945438,35.94588209614716],[136.54342301848712,35.945909866906966],[136.54355939717576,35.945699576708684],[136.54299972584744,35.94566200144584],[136.54298007503994,35.94585659750623]]]}},{"type":"Feature","properties":{"pid":"26366be0-6e5d-4f02-9c48-d4ada634db70"},"geometry":{"type":"Polygon","coordinates":[[[136.5436322091685,35.94608250071127],[136.54394202087354,35.94610391080873],[136.54395943835604,35.94594629614035],[136.54370809740067,35.94591833407076],[136.54362310603204,35.94605594661235],[136.5436322091685,35.94608250071127]]]}},{"type":"Feature","properties":{"pid":"bdc49fdd-b15c-4c27-9922-beb75acabf42"},"geometry":{"type":"Polygon","coordinates":[[[136.54343815555404,35.94635106669718],[136.54391935014087,35.946383194275164],[136.54393338228812,35.94622055370027],[136.5435404413114,35.94619438873731],[136.54343815555404,35.94635106669718]]]}},{"type":"Feature","properties":{"pid":"96b80602-86ca-4946-924e-88a6afbfc4f7"},"geometry":{"type":"Polygon","coordinates":[[[136.5432806512008,35.94656492297237],[136.5439010942657,35.94660170691403],[136.54391068888043,35.94649155922133],[136.54334961442825,35.946460990369154],[136.5432806512008,35.94656492297237]]]}},{"type":"Feature","properties":{"pid":"e3aa5010-1753-49f9-a2c7-ba858dd7139a"},"geometry":{"type":"Polygon","coordinates":[[[136.54310263105853,35.946804557902524],[136.5438863011042,35.94685493661356],[136.54390057594057,35.94671472690952],[136.5432091281471,35.94667578778117],[136.54310263105853,35.946804557902524]]]}},{"type":"Feature","properties":{"pid":"9278965c-8519-44d1-8805-ef15a60ff2e7"},"geometry":{"type":"Polygon","coordinates":[[[136.54283298802955,35.94708855366318],[136.54386292171026,35.947146520686445],[136.5438783270445,35.946969048356586],[136.5430086178337,35.946910226784844],[136.54283298802955,35.94708855366318]]]}},{"type":"Feature","properties":{"pid":"dd912242-622e-4b33-80f1-67109ffa4b1f"},"geometry":{"type":"Polygon","coordinates":[[[136.54403241231918,35.94721387127362],[136.54502005823787,35.94727474330719],[136.54503340063556,35.947116272732465],[136.54404421518325,35.94704254095668],[136.54403241231918,35.94721387127362]]]}},{"type":"Feature","properties":{"pid":"f7d87d4a-57a3-4682-9899-8d6cb0fa272c"},"geometry":{"type":"Polygon","coordinates":[[[136.54405784180375,35.94693358161711],[136.54503015279946,35.94699873917531],[136.54505038620286,35.94698681663909],[136.54506368732396,35.94683430489513],[136.54407518691178,35.94678162764085],[136.54405784180375,35.94693358161711]]]}},{"type":"Feature","properties":{"pid":"665850fa-8c65-478b-aec3-944e6a2faa22"},"geometry":{"type":"Polygon","coordinates":[[[136.5440819404811,35.94666933238906],[136.54503484250296,35.946711528857996],[136.54508739908866,35.94669525633557],[136.54509460841868,35.9465673568155],[136.54409955824312,35.94650051143427],[136.5440819404811,35.94666933238906]]]}},{"type":"Feature","properties":{"pid":"aca47140-a2d8-4e95-846d-a47ff01fe6a1"},"geometry":{"type":"Polygon","coordinates":[[[136.5452677322533,35.94672956916874],[136.54625502823012,35.94680238028841],[136.5462792652054,35.94658981126358],[136.54528332171503,35.946525721525944],[136.5452677322533,35.94672956916874]]]}},{"type":"Feature","properties":{"pid":"ae8a5c0e-def3-4a12-bb9f-5486e88986cb"},"geometry":{"type":"Polygon","coordinates":[[[136.54525456213983,35.94700978336516],[136.54623376528906,35.947068222248255],[136.54624924676435,35.94693558403889],[136.54526753686346,35.94687725231093],[136.54525456213983,35.94700978336516]]]}},{"type":"Feature","properties":{"pid":"52184c2c-a7b8-4657-8af0-7c62deda96c2"},"geometry":{"type":"Polygon","coordinates":[[[136.54523698675573,35.94727439352886],[136.54619100936767,35.94734004753414],[136.54620431334658,35.947247404819564],[136.54524030509083,35.94718782628547],[136.54523698675573,35.94727439352886]]]}},{"type":"Feature","properties":{"pid":"506c3586-6418-4e93-b21f-0eaf34739773"},"geometry":{"type":"Polygon","coordinates":[[[136.5452088993615,35.94748511388396],[136.54617211836663,35.94754974783658],[136.54618313490812,35.94745120364079],[136.54522874667867,35.947397717685135],[136.54521281056452,35.947414824387145],[136.5452088993615,35.94748511388396]]]}},{"type":"Feature","properties":{"pid":"e02f33d6-a819-472b-9ce3-ca9af02a351a"},"geometry":{"type":"Polygon","coordinates":[[[136.54516364257879,35.947774004667465],[136.54615148693009,35.94784328975299],[136.54616571331877,35.94765379806016],[136.54520321176977,35.94760213776946],[136.54517560825934,35.94766620811104],[136.54516364257879,35.947774004667465]]]}},{"type":"Feature","properties":{"pid":"a372193b-4b46-4f2e-8059-68222d9bed57"},"geometry":{"type":"Polygon","coordinates":[[[136.54513644634176,35.94801980394951],[136.54516416806624,35.94804221703138],[136.54612107427224,35.94810167088374],[136.5461356706876,35.94794807600514],[136.54514811316548,35.94788361354022],[136.54513644634176,35.94801980394951]]]}},{"type":"Feature","properties":{"pid":"59c19603-ab46-4a8c-88f8-f02a1b0f0d6b"},"geometry":{"type":"Polygon","coordinates":[[[136.5440233458266,35.94731745184694],[136.54401543861124,35.94743588249072],[136.54403094791192,35.94744758771311],[136.54498489387677,35.94751280229969],[136.5449986844909,35.947502082004526],[136.54501017068148,35.94738520130052],[136.5440233458266,35.94731745184694]]]}},{"type":"Feature","properties":{"pid":"f43cb5ce-ae4a-45c3-a73c-b3cfa4669f3d"},"geometry":{"type":"Polygon","coordinates":[[[136.5427149875338,35.94772998221137],[136.54378455889835,35.947783460518146],[136.5438029799651,35.947594364363056],[136.54280364915613,35.94753993115443],[136.5427149875338,35.94772998221137]]]}},{"type":"Feature","properties":{"pid":"8fdb8cc7-bf56-4385-9c98-03a67b479f0f"},"geometry":{"type":"Polygon","coordinates":[[[136.54397798615014,35.947777084400705],[136.54495160345562,35.947837348155105],[136.54497764795912,35.9478147732085],[136.54499669810366,35.94766619631118],[136.543991803841,35.94761605421398],[136.54397798615014,35.947777084400705]]]}},{"type":"Feature","properties":{"pid":"56b75579-5366-4f10-b1d7-833d9d8519b9"},"geometry":{"type":"Polygon","coordinates":[[[136.5439646906316,35.947880995574174],[136.54395119113235,35.94804344949764],[136.54489216123036,35.94810344977748],[136.54494091594304,35.94807389531149],[136.54495878497403,35.947943012995154],[136.5439646906316,35.947880995574174]]]}},{"type":"Feature","properties":{"pid":"f76e38b2-928a-40a5-af16-ecba492db740"},"geometry":{"type":"Polygon","coordinates":[[[136.54391793491408,35.94833969237133],[136.54483826391152,35.94840253490592],[136.54486037341303,35.94838049208169],[136.54490699669861,35.94837032197234],[136.5449276467141,35.948211994267965],[136.5439380923645,35.94815106657613],[136.54391793491408,35.94833969237133]]]}},{"type":"Feature","properties":{"pid":"dc2782c4-1cf9-4bf4-88f0-904f3b564904"},"geometry":{"type":"Polygon","coordinates":[[[136.54390421328978,35.9485476368485],[136.54483409715243,35.94859839640422],[136.5448536905847,35.94857082681005],[136.54489297499603,35.94856084870115],[136.54489541020368,35.94850857819659],[136.54390945164673,35.94844473623152],[136.54390421328978,35.9485476368485]]]}},{"type":"Feature","properties":{"pid":"d9972120-4a58-435f-8e1a-19d56b06648c"},"geometry":{"type":"Polygon","coordinates":[[[136.54386001054286,35.948929344965386],[136.54481257353225,35.94898422617366],[136.5448514072159,35.94895495453755],[136.5448797212747,35.9487079940652],[136.54389028531685,35.94864670390244],[136.54386001054286,35.948929344965386]]]}},{"type":"Feature","properties":{"pid":"a58c80d7-4e4e-401a-99be-def9c5f6fb84"},"geometry":{"type":"Polygon","coordinates":[[[136.5451176110529,35.94823918167444],[136.54610600727466,35.948313616093465],[136.54611343882368,35.94821749640554],[136.54512234211035,35.94815738581256],[136.5451176110529,35.94823918167444]]]}},{"type":"Feature","properties":{"pid":"e6a92d32-2c88-4017-b7ce-e8aba6de7568"},"geometry":{"type":"Polygon","coordinates":[[[136.54510154023768,35.94836625398491],[136.545098733769,35.94842438222834],[136.54608771825016,35.94848750682499],[136.5460948347162,35.94842084001168],[136.54512696993174,35.948349578231735],[136.54510154023768,35.94836625398491]]]}},{"type":"Feature","properties":{"pid":"19e92692-b11e-4edc-93de-06cdcfd496b6"},"geometry":{"type":"Polygon","coordinates":[[[136.54507135859495,35.948726607193194],[136.5450852171541,35.948741648546424],[136.546052004518,35.94879178153663],[136.54607645171538,35.94859442880987],[136.54508816019552,35.948528461965424],[136.54507135859495,35.948726607193194]]]}},{"type":"Feature","properties":{"pid":"97faedec-3e4b-43d8-b5b4-f256706b51d0"},"geometry":{"type":"Polygon","coordinates":[[[136.54504972536338,35.948996965030254],[136.54602248187103,35.94906519174134],[136.54603253959095,35.948895904384706],[136.5450705009678,35.94884527081992],[136.54504972536338,35.948996965030254]]]}},{"type":"Feature","properties":{"pid":"df239689-97d3-45a6-8e7d-2fe8e502e2e2"},"geometry":{"type":"Polygon","coordinates":[[[136.54620983948234,35.94896056674383],[136.5465922502896,35.94898026308259],[136.5466090917553,35.94897195146033],[136.54664796337835,35.9488295085989],[136.54622573709665,35.94879856633622],[136.54620983948234,35.94896056674383]]]}},{"type":"Feature","properties":{"pid":"a758c397-a20e-45a5-a699-6ff6dcc3d7cd"},"geometry":{"type":"Polygon","coordinates":[[[136.5462360040367,35.94869655886826],[136.54664797353453,35.948722258273165],[136.54668861344948,35.94857696383884],[136.54624643876036,35.94854398690933],[136.5462360040367,35.94869655886826]]]}},{"type":"Feature","properties":{"pid":"8ceba20b-00fa-4f9e-a2d7-76c0cdad3f92"},"geometry":{"type":"Polygon","coordinates":[[[136.54625822793977,35.94843369996863],[136.5467342315362,35.94846808545033],[136.5467649339754,35.94833718717532],[136.54627486773347,35.948302232086796],[136.54625822793977,35.94843369996863]]]}},{"type":"Feature","properties":{"pid":"184dcc78-d138-41c0-96b0-2ac8a87e88b0"},"geometry":{"type":"Polygon","coordinates":[[[136.5462838388301,35.948200185419154],[136.54677773207914,35.948231470245766],[136.54681399101563,35.948206974736564],[136.54685563536347,35.94807947985919],[136.54629948969625,35.94804154945886],[136.5462838388301,35.948200185419154]]]}},{"type":"Feature","properties":{"pid":"e4685601-f730-4429-8a33-6bf5af661832"},"geometry":{"type":"Polygon","coordinates":[[[136.54634357629357,35.94767570203044],[136.54693272563134,35.94770729892231],[136.54694836619876,35.947569972116256],[136.54635565502457,35.94753303534867],[136.54634357629357,35.94767570203044]]]}},{"type":"Feature","properties":{"pid":"99595c7c-8f82-4931-a9a6-4ba26a502144"},"geometry":{"type":"Polygon","coordinates":[[[136.54636569696697,35.94743044993466],[136.54696415108103,35.94746451255077],[136.54697973517008,35.94730141084079],[136.54638356266352,35.947265278778225],[136.54636569696697,35.94743044993466]]]}},{"type":"Feature","properties":{"pid":"a049d198-734d-4023-ba08-2447ea816f0b"},"geometry":{"type":"Polygon","coordinates":[[[136.54630879414088,35.94793950802857],[136.54687069662046,35.947974836857476],[136.5468985584806,35.9479574218482],[136.54692295985888,35.94781934973404],[136.54632136554753,35.9477824430684],[136.54630879414088,35.94793950802857]]]}},{"type":"Feature","properties":{"pid":"8439d9e2-2d9c-4d30-ae9f-73c27d31f584"},"geometry":{"type":"Polygon","coordinates":[[[136.54728924104788,35.94723646645193],[136.54736333445524,35.94726821160522],[136.54741835729118,35.94718746014663],[136.5472970260779,35.94715279566766],[136.54728924104788,35.94723646645193]]]}},{"type":"Feature","properties":{"pid":"91efbdf2-0578-4235-8c8d-38711344c561"},"geometry":{"type":"Polygon","coordinates":[[[136.549929783365,35.9478281510106],[136.5499415399411,35.94780960626233],[136.5500519722922,35.9475212629763],[136.55000637820535,35.947517026193616],[136.549929783365,35.9478281510106]]]}},{"type":"Feature","properties":{"pid":"4a717b6b-a98b-4e80-ab82-9b386337b4d4"},"geometry":{"type":"Polygon","coordinates":[[[136.54813419393548,35.94335710628886],[136.5485760381938,35.94349220612126],[136.5486958291579,35.94322536129953],[136.54825571265124,35.94310170951556],[136.54813419393548,35.94335710628886]]]}},{"type":"Feature","properties":{"pid":"d5bf88d4-4ec1-4476-a105-b8f778da42a8"},"geometry":{"type":"Polygon","coordinates":[[[136.54833293431912,35.94296322663483],[136.54875457447335,35.943089609897704],[136.54892341257948,35.94271813534275],[136.54851037296524,35.94261218415844],[136.54833293431912,35.94296322663483]]]}},{"type":"Feature","properties":{"pid":"6dad8ead-173b-47ed-8214-987bc4bc0c23"},"geometry":{"type":"Polygon","coordinates":[[[136.54900100299045,35.942143322867835],[136.54916541015044,35.94218514608662],[136.54927949356303,35.94195082621001],[136.54916183765295,35.94191303440049],[136.54900100299045,35.942143322867835]]]}},{"type":"Feature","properties":{"pid":"5fa18cfe-706f-4e76-89d6-76afd9cd5b9a"},"geometry":{"type":"Polygon","coordinates":[[[136.5485578092446,35.94251356788681],[136.54896212075167,35.94261721047918],[136.5490930996894,35.94231835556268],[136.54885141698608,35.94224828506532],[136.5487357228598,35.942188037173274],[136.5485578092446,35.94251356788681]]]}},{"type":"Feature","properties":{"pid":"85a3d0b1-55d1-4573-a39f-ebe33ffed0d3"},"geometry":{"type":"Polygon","coordinates":[[[136.54854772899824,35.94189657468847],[136.548549819426,35.94191336561127],[136.54888117896218,35.94210333161621],[136.54915114028742,35.941702681842195],[136.5490262152597,35.94162777953153],[136.54854772899824,35.94189657468847]]]}},{"type":"Feature","properties":{"pid":"09f842ab-8ad4-45ec-8cc0-b31b770bb5cb"},"geometry":{"type":"Polygon","coordinates":[[[136.54817620263697,35.94092152555281],[136.54815202828942,35.941063008930634],[136.54816856313693,35.94108151982883],[136.5493262039755,35.94114232884853],[136.54936905067387,35.94112042919218],[136.5493732292702,35.94099676756833],[136.54817620263697,35.94092152555281]]]}},{"type":"Feature","properties":{"pid":"e5b8edee-4cce-4e8c-b63f-3eaa6660155c"},"geometry":{"type":"Polygon","coordinates":[[[136.54828271719265,35.94118974230845],[136.54828877771416,35.941227429947006],[136.54824210246178,35.94129715497495],[136.54898550865403,35.94135003875799],[136.54916044980675,35.94124164598413],[136.54828271719265,35.94118974230845]]]}},{"type":"Feature","properties":{"pid":"ca761122-c5ec-4ee3-82bf-cd2426657353"},"geometry":{"type":"Polygon","coordinates":[[[136.54914681004934,35.941562754743615],[136.54926383812827,35.94163691792028],[136.54941107537053,35.94167816988677],[136.549486722942,35.94153800983561],[136.549544695897,35.9414962661752],[136.54960356664716,35.941490515561824],[136.54966389178227,35.94132489280384],[136.54960339330597,35.94128859749084],[136.54914681004934,35.941562754743615]]]}},{"type":"Feature","properties":{"pid":"3878947b-4ffd-4a51-a787-92f5dd7eaa71"},"geometry":{"type":"Polygon","coordinates":[[[136.5492242682932,35.94180964478819],[136.54933398426633,35.94184568036907],[136.5493673772475,35.94178776266745],[136.5492623889038,35.94175604284615],[136.5492242682932,35.94180964478819]]]}},{"type":"Feature","properties":{"pid":"b9aea6ec-0aaf-4cdf-95b6-25a1c8da2fb1"},"geometry":{"type":"Polygon","coordinates":[[[136.54702268668154,35.94076790518975],[136.5479905847811,35.94082660546161],[136.54801027861652,35.94063876934298],[136.54704188493855,35.94058833661646],[136.54702268668154,35.94076790518975]]]}},{"type":"Feature","properties":{"pid":"c4dad104-c9a4-47f1-a747-316f83c18738"},"geometry":{"type":"Polygon","coordinates":[[[136.54806725301577,35.941786846846774],[136.54805124231046,35.94190574868312],[136.54825306458918,35.94179883893797],[136.54806725301577,35.941786846846774]]]}},{"type":"Feature","properties":{"pid":"6305e351-7856-42af-aa2d-5a1fa587dd2f"},"geometry":{"type":"Polygon","coordinates":[[[136.54731535164098,35.941648948169565],[136.54785638495085,35.941683851742724],[136.54787712718144,35.94167357249497],[136.54789439394318,35.94145916680333],[136.54734578289404,35.94138567194043],[136.54731535164098,35.941648948169565]]]}},{"type":"Feature","properties":{"pid":"f4dc0cf5-b0fc-4240-9ec5-145765bab1aa"},"geometry":{"type":"Polygon","coordinates":[[[136.54735609982856,35.94127920801856],[136.5478086145442,35.94133487730664],[136.54783012847597,35.941170795804226],[136.54760381372446,35.94115018715739],[136.5475590005928,35.94120777370256],[136.5474287596113,35.941210467683156],[136.5473862447425,35.94119401828018],[136.54736863878423,35.94115626157715],[136.54735609982856,35.94127920801856]]]}},{"type":"Feature","properties":{"pid":"0810e362-93fb-4c8a-9803-11b8dac512e5"},"geometry":{"type":"Polygon","coordinates":[[[136.5458014045422,35.941213162381345],[136.54689607630664,35.941278725316366],[136.54693537143413,35.941245967457064],[136.54711295692104,35.94120144432153],[136.54712021858427,35.94112543502493],[136.54581527394552,35.94105672177128],[136.5458014045422,35.941213162381345]]]}},{"type":"Feature","properties":{"pid":"8654bd8e-dc85-4714-badd-9d0531ed386c"},"geometry":{"type":"Polygon","coordinates":[[[136.5466147592215,35.94162573123279],[136.54664835949757,35.9416271350742],[136.5468084922602,35.94140105293106],[136.54662440939924,35.9413954154436],[136.5466147592215,35.94162573123279]]]}},{"type":"Feature","properties":{"pid":"24116915-c189-4059-8ed9-70e192d8fdf4"},"geometry":{"type":"Polygon","coordinates":[[[136.545508748806,35.94174710259929],[136.5465778831541,35.941794172620554],[136.5465891446172,35.941746042418266],[136.54646517666276,35.941727370186115],[136.5464506835383,35.94170011502131],[136.54645245694397,35.941629862513395],[136.54566338617107,35.94158789582217],[136.545508748806,35.94174710259929]]]}},{"type":"Feature","properties":{"pid":"0213bffd-1900-4251-815c-8b53479f46d0"},"geometry":{"type":"Polygon","coordinates":[[[136.54578237872235,35.94148439483395],[136.54646520740485,35.941511780067074],[136.54648484583166,35.941363702958256],[136.54582576353505,35.94132486971958],[136.54580408642101,35.941455862202936],[136.54578237872235,35.94148439483395]]]}},{"type":"Feature","properties":{"pid":"b0b3757e-8bdc-453a-b253-88a2ddf88b20"},"geometry":{"type":"Polygon","coordinates":[[[136.54584390893038,35.94073407558198],[136.54682478487803,35.940802090119185],[136.54685092742568,35.940568144914934],[136.54589534991194,35.94051526889718],[136.5458599586616,35.94054834736337],[136.54584390893038,35.94073407558198]]]}},{"type":"Feature","properties":{"pid":"a9c5e6e9-41b1-42d1-b0ce-5678442af661"},"geometry":{"type":"Polygon","coordinates":[[[136.5458408939446,35.940839662083874],[136.5458329720778,35.940904331276606],[136.5468057634908,35.9409619238812],[136.54680986728252,35.94090439715061],[136.5458408939446,35.940839662083874]]]}},{"type":"Feature","properties":{"pid":"130d20e6-cd93-4f95-acb7-bdfe3e3fa77d"},"geometry":{"type":"Polygon","coordinates":[[[136.54482251602388,35.940706364909474],[136.54485137626932,35.94088679089509],[136.54561409548478,35.940934447335486],[136.54562543568275,35.94075832898624],[136.54482251602388,35.940706364909474]]]}},{"type":"Feature","properties":{"pid":"9a2d4548-01e2-4833-bd4c-9c2f34076bee"},"geometry":{"type":"Polygon","coordinates":[[[136.54486518716516,35.940994037064314],[136.54493942989546,35.941397549870146],[136.54497739152114,35.941406194028566],[136.54520367174058,35.94130915691795],[136.54526445884866,35.94125564020121],[136.54533291661465,35.94122895413439],[136.54551113771225,35.9412430721517],[136.5455920478531,35.94120940876589],[136.54560004144955,35.94104064991964],[136.54486518716516,35.940994037064314]]]}},{"type":"Feature","properties":{"pid":"29ff3f71-3c61-473a-aa5d-b477dd07a2ae"},"geometry":{"type":"Polygon","coordinates":[[[136.54339652719003,35.941284168117804],[136.54341191114088,35.94132392958767],[136.54468151657898,35.9413974763304],[136.544670076868,35.941220994106395],[136.54435599097704,35.94127036338003],[136.54431719698277,35.94125749810825],[136.54429492649123,35.94121817261183],[136.54374245859964,35.94119486443284],[136.5437376053859,35.941255435394886],[136.54369559099823,35.941294572566235],[136.54339652719003,35.941284168117804]]]}},{"type":"Feature","properties":{"pid":"35215a9b-97eb-41d7-b37a-cf803d7fe1f1"},"geometry":{"type":"MultiPolygon","coordinates":[[[[136.54338386906775,35.941488322866384],[136.5438381451321,35.94153029232353],[136.54386240156583,35.941480964419355],[136.5439334337823,35.94146955295439],[136.54338418969462,35.94143572885537],[136.54338386906775,35.941488322866384]]],[[[136.54427589693285,35.94149064157259],[136.5442830126014,35.941584048272944],[136.5444268480426,35.94162821733178],[136.54462594446514,35.941512196207015],[136.54427589693285,35.94149064157259]]]]}},{"type":"Feature","properties":{"pid":"3f42f9d0-8114-425b-8223-12640b9439b3"},"geometry":{"type":"Polygon","coordinates":[[[136.54335253840887,35.94183500426327],[136.54372406599256,35.94182818289843],[136.54378792272044,35.94163840635654],[136.54337082206425,35.94161838836007],[136.54335253840887,35.94183500426327]]]}},{"type":"Feature","properties":{"pid":"8f93edc8-d081-4b85-aab9-06e89a80d538"},"geometry":{"type":"Polygon","coordinates":[[[136.54342530707154,35.94087669126002],[136.543418229671,35.94102290215181],[136.54369218089923,35.941037126484474],[136.54372273884744,35.94105384604918],[136.5437354935318,35.94108650256135],[136.5442951845007,35.94111220798762],[136.544292854766,35.940924283820976],[136.54342530707154,35.94087669126002]]]}},{"type":"Feature","properties":{"pid":"5acbc033-7daa-4056-9a16-0c4c107c24d5"},"geometry":{"type":"Polygon","coordinates":[[[136.54345194560213,35.94074966160609],[136.54443255028747,35.94083020397766],[136.54460556223702,35.9408206225738],[136.54458905798194,35.94069282049189],[136.5434594058506,35.94062492253188],[136.54345194560213,35.94074966160609]]]}},{"type":"Feature","properties":{"pid":"e35b6140-d94c-40a1-a6a5-46f92f509ea0"},"geometry":{"type":"Polygon","coordinates":[[[136.54225464641954,35.94097763701775],[136.54318047030918,35.94103651104626],[136.5432204272605,35.94100543825646],[136.54323456156948,35.94084750892647],[136.54226194975178,35.9407910055298],[136.54225464641954,35.94097763701775]]]}},{"type":"Feature","properties":{"pid":"33f920c3-193f-4c86-b3d8-b3aeb4e5bf9a"},"geometry":{"type":"Polygon","coordinates":[[[136.54226837061665,35.94067897753458],[136.54321457049858,35.94073873987837],[136.54324842052714,35.94071139208178],[136.54325768036028,35.940610908719975],[136.542276506091,35.940554742258335],[136.54226837061665,35.94067897753458]]]}},{"type":"Feature","properties":{"pid":"2b62ba61-95d2-4539-9002-d32c446f72c4"},"geometry":{"type":"Polygon","coordinates":[[[136.54222425090387,35.9412516878304],[136.54317684758962,35.94130923868121],[136.54320888359894,35.94128699791016],[136.54321939680224,35.94115462367903],[136.54222805294447,35.94109268074357],[136.54222425090387,35.9412516878304]]]}},{"type":"Feature","properties":{"pid":"a0105074-1747-4a9d-b14c-2c8c4f92c7e9"},"geometry":{"type":"Polygon","coordinates":[[[136.54217182056797,35.94181048258131],[136.54224921439928,35.94182496118008],[136.5422752476701,35.94186435815282],[136.54238939617488,35.94185939051446],[136.54238308990645,35.94180612171984],[136.54242129617697,35.94176988039123],[136.54267974722387,35.94175229709302],[136.54273746386414,35.94178443255387],[136.54275979546532,35.941870126849494],[136.54315372165294,35.94184596164945],[136.54316880070607,35.94169172572872],[136.54218017030814,35.94162541944403],[136.54217182056797,35.94181048258131]]]}},{"type":"Feature","properties":{"pid":"3f82f46b-a6ba-4d28-a1a6-0f02d3bd3359"},"geometry":{"type":"Polygon","coordinates":[[[136.54218906871105,35.941527016318595],[136.54313744491802,35.94158384309136],[136.54318865355236,35.941550447562705],[136.5431983063698,35.94142410855634],[136.54220272348178,35.941362726912736],[136.54218906871105,35.941527016318595]]]}},{"type":"Feature","properties":{"pid":"ae96a112-41e3-4735-b825-98926ec3e2f4"},"geometry":{"type":"Polygon","coordinates":[[[136.5410183375329,35.941175487991984],[136.5420217174089,35.94123828734421],[136.54203633017661,35.94108287816451],[136.54106064411144,35.94102927329212],[136.54102261178176,35.94105816178072],[136.5410183375329,35.941175487991984]]]}},{"type":"Feature","properties":{"pid":"8be927ca-0cac-4c3a-bed0-e3b1f3501a4c"},"geometry":{"type":"Polygon","coordinates":[[[136.5409897947712,35.94143908004935],[136.54100491020657,35.94145596356284],[136.54200187188133,35.94151772977131],[136.54202029738786,35.94134746426257],[136.5410064663543,35.941284453419996],[136.5409897947712,35.94143908004935]]]}},{"type":"Feature","properties":{"pid":"8e1a1a1d-f98f-4eb6-8e37-b7115708504c"},"geometry":{"type":"Polygon","coordinates":[[[136.54096947087737,35.94172268117717],[136.54197945160618,35.941786081345306],[136.54199037774387,35.94162193658173],[136.54098392960637,35.941565552845674],[136.54096947087737,35.94172268117717]]]}},{"type":"Feature","properties":{"pid":"d5b6f563-3264-4c52-afc7-0452b92d0cd0"},"geometry":{"type":"Polygon","coordinates":[[[136.54106833808308,35.940758575470475],[136.54105862246595,35.940895853065136],[136.54107151792084,35.94091609258475],[136.5420495669234,35.940977081388546],[136.54206058831468,35.94081513741643],[136.54106833808308,35.940758575470475]]]}},{"type":"Feature","properties":{"pid":"2f145dde-ef5b-4056-b2b5-c2c306300512"},"geometry":{"type":"Polygon","coordinates":[[[136.54109454391337,35.94048871571995],[136.54108270627418,35.94064356854762],[136.54206609670808,35.94070321033326],[136.54207844071775,35.94054894883159],[136.54109454391337,35.94048871571995]]]}},{"type":"Feature","properties":{"pid":"5dce8852-b46e-4bcf-add1-152cd7b28eeb"},"geometry":{"type":"Polygon","coordinates":[[[136.5398718807018,35.94084104339014],[136.54079041746542,35.9408988566207],[136.5408121771111,35.9408730500542],[136.5408478566033,35.94086469406906],[136.5408776162135,35.94073893249092],[136.5398869595523,35.940681608183404],[136.5398718807018,35.94084104339014]]]}},{"type":"Feature","properties":{"pid":"af58f550-4fb0-42b8-83a2-e1ec250bd1d5"},"geometry":{"type":"Polygon","coordinates":[[[136.53984758534637,35.94111168663171],[136.54081120284462,35.94116869739921],[136.5408432273264,35.941150328767534],[136.54084804937386,35.94107512005333],[136.5408274717556,35.94100978949605],[136.5398574223306,35.94094632426851],[136.53984758534637,35.94111168663171]]]}},{"type":"Feature","properties":{"pid":"dd543511-3ea1-4d12-a4e2-f450affffe39"},"geometry":{"type":"Polygon","coordinates":[[[136.53983000375413,35.941377887385016],[136.54078278884197,35.94144544636849],[136.54081605093214,35.94142782466486],[136.54082983234147,35.941275954172724],[136.5398389720031,35.94121476682842],[136.53983000375413,35.941377887385016]]]}},{"type":"Feature","properties":{"pid":"9a3df68c-8047-464a-9173-b81d57e32ec1"},"geometry":{"type":"Polygon","coordinates":[[[136.5397793452267,35.941918855008694],[136.54071399053362,35.94196911442135],[136.54074711514906,35.94194631790332],[136.54075922494914,35.94182618214193],[136.5397909668232,35.94176938102034],[136.5397793452267,35.941918855008694]]]}},{"type":"Feature","properties":{"pid":"36ccf4bd-aa46-4f6b-a806-0b23f9a5f486"},"geometry":{"type":"Polygon","coordinates":[[[136.53980447702398,35.9416463913364],[136.54075490906968,35.94170236231602],[136.54076837411313,35.94169114633201],[136.54078904534805,35.941554602310724],[136.53981911268957,35.94148877141413],[136.53980447702398,35.9416463913364]]]}},{"type":"Feature","properties":{"pid":"f86c29cf-f3b9-41f4-9077-3d24ee6afec6"},"geometry":{"type":"Polygon","coordinates":[[[136.5389396510229,35.941047722151],[136.53966099952876,35.94109191933014],[136.5396695591629,35.94094323190536],[136.539001810568,35.94090315353612],[136.5389396510229,35.941047722151]]]}},{"type":"Feature","properties":{"pid":"5b371a6f-306a-42fd-9f8b-505fbfa2abc4"},"geometry":{"type":"Polygon","coordinates":[[[136.53880037275542,35.941325992273306],[136.53963629153372,35.94137119283418],[136.53965250940263,35.941207831442554],[136.53887509449495,35.941153692502105],[136.53880037275542,35.941325992273306]]]}},{"type":"Feature","properties":{"pid":"218ab1eb-18ca-4e4b-967b-f99f7e26ab76"},"geometry":{"type":"Polygon","coordinates":[[[136.53868570446295,35.941600808476224],[136.53961246302111,35.94165686663106],[136.53962074028948,35.94147947317386],[136.5387699632072,35.941422929459094],[136.538741488492,35.94143835991374],[136.53868570446295,35.941600808476224]]]}},{"type":"Feature","properties":{"pid":"43f2bb7f-94e5-4bb4-853e-cd03d0e5b846"},"geometry":{"type":"Polygon","coordinates":[[[136.53866188269907,35.94171346026531],[136.5386584017802,35.94185222403959],[136.53958874523389,35.94190784383014],[136.53960453939928,35.9417684214647],[136.53866188269907,35.94171346026531]]]}},{"type":"Feature","properties":{"pid":"b7fdab5a-4a31-48e9-9394-304a1c596581"},"geometry":{"type":"Polygon","coordinates":[[[136.5375366195913,35.94097314880523],[136.5386549314339,35.941044377502244],[136.53870678376435,35.9410224523074],[136.53876277033456,35.94088203729307],[136.5375509520743,35.94080897662179],[136.5375366195913,35.94097314880523]]]}},{"type":"Feature","properties":{"pid":"98b6c8c0-1a24-4f59-9718-da99b79be2e2"},"geometry":{"type":"Polygon","coordinates":[[[136.53755773167188,35.94069975095728],[136.5388028767793,35.940772201570155],[136.5388403563377,35.94066908688758],[136.5387852729432,35.94063328049152],[136.53863006127088,35.94062681767326],[136.5386100956926,35.940656916997014],[136.53857184494845,35.94067019056373],[136.53756753670683,35.94060703789612],[136.53755773167188,35.94069975095728]]]}},{"type":"Feature","properties":{"pid":"1c3f3f26-26e8-4d21-98b9-6cd4ef572ed4"},"geometry":{"type":"Polygon","coordinates":[[[136.53904367545513,35.94079606977459],[136.53968720766764,35.9408297979002],[136.53969938085854,35.940669619795784],[136.5391149347392,35.9406318608056],[136.53904367545513,35.94079606977459]]]}},{"type":"Feature","properties":{"pid":"b3060805-32e7-42f2-8262-4477583b8af9"},"geometry":{"type":"Polygon","coordinates":[[[136.53836320256156,35.95705681416649],[136.53835152162668,35.95721826419222],[136.53933927223906,35.95727990746661],[136.53935210210489,35.957120694019345],[136.53836320256156,35.95705681416649]]]}},{"type":"Feature","properties":{"pid":"e89f9f2c-2472-44c7-842f-297a0b43d5a0"},"geometry":{"type":"Polygon","coordinates":[[[136.53832291386706,35.956261613146225],[136.53840751284963,35.95641390362816],[136.53937336878369,35.95647525008584],[136.5394014630623,35.95645806721716],[136.53941516459489,35.956326688692435],[136.53832291386706,35.956261613146225]]]}},{"type":"Feature","properties":{"pid":"4fceedd4-ea2d-4ef1-92f0-2ff934276e90"},"geometry":{"type":"Polygon","coordinates":[[[136.53827757127155,35.955968504740916],[136.53830129619126,35.956152540353685],[136.53943562536494,35.95621745553202],[136.53945536701718,35.956051739510066],[136.53827757127155,35.955968504740916]]]}},{"type":"Feature","properties":{"pid":"becd4769-4b36-426f-87be-95d4f2ec50a0"},"geometry":{"type":"Polygon","coordinates":[[[136.53839583672277,35.956685279447996],[136.5393766767075,35.95674126531426],[136.53939143568817,35.9567284536718],[136.53939840089308,35.956588409818984],[136.53840762843637,35.95652139736135],[136.53839583672277,35.956685279447996]]]}},{"type":"Feature","properties":{"pid":"67673944-b0db-4b20-b96a-ef5e0a293d50"},"geometry":{"type":"Polygon","coordinates":[[[136.53837777279577,35.95695484345053],[136.5393643609045,35.95701417057006],[136.53937487532448,35.95685632569373],[136.53839145363204,35.95679123079214],[136.53837777279577,35.95695484345053]]]}},{"type":"Feature","properties":{"pid":"73bf5383-c472-4aef-bb14-a825fd245be3"},"geometry":{"type":"Polygon","coordinates":[[[136.5396033940909,35.956377462185245],[136.53961902740087,35.95639948636662],[136.54059744772889,35.95646943689246],[136.54062699445103,35.95611876856376],[136.53963174314396,35.95605962480445],[136.5396033940909,35.956377462185245]]]}},{"type":"Feature","properties":{"pid":"ec3037d2-9f39-425b-bfca-ab522818f077"},"geometry":{"type":"Polygon","coordinates":[[[136.53960044448283,35.95666973117793],[136.54056979808644,35.956743548030694],[136.5405869103449,35.95657610053311],[136.5395991398047,35.95652044266699],[136.53958545321242,35.956643305043556],[136.53960044448283,35.95666973117793]]]}},{"type":"Feature","properties":{"pid":"4ed15d3b-e409-42ae-a440-b0a17f3ecb7c"},"geometry":{"type":"Polygon","coordinates":[[[136.53955227304672,35.95693311445596],[136.53956539471747,35.95695359985647],[136.54054398612618,35.95701503947567],[136.54056081876922,35.956852062630915],[136.5395672182527,35.95678987455359],[136.53955227304672,35.95693311445596]]]}},{"type":"Feature","properties":{"pid":"d277b701-dad7-4022-97d6-c918eea86daf"},"geometry":{"type":"Polygon","coordinates":[[[136.53954535430944,35.957058949497736],[136.53954220311036,35.95712514016944],[136.54053915940247,35.95719956142803],[136.54054444641378,35.95711585911692],[136.53954535430944,35.957058949497736]]]}},{"type":"Feature","properties":{"pid":"c4cf6077-7155-41a8-9b92-4e6275f7d0d8"},"geometry":{"type":"Polygon","coordinates":[[[136.5407249132404,35.95701966239333],[136.5417182857048,35.957075106519454],[136.5417303831628,35.95698405206049],[136.54073405650223,35.95690520260857],[136.5407249132404,35.95701966239333]]]}},{"type":"Feature","properties":{"pid":"69c98f88-02fe-4957-8bd1-c61016fb2f94"},"geometry":{"type":"Polygon","coordinates":[[[136.54074242293893,35.95680501855446],[136.54172681866876,35.95687969316453],[136.54174037709848,35.95687136157812],[136.54175567368517,35.95672889680738],[136.54075237923928,35.95667253871657],[136.54074242293893,35.95680501855446]]]}},{"type":"Feature","properties":{"pid":"9e76b7f9-0ef1-4e1b-a3b4-11b93d30652b"},"geometry":{"type":"Polygon","coordinates":[[[136.54076272722003,35.956562706362064],[136.5417637940564,35.95661910257503],[136.54177631226491,35.95648819429316],[136.5407762591181,35.95641360459158],[136.54076272722003,35.956562706362064]]]}},{"type":"Feature","properties":{"pid":"0d12d02c-33ca-4632-a435-e9789c439d14"},"geometry":{"type":"Polygon","coordinates":[[[136.54078891355977,35.95631041438138],[136.54178679520678,35.9563862335187],[136.54179836361,35.95623313329269],[136.54080216303421,35.95616026776923],[136.54078891355977,35.95631041438138]]]}},{"type":"Feature","properties":{"pid":"5040ed07-a2a6-4ef4-90a7-15a8232c81ee"},"geometry":{"type":"Polygon","coordinates":[[[136.54192958153888,35.95673255055121],[136.54192799380067,35.95689510440415],[136.5429062919686,35.95695547299069],[136.54292023704605,35.956796522446886],[136.54192958153888,35.95673255055121]]]}},{"type":"Feature","properties":{"pid":"0016d1e0-66ce-4c5a-985c-ff4724c2ba5b"},"geometry":{"type":"Polygon","coordinates":[[[136.54193493610356,35.95659392128914],[136.5419565415694,35.95662199591246],[136.5429255894365,35.956688025236815],[136.54294349085237,35.95652693072243],[136.5419448938265,35.956463000281325],[136.54193493610356,35.95659392128914]]]}},{"type":"Feature","properties":{"pid":"510dcae0-195a-401a-a186-e9c7998ea217"},"geometry":{"type":"Polygon","coordinates":[[[136.54196421921372,35.956336366821034],[136.54198290665545,35.956358421120484],[136.54295603938505,35.95642155988864],[136.54297627667088,35.95626730551068],[136.54198180818605,35.956208709646226],[136.54196421921372,35.956336366821034]]]}},{"type":"Feature","properties":{"pid":"a5ea7e1d-c3d3-4f4d-8bee-c9f3f883b386"},"geometry":{"type":"Polygon","coordinates":[[[136.54189136685417,35.95717058289446],[136.54288585341325,35.95723498668951],[136.54289916365803,35.957062409027934],[136.5419002137544,35.95699954373161],[136.54189136685417,35.95717058289446]]]}},{"type":"Feature","properties":{"pid":"5f668029-60c7-4c72-9819-18d2b93d0d36"},"geometry":{"type":"Polygon","coordinates":[[[136.54308477128285,35.95697384224854],[136.54406766975876,35.957042908872275],[136.54408785328036,35.957024251656826],[136.54410070636132,35.95683380830975],[136.5431002713147,35.95677871400749],[136.54308477128285,35.95697384224854]]]}},{"type":"Feature","properties":{"pid":"2554646c-5235-4030-a7a3-be975efeabe5"},"geometry":{"type":"Polygon","coordinates":[[[136.5431106184624,35.95666871959369],[136.54410333846815,35.95672858801878],[136.54412636341624,35.95661175968004],[136.54312152080522,35.9565404782915],[136.5431106184624,35.95666871959369]]]}},{"type":"Feature","properties":{"pid":"99d2915c-6b5d-48d0-b399-b2c2e2d43c5a"},"geometry":{"type":"Polygon","coordinates":[[[136.54316822778767,35.95615881644175],[136.5441704659993,35.95621968344963],[136.5441753116748,35.956038531628224],[136.54319177069604,35.95596759748756],[136.54316822778767,35.95615881644175]]]}},{"type":"Feature","properties":{"pid":"13efa1e0-d747-4fd0-87c5-654df97aaf0a"},"geometry":{"type":"Polygon","coordinates":[[[136.5431383399517,35.956433954043106],[136.54413307709802,35.95649760693412],[136.54415726888288,35.95632561597147],[136.5431554965148,35.95626249168739],[136.5431383399517,35.956433954043106]]]}},{"type":"Feature","properties":{"pid":"356e246c-d0d1-4091-a500-5763f7ecc8c8"},"geometry":{"type":"Polygon","coordinates":[[[136.54430453925713,35.95652103951847],[136.5443262811672,35.95655897427108],[136.54507638794237,35.956611561871036],[136.54515582085838,35.95640300392997],[136.5443222531469,35.956349451008805],[136.54430453925713,35.95652103951847]]]}},{"type":"Feature","properties":{"pid":"dc2a1f80-e6c3-4a24-af94-2f8490301c40"},"geometry":{"type":"Polygon","coordinates":[[[136.54434480515306,35.95621498391407],[136.54435676589813,35.95623185552927],[136.54519499871432,35.956296710435126],[136.5452509225622,35.95610682792618],[136.54436162249004,35.95603750831453],[136.54434480515306,35.95621498391407]]]}},{"type":"Feature","properties":{"pid":"33c37178-1390-4bd3-b25f-c8e4beb3a747"},"geometry":{"type":"Polygon","coordinates":[[[136.54428605644472,35.95685499960936],[136.54426364997448,35.95700993167167],[136.54428032171788,35.95702540010647],[136.54490117989994,35.95706390481382],[136.54497412166972,35.956893522673795],[136.54428605644472,35.95685499960936]]]}},{"type":"Feature","properties":{"pid":"990b5e23-3d6f-444e-b80e-8f09ed5a0a61"},"geometry":{"type":"Polygon","coordinates":[[[136.54857504888895,35.95709502481439],[136.54804661749003,35.95701672015203],[136.54794559649517,35.957237060664625],[136.54852220042127,35.957322503731795],[136.54857504888895,35.95709502481439]]]}},{"type":"Feature","properties":{"pid":"7c1521fc-867b-439b-a87c-0eb1f4baf6c6"},"geometry":{"type":"Polygon","coordinates":[[[136.54878588925027,35.95701543890998],[136.5491542518881,35.9570741535385],[136.54918215379692,35.95703502571323],[136.5492501854565,35.95703045041416],[136.54925669058431,35.95685052869095],[136.5488439001385,35.956791108899814],[136.54878588925027,35.95701543890998]]]}},{"type":"Feature","properties":{"pid":"4335d85e-a0fe-4808-9c9b-3b6c787be32b"},"geometry":{"type":"Polygon","coordinates":[[[136.548994762464,35.95605042696197],[136.54893991979887,35.95627449571288],[136.54946532631135,35.95635449757171],[136.54961354192002,35.95619662593508],[136.54964434535933,35.95614338386946],[136.548994762464,35.95605042696197]]]}},{"type":"Feature","properties":{"pid":"a6baeb23-9423-40d6-8554-9ae4ea873607"},"geometry":{"type":"Polygon","coordinates":[[[136.5492770033857,35.956744569288915],[136.54928977789137,35.956668029464495],[136.54935677709403,35.95651198443228],[136.54892056949123,35.95644684983041],[136.54886673151483,35.95668736342089],[136.5492770033857,35.956744569288915]]]}},{"type":"Feature","properties":{"pid":"321835e6-0cf6-4275-af56-0fddfc9348d2"},"geometry":{"type":"Polygon","coordinates":[[[136.54808380984394,35.956917963734355],[136.5485976753504,35.95699410955003],[136.5487265593741,35.95637925421907],[136.54824170425596,35.95629919293645],[136.54814420410642,35.95660702606433],[136.54808380984394,35.956917963734355]]]}},{"type":"Feature","properties":{"pid":"a4f5b121-ca74-4ff3-bed6-8f75ba3d2f13"},"geometry":{"type":"Polygon","coordinates":[[[136.5483708921828,35.95594802923667],[136.54828923546307,35.95616554580529],[136.5487638528929,35.95623658398712],[136.54881550090687,35.956015514771096],[136.5483708921828,35.95594802923667]]]}},{"type":"Feature","properties":{"pid":"57876b0f-ee6f-4e8b-bc4c-df6653f0420d"},"geometry":{"type":"Polygon","coordinates":[[[136.5484063684787,35.95585399487554],[136.54884222537962,35.9559193404002],[136.5488954727944,35.95568231893656],[136.54849186670327,35.95562352708334],[136.5484063684787,35.95585399487554]]]}},{"type":"Feature","properties":{"pid":"37b4bffd-912d-465f-9ce8-aabebf9340eb"},"geometry":{"type":"Polygon","coordinates":[[[136.54892448523066,35.9555813584643],[136.54896987863623,35.955339924254254],[136.54859926039265,35.95528680626247],[136.54852801982324,35.95552234462608],[136.54892448523066,35.9555813584643]]]}},{"type":"Feature","properties":{"pid":"df10162c-f908-4cf3-86d2-8fc22c406006"},"geometry":{"type":"Polygon","coordinates":[[[136.54918330822215,35.95526869897318],[136.54999625445495,35.955393329088935],[136.55002255967392,35.95538103687404],[136.5500538284596,35.95517688273441],[136.5492449098003,35.955062434472445],[136.54918330822215,35.95526869897318]]]}},{"type":"Feature","properties":{"pid":"443fd165-230d-4bc6-9790-e9c4194df340"},"geometry":{"type":"Polygon","coordinates":[[[136.54997075231265,35.95573715244222],[136.55000005851213,35.95562553680264],[136.55000221595196,35.95551539068676],[136.54915329045443,35.95538521129995],[136.5491011730076,35.95561402965026],[136.54997075231265,35.95573715244222]]]}},{"type":"Feature","properties":{"pid":"0c45ff33-6156-4c13-8c87-0bf5d9212e62"},"geometry":{"type":"Polygon","coordinates":[[[136.5497759893218,35.956057513831006],[136.54983737996244,35.9559905683898],[136.54993066919036,35.9558458814522],[136.5490783429449,35.95571805917364],[136.54902482167853,35.95594691308159],[136.5497759893218,35.956057513831006]]]}},{"type":"Feature","properties":{"pid":"f0483b83-2b10-4b88-98b1-83713ce04820"},"geometry":{"type":"Polygon","coordinates":[[[136.54933196405776,35.954644267356954],[136.54927706198268,35.95486545972921],[136.5500484800366,35.95498185587006],[136.55005381055918,35.95474130012093],[136.54933196405776,35.954644267356954]]]}},{"type":"Feature","properties":{"pid":"07907dd1-9fcc-4e0c-8b8a-465f5b1f6514"},"geometry":{"type":"Polygon","coordinates":[[[136.55017170646423,35.95442378838201],[136.54939738537223,35.95431270083074],[136.54935326031267,35.95453115472296],[136.5500580226151,35.95463996713504],[136.55010574963993,35.95445694161891],[136.55017170646423,35.95442378838201]]]}},{"type":"Feature","properties":{"pid":"a8342bf3-b8ed-42e6-90bf-a54e79201622"},"geometry":{"type":"Polygon","coordinates":[[[136.54917386431325,35.954516381472935],[136.54921545333886,35.95429281837119],[136.54884924776215,35.95423395725899],[136.54879100526313,35.954458785407006],[136.54917386431325,35.954516381472935]]]}},{"type":"Feature","properties":{"pid":"2b3fdac5-ae70-4e9a-9def-b3f6c21109b2"},"geometry":{"type":"Polygon","coordinates":[[[136.54877042479322,35.9545659114517],[136.5486974259648,35.954829259006026],[136.54907656997784,35.95488724479246],[136.54914204903028,35.95462220630934],[136.54877042479322,35.9545659114517]]]}},{"type":"Feature","properties":{"pid":"6e329540-c49c-4dbd-9873-9f3eee3053b6"},"geometry":{"type":"Polygon","coordinates":[[[136.54924948827818,35.95418496831468],[136.5492993968891,35.95395047578548],[136.54893375791394,35.953897199134516],[136.54887890704626,35.95413338265047],[136.54924948827818,35.95418496831468]]]}},{"type":"Feature","properties":{"pid":"3e7c3daf-51f2-4ccc-8a1a-d31f5905498a"},"geometry":{"type":"Polygon","coordinates":[[[136.549325654893,35.953847955608],[136.5493723818687,35.95362310305505],[136.54900495661732,35.953571116020214],[136.54895646981097,35.953788805519515],[136.549325654893,35.953847955608]]]}},{"type":"Feature","properties":{"pid":"004ae06b-62a3-4c9f-a6e9-4a56e8005600"},"geometry":{"type":"Polygon","coordinates":[[[136.5491059681304,35.952779415275494],[136.54954483900875,35.95284525681907],[136.54959045355338,35.952626449474266],[136.5491270708771,35.95256319431703],[136.5491059681304,35.952779415275494]]]}},{"type":"Feature","properties":{"pid":"accd6abc-fccd-419b-b7f3-f14d2d844eac"},"geometry":{"type":"Polygon","coordinates":[[[136.54909739637986,35.95289877898258],[136.5490694835513,35.95311912096329],[136.54948110479214,35.95318157589133],[136.54952585345126,35.95295811913817],[136.54909739637986,35.95289877898258]]]}},{"type":"Feature","properties":{"pid":"2276100a-2484-42d0-a387-cfb0f74d38b5"},"geometry":{"type":"Polygon","coordinates":[[[136.54940647641283,35.953517861877096],[136.54945192575175,35.95328529723587],[136.54905675075668,35.9532289844443],[136.5490259856322,35.95346399182399],[136.54940647641283,35.953517861877096]]]}},{"type":"Feature","properties":{"pid":"d32f72c5-f7a3-4189-9d65-518f7f42bee3"},"geometry":{"type":"Polygon","coordinates":[[[136.54958626693704,35.953541490282504],[136.55030924548157,35.953650600127666],[136.55035723298684,35.953633963026235],[136.55040578418607,35.95341131879353],[136.54963877029613,35.95331688818863],[136.54958626693704,35.953541490282504]]]}},{"type":"Feature","properties":{"pid":"ef49ed36-dc19-4344-8e59-8d8d5af6ba90"},"geometry":{"type":"Polygon","coordinates":[[[136.54950683340937,35.9538786453595],[136.55024136193643,35.95398490395415],[136.550280822788,35.9539652632139],[136.55032889384827,35.95375765063743],[136.54955923957004,35.953642402119776],[136.54950683340937,35.9538786453595]]]}},{"type":"Feature","properties":{"pid":"05c89a4c-645b-4571-809e-3084ba42278b"},"geometry":{"type":"Polygon","coordinates":[[[136.54947284040668,35.953982234810326],[136.54941718468925,35.95420637020772],[136.55016732556746,35.95431658373409],[136.5502069786457,35.95429736594483],[136.5502501596643,35.95408739492585],[136.54947284040668,35.953982234810326]]]}},{"type":"Feature","properties":{"pid":"4ea768cf-c87f-4dd5-ac1c-802cb7df3549"},"geometry":{"type":"Polygon","coordinates":[[[136.5493555417411,35.95102891542506],[136.54995187393894,35.95112024854804],[136.55000575110427,35.95090253878165],[136.5493959253822,35.95080766107065],[136.5493555417411,35.95102891542506]]]}},{"type":"Feature","properties":{"pid":"5af6645b-fb14-4ca1-9716-5b65410dafcb"},"geometry":{"type":"Polygon","coordinates":[[[136.54924626356538,35.95167568995679],[136.5498094696716,35.95176669879318],[136.54985199795928,35.95156258951996],[136.54928631050154,35.95147141627044],[136.54924626356538,35.95167568995679]]]}},{"type":"Feature","properties":{"pid":"9bb59481-35fa-4d3d-9bef-e7eae77059c6"},"geometry":{"type":"Polygon","coordinates":[[[136.5491902529968,35.95203104001483],[136.5497273634843,35.95210847835867],[136.54977352956152,35.95188822856583],[136.5492345802061,35.95180702202407],[136.5491902529968,35.95203104001483]]]}},{"type":"Feature","properties":{"pid":"a9794a7f-5566-4949-9246-b8da3b41eefc"},"geometry":{"type":"Polygon","coordinates":[[[136.54917045855177,35.95240688972432],[136.5496308818923,35.952473244106685],[136.54969575798634,35.95221981058368],[136.54918932133145,35.95214659330323],[136.54914522002878,35.952383242876],[136.54917045855177,35.95240688972432]]]}},{"type":"Feature","properties":{"pid":"c4c5fad0-7d41-4e58-98ef-2cf35c47f9d7"},"geometry":{"type":"Polygon","coordinates":[[[136.54929629463047,35.951364936072366],[136.54988083460879,35.95145595084938],[136.54993934240574,35.95122209739788],[136.5493346059311,35.95113872154113],[136.54929629463047,35.951364936072366]]]}},{"type":"Feature","properties":{"pid":"aa8fdb1a-e655-4975-aa7b-45ddb395ee16"},"geometry":{"type":"Polygon","coordinates":[[[136.5494044498637,35.950689817922274],[136.5500255572424,35.950792604463814],[136.5500750489852,35.95055221547617],[136.54947114550774,35.95045880343077],[136.54945043536827,35.95046961569786],[136.5494044498637,35.950689817922274]]]}},{"type":"Feature","properties":{"pid":"3565bd2d-4959-41cc-88cc-9586c35ba486"},"geometry":{"type":"Polygon","coordinates":[[[136.54947238081309,35.950320806259306],[136.5501159476045,35.950418792713776],[136.55017930124393,35.95015929841355],[136.54953429748426,35.95005768856005],[136.54947238081309,35.950320806259306]]]}},{"type":"Feature","properties":{"pid":"fcc63f86-92ed-42cd-828a-1feb5349e265"},"geometry":{"type":"Polygon","coordinates":[[[136.5495940347777,35.94995230223249],[136.5502012637679,35.95004961832328],[136.55025157063548,35.949815311750825],[136.54965275083757,35.949717613362175],[136.5495940347777,35.94995230223249]]]}},{"type":"Feature","properties":{"pid":"ef57af35-eafa-4631-bd0f-5c4c24f6e75e"},"geometry":{"type":"Polygon","coordinates":[[[136.54603804511922,35.95060402254749],[136.54611063475102,35.950607129590324],[136.5462375857539,35.95015776212184],[136.5460879464712,35.95014848541614],[136.54603804511922,35.95060402254749]]]}},{"type":"Feature","properties":{"pid":"6049069d-a28c-4b8b-9ca4-7b0513aca50f"},"geometry":{"type":"Polygon","coordinates":[[[136.54609589286514,35.950041027402186],[136.54628481843935,35.95004914882851],[136.5464247091934,35.9496424284732],[136.54641190370677,35.94962694441933],[136.54614175132537,35.94960797479705],[136.54609589286514,35.950041027402186]]]}},{"type":"Feature","properties":{"pid":"a48de53d-a0e5-4744-965e-c97aa2637b69"},"geometry":{"type":"Polygon","coordinates":[[[136.54619917683718,35.949067939733226],[136.546195090093,35.94914490633198],[136.54656355110816,35.94916084740254],[136.54658078379435,35.949086751733866],[136.54619917683718,35.949067939733226]]]}},{"type":"Feature","properties":{"pid":"444e1798-e842-40c7-a1bd-dca759bf6fa6"},"geometry":{"type":"Polygon","coordinates":[[[136.54615869215155,35.9495037411829],[136.5464642482747,35.94952233225895],[136.54653276529166,35.94926671949172],[136.54618143719838,35.949248247698215],[136.54615869215155,35.9495037411829]]]}},{"type":"Feature","properties":{"pid":"977a2e37-644a-443f-abe9-518e67f89436"},"geometry":{"type":"Polygon","coordinates":[[[136.54502280883912,35.949265809674465],[136.54599836594542,35.94933206963427],[136.5460214209465,35.949169820648535],[136.54503819909633,35.94910984319264],[136.54502280883912,35.949265809674465]]]}},{"type":"Feature","properties":{"pid":"59fb2fd2-f265-4702-9097-be4dccd31fd1"},"geometry":{"type":"Polygon","coordinates":[[[136.54500413287036,35.94953529342909],[136.5459790109611,35.94958412446391],[136.5459932445366,35.94944675116484],[136.54502395843127,35.94937475133696],[136.54500413287036,35.94953529342909]]]}},{"type":"Feature","properties":{"pid":"fbb6b987-7a72-4466-b60b-87886773fa5a"},"geometry":{"type":"Polygon","coordinates":[[[136.544975894863,35.94979994710378],[136.54499020010758,35.949816790653465],[136.54594960645022,35.94986728692595],[136.54596807868012,35.94970725693349],[136.54498574065354,35.94965129917725],[136.544975894863,35.94979994710378]]]}},{"type":"Feature","properties":{"pid":"0d5938ae-353c-4708-96b5-3786e9346699"},"geometry":{"type":"Polygon","coordinates":[[[136.54384470340807,35.94919809919274],[136.54478160613021,35.949253397094616],[136.544832946983,35.94922736713569],[136.54484512995796,35.9490900936479],[136.54385668041257,35.949033273081305],[136.54384470340807,35.94919809919274]]]}},{"type":"Feature","properties":{"pid":"373a4cae-af54-409f-99de-19eaf311a23e"},"geometry":{"type":"Polygon","coordinates":[[[136.54382163576244,35.949460840220745],[136.54473626681076,35.949524422659366],[136.5447591022259,35.94949137728857],[136.54480764645942,35.94948247395505],[136.54481468111928,35.94936403380664],[136.54383825302725,35.949305836703246],[136.54382163576244,35.949460840220745]]]}},{"type":"Feature","properties":{"pid":"70e65fe6-44de-4da3-9c3a-6bd3481e8a15"},"geometry":{"type":"Polygon","coordinates":[[[136.54380682711502,35.949691898826444],[136.5447561649257,35.949752272310306],[136.54478260939806,35.94973113819693],[136.5447925206378,35.94963282077749],[136.54381664415254,35.94956907764217],[136.54380682711502,35.949691898826444]]]}},{"type":"Feature","properties":{"pid":"911d3afd-ffc1-4fcc-98e9-8b63f25da8c5"},"geometry":{"type":"Polygon","coordinates":[[[136.54376754806378,35.949993947213635],[136.54469318585643,35.95005325982266],[136.54471831386542,35.95002660385072],[136.5447579916671,35.950019860121834],[136.54477834610998,35.949900831720676],[136.5437824398547,35.94983381635349],[136.54376754806378,35.949993947213635]]]}},{"type":"Feature","properties":{"pid":"6ec2e2ee-915d-4f85-b83c-1bc8e5488615"},"geometry":{"type":"Polygon","coordinates":[[[136.5437409804964,35.950266629677344],[136.54466498701066,35.950326984688296],[136.54471506728672,35.950298946632124],[136.5447318607481,35.95016388380567],[136.5437577364029,35.95010259305163],[136.5437409804964,35.950266629677344]]]}},{"type":"Feature","properties":{"pid":"fa5df4e9-d471-4548-af29-1b1a1ad21aa2"},"geometry":{"type":"Polygon","coordinates":[[[136.54333041354818,35.95036982333081],[136.54358111786925,35.950479221807065],[136.54358532567915,35.95001614191612],[136.54351146146942,35.950008814620034],[136.54333041354818,35.95036982333081]]]}},{"type":"Feature","properties":{"pid":"4b2690b9-5fb2-4ba3-85a0-fdf797c2776b"},"geometry":{"type":"Polygon","coordinates":[[[136.5436620577212,35.95076319837263],[136.54390272265823,35.95066496357031],[136.54373907782798,35.95065543437832],[136.5436620577212,35.95076319837263]]]}},{"type":"Feature","properties":{"pid":"204a8f33-ef18-46f2-9e44-ce04f57e1bea"},"geometry":{"type":"Polygon","coordinates":[[[136.54372835449402,35.9503718578166],[136.5437229850781,35.95043525824281],[136.54375546639469,35.950544763980965],[136.5442436717423,35.950567625942426],[136.544431786371,35.95052777377976],[136.54464319956963,35.95053643766792],[136.54466485172256,35.95051007194701],[136.54469764305094,35.950500485914446],[136.5447028184189,35.950438748375014],[136.54372835449402,35.9503718578166]]]}},{"type":"Feature","properties":{"pid":"ca47f8fb-b7b3-4e72-ba0c-560651e04539"},"geometry":{"type":"Polygon","coordinates":[[[136.54494957693052,35.950288864573004],[136.54588288920962,35.95034289216217],[136.54590091652324,35.95020551385692],[136.54496410377348,35.95015070500026],[136.54494957693052,35.950288864573004]]]}},{"type":"Feature","properties":{"pid":"7b4dff8c-455b-4d87-9a38-8731f36f3f14"},"geometry":{"type":"Polygon","coordinates":[[[136.54494228511624,35.9500308921045],[136.54592217287842,35.950099430317074],[136.54593080239468,35.94997946686821],[136.54497961942988,35.94991789175088],[136.54494910435895,35.949938456734685],[136.54494228511624,35.9500308921045]]]}},{"type":"Feature","properties":{"pid":"e63172b0-f3fb-4f6e-9f2e-9ae4798b25fe"},"geometry":{"type":"Polygon","coordinates":[[[136.5449170477421,35.950542811619066],[136.5458626997993,35.95060004579059],[136.54587448032663,35.95045622199659],[136.54492741292526,35.95039638071322],[136.5449170477421,35.950542811619066]]]}},{"type":"Feature","properties":{"pid":"ca877ef9-fcb1-4faf-9034-357f870b6993"},"geometry":{"type":"Polygon","coordinates":[[[136.54487007944059,35.95077963542621],[136.54607373147923,35.95085180647017],[136.54610576389135,35.95079462391525],[136.54607220254883,35.95076686809487],[136.54492138805745,35.95069190321457],[136.54487680537054,35.95072184193624],[136.54487007944059,35.95077963542621]]]}},{"type":"Feature","properties":{"pid":"bb295556-e384-4db6-bda9-d26865a743b6"},"geometry":{"type":"Polygon","coordinates":[[[136.5448576535844,35.95101742172737],[136.54488535359468,35.95104913610266],[136.54603296182782,35.95112237143008],[136.54605332074993,35.9509522160019],[136.54486196824269,35.95087885583554],[136.5448576535844,35.95101742172737]]]}},{"type":"Feature","properties":{"pid":"598a7c66-077e-4fd5-a60f-b35c1af0a729"},"geometry":{"type":"Polygon","coordinates":[[[136.54481122855435,35.951598635309516],[136.54594997141768,35.951671500279744],[136.54601647659044,35.95122908193826],[136.54485101945085,35.951152440551105],[136.54481122855435,35.951598635309516]]]}},{"type":"Feature","properties":{"pid":"a844ab27-eaee-4df2-b554-e11a1b2fd10f"},"geometry":{"type":"Polygon","coordinates":[[[136.54357415914697,35.95156892169516],[136.54360357751156,35.951639889168945],[136.54452379910654,35.951693703584326],[136.54457043159022,35.95165953572221],[136.54458688989644,35.951544033541985],[136.54371337606352,35.95148193032227],[136.54357415914697,35.95156892169516]]]}},{"type":"Feature","properties":{"pid":"95ddb9ed-55f7-4fa8-98a5-14f873d917f6"},"geometry":{"type":"Polygon","coordinates":[[[136.54377845183032,35.95138317456516],[136.54423616326582,35.951408111011844],[136.54421191131482,35.95114256796038],[136.54377845183032,35.95138317456516]]]}},{"type":"Feature","properties":{"pid":"a934631a-fdb8-4925-8377-8532a72048c9"},"geometry":{"type":"Polygon","coordinates":[[[136.54433522814855,35.951088184579746],[136.54436656494101,35.95140334370841],[136.54462388072204,35.95141875969813],[136.54466289995423,35.95103335051127],[136.54433522814855,35.951088184579746]]]}},{"type":"Feature","properties":{"pid":"248ac618-c45e-44e4-a1cf-71e312bf969c"},"geometry":{"type":"Polygon","coordinates":[[[136.54360510205404,35.951749864971625],[136.54359558772768,35.951897108160075],[136.54454002722665,35.951945231764654],[136.54455603493912,35.95180558390323],[136.54360510205404,35.951749864971625]]]}},{"type":"Feature","properties":{"pid":"09709389-67b4-4ee0-9bbb-9c521a36928b"},"geometry":{"type":"Polygon","coordinates":[[[136.5435494521649,35.95228665870239],[136.5435310666057,35.952455681576296],[136.54447803461582,35.95250668258441],[136.54450190688615,35.952497147734896],[136.54451350329197,35.95233927505435],[136.5435494521649,35.95228665870239]]]}},{"type":"Feature","properties":{"pid":"32354655-84a8-4b98-8824-1eeb8f0d4d10"},"geometry":{"type":"Polygon","coordinates":[[[136.54357962626074,35.95201062509087],[136.54356523325202,35.95216370644015],[136.54451097399962,35.95221338256488],[136.5445371971373,35.95206915220666],[136.54357962626074,35.95201062509087]]]}},{"type":"Feature","properties":{"pid":"b5d469e7-f526-412a-800e-2eb525581597"},"geometry":{"type":"Polygon","coordinates":[[[136.5447970525603,35.95185869198392],[136.54592400234188,35.95192342846669],[136.54593690362717,35.95177760696844],[136.54480473894523,35.95171264269725],[136.5447970525603,35.95185869198392]]]}},{"type":"Feature","properties":{"pid":"45fea035-b18a-4d97-9119-1ecca3d5c80a"},"geometry":{"type":"Polygon","coordinates":[[[136.5447976711713,35.95201476817963],[136.54478817540402,35.952101272240945],[136.54597862136418,35.95218663058505],[136.54598618365443,35.95210039706356],[136.5459713835962,35.9520829870041],[136.5447976711713,35.95201476817963]]]}},{"type":"Feature","properties":{"pid":"894acfbc-b4d9-4807-bbda-cf5b64c747b6"},"geometry":{"type":"Polygon","coordinates":[[[136.5447686349168,35.95230475954666],[136.54594941396024,35.95239110204405],[136.54596137156324,35.95229240917097],[136.54477722024774,35.952207605651644],[136.5447686349168,35.95230475954666]]]}},{"type":"Feature","properties":{"pid":"2c29f003-0b3b-41a2-b6a6-09803245b673"},"geometry":{"type":"Polygon","coordinates":[[[136.5447547936954,35.95248370118875],[136.5447685689591,35.95250040430679],[136.54592698200474,35.952591804321045],[136.54593789496593,35.95249134032619],[136.5447629431329,35.9524073679934],[136.5447547936954,35.95248370118875]]]}},{"type":"Feature","properties":{"pid":"595439ef-6fb2-48f5-ae42-cb1396cba4a3"},"geometry":{"type":"Polygon","coordinates":[[[136.54450670339256,35.95450789308492],[136.54452080816986,35.9545203466134],[136.54556776315596,35.954581723831915],[136.54559087140933,35.95444718063136],[136.54451504130446,35.95437637276833],[136.54450670339256,35.95450789308492]]]}},{"type":"Feature","properties":{"pid":"623a9075-2241-4cdc-9ec1-3adc3f5f4484"},"geometry":{"type":"Polygon","coordinates":[[[136.54448396731328,35.954669439900705],[136.54450913405813,35.95469558681044],[136.54552587666026,35.95475218085572],[136.5455349035998,35.95470460705926],[136.54448690734424,35.95463392813583],[136.54448396731328,35.954669439900705]]]}},{"type":"Feature","properties":{"pid":"4cbccf43-b184-4d89-be99-947987345612"},"geometry":{"type":"Polygon","coordinates":[[[136.54447313660987,35.954843628090515],[136.54449412761957,35.954871127646165],[136.54550141643296,35.95493936704404],[136.54550984061444,35.95486741804926],[136.54447770237994,35.95480521724466],[136.54447313660987,35.954843628090515]]]}},{"type":"Feature","properties":{"pid":"c0f393bd-31ce-489c-85d8-b85fe22a2b9c"},"geometry":{"type":"Polygon","coordinates":[[[136.54445034801302,35.955140726000856],[136.54446581387134,35.9551608280418],[136.54545272438253,35.955235355681964],[136.54548512550073,35.9550386775386],[136.5444739562321,35.95497988545329],[136.54445034801302,35.955140726000856]]]}},{"type":"Feature","properties":{"pid":"1b3cb302-bf5a-4720-936c-d91e3a660108"},"geometry":{"type":"Polygon","coordinates":[[[136.544382151961,35.95589859106756],[136.54530122096335,35.955963165818964],[136.54535194939507,35.955780064467774],[136.54439712699212,35.955716313519915],[136.544382151961,35.95589859106756]]]}},{"type":"Feature","properties":{"pid":"482d7a67-c977-4f17-a5f8-6c422a4b5b1f"},"geometry":{"type":"Polygon","coordinates":[[[136.5444055157744,35.95558378302613],[136.54442049059256,35.95560601389272],[136.5453769752004,35.95566860645372],[136.54540463262222,35.9555084712046],[136.5444214238776,35.95543761966153],[136.5444055157744,35.95558378302613]]]}},{"type":"Feature","properties":{"pid":"10f5dda7-6428-447b-92b4-d4b81909feaf"},"geometry":{"type":"Polygon","coordinates":[[[136.54442762877872,35.95531165960532],[136.54444144602314,35.95532576712948],[136.54542211243478,35.95539544872507],[136.54543518296933,35.955337907773554],[136.54443154610863,35.95527158715548],[136.54442762877872,35.95531165960532]]]}},{"type":"Feature","properties":{"pid":"93fe68fe-9239-453d-8fdb-db2f9b102fed"},"geometry":{"type":"Polygon","coordinates":[[[136.543227893696,35.9556552451707],[136.54321391560384,35.95582768937789],[136.54322486555344,35.955832985735256],[136.5442032879389,35.955892733305504],[136.5442174613991,35.95571714570222],[136.543227893696,35.9556552451707]]]}},{"type":"Feature","properties":{"pid":"2f0b0dc0-a5ec-4f79-8646-ff8556a9827c"},"geometry":{"type":"Polygon","coordinates":[[[136.54323867206404,35.95554758993409],[136.5442287600364,35.95560887951002],[136.54424151665512,35.95545392969938],[136.54325443609181,35.95538874184649],[136.54323867206404,35.95554758993409]]]}},{"type":"Feature","properties":{"pid":"2fa10a36-e3da-41ec-b882-a2cd02d7124f"},"geometry":{"type":"Polygon","coordinates":[[[136.54326575931293,35.95528186420371],[136.5442487282603,35.95534289141864],[136.5442703351919,35.9551754400253],[136.54327551773534,35.95511952674907],[136.54326575931293,35.95528186420371]]]}},{"type":"Feature","properties":{"pid":"01ee2d09-24a7-40d8-a084-4a61f2f44945"},"geometry":{"type":"Polygon","coordinates":[[[136.5432905256333,35.955004276085376],[136.54423479593396,35.95506521733576],[136.54427206119345,35.955048154393964],[136.54428817205292,35.9549139860563],[136.54329642103076,35.95485288703907],[136.5432905256333,35.955004276085376]]]}},{"type":"Feature","properties":{"pid":"dcfafc71-d4c2-4306-95ab-6e8d7f3db34a"},"geometry":{"type":"Polygon","coordinates":[[[136.54332561146893,35.9544746615528],[136.54431018648086,35.954525877952456],[136.54432441260244,35.95436726041352],[136.54334279046728,35.95431178923395],[136.54332561146893,35.9544746615528]]]}},{"type":"Feature","properties":{"pid":"1da426ac-c263-466b-ae8b-46cbea93a924"},"geometry":{"type":"Polygon","coordinates":[[[136.5433078890218,35.95474065130439],[136.54425291008735,35.954806686734464],[136.54428797998244,35.954778426381864],[136.54430093699824,35.95464373489081],[136.54331581503712,35.95458736259252],[136.5433078890218,35.95474065130439]]]}},{"type":"Feature","properties":{"pid":"4d0b9573-6325-495e-9d23-0feabf9795b3"},"geometry":{"type":"Polygon","coordinates":[[[136.54335127007502,35.95416828443857],[136.54434559079144,35.95423205249511],[136.54435756818148,35.95410502572125],[136.54336067686793,35.95404056849795],[136.54335127007502,35.95416828443857]]]}},{"type":"Feature","properties":{"pid":"354f8af7-c572-4e40-a5fc-52f311658923"},"geometry":{"type":"Polygon","coordinates":[[[136.54341126775833,35.95365131980619],[136.5443824809499,35.95370975709509],[136.54439890228485,35.95369908619324],[136.5444116123164,35.95355760020903],[136.54342581430762,35.953495755486294],[136.54341126775833,35.95365131980619]]]}},{"type":"Feature","properties":{"pid":"79ae6b71-22a8-4a38-b1f2-57237432c3c8"},"geometry":{"type":"Polygon","coordinates":[[[136.54338237473004,35.95393146173931],[136.54437802902962,35.95399071752229],[136.54439744077183,35.953827884881306],[136.5433974926567,35.95376090346479],[136.54338237473004,35.95393146173931]]]}},{"type":"Feature","properties":{"pid":"ab364e48-96ca-4cba-8769-d4861cc903b5"},"geometry":{"type":"Polygon","coordinates":[[[136.54455672558245,35.95400436008565],[136.54568312495107,35.954070936203664],[136.54571674866045,35.95391821406688],[136.54457148099692,35.953843947549814],[136.54455672558245,35.95400436008565]]]}},{"type":"Feature","properties":{"pid":"cbcee792-c864-4db8-a931-4241b1704db1"},"geometry":{"type":"Polygon","coordinates":[[[136.54453678615192,35.95424083353406],[136.5445591644427,35.954274353505376],[136.5456155856558,35.95433837314799],[136.5456539085593,35.95418121593026],[136.54454512447907,35.954111797339166],[136.54453678615192,35.95424083353406]]]}},{"type":"Feature","properties":{"pid":"ef5b851a-b82d-4ae2-8fa6-0be36d54aec8"},"geometry":{"type":"Polygon","coordinates":[[[136.54458557120768,35.953731642161195],[136.5457329926912,35.953813121438486],[136.5457692024494,35.953676653151454],[136.54459826545653,35.95361062322314],[136.54458557120768,35.953731642161195]]]}},{"type":"Feature","properties":{"pid":"076a6a2d-d885-4192-9233-0b06b95ee5db"},"geometry":{"type":"Polygon","coordinates":[[[136.5446047123245,35.9534603222731],[136.5446178283111,35.95349533442458],[136.545789880134,35.95357178271693],[136.54579609556342,35.95352896929694],[136.5446047123245,35.9534603222731]]]}},{"type":"Feature","properties":{"pid":"f7a42c01-e5b7-4c9d-9870-cb4fe96d04c5"},"geometry":{"type":"Polygon","coordinates":[[[136.54462375100442,35.95333563652012],[136.5458598940855,35.95342515077911],[136.5458701229665,35.9533554516855],[136.54462968766504,35.953283279431226],[136.54462375100442,35.95333563652012]]]}},{"type":"Feature","properties":{"pid":"65d875f3-adfb-42db-abcf-a042ffe623f0"},"geometry":{"type":"Polygon","coordinates":[[[136.5447001150371,35.9529972122891],[136.54469111288768,35.95307490597242],[136.54470814503313,35.95309162767727],[136.5458528206294,35.95317528336317],[136.54586615889167,35.95306337776948],[136.5447001150371,35.9529972122891]]]}},{"type":"Feature","properties":{"pid":"fcc20792-bd0d-419f-ab42-47976f9916c9"},"geometry":{"type":"Polygon","coordinates":[[[136.5447177443933,35.95288525468752],[136.5458843104656,35.952953989279116],[136.5458921804666,35.95286963189461],[136.54472344241938,35.95279780718402],[136.5447177443933,35.95288525468752]]]}},{"type":"Feature","properties":{"pid":"50882870-7755-4326-86f0-b4d309167c2a"},"geometry":{"type":"Polygon","coordinates":[[[136.54473910906862,35.95268684433124],[136.54590017676952,35.95276112457491],[136.54590771972948,35.952697837511174],[136.54474916953671,35.95260928281217],[136.54473910906862,35.95268684433124]]]}},{"type":"Feature","properties":{"pid":"051cf932-273c-4e31-a3ca-0b3962bcf388"},"geometry":{"type":"Polygon","coordinates":[[[136.54350166789553,35.9527207390802],[136.5444665170571,35.95278403754728],[136.54449178372528,35.952757607778096],[136.54450472647162,35.95261004463821],[136.54352292855762,35.95255859118428],[136.54350166789553,35.9527207390802]]]}},{"type":"Feature","properties":{"pid":"5a0e72bd-4884-4103-ab87-f835c4b9066d"},"geometry":{"type":"Polygon","coordinates":[[[136.54341268351723,35.95331408614706],[136.54342933732724,35.953338822956],[136.5434295965803,35.953380537869464],[136.5444016898473,35.95344913946839],[136.54441854340465,35.95343933675699],[136.54443726015833,35.953288280220534],[136.5434241180119,35.95322961556442],[136.54341268351723,35.95331408614706]]]}},{"type":"Feature","properties":{"pid":"00ac5737-63d2-48fa-bb2e-8e3d845b7c2b"},"geometry":{"type":"Polygon","coordinates":[[[136.5434919356516,35.95283329033321],[136.54347287496464,35.95300708949265],[136.54440049345936,35.95307666529583],[136.54444821537365,35.95304795991528],[136.54445487985058,35.952899574941],[136.5434919356516,35.95283329033321]]]}},{"type":"Feature","properties":{"pid":"ef15ab59-c058-47d4-b607-41d53ad30efd"},"geometry":{"type":"Polygon","coordinates":[[[136.54233204419987,35.95264153826721],[136.543320862401,35.95271018572563],[136.5433317012217,35.95255090495006],[136.5423387583608,35.95249122653253],[136.54233204419987,35.95264153826721]]]}},{"type":"Feature","properties":{"pid":"0b6bf96b-4469-4fe4-8355-50c9b37bccce"},"geometry":{"type":"Polygon","coordinates":[[[136.5423157739719,35.95278059888673],[136.54230113277046,35.95293715374986],[136.54328980072208,35.952991022354645],[136.54331087694226,35.952817672631056],[136.54234222482893,35.95275825094662],[136.5423157739719,35.95278059888673]]]}},{"type":"Feature","properties":{"pid":"af176406-a331-4ac3-a66d-8c1f08776bbc"},"geometry":{"type":"Polygon","coordinates":[[[136.54225569096354,35.953316893657025],[136.543267926773,35.95338461112688],[136.54328308388725,35.95321896033153],[136.5422661442551,35.95315349998702],[136.54225569096354,35.953316893657025]]]}},{"type":"Feature","properties":{"pid":"d96faef7-59c6-46c5-9e00-e0b7bbcb5031"},"geometry":{"type":"Polygon","coordinates":[[[136.54117030355727,35.95255875664267],[136.5411668767433,35.95264802349536],[136.54211680926375,35.9526977714594],[136.5421444655556,35.95268100643369],[136.5421467188877,35.952622165829915],[136.54117030355727,35.95255875664267]]]}},{"type":"Feature","properties":{"pid":"d5672edd-59b5-4536-b776-a696dcdf0734"},"geometry":{"type":"Polygon","coordinates":[[[136.5411325390192,35.95285189146708],[136.54205812115248,35.95291219189165],[136.5421171609821,35.95288810796333],[136.54212642069754,35.95280443673766],[136.54114119021654,35.95275155523466],[136.5411325390192,35.95285189146708]]]}},{"type":"Feature","properties":{"pid":"cb59e44f-dd7d-4ee1-94aa-4b3ae2d317b1"},"geometry":{"type":"Polygon","coordinates":[[[136.5410833865558,35.95324834138211],[136.54208057451916,35.95329662919208],[136.54210059602366,35.95313714885057],[136.5411018376173,35.95307519266982],[136.5410833865558,35.95324834138211]]]}},{"type":"Feature","properties":{"pid":"63ea1f20-5998-4b01-8c86-36279a51cef5"},"geometry":{"type":"Polygon","coordinates":[[[136.5412779970698,35.95363671432715],[136.54143291569855,35.95369347639622],[136.54201553035583,35.95381030505983],[136.54203394833877,35.95380088785266],[136.54204484462326,35.953685366176565],[136.5412779970698,35.95363671432715]]]}},{"type":"Feature","properties":{"pid":"6c94507a-6f65-4cf0-8444-9e5d0d46bf73"},"geometry":{"type":"Polygon","coordinates":[[[136.54107094117603,35.95335083685956],[136.54105206398825,35.953565645876225],[136.54113835244215,35.953600665676895],[136.54115267415094,35.953601427556364],[136.54116949673693,35.9535447906421],[136.5412111529357,35.95352831917283],[136.54206068287132,35.95357944934178],[136.54207403210918,35.95341370313681],[136.54107094117603,35.95335083685956]]]}},{"type":"Feature","properties":{"pid":"0423c603-b96c-4026-afec-c52e4aebab36"},"geometry":{"type":"Polygon","coordinates":[[[136.54220304546973,35.95384261248504],[136.54222381008987,35.95387431539697],[136.54320396911766,35.95391852773364],[136.54322026459644,35.95375432743218],[136.5422172972814,35.95369439440202],[136.54220304546973,35.95384261248504]]]}},{"type":"Feature","properties":{"pid":"7e832209-d2d8-4696-92b1-e1aa8cff6af8"},"geometry":{"type":"Polygon","coordinates":[[[136.54223155756574,35.95356235513888],[136.54225551399,35.95358990414485],[136.543236550161,35.95364621713668],[136.54325150917248,35.95348536888667],[136.5422399895475,35.95342434997733],[136.54223155756574,35.95356235513888]]]}},{"type":"Feature","properties":{"pid":"06b9ba07-e815-4818-bfae-c29b56715566"},"geometry":{"type":"Polygon","coordinates":[[[136.54257509884127,35.95412434905711],[136.54318876499303,35.95416263996725],[136.54319930704784,35.95402570711985],[136.54266133061984,35.9539994158396],[136.54257509884127,35.95412434905711]]]}},{"type":"Feature","properties":{"pid":"2d27dcbb-35d4-4474-882b-032608f3d3af"},"geometry":{"type":"Polygon","coordinates":[[[136.54212180239398,35.95467900051565],[136.54312081686484,35.954732873046794],[136.54313886375488,35.95455900787958],[136.54235134464665,35.95450905153838],[136.54227687626016,35.95462858022117],[136.54212459104565,35.954640242377046],[136.54212180239398,35.95467900051565]]]}},{"type":"Feature","properties":{"pid":"c81f151d-d157-48c8-b477-4061ed365c95"},"geometry":{"type":"Polygon","coordinates":[[[136.54241352003024,35.954408550204235],[136.54287547282266,35.954437363394156],[136.54289168341455,35.954280444570735],[136.54252327655124,35.95425101572323],[136.54250301927166,35.95426180311146],[136.54241352003024,35.954408550204235]]]}},{"type":"Feature","properties":{"pid":"d75020b4-2e1e-4b37-82de-f19e2bf0d69a"},"geometry":{"type":"Polygon","coordinates":[[[136.54208512095943,35.955198676871575],[136.5430694742163,35.95526207745982],[136.54308668417482,35.95510595689094],[136.54209200538426,35.955047348734716],[136.54208512095943,35.955198676871575]]]}},{"type":"Feature","properties":{"pid":"1287b5fd-9b68-44aa-baa2-01d1134b0623"},"geometry":{"type":"Polygon","coordinates":[[[136.5421105570177,35.95491584214439],[136.54213599786254,35.954942268392514],[136.5430989384868,35.95499783230792],[136.5431182735684,35.954838305255024],[136.54211646216442,35.95477919152228],[136.5421105570177,35.95491584214439]]]}},{"type":"Feature","properties":{"pid":"79fd8c01-7725-40f0-b4b7-12f2596af15d"},"geometry":{"type":"Polygon","coordinates":[[[136.5420375509421,35.95558053914071],[136.54202362528778,35.95574786435175],[136.5420417766177,35.955759614715284],[136.5430143355598,35.95581297204033],[136.54303786449535,35.95564656552631],[136.5420375509421,35.95558053914071]]]}},{"type":"Feature","properties":{"pid":"a06c8b44-54ee-4052-8961-fb06fa62c379"},"geometry":{"type":"Polygon","coordinates":[[[136.54199328739466,35.95607399524673],[136.54201113498522,35.95610518514553],[136.54298457948957,35.95615353041628],[136.5430068299054,35.95596646674074],[136.54201181869325,35.95589738309696],[136.54199328739466,35.95607399524673]]]}},{"type":"Feature","properties":{"pid":"e8ce43c4-c422-47a5-927e-f4a9b048aeca"},"geometry":{"type":"Polygon","coordinates":[[[136.54206282015886,35.95545345840275],[136.54207350576596,35.955466536993995],[136.54304798786717,35.955539257932564],[136.54305947599826,35.955371397346966],[136.54207261700137,35.95530739481087],[136.54206282015886,35.95545345840275]]]}},{"type":"Feature","properties":{"pid":"d74682b9-1a5e-437b-a58c-0a867818e542"},"geometry":{"type":"Polygon","coordinates":[[[136.5408798106335,35.95539998491996],[136.541845774733,35.95546294717058],[136.5418711839595,35.95544441914162],[136.5418773491041,35.95530939102244],[136.54089374273067,35.955239471379684],[136.5408798106335,35.95539998491996]]]}},{"type":"Feature","properties":{"pid":"693b897e-76a3-4516-b02b-f957d613b39d"},"geometry":{"type":"Polygon","coordinates":[[[136.54081688742647,35.95605699414931],[136.54181290571145,35.956119227652366],[136.54184273979945,35.95588331621384],[136.54084397456649,35.955826558196556],[136.54081688742647,35.95605699414931]]]}},{"type":"Feature","properties":{"pid":"74ae3208-6967-4b95-826d-eba504b28f69"},"geometry":{"type":"Polygon","coordinates":[[[136.5408698012808,35.95550906840299],[136.54085069027883,35.95568327397133],[136.54184400526285,35.95573061257244],[136.54185620389748,35.9555764055389],[136.5408698012808,35.95550906840299]]]}},{"type":"Feature","properties":{"pid":"f832ac44-f22e-4d10-84ad-21f880def891"},"geometry":{"type":"Polygon","coordinates":[[[136.54090129333957,35.955134481136916],[136.54189710977676,35.955196506432245],[136.54191867944684,35.95503532686932],[136.5409182926822,35.95496900200511],[136.54090129333957,35.955134481136916]]]}},{"type":"Feature","properties":{"pid":"165a050d-3397-42b3-b5f8-33a1691c8202"},"geometry":{"type":"Polygon","coordinates":[[[136.54092472556343,35.95486360757582],[136.5419305852157,35.95492372355005],[136.54195117562483,35.95475972295414],[136.54093531835818,35.954706269549156],[136.54092472556343,35.95486360757582]]]}},{"type":"Feature","properties":{"pid":"b938fc7e-c7e0-4aeb-a02d-891ea71e0ccc"},"geometry":{"type":"Polygon","coordinates":[[[136.53978030257593,35.95449941766921],[136.53979612899263,35.95452506192982],[136.54073735262,35.95458199772179],[136.5404343049758,35.95449364430313],[136.54041048494685,35.95444244163125],[136.54043536674473,35.95438974669366],[136.53979294385363,35.95435074665373],[136.53978030257593,35.95449941766921]]]}},{"type":"Feature","properties":{"pid":"0e47e147-b1c9-4dba-9ac1-b188f6187563"},"geometry":{"type":"Polygon","coordinates":[[[136.53974833857436,35.95489388926743],[136.53973418535875,35.955030478097235],[136.53975186538983,35.95505392250351],[136.54072871431845,35.955112419599565],[136.54074556269447,35.95495359872426],[136.53974833857436,35.95489388926743]]]}},{"type":"Feature","properties":{"pid":"cab31766-89a8-40a9-927a-f211f0e38c78"},"geometry":{"type":"Polygon","coordinates":[[[136.53975519775935,35.954760822103786],[136.53977236166332,35.95478496094989],[136.54075464734393,35.954847365784225],[136.5407655023421,35.95469147862969],[136.53976845146758,35.954634538845035],[136.53975519775935,35.954760822103786]]]}},{"type":"Feature","properties":{"pid":"d332044a-97ac-432f-8d34-5e68db8e92d9"},"geometry":{"type":"Polygon","coordinates":[[[136.53970607374202,35.95530208640791],[136.53972570421212,35.95532321442986],[136.54070209847853,35.95539144597629],[136.54071895356319,35.95522292832949],[136.5397212463234,35.95516559841899],[136.53970607374202,35.95530208640791]]]}},{"type":"Feature","properties":{"pid":"c1b0cf77-62df-4693-83d6-6c80fcb7e8f0"},"geometry":{"type":"Polygon","coordinates":[[[136.53969446477555,35.9554362575581],[136.539683663531,35.95560736163844],[136.54067566079374,35.95567786549467],[136.5406918545618,35.95550052263549],[136.53969446477555,35.9554362575581]]]}},{"type":"Feature","properties":{"pid":"73931ebe-03db-4173-9b37-d67bd2385343"},"geometry":{"type":"Polygon","coordinates":[[[136.53964976229742,35.95592510917172],[136.53966430773983,35.95594931391731],[136.5406271122742,35.95601020469626],[136.54065724531733,35.955809592155134],[136.5396640530537,35.95573546162393],[136.53964976229742,35.95592510917172]]]}},{"type":"Feature","properties":{"pid":"3e1fcb1c-d98b-4f17-9534-99b926288a6f"},"geometry":{"type":"Polygon","coordinates":[[[136.5387107481304,35.95526597602828],[136.53946768188896,35.9553175723169],[136.53952206039273,35.955295160254146],[136.53953666416638,35.95514926245928],[136.53876669174295,35.955098403214194],[136.5387107481304,35.95526597602828]]]}},{"type":"Feature","properties":{"pid":"49d1f2cb-122f-42d6-ad26-4985f5783fd1"},"geometry":{"type":"Polygon","coordinates":[[[136.53849302164997,35.955521125993926],[136.53946356667134,35.95559637941875],[136.5394877661603,35.955580839196756],[136.53950996045018,35.95542430030692],[136.53860922852155,35.95537026460858],[136.53856170488652,35.95540312317758],[136.53849302164997,35.955521125993926]]]}},{"type":"Feature","properties":{"pid":"928e4985-f276-45c8-bca3-0e620e3db3ed"},"geometry":{"type":"Polygon","coordinates":[[[136.5383156986905,35.9558421537078],[136.5394176128201,35.95592998416994],[136.5394733150021,35.955918319097286],[136.53948667617544,35.95569822711307],[136.53843790379332,35.95563347021733],[136.5383156986905,35.9558421537078]]]}},{"type":"Feature","properties":{"pid":"eb3b807e-9559-485d-8256-42b4a477207c"},"geometry":{"type":"Polygon","coordinates":[[[136.53803037121403,35.955655950952455],[136.5382247905276,35.95567924563086],[136.53833072128748,35.95550143971151],[136.5380752733886,35.95545945247985],[136.53803037121403,35.955655950952455]]]}},{"type":"Feature","properties":{"pid":"418198ae-91af-4816-ad46-2f63430689b6"},"geometry":{"type":"MultiPolygon","coordinates":[[[[136.538924752212,35.95499087968696],[136.53914326432064,35.95500731362997],[136.5391126742739,35.954982468525564],[136.53907993097297,35.954893174286646],[136.53900632555738,35.95490347112673],[136.5389632026206,35.95487287083751],[136.538924752212,35.95499087968696]]],[[[136.5391754950086,35.95500973761363],[136.53952053295455,35.955035686439444],[136.53955682810576,35.95501625942297],[136.53956191186387,35.95495826515375],[136.5391754950086,35.95500973761363]]]]}},{"type":"Feature","properties":{"pid":"0b51ce7e-0c3a-47bf-a613-8aa9ce1a3039"},"geometry":{"type":"Polygon","coordinates":[[[136.53901555591995,35.95455801161395],[136.53959651281932,35.954610556253655],[136.5396039773582,35.95453566796465],[136.5390828823507,35.95449096145725],[136.53901555591995,35.95455801161395]]]}},{"type":"Feature","properties":{"pid":"23648ea8-a911-4234-8d0b-e1a071c77ac1"},"geometry":{"type":"Polygon","coordinates":[[[136.53914205852047,35.95439178487055],[136.53960984026682,35.954430241598956],[136.53961757399497,35.95435069203441],[136.53918970154768,35.954318545131585],[136.53914205852047,35.95439178487055]]]}},{"type":"Feature","properties":{"pid":"e2c4d3e5-cfdd-4ddc-83f9-720296d31b60"},"geometry":{"type":"Polygon","coordinates":[[[136.53800464889235,35.95471394093968],[136.53825108823818,35.95482739396782],[136.53836583597214,35.95475314339551],[136.5380245996092,35.954602310102146],[136.53800464889235,35.95471394093968]]]}},{"type":"Feature","properties":{"pid":"793a237d-8d1b-43b7-a4b2-01a31c7b27ee"},"geometry":{"type":"Polygon","coordinates":[[[136.5380513259707,35.95395245415349],[136.53858798017242,35.953930138575195],[136.5389379685707,35.95387861288219],[136.53894301857292,35.95383050382584],[136.53812474349175,35.95380296230987],[136.5380513259707,35.95395245415349]]]}},{"type":"Feature","properties":{"pid":"4386c477-c218-40b7-9074-69102bb0ba38"},"geometry":{"type":"Polygon","coordinates":[[[136.53818222668147,35.95370320562691],[136.53895882728685,35.95372423827008],[136.53892961358991,35.95365174224642],[136.53857599116927,35.953549807062004],[136.53854844188317,35.95352842711517],[136.53854573043907,35.953493957047556],[136.5384410120641,35.95346755232803],[136.53837631600103,35.95351604543178],[136.53828590185643,35.95349283710687],[136.53818222668147,35.95370320562691]]]}},{"type":"Feature","properties":{"pid":"17cf3969-5b23-4296-85e8-8b631e119462"},"geometry":{"type":"Polygon","coordinates":[[[136.53907985033774,35.95388285443631],[136.53926521911032,35.95390786713398],[136.53950883105904,35.95375091163303],[136.53966177614234,35.9536834242575],[136.5396496951912,35.95367019097078],[136.53927440631642,35.953653341691826],[136.53909322035952,35.953718124278076],[136.53907985033774,35.95388285443631]]]}},{"type":"Feature","properties":{"pid":"d0c98584-8b51-4275-94e4-7fd6dc822d08"},"geometry":{"type":"Polygon","coordinates":[[[136.53921471984694,35.9542168434262],[136.53962121803093,35.95424766529207],[136.5392767668079,35.954195395246124],[136.53923508907354,35.95417604427756],[136.53921471984694,35.9542168434262]]]}},{"type":"Feature","properties":{"pid":"5de815ba-ec5c-4537-96cf-69ba222689d8"},"geometry":{"type":"Polygon","coordinates":[[[136.53981678174938,35.9542447267129],[136.54009411987346,35.95426132260259],[136.54011039924117,35.954007857397634],[136.54007418737288,35.95396845356181],[136.53984871549005,35.95389989733],[136.53981678174938,35.9542447267129]]]}},{"type":"Feature","properties":{"pid":"ca6b5917-ce06-4f87-b0f7-5ce9524cf47b"},"geometry":{"type":"Polygon","coordinates":[[[136.54024499531153,35.95401564822888],[136.54023049382542,35.954267056232254],[136.54051215083945,35.954285606053986],[136.54061286607518,35.95413392809967],[136.54024499531153,35.95401564822888]]]}},{"type":"Feature","properties":{"pid":"fef4f8fa-6ab2-4ddc-b4f6-359b07dfbe31"},"geometry":{"type":"Polygon","coordinates":[[[136.53988235321984,35.9535660726588],[136.5398743260994,35.95369568436012],[136.53990096678493,35.953725619363105],[136.54037823265986,35.95388361724179],[136.54054115892828,35.9536017909464],[136.53988235321984,35.9535660726588]]]}},{"type":"Feature","properties":{"pid":"b7895283-bb30-41e0-b5c7-5b73ddfd1981"},"geometry":{"type":"Polygon","coordinates":[[[136.53990294208097,35.95328063858898],[136.53990181579883,35.953441160934055],[136.54087877734435,35.953501150841724],[136.540889812369,35.95334266907208],[136.53990294208097,35.95328063858898]]]}},{"type":"Feature","properties":{"pid":"f6623684-9c05-40ae-b561-770cd49e7a7c"},"geometry":{"type":"Polygon","coordinates":[[[136.5393159305894,35.95354347215824],[136.53966198285855,35.95356312604033],[136.5396935160522,35.953539965588725],[136.53971788863072,35.95326626492843],[136.53933060290467,35.953240440571406],[136.5393159305894,35.95354347215824]]]}},{"type":"Feature","properties":{"pid":"436726c6-7483-4269-9164-924ec9bd54bb"},"geometry":{"type":"Polygon","coordinates":[[[136.53991616247976,35.953169977826114],[136.54091806416005,35.95322920210075],[136.54093626008864,35.953064610905884],[136.53993054299903,35.953006131571755],[136.53991616247976,35.953169977826114]]]}},{"type":"Feature","properties":{"pid":"0fac858c-ebcc-445e-8408-4d95f943b443"},"geometry":{"type":"Polygon","coordinates":[[[136.5399601507973,35.95277687109681],[136.5409401085106,35.952837918908756],[136.5409587795048,35.95268543885529],[136.53998199001146,35.95261663695348],[136.53996827029437,35.95262524289045],[136.5399601507973,35.95277687109681]]]}},{"type":"Feature","properties":{"pid":"a52177e2-f254-4be5-aac7-daad010ecfc3"},"geometry":{"type":"Polygon","coordinates":[[[136.53871018530577,35.95268781400464],[136.53974198352657,35.95276142741898],[136.53977077379014,35.95274611009349],[136.53978052180204,35.95259902099136],[136.53877843098465,35.9525334665635],[136.53871018530577,35.95268781400464]]]}},{"type":"Feature","properties":{"pid":"6181b737-a7b7-4355-9f41-0d1889bc7666"},"geometry":{"type":"Polygon","coordinates":[[[136.5384374224373,35.95316772393495],[136.5392005921888,35.95316120585196],[136.5392200252374,35.95313332105951],[136.53925402773248,35.95312290240271],[136.53970912653733,35.9531482522166],[136.53972475128913,35.95314163868491],[136.53973077808766,35.95299088673978],[136.5385633677148,35.95290891325582],[136.5384374224373,35.95316772393495]]]}},{"type":"Feature","properties":{"pid":"46a43abf-0790-4257-9c4e-b547811c535a"},"geometry":{"type":"Polygon","coordinates":[[[136.53764079668665,35.95230417983885],[136.53852150898697,35.952360683453854],[136.5386135695489,35.952171843226125],[136.5376492745694,35.9521199568714],[136.53764079668665,35.95230417983885]]]}},{"type":"Feature","properties":{"pid":"fe5a355c-7a0f-488e-9c57-88a554a9b07c"},"geometry":{"type":"Polygon","coordinates":[[[136.53883281644914,35.952429525273686],[136.53978207941145,35.95249658166812],[136.53979511318283,35.95248715591596],[136.53980742151654,35.95233075527391],[136.53890650706236,35.95227324725931],[136.53883281644914,35.952429525273686]]]}},{"type":"Feature","properties":{"pid":"6680b8b7-1dc8-4df7-9aff-5f41cfa80d2a"},"geometry":{"type":"Polygon","coordinates":[[[136.53896330189093,35.952164364586615],[136.53979675650032,35.95222417038854],[136.5398239455615,35.95220301931298],[136.53982633775112,35.9520818130055],[136.53902235243805,35.95203079603991],[136.53896330189093,35.952164364586615]]]}},{"type":"Feature","properties":{"pid":"c269c351-a559-44b3-828b-fc238feb1361"},"geometry":{"type":"Polygon","coordinates":[[[136.5376638587936,35.952009059657605],[136.53866790694215,35.95206944413169],[136.5387440595558,35.95190809831939],[136.53869626773346,35.951878175155436],[136.53767643177449,35.951816302833954],[136.5376638587936,35.952009059657605]]]}},{"type":"Feature","properties":{"pid":"5fccfbca-0908-4218-ac44-71ed4171bffc"},"geometry":{"type":"Polygon","coordinates":[[[136.53770790681472,35.951549600140076],[136.53769631013031,35.951670043669715],[136.53870398727855,35.951730384845376],[136.53872009540274,35.95160397842046],[136.53770790681472,35.951549600140076]]]}},{"type":"Feature","properties":{"pid":"b2c3b09c-d9b1-4dab-a009-bd819a4820ba"},"geometry":{"type":"Polygon","coordinates":[[[136.53771569339688,35.95144675890274],[136.53872928016133,35.95150375813212],[136.53874150469898,35.95137351355041],[136.53772044120507,35.95131351061086],[136.53771569339688,35.95144675890274]]]}},{"type":"Feature","properties":{"pid":"2b4cbdf0-6307-4dcd-b003-9fe0333fe02f"},"geometry":{"type":"Polygon","coordinates":[[[136.5377410665228,35.95118977500061],[136.53775127884202,35.951204139000204],[136.5387508279296,35.95126413257714],[136.53876256729663,35.95104948090216],[136.53775949606936,35.95099043766003],[136.5377410665228,35.95118977500061]]]}},{"type":"Feature","properties":{"pid":"e919828f-015c-4ef5-9332-0f0654e1e98c"},"geometry":{"type":"Polygon","coordinates":[[[136.5377803744385,35.95072236633691],[136.53777033648,35.950881534983935],[136.53877309895378,35.950938055092365],[136.53878882837202,35.950777059168125],[136.5377803744385,35.95072236633691]]]}},{"type":"Feature","properties":{"pid":"0e0d6fb8-368f-4ddd-8bd7-cf8b94bacd49"},"geometry":{"type":"Polygon","coordinates":[[[136.53896561751097,35.950964136660765],[136.5392877958868,35.95098466250017],[136.53931165677176,35.950963090598144],[136.5393530820468,35.950957987668026],[136.5393995057785,35.95090016469456],[136.53896967583796,35.95087283181319],[136.53896561751097,35.950964136660765]]]}},{"type":"Feature","properties":{"pid":"238cb1b2-3f63-4dfc-bc7a-a05eec1d1956"},"geometry":{"type":"Polygon","coordinates":[[[136.53893480584597,35.95129015839667],[136.53912525423453,35.95129886937632],[136.53926522677875,35.95109056963932],[136.53895267311344,35.95107059084421],[136.53893480584597,35.95129015839667]]]}},{"type":"Feature","properties":{"pid":"e7da7466-1d11-49c6-b4db-b7e2e604cc18"},"geometry":{"type":"Polygon","coordinates":[[[136.53888480717075,35.951710623528264],[136.5390585826757,35.9514051110704],[136.53891909024796,35.95139513022854],[136.53888480717075,35.951710623528264]]]}},{"type":"Feature","properties":{"pid":"f019a4bb-d822-44db-b043-f07aa2a2e959"},"geometry":{"type":"Polygon","coordinates":[[[136.5394634753501,35.95149974509092],[136.53955196177156,35.951662229647376],[136.53986238455755,35.95167880418085],[136.5398951877231,35.95146608105317],[136.5396264914217,35.95144203256823],[136.53954356607076,35.95149496005028],[136.5394634753501,35.95149974509092]]]}},{"type":"Feature","properties":{"pid":"387a7e56-15c9-45ed-83cb-ff357c21dfdd"},"geometry":{"type":"Polygon","coordinates":[[[136.53980134435486,35.95134101677425],[136.53990950559358,35.95134657193073],[136.53992207230093,35.951238054442136],[136.5398989642656,35.951236797069335],[136.53987454918493,35.95129578727116],[136.53980134435486,35.95134101677425]]]}},{"type":"Feature","properties":{"pid":"de822aac-9efc-4626-8bd8-82f9c9ac4716"},"geometry":{"type":"Polygon","coordinates":[[[136.5397725002859,35.95097087382489],[136.5396791985941,35.951105159322445],[136.53973089114464,35.95112125821659],[136.53992594152695,35.95113083091036],[136.53993672294607,35.951037985606156],[136.5397725002859,35.95097087382489]]]}},{"type":"Feature","properties":{"pid":"7d39ae24-bd9a-4643-a77b-ebe7291edaec"},"geometry":{"type":"Polygon","coordinates":[[[136.54114078977298,35.950819788148785],[136.54026850898657,35.950755702378295],[136.54022582749317,35.95082000221453],[136.54113425214757,35.95088378488347],[136.54114078977298,35.950819788148785]]]}},{"type":"Feature","properties":{"pid":"50cbbe85-b73e-4b1a-83ed-4764b53be336"},"geometry":{"type":"Polygon","coordinates":[[[136.54012410431014,35.9510962963996],[136.54110536071542,35.951166605598516],[136.54112399289966,35.95098420653275],[136.54017325813595,35.95092200896802],[136.54014989383148,35.950967345631256],[136.54012410431014,35.9510962963996]]]}},{"type":"Feature","properties":{"pid":"68e05436-6eb0-4714-a4fb-c01548b6d0f9"},"geometry":{"type":"Polygon","coordinates":[[[136.54009147910475,35.95133115401069],[136.54108214393932,35.951393788117194],[136.5410938056869,35.951270286025206],[136.54011834603375,35.951202847537715],[136.54010178185231,35.951217804943695],[136.54009147910475,35.95133115401069]]]}},{"type":"Feature","properties":{"pid":"045be80c-2d3d-4040-98c3-57f931313433"},"geometry":{"type":"Polygon","coordinates":[[[136.54006807758597,35.95156008390113],[136.5410619486066,35.951616246936354],[136.54107262960977,35.95149530112741],[136.54007701644807,35.95143720735248],[136.54006807758597,35.95156008390113]]]}},{"type":"Feature","properties":{"pid":"28af6eed-cc4f-4025-852c-130d98e96291"},"geometry":{"type":"Polygon","coordinates":[[[136.54004514394586,35.95178698012176],[136.54104132000134,35.951843273205924],[136.5410501457737,35.951718798813424],[136.54005936419927,35.95166289270359],[136.54004514394586,35.95178698012176]]]}},{"type":"Feature","properties":{"pid":"b398231c-6492-4a30-bb93-6c4d4c450087"},"geometry":{"type":"Polygon","coordinates":[[[136.5400273159255,35.951967126722195],[136.54004373041218,35.9519817374447],[136.54102093078504,35.952040844598386],[136.54102737696135,35.95195019521251],[136.54003566054192,35.95189017974109],[136.5400273159255,35.951967126722195]]]}},{"type":"Feature","properties":{"pid":"c50d48d2-2bd5-4d0d-9721-379e816afa11"},"geometry":{"type":"Polygon","coordinates":[[[136.53906329743702,35.951928441732335],[136.53984143524133,35.95197487361575],[136.53984931178442,35.95179284925987],[136.53926642516825,35.951747569098806],[136.5391850154328,35.95187845724863],[136.5391460111739,35.951892729220056],[136.53908784311474,35.95187816398898],[136.53906329743702,35.951928441732335]]]}},{"type":"Feature","properties":{"pid":"2595073a-c65d-43cd-9392-a75d2c48aa75"},"geometry":{"type":"Polygon","coordinates":[[[136.5400103157576,35.952235582886],[136.5409947417588,35.95230053101806],[136.54100929918766,35.95214745339441],[136.54003776230462,35.95208396514213],[136.54001875436438,35.95209326883921],[136.5400103157576,35.952235582886]]]}},{"type":"Feature","properties":{"pid":"dfb41891-79fe-49fb-8d7b-e66b0dafe2c8"},"geometry":{"type":"Polygon","coordinates":[[[136.5399810703117,35.95248458960053],[136.54000722199737,35.95251377369201],[136.54096843515984,35.952576421544016],[136.540981389794,35.95240760866346],[136.5399910570213,35.952348495680795],[136.5399810703117,35.95248458960053]]]}},{"type":"Feature","properties":{"pid":"0f1cf2d4-02d6-42b5-bce4-db517c43e634"},"geometry":{"type":"Polygon","coordinates":[[[136.54122675184468,35.95185118619368],[136.54218217584915,35.95191070625253],[136.5422235131798,35.95187924116814],[136.54222495279816,35.95178404514817],[136.54123776121284,35.95172010271149],[136.54122675184468,35.95185118619368]]]}},{"type":"Feature","properties":{"pid":"679481e4-9f40-4f5b-b51c-52175e6fd61a"},"geometry":{"type":"Polygon","coordinates":[[[136.54120060918333,35.95208197755975],[136.54215768633023,35.95214864280094],[136.54218891398506,35.9521204337795],[136.5421941246832,35.952017354613744],[136.54121400034816,35.95195282332832],[136.54120060918333,35.95208197755975]]]}},{"type":"Feature","properties":{"pid":"132f00b5-383b-4523-aa84-3148e031198f"},"geometry":{"type":"Polygon","coordinates":[[[136.54118886263132,35.95218129342417],[136.54118151835573,35.952315672786604],[136.5421452875882,35.9523747557011],[136.5421793448786,35.952347317742664],[136.54218433770185,35.952253003198884],[136.54118886263132,35.95218129342417]]]}},{"type":"Feature","properties":{"pid":"9427c6f7-23bd-42a7-9b3b-8edb90b45b9c"},"geometry":{"type":"Polygon","coordinates":[[[136.54116988710445,35.95244529871738],[136.54211387996926,35.95250133345493],[136.54214798278508,35.9524829141887],[136.5411715165018,35.95242074832293],[136.54116988710445,35.95244529871738]]]}},{"type":"Feature","properties":{"pid":"39a4da63-60cb-4923-a3a7-d03459610c43"},"geometry":{"type":"Polygon","coordinates":[[[136.54235580195925,35.95220756338099],[136.5423435308835,35.952354075991636],[136.5423677221596,35.952378295942935],[136.54335166740805,35.952444659529235],[136.54336662347455,35.95226618798461],[136.54235580195925,35.95220756338099]]]}},{"type":"Feature","properties":{"pid":"44d41250-71f1-4453-9c3f-39d53c328b16"},"geometry":{"type":"Polygon","coordinates":[[[136.5423837781605,35.951985116550844],[136.54237764553355,35.95206982648121],[136.54241615177958,35.952104143010146],[136.5433730286835,35.95215975253194],[136.54338846537593,35.952039210134565],[136.5423837781605,35.951985116550844]]]}},{"type":"Feature","properties":{"pid":"e151abf2-5e97-4d48-8350-9bab540d51fc"},"geometry":{"type":"Polygon","coordinates":[[[136.54240437632868,35.95186656276306],[136.54339572282547,35.95193017331214],[136.5434190543254,35.95174113157791],[136.54244011937755,35.951682262014934],[136.54241885861632,35.95169508131747],[136.54240437632868,35.95186656276306]]]}},{"type":"Feature","properties":{"pid":"9219e066-fc6c-406e-abac-2e55f7219dd8"},"geometry":{"type":"Polygon","coordinates":[[[136.54242610387735,35.951554284833776],[136.54245315671932,35.95158140678122],[136.5434109724109,35.951632973884806],[136.54323252431675,35.951403701535796],[136.542447944593,35.95136142843393],[136.54242610387735,35.951554284833776]]]}},{"type":"Feature","properties":{"pid":"0e42137e-c377-4341-b2a3-5f9ea9b171e3"},"geometry":{"type":"Polygon","coordinates":[[[136.5429711718809,35.951281383500756],[136.54313903873634,35.951291324967066],[136.5431157141279,35.95116283939969],[136.54301327312376,35.95114721527135],[136.5429814709464,35.95116662627657],[136.5429711718809,35.951281383500756]]]}},{"type":"Feature","properties":{"pid":"619e4ed6-0e93-4228-8b61-285bc1deff64"},"geometry":{"type":"Polygon","coordinates":[[[136.54248589874132,35.95093670971778],[136.54248153485736,35.95100211704607],[136.54277041471752,35.95103901513961],[136.54277279001087,35.950971547888784],[136.54248589874132,35.95093670971778]]]}},{"type":"Feature","properties":{"pid":"a226a513-29ac-4fdd-ba63-c088851c24be"},"geometry":{"type":"Polygon","coordinates":[[[136.54131474356936,35.950932251229865],[136.54228920576685,35.9509810098009],[136.54230668750083,35.95087353579797],[136.54132744202496,35.95081045372652],[136.54131474356936,35.950932251229865]]]}},{"type":"Feature","properties":{"pid":"fe07019b-002a-4f23-85fd-8e1ab9759405"},"geometry":{"type":"Polygon","coordinates":[[[136.54129593910503,35.951159820590625],[136.54228411685676,35.9512232751941],[136.54229427272307,35.951100292204046],[136.541308468267,35.95103887517938],[136.54129593910503,35.951159820590625]]]}},{"type":"Feature","properties":{"pid":"7edd3157-cb46-4583-b9da-9528e93bced3"},"geometry":{"type":"Polygon","coordinates":[[[136.54127863120257,35.95139102230166],[136.54226213698846,35.95144260427717],[136.54227220336205,35.95132069800152],[136.54128947216537,35.95126668842635],[136.54127863120257,35.95139102230166]]]}},{"type":"Feature","properties":{"pid":"757bff72-a96f-431a-b987-913c559944bb"},"geometry":{"type":"Polygon","coordinates":[[[136.5412497438829,35.951612693482865],[136.54223790992614,35.95167605645253],[136.54225305211827,35.95154155826062],[136.5412640088015,35.951491356697545],[136.5412497438829,35.951612693482865]]]}},{"type":"Feature","properties":{"pid":"dca1d02b-8fe0-4e26-b76d-55d8e66150e5"},"geometry":{"type":"Polygon","coordinates":[[[136.54142356577952,35.94997421198931],[136.54239280404553,35.95003720170874],[136.54241088451172,35.9499075811835],[136.54143639918658,35.94984767542045],[136.54142356577952,35.94997421198931]]]}},{"type":"Feature","properties":{"pid":"b70110f6-1e3d-4aa5-8a06-fca208172b2c"},"geometry":{"type":"Polygon","coordinates":[[[136.54139579716986,35.95008484232207],[136.54137870512224,35.95025123640815],[136.5423339087401,35.9503880319287],[136.54235568761473,35.950376656810676],[136.5423765818085,35.95013750993239],[136.54139579716986,35.95008484232207]]]}},{"type":"Feature","properties":{"pid":"9a1963e0-21a9-4dc6-b93e-e7ff4409519d"},"geometry":{"type":"Polygon","coordinates":[[[136.54133824270116,35.95070920333299],[136.5419638342029,35.950752222098956],[136.5419766494201,35.95053980718547],[136.54135880647348,35.95045530924954],[136.54133824270116,35.95070920333299]]]}},{"type":"Feature","properties":{"pid":"707e1e0d-2435-471e-8d41-d8cf4aa1a372"},"geometry":{"type":"Polygon","coordinates":[[[136.54210163446993,35.950759745772736],[136.54224236799087,35.950768521461896],[136.54225940442151,35.95067950803644],[136.54233249320643,35.95066317241307],[136.54233374179654,35.95056224824182],[136.5421227439563,35.95053895870047],[136.54210163446993,35.950759745772736]]]}},{"type":"Feature","properties":{"pid":"5d2bcee0-2d78-465f-bf02-659c04d4f0ac"},"geometry":{"type":"Polygon","coordinates":[[[136.54253550042304,35.95040211128444],[136.54255541815067,35.95042018641553],[136.54271432702706,35.950439078951185],[136.54275295925677,35.95005086901539],[136.54257221587193,35.95004308951384],[136.54253550042304,35.95040211128444]]]}},{"type":"Feature","properties":{"pid":"7831b235-4422-458e-b08a-221cc76f02f6"},"geometry":{"type":"Polygon","coordinates":[[[136.54284141820384,35.95045899174015],[136.54296495655834,35.95047833619245],[136.54313719128356,35.95030587402617],[136.54316693663222,35.95023888784914],[136.5430378602511,35.95019962414901],[136.54300958324663,35.95017318330133],[136.54303881310582,35.95006311694226],[136.54288300785512,35.95005402662708],[136.54284141820384,35.95045899174015]]]}},{"type":"Feature","properties":{"pid":"10d86a11-0518-4aa7-8112-6edc64273c0a"},"geometry":{"type":"Polygon","coordinates":[[[136.5425806576913,35.94991005701323],[136.54260640579335,35.94993648913036],[136.54296907183823,35.94995156309547],[136.5431149072593,35.9497042749698],[136.54260413548565,35.949681422575786],[136.5425806576913,35.94991005701323]]]}},{"type":"Feature","properties":{"pid":"16e9015c-d24e-4a19-9601-e5738c00b6a1"},"geometry":{"type":"Polygon","coordinates":[[[136.54261968348848,35.949570476285935],[136.54323347608894,35.94959872956178],[136.5435564668269,35.949676441120246],[136.54361873007505,35.949676158896665],[136.5436292138354,35.9495216807831],[136.54262878668658,35.94946982791078],[136.54261968348848,35.949570476285935]]]}},{"type":"Feature","properties":{"pid":"95c18f76-7574-45d1-86f4-ee691f8b0ebb"},"geometry":{"type":"Polygon","coordinates":[[[136.54264210102295,35.94933317187802],[136.54266186966765,35.94936239983172],[136.5436413791773,35.949416743547985],[136.54364664503524,35.94930618727472],[136.54264915279137,35.949252789115775],[136.54264210102295,35.94933317187802]]]}},{"type":"Feature","properties":{"pid":"dbef8bb7-47d7-41a2-9e4e-9f0f89622894"},"geometry":{"type":"Polygon","coordinates":[[[136.54265927556818,35.94911892926715],[136.54268759096473,35.949151764113765],[136.54365668904194,35.949194703447816],[136.5436634106364,35.94909793102535],[136.54266722703264,35.949043140076014],[136.54265927556818,35.94911892926715]]]}},{"type":"Feature","properties":{"pid":"280acd50-8a26-4307-bcf2-de7ee1280652"},"geometry":{"type":"Polygon","coordinates":[[[136.54148760098664,35.94902630258762],[136.54148016557764,35.94910824279698],[136.54245761865266,35.94916336104143],[136.54247205161727,35.94908415053407],[136.54148760098664,35.94902630258762]]]}},{"type":"Feature","properties":{"pid":"d6d0856a-83ef-4148-8fc9-b4f341bbb96a"},"geometry":{"type":"Polygon","coordinates":[[[136.54146787233861,35.94921371173016],[136.5414602188748,35.94930225337671],[136.54242670399188,35.94935098401104],[136.5424385798203,35.94927248993624],[136.54146787233861,35.94921371173016]]]}},{"type":"Feature","properties":{"pid":"79d98ae4-f802-4c14-b39a-9f837e0d7fec"},"geometry":{"type":"Polygon","coordinates":[[[136.54144892159377,35.94952046768358],[136.5424146609015,35.94957781986975],[136.5424292191463,35.94956684548215],[136.542432903962,35.949459814810886],[136.54145619483907,35.94940217186132],[136.54144892159377,35.94952046768358]]]}},{"type":"Feature","properties":{"pid":"373d642d-3c33-4a1b-ac9a-29c1ecd875db"},"geometry":{"type":"Polygon","coordinates":[[[136.5414372392923,35.94962081913117],[136.5414335430153,35.949745869233176],[136.5423984915143,35.949802260061524],[136.5424188668915,35.9497883432387],[136.5424294169722,35.94968102560641],[136.5414372392923,35.94962081913117]]]}},{"type":"Feature","properties":{"pid":"dc9eb38d-61b4-4726-b150-6d5d09d261ca"},"geometry":{"type":"Polygon","coordinates":[[[136.54091627749526,35.949870109376086],[136.54122583493282,35.94996618249495],[136.54125729486955,35.94969421955457],[136.54100709727643,35.9496488793779],[136.54091627749526,35.949870109376086]]]}},{"type":"Feature","properties":{"pid":"3b666d00-2f34-4eb8-ad92-8d3ef3009d3a"},"geometry":{"type":"Polygon","coordinates":[[[136.5410395985184,35.94955222902386],[136.54127151401565,35.94959246626949],[136.54131218486458,35.94913427890765],[136.54117467828598,35.94912607541744],[136.54109561841256,35.94947372010223],[136.54105288443975,35.94950840323876],[136.5410395985184,35.94955222902386]]]}},{"type":"Feature","properties":{"pid":"bb10d45f-5589-434f-b957-cb1ce01a713a"},"geometry":{"type":"Polygon","coordinates":[[[136.54027982283657,35.94936129691226],[136.54057646523628,35.94941502528669],[136.54070368883063,35.949143642590215],[136.54030879371638,35.9491195963666],[136.54027982283657,35.94936129691226]]]}},{"type":"Feature","properties":{"pid":"21aab5c1-9470-4e75-9378-a9e8b5f2ed18"},"geometry":{"type":"Polygon","coordinates":[[[136.53913609230125,35.94912615553517],[136.5401022161733,35.949191489873215],[136.5401174580237,35.94917903583446],[136.54011933026422,35.94911282924011],[136.53913975105894,35.949056735372245],[136.53913609230125,35.94912615553517]]]}},{"type":"Feature","properties":{"pid":"ef7914cf-dc7f-4f10-912d-99392522270d"},"geometry":{"type":"Polygon","coordinates":[[[136.53910417818156,35.949461626057406],[136.54007238422193,35.94953544833035],[136.54009762539073,35.94930199138594],[136.53911893863057,35.94924511920453],[136.53910417818156,35.949461626057406]]]}},{"type":"Feature","properties":{"pid":"15e90769-6a22-4a68-adc9-a6aaff97703c"},"geometry":{"type":"Polygon","coordinates":[[[136.53906638594998,35.94982058329902],[136.53966355783348,35.94987817011538],[136.53973393759566,35.949617193704455],[136.5390974251907,35.949586073623216],[136.53906638594998,35.94982058329902]]]}},{"type":"Feature","properties":{"pid":"be7f749d-c651-4314-a1c7-8225d7818fc8"},"geometry":{"type":"Polygon","coordinates":[[[136.53997616111036,35.95053494480647],[136.54023387478236,35.950651465771315],[136.54115105807827,35.950719266404285],[136.54117519350118,35.9504830009078],[136.54103313165177,35.95045318959625],[136.5409955576713,35.95032325141088],[136.54039453972803,35.950111142297885],[136.54034834049548,35.95011204693713],[136.53997616111036,35.95053494480647]]]}},{"type":"Feature","properties":{"pid":"883c2b0a-cb21-429d-b378-1b87a7f34599"},"geometry":{"type":"Polygon","coordinates":[[[136.5390134993858,35.95048280338117],[136.5396994814676,35.950519078307316],[136.53977812387834,35.9504294404275],[136.53924477015698,35.95024837333317],[136.53903076962786,35.95025599715175],[136.5390134993858,35.95048280338117]]]}},{"type":"Feature","properties":{"pid":"41ed7f32-4b10-427a-af97-80f0d98f84a7"},"geometry":{"type":"Polygon","coordinates":[[[136.5387120182782,35.9501576307123],[136.53884644109766,35.95016630994722],[136.53885052866636,35.94997836507397],[136.5387505527406,35.949976212820005],[136.5387120182782,35.9501576307123]]]}},{"type":"Feature","properties":{"pid":"3e805e62-8e48-482f-9b6b-2f4f60aec38a"},"geometry":{"type":"Polygon","coordinates":[[[136.53904044857677,35.95013449887069],[136.53916322999024,35.95014193070655],[136.53928340976734,35.95000808053974],[136.53904602089767,35.9499969089008],[136.53904044857677,35.95013449887069]]]}},{"type":"Feature","properties":{"pid":"d1569982-c625-480e-8211-635d773d0a0c"},"geometry":{"type":"Polygon","coordinates":[[[136.53898659259102,35.95076778149243],[136.5394351942483,35.95079953337706],[136.53950369745306,35.950771495266025],[136.53961659492776,35.95062045982835],[136.53899740925146,35.9505955546755],[136.53898659259102,35.95076778149243]]]}},{"type":"Feature","properties":{"pid":"53ec99d3-ef3b-42ff-bf6c-39370377dc99"},"geometry":{"type":"Polygon","coordinates":[[[136.53778331286858,35.950601399316675],[136.5377935982102,35.950613373194294],[136.53879559236674,35.95066833173539],[136.53881285621753,35.95050119645702],[136.53780292858687,35.95045063883677],[136.53778331286858,35.950601399316675]]]}},{"type":"Feature","properties":{"pid":"b520fbe9-2a20-420e-a6a1-71b83c50756f"},"geometry":{"type":"Polygon","coordinates":[[[136.53781181215246,35.95033160118159],[136.53882234712603,35.95040091960535],[136.5388333859047,35.95027996142475],[136.5378188209667,35.95020816529095],[136.53781181215246,35.95033160118159]]]}},{"type":"Feature","properties":{"pid":"f2663b98-d323-4375-8f4c-8dc037b28917"},"geometry":{"type":"Polygon","coordinates":[[[136.53786188583317,35.94982665988097],[136.53811763230632,35.94984110411042],[136.53853647849797,35.94981419859769],[136.53888624487095,35.9498132076423],[136.53889664481989,35.949649813259924],[136.53788142955273,35.949588914424],[136.53786188583317,35.94982665988097]]]}},{"type":"Feature","properties":{"pid":"4c521c31-7431-47c5-b1de-02c5b8d6370d"},"geometry":{"type":"Polygon","coordinates":[[[136.53790055011274,35.9494830716109],[136.53890484175733,35.949535163046114],[136.53892446874164,35.94934454636627],[136.53791650630362,35.949280441485136],[136.53790055011274,35.9494830716109]]]}},{"type":"Feature","properties":{"pid":"22685cc4-1775-4698-9391-59e674104bd3"},"geometry":{"type":"Polygon","coordinates":[[[136.5379227064695,35.94916615029097],[136.53893588991852,35.94923022804612],[136.53894844515696,35.9490357612395],[136.53793873609584,35.948976912335965],[136.5379227064695,35.94916615029097]]]}},{"type":"Feature","properties":{"pid":"a757d60a-aa90-4aca-aa02-25b7a074748a"},"geometry":{"type":"Polygon","coordinates":[[[136.53669821657658,35.94952078856503],[136.53766861620568,35.94958135949729],[136.53769160730803,35.94938613730954],[136.53671048043583,35.94934393266852],[136.53669821657658,35.94952078856503]]]}},{"type":"Feature","properties":{"pid":"3af8b64c-40e6-42ed-8a04-829165e2abe3"},"geometry":{"type":"Polygon","coordinates":[[[136.53668977037498,35.949629129359295],[136.5366777578667,35.9497498879272],[136.5376517071456,35.949810858557754],[136.53765730688977,35.94968835701122],[136.53668977037498,35.949629129359295]]]}},{"type":"Feature","properties":{"pid":"dfd00953-ba34-423f-9e3d-f755f3b6e49c"},"geometry":{"type":"Polygon","coordinates":[[[136.53674695500203,35.94908729834902],[136.5367428495451,35.94918859621008],[136.53676602934766,35.949234256051234],[136.53769952775656,35.94928742493117],[136.5377102675009,35.94914545158434],[136.53674695500203,35.94908729834902]]]}},{"type":"Feature","properties":{"pid":"3e8bab9a-ea49-42cd-ba25-36ef0646ab34"},"geometry":{"type":"Polygon","coordinates":[[[136.535544188982,35.94907277679558],[136.53556435661847,35.94909259721701],[136.5365468175853,35.94915941401481],[136.53656268138306,35.948938857629244],[136.53556269342747,35.94888113127221],[136.535544188982,35.94907277679558]]]}},{"type":"Feature","properties":{"pid":"c085595f-b4b9-4a01-a26f-bb9891326195"},"geometry":{"type":"Polygon","coordinates":[[[136.53552007206522,35.94938844680414],[136.5355339683475,35.949408651718045],[136.53651469929488,35.94947045374007],[136.53653378699616,35.94926250573036],[136.5355331134843,35.949192550026815],[136.53552007206522,35.94938844680414]]]}},{"type":"Feature","properties":{"pid":"8cfa40bd-38b9-48eb-acc5-02b06d54e70a"},"geometry":{"type":"Polygon","coordinates":[[[136.53548875849245,35.94965218694023],[136.5355072742793,35.949678197963685],[136.53649417437515,35.94974459469093],[136.53650428617107,35.949572898538236],[136.53550717749155,35.94951268929063],[136.53548875849245,35.94965218694023]]]}},{"type":"Feature","properties":{"pid":"f7e46eb5-35f6-4f93-b81a-1bf791504d2f"},"geometry":{"type":"Polygon","coordinates":[[[136.5354587915368,35.95002923282987],[136.53644939772775,35.95008965146241],[136.53646268857247,35.949900944894736],[136.5354776357247,35.94984885113692],[136.5354587915368,35.95002923282987]]]}},{"type":"Feature","properties":{"pid":"689d59c2-7770-4757-9c28-0134f32fb4d7"},"geometry":{"type":"Polygon","coordinates":[[[136.5353629667119,35.95099505115813],[136.53537842090074,35.95102638811106],[136.53636658766445,35.951080876129936],[136.5364458547213,35.95019331240435],[136.53544591908977,35.95013284702457],[136.5353629667119,35.95099505115813]]]}},{"type":"Feature","properties":{"pid":"a86af382-b1a2-4421-9f1b-bff69d6eeb8b"},"geometry":{"type":"Polygon","coordinates":[[[136.53658664548445,35.95064871599984],[136.53757097493363,35.95071554322036],[136.53758567133545,35.95055160501018],[136.5365973238915,35.95048935624736],[136.53658664548445,35.95064871599984]]]}},{"type":"Feature","properties":{"pid":"b60be7e5-0369-41bc-a77d-dc48ff140096"},"geometry":{"type":"Polygon","coordinates":[[[136.53660804383347,35.950385676099394],[136.53758782412848,35.95044920184005],[136.537605354459,35.95027459314028],[136.53662658296858,35.95021421008236],[136.53660804383347,35.950385676099394]]]}},{"type":"Feature","properties":{"pid":"b4b2c28d-3876-4b4e-a9d5-0db134cda9f4"},"geometry":{"type":"Polygon","coordinates":[[[136.53663212099147,35.95011280661047],[136.53763097413636,35.95017137180911],[136.53764722105808,35.949972968109066],[136.53664542632754,35.94990890935393],[136.53663212099147,35.95011280661047]]]}},{"type":"Feature","properties":{"pid":"b9bd6036-25a7-45fd-ad25-e9d7d590e623"},"geometry":{"type":"Polygon","coordinates":[[[136.53782170692241,35.95009734548226],[136.53822414299756,35.950123894437645],[136.53824095587865,35.9500056586559],[136.53783447995997,35.949990688190056],[136.53782170692241,35.95009734548226]]]}},{"type":"Feature","properties":{"pid":"46388464-dd9d-4370-b345-a840509ca780"},"geometry":{"type":"Polygon","coordinates":[[[136.5365619310343,35.95093124108633],[136.53754348416908,35.95097989270961],[136.53755247219343,35.95082201506891],[136.53657668572242,35.95075183382975],[136.5365619310343,35.95093124108633]]]}},{"type":"Feature","properties":{"pid":"e4416366-a901-4eb3-b8a0-59e5a1e3624b"},"geometry":{"type":"Polygon","coordinates":[[[136.53654084061318,35.95114918593915],[136.53750007379801,35.9512035299553],[136.53753133808,35.95118469890407],[136.537540323317,35.95109287000585],[136.53655129930155,35.95103537703283],[136.53654084061318,35.95114918593915]]]}},{"type":"Feature","properties":{"pid":"211aa76d-d4df-4325-82d2-2035afbaed9a"},"geometry":{"type":"Polygon","coordinates":[[[136.53651590801837,35.9513760331276],[136.53747398329233,35.95142974621956],[136.5375126933039,35.95141360086058],[136.53751831350243,35.951315894112334],[136.53652460367016,35.9512588760902],[136.53651590801837,35.9513760331276]]]}},{"type":"Feature","properties":{"pid":"be8f2fee-a34e-4ea8-894a-e461ac815c29"},"geometry":{"type":"Polygon","coordinates":[[[136.53640180911543,35.95252760787308],[136.53736405863162,35.95258949132168],[136.53741129452922,35.952559260450464],[136.53750144173944,35.95154039687056],[136.5365024669936,35.95147783759426],[136.53640180911543,35.95252760787308]]]}},{"type":"Feature","properties":{"pid":"05acb9b8-d2ef-4b73-89b8-91e86a9c4533"},"geometry":{"type":"Polygon","coordinates":[[[136.5352500953898,35.95244409499111],[136.53622471388425,35.952512286114946],[136.53625435100668,35.952222690084945],[136.53526975880473,35.952158710665366],[136.5352500953898,35.95244409499111]]]}},{"type":"Feature","properties":{"pid":"b0b8fecf-9964-4bf0-9707-ccd0cf5fe0a4"},"geometry":{"type":"Polygon","coordinates":[[[136.5352753867618,35.95205410396065],[136.53626218703587,35.9521126457215],[136.53627776008022,35.951907457337754],[136.53529291375636,35.951851604245846],[136.5352753867618,35.95205410396065]]]}},{"type":"Feature","properties":{"pid":"92495369-e76a-4035-b9f2-89aae3bf0388"},"geometry":{"type":"Polygon","coordinates":[[[136.5352970048305,35.95174734110488],[136.5363028806472,35.95180381259536],[136.53633148523775,35.95153625264311],[136.5353178433269,35.951477321252355],[136.5352970048305,35.95174734110488]]]}},{"type":"Feature","properties":{"pid":"7096e90c-b617-48fa-8490-df66f7d9ae91"},"geometry":{"type":"Polygon","coordinates":[[[136.5353255267374,35.95137314963601],[136.53633991302203,35.95143605601982],[136.53636158785622,35.951192136899756],[136.53534790793134,35.95112881442081],[136.5353255267374,35.95137314963601]]]}},{"type":"Feature","properties":{"pid":"25ce35ff-be86-42ff-b5c1-0abfb79312d9"},"geometry":{"type":"Polygon","coordinates":[[[136.53407461799574,35.952197464588075],[136.53503951211505,35.952264259709885],[136.5350771649523,35.95223497378967],[136.53518489929186,35.95093756926607],[136.53514630520337,35.950903299389374],[136.53491345759366,35.95088915691167],[136.534717719793,35.950962606785716],[136.53476251665845,35.951045007464415],[136.53472305131734,35.95111390659065],[136.53412450901482,35.95161795487903],[136.53407461799574,35.952197464588075]]]}},{"type":"Feature","properties":{"pid":"3fcc5045-ac36-4661-a2a1-08d07d7b4f9d"},"geometry":{"type":"Polygon","coordinates":[[[136.5340499609314,35.95237415002384],[136.5350189528966,35.95243240709969],[136.53505719393323,35.95241807419753],[136.535061768172,35.952367577346024],[136.53405802603228,35.95230631050404],[136.5340499609314,35.95237415002384]]]}},{"type":"Feature","properties":{"pid":"2bb80f9b-57b6-451f-85e7-075065a9b056"},"geometry":{"type":"Polygon","coordinates":[[[136.53289692231718,35.952139505625446],[136.53289493392177,35.95229641280494],[136.53387931559126,35.952363390441285],[136.53389802791304,35.95220031644681],[136.53289692231718,35.952139505625446]]]}},{"type":"Feature","properties":{"pid":"86666d43-112c-481a-a027-8427f487ee96"},"geometry":{"type":"Polygon","coordinates":[[[136.5329253593572,35.951863154001124],[136.53291240654812,35.95203976663413],[136.53390598903997,35.9520955468654],[136.53391883933082,35.951924750949956],[136.5329253593572,35.951863154001124]]]}},{"type":"Feature","properties":{"pid":"544849d7-822d-4db0-af9d-2a67f5593999"},"geometry":{"type":"Polygon","coordinates":[[[136.53294690665888,35.95161069053766],[136.53293970506925,35.95176007850846],[136.53392486708032,35.95182518355054],[136.53393513386771,35.95166866124688],[136.53294690665888,35.95161069053766]]]}},{"type":"Feature","properties":{"pid":"f7f7eba3-e605-4f38-85fa-d13e17edf48b"},"geometry":{"type":"Polygon","coordinates":[[[136.53295728027146,35.95147499196427],[136.53297273760884,35.951494511453845],[136.53386041211232,35.95155194460461],[136.53368748960148,35.95137385278287],[136.53297360091577,35.95134194930714],[136.53295728027146,35.95147499196427]]]}},{"type":"Feature","properties":{"pid":"47c65a89-3c9c-4dd7-9587-3cf7af947a44"},"geometry":{"type":"Polygon","coordinates":[[[136.53352446271697,35.9509966700325],[136.5337845740224,35.95126309577586],[136.53432239500324,35.95085239799155],[136.53417036218585,35.95066825964916],[136.5340548931461,35.950734102669664],[136.53400225566526,35.950726570090566],[136.533964890868,35.950678988865484],[136.5338881869987,35.95069021939794],[136.53377274554737,35.95073984863775],[136.533766699943,35.95081303879498],[136.53374673370405,35.950853249431646],[136.53352446271697,35.9509966700325]]]}},{"type":"Feature","properties":{"pid":"85ba77a3-b66c-463a-9979-89cfddd029d5"},"geometry":{"type":"Polygon","coordinates":[[[136.53298070937507,35.95121768420935],[136.53299824669114,35.95123503130244],[136.5335740044052,35.95126160406433],[136.533121917568,35.95080324580271],[136.53302020778042,35.9508099419305],[136.53298070937507,35.95121768420935]]]}},{"type":"Feature","properties":{"pid":"81078284-86a2-4cd5-8402-80c246f9191f"},"geometry":{"type":"Polygon","coordinates":[[[136.53326358215855,35.950733667844105],[136.5334356234099,35.9509121421357],[136.53361082574216,35.95080499791486],[136.53364101735963,35.95068692636809],[136.53350861909203,35.95055450501489],[136.53326358215855,35.950733667844105]]]}},{"type":"Feature","properties":{"pid":"11696871-8294-4160-8c64-ca919cc5c5ca"},"geometry":{"type":"Polygon","coordinates":[[[136.53326605731752,35.95050938687195],[136.5332743909322,35.9505207265588],[136.53344735304447,35.95039227159636],[136.5334163614369,35.95037261830867],[136.53326605731752,35.95050938687195]]]}},{"type":"Feature","properties":{"pid":"86b6cd72-f783-4521-b7d2-1437eef6e0a2"},"geometry":{"type":"Polygon","coordinates":[[[136.53312126579294,35.95032816696688],[136.53329173222903,35.95032055590597],[136.5333954386279,35.95021470456394],[136.53343394809255,35.94998771173618],[136.5333023737406,35.94976627778305],[136.53316661827165,35.949775748378975],[136.53312126579294,35.95032816696688]]]}},{"type":"Feature","properties":{"pid":"c0c9ae34-66db-434e-a882-824f759428ff"},"geometry":{"type":"Polygon","coordinates":[[[136.53351653813255,35.95029328750998],[136.53353918582317,35.95030947725458],[136.53368605385614,35.95017234727449],[136.5336543977461,35.950156753055936],[136.53351653813255,35.95029328750998]]]}},{"type":"Feature","properties":{"pid":"8f668cda-8367-424a-b027-08f934fb83ef"},"geometry":{"type":"Polygon","coordinates":[[[136.53452306044363,35.95025084109853],[136.5344603581312,35.950370292523914],[136.53447243424827,35.95047057475895],[136.53452243992777,35.95051807769629],[136.53468103956325,35.95042432218265],[136.53522450681152,35.9504483398111],[136.53524177886263,35.95029792067989],[136.53452306044363,35.95025084109853]]]}},{"type":"Feature","properties":{"pid":"c1e8e814-5368-4e38-9fdf-06cc95b79473"},"geometry":{"type":"Polygon","coordinates":[[[136.53450694892297,35.94978447921844],[136.53449488107103,35.95013444146802],[136.53521671024924,35.950175955015574],[136.53524564045426,35.950158053830805],[136.53527509682576,35.94984391560798],[136.53450694892297,35.94978447921844]]]}},{"type":"Feature","properties":{"pid":"84a9d75e-9589-42d2-859b-5bcfdc3bf526"},"geometry":{"type":"Polygon","coordinates":[[[136.53469433854335,35.949584779413094],[136.5347133683745,35.94961941307161],[136.53529530834467,35.94965649535866],[136.5353400492313,35.94933340483775],[136.53471018593265,35.94944039247219],[136.53469433854335,35.949584779413094]]]}},{"type":"Feature","properties":{"pid":"711bbc70-d138-4872-baac-321d9c179567"},"geometry":{"type":"Polygon","coordinates":[[[136.53490977799368,35.949304020359016],[136.53534726371294,35.9492197198099],[136.53539010548783,35.94879783667566],[136.53521565648649,35.94888634245338],[136.53492125522286,35.948926836462974],[136.53490977799368,35.949304020359016]]]}},{"type":"Feature","properties":{"pid":"9a362c10-7a5b-4135-aafa-15fc0b62bb22"},"geometry":{"type":"Polygon","coordinates":[[[136.53432063122403,35.94934451725423],[136.53477350054885,35.94932975529469],[136.53478461735227,35.94916323629132],[136.53464373212216,35.949150306822354],[136.534634539226,35.94918889587714],[136.53460439878666,35.9492120104576],[136.53439818373585,35.94922829318725],[136.53432063122403,35.94934451725423]]]}},{"type":"Feature","properties":{"pid":"96fb1dd3-cbd1-4b6b-a3ea-f528fa68bbe5"},"geometry":{"type":"Polygon","coordinates":[[[136.5335778703001,35.94929896583313],[136.53361705901398,35.94930212439772],[136.53368288528137,35.94911895091398],[136.53364311426117,35.94911334132978],[136.5335778703001,35.94929896583313]]]}},{"type":"Feature","properties":{"pid":"cf80a2de-b5f2-4252-b73e-021b11fd352a"},"geometry":{"type":"Polygon","coordinates":[[[136.53350979995705,35.94948902533013],[136.5339689705905,35.94952923240124],[136.53398879509533,35.949449429685494],[136.5335443642452,35.94940562903866],[136.53350979995705,35.94948902533013]]]}},{"type":"Feature","properties":{"pid":"0e59012e-154b-42d2-b0b5-e0f6ee4338f3"},"geometry":{"type":"Polygon","coordinates":[[[136.5320173629196,35.94907718829321],[136.53201051570693,35.94919870367096],[136.53206272653722,35.94923369096052],[136.53227580717,35.94925025737537],[136.53234677360038,35.949196145001736],[136.53247624968472,35.9491839146201],[136.53254437824592,35.94922337023648],[136.5327626556975,35.94930375453605],[136.5327783541317,35.949357612213966],[136.53271789584068,35.94949252724797],[136.53295881786863,35.94948498798282],[136.53298837265666,35.9491351594534],[136.5320173629196,35.94907718829321]]]}},{"type":"Feature","properties":{"pid":"092eb21f-fed0-447f-94d3-e87827222cf3"},"geometry":{"type":"Polygon","coordinates":[[[136.53209817523845,35.94977399363891],[136.5329148385208,35.94982568279769],[136.53293641090457,35.94981456874284],[136.53295204435278,35.94964304706741],[136.53254371248914,35.94964432122929],[136.53228834392692,35.94959791490041],[136.53221395618635,35.949570661592205],[136.53209817523845,35.94977399363891]]]}},{"type":"Feature","properties":{"pid":"f963b5b5-3556-4536-994a-8ba1121c3406"},"geometry":{"type":"Polygon","coordinates":[[[136.53189883215262,35.950072660270045],[136.5328825499088,35.95012864072057],[136.5329093986684,35.95011516814191],[136.5329255948986,35.94993259893923],[136.53204365674065,35.949877581753945],[136.53191155417608,35.94993242512376],[136.53189883215262,35.950072660270045]]]}},{"type":"Feature","properties":{"pid":"521483df-0fd2-45e0-b172-df50a5adbd5e"},"geometry":{"type":"Polygon","coordinates":[[[136.53187300606814,35.950347501827395],[136.53288532098227,35.95040289241186],[136.53289653625498,35.950233796400006],[136.53189081596787,35.950175378306824],[136.53187300606814,35.950347501827395]]]}},{"type":"Feature","properties":{"pid":"ace2865e-ea30-4725-8037-d5211dc036ec"},"geometry":{"type":"Polygon","coordinates":[[[136.53186373769103,35.95045664571219],[136.53184742967164,35.9506135496042],[136.5328225587876,35.95067379174191],[136.53286248317292,35.95065541131189],[136.53286555738936,35.950522394540165],[136.53186373769103,35.95045664571219]]]}},{"type":"Feature","properties":{"pid":"dce99cfd-3ab0-41c1-95de-5a63aee35c32"},"geometry":{"type":"Polygon","coordinates":[[[136.53075019319687,35.94979796567423],[136.53072509982456,35.95000085349988],[136.5307399229404,35.950011685912344],[136.5317251960131,35.95006350292411],[136.53174420849012,35.94985089134407],[136.53075019319687,35.94979796567423]]]}},{"type":"Feature","properties":{"pid":"3d139b3a-437c-4c55-8137-d31f9b6fa8d1"},"geometry":{"type":"Polygon","coordinates":[[[136.5307109510524,35.95027810496821],[136.5317039783802,35.95033097772306],[136.5317188312084,35.950174118169635],[136.53071924294858,35.95011630287181],[136.5307109510524,35.95027810496821]]]}},{"type":"Feature","properties":{"pid":"7675d2d1-ce5e-4b84-8661-d996886a84a7"},"geometry":{"type":"Polygon","coordinates":[[[136.5306886161049,35.950527043805785],[136.5316782594538,35.950587969651515],[136.53169208462222,35.95043495784514],[136.53070153498965,35.95039292951327],[136.5306886161049,35.950527043805785]]]}},{"type":"Feature","properties":{"pid":"6119233b-2360-4716-8975-afba2f8a4eb6"},"geometry":{"type":"Polygon","coordinates":[[[136.53076100753427,35.94968686758851],[136.53168758562828,35.94973312007814],[136.53168703732285,35.949651349014566],[136.53163003880218,35.949614301399315],[136.53163035009285,35.94956980733833],[136.53080064510664,35.9495144362877],[136.53077139897275,35.94953365281774],[136.53076100753427,35.94968686758851]]]}},{"type":"Feature","properties":{"pid":"fcb89248-2321-4004-a2ed-c5f654803071"},"geometry":{"type":"Polygon","coordinates":[[[136.53078496856364,35.949396271433194],[136.5307956574658,35.94940740374808],[136.531689350642,35.94946924566528],[136.53177576981065,35.94934762114189],[136.53082128510746,35.94900972916434],[136.53078496856364,35.949396271433194]]]}},{"type":"Feature","properties":{"pid":"62562eb2-48fd-492d-a1bc-5f4f9da967a3"},"geometry":{"type":"Polygon","coordinates":[[[136.53087383832738,35.94882837355983],[136.53089466862988,35.948858707908734],[136.53182296312977,35.94918420124045],[136.53185096575376,35.94889461589763],[136.53087383832738,35.94882837355983]]]}},{"type":"Feature","properties":{"pid":"745ce800-5d0e-47d6-9694-65f6f896ccab"},"geometry":{"type":"Polygon","coordinates":[[[136.52963865898042,35.94907088941211],[136.53061924665246,35.94912393155733],[136.53063059211195,35.94897139042219],[136.53024725764226,35.948939811951185],[136.53027289571364,35.948966901064225],[136.53026969065465,35.94900151455007],[136.53021405998982,35.949050094056524],[136.5301789370909,35.94905819778851],[136.530145235047,35.94904678178847],[136.53006879669138,35.948973363431946],[136.5299849469897,35.948972681064504],[136.52965027475224,35.9489140232188],[136.52963865898042,35.94907088941211]]]}},{"type":"Feature","properties":{"pid":"8a38b939-f48e-41e8-af64-7518c45fa7f3"},"geometry":{"type":"Polygon","coordinates":[[[136.52961470809183,35.94933832856353],[136.53057902387283,35.94939302915974],[136.53061066886005,35.94937324228295],[136.53061695187995,35.94923781664047],[136.5296347011378,35.949174113453346],[136.52961470809183,35.94933832856353]]]}},{"type":"Feature","properties":{"pid":"28e5ee47-7354-4bb4-a20c-cf2afcd73601"},"geometry":{"type":"Polygon","coordinates":[[[136.52959209276682,35.94960542873117],[136.53057574675134,35.949661784574175],[136.53059443606168,35.94950268946922],[136.52960787012907,35.949449292148756],[136.52959209276682,35.94960542873117]]]}},{"type":"Feature","properties":{"pid":"5f11d97d-8691-4948-b263-3e9b2959ce1c"},"geometry":{"type":"Polygon","coordinates":[[[136.5290901654989,35.949528961284685],[136.52930027539932,35.94959392488213],[136.52939878438238,35.94959763232036],[136.52944892790583,35.94917960479942],[136.52937156169372,35.94916536054996],[136.52929860083358,35.949399525010016],[136.5292415706467,35.949430200895705],[136.52912754611933,35.94942399451594],[136.5290901654989,35.949528961284685]]]}},{"type":"Feature","properties":{"pid":"b00a6f7b-4464-4cb4-a2e9-bc0d1991cdad"},"geometry":{"type":"Polygon","coordinates":[[[136.52923261406573,35.94903599681261],[136.52946721023034,35.949079789305124],[136.52946874968217,35.9490590447714],[136.52924497246815,35.949009307056805],[136.52923261406573,35.94903599681261]]]}},{"type":"Feature","properties":{"pid":"6d12e555-1979-4db6-92d5-36b636d466dd"},"geometry":{"type":"Polygon","coordinates":[[[136.52833858955015,35.94923856284938],[136.52837553782254,35.94947294990024],[136.52848364914647,35.94947075324811],[136.52863496104501,35.94934053548072],[136.52865863469492,35.94928911490002],[136.52847859579,35.949273152224094],[136.52833858955015,35.94923856284938]]]}},{"type":"Feature","properties":{"pid":"6d717ae2-bd74-48d5-81dd-b93a05f95562"},"geometry":{"type":"Polygon","coordinates":[[[136.52839519766343,35.949859889104005],[136.52937112550885,35.94991509490401],[136.52939530909052,35.94975568412754],[136.52892403724042,35.9497293527253],[136.52842065834417,35.9496564756432],[136.52840882392871,35.949660029150195],[136.52839519766343,35.949859889104005]]]}},{"type":"Feature","properties":{"pid":"4cb4570f-fe0f-4921-83ce-ce893e28db1c"},"geometry":{"type":"Polygon","coordinates":[[[136.52836978362438,35.95011882693047],[136.52935035224885,35.95018746848053],[136.52936636375605,35.950027281222006],[136.52838700821982,35.94997360220405],[136.52836978362438,35.95011882693047]]]}},{"type":"Feature","properties":{"pid":"399bdd5d-ae4b-432c-b684-15ce6eba0709"},"geometry":{"type":"Polygon","coordinates":[[[136.52829698203044,35.950666930632146],[136.5293024882583,35.95073029027971],[136.52931621467678,35.95057670768195],[136.5283260009135,35.95051748729835],[136.52831327500397,35.950528438515924],[136.52829698203044,35.950666930632146]]]}},{"type":"Feature","properties":{"pid":"bb09742d-da59-4831-8dc1-1a5e1c7014bc"},"geometry":{"type":"Polygon","coordinates":[[[136.52835482209915,35.950253044228525],[136.52841053266945,35.95025811279314],[136.5284723691599,35.95032812184915],[136.52846355957465,35.95036573317003],[136.52840070559412,35.950401323999216],[136.52932435868485,35.95046116076512],[136.52934679709816,35.95029543077705],[136.52836130581758,35.95024315937435],[136.52835482209915,35.950253044228525]]]}},{"type":"Feature","properties":{"pid":"0ae51aa7-23a5-4e44-82bc-0fe979add9d3"},"geometry":{"type":"Polygon","coordinates":[[[136.5295363534389,35.950197038010785],[136.53049155200074,35.950253672178974],[136.5305207482175,35.95023380997834],[136.5305380413773,35.950097665995365],[136.5295506816118,35.95003794973467],[136.5295363534389,35.950197038010785]]]}},{"type":"Feature","properties":{"pid":"52e26c30-8abd-4bd9-b038-983eb3839a7b"},"geometry":{"type":"Polygon","coordinates":[[[136.52955339286865,35.94993289935993],[136.53054534889742,35.94998167202177],[136.53056674509364,35.94982827220042],[136.5295656041237,35.94975887900792],[136.52955339286865,35.94993289935993]]]}},{"type":"Feature","properties":{"pid":"4f242751-0336-4cb4-825d-babe84cdb6c8"},"geometry":{"type":"Polygon","coordinates":[[[136.52950939915857,35.95046908895787],[136.5304762943616,35.95052425309457],[136.5304978837253,35.950510472633624],[136.53051051990127,35.950369522946126],[136.52952900643334,35.950309730867225],[136.52950939915857,35.95046908895787]]]}},{"type":"Feature","properties":{"pid":"1efb735f-2453-486d-9206-e3401a1ffa9e"},"geometry":{"type":"Polygon","coordinates":[[[136.5294788940515,35.95074315947974],[136.53045050710708,35.95079360043127],[136.53046865802816,35.950781062970954],[136.53048420070428,35.950638172619946],[136.52949399745762,35.95057929191177],[136.5294788940515,35.95074315947974]]]}},{"type":"Feature","properties":{"pid":"eefbf48a-259c-48a6-81dc-f55dc8154fd4"},"geometry":{"type":"Polygon","coordinates":[[[136.52947016006078,35.95084520505208],[136.52945837498817,35.951003472851525],[136.53043610405032,35.951068909183235],[136.53045621302294,35.95105418345153],[136.53046261082423,35.95090305992137],[136.52947016006078,35.95084520505208]]]}},{"type":"Feature","properties":{"pid":"f1e204e9-aa17-409c-a578-ecf178711ca0"},"geometry":{"type":"Polygon","coordinates":[[[136.52939728121294,35.95154063981157],[136.53035589384433,35.95160302010061],[136.5303927573864,35.95157467124761],[136.53040758652796,35.95144312109168],[136.52941620882712,35.95138211832806],[136.52939728121294,35.95154063981157]]]}},{"type":"Feature","properties":{"pid":"d81b9c49-3f77-49eb-83a2-f54711ed93cf"},"geometry":{"type":"Polygon","coordinates":[[[136.52944214242746,35.95111398287872],[136.52942798738204,35.951277702341464],[136.53041557298366,35.95133467109979],[136.53042915707212,35.9513251763686],[136.53044043096114,35.95117722676799],[136.52944214242746,35.95111398287872]]]}},{"type":"Feature","properties":{"pid":"21ee0619-9a97-40e7-ad65-8e73d389da67"},"geometry":{"type":"Polygon","coordinates":[[[136.5282884030401,35.95080470826708],[136.52827103451497,35.95099232112487],[136.52927176990923,35.95105731076231],[136.52928792122123,35.95083695176116],[136.52831252850478,35.9507813496646],[136.5282884030401,35.95080470826708]]]}},{"type":"Feature","properties":{"pid":"e8dff3d0-5f14-4f67-addb-f29e358043a4"},"geometry":{"type":"Polygon","coordinates":[[[136.52824032569822,35.95146973658839],[136.5292206685475,35.95153215020789],[136.52923741498728,35.951377062913735],[136.5282674784921,35.9513163752981],[136.52824896103235,35.951335938019334],[136.52824032569822,35.95146973658839]]]}},{"type":"Feature","properties":{"pid":"97fc1b11-24ce-4150-8228-0e59f283b0ae"},"geometry":{"type":"Polygon","coordinates":[[[136.52824909349113,35.951203540857705],[136.5292483404495,35.95125921910887],[136.52925480967096,35.95116773477942],[136.52825763988577,35.951112874597996],[136.52824909349113,35.951203540857705]]]}},{"type":"Feature","properties":{"pid":"91fa41e5-3872-463e-955f-d352cd4e8b5e"},"geometry":{"type":"Polygon","coordinates":[[[136.52818679692086,35.95198995834382],[136.5282110743866,35.952006753587966],[136.52917846459482,35.95206774513407],[136.5291902460402,35.951912142904106],[136.52819837615388,35.95185581246295],[136.52818679692086,35.95198995834382]]]}},{"type":"Feature","properties":{"pid":"eec92c1e-64ca-42db-a057-4c4226b97894"},"geometry":{"type":"Polygon","coordinates":[[[136.5282142646463,35.95174050600832],[136.52919862694964,35.95180249754642],[136.5292120621472,35.9516514819573],[136.5282509459074,35.95159168468693],[136.52822034746757,35.951614447322505],[136.5282142646463,35.95174050600832]]]}},{"type":"Feature","properties":{"pid":"963c8cb7-02cb-4e70-aed4-6d97a9e7bf3d"},"geometry":{"type":"Polygon","coordinates":[[[136.52815818231733,35.9523160914382],[136.52817572236967,35.952332434380516],[136.5282979402305,35.95233879718605],[136.52853919909975,35.95225687967747],[136.52858044033246,35.95227555779059],[136.52865297820114,35.95237696336427],[136.5291440266519,35.95240517821011],[136.52916122144433,35.952244189325455],[136.5281664384617,35.95218629444944],[136.52815818231733,35.9523160914382]]]}},{"type":"Feature","properties":{"pid":"f7cde892-f98a-4d8d-9860-58a609d584a2"},"geometry":{"type":"Polygon","coordinates":[[[136.529354326695,35.95205766153356],[136.52937071978278,35.95207336766508],[136.5303357276022,35.952129192432004],[136.53035576304458,35.95198473461797],[136.529361684923,35.95191837126743],[136.529354326695,35.95205766153356]]]}},{"type":"Feature","properties":{"pid":"f6b9260e-c734-4647-ac25-6c1456b9b461"},"geometry":{"type":"Polygon","coordinates":[[[136.52937408627554,35.951811936195426],[136.53032845324915,35.95187456319584],[136.53037426389886,35.951847484143016],[136.53038028245578,35.95171568085775],[136.52938815059568,35.95165399430114],[136.52937408627554,35.951811936195426]]]}},{"type":"Feature","properties":{"pid":"044f3a8c-2405-4434-b983-a4d5f4ae60c5"},"geometry":{"type":"Polygon","coordinates":[[[136.52931675740922,35.952421277836976],[136.53029487681752,35.95247752455043],[136.53031996655864,35.9524648416282],[136.53032963970884,35.952320077443765],[136.52933222829932,35.95225719954961],[136.52931675740922,35.952421277836976]]]}},{"type":"Feature","properties":{"pid":"91cef786-8b8f-41e6-a8d2-2ea7e2e96d0e"},"geometry":{"type":"Polygon","coordinates":[[[136.53055225699873,35.95200106872061],[136.53053693926566,35.95214189289532],[136.53152598230534,35.9522047931838],[136.53153742690645,35.952056969695526],[136.53055225699873,35.95200106872061]]]}},{"type":"Feature","properties":{"pid":"1d0d9f4d-6ab9-4ce6-a0c7-0802625896ca"},"geometry":{"type":"Polygon","coordinates":[[[136.53049111579807,35.95247741472854],[136.53050833866726,35.952492175629565],[136.5314951831285,35.952546138801466],[136.53150100774172,35.95239713544051],[136.5305067455243,35.95233739654497],[136.53049111579807,35.95247741472854]]]}},{"type":"Feature","properties":{"pid":"c83888fd-d1e8-4f64-8326-e29171616219"},"geometry":{"type":"Polygon","coordinates":[[[136.53056217415434,35.95189257359588],[136.531550178262,35.95195340838605],[136.53156224117282,35.9517924938606],[136.5305766448458,35.95173216758445],[136.53056217415434,35.95189257359588]]]}},{"type":"Feature","properties":{"pid":"6e7ce861-4836-403f-a612-289af400317e"},"geometry":{"type":"Polygon","coordinates":[[[136.53064139986526,35.95108997693036],[136.53162809978085,35.95114721740571],[136.53164035003235,35.95096332782728],[136.53065647395962,35.95090864323079],[136.53064139986526,35.95108997693036]]]}},{"type":"Feature","properties":{"pid":"ba862277-75b9-4c13-9c33-0a536a050d52"},"geometry":{"type":"Polygon","coordinates":[[[136.53067124723518,35.950799923337485],[136.531653768275,35.950861848301365],[136.53166661913716,35.95069815971163],[136.5306791578962,35.95062986323623],[136.53067124723518,35.950799923337485]]]}},{"type":"Feature","properties":{"pid":"91cc9ba7-4864-45ac-9f5b-6811a7cc0b94"},"geometry":{"type":"Polygon","coordinates":[[[136.5306169768399,35.951359113643264],[136.5316036417351,35.95142292530118],[136.53161369989738,35.95125325594566],[136.53062520025625,35.951192925894155],[136.5306169768399,35.951359113643264]]]}},{"type":"Feature","properties":{"pid":"66b3ef47-de9c-4653-a8ca-8f2df87343aa"},"geometry":{"type":"Polygon","coordinates":[[[136.53058713338982,35.95162520416995],[136.53157358469602,35.95168863636731],[136.5315870670462,35.95152925311412],[136.53059996260524,35.95146795050244],[136.53058713338982,35.95162520416995]]]}},{"type":"Feature","properties":{"pid":"c809ab02-a993-419b-85ff-cf2fa14fc3f3"},"geometry":{"type":"Polygon","coordinates":[[[136.5317800227507,35.95142439807571],[136.53275464917894,35.95148829463897],[136.53278158682537,35.951472023039464],[136.5327905173296,35.95132434859458],[136.531787715196,35.95126170161228],[136.5317800227507,35.95142439807571]]]}},{"type":"Feature","properties":{"pid":"66b0889d-d6fd-4608-852a-ecd92711a8b3"},"geometry":{"type":"Polygon","coordinates":[[[136.53183232214067,35.950721579760234],[136.5318242142585,35.95084594152899],[136.53283069378887,35.950901990074385],[136.53285100857696,35.95079956045968],[136.53281715934074,35.95076938596623],[136.53183232214067,35.950721579760234]]]}},{"type":"Feature","properties":{"pid":"c43ba4df-09be-46a2-a21e-d20cb1b06f7c"},"geometry":{"type":"Polygon","coordinates":[[[136.5317945364327,35.951159620936046],[136.53277126541,35.95121742709756],[136.53280115689358,35.95119028693071],[136.53281792978916,35.95101048003871],[136.5318152528851,35.95094782909762],[136.5317945364327,35.951159620936046]]]}},{"type":"Feature","properties":{"pid":"b2ae349c-89aa-4e28-aa00-949f54c680c8"},"geometry":{"type":"Polygon","coordinates":[[[136.5317525697623,35.95169152681794],[136.53273145516232,35.951755480811315],[136.53275142502346,35.95174583265771],[136.53276316586803,35.9515912993135],[136.53176970580355,35.951535034433384],[136.5317525697623,35.95169152681794]]]}},{"type":"Feature","properties":{"pid":"3548a994-93bb-4d5e-82de-9fc327e2e187"},"geometry":{"type":"Polygon","coordinates":[[[136.5317327250646,35.95196161959002],[136.5326954158971,35.95202959479096],[136.5327320146234,35.95200415433952],[136.53274324178162,35.951863113116715],[136.531745530023,35.95180300508717],[136.5317327250646,35.95196161959002]]]}},{"type":"Feature","properties":{"pid":"5bc1c9a4-b79f-4ed9-9dca-c1b20048448c"},"geometry":{"type":"Polygon","coordinates":[[[136.5317143489639,35.95206874128298],[136.53170678137994,35.9521707497423],[136.53268331989588,35.95223711012065],[136.5327072704016,35.95221818866773],[136.53271395925157,35.95213145400622],[136.5317143489639,35.95206874128298]]]}},{"type":"Feature","properties":{"pid":"fc775557-01ce-47a7-beec-94d38602d2ad"},"geometry":{"type":"Polygon","coordinates":[[[136.53167944152156,35.95258119287317],[136.53273085040533,35.952648011327774],[136.53273369775889,35.952517919938614],[136.53169305772,35.95240987006403],[136.53167944152156,35.95258119287317]]]}},{"type":"Feature","properties":{"pid":"cee7e8fa-ba64-412f-bacb-e86460ea54bc"},"geometry":{"type":"Polygon","coordinates":[[[136.53165116047126,35.952836262382746],[136.53268048528275,35.95289879371453],[136.53271385055552,35.95287946585577],[136.53272538748882,35.952757797420546],[136.53166486434114,35.9526863223715],[136.53165116047126,35.952836262382746]]]}},{"type":"Feature","properties":{"pid":"acb78b45-3ebf-4ade-88d0-db45bd34c2bf"},"geometry":{"type":"Polygon","coordinates":[[[136.5316309814659,35.95310521908854],[136.53266802821605,35.95317077548775],[136.53268818560963,35.953153906670025],[136.53269317584625,35.953011003839336],[136.53164369097996,35.952951137534946],[136.5316309814659,35.95310521908854]]]}},{"type":"Feature","properties":{"pid":"e74aefd0-9bb5-4dad-8462-bc7f1bf70cd3"},"geometry":{"type":"Polygon","coordinates":[[[136.5316211859525,35.95321161357736],[136.5316086446816,35.95337221239513],[136.53263812816297,35.95344054456554],[136.53265452412847,35.95343041821643],[136.53266385239573,35.953276167110715],[136.5316211859525,35.95321161357736]]]}},{"type":"Feature","properties":{"pid":"90a32fd2-2858-4b72-8630-6fe8c8c02988"},"geometry":{"type":"Polygon","coordinates":[[[136.53155735777796,35.95390673941942],[136.5325844496629,35.953970824569744],[136.53260575062586,35.953955580649506],[136.53262555998575,35.95380981497903],[136.5315723911434,35.9537514815321],[136.53155735777796,35.95390673941942]]]}},{"type":"Feature","properties":{"pid":"9f5e55aa-5422-4650-bae4-c01ad0cb9125"},"geometry":{"type":"Polygon","coordinates":[[[136.53151834762258,35.954223866649755],[136.53255553394928,35.95428852160703],[136.53258747297306,35.95425915640122],[136.53260484317602,35.95408309669404],[136.53153968464633,35.95400951935322],[136.53151834762258,35.954223866649755]]]}},{"type":"Feature","properties":{"pid":"f2823c72-c55b-430b-8cb0-a2c87cbd1361"},"geometry":{"type":"Polygon","coordinates":[[[136.53158435759508,35.95364531206307],[136.53260805132334,35.95370352702551],[136.53263931449575,35.953675760615496],[136.53264852813348,35.95355090088755],[136.53159702418824,35.95348398581428],[136.53158435759508,35.95364531206307]]]}},{"type":"Feature","properties":{"pid":"78e9cc5c-9b4d-40de-af74-d5c6e67e3539"},"geometry":{"type":"Polygon","coordinates":[[[136.5303434259019,35.95409838488269],[136.53133907511577,35.95416352114946],[136.531355583244,35.95400470061828],[136.53035669441343,35.95394840103486],[136.5303434259019,35.95409838488269]]]}},{"type":"Feature","properties":{"pid":"f89db9f1-f6a6-4740-af57-a5ddab9b402b"},"geometry":{"type":"Polygon","coordinates":[[[136.53036843180325,35.95382774436308],[136.5313576951191,35.95389537397166],[136.5313824602126,35.95373781495909],[136.5303871870722,35.95367933189128],[136.53036843180325,35.95382774436308]]]}},{"type":"Feature","properties":{"pid":"0f954be6-d4a6-4b27-87d4-cc072672b0e9"},"geometry":{"type":"Polygon","coordinates":[[[136.53039803862313,35.95356482732838],[136.53138954012164,35.95362874862184],[136.53140526279682,35.95346195865076],[136.53040961073145,35.9534046087758],[136.53039803862313,35.95356482732838]]]}},{"type":"Feature","properties":{"pid":"621142dd-a375-4b09-99ab-a5034f9b50ff"},"geometry":{"type":"Polygon","coordinates":[[[136.53045939032287,35.9528672311417],[136.5304432402262,35.953036377292676],[136.5314373942117,35.95308502769075],[136.53145884507546,35.95292686759151],[136.53045939032287,35.9528672311417]]]}},{"type":"Feature","properties":{"pid":"cc2c1096-2055-4123-8ae5-01e2831b99f0"},"geometry":{"type":"Polygon","coordinates":[[[136.53041647409114,35.95329389850317],[136.53141765365132,35.95335602073292],[136.53143242306137,35.95319747518473],[136.53054347720686,35.95314493819099],[136.5305092547698,35.95318588420356],[136.53042862542566,35.95318566730535],[136.53041647409114,35.95329389850317]]]}},{"type":"Feature","properties":{"pid":"6856e05c-7af7-4350-aad5-252d2019d108"},"geometry":{"type":"Polygon","coordinates":[[[136.5304608033621,35.952743714618876],[136.53047252377203,35.952761560672606],[136.53146864176017,35.95282133728562],[136.53148815528112,35.95266271155109],[136.53047647680324,35.9526051780399],[136.5304608033621,35.952743714618876]]]}},{"type":"Feature","properties":{"pid":"a56b60d7-e48a-49cb-a648-e7e06b51884e"},"geometry":{"type":"Polygon","coordinates":[[[136.52929947927447,35.952691645296525],[136.53026332357481,35.95275284896966],[136.53029954713728,35.95272475599364],[136.53031159256764,35.95258627051923],[136.52930839381077,35.95252532928738],[136.52929947927447,35.952691645296525]]]}},{"type":"Feature","properties":{"pid":"96e248fa-bf64-489d-900d-2cd4c6ed90ba"},"geometry":{"type":"Polygon","coordinates":[[[136.5292621074052,35.95306602674259],[136.52924943825914,35.95322993978755],[136.53022000508454,35.95329474466956],[136.53025023895356,35.95327458981935],[136.53026343016816,35.95313274649521],[136.5292621074052,35.95306602674259]]]}},{"type":"Feature","properties":{"pid":"0a1e3320-c76e-4207-a3f0-a2109b910a5e"},"geometry":{"type":"Polygon","coordinates":[[[136.529274037246,35.95296290686513],[136.53023751147214,35.95301993288906],[136.53026996712737,35.95300210748557],[136.5302843823296,35.952861595249324],[136.52928956661174,35.95280585490698],[136.529274037246,35.95296290686513]]]}},{"type":"Feature","properties":{"pid":"7d2737f2-cbcf-4a76-b605-ebc57a7eb383"},"geometry":{"type":"Polygon","coordinates":[[[136.5280950072512,35.95287661894677],[136.52909889803772,35.95294271971315],[136.52910865175585,35.9527835935329],[136.52813586544607,35.952729507465726],[136.52810800127668,35.952766335800966],[136.5280950072512,35.95287661894677]]]}},{"type":"Feature","properties":{"pid":"cc903c72-ddbe-4f89-bb15-eeed67f94bb9"},"geometry":{"type":"Polygon","coordinates":[[[136.52812484030844,35.95261557243888],[136.52912167678483,35.952675172117154],[136.52913772338195,35.95250939096364],[136.5286239260771,35.9524799442352],[136.5284146037589,35.95258053327836],[136.5283255513955,35.95256502603763],[136.52826006955996,35.952460103479716],[136.528150003253,35.95245819891563],[136.52812484030844,35.95261557243888]]]}},{"type":"Feature","properties":{"pid":"323af360-6a59-45a8-8338-6f5d610fee70"},"geometry":{"type":"Polygon","coordinates":[[[136.5280516022128,35.95342079048077],[136.52905536729165,35.95348498732273],[136.52907322757613,35.95332794563364],[136.52807757154878,35.95326949843609],[136.52806488545764,35.953276813760205],[136.5280516022128,35.95342079048077]]]}},{"type":"Feature","properties":{"pid":"0b41e39d-6e0b-461a-8f5f-fc30206ed89a"},"geometry":{"type":"Polygon","coordinates":[[[136.52807064985495,35.95315976309967],[136.5290729432434,35.953221338897954],[136.52909397310478,35.95305429406052],[136.5281099462348,35.95299966296771],[136.52808565587262,35.9530218459474],[136.52807064985495,35.95315976309967]]]}},{"type":"Feature","properties":{"pid":"e330f158-0aa1-4cdd-b163-d886ee713591"},"geometry":{"type":"Polygon","coordinates":[[[136.5280251137619,35.95369652340874],[136.52902226672856,35.953754056649046],[136.5290392868379,35.95358861936976],[136.52805656123013,35.95353429655868],[136.52803591744825,35.95355825794721],[136.5280251137619,35.95369652340874]]]}},{"type":"Feature","properties":{"pid":"cf553349-6c9d-42d7-9985-48c01e7eef5c"},"geometry":{"type":"Polygon","coordinates":[[[136.52799579169456,35.953962584797765],[136.52899979602793,35.95402958700448],[136.5290107274656,35.953857696703494],[136.5280343112632,35.95379945942294],[136.52801057290932,35.95383782733201],[136.52799579169456,35.953962584797765]]]}},{"type":"Feature","properties":{"pid":"a20eaee9-fb22-4804-91ef-2960ef7e86c6"},"geometry":{"type":"Polygon","coordinates":[[[136.5279707409602,35.95423730357107],[136.52896605955723,35.95430216091632],[136.52898839235615,35.95413125271848],[136.5280097540649,35.95407206114081],[136.52798111920177,35.95409652578442],[136.5279707409602,35.95423730357107]]]}},{"type":"Feature","properties":{"pid":"b19b9f58-349b-434f-ad99-250854ec5067"},"geometry":{"type":"Polygon","coordinates":[[[136.52914424889298,35.95430795013194],[136.53014785497513,35.954365595033046],[136.5301627184547,35.95420874093526],[136.529161767669,35.95414251383049],[136.52914424889298,35.95430795013194]]]}},{"type":"Feature","properties":{"pid":"a0d22ca2-5532-4877-84a4-c0aa4bb37665"},"geometry":{"type":"Polygon","coordinates":[[[136.5291713535432,35.95404033083399],[136.53015269513187,35.95410052003512],[136.53017200832804,35.95408682069335],[136.53017966336543,35.95394100963232],[136.5291898494252,35.95387449442315],[136.5291713535432,35.95404033083399]]]}},{"type":"Feature","properties":{"pid":"f6175428-6a1e-4895-8d97-9426e76c2ddb"},"geometry":{"type":"Polygon","coordinates":[[[136.5292363513229,35.95333614196853],[136.52922283220835,35.95349760013468],[136.53018910214396,35.95355973299713],[136.53022429953552,35.95353674272814],[136.5302354361133,35.95339948603482],[136.5292363513229,35.95333614196853]]]}},{"type":"Feature","properties":{"pid":"1b927ebf-2842-4622-bb65-6aca7860ecde"},"geometry":{"type":"Polygon","coordinates":[[[136.52920000130203,35.95377128165243],[136.53016590714677,35.95383166486467],[136.5301922232193,35.95381851480787],[136.53020639664524,35.95366886452133],[136.5292138163064,35.953606290380925],[136.52920000130203,35.95377128165243]]]}},{"type":"Feature","properties":{"pid":"d167cbda-0291-4ade-87fb-f5f0bfa220e2"},"geometry":{"type":"Polygon","coordinates":[[[136.52911478163944,35.954689840248285],[136.5291139153332,35.95485781022942],[136.53007290844937,35.95491593018075],[136.53009223450945,35.95490524633084],[136.53011081829086,35.95474804749142],[136.52911478163944,35.954689840248285]]]}},{"type":"Feature","properties":{"pid":"34ee5258-8883-4f49-a115-282087595165"},"geometry":{"type":"Polygon","coordinates":[[[136.52912148075038,35.95458158370963],[136.5301230396575,35.954642063627276],[136.5301382966553,35.95447295596947],[136.52913342916534,35.954417577751116],[136.52912148075038,35.95458158370963]]]}},{"type":"Feature","properties":{"pid":"b89c3dc0-6eb8-47e2-a25b-04791a52dc1f"},"geometry":{"type":"Polygon","coordinates":[[[136.5279514766805,35.954506493384464],[136.5289420929625,35.95457151525871],[136.5289571166643,35.95440853660635],[136.52798665741852,35.95434781183153],[136.5279659968863,35.954364161778294],[136.5279514766805,35.954506493384464]]]}},{"type":"Feature","properties":{"pid":"ef6932d2-a1d6-4d9b-9ba3-77c77417c848"},"geometry":{"type":"Polygon","coordinates":[[[136.52792595976248,35.95476411247051],[136.52795036273977,35.95478745370358],[136.5289158013174,35.95484480750343],[136.52892770268883,35.95467878243014],[136.52794231812902,35.95461348504678],[136.52792595976248,35.95476411247051]]]}},{"type":"Feature","properties":{"pid":"abc906ee-2138-4912-8acc-eca2110c5adc"},"geometry":{"type":"Polygon","coordinates":[[[136.52787588278068,35.95516715663299],[136.52790771277,35.955187263102246],[136.52887801848087,35.95524424159915],[136.52890035548663,35.95506682288099],[136.5278948574131,35.95501499227469],[136.52787588278068,35.95516715663299]]]}},{"type":"Feature","properties":{"pid":"266798fe-4556-4ecf-983f-d58ad95f9e09"},"geometry":{"type":"Polygon","coordinates":[[[136.52785653586682,35.95543437703293],[136.5278793243875,35.95545805170193],[136.52885223900066,35.955516020730535],[136.52886638597306,35.955356864699496],[136.52787245785444,35.955295832609615],[136.52785653586682,35.95543437703293]]]}},{"type":"Feature","properties":{"pid":"e880bbaf-4de3-4b15-8b3c-968949f637ed"},"geometry":{"type":"Polygon","coordinates":[[[136.5278249376041,35.95570776223528],[136.52784478649866,35.955726195542326],[136.5288282615046,35.955785370644676],[136.52884451386,35.95562190423946],[136.52784372297617,35.95556634130783],[136.5278249376041,35.95570776223528]]]}},{"type":"Feature","properties":{"pid":"078ccb02-39ca-4751-a868-12d7067ed91b"},"geometry":{"type":"Polygon","coordinates":[[[136.5277916295176,35.95598258124113],[136.5278201552668,35.95600457573714],[136.5287979283265,35.95606757675862],[136.52881915264237,35.95589115643842],[136.52781253701056,35.955834419655794],[136.5277916295176,35.95598258124113]]]}},{"type":"Feature","properties":{"pid":"e7ece3d1-b4fc-46d5-bf57-ab4ea6d8c0e0"},"geometry":{"type":"Polygon","coordinates":[[[136.5290004121255,35.95592344090456],[136.52898545813088,35.95608042835474],[136.5299427599151,35.95615498274417],[136.52997201941332,35.95613217306796],[136.5299844227755,35.95599189533595],[136.5290004121255,35.95592344090456]]]}},{"type":"Feature","properties":{"pid":"42de550d-5012-44b2-bb65-244d91f00849"},"geometry":{"type":"Polygon","coordinates":[[[136.52900903543846,35.955806186202715],[136.52996787309894,35.95587497219422],[136.52999287418592,35.955860072013316],[136.53001631408856,35.955720460861144],[136.52901991781252,35.95563865188785],[136.52900903543846,35.955806186202715]]]}},{"type":"Feature","properties":{"pid":"9bb992cc-f357-4eb7-a78b-2fa7246423ed"},"geometry":{"type":"Polygon","coordinates":[[[136.52905498750485,35.95526750578353],[136.53002133512896,35.95534261340078],[136.53005289613606,35.95532582953595],[136.53006516285961,35.955147317303],[136.52906773328078,35.95508398191175],[136.52905498750485,35.95526750578353]]]}},{"type":"Feature","properties":{"pid":"a8a14e6b-1a9e-4083-8ed8-8e2f5c021144"},"geometry":{"type":"Polygon","coordinates":[[[136.529037506107,35.95553363866305],[136.53001202804518,35.95561327853484],[136.53002981080206,35.955601235183465],[136.5300434471364,35.95545046199556],[136.5290519517056,35.95537861858117],[136.529037506107,35.95553363866305]]]}},{"type":"Feature","properties":{"pid":"08c25aa6-3a27-4722-b372-5b42506dc5d7"},"geometry":{"type":"Polygon","coordinates":[[[136.53017956887774,35.95588336698211],[136.53019772483069,35.955901441046684],[136.53127876003867,35.95597943429735],[136.53129814663836,35.95580912087142],[136.53019435529535,35.9557298387431],[136.53017956887774,35.95588336698211]]]}},{"type":"Feature","properties":{"pid":"a3c7ac51-75aa-4362-b4b0-4c3924b8c15b"},"geometry":{"type":"Polygon","coordinates":[[[136.53023776612056,35.95533156217237],[136.53026357474016,35.955355100469944],[136.5313388580889,35.955436293873895],[136.53136363891562,35.95525705094524],[136.53025012952682,35.955151639290285],[136.53023776612056,35.95533156217237]]]}},{"type":"Feature","properties":{"pid":"90c4d72d-4684-49ad-a053-aac96eab359a"},"geometry":{"type":"Polygon","coordinates":[[[136.53021507101283,35.955611624387856],[136.53023395580172,35.95562964578767],[136.5313047235482,35.95570000376462],[136.53132037438974,35.95555357723117],[136.53022435755435,35.955469248747484],[136.53021507101283,35.955611624387856]]]}},{"type":"Feature","properties":{"pid":"37215dee-1376-4a97-9182-b3640d4c48ff"},"geometry":{"type":"Polygon","coordinates":[[[136.5302865686402,35.95476794541037],[136.53028560648565,35.95493549220594],[136.53125803180413,35.9550263610378],[136.53127909510164,35.95482218425693],[136.5302865686402,35.95476794541037]]]}},{"type":"Feature","properties":{"pid":"e1ea580d-9bb9-4274-8ce2-caabee5692c6"},"geometry":{"type":"Polygon","coordinates":[[[136.53031839323015,35.95436929116787],[136.53033790336698,35.95438276697412],[136.53132051467924,35.95443530943658],[136.53133019125215,35.95427645205715],[136.5303308089002,35.95422311759803],[136.53031839323015,35.95436929116787]]]}},{"type":"Feature","properties":{"pid":"84091ec7-f0a5-4938-8937-9bdfe65be1b3"},"geometry":{"type":"Polygon","coordinates":[[[136.5302986487255,35.95465802033381],[136.53129132464468,35.954716625244224],[136.53131054608068,35.954550384405366],[136.53031061201358,35.9544964474127],[136.5302986487255,35.95465802033381]]]}},{"type":"Feature","properties":{"pid":"1e8a0e0f-80c5-4fbb-bbf6-dc1a964e9e6b"},"geometry":{"type":"Polygon","coordinates":[[[136.53146458342485,35.95486932516525],[136.5314462032947,35.955104871720536],[136.53249027263263,35.95518626685488],[136.53251323705564,35.95494153410369],[136.53146458342485,35.95486932516525]]]}},{"type":"Feature","properties":{"pid":"aaca847e-6a08-4ef2-b8c6-e26f550ca295"},"geometry":{"type":"Polygon","coordinates":[[[136.5314760311755,35.95476994370743],[136.5325044410746,35.95482907818344],[136.5325208591986,35.954815390554366],[136.5325249455595,35.95467060825566],[136.53149030246735,35.95460394529713],[136.5314760311755,35.95476994370743]]]}},{"type":"Feature","properties":{"pid":"1f59755a-358b-488f-a0dd-9e166cbf61e0"},"geometry":{"type":"Polygon","coordinates":[[[136.53151943987257,35.95433252785426],[136.53150744031953,35.95448979959584],[136.53253643152217,35.95455279463903],[136.53255493965779,35.95453797357319],[136.53256367886667,35.95439916091276],[136.53151943987257,35.95433252785426]]]}},{"type":"Feature","properties":{"pid":"a3b66e77-ae6b-45d5-8075-c2114b25b28c"},"geometry":{"type":"Polygon","coordinates":[[[136.53151112085595,35.95545503545044],[136.53241091238456,35.955513971131694],[136.5324588964836,35.955496279117405],[136.53247667506898,35.955331339010854],[136.53152674529576,35.95526149911695],[136.53151112085595,35.95545503545044]]]}},{"type":"Feature","properties":{"pid":"85b7f28b-b032-43c2-99c5-f57a114ec16d"},"geometry":{"type":"Polygon","coordinates":[[[136.53148333392494,35.955718900608325],[136.53241002650927,35.9557845760492],[136.5324427595777,35.95577131500248],[136.53245347150303,35.955623792194544],[136.53150004349314,35.95555900347912],[136.53148333392494,35.955718900608325]]]}},{"type":"Feature","properties":{"pid":"d8811f1c-9c63-4260-ba64-a8380493478c"},"geometry":{"type":"Polygon","coordinates":[[[136.5314544292669,35.95598811181231],[136.5324008499602,35.95605215101894],[136.53241666499918,35.95604471842529],[136.53243256382788,35.95589078867717],[136.53146987152786,35.955825988309755],[136.5314544292669,35.95598811181231]]]}},{"type":"Feature","properties":{"pid":"d3b58698-b9f4-48a8-87ff-ff2586d37b04"},"geometry":{"type":"Polygon","coordinates":[[[136.53261734219376,35.95607727389359],[136.5335802065044,35.956145326449615],[136.53359009858502,35.95598663006173],[136.53262899852928,35.955923640660224],[136.53261734219376,35.95607727389359]]]}},{"type":"Feature","properties":{"pid":"9136a991-5c09-4406-9dd7-834b0d1a51cd"},"geometry":{"type":"Polygon","coordinates":[[[136.53264113619352,35.955802802011966],[136.5326563321627,35.95581692962403],[136.53360137428422,35.95587339517436],[136.5336145939442,35.95568947606806],[136.53265406170286,35.95563460277403],[136.53264113619352,35.955802802011966]]]}},{"type":"Feature","properties":{"pid":"21d778c0-73f0-4837-9302-d3c80bea0b63"},"geometry":{"type":"Polygon","coordinates":[[[136.5326623627753,35.955532842161084],[136.53362316713262,35.95558343014622],[136.53364106745246,35.9553982832972],[136.53267454019525,35.95534446895451],[136.5326623627753,35.955532842161084]]]}},{"type":"Feature","properties":{"pid":"34daa458-c691-4532-8350-813af31cc12d"},"geometry":{"type":"Polygon","coordinates":[[[136.53380165342273,35.95560832561701],[136.5342342304071,35.955629772108395],[136.534301066005,35.95553280009573],[136.53433205177384,35.955515060628],[136.53455214734538,35.95556875761989],[136.53458574664134,35.95547537948042],[136.5345743254701,35.955453950610156],[136.53381917212565,35.95541073818513],[136.53380165342273,35.95560832561701]]]}},{"type":"Feature","properties":{"pid":"f3c04319-0ff9-42fe-ae20-f5e13ef33cf0"},"geometry":{"type":"Polygon","coordinates":[[[136.53379467932174,35.95570833178105],[136.533777557286,35.95587819918295],[136.53409736980282,35.9558956187185],[136.5341780193663,35.95573288974706],[136.53379467932174,35.95570833178105]]]}},{"type":"Feature","properties":{"pid":"ddbc1ad8-69b1-4334-a78a-53b6a075b46d"},"geometry":{"type":"Polygon","coordinates":[[[136.53465583630495,35.955834548850945],[136.5357945023943,35.955921453634396],[136.53582394808686,35.95578713571162],[136.5347021815624,35.95570826159935],[136.53465583630495,35.955834548850945]]]}},{"type":"Feature","properties":{"pid":"d416c75b-4a74-456d-8ec8-2a41993794e7"},"geometry":{"type":"Polygon","coordinates":[[[136.53474505212074,35.95560456157235],[136.53584164653157,35.95567782483335],[136.5358790743744,35.95544836515928],[136.53482231757891,35.95537906211581],[136.53474505212074,35.95560456157235]]]}},{"type":"Feature","properties":{"pid":"242870fa-23a9-4e96-9119-a622fed57afb"},"geometry":{"type":"Polygon","coordinates":[[[136.53486949807856,35.955259215965974],[136.53589959743405,35.95533639378824],[136.53593619163323,35.95512435231476],[136.53531079440944,35.95502882955148],[136.53529801111821,35.95508280606234],[136.53527463909666,35.95510538722265],[136.53508808836511,35.95509538510962],[136.53501950999893,35.955220087743655],[136.53498440004654,35.95523278453038],[136.53488430283943,35.95522243404501],[136.53486949807856,35.955259215965974]]]}},{"type":"Feature","properties":{"pid":"406c6051-1136-40cb-b397-b79177b0a436"},"geometry":{"type":"Polygon","coordinates":[[[136.53433771062174,35.95478573519051],[136.5345115390553,35.95481674914409],[136.53459248576766,35.95465556224178],[136.53440181583383,35.954628645523165],[136.53433771062174,35.95478573519051]]]}},{"type":"Feature","properties":{"pid":"c630eddc-d7eb-453d-a7a9-f5ee9548d21b"},"geometry":{"type":"Polygon","coordinates":[[[136.53503748654757,35.954789871635406],[136.53502942103123,35.954869952767154],[136.5359706264918,35.954987399812815],[136.5359699926904,35.954942060559],[136.53601032339157,35.95485805010688],[136.53503748654757,35.954789871635406]]]}},{"type":"Feature","properties":{"pid":"a0deea66-b166-4cf6-84c1-f801a6ebfc17"},"geometry":{"type":"Polygon","coordinates":[[[136.53444507205256,35.95452977488747],[136.53458548140372,35.95455090832603],[136.53461078445466,35.954526269707216],[136.534704831495,35.9544923640856],[136.5348863567703,35.95447638851779],[136.53488967420458,35.9544572679343],[136.534484377032,35.95442182760397],[136.53444507205256,35.95452977488747]]]}},{"type":"Feature","properties":{"pid":"feb3e60f-a7ed-4d0a-950a-636bf0a19028"},"geometry":{"type":"Polygon","coordinates":[[[136.53381902202233,35.95433698748417],[136.5338090418014,35.9543853336212],[136.5339996927777,35.95442870680754],[136.53400942017672,35.95441267014829],[136.53381902202233,35.95433698748417]]]}},{"type":"Feature","properties":{"pid":"306b982b-5a23-4c4c-a955-1d5a7fa9634b"},"geometry":{"type":"Polygon","coordinates":[[[136.53377035695763,35.95452077005626],[136.53371880369406,35.954708214393506],[136.5338425899702,35.95473891769477],[136.53391895132455,35.95455374101553],[136.53377035695763,35.95452077005626]]]}},{"type":"Feature","properties":{"pid":"0323c0cc-0137-4f7c-86e5-7d0e35358362"},"geometry":{"type":"Polygon","coordinates":[[[136.53383511323344,35.95526723952666],[136.5343262790051,35.95530115316311],[136.5343572903829,35.95519369499363],[136.53438516738515,35.9549494000822],[136.53387259615778,35.95486841174063],[136.53383511323344,35.95526723952666]]]}},{"type":"Feature","properties":{"pid":"8a5755c0-4a1e-48e4-990d-59f9e46ac5f7"},"geometry":{"type":"Polygon","coordinates":[[[136.53271851473588,35.95492533233651],[136.53269997186288,35.955178343953214],[136.53273538728348,35.955199832150605],[136.53365432254316,35.95525355246042],[136.53369206442386,35.95497829788953],[136.53271851473588,35.95492533233651]]]}},{"type":"Feature","properties":{"pid":"f85609c8-fd13-4c50-9826-d32c5b06443e"},"geometry":{"type":"Polygon","coordinates":[[[136.53273473861296,35.954786626145825],[136.53275294582525,35.95481101654165],[136.53368795520817,35.95486824753499],[136.53352994802734,35.95480283377763],[136.5335192189171,35.9547745414709],[136.53354003096084,35.9546975709817],[136.53274768455498,35.95465300165782],[136.53273473861296,35.954786626145825]]]}},{"type":"Feature","properties":{"pid":"56b5b8e6-f526-4223-856f-53fcf6bdb88f"},"geometry":{"type":"Polygon","coordinates":[[[136.53275661898408,35.95451442180256],[136.53277188944736,35.95453473295986],[136.5335684962571,35.95458725976317],[136.53359097156863,35.95449721214949],[136.53276146479374,35.9544517703707],[136.53275661898408,35.95451442180256]]]}},{"type":"Feature","properties":{"pid":"410952cb-bd39-4cc3-a795-cb3e95b9be3b"},"geometry":{"type":"Polygon","coordinates":[[[136.53277732195787,35.95424130928252],[136.5327742949568,35.95431390867843],[136.53362955113286,35.95436563086557],[136.53364140230423,35.95428929536293],[136.53277732195787,35.95424130928252]]]}},{"type":"Feature","properties":{"pid":"fa8a9f9b-2c60-4099-9acd-6b0421725251"},"geometry":{"type":"Polygon","coordinates":[[[136.53280435673594,35.95413557340688],[136.53376557639515,35.95419143947783],[136.53376815547483,35.95416924460241],[136.53279231252824,35.954109707517965],[136.53280435673594,35.95413557340688]]]}},{"type":"Feature","properties":{"pid":"3cfc537f-1552-4f82-8f73-d84000d220ba"},"geometry":{"type":"Polygon","coordinates":[[[136.5327975910168,35.95399720852521],[136.53377939249037,35.9540710282969],[136.53379119620809,35.95392025752278],[136.53281591412085,35.953861050731824],[136.5327975910168,35.95399720852521]]]}},{"type":"Feature","properties":{"pid":"5c6cb990-54fd-4f1e-be3b-1757344c3491"},"geometry":{"type":"Polygon","coordinates":[[[136.53284396365885,35.95342686949638],[136.53286493438637,35.95344986175822],[136.5338269213161,35.95350540088559],[136.5338413985105,35.953352464996065],[136.532855705086,35.95328981735732],[136.53284396365885,35.95342686949638]]]}},{"type":"Feature","properties":{"pid":"c5b65427-f79d-425a-a7f2-ad6f5b8f51e3"},"geometry":{"type":"Polygon","coordinates":[[[136.53282224206603,35.95371117833893],[136.53284067858863,35.953751426116284],[136.5338006582824,35.953816627971186],[136.53381530371217,35.95361725343178],[136.5328346123146,35.953561374259806],[136.53282224206603,35.95371117833893]]]}},{"type":"Feature","properties":{"pid":"7bce9e9d-ff56-4424-8700-3ad2cf961a1a"},"geometry":{"type":"Polygon","coordinates":[[[136.53286376083742,35.95315946284958],[136.53288447162964,35.95318420326542],[136.53385028904825,35.95324116528471],[136.53386777306318,35.953091536809346],[136.53287645332816,35.95302485479794],[136.53286376083742,35.95315946284958]]]}},{"type":"Feature","properties":{"pid":"b164072b-19bf-486d-b6ec-843ac5da9b52"},"geometry":{"type":"Polygon","coordinates":[[[136.53295737770088,35.95256140896756],[136.53392972995178,35.9526140708262],[136.5339305145678,35.95260454351041],[136.5329438925335,35.95254052827289],[136.53295737770088,35.95256140896756]]]}},{"type":"Feature","properties":{"pid":"5b58dfd1-d367-4970-973b-08ec1dc5d470"},"geometry":{"type":"Polygon","coordinates":[[[136.5328857758705,35.95288338920358],[136.53291846577235,35.95292282622899],[136.53388878999337,35.95298440868926],[136.53390857331726,35.95281672358372],[136.53289888166165,35.952754088835995],[136.5328857758705,35.95288338920358]]]}},{"type":"Feature","properties":{"pid":"40c43afe-435d-4f91-a88e-351d27944860"},"geometry":{"type":"Polygon","coordinates":[[[136.53403629829683,35.953285677344944],[136.53501374226036,35.95335627254714],[136.5350362838241,35.9533385447663],[136.53505032774777,35.95318831065683],[136.5340506427743,35.95312827977211],[136.53403629829683,35.953285677344944]]]}},{"type":"Feature","properties":{"pid":"224438fb-2f92-4080-b08d-c95866542e94"},"geometry":{"type":"Polygon","coordinates":[[[136.53407964665172,35.952851644247716],[136.53406103327345,35.95301268407885],[136.5350333197983,35.95308001687351],[136.53506011942204,35.95306343512844],[136.53507413396065,35.95291438871074],[136.53407964665172,35.952851644247716]]]}},{"type":"Feature","properties":{"pid":"1364e218-2dc2-45cd-8d76-5d961d35bc62"},"geometry":{"type":"Polygon","coordinates":[[[136.5340959040594,35.95262113309092],[136.5340878817756,35.95273713023051],[136.5350349399323,35.95280399206115],[136.53507891389214,35.952794013366216],[136.53508765918644,35.95267390787174],[136.5340959040594,35.95262113309092]]]}},{"type":"Feature","properties":{"pid":"395872ab-e5dc-472d-8d12-cb336cd6ce22"},"geometry":{"type":"Polygon","coordinates":[[[136.53399845599614,35.95369422910976],[136.53495685889092,35.95375305765697],[136.53498984399423,35.95373529165399],[136.53500975533416,35.95346451016023],[136.53402397122082,35.95339773465623],[136.53399845599614,35.95369422910976]]]}},{"type":"Feature","properties":{"pid":"555acbe7-2bdb-4ea2-b75a-ff0a9a00b17b"},"geometry":{"type":"Polygon","coordinates":[[[136.53396019652138,35.95405676592566],[136.53492049070942,35.95410481450134],[136.53495424961562,35.95408820637357],[136.53498027412604,35.95385566997938],[136.53398612879536,35.95380507787379],[136.53396019652138,35.95405676592566]]]}},{"type":"Feature","properties":{"pid":"a96071b1-2156-4895-ba1a-1d0b569d70d8"},"geometry":{"type":"Polygon","coordinates":[[[136.53394617256097,35.95416588927675],[136.53394348510022,35.95426431205863],[136.53487044058835,35.95433529139806],[136.5349174597433,35.95430889059438],[136.53492994558414,35.95421930871968],[136.53394617256097,35.95416588927675]]]}},{"type":"Feature","properties":{"pid":"459200ca-d8f5-42e6-b01e-f8ac6bc5cc69"},"geometry":{"type":"Polygon","coordinates":[[[136.53513671816035,35.95413793488072],[136.536134737187,35.95421350320808],[136.5361220315937,35.95391272737812],[136.5356732485973,35.95385924883991],[136.53567194557797,35.95394909038725],[136.53559646396874,35.95401229000244],[136.5353558635201,35.954020149873195],[136.53525628986569,35.95404963309111],[136.53515220944533,35.954003851492104],[136.53513671816035,35.95413793488072]]]}},{"type":"Feature","properties":{"pid":"1248cbb4-9567-43e8-9842-e0b0d8f1acb7"},"geometry":{"type":"Polygon","coordinates":[[[136.53630494691518,35.95395862412982],[136.53633757684995,35.95423281327553],[136.537096516069,35.95428938146994],[136.53717207536766,35.95405791733422],[136.53630494691518,35.95395862412982]]]}},{"type":"Feature","properties":{"pid":"743c5078-7d70-44eb-9ec6-92f100d8c126"},"geometry":{"type":"Polygon","coordinates":[[[136.5362886202687,35.953759153102666],[136.537238295891,35.953874528511214],[136.53727095216007,35.95362863100401],[136.53630404619898,35.953570690149704],[136.5362886202687,35.953759153102666]]]}},{"type":"Feature","properties":{"pid":"d34f8401-cfac-42a2-9553-97a00fe7b973"},"geometry":{"type":"Polygon","coordinates":[[[136.53633319777734,35.95327244455043],[136.53631604535468,35.9534597169168],[136.53727301469686,35.95351518350455],[136.53729176866534,35.95349993382676],[136.53731479043864,35.953334624059394],[136.53633319777734,35.95327244455043]]]}},{"type":"Feature","properties":{"pid":"2ba4acf1-8432-4557-a5a3-e9ebd5cb5722"},"geometry":{"type":"Polygon","coordinates":[[[136.53522050040715,35.95340009826089],[136.5351985245891,35.9536324532257],[136.53610799341374,35.953733007959855],[136.53613223458316,35.95345795525851],[136.53522050040715,35.95340009826089]]]}},{"type":"Feature","properties":{"pid":"ce408474-ce4b-41eb-9f91-f44fe0c948c6"},"geometry":{"type":"Polygon","coordinates":[[[136.53523412232568,35.95327103560697],[136.535248642068,35.95329342766189],[136.5361495121736,35.953343323920315],[136.536173438119,35.95314008211324],[136.5352514256701,35.95308754017431],[136.53523412232568,35.95327103560697]]]}},{"type":"Feature","properties":{"pid":"df04a9cd-c788-4f79-a23b-f58e7ffc9249"},"geometry":{"type":"Polygon","coordinates":[[[136.53526562878656,35.952978953412796],[136.53618673505184,35.95303193258963],[136.53619505298033,35.952941475588126],[136.5352706825554,35.95289323409941],[136.53526562878656,35.952978953412796]]]}},{"type":"Feature","properties":{"pid":"82fab02c-1f88-4407-9adc-9ce43fe51ea9"},"geometry":{"type":"Polygon","coordinates":[[[136.53528262936373,35.952771627534524],[136.53529374808437,35.95278705136844],[136.53619837266672,35.952831929850376],[136.53620745383827,35.952737735194475],[136.53528889514368,35.95268300927138],[136.53528262936373,35.952771627534524]]]}},{"type":"Feature","properties":{"pid":"42ebd020-f6de-4de6-ac77-166f95520e3d"},"geometry":{"type":"Polygon","coordinates":[[[136.53634377758132,35.953165861228634],[136.53728607511326,35.953221048684156],[136.537303112454,35.953191150418334],[136.5373361367783,35.953178959166685],[136.5373613469606,35.95300211802565],[136.5363651410754,35.952937850329434],[136.53634377758132,35.953165861228634]]]}},{"type":"Feature","properties":{"pid":"c1894a17-e302-469b-b6de-a9592379f4f2"},"geometry":{"type":"Polygon","coordinates":[[[136.53635841902187,35.95283545684261],[136.53737191589104,35.95289910694252],[136.53738261372226,35.95281531219774],[136.5363663569575,35.95275085130788],[136.53635841902187,35.95283545684261]]]}},{"type":"Feature","properties":{"pid":"78770f49-b88a-446e-a9d7-298b9ba7b099"},"geometry":{"type":"Polygon","coordinates":[[[136.5376173159219,35.95260607394899],[136.53838409638877,35.95265592638469],[136.53846933882707,35.952461659520424],[136.53763303094985,35.95241129257776],[136.5376173159219,35.95260607394899]]]}},{"type":"Feature","properties":{"pid":"063b77f2-ad0c-46dc-a7bc-03f1d727c1dc"},"geometry":{"type":"Polygon","coordinates":[[[136.53752410744468,35.95316943742491],[136.5376444813991,35.95318484932439],[136.53767214543558,35.95310732502316],[136.5377086166234,35.95308373282901],[136.53792298231986,35.95310628288263],[136.53793341781878,35.95304105404556],[136.53797372211312,35.95301415494509],[136.5382471283816,35.95303366020371],[136.53831285650028,35.952875434570736],[136.53756969449975,35.952820353225704],[136.53752410744468,35.95316943742491]]]}},{"type":"Feature","properties":{"pid":"3261917b-7b37-4af1-a7e8-1c00d11c0783"},"geometry":{"type":"Polygon","coordinates":[[[136.53741478408222,35.953889148036424],[136.53746032582734,35.953895356417306],[136.53749853936813,35.95371442691551],[136.53752923718793,35.95369738481001],[136.5375707193867,35.95369848947853],[136.53760822493444,35.95353910342953],[136.5374600266556,35.953518608682835],[136.53741478408222,35.953889148036424]]]}},{"type":"Feature","properties":{"pid":"4bece014-c838-4dbb-9639-407f22bd97a2"},"geometry":{"type":"Polygon","coordinates":[[[136.5376006570055,35.95391714974581],[136.53773183012976,35.95393683513907],[136.53775395545557,35.953881661868635],[136.5377894576086,35.953869997785816],[136.5378485135089,35.953877322175565],[136.53786365794812,35.95384138873732],[136.53761690115314,35.953811588844104],[136.5376006570055,35.95391714974581]]]}},{"type":"Feature","properties":{"pid":"a884c088-0cbe-4849-8304-87f6eb39baa9"},"geometry":{"type":"Polygon","coordinates":[[[136.53805289520307,35.95448734076487],[136.5380910586732,35.95450325911696],[136.53811782633386,35.95434151693784],[136.53806518628068,35.95433205752829],[136.53805289520307,35.95448734076487]]]}},{"type":"Feature","properties":{"pid":"f285ac31-948a-4ce1-a92e-5cfd3d78a229"},"geometry":{"type":"Polygon","coordinates":[[[136.53780046977573,35.954441768447914],[136.5379206145011,35.95446223502745],[136.5379400244681,35.95417949636944],[136.53780046977573,35.954441768447914]]]}},{"type":"Feature","properties":{"pid":"bef2109f-8f74-4f76-b491-a617f4876592"},"geometry":{"type":"Polygon","coordinates":[[[136.53765985795974,35.95470566339069],[136.53779344206072,35.954752452318004],[136.53787943469064,35.95475684535284],[136.53790409402225,35.95457240456484],[136.53774194419236,35.95454695542682],[136.53765985795974,35.95470566339069]]]}},{"type":"Feature","properties":{"pid":"81406daf-259f-4369-a1f9-b6d6e4d52db7"},"geometry":{"type":"Polygon","coordinates":[[[136.53673698070503,35.95512638193867],[136.53718990776522,35.9552131289883],[136.53720982784412,35.955200669325535],[136.5372114167419,35.955130322386715],[136.5372335218839,35.9550666068201],[136.53688514370043,35.95495989187438],[136.53676512340107,35.955047837980885],[136.53673698070503,35.95512638193867]]]}},{"type":"Feature","properties":{"pid":"1669170b-88c4-4372-a2eb-8a63ea9bf443"},"geometry":{"type":"Polygon","coordinates":[[[136.53701625327162,35.95484910882042],[136.5372453065104,35.95491719913498],[136.53727657785416,35.9548822869083],[136.53733168739302,35.954881374261326],[136.5376026114999,35.95433698722578],[136.53728906616382,35.9542695424774],[136.53726337561127,35.9543563009468],[136.5370587590138,35.954685656106726],[136.53701625327162,35.95484910882042]]]}},{"type":"Feature","properties":{"pid":"add19079-2d4c-478b-a4a4-ee934258f603"},"geometry":{"type":"Polygon","coordinates":[[[136.53632623839277,35.95433887176491],[136.53633115666491,35.954396210322216],[136.53697240437532,35.95454053415094],[136.53708058959245,35.95439785550522],[136.53632623839277,35.95433887176491]]]}},{"type":"Feature","properties":{"pid":"fe9e9f0b-b8d5-4635-bf56-39bd4511220f"},"geometry":{"type":"Polygon","coordinates":[[[136.5351040967643,35.954396097978666],[136.53513723657176,35.954416305272495],[136.5361472745761,35.95448514438946],[136.53614324713365,35.95432713903727],[136.53512035292866,35.95425851583323],[136.5351040967643,35.954396097978666]]]}},{"type":"Feature","properties":{"pid":"aeb3c1db-5538-4c53-a110-516779186532"},"geometry":{"type":"Polygon","coordinates":[[[136.5350536244111,35.954672893395276],[136.53607372959564,35.9547478564731],[136.5361600144644,35.95460185767918],[136.53615660444834,35.95458745177233],[136.53508455387032,35.9545083182505],[136.5350536244111,35.954672893395276]]]}},{"type":"Feature","properties":{"pid":"47cc6393-9312-4d20-ac02-183cc1ad782e"},"geometry":{"type":"Polygon","coordinates":[[[136.5366456918131,35.95576655826694],[136.5368787228293,35.95577885334424],[136.5370175476987,35.955339523143216],[136.53669747840192,35.955279691912686],[136.5366456918131,35.95576655826694]]]}},{"type":"Feature","properties":{"pid":"e3059a3a-8dbc-493b-b1f3-f853581125f1"},"geometry":{"type":"Polygon","coordinates":[[[136.53601602921844,35.95572136719838],[136.5365212355386,35.95575844988619],[136.5365622145938,35.95525289768985],[136.53611647367515,35.955166132590804],[136.53601602921844,35.95572136719838]]]}},{"type":"Feature","properties":{"pid":"dd34a91e-2993-498c-8e14-c79ef0d1fbc1"},"geometry":{"type":"Polygon","coordinates":[[[136.53596775535377,35.95598605441812],[136.53699671285213,35.95605747284023],[136.53710570410095,35.95590857708229],[136.535997303081,35.95583520376569],[136.53596775535377,35.95598605441812]]]}},{"type":"Feature","properties":{"pid":"622e032e-4a39-4881-8321-d90bc0e25bf5"},"geometry":{"type":"Polygon","coordinates":[[[136.53749215617475,35.95550534605155],[136.53787307723607,35.95555094505187],[136.5378796874081,35.95551468507439],[136.53749282477892,35.95547233862625],[136.53749215617475,35.95550534605155]]]}},{"type":"Feature","properties":{"pid":"3f18431f-cfc4-4ef1-8c33-7e301b3bf7ce"},"geometry":{"type":"Polygon","coordinates":[[[136.5374577484516,35.95577921150967],[136.5377190501769,35.95582287366815],[136.537827598435,35.95575465020893],[136.537843288542,35.95565518653372],[136.53748164387002,35.95561686978257],[136.5374577484516,35.95577921150967]]]}},{"type":"Feature","properties":{"pid":"53edaf70-db81-4c91-8531-671245f01026"},"geometry":{"type":"Polygon","coordinates":[[[136.5373977951387,35.95590715921461],[136.5373860472796,35.95592820387919],[136.53760344334245,35.95596404733579],[136.5376100686374,35.95594118769221],[136.5373977951387,35.95590715921461]]]}},{"type":"Feature","properties":{"pid":"2cc70ed0-5f10-4117-97c6-94c4d81a578b"},"geometry":{"type":"Polygon","coordinates":[[[136.5372794237795,35.9560879479598],[136.5375493670609,35.95613982341223],[136.53756212879506,35.956103564605186],[136.53730318329784,35.95605452659451],[136.5372794237795,35.9560879479598]]]}},{"type":"Feature","properties":{"pid":"cd41feb7-e482-4ee2-9185-52adde8edcb8"},"geometry":{"type":"Polygon","coordinates":[[[136.5371844622034,35.95620186469742],[136.5375020396848,35.956255303585124],[136.53750814781338,35.95623909890981],[136.53720072066332,35.95618022094456],[136.5371844622034,35.95620186469742]]]}},{"type":"Feature","properties":{"pid":"7321ce89-dec6-46f5-a67e-775970975a24"},"geometry":{"type":"Polygon","coordinates":[[[136.53705669552988,35.956361336973714],[136.53744190407585,35.95641658601602],[136.53746824076626,35.95634934340287],[136.53710333044526,35.95629411440686],[136.53705669552988,35.956361336973714]]]}},{"type":"Feature","properties":{"pid":"8af1f46f-d72c-4d69-8ade-627d00202f74"},"geometry":{"type":"Polygon","coordinates":[[[136.53685711113081,35.956608550814956],[136.53726138724397,35.956696995676786],[136.53729464212213,35.95665526815673],[136.53736127424338,35.9566577885434],[136.5373678205457,35.95663101771989],[136.53690924483217,35.95654504676117],[136.53685711113081,35.956608550814956]]]}},{"type":"Feature","properties":{"pid":"36f71f94-ec97-4999-b402-b971d31fd860"},"geometry":{"type":"Polygon","coordinates":[[[136.53677752275937,35.956714216246816],[136.53727570433145,35.95689564787614],[136.53730414773605,35.956821985880936],[136.53725080722703,35.95679645094143],[136.53679041590618,35.95669661225997],[136.53677752275937,35.956714216246816]]]}},{"type":"Feature","properties":{"pid":"e39b5200-75fc-40d6-8e2a-ff9fb67d4a99"},"geometry":{"type":"Polygon","coordinates":[[[136.53671396882837,35.956801363336126],[136.536704542375,35.95681309752553],[136.53715754865146,35.95706186470072],[136.53723338533445,35.95700026036037],[136.53671396882837,35.956801363336126]]]}},{"type":"Feature","properties":{"pid":"163b5730-4e94-480c-934e-a3d2b53df10b"},"geometry":{"type":"Polygon","coordinates":[[[136.53754361532924,35.9566147513351],[136.53760548761545,35.95662770757221],[136.53781754247314,35.956471380092104],[136.5376147096322,35.956417801436366],[136.53754361532924,35.9566147513351]]]}},{"type":"Feature","properties":{"pid":"26cc03f7-bb5f-42d6-8732-4e7769e6f0c3"},"geometry":{"type":"Polygon","coordinates":[[[136.53784933015234,35.95666201123521],[136.53820984449058,35.956685945846225],[136.53822620952403,35.95647669840086],[136.5381895757003,35.95638648984636],[136.53803103721714,35.956537183359096],[136.53784933015234,35.95666201123521]]]}},{"type":"Feature","properties":{"pid":"4f66de46-3bbb-451e-956e-460f091d5d63"},"geometry":{"type":"Polygon","coordinates":[[[136.53771105620348,35.95686014051196],[136.53772191313791,35.95691380704533],[136.53818729639852,35.95694637984407],[136.53818997517774,35.956892392382066],[136.53771105620348,35.95686014051196]]]}},{"type":"Feature","properties":{"pid":"451b198f-9886-408d-b7f3-4c9623786ef5"},"geometry":{"type":"Polygon","coordinates":[[[136.53736883446658,35.95714695837098],[136.5381600700042,35.95720029745088],[136.5381796216556,35.95704631063986],[136.53768253462408,35.9570211120459],[136.53760681076278,35.957082809089044],[136.53736883446658,35.95714695837098]]]}},{"type":"Feature","properties":{"pid":"baabb07f-7377-47f7-b76b-21a09b8a8271"},"geometry":{"type":"Polygon","coordinates":[[[136.5368628894537,35.95711475795229],[136.5370415337354,35.95722896312299],[136.5370896461411,35.957153908051026],[136.53691085189158,35.95705159481486],[136.5368628894537,35.95711475795229]]]}},{"type":"Feature","properties":{"pid":"851e97d0-1d3b-4aa8-8ae3-b379bd0aaf0f"},"geometry":{"type":"Polygon","coordinates":[[[136.53559779203204,35.95709335929823],[136.53612009432578,35.95716242871758],[136.5361646793904,35.957143017666176],[136.53625667371307,35.957015746915914],[136.53562608895078,35.95693814898138],[136.53559779203204,35.95709335929823]]]}},{"type":"Feature","properties":{"pid":"b69b96c3-a169-4f16-85c5-383df54ca89d"},"geometry":{"type":"Polygon","coordinates":[[[136.5356461926737,35.95682654540058],[136.53633481059074,35.956918476442965],[136.53644166693883,35.95678338082205],[136.5356781361857,35.956675857688325],[136.5356461926737,35.95682654540058]]]}},{"type":"Feature","properties":{"pid":"f4a1c4b6-dd28-4988-a32d-5cae6ba9bfdd"},"geometry":{"type":"Polygon","coordinates":[[[136.53605313714746,35.956563950094875],[136.53656638919875,35.95664333522398],[136.53658179240617,35.95662417024394],[136.5365476570784,35.95659472410885],[136.53654968945102,35.956559727010095],[136.53661336113123,35.95647792688261],[136.53667365854108,35.95647001508491],[136.53668708177034,35.956453874844485],[136.5360832034574,35.95641214049692],[136.53605313714746,35.956563950094875]]]}},{"type":"Feature","properties":{"pid":"fda78261-9e89-4af2-a42b-d1bfd4974d4d"},"geometry":{"type":"Polygon","coordinates":[[[136.5358287386331,35.956223155802824],[136.53603328745066,35.95628450639187],[136.5367838054019,35.95634600632123],[136.53692422975655,35.9561662191115],[136.53593109056627,35.95609776656958],[136.53590306883996,35.95616026254136],[136.5358287386331,35.956223155802824]]]}},{"type":"Feature","properties":{"pid":"510ce742-d8cb-4d8a-a248-92cd76e4efcd"},"geometry":{"type":"Polygon","coordinates":[[[136.5346183667282,35.95594206268304],[136.53457872930724,35.956012140962955],[136.53459027825403,35.956021488638314],[136.53512943290735,35.956112993798165],[136.53558052363138,35.95616121632484],[136.53570527580223,35.9560861796484],[136.53574272482095,35.956026349311934],[136.5346183667282,35.95594206268304]]]}},{"type":"Feature","properties":{"pid":"04ed8f97-701e-4c77-8e79-1d7643f94176"},"geometry":{"type":"Polygon","coordinates":[[[136.53519220213983,35.95680689416107],[136.5354698411916,35.95686247805137],[136.5355150961482,35.95663679943907],[136.53526676985453,35.95657856808452],[136.5352367023508,35.95658671648055],[136.53519220213983,35.95680689416107]]]}},{"type":"Feature","properties":{"pid":"a03c286d-e7d7-4a83-9ff7-03b430570885"},"geometry":{"type":"Polygon","coordinates":[[[136.53459389872168,35.95671976767981],[136.53503088609463,35.9568265821139],[136.53506502708237,35.95664249113486],[136.53490808666575,35.956592267969974],[136.53489183138953,35.95653927967351],[136.5349063525466,35.95649614812939],[136.53471565470983,35.95645229464671],[136.53459389872168,35.95671976767981]]]}},{"type":"Feature","properties":{"pid":"136ebd1c-c16a-4b2a-8720-8805812ae8d2"},"geometry":{"type":"Polygon","coordinates":[[[136.53425371327347,35.95676552337053],[136.5341782616777,35.95696258857557],[136.53438309375167,35.95701032764951],[136.5344237810718,35.95679907922782],[136.53425371327347,35.95676552337053]]]}},{"type":"Feature","properties":{"pid":"60821ba1-6d61-4653-9bd0-7c839ffa06bb"},"geometry":{"type":"Polygon","coordinates":[[[136.5342866799,35.95666631714735],[136.53445998031052,35.95670687424018],[136.53450510677055,35.95660144895867],[136.5343261749394,35.9565548904783],[136.5342866799,35.95666631714735]]]}},{"type":"Feature","properties":{"pid":"72da3f77-566c-45fa-9d13-6dc742deb916"},"geometry":{"type":"Polygon","coordinates":[[[136.53437007405725,35.956454848156255],[136.53455398855002,35.956505724994344],[136.53459523541449,35.9564163980389],[136.53439761615584,35.95637248789736],[136.53437007405725,35.956454848156255]]]}},{"type":"Feature","properties":{"pid":"26845137-fb16-4b61-a94d-3e113630cda2"},"geometry":{"type":"Polygon","coordinates":[[[136.53376910726402,35.95598021486665],[136.53375334412547,35.956135639794795],[136.53425735388575,35.95617372034412],[136.53429634925993,35.95615043501036],[136.53432688979495,35.95609373140484],[136.5341651673999,35.95608105008229],[136.53414368430063,35.95606127000588],[136.534124196017,35.95599693993988],[136.53376910726402,35.95598021486665]]]}},{"type":"Feature","properties":{"pid":"b7e8043b-aa32-4ecd-be2e-9392ba543044"},"geometry":{"type":"Polygon","coordinates":[[[136.53373271460143,35.95643503778345],[136.5341586572849,35.95646171090297],[136.5341973778009,35.95643761188492],[136.5342509072064,35.95627498148026],[136.53374435697182,35.95623954197053],[136.53373271460143,35.95643503778345]]]}},{"type":"Feature","properties":{"pid":"c3c44b84-055f-4a41-9d86-06fa36d3a432"},"geometry":{"type":"Polygon","coordinates":[[[136.53260027871727,35.95619220851678],[136.5326046049203,35.95627456623019],[136.5335605446465,35.95633711136372],[136.5335689050295,35.95624561484921],[136.53260027871727,35.95619220851678]]]}},{"type":"Feature","properties":{"pid":"7b701ad6-f69d-4417-9e09-8569ea68fcef"},"geometry":{"type":"Polygon","coordinates":[[[136.53257497192692,35.95644502805212],[136.53259186749565,35.956470301960934],[136.5335412233502,35.95652227865038],[136.53355075599345,35.95643891330074],[136.53258036235832,35.956382138026456],[136.53257497192692,35.95644502805212]]]}},{"type":"Feature","properties":{"pid":"087cfd0d-b3db-4216-be62-299ff1899c93"},"geometry":{"type":"Polygon","coordinates":[[[136.53256524374498,35.956577338998464],[136.53257795235714,35.95660869947787],[136.5335282547451,35.95668409967997],[136.5335327174439,35.956632773883584],[136.53256524374498,35.956577338998464]]]}},{"type":"Feature","properties":{"pid":"8f61f0de-6552-4e40-a187-103c80bb751d"},"geometry":{"type":"Polygon","coordinates":[[[136.53254122148525,35.956720440318946],[136.53252202078596,35.956861392265346],[136.53254987849982,35.956887187451954],[136.53350292527733,35.956954470040564],[136.5335191573612,35.95679022789764],[136.53254122148525,35.956720440318946]]]}},{"type":"Feature","properties":{"pid":"b9f4cb6c-31db-4ddf-846b-fd6afce8b03b"},"geometry":{"type":"Polygon","coordinates":[[[136.53370615715517,35.956707829499926],[136.53369884716855,35.95686326950333],[136.53401966924582,35.95694036449336],[136.53408398873736,35.95673516785735],[136.53370615715517,35.956707829499926]]]}},{"type":"Feature","properties":{"pid":"ed71d024-c217-443c-a340-9f3319538089"},"geometry":{"type":"Polygon","coordinates":[[[136.5337154829521,35.95660133317786],[136.53412237471915,35.95662930346937],[136.53414212012814,35.95656818232845],[136.5337208382534,35.95654594427348],[136.5337154829521,35.95660133317786]]]}},{"type":"Feature","properties":{"pid":"a939ee79-854d-4b82-9823-b5dcf5366c69"},"geometry":{"type":"Polygon","coordinates":[[[136.53365206319233,35.95725660059005],[136.534789319508,35.95733800428202],[136.53484208864705,35.957271731479324],[136.5336812814544,35.95697554440374],[136.53365206319233,35.95725660059005]]]}},{"type":"Feature","properties":{"pid":"73efc085-910c-455f-81c9-03c69c489e29"},"geometry":{"type":"Polygon","coordinates":[[[136.53451136366587,35.95704554020511],[136.53492577346412,35.957148614892354],[136.53496417512827,35.95714468387062],[136.53500492104834,35.956930779808516],[136.53455195283337,35.956815863829256],[136.53451136366587,35.95704554020511]]]}},{"type":"Feature","properties":{"pid":"12173d76-26e5-4b6a-9251-1b3ab0b45e66"},"geometry":{"type":"Polygon","coordinates":[[[136.5351266252822,35.957126642478066],[136.53538880109747,35.957193345405045],[136.535438438507,35.95697199633326],[136.53516945518786,35.95691131265655],[136.5351266252822,35.957126642478066]]]}},{"type":"Feature","properties":{"pid":"dabf39e5-8131-4817-9128-022defeb6452"},"geometry":{"type":"Polygon","coordinates":[[[136.53008013250576,35.956964610211884],[136.5300911388181,35.95698418009378],[136.53114828195595,35.957062002919095],[136.5311678010699,35.956896737564406],[136.53009350057653,35.95681341886994],[136.53008013250576,35.956964610211884]]]}},{"type":"Feature","properties":{"pid":"c42e1adb-c1c8-4adf-aa34-3372ba82b32d"},"geometry":{"type":"Polygon","coordinates":[[[136.53249828148955,35.957126967348884],[136.53251520916905,35.957143621770896],[136.53347408426407,35.95722057246822],[136.53348794562936,35.95706104362251],[136.53250962066414,35.95699380174077],[136.53249828148955,35.957126967348884]]]}},{"type":"Feature","properties":{"pid":"dae06db2-db83-4f6c-aaa7-5ed279c269aa"},"geometry":{"type":"Polygon","coordinates":[[[136.53132599270975,35.95706229907752],[136.53229225299893,35.95713848566178],[136.53231687446834,35.95712542056675],[136.53232628014558,35.956979826942934],[136.53134569202172,35.95690725605983],[136.53132599270975,35.95706229907752]]]}},{"type":"Feature","properties":{"pid":"7547951e-9374-4dfe-b86a-7efc8f07849a"},"geometry":{"type":"Polygon","coordinates":[[[136.53135462933685,35.956797111240164],[136.53230713146917,35.95686463893937],[136.53233977541532,35.95684266916604],[136.53235212342952,35.95669964461581],[136.53137324825352,35.95663523149216],[136.53135462933685,35.956797111240164]]]}},{"type":"Feature","properties":{"pid":"9b7eb9c4-9695-4145-98c7-44750c6d68f1"},"geometry":{"type":"Polygon","coordinates":[[[136.53139332899906,35.956528863449975],[136.5323651841369,35.95659238009874],[136.53238041184076,35.956443296972736],[136.53141197334395,35.95637099702663],[136.53139332899906,35.956528863449975]]]}},{"type":"Feature","properties":{"pid":"592a117a-fa35-4596-b0f2-869432259f73"},"geometry":{"type":"Polygon","coordinates":[[[136.53142547509228,35.95626234155933],[136.53234726303373,35.956335858918564],[136.5323895707696,35.95631246163393],[136.53240385557834,35.95616823687168],[136.53144131314943,35.95609433242714],[136.53142547509228,35.95626234155933]]]}},{"type":"Feature","properties":{"pid":"089a7143-c271-42d3-b5c4-5e1c889a2281"},"geometry":{"type":"Polygon","coordinates":[[[136.53010118692737,35.956694617792365],[136.53011524410687,35.956710940172194],[136.53118248440936,35.95678965461839],[136.53119332422676,35.9566298340472],[136.5301126674148,35.95654581028913],[136.53010118692737,35.956694617792365]]]}},{"type":"Feature","properties":{"pid":"77794e73-35d4-423a-becc-22f77098734a"},"geometry":{"type":"Polygon","coordinates":[[[136.53012959317465,35.95642760624277],[136.53121118519542,35.956523881864904],[136.53122808083984,35.9564066476771],[136.53013700450333,35.95632598497643],[136.53012959317465,35.95642760624277]]]}},{"type":"Feature","properties":{"pid":"9b153db3-3ed7-4cdb-9085-6523633d4916"},"geometry":{"type":"Polygon","coordinates":[[[136.53014509841404,35.95621512514941],[136.5312469842012,35.95630538565753],[136.53126643645464,35.95609077212712],[136.53016451149776,35.95601943077132],[136.53014509841404,35.95621512514941]]]}},{"type":"Feature","properties":{"pid":"19141977-9aae-4482-84a4-4716636f8c95"},"geometry":{"type":"Polygon","coordinates":[[[136.5289614166458,35.95636110230724],[136.52991626227734,35.956422844686884],[136.52993898063124,35.95640993759308],[136.52995397273153,35.95626209008759],[136.52897071468834,35.95618576310743],[136.5289614166458,35.95636110230724]]]}},{"type":"Feature","properties":{"pid":"a98e41aa-fab2-4b25-b93e-5f8e1e033377"},"geometry":{"type":"Polygon","coordinates":[[[136.528933034879,35.95661995419304],[136.52988080654004,35.956683361776385],[136.5299285153697,35.956655025192575],[136.52993791698148,35.95653179544001],[136.52894763889842,35.956470878423126],[136.528933034879,35.95661995419304]]]}},{"type":"Feature","properties":{"pid":"4d67fa51-f264-4b65-95d8-3a2dcb699a14"},"geometry":{"type":"Polygon","coordinates":[[[136.52891355765877,35.95688504856186],[136.529855842105,35.95696560856627],[136.52988829648308,35.95694693687988],[136.52990035742093,35.956797419337065],[136.52892512411782,35.95672629523386],[136.52891355765877,35.95688504856186]]]}},{"type":"Feature","properties":{"pid":"f9207802-8ecb-45bf-bb2f-0d3c6d15ccef"},"geometry":{"type":"Polygon","coordinates":[[[136.52889510742364,35.957107868349254],[136.529817763958,35.95717382384027],[136.52985606587708,35.957154192355745],[136.5298654700673,35.95707197802452],[136.52890564196846,35.95699183654771],[136.52889510742364,35.957107868349254]]]}},{"type":"Feature","properties":{"pid":"7e6f6195-736d-4b30-bc5b-a96f6f7bdcba"},"geometry":{"type":"Polygon","coordinates":[[[136.5278747798378,35.9568822900355],[136.5278894277524,35.95692290672658],[136.52794992395144,35.95690963820538],[136.52803544738424,35.95693193735594],[136.52815929168014,35.9570547569547],[136.52829100964337,35.957011361042326],[136.52838492957653,35.957005832205844],[136.52853184247186,35.957063821458874],[136.52870100567566,35.95709329876978],[136.5287199224327,35.95684815899455],[136.52806054520562,35.956808669105264],[136.5278747798378,35.9568822900355]]]}},{"type":"Feature","properties":{"pid":"3bd89365-aa7c-455a-923b-3aa4f83beb20"},"geometry":{"type":"Polygon","coordinates":[[[136.52811378636815,35.95670771955218],[136.5283491195332,35.956721178791106],[136.5283529157908,35.9566247122054],[136.52811808250098,35.95661058855251],[136.52811378636815,35.95670771955218]]]}},{"type":"Feature","properties":{"pid":"af69c113-7b27-4d06-9f0f-5c24d379fbc0"},"geometry":{"type":"Polygon","coordinates":[[[136.52851862016112,35.95663467959813],[136.52851111928504,35.95673044438385],[136.52873452243412,35.95674322155775],[136.52874488319557,35.95664829083251],[136.52851862016112,35.95663467959813]]]}},{"type":"Feature","properties":{"pid":"350c30d9-77ba-42cc-a007-060c39369704"},"geometry":{"type":"Polygon","coordinates":[[[136.52773640769718,35.956254920284614],[136.52775141970562,35.95627556356996],[136.52877682058974,35.95633767366381],[136.52879310427883,35.95618008296159],[136.52776745751254,35.95611586266221],[136.52773640769718,35.956254920284614]]]}},{"type":"Feature","properties":{"pid":"8e94e6b2-0514-41e6-bd71-f2a6d601ae88"},"geometry":{"type":"Polygon","coordinates":[[[136.52769200109282,35.956466708246886],[136.528758141091,35.95654248307831],[136.5287663349788,35.95644385253953],[136.52770640188544,35.95638369079706],[136.52769200109282,35.956466708246886]]]}},{"type":"Feature","properties":{"pid":"33bfe8e3-59c4-4644-a0be-3cde3f7fe9f6"},"geometry":{"type":"Polygon","coordinates":[[[136.52665492501583,35.95623565389522],[136.5270101954567,35.956153721861035],[136.5270525953854,35.95616650374957],[136.5270778045798,35.95619396774072],[136.52719031167933,35.956183572977764],[136.52722771399118,35.95619846780896],[136.52727120735298,35.9563803244251],[136.527492782485,35.956372314557804],[136.527542979727,35.95613226257829],[136.52667225304634,35.95607876028343],[136.52665492501583,35.95623565389522]]]}},{"type":"Feature","properties":{"pid":"76980197-3306-4b41-b3a8-477a1d19e7a4"},"geometry":{"type":"Polygon","coordinates":[[[136.52700946075052,35.95687616208566],[136.5270976326073,35.95687635802021],[136.52711939450808,35.95669580407923],[136.52704463488323,35.95668554692486],[136.52700946075052,35.95687616208566]]]}},{"type":"Feature","properties":{"pid":"1f8d6b76-7a9e-4ff2-9a32-6e135f2ab57c"},"geometry":{"type":"Polygon","coordinates":[[[136.52794396524476,35.95674009156162],[136.52798003927353,35.956726251612174],[136.52798347759236,35.956602789054344],[136.52788333577286,35.9565970191231],[136.52794396524476,35.95674009156162]]]}},{"type":"Feature","properties":{"pid":"4dbe7de1-107f-4fd0-8de0-d0376c399504"},"geometry":{"type":"Polygon","coordinates":[[[136.52541064888928,35.95705497897697],[136.52539919835564,35.9571993481677],[136.5263231103536,35.957259688698606],[136.52634039419658,35.95724688893617],[136.52635479798707,35.95710635175967],[136.52541064888928,35.95705497897697]]]}},{"type":"Feature","properties":{"pid":"9ebecc5d-c086-49ef-974d-933fea403f66"},"geometry":{"type":"Polygon","coordinates":[[[136.52544622590244,35.95666390762926],[136.52637608110194,35.95672007012515],[136.52639870767635,35.95670238265908],[136.52642444632468,35.95643575408784],[136.525467555695,35.9563756859208],[136.52544622590244,35.95666390762926]]]}},{"type":"Feature","properties":{"pid":"f9d94fa3-33fd-48c0-ae12-fec7834d8fa9"},"geometry":{"type":"Polygon","coordinates":[[[136.52541730922343,35.95692786709397],[136.5263531739026,35.95698961498154],[136.52637281531003,35.956974771134576],[136.52638271274736,35.95683642838806],[136.52543251215687,35.956777508953614],[136.52541730922343,35.95692786709397]]]}},{"type":"Feature","properties":{"pid":"b727e84f-766f-42ed-930d-46af72d92484"},"geometry":{"type":"Polygon","coordinates":[[[136.52547922354665,35.956258824629806],[136.52644199813957,35.95631825535386],[136.52644726696775,35.95621550336189],[136.52647908344358,35.9561807635182],[136.52649155476576,35.95604713849706],[136.52550614391677,35.95598290687566],[136.52547922354665,35.956258824629806]]]}},{"type":"Feature","properties":{"pid":"e5c2c6ca-f94a-44e8-9edb-cba158199cb4"},"geometry":{"type":"Polygon","coordinates":[[[136.52553871767532,35.95557339703409],[136.52653005731483,35.955646370420375],[136.5265382447738,35.955527359870224],[136.52555249245236,35.95545964726145],[136.52553871767532,35.95557339703409]]]}},{"type":"Feature","properties":{"pid":"f1674b8b-8e5c-46fa-a69c-35c2f12662bb"},"geometry":{"type":"Polygon","coordinates":[[[136.52556273966374,35.95533419740859],[136.52655357090785,35.95541079384552],[136.52657453177065,35.95516847511516],[136.52557887397734,35.95510967123893],[136.52556273966374,35.95533419740859]]]}},{"type":"Feature","properties":{"pid":"776b777f-05a0-48f7-8b24-12583a5c53c9"},"geometry":{"type":"Polygon","coordinates":[[[136.52551972966916,35.95585549785848],[136.5255309502978,35.955873081112415],[136.52650162353532,35.95593141892291],[136.5265137927592,35.95576717280847],[136.52553575575376,35.95569950117524],[136.52551972966916,35.95585549785848]]]}},{"type":"Feature","properties":{"pid":"53f511da-399b-4e21-8442-c6502ef9fdf8"},"geometry":{"type":"Polygon","coordinates":[[[136.52671100139992,35.95570526902428],[136.52755532725405,35.955755097913396],[136.52759828308263,35.95573017511343],[136.5275995466265,35.955692406194125],[136.5267157171422,35.95564718613932],[136.52671100139992,35.95570526902428]]]}},{"type":"Feature","properties":{"pid":"0426f331-3d97-4f8c-8efb-449d81353de6"},"geometry":{"type":"Polygon","coordinates":[[[136.5266985518302,35.955820877176826],[136.5266818587871,35.95596526234018],[136.52752863970238,35.95601325642222],[136.52757732804764,35.955987659823656],[136.5275916931552,35.95586642441225],[136.5266985518302,35.955820877176826]]]}},{"type":"Feature","properties":{"pid":"70c25e37-1dfc-433f-9854-dba3254d0aaf"},"geometry":{"type":"Polygon","coordinates":[[[136.52674790131587,35.955305219710795],[136.52759372702522,35.95535794733032],[136.52765021771157,35.95533544561749],[136.52766055048207,35.95524457050187],[136.5267532944237,35.955188410959515],[136.52674790131587,35.955305219710795]]]}},{"type":"Feature","properties":{"pid":"0eb8a46b-c697-4a70-8701-f6df4e1c6077"},"geometry":{"type":"Polygon","coordinates":[[[136.52672103813313,35.95553892354562],[136.52758000575105,35.95558675983773],[136.52763202148356,35.95555424603582],[136.5276377084267,35.95547115661756],[136.52673501608854,35.95541951749581],[136.52672103813313,35.95553892354562]]]}},{"type":"Feature","properties":{"pid":"848d90bc-1311-4a13-ba8f-ff0ebf0040b1"},"geometry":{"type":"Polygon","coordinates":[[[136.5267695684901,35.95507624354075],[136.52762731456139,35.95513214995979],[136.52767187105582,35.95511582227384],[136.5276809869631,35.955011361985584],[136.52677516091094,35.95495680551162],[136.5267695684901,35.95507624354075]]]}},{"type":"Feature","properties":{"pid":"fddc73fb-d89b-4eef-a8b6-6851ec4e07be"},"geometry":{"type":"Polygon","coordinates":[[[136.52676013803006,35.9544323292838],[136.52775353601166,35.95448403593821],[136.52776856058122,35.954335416804184],[136.5267775999401,35.95427076682547],[136.52676013803006,35.9544323292838]]]}},{"type":"Feature","properties":{"pid":"94601334-2661-422c-b10a-403d70da131c"},"geometry":{"type":"Polygon","coordinates":[[[136.52674779803272,35.954539975915296],[136.5267345405197,35.95469944446831],[136.5267451804194,35.954709415136676],[136.52772986074234,35.9547689632778],[136.52775074299691,35.95459027916677],[136.52674779803272,35.954539975915296]]]}},{"type":"Feature","properties":{"pid":"04d5fc1c-5f6c-4a65-8a58-4f72442f1408"},"geometry":{"type":"Polygon","coordinates":[[[136.52557219128008,35.95435165593055],[136.5265227516661,35.95441037372873],[136.52654650311734,35.9543953985603],[136.52656563057357,35.95425443415825],[136.52558426257326,35.9542019152612],[136.52557219128008,35.95435165593055]]]}},{"type":"Feature","properties":{"pid":"15faba02-815e-4ae5-98d5-34ee789e71cf"},"geometry":{"type":"Polygon","coordinates":[[[136.52555242307824,35.95446505202889],[136.52554117603492,35.95463162293669],[136.52651244058723,35.954694521189694],[136.5265324085235,35.95452194229935],[136.52555242307824,35.95446505202889]]]}},{"type":"Feature","properties":{"pid":"77df8a26-1425-496d-bb87-6417f0c3e1a4"},"geometry":{"type":"Polygon","coordinates":[[[136.52559800121756,35.954986636880484],[136.52658989704398,35.95505150901969],[136.52659243363195,35.955026751393596],[136.52560073817492,35.954967677273956],[136.52559800121756,35.954986636880484]]]}},{"type":"Feature","properties":{"pid":"1f25aa5d-98a9-4fc8-9977-3ac1d8c0664c"},"geometry":{"type":"Polygon","coordinates":[[[136.5256171057414,35.95381518741543],[136.5265879399018,35.95387614886725],[136.52661552440634,35.95385764904074],[136.5266247229411,35.95372336289703],[136.52562955855555,35.953668568175985],[136.5256171057414,35.95381518741543]]]}},{"type":"Feature","properties":{"pid":"69c52469-7572-44e6-93aa-341c1404f19d"},"geometry":{"type":"Polygon","coordinates":[[[136.52563946678146,35.95354505898818],[136.52661024576173,35.95360486158258],[136.5266343744004,35.953583978363035],[136.5266441543913,35.95344943598833],[136.52565232612767,35.953389294784856],[136.52563946678146,35.95354505898818]]]}},{"type":"Feature","properties":{"pid":"38246dc1-9ade-4b52-88f9-b0a151b5abfc"},"geometry":{"type":"Polygon","coordinates":[[[136.52559433816128,35.95408571630712],[136.52655770114936,35.9541460213282],[136.52658106070456,35.954129879181956],[136.5266044785007,35.95398383972404],[136.52560689313634,35.953922533334406],[136.52559433816128,35.95408571630712]]]}},{"type":"Feature","properties":{"pid":"f502ea5b-d9da-4e85-be6c-f365e008e72c"},"geometry":{"type":"Polygon","coordinates":[[[136.52679036965196,35.95415656991706],[136.52778772846423,35.9542204134502],[136.52780760664223,35.954057103911595],[136.52679935784624,35.953999078234894],[136.52679036965196,35.95415656991706]]]}},{"type":"Feature","properties":{"pid":"0ea3a5bd-4135-4624-b01f-3a41f56a0d7b"},"geometry":{"type":"Polygon","coordinates":[[[136.5268117097323,35.9538971622234],[136.5278219568753,35.95394768533293],[136.52783682903765,35.953787822634965],[136.52682674163339,35.953728862838986],[136.5268117097323,35.9538971622234]]]}},{"type":"Feature","properties":{"pid":"41a38978-fa2b-4eb3-8ac2-997037192e0f"},"geometry":{"type":"Polygon","coordinates":[[[136.52684169123114,35.95361199683753],[136.5268582614204,35.95362536396673],[136.52783798162994,35.95368154975496],[136.52785589145648,35.953522363477816],[136.52685169114685,35.95345885396002],[136.52684169123114,35.95361199683753]]]}},{"type":"Feature","properties":{"pid":"cc0c7a6a-d066-4527-8b08-a70934b6a1db"},"geometry":{"type":"Polygon","coordinates":[[[136.52686546215682,35.953354737391976],[136.5278705084643,35.953414409464884],[136.527885360906,35.95325070691711],[136.52687925595788,35.953187434931785],[136.52686546215682,35.953354737391976]]]}},{"type":"Feature","properties":{"pid":"aef791e4-5161-4dfd-91ec-b51e2e313e4d"},"geometry":{"type":"Polygon","coordinates":[[[136.52688769530775,35.95308345212195],[136.52785902087248,35.9531450241839],[136.52789946323227,35.95311541041991],[136.52791446201007,35.9529815944987],[136.5269064880251,35.95291928128957],[136.52688769530775,35.95308345212195]]]}},{"type":"Feature","properties":{"pid":"b81af58b-3ca4-4b77-bff6-347e89175aa2"},"geometry":{"type":"Polygon","coordinates":[[[136.5269209685778,35.952813670152665],[136.52790861859054,35.9528704771815],[136.52793667034888,35.952846913136966],[136.5279445930958,35.952716192148166],[136.52693469637123,35.952651513158834],[136.5269209685778,35.952813670152665]]]}},{"type":"Feature","properties":{"pid":"e9165d74-890f-4d1a-a5ef-31bfeaf66da6"},"geometry":{"type":"Polygon","coordinates":[[[136.5257190519637,35.95273546003819],[136.52669064206768,35.95280093613912],[136.52672264400076,35.95278023510489],[136.52672929626138,35.952639037104134],[136.5257350988288,35.95258281910702],[136.5257190519637,35.95273546003819]]]}},{"type":"Feature","properties":{"pid":"82da9293-2123-485a-8a7c-20df1319c737"},"geometry":{"type":"Polygon","coordinates":[[[136.52567372274206,35.95327529165641],[136.52664959778235,35.95332642773897],[136.52666326058198,35.9533187558251],[136.52668568118142,35.953172862705095],[136.52568529149917,35.953109673683],[136.52567372274206,35.95327529165641]]]}},{"type":"Feature","properties":{"pid":"b958f59a-4414-4888-858c-5076d0afa9c8"},"geometry":{"type":"Polygon","coordinates":[[[136.52569417566005,35.95300423541998],[136.52667673195296,35.9530662020289],[136.52669688555906,35.95305217710169],[136.52671513569044,35.95290844984985],[136.5257102133323,35.95283949328338],[136.52569417566005,35.95300423541998]]]}},{"type":"Feature","properties":{"pid":"08f2d54e-d6c5-4f40-abe5-b3a371d05689"},"geometry":{"type":"Polygon","coordinates":[[[136.52485054957836,35.95268509691507],[136.52553808453098,35.952720609043055],[136.52554940635437,35.95257284977451],[136.5248658413016,35.95251966440034],[136.52485054957836,35.95268509691507]]]}},{"type":"Feature","properties":{"pid":"d3ddc352-1187-474b-ad70-3d3956cf2f94"},"geometry":{"type":"Polygon","coordinates":[[[136.52479598441502,35.953384383858946],[136.52547829014557,35.953420060705],[136.5255286722463,35.95284043062151],[136.5248594438691,35.95280085594523],[136.52483776739496,35.95286470287377],[136.5248942192336,35.95286709875342],[136.52492684487484,35.952889502697616],[136.5249302955406,35.95300663398227],[136.52489539778347,35.95304329495064],[136.52481839647353,35.953045418635575],[136.52479598441502,35.953384383858946]]]}},{"type":"Feature","properties":{"pid":"741a53c4-0978-4853-ab06-96e4687b1d27"},"geometry":{"type":"Polygon","coordinates":[[[136.52478765491878,35.953693734128315],[136.52544618116997,35.953735598792065],[136.52544793531058,35.95363975594262],[136.5247886455239,35.95360226252466],[136.52478765491878,35.953693734128315]]]}},{"type":"Feature","properties":{"pid":"e9100521-c31e-4d06-9b58-c88178ec8e3e"},"geometry":{"type":"Polygon","coordinates":[[[136.52475112440115,35.954037231926456],[136.5254170478032,35.95407939050751],[136.52542678672015,35.953917975817184],[136.52477144055726,35.953877353803826],[136.52475112440115,35.954037231926456]]]}},{"type":"Feature","properties":{"pid":"8763ddf2-b55a-42ce-a0bb-4b31ce6ca02c"},"geometry":{"type":"Polygon","coordinates":[[[136.52465363542518,35.95430390364207],[136.52538759679038,35.954344394363964],[136.52540651582234,35.95419030036464],[136.5247136402472,35.95414827510793],[136.52465363542518,35.95430390364207]]]}},{"type":"Feature","properties":{"pid":"5748a478-30b0-49a1-ab24-d1ef5b2f8b38"},"geometry":{"type":"Polygon","coordinates":[[[136.5249230211441,35.95178242402097],[136.5249445206127,35.951801344439986],[136.52563831665805,35.95184669963903],[136.52565362378405,35.951690407205724],[136.52493332870588,35.951649100805625],[136.5249230211441,35.95178242402097]]]}},{"type":"Feature","properties":{"pid":"a5434fde-3366-42d4-a3c2-49aa4fe7708a"},"geometry":{"type":"Polygon","coordinates":[[[136.52491614858366,35.95198240154822],[136.52490375688453,35.95213837807522],[136.52559401606692,35.9521873818082],[136.52560857870242,35.95202606519165],[136.52491614858366,35.95198240154822]]]}},{"type":"Feature","properties":{"pid":"2e014ed0-ad33-4cf4-bda0-929d19ecbba4"},"geometry":{"type":"Polygon","coordinates":[[[136.52487510228727,35.952421269088916],[136.5255620649238,35.95246615186597],[136.52558212209414,35.95229715676442],[136.52488911382605,35.95225491746524],[136.52487510228727,35.952421269088916]]]}},{"type":"Feature","properties":{"pid":"971f7c6d-6cc7-4b62-8093-57c3fc50a092"},"geometry":{"type":"Polygon","coordinates":[[[136.52580168649376,35.951856672638584],[136.52678356288084,35.95191742235426],[136.52680095262951,35.95176700238295],[136.52581225339244,35.95170446444449],[136.52580168649376,35.951856672638584]]]}},{"type":"Feature","properties":{"pid":"1a15664e-f3e2-4e41-827e-1549c06fec2c"},"geometry":{"type":"Polygon","coordinates":[[[136.52576797358228,35.952206023188026],[136.52676426347392,35.95225506012665],[136.5267778638158,35.95209808787078],[136.52577803317234,35.95203007506153],[136.52576797358228,35.952206023188026]]]}},{"type":"Feature","properties":{"pid":"47a5e5cf-14a9-47a6-ac2d-0b67bbe99ced"},"geometry":{"type":"Polygon","coordinates":[[[136.5257586999761,35.95230559808985],[136.52574449699802,35.95247782887161],[136.52673240919427,35.95253245934454],[136.52674579317852,35.95252001701451],[136.52676386960746,35.9523602370244],[136.5257586999761,35.95230559808985]]]}},{"type":"Feature","properties":{"pid":"8d557338-3383-4834-980e-a51b1a6ebee1"},"geometry":{"type":"Polygon","coordinates":[[[136.526946552337,35.95253943444116],[136.5279095404882,35.952605766377914],[136.52795419978784,35.952573521135335],[136.52796930374197,35.952441326994986],[136.52696022261733,35.95237967479257],[136.526946552337,35.95253943444116]]]}},{"type":"Feature","properties":{"pid":"a4e3817f-dc85-46bd-8b79-0cb201bc90f2"},"geometry":{"type":"Polygon","coordinates":[[[136.52696832585738,35.952273682199106],[136.5279503066804,35.9523357755596],[136.52798002159707,35.95231044372006],[136.52798727985044,35.95217120687091],[136.5269852108187,35.952108730978956],[136.52696832585738,35.952273682199106]]]}},{"type":"Feature","properties":{"pid":"62ad503d-c98a-462c-b816-8e5593c83916"},"geometry":{"type":"Polygon","coordinates":[[[136.52702197596045,35.95178224591937],[136.52701114864104,35.951916417607706],[136.52702654527286,35.951929352434696],[136.52799955162322,35.95199520460929],[136.52801014271702,35.951839841000194],[136.52702197596045,35.95178224591937]]]}},{"type":"Feature","properties":{"pid":"dd27597a-cd58-485a-8205-7405b842987f"},"geometry":{"type":"Polygon","coordinates":[[[136.52704233793105,35.95166151317863],[136.52802338042557,35.9517312089005],[136.52803646639856,35.951573529284175],[136.52705029459688,35.95151702712692],[136.52704233793105,35.95166151317863]]]}},{"type":"Feature","properties":{"pid":"36cbce55-b7d1-43ea-8042-1a4c6bc43307"},"geometry":{"type":"Polygon","coordinates":[[[136.52707317556178,35.951241509915356],[136.5270595552494,35.95139709325771],[136.52707068634493,35.95140331891324],[136.52804851741814,35.951461676317564],[136.5280639752426,35.95130861319289],[136.52707317556178,35.951241509915356]]]}},{"type":"Feature","properties":{"pid":"4d149a38-e097-494a-b57b-e8d192fbee3b"},"geometry":{"type":"Polygon","coordinates":[[[136.52707557098978,35.951131255738765],[136.52807319997137,35.95119308229848],[136.52808572238627,35.95103110254899],[136.52709000549194,35.95097470198493],[136.52707557098978,35.951131255738765]]]}},{"type":"Feature","properties":{"pid":"aa62f398-d132-4165-af22-0bc7c0668766"},"geometry":{"type":"Polygon","coordinates":[[[136.52710247873577,35.95086070425188],[136.5280896368869,35.950917835214184],[136.52810702881527,35.95076324389985],[136.52711532973683,35.95070762303191],[136.52710247873577,35.95086070425188]]]}},{"type":"Feature","properties":{"pid":"f035d670-3f9d-49c5-a474-ae712f40eacf"},"geometry":{"type":"Polygon","coordinates":[[[136.52591588546187,35.95063508167093],[136.52590203044556,35.950781288223],[136.52686705741343,35.95084313210494],[136.52689724818507,35.95082156970978],[136.52689917568912,35.950701071509414],[136.52591588546187,35.95063508167093]]]}},{"type":"Feature","properties":{"pid":"d1c02608-d853-4692-8578-2487bab17c6f"},"geometry":{"type":"Polygon","coordinates":[[[136.52587559840086,35.951058391636515],[136.52684293880043,35.95111723351298],[136.526859788317,35.951106097773916],[136.5268725666082,35.950966763525564],[136.5258874293185,35.950896083141586],[136.52587559840086,35.951058391636515]]]}},{"type":"Feature","properties":{"pid":"53bce374-37b9-4597-a5ec-31a82cecf21c"},"geometry":{"type":"Polygon","coordinates":[[[136.52585531481793,35.951333773052106],[136.52681791799256,35.951386955863185],[136.52683811839364,35.95136937750646],[136.5268481501795,35.95122561446951],[136.52586993697795,35.95117008049606],[136.52585531481793,35.951333773052106]]]}},{"type":"Feature","properties":{"pid":"26ab4ea4-90ec-4822-9f5c-0a85324e0565"},"geometry":{"type":"Polygon","coordinates":[[[136.52583086385658,35.95159681471026],[136.52648971991056,35.95163667524431],[136.5265069859352,35.951602383393414],[136.52657828731463,35.95154761596116],[136.5266149735611,35.95153824437312],[136.5266503312064,35.95155053692748],[136.52671192917052,35.951608300837044],[136.52672616875145,35.951650979738574],[136.5267822690376,35.951654373698915],[136.5268091960379,35.951638088537585],[136.52682642703118,35.951500918048765],[136.5258438143263,35.95144003249609],[136.52583086385658,35.95159681471026]]]}},{"type":"Feature","properties":{"pid":"8292a21f-cf67-4145-8215-93f9208f4b60"},"geometry":{"type":"Polygon","coordinates":[[[136.5249839326806,35.95135434600482],[136.5252981078392,35.951387496256515],[136.52531788896283,35.95141839088061],[136.52531588255027,35.95156237911782],[136.5256520055917,35.95158018367247],[136.52568753404373,35.95115673652327],[136.52500639075348,35.9511180918453],[136.5249839326806,35.95135434600482]]]}},{"type":"Feature","properties":{"pid":"9735abe7-2591-4756-a6fa-a3fb9e201f8e"},"geometry":{"type":"Polygon","coordinates":[[[136.52498235369524,35.951003311598924],[136.5257088373122,35.95104699343233],[136.52572248455357,35.9508789068668],[136.52499980080796,35.950832953007755],[136.52498235369524,35.951003311598924]]]}},{"type":"Feature","properties":{"pid":"6846fe0f-2add-4d19-b436-87feb4aa2a17"},"geometry":{"type":"Polygon","coordinates":[[[136.52500307211574,35.95071927808087],[136.52573335876446,35.950772087995304],[136.52574398125998,35.95061301044229],[136.52501836857132,35.95057554764024],[136.52500307211574,35.95071927808087]]]}},{"type":"Feature","properties":{"pid":"c6ba165c-1d00-4d8d-ae7d-ff64090a33a2"},"geometry":{"type":"Polygon","coordinates":[[[136.5252504224713,35.95045132811453],[136.52525152045607,35.95048249005371],[136.52575470505454,35.95050828721269],[136.52577818107153,35.950296134362226],[136.5255481814142,35.95041099101447],[136.5252504224713,35.95045132811453]]]}},{"type":"Feature","properties":{"pid":"21a73d97-858e-4411-831f-36f4594069bb"},"geometry":{"type":"Polygon","coordinates":[[[136.52558739943214,35.949896529573444],[136.52558334646847,35.9499101449266],[136.52574772297703,35.95016938102292],[136.52598697480283,35.9500526864596],[136.52593774588865,35.94998460160853],[136.52585074134453,35.94978489442541],[136.52558739943214,35.949896529573444]]]}},{"type":"Feature","properties":{"pid":"236dd8a3-e735-4ed8-8cc3-5117dffef15e"},"geometry":{"type":"Polygon","coordinates":[[[136.5260386144671,35.94987044554829],[136.52610623440748,35.949975953491446],[136.52612560151763,35.94998448453215],[136.52617351597445,35.94996672172737],[136.52611906656927,35.94986565547857],[136.52613623174634,35.94983428438277],[136.52619078036923,35.949813404804786],[136.5261821951746,35.94980133010191],[136.52604376575582,35.949835402281686],[136.5260386144671,35.94987044554829]]]}},{"type":"Feature","properties":{"pid":"237e1fe9-aea1-44d1-8d73-7d0f6f883851"},"geometry":{"type":"Polygon","coordinates":[[[136.52628691637932,35.95005533300418],[136.52696312908083,35.95008851521821],[136.5269814336713,35.949841338038496],[136.5269076898968,35.94983627444526],[136.5267396947209,35.949869882819705],[136.52628691637932,35.95005533300418]]]}},{"type":"Feature","properties":{"pid":"4794d8aa-b311-45c7-b870-933308f21157"},"geometry":{"type":"Polygon","coordinates":[[[136.5259226129719,35.9505202945821],[136.52688949179236,35.9505730924676],[136.52692331090716,35.950553952068],[136.52693894600517,35.9502484480887],[136.52690667525923,35.9502105766585],[136.5261058694668,35.950155622747566],[136.52594412426689,35.950247146390026],[136.5259226129719,35.9505202945821]]]}},{"type":"Feature","properties":{"pid":"10e38c57-b3b5-450a-b815-47f22195e095"},"geometry":{"type":"Polygon","coordinates":[[[136.52712210378596,35.95059210222392],[136.52811487603194,35.950650814616004],[136.52813251035673,35.950489833480525],[136.52713971481913,35.95043473865383],[136.52712210378596,35.95059210222392]]]}},{"type":"Feature","properties":{"pid":"eb5b0a01-8893-40bb-8db4-fc9f99f63d03"},"geometry":{"type":"Polygon","coordinates":[[[136.52715253720572,35.95032631581456],[136.52813812832943,35.95038088594325],[136.5281539270268,35.95022371805979],[136.52716811077136,35.950167155402504],[136.52715253720572,35.95032631581456]]]}},{"type":"Feature","properties":{"pid":"cb10ad0b-1f24-42cd-b2c9-bcb3cb32317c"},"geometry":{"type":"Polygon","coordinates":[[[136.52718363909437,35.950052908233786],[136.528168240265,35.9501069011229],[136.52818564718345,35.94995134441148],[136.52719763168145,35.94989640177339],[136.52718363909437,35.950052908233786]]]}},{"type":"Feature","properties":{"pid":"3e5d5888-89f7-49c5-b642-4e45e920928e"},"geometry":{"type":"Polygon","coordinates":[[[136.5265422932722,35.94938246075642],[136.52654407583003,35.94941594122474],[136.52671529349033,35.94964470807622],[136.52684101597723,35.94960012765652],[136.52667684330132,35.949322618486185],[136.5265422932722,35.94938246075642]]]}},{"type":"Feature","properties":{"pid":"3c792c32-a1a3-4697-a12c-f14f7e27c9f3"},"geometry":{"type":"Polygon","coordinates":[[[136.52723101518401,35.94979084293077],[136.52819016761217,35.94984353861747],[136.52820693273924,35.94961527354977],[136.52817437092955,35.94952414056759],[136.52760562101423,35.949575735373855],[136.5275811891851,35.949674751036454],[136.5275594873382,35.94969890831319],[136.52750370831927,35.94972724493874],[136.52734013123688,35.94974763932648],[136.52723101518401,35.94979084293077]]]}},{"type":"Feature","properties":{"pid":"4c2db903-b841-4731-afc8-e479df686c5a"},"geometry":{"type":"Polygon","coordinates":[[[136.5271965695584,35.9495202217787],[136.5272156464498,35.94960331101741],[136.52739540387503,35.94956933812475],[136.5273983125035,35.949553276839836],[136.5272728093651,35.94956799314229],[136.52724264255153,35.94954926908514],[136.5272283492351,35.949514783705155],[136.5271965695584,35.9495202217787]]]}},{"type":"Feature","properties":{"pid":"ae661809-62f4-4e88-ac9b-837e7381423a"},"geometry":{"type":"Polygon","coordinates":[[[136.52573475311522,35.94965051095919],[136.52588505145928,35.94961747682821],[136.52592105589264,35.94963487869967],[136.5259685567032,35.94971223692124],[136.52599878350765,35.94972253553127],[136.5260916365553,35.94970226080598],[136.52601819761452,35.949635452133535],[136.52599182149868,35.94954979639834],[136.52573475311522,35.94965051095919]]]}}]}