{"type":"FeatureCollection","features":[{"type":"Feature","properties":{"pid":"e8c8b6ca-813c-47bc-97d5-4d9cca39925a","full":1.4},"geometry":{"type":"Polygon","coordinates":[[[136.23473,35.8915],[136.23521,35.89159],[136.23524,35.89146],[136.23478,35.89138],[136.23473,35.8915]]]}},{"type":"Feature","properties":{"pid":"f4f03879-bc43-4cd7-9909-a796668f9480","full":1.6},"geometry":{"type":"Polygon","coordinates":[[[136.23467,35.89164],[136.23518,35.89173],[136.23521,35.8916],[136.23471,35.89152],[136.23467,35.89164]]]}},{"type":"Feature","properties":{"pid":"f844cb78-4368-4868-9491-56b8e9dcd2f1","full":3.0},"geometry":{"type":"Polygon","coordinates":[[[136.23517,35.89173],[136.23466,35.89165],[136.2346,35.8918],[136.23512,35.89189],[136.23517,35.89173]]]}},{"type":"Feature","properties":{"pid":"27e32421-e79f-46e3-99c1-c1097f5fd9d5","full":3.9},"geometry":{"type":"Polygon","coordinates":[[[136.23453,35.892],[136.23507,35.89207],[136.23512,35.8919],[136.2346,35.89181],[136.23453,35.892]]]}},{"type":"Feature","properties":{"pid":"ed2d0d59-fbac-4fc9-9aca-9adbd7687c0c","full":10.7},"geometry":{"type":"Polygon","coordinates":[[[136.23433,35.89225],[136.23491,35.89243],[136.23506,35.89208],[136.23452,35.89202],[136.23433,35.89225]]]}},{"type":"Feature","properties":{"pid":"49151c19-90ba-4cfc-9848-df36b4778a38","full":18.2},"geometry":{"type":"Polygon","coordinates":[[[136.23606,35.8921],[136.23524,35.89195],[136.23515,35.89222],[136.23596,35.89248],[136.23606,35.8921]]]}},{"type":"Feature","properties":{"pid":"9a936a35-407f-459f-af78-f5e53b9a98ce","full":12.5},"geometry":{"type":"Polygon","coordinates":[[[136.23614,35.89184],[136.23532,35.89168],[136.23525,35.89194],[136.23606,35.89209],[136.23614,35.89184]]]}},{"type":"Feature","properties":{"pid":"79f5d463-29d7-40b9-b04a-e392fd06256b","full":12.4},"geometry":{"type":"Polygon","coordinates":[[[136.23532,35.89168],[136.23614,35.89183],[136.23621,35.89158],[136.2354,35.89142],[136.23532,35.89168]]]}},{"type":"Feature","properties":{"pid":"7e7402da-e924-4aaa-88f7-eb50bf24dc63","full":7.3},"geometry":{"type":"Polygon","coordinates":[[[136.23528,35.89138],[136.23536,35.8911],[136.23492,35.89102],[136.2348,35.8913],[136.23528,35.89138]]]}},{"type":"Feature","properties":{"pid":"f2295ec4-b802-4886-9e39-c74d5b59a8c5","full":4.0},"geometry":{"type":"Polygon","coordinates":[[[136.23537,35.89109],[136.23543,35.89087],[136.23499,35.89082],[136.23493,35.89101],[136.23537,35.89109]]]}},{"type":"Feature","properties":{"pid":"c66bf489-33ad-473a-8369-c111898a4b24","full":12.6},"geometry":{"type":"Polygon","coordinates":[[[136.23629,35.89131],[136.23548,35.89116],[136.2354,35.89141],[136.23621,35.89157],[136.23629,35.89131]]]}},{"type":"Feature","properties":{"pid":"3a438b0b-90bd-4101-b6c9-cf05ef5eb240","full":12.6},"geometry":{"type":"Polygon","coordinates":[[[136.23548,35.89115],[136.2363,35.8913],[136.23638,35.89105],[136.23555,35.8909],[136.23548,35.89115]]]}},{"type":"Feature","properties":{"pid":"6a70ad25-f5c2-4efb-8783-59c1adfabdae","full":3.4},"geometry":{"type":"Polygon","coordinates":[[[136.23555,35.89088],[136.23639,35.89104],[136.23644,35.89091],[136.23558,35.89075],[136.23555,35.89088]]]}},{"type":"Feature","properties":{"pid":"9f8542ac-ebf0-4811-a6c1-6b3868555d37","full":1.2},"geometry":{"type":"Polygon","coordinates":[[[136.23644,35.8909],[136.23648,35.8908],[136.23561,35.89064],[136.23558,35.89074],[136.23644,35.8909]]]}},{"type":"Feature","properties":{"pid":"c4494d6a-92ce-467b-87c0-620537be9ae1","full":13.5},"geometry":{"type":"Polygon","coordinates":[[[136.23648,35.89078],[136.23657,35.89053],[136.23566,35.89037],[136.23561,35.89062],[136.23648,35.89078]]]}},{"type":"Feature","properties":{"pid":"72ff606a-d106-4429-ba06-fa105afd4243","full":1.3},"geometry":{"type":"Polygon","coordinates":[[[136.23468,35.89118],[136.23472,35.89119],[136.23479,35.89118],[136.23494,35.89084],[136.23491,35.89081],[136.23478,35.89079],[136.23475,35.89082],[136.23468,35.89118]]]}},{"type":"Feature","properties":{"pid":"51d3ae71-4733-43e4-9cd9-b5b649617a50","full":6.5},"geometry":{"type":"Polygon","coordinates":[[[136.23728,35.89081],[136.23724,35.89018],[136.23721,35.8902],[136.23706,35.89049],[136.23703,35.89049],[136.23697,35.89059],[136.2369,35.89066],[136.23684,35.89083],[136.23728,35.89081]]]}},{"type":"Feature","properties":{"pid":"99be02ca-1224-49e2-970d-80c360f3fa0a","full":7.4},"geometry":{"type":"Polygon","coordinates":[[[136.23894,35.8914],[136.23897,35.89137],[136.23895,35.8908],[136.23868,35.89081],[136.23872,35.8914],[136.23894,35.8914]]]}},{"type":"Feature","properties":{"pid":"54c1d876-db4f-48fd-a5f4-3da54a194e28","full":16.9},"geometry":{"type":"Polygon","coordinates":[[[136.23873,35.8917],[136.23867,35.89081],[136.23835,35.89083],[136.23841,35.89171],[136.23873,35.8917]]]}},{"type":"Feature","properties":{"pid":"5051fd73-2f4b-4e50-97d3-9fb4f1164b81","full":17.1},"geometry":{"type":"Polygon","coordinates":[[[136.23839,35.89172],[136.23834,35.89082],[136.23801,35.89084],[136.23807,35.89173],[136.23839,35.89172]]]}},{"type":"Feature","properties":{"pid":"02e5430a-8483-4dc5-8d72-fc40dce08ebb","full":17.0},"geometry":{"type":"Polygon","coordinates":[[[136.238,35.89174],[136.23795,35.89084],[136.23763,35.89085],[136.23768,35.89175],[136.238,35.89174]]]}},{"type":"Feature","properties":{"pid":"1df784ec-02fb-4b06-af5a-4b9ca6cd2318","full":1.8},"geometry":{"type":"Polygon","coordinates":[[[136.23699,35.89177],[136.23694,35.89088],[136.23682,35.89088],[136.23681,35.89093],[136.23686,35.89177],[136.23699,35.89177]]]}},{"type":"Feature","properties":{"pid":"89ba3450-a3bd-479e-bfa2-c3e821fbed86","full":14.4},"geometry":{"type":"Polygon","coordinates":[[[136.23729,35.89176],[136.23725,35.89087],[136.23696,35.89088],[136.23701,35.89177],[136.23729,35.89176]]]}},{"type":"Feature","properties":{"pid":"5d435431-d3a4-4e3c-824a-2175a6a2873a","full":18.4},"geometry":{"type":"Polygon","coordinates":[[[136.23766,35.89175],[136.23762,35.89085],[136.23728,35.89087],[136.23733,35.89176],[136.23766,35.89175]]]}},{"type":"Feature","properties":{"pid":"51ecf736-8f1b-4aaa-a468-d8ff09846d8d","full":4.8},"geometry":{"type":"Polygon","coordinates":[[[136.23685,35.89177],[136.23681,35.89107],[136.23678,35.89109],[136.23673,35.89124],[136.23665,35.89137],[136.23653,35.89179],[136.23685,35.89177]]]}},{"type":"Feature","properties":{"pid":"86c67600-5000-4234-b16a-1473747a382a","full":17.7},"geometry":{"type":"Polygon","coordinates":[[[136.23734,35.89183],[136.23738,35.89272],[136.23772,35.89271],[136.23766,35.89182],[136.23734,35.89183]]]}},{"type":"Feature","properties":{"pid":"78504d3f-8d1f-4ce8-b895-cd1f4016d106","full":1.5},"geometry":{"type":"Polygon","coordinates":[[[136.23786,35.8927],[136.23781,35.89181],[136.23768,35.89182],[136.23773,35.89271],[136.23786,35.8927]]]}},{"type":"Feature","properties":{"pid":"a24d7253-c403-4320-9156-25479c63aa1d","full":4.4},"geometry":{"type":"Polygon","coordinates":[[[136.23783,35.89181],[136.23788,35.8927],[136.23804,35.8927],[136.238,35.8918],[136.23783,35.89181]]]}},{"type":"Feature","properties":{"pid":"a0150f82-cb2c-4990-8866-e8db94abd130","full":15.9},"geometry":{"type":"Polygon","coordinates":[[[136.23843,35.89269],[136.23838,35.89179],[136.23807,35.8918],[136.23812,35.8927],[136.23843,35.89269]]]}},{"type":"Feature","properties":{"pid":"1949674c-e2fc-4cb9-87a5-f4ec085e1521","full":17.9},"geometry":{"type":"Polygon","coordinates":[[[136.23845,35.89271],[136.23853,35.89267],[136.23867,35.89259],[136.23873,35.89254],[136.23878,35.89247],[136.23877,35.89177],[136.2384,35.89179],[136.23845,35.89271]]]}},{"type":"Feature","properties":{"pid":"c68a5f59-1cca-4c97-bb51-9560a284fe7d","full":4.2},"geometry":{"type":"Polygon","coordinates":[[[136.23936,35.8908],[136.23932,35.89079],[136.23897,35.8908],[136.23899,35.89135],[136.23936,35.8908]]]}},{"type":"Feature","properties":{"pid":"1aa014dd-5ee6-4b17-bf74-13dfa6da9bed","full":0.8},"geometry":{"type":"Polygon","coordinates":[[[136.23841,35.89566],[136.23825,35.89565],[136.23821,35.89582],[136.23823,35.89585],[136.23841,35.89586],[136.23841,35.89566]]]}},{"type":"Feature","properties":{"pid":"a2165931-229d-46a4-a60a-f55fad3790f5","full":5.9},"geometry":{"type":"Polygon","coordinates":[[[136.23788,35.89584],[136.23788,35.89564],[136.23755,35.8956],[136.23728,35.89562],[136.23729,35.89578],[136.23733,35.89581],[136.23788,35.89584]]]}},{"type":"Feature","properties":{"pid":"14ec5ff0-c193-41ee-a4da-12bb7d14b863","full":0.8},"geometry":{"type":"Polygon","coordinates":[[[136.23713,35.89558],[136.23689,35.89558],[136.2369,35.89573],[136.23713,35.89572],[136.23713,35.89558]]]}},{"type":"Feature","properties":{"pid":"fd09fb2e-10d7-4508-bfa6-cb9bcee85e02","full":15.0},"geometry":{"type":"Polygon","coordinates":[[[136.23686,35.89558],[136.23624,35.89558],[136.23623,35.89562],[136.23625,35.89596],[136.23629,35.89597],[136.23687,35.89595],[136.23686,35.89558]]]}},{"type":"Feature","properties":{"pid":"449ec006-3023-4d77-8c95-6763e88fcd4f","full":12.4},"geometry":{"type":"Polygon","coordinates":[[[136.23665,35.89521],[136.236,35.89522],[136.236,35.89553],[136.23666,35.89553],[136.23665,35.89521]]]}},{"type":"Feature","properties":{"pid":"3daec10c-1624-4cd8-9e1a-f029525985c7","full":5.6},"geometry":{"type":"Polygon","coordinates":[[[136.23668,35.89553],[136.23704,35.89553],[136.23702,35.89525],[136.23697,35.89525],[136.23696,35.8952],[136.23667,35.89521],[136.23668,35.89553]]]}},{"type":"Feature","properties":{"pid":"040018c5-f9a2-4d9e-8771-b19ed60588b4","full":27.2},"geometry":{"type":"Polygon","coordinates":[[[136.23689,35.89479],[136.23683,35.89478],[136.23579,35.89487],[136.2358,35.89518],[136.23696,35.89518],[136.23689,35.89479]]]}},{"type":"Feature","properties":{"pid":"58cf7476-d86d-4389-9249-52ebc8ef6d0d","full":2.9},"geometry":{"type":"Polygon","coordinates":[[[136.23688,35.89413],[136.23683,35.89467],[136.237,35.89466],[136.23706,35.89413],[136.23688,35.89413]]]}},{"type":"Feature","properties":{"pid":"4d7f3b5b-75b0-47df-bb94-dd4574ec31e4","full":1.7},"geometry":{"type":"Polygon","coordinates":[[[136.23666,35.89468],[136.23681,35.89467],[136.23687,35.89413],[136.23672,35.89412],[136.23666,35.89468]]]}},{"type":"Feature","properties":{"pid":"374924bc-5385-4d1b-8d09-5c0b5ca7df4a","full":3.1},"geometry":{"type":"Polygon","coordinates":[[[136.23671,35.89412],[136.23654,35.89412],[136.23647,35.89469],[136.23665,35.89468],[136.23671,35.89412]]]}},{"type":"Feature","properties":{"pid":"aec84a6e-9943-42fd-8771-ebb62246d1ee","full":5.6},"geometry":{"type":"Polygon","coordinates":[[[136.2363,35.8941],[136.23623,35.89471],[136.23645,35.8947],[136.23652,35.89412],[136.2363,35.8941]]]}},{"type":"Feature","properties":{"pid":"ff5c28a6-4d91-4a0e-990e-8cc966db86ea","full":6.8},"geometry":{"type":"Polygon","coordinates":[[[136.23627,35.89404],[136.23644,35.89405],[136.23638,35.89281],[136.23627,35.89281],[136.23622,35.89302],[136.2362,35.89305],[136.23622,35.89308],[136.23627,35.89404]]]}},{"type":"Feature","properties":{"pid":"5f8ca712-ed14-453b-bb30-8f436ffed66e","full":24.2},"geometry":{"type":"Polygon","coordinates":[[[136.23647,35.89405],[136.23679,35.89406],[136.23672,35.8928],[136.23641,35.89281],[136.23647,35.89405]]]}},{"type":"Feature","properties":{"pid":"736d484b-223a-4355-a5b9-77fddd31ee2a","full":7.6},"geometry":{"type":"Polygon","coordinates":[[[136.23714,35.89408],[136.23719,35.89408],[136.23731,35.89381],[136.23725,35.89278],[136.23707,35.89279],[136.23714,35.89408]]]}},{"type":"Feature","properties":{"pid":"87ee9eca-d378-40fa-99e8-f95d6c977dc1","full":24.9},"geometry":{"type":"Polygon","coordinates":[[[136.23681,35.89406],[136.23713,35.89408],[136.23706,35.89278],[136.23674,35.8928],[136.23681,35.89406]]]}},{"type":"Feature","properties":{"pid":"3b4d0901-3c88-4895-bc83-f7236205372d","full":3.6},"geometry":{"type":"Polygon","coordinates":[[[136.23756,35.89328],[136.2376,35.89323],[136.23766,35.89317],[136.23777,35.89311],[136.23775,35.89276],[136.23752,35.89277],[136.23756,35.89328]]]}},{"type":"Feature","properties":{"pid":"a84fc6dd-65f4-4ec5-81a0-d64fd39321f9","full":2.8},"geometry":{"type":"Polygon","coordinates":[[[136.23805,35.89275],[136.23777,35.89276],[136.23779,35.8931],[136.23805,35.89295],[136.23805,35.89275]]]}},{"type":"Feature","properties":{"pid":"89bb76ba-6147-4042-8869-8586f0bf5086","full":16.0},"geometry":{"type":"Polygon","coordinates":[[[136.23702,35.89184],[136.23706,35.89273],[136.23737,35.89272],[136.23732,35.89183],[136.23702,35.89184]]]}},{"type":"Feature","properties":{"pid":"e31fb03d-8480-4fbb-8386-7c75292131db","full":0.6},"geometry":{"type":"Polygon","coordinates":[[[136.23743,35.89353],[136.23754,35.89331],[136.23751,35.89278],[136.23738,35.89278],[136.23743,35.89353]]]}},{"type":"Feature","properties":{"pid":"71d6a233-c80a-4898-a71c-d3501263d836","full":17.8},"geometry":{"type":"Polygon","coordinates":[[[136.23671,35.89275],[136.23705,35.89273],[136.237,35.89184],[136.23666,35.89186],[136.23671,35.89275]]]}},{"type":"Feature","properties":{"pid":"2770bbff-210f-41ac-aa5a-b08068be4d47","full":13.3},"geometry":{"type":"Polygon","coordinates":[[[136.2367,35.89275],[136.23665,35.89186],[136.23653,35.89186],[136.23627,35.89276],[136.2367,35.89275]]]}},{"type":"Feature","properties":{"pid":"e2e38796-17ff-4dd9-a99a-706573b017df","full":13.2},"geometry":{"type":"Polygon","coordinates":[[[136.23587,35.89274],[136.23595,35.89249],[136.23514,35.89223],[136.23503,35.89247],[136.23587,35.89274]]]}},{"type":"Feature","properties":{"pid":"d8f1aecd-7761-4ccf-8958-447d523e1f2a","full":13.2},"geometry":{"type":"Polygon","coordinates":[[[136.2358,35.893],[136.23587,35.89276],[136.23503,35.89249],[136.23491,35.89272],[136.2358,35.893]]]}},{"type":"Feature","properties":{"pid":"ec58b6b3-11ea-4dc9-a171-f0e010dfe8c6","full":14.5},"geometry":{"type":"Polygon","coordinates":[[[136.23571,35.89327],[136.23579,35.89302],[136.2349,35.89274],[136.23479,35.89296],[136.23481,35.89296],[136.23481,35.89299],[136.23571,35.89327]]]}},{"type":"Feature","properties":{"pid":"8798d0e9-2ff9-45b0-8823-48e02d38036f","full":1.3},"geometry":{"type":"Polygon","coordinates":[[[136.23609,35.89331],[136.23614,35.89403],[136.23626,35.89404],[136.23621,35.89308],[136.23619,35.89306],[136.23609,35.89331]]]}},{"type":"Feature","properties":{"pid":"af5d7aec-83bc-44aa-b935-762bd3d6519f","full":3.7},"geometry":{"type":"Polygon","coordinates":[[[136.23612,35.89403],[136.23608,35.89333],[136.23581,35.89393],[136.23603,35.89403],[136.23612,35.89403]]]}},{"type":"Feature","properties":{"pid":"f485ced9-5b47-444e-939b-190e0e8e8d0e","full":15.4},"geometry":{"type":"Polygon","coordinates":[[[136.23549,35.89379],[136.2356,35.89354],[136.23466,35.89324],[136.23455,35.89346],[136.23458,35.89346],[136.23456,35.89349],[136.23549,35.89379]]]}},{"type":"Feature","properties":{"pid":"85221f17-4d77-40fe-ac2b-976b8eae7b07","full":15.0},"geometry":{"type":"Polygon","coordinates":[[[136.23561,35.89353],[136.23571,35.89328],[136.23478,35.89299],[136.23467,35.8932],[136.2347,35.89322],[136.23469,35.89323],[136.23561,35.89353]]]}},{"type":"Feature","properties":{"pid":"9cdf07de-cf85-4b4b-8e7f-4401b2459706","full":15.4},"geometry":{"type":"Polygon","coordinates":[[[136.23453,35.89349],[136.23441,35.89373],[136.23537,35.89403],[136.23549,35.8938],[136.23453,35.89349]]]}},{"type":"Feature","properties":{"pid":"fba34318-d748-4702-b8d3-f9ec99fc3d91","full":14.6},"geometry":{"type":"Polygon","coordinates":[[[136.23432,35.89395],[136.23435,35.89396],[136.23433,35.894],[136.23522,35.89427],[136.23535,35.89404],[136.23441,35.89375],[136.23432,35.89395]]]}},{"type":"Feature","properties":{"pid":"17a5cb7d-f98c-4eef-be3c-36f20bb8787e","full":14.6},"geometry":{"type":"Polygon","coordinates":[[[136.23348,35.89363],[136.23357,35.89374],[136.23405,35.89403],[136.2341,35.89406],[136.23414,35.89407],[136.23415,35.89406],[136.23429,35.89372],[136.23427,35.89371],[136.23428,35.8937],[136.23349,35.89346],[136.23348,35.89363]]]}},{"type":"Feature","properties":{"pid":"697a0778-a80a-451c-974f-d57ffdf9171a","full":13.8},"geometry":{"type":"Polygon","coordinates":[[[136.23349,35.89344],[136.23428,35.89369],[136.23429,35.89368],[136.23432,35.89368],[136.23441,35.89345],[136.23359,35.89319],[136.23353,35.89325],[136.23352,35.89331],[136.23349,35.89344]]]}},{"type":"Feature","properties":{"pid":"3c1de3ee-7f6d-467d-ad0e-18497b9b3e7d","full":13.0},"geometry":{"type":"Polygon","coordinates":[[[136.23361,35.89318],[136.23442,35.89344],[136.23454,35.8932],[136.2337,35.89294],[136.23361,35.89318]]]}},{"type":"Feature","properties":{"pid":"5117d8f2-cf2d-4513-aa7d-37fa2660ddb5","full":14.4},"geometry":{"type":"Polygon","coordinates":[[[136.23456,35.89317],[136.23465,35.89296],[136.23365,35.89265],[136.23361,35.89267],[136.23359,35.89274],[136.23369,35.89292],[136.23454,35.89318],[136.23456,35.89317]]]}},{"type":"Feature","properties":{"pid":"11dbac6e-776d-42b3-beb3-c4a7cbdac5fb","full":10.5},"geometry":{"type":"Polygon","coordinates":[[[136.23398,35.89243],[136.23479,35.89269],[136.2349,35.89245],[136.23431,35.89226],[136.23398,35.89243]]]}},{"type":"Feature","properties":{"pid":"b560bcf0-d0ed-45b2-9d85-55745f60365f","full":10.8},"geometry":{"type":"Polygon","coordinates":[[[136.23469,35.8929],[136.23478,35.89271],[136.23476,35.89269],[136.23395,35.89244],[136.23387,35.89247],[136.23379,35.89262],[136.23469,35.8929]]]}},{"type":"Feature","properties":{"pid":"6adf2370-dc98-4714-9f6a-a6ddb89d0c24","full":5.7},"geometry":{"type":"Polygon","coordinates":[[[136.23318,35.89436],[136.23402,35.89449],[136.23406,35.89432],[136.23335,35.8942],[136.23326,35.89427],[136.23318,35.89436]]]}},{"type":"Feature","properties":{"pid":"ecce5ae2-369d-4cd1-9654-78b382d850a4","full":4.8},"geometry":{"type":"Polygon","coordinates":[[[136.234,35.89459],[136.23312,35.89445],[136.23311,35.8945],[136.23312,35.89452],[136.23318,35.89463],[136.23397,35.89474],[136.234,35.89459]]]}},{"type":"Feature","properties":{"pid":"321af442-b629-47ac-8192-684552c0513a","full":0.7},"geometry":{"type":"Polygon","coordinates":[[[136.23323,35.89475],[136.23395,35.89486],[136.23397,35.89476],[136.23319,35.89465],[136.23323,35.89475]]]}},{"type":"Feature","properties":{"pid":"a900f847-3622-4248-90b5-7331bd9d6f09","full":3.2},"geometry":{"type":"Polygon","coordinates":[[[136.23323,35.89491],[136.23391,35.89501],[136.23394,35.89487],[136.23323,35.89477],[136.23323,35.89491]]]}},{"type":"Feature","properties":{"pid":"717f7052-0bcd-4063-bdcf-cbe99f7731ca","full":10.7},"geometry":{"type":"Polygon","coordinates":[[[136.23303,35.89516],[136.23384,35.89527],[136.23391,35.89502],[136.23322,35.89493],[136.23319,35.89499],[136.23315,35.89504],[136.23306,35.89512],[136.23303,35.89516]]]}},{"type":"Feature","properties":{"pid":"3817160a-a38a-40b7-9b5b-7fe9314d90a0","full":1.8},"geometry":{"type":"Polygon","coordinates":[[[136.23296,35.89528],[136.2338,35.8954],[136.23384,35.89528],[136.23302,35.89517],[136.23296,35.89528]]]}},{"type":"Feature","properties":{"pid":"3fadc440-db50-4be7-b7d5-782a4772d3c6","full":3.7},"geometry":{"type":"Polygon","coordinates":[[[136.23289,35.89542],[136.23375,35.89554],[136.23378,35.89543],[136.23376,35.8954],[136.23296,35.89528],[136.23289,35.89542]]]}},{"type":"Feature","properties":{"pid":"b1fda5c4-f2ea-4fab-beca-532c5abe1a5f","full":13.1},"geometry":{"type":"Polygon","coordinates":[[[136.23374,35.89555],[136.23289,35.89543],[136.23284,35.89554],[136.23282,35.89557],[136.23276,35.89559],[136.23265,35.89561],[136.23261,35.89563],[136.23259,35.89565],[136.23365,35.8958],[136.23374,35.89555]]]}},{"type":"Feature","properties":{"pid":"97c7a446-095b-478e-b6e5-f2a2260e3ef6","full":2.4},"geometry":{"type":"Polygon","coordinates":[[[136.23436,35.89574],[136.2345,35.89574],[136.23455,35.89554],[136.23468,35.89526],[136.23445,35.89523],[136.23436,35.89574]]]}},{"type":"Feature","properties":{"pid":"8ded64c6-5c90-4c7a-b6aa-dcfe739238e4","full":2.4},"geometry":{"type":"Polygon","coordinates":[[[136.23436,35.89527],[136.23438,35.89508],[136.23404,35.89504],[136.23399,35.89522],[136.23436,35.89527]]]}},{"type":"Feature","properties":{"pid":"2d040d75-3198-4df1-9842-698857898c84","full":4.7},"geometry":{"type":"Polygon","coordinates":[[[136.23431,35.89552],[136.23435,35.89528],[136.23398,35.89523],[136.23391,35.89552],[136.23417,35.89551],[136.23431,35.89552]]]}},{"type":"Feature","properties":{"pid":"fc651135-dea0-461d-8237-81f1c6618f5d","full":6.9},"geometry":{"type":"Polygon","coordinates":[[[136.23404,35.89503],[136.23439,35.89508],[136.23445,35.89468],[136.23413,35.89463],[136.23404,35.89503]]]}},{"type":"Feature","properties":{"pid":"d2a1250f-e9d4-4e1b-a20a-c53be5d10955","full":2.1},"geometry":{"type":"Polygon","coordinates":[[[136.23413,35.89463],[136.23445,35.89467],[136.23448,35.89449],[136.23417,35.89444],[136.23413,35.89463]]]}},{"type":"Feature","properties":{"pid":"c1cb99da-fae5-44ef-9f63-4f7a3f0a09fd","full":2.5},"geometry":{"type":"Polygon","coordinates":[[[136.23406,35.89431],[136.2341,35.89419],[136.23348,35.89407],[136.23347,35.8941],[136.23343,35.89415],[136.23336,35.8942],[136.23406,35.89431]]]}},{"type":"Feature","properties":{"pid":"a506104d-2ea5-43f5-bbca-db219bea99ad","full":0.9},"geometry":{"type":"Polygon","coordinates":[[[136.23425,35.89423],[136.23421,35.89424],[136.23417,35.89442],[136.23448,35.89447],[136.23448,35.89443],[136.23446,35.89438],[136.23425,35.89423]]]}},{"type":"Feature","properties":{"pid":"e3dd3018-7968-4ebc-b237-7049c3979629","full":10.2},"geometry":{"type":"Polygon","coordinates":[[[136.23521,35.89429],[136.23432,35.89401],[136.23426,35.89412],[136.23504,35.89457],[136.23521,35.89429]]]}},{"type":"Feature","properties":{"pid":"3c90d7d3-34f4-435b-af2a-411e30d75223","full":3.8},"geometry":{"type":"Polygon","coordinates":[[[136.23489,35.89479],[136.23494,35.89472],[136.23493,35.89468],[136.23463,35.89447],[136.23456,35.89449],[136.23452,35.89478],[136.23489,35.89479]]]}},{"type":"Feature","properties":{"pid":"5beb3ffd-fa96-45f8-9452-b40676e91c72","full":0.6},"geometry":{"type":"Polygon","coordinates":[[[136.23557,35.89439],[136.23555,35.89437],[136.23533,35.89473],[136.23535,35.89474],[136.23544,35.89476],[136.23554,35.89476],[136.23557,35.89439]]]}},{"type":"Feature","properties":{"pid":"25ed7961-362c-4b68-87c8-3acf408ecde9","full":13.0},"geometry":{"type":"Polygon","coordinates":[[[136.2357,35.89475],[136.23572,35.8946],[136.23595,35.89461],[136.23602,35.89409],[136.23578,35.89399],[136.23556,35.89437],[136.23558,35.89439],[136.23555,35.89476],[136.2357,35.89475]]]}},{"type":"Feature","properties":{"pid":"a24fbe01-a11a-417b-9e17-dcc8d4780d62","full":8.0},"geometry":{"type":"Polygon","coordinates":[[[136.23629,35.8941],[136.23603,35.89409],[136.23595,35.89473],[136.23622,35.89471],[136.23629,35.8941]]]}},{"type":"Feature","properties":{"pid":"a6d7fc15-4bc5-4137-81ce-fd4264a1ad40","full":12.9},"geometry":{"type":"Polygon","coordinates":[[[136.23536,35.89556],[136.23536,35.89506],[136.23509,35.89506],[136.23505,35.89512],[136.235,35.89517],[136.2349,35.89535],[136.23485,35.89546],[136.23485,35.8955],[136.23486,35.89554],[136.23489,35.89557],[136.23536,35.89556]]]}},{"type":"Feature","properties":{"pid":"8a1f24eb-c9a6-461d-b9f4-616b56f7f8d0","full":2.2},"geometry":{"type":"Polygon","coordinates":[[[136.23537,35.89521],[136.23537,35.89556],[136.23558,35.89555],[136.23556,35.89521],[136.23537,35.89521]]]}},{"type":"Feature","properties":{"pid":"80e8c531-b945-4081-a3ab-cbb1cd30e843","full":5.0},"geometry":{"type":"Polygon","coordinates":[[[136.23517,35.89598],[136.23517,35.89559],[136.23487,35.8956],[136.2349,35.89579],[136.23491,35.89598],[136.23517,35.89598]]]}},{"type":"Feature","properties":{"pid":"37d828c0-3619-4751-9e74-f5e9d3a3c83e","full":13.9},"geometry":{"type":"Polygon","coordinates":[[[136.23578,35.89598],[136.23577,35.89558],[136.2352,35.89559],[136.23521,35.89598],[136.23578,35.89598]]]}},{"type":"Feature","properties":{"pid":"9032948e-26f8-406e-aa9d-865ce55b95b6","full":1.8},"geometry":{"type":"Polygon","coordinates":[[[136.23596,35.89598],[136.23595,35.89558],[136.23578,35.89558],[136.23579,35.89598],[136.23596,35.89598]]]}},{"type":"Feature","properties":{"pid":"1c7300cb-ebf3-4eaf-a088-d2ed556c77e1","full":2.0},"geometry":{"type":"Polygon","coordinates":[[[136.23557,35.89521],[136.23559,35.89555],[136.23578,35.89555],[136.23577,35.89521],[136.23557,35.89521]]]}},{"type":"Feature","properties":{"pid":"a5d81758-3c14-4f19-9ec0-52ca9292e3a5","full":1.6},"geometry":{"type":"Polygon","coordinates":[[[136.23578,35.89521],[136.23578,35.89555],[136.23596,35.89555],[136.23595,35.89521],[136.23578,35.89521]]]}},{"type":"Feature","properties":{"pid":"71086a48-dd72-4d3c-b566-d98f6b9556e2","full":2.4},"geometry":{"type":"Polygon","coordinates":[[[136.23618,35.89558],[136.23599,35.89558],[136.236,35.89597],[136.23619,35.89597],[136.23618,35.89558]]]}},{"type":"Feature","properties":{"pid":"e99a21e2-bf59-4454-ab6c-f16d9dfe18e0","full":1.2},"geometry":{"type":"Polygon","coordinates":[[[136.23599,35.896],[136.23599,35.89623],[136.23619,35.89623],[136.23618,35.896],[136.23599,35.896]]]}},{"type":"Feature","properties":{"pid":"4c20ec11-a737-472e-a567-5ee26a0d945e","full":2.6},"geometry":{"type":"Polygon","coordinates":[[[136.23518,35.896],[136.23489,35.896],[136.23491,35.89607],[136.23498,35.89621],[136.23515,35.89642],[136.23519,35.89638],[136.23518,35.896]]]}},{"type":"Feature","properties":{"pid":"30c5d94c-41d0-48fa-a111-36c9fc07f749","full":8.7},"geometry":{"type":"Polygon","coordinates":[[[136.2352,35.89601],[136.23521,35.89623],[136.23598,35.89623],[136.23597,35.896],[136.2352,35.89601]]]}},{"type":"Feature","properties":{"pid":"9e178ef5-3e04-4977-bb80-c11ff91664da","full":25.4},"geometry":{"type":"Polygon","coordinates":[[[136.23617,35.89626],[136.23616,35.89624],[136.23523,35.89625],[136.23522,35.89638],[136.23519,35.89646],[136.23529,35.89658],[136.23531,35.8966],[136.23544,35.8966],[136.23546,35.89661],[136.23577,35.89665],[136.23618,35.89669],[136.23617,35.89626]]]}},{"type":"Feature","properties":{"pid":"c44a1a36-971a-407e-96ae-ec974e161da0","full":3.3},"geometry":{"type":"Polygon","coordinates":[[[136.23641,35.89675],[136.23622,35.89672],[136.2361,35.8969],[136.23605,35.89695],[136.23604,35.897],[136.23611,35.89701],[136.23616,35.89704],[136.23626,35.89705],[136.23631,35.89702],[136.23638,35.89701],[136.23641,35.89675]]]}},{"type":"Feature","properties":{"pid":"3314f1e1-48fb-4a6f-a6be-8a19e5124351","full":6.1},"geometry":{"type":"Polygon","coordinates":[[[136.23617,35.89671],[136.23547,35.89662],[136.23547,35.89666],[136.2355,35.89673],[136.23551,35.89687],[136.23555,35.8969],[136.23608,35.89685],[136.23617,35.89674],[136.23617,35.89671]]]}},{"type":"Feature","properties":{"pid":"f39c236c-470b-49bf-ac38-2abc14903ee5","full":1.0},"geometry":{"type":"Polygon","coordinates":[[[136.23605,35.89703],[136.23601,35.89702],[136.23597,35.89708],[136.23593,35.89711],[136.2359,35.89717],[136.2359,35.8972],[136.23616,35.89721],[136.2362,35.89715],[136.23624,35.89713],[136.23624,35.89708],[136.23607,35.89705],[136.23605,35.89703]]]}},{"type":"Feature","properties":{"pid":"f3f9c497-f502-4d3a-96c0-a48b5df70b9e","full":4.8},"geometry":{"type":"Polygon","coordinates":[[[136.23621,35.89742],[136.23618,35.89724],[136.23605,35.89725],[136.2359,35.89724],[136.23575,35.89725],[136.2358,35.89743],[136.23576,35.89754],[136.23579,35.89757],[136.23621,35.89742]]]}},{"type":"Feature","properties":{"pid":"69046988-439a-4a31-ace7-ed8b324fa0e7","full":12.7},"geometry":{"type":"Polygon","coordinates":[[[136.23537,35.89714],[136.23522,35.89716],[136.23503,35.89716],[136.23497,35.89736],[136.23489,35.89748],[136.23485,35.89762],[136.23515,35.89763],[136.23539,35.8976],[136.2354,35.89748],[136.2354,35.89739],[136.23538,35.8972],[136.23537,35.89714]]]}},{"type":"Feature","properties":{"pid":"42b4bf23-6a14-47b6-9999-5cd6bc620994","full":0.6},"geometry":{"type":"Polygon","coordinates":[[[136.23411,35.89721],[136.23411,35.89724],[136.23419,35.89724],[136.23421,35.897],[136.23394,35.897],[136.23411,35.89721]]]}},{"type":"Feature","properties":{"pid":"b935355c-d341-4f15-8b5d-bfe3f0b51e6b","full":6.9},"geometry":{"type":"Polygon","coordinates":[[[136.23362,35.89582],[136.23326,35.89577],[136.23317,35.89617],[136.23343,35.89619],[136.23349,35.89616],[136.23362,35.89582]]]}},{"type":"Feature","properties":{"pid":"aafdfaf2-9465-4155-9092-68211f0733f3","full":2.9},"geometry":{"type":"Polygon","coordinates":[[[136.23316,35.89617],[136.23325,35.89577],[136.23305,35.89575],[136.23296,35.89614],[136.23316,35.89617]]]}},{"type":"Feature","properties":{"pid":"87cb6a1f-3cf7-487b-bc7a-43ae379680b8","full":6.9},"geometry":{"type":"Polygon","coordinates":[[[136.23304,35.89574],[136.23271,35.89569],[136.23263,35.8961],[136.23295,35.89613],[136.23304,35.89574]]]}},{"type":"Feature","properties":{"pid":"45b5b678-f053-4fa0-b5e7-45d489f1037a","full":1.0},"geometry":{"type":"Polygon","coordinates":[[[136.23262,35.8961],[136.2327,35.89569],[136.23259,35.89567],[136.23254,35.89582],[136.23246,35.89594],[136.23257,35.89609],[136.23262,35.8961]]]}},{"type":"Feature","properties":{"pid":"3ba988ab-48bc-4643-bb33-0041f301a786","full":10.8},"geometry":{"type":"Polygon","coordinates":[[[136.23209,35.89762],[136.23294,35.89764],[136.23294,35.89761],[136.23299,35.89761],[136.23302,35.89747],[136.23295,35.89747],[136.23295,35.89741],[136.23209,35.89739],[136.23209,35.89762]]]}},{"type":"Feature","properties":{"pid":"a157561a-cb85-47d4-8346-889899dddbf8","full":2.5},"geometry":{"type":"Polygon","coordinates":[[[136.23356,35.89687],[136.23362,35.89701],[136.23375,35.89701],[136.23374,35.89665],[136.23359,35.89665],[136.23347,35.89664],[136.23345,35.89668],[136.2335,35.89675],[136.23356,35.89687]]]}},{"type":"Feature","properties":{"pid":"25bbc91c-0d2f-4639-9c38-f8dbb0e062b3","full":1.4},"geometry":{"type":"Polygon","coordinates":[[[136.23339,35.89748],[136.2334,35.89717],[136.23326,35.89719],[136.23317,35.89747],[136.23339,35.89748]]]}},{"type":"Feature","properties":{"pid":"39d7ffc4-77cb-4d0e-8b91-6d4830c5144c","full":0.9},"geometry":{"type":"Polygon","coordinates":[[[136.23339,35.89749],[136.23316,35.89748],[136.23313,35.89764],[136.23338,35.89765],[136.23339,35.89749]]]}},{"type":"Feature","properties":{"pid":"fe994f4a-53be-4429-abb8-79a734fa427a","full":2.4},"geometry":{"type":"Polygon","coordinates":[[[136.23341,35.89765],[136.23356,35.89765],[136.23358,35.89763],[136.2336,35.89762],[136.23362,35.89755],[136.23361,35.89733],[136.23344,35.89716],[136.23343,35.89717],[136.23341,35.89765]]]}},{"type":"Feature","properties":{"pid":"5febd5e5-d198-49db-a1c2-86f38b65568a","full":0.8},"geometry":{"type":"Polygon","coordinates":[[[136.23337,35.89773],[136.23312,35.89773],[136.23311,35.89783],[136.23313,35.89783],[136.23313,35.89786],[136.23335,35.89789],[136.2334,35.89776],[136.23337,35.89773]]]}},{"type":"Feature","properties":{"pid":"f586ae0a-70a6-4689-a777-f792c26bea38","full":0.8},"geometry":{"type":"Polygon","coordinates":[[[136.23322,35.89836],[136.23339,35.89834],[136.23339,35.8982],[136.23338,35.89814],[136.23314,35.89811],[136.23314,35.89815],[136.23321,35.89816],[136.23322,35.89836]]]}},{"type":"Feature","properties":{"pid":"f35c32ee-444f-466d-8692-571200a8e55f","full":13.4},"geometry":{"type":"Polygon","coordinates":[[[136.23298,35.89846],[136.23296,35.89821],[136.23207,35.89819],[136.23205,35.89835],[136.23198,35.89837],[136.23189,35.89837],[136.23189,35.89845],[136.23298,35.89846]]]}},{"type":"Feature","properties":{"pid":"08d78e35-a307-49da-ba45-7b756c4c7672","full":11.2},"geometry":{"type":"Polygon","coordinates":[[[136.23207,35.89818],[136.23296,35.8982],[136.23296,35.89796],[136.23214,35.89795],[136.23209,35.89807],[136.23207,35.89818]]]}},{"type":"Feature","properties":{"pid":"2aaffe4b-b770-44c1-8d9c-b802a3b02232","full":1.5},"geometry":{"type":"Polygon","coordinates":[[[136.23214,35.89793],[136.23296,35.89794],[136.23296,35.89783],[136.23218,35.89782],[136.23214,35.89793]]]}},{"type":"Feature","properties":{"pid":"d3046ecc-5a55-4a48-95d8-8814d286a764","full":0.8},"geometry":{"type":"Polygon","coordinates":[[[136.23297,35.89782],[136.23298,35.89772],[136.23223,35.89771],[136.23218,35.89781],[136.23297,35.89782]]]}},{"type":"Feature","properties":{"pid":"4596f7c6-13f9-4186-921b-b28527ecb4e5","full":3.6},"geometry":{"type":"Polygon","coordinates":[[[136.23179,35.89836],[136.23167,35.89834],[136.23163,35.89831],[136.23142,35.89831],[136.23141,35.8984],[136.23137,35.89854],[136.23178,35.89855],[136.23179,35.89836]]]}},{"type":"Feature","properties":{"pid":"b548c3f2-edda-453f-a2ed-7af898cb5d18","full":11.5},"geometry":{"type":"Polygon","coordinates":[[[136.23179,35.89857],[136.23136,35.89856],[136.23134,35.89871],[136.23132,35.89875],[136.23129,35.89877],[136.23114,35.89877],[136.23111,35.89879],[136.23109,35.89882],[136.23109,35.89889],[136.2311,35.89893],[136.23178,35.89893],[136.23179,35.89857]]]}},{"type":"Feature","properties":{"pid":"52d191e0-6b6e-4263-980c-cbe50d991b0b","full":8.5},"geometry":{"type":"Polygon","coordinates":[[[136.23178,35.89894],[136.23111,35.89894],[136.23111,35.89896],[136.23121,35.89896],[136.23121,35.89913],[136.23099,35.89913],[136.23088,35.89914],[136.23088,35.89921],[136.23177,35.89922],[136.23178,35.89894]]]}},{"type":"Feature","properties":{"pid":"d91e9708-fd7d-441c-9416-04b552861220","full":4.6},"geometry":{"type":"Polygon","coordinates":[[[136.23177,35.89923],[136.23087,35.89921],[136.23087,35.89932],[136.2311,35.89932],[136.2311,35.89938],[136.23177,35.89939],[136.23177,35.89923]]]}},{"type":"Feature","properties":{"pid":"a1d89cf3-197d-4749-ace6-80b7b2e67cad","full":16.7},"geometry":{"type":"Polygon","coordinates":[[[136.23301,35.89941],[136.23303,35.89916],[136.23187,35.89914],[136.23187,35.8994],[136.23301,35.89941]]]}},{"type":"Feature","properties":{"pid":"5f298c46-3c81-4b8d-8da4-cd44e6d2127c","full":3.7},"geometry":{"type":"Polygon","coordinates":[[[136.23187,35.89914],[136.23303,35.89915],[136.23303,35.89903],[136.23187,35.89901],[136.23187,35.89914]]]}},{"type":"Feature","properties":{"pid":"71cb69d6-1d08-4afd-94cb-0e614259ea9f","full":12.3},"geometry":{"type":"Polygon","coordinates":[[[136.23303,35.89902],[136.23301,35.89881],[136.23188,35.89879],[136.23187,35.899],[136.23303,35.89902]]]}},{"type":"Feature","properties":{"pid":"c7f37d00-8e10-4abc-b972-557f79099fef","full":16.0},"geometry":{"type":"Polygon","coordinates":[[[136.23299,35.89873],[136.23298,35.89848],[136.23189,35.89846],[136.23189,35.89872],[136.23299,35.89873]]]}},{"type":"Feature","properties":{"pid":"3fcf5de2-befd-4d22-a8a0-a2c53155837a","full":3.1},"geometry":{"type":"Polygon","coordinates":[[[136.23339,35.89862],[136.2334,35.89835],[136.23311,35.89839],[136.23313,35.89864],[136.23315,35.89866],[136.23339,35.89862]]]}},{"type":"Feature","properties":{"pid":"da1462b5-384e-4b6a-bd29-9da824ba8950","full":5.0},"geometry":{"type":"Polygon","coordinates":[[[136.23642,35.898],[136.2364,35.8979],[136.23618,35.89781],[136.2361,35.89779],[136.23564,35.89795],[136.23561,35.898],[136.2356,35.89804],[136.23642,35.898]]]}},{"type":"Feature","properties":{"pid":"60426f01-3037-47e2-b1c3-fcb321765383","full":5.8},"geometry":{"type":"Polygon","coordinates":[[[136.23648,35.89827],[136.23644,35.89811],[136.23558,35.89816],[136.23558,35.89822],[136.23561,35.89832],[136.23648,35.89827]]]}},{"type":"Feature","properties":{"pid":"2b5be724-dd32-41de-8603-5c670a40e89e","full":22.3},"geometry":{"type":"Polygon","coordinates":[[[136.23659,35.89866],[136.23659,35.8985],[136.23648,35.89828],[136.23563,35.89833],[136.23563,35.89837],[136.23576,35.8987],[136.23659,35.89866]]]}},{"type":"Feature","properties":{"pid":"255efc2b-aceb-46e9-a54b-884470fa72ec","full":10.7},"geometry":{"type":"Polygon","coordinates":[[[136.23663,35.89891],[136.2366,35.8988],[136.23659,35.89867],[136.23576,35.89871],[136.23586,35.89895],[136.23663,35.89891]]]}},{"type":"Feature","properties":{"pid":"d2c9a841-b281-430d-973b-a4d62235724f","full":10.0},"geometry":{"type":"Polygon","coordinates":[[[136.23611,35.89945],[136.23681,35.89942],[136.23672,35.89917],[136.23598,35.8992],[136.23611,35.89945]]]}},{"type":"Feature","properties":{"pid":"ae5457bb-0f39-441c-bbe9-60e66305b645","full":9.0},"geometry":{"type":"Polygon","coordinates":[[[136.23587,35.89896],[136.23597,35.89918],[136.23672,35.89915],[136.2367,35.89905],[136.23665,35.89898],[136.23664,35.89893],[136.23587,35.89896]]]}},{"type":"Feature","properties":{"pid":"cc5eda95-9e30-4051-9150-1f447b2f93e1","full":1.6},"geometry":{"type":"Polygon","coordinates":[[[136.23676,35.89805],[136.23649,35.89805],[136.23654,35.89827],[136.23655,35.89828],[136.23674,35.89826],[136.23676,35.89805]]]}},{"type":"Feature","properties":{"pid":"5d6dc22a-8f4e-4fb4-99c3-3be18b8e0dab","full":3.9},"geometry":{"type":"Polygon","coordinates":[[[136.23708,35.89681],[136.23665,35.89678],[136.23663,35.89709],[136.23666,35.89712],[136.23669,35.89712],[136.23676,35.89709],[136.23693,35.89698],[136.23708,35.89681]]]}},{"type":"Feature","properties":{"pid":"16d3281b-7f2d-49b6-b48c-72f59f2bc551","full":2.0},"geometry":{"type":"Polygon","coordinates":[[[136.2364,35.89702],[136.23654,35.89705],[136.23661,35.89708],[136.23664,35.89677],[136.23642,35.89675],[136.2364,35.89702]]]}},{"type":"Feature","properties":{"pid":"9286daae-399b-4d88-a33f-0b83116e27a2","full":1.4},"geometry":{"type":"Polygon","coordinates":[[[136.2364,35.89641],[136.23622,35.89641],[136.23623,35.89669],[136.2364,35.89672],[136.2364,35.89641]]]}},{"type":"Feature","properties":{"pid":"e4a33d8d-d5b6-4740-85e9-f7a17f0cecc6","full":1.3},"geometry":{"type":"Polygon","coordinates":[[[136.23641,35.89672],[136.23658,35.89673],[136.23658,35.8964],[136.23641,35.89641],[136.23641,35.89672]]]}},{"type":"Feature","properties":{"pid":"082fba55-46c8-4787-a081-a12bd9ef7b36","full":11.3},"geometry":{"type":"Polygon","coordinates":[[[136.23715,35.8964],[136.2366,35.8964],[136.23661,35.89673],[136.23708,35.89677],[136.23712,35.89676],[136.23714,35.89667],[136.23715,35.8964]]]}},{"type":"Feature","properties":{"pid":"45c71be9-c3a6-4575-b6c4-1659fa0dbe8e","full":7.8},"geometry":{"type":"Polygon","coordinates":[[[136.23622,35.8964],[136.23658,35.89639],[136.23658,35.89598],[136.23622,35.89599],[136.23622,35.8964]]]}},{"type":"Feature","properties":{"pid":"61f30cee-fe66-494d-b508-e8f9b75ad3fa","full":12.4},"geometry":{"type":"Polygon","coordinates":[[[136.23716,35.89627],[136.23718,35.89611],[136.23717,35.89599],[136.2366,35.89599],[136.2366,35.89639],[136.23699,35.89639],[136.23699,35.89628],[136.23716,35.89627]]]}},{"type":"Feature","properties":{"pid":"9fbc00b2-e0e4-4b6a-ae9c-9bc4c644ee1d","full":1.4},"geometry":{"type":"Polygon","coordinates":[[[136.23773,35.89589],[136.23734,35.89588],[136.2373,35.89589],[136.23728,35.89592],[136.23728,35.89602],[136.23771,35.89602],[136.23773,35.89589]]]}},{"type":"Feature","properties":{"pid":"29399bd2-5a2f-4235-9ae9-faf1ba02aa05","full":16.6},"geometry":{"type":"Polygon","coordinates":[[[136.23767,35.89673],[136.23769,35.89614],[136.23727,35.89614],[136.23723,35.89676],[136.23758,35.89675],[136.23767,35.89673]]]}},{"type":"Feature","properties":{"pid":"2c534c4a-b14b-41ff-a058-f95d847b3eb2","full":4.9},"geometry":{"type":"Polygon","coordinates":[[[136.23839,35.89615],[136.23817,35.89614],[136.23815,35.8962],[136.23797,35.89655],[136.23815,35.89653],[136.2384,35.89639],[136.23839,35.89615]]]}},{"type":"Feature","properties":{"pid":"93d152c9-0591-4dfa-9668-ad128e53b9cf","full":5.5},"geometry":{"type":"Polygon","coordinates":[[[136.23796,35.89591],[136.23776,35.89591],[136.23771,35.89606],[136.23769,35.89672],[136.23776,35.89669],[136.23787,35.89655],[136.23793,35.89645],[136.23787,35.89644],[136.23792,35.89624],[136.23796,35.89591]]]}},{"type":"Feature","properties":{"pid":"6c8074f1-c9f6-4c10-a49d-30e27afd03ad","full":0.5},"geometry":{"type":"Polygon","coordinates":[[[136.23811,35.89594],[136.23805,35.89591],[136.23798,35.89591],[136.23792,35.89629],[136.23801,35.89631],[136.23807,35.89618],[136.23811,35.89594]]]}},{"type":"Feature","properties":{"pid":"a1691e23-84c6-4cef-a69b-d3d193059a9e","full":1.4},"geometry":{"type":"Polygon","coordinates":[[[136.23816,35.8961],[136.23842,35.89612],[136.23842,35.89591],[136.23823,35.89591],[136.23819,35.89594],[136.23816,35.8961]]]}},{"type":"Feature","properties":{"pid":"ec9a5e9a-077c-4831-8ae2-7a6b8ad415f9","full":1.8},"geometry":{"type":"Polygon","coordinates":[[[136.23844,35.89612],[136.23857,35.89611],[136.23867,35.89613],[136.23876,35.89613],[136.23867,35.89592],[136.23843,35.89592],[136.23844,35.89612]]]}},{"type":"Feature","properties":{"pid":"2b6db8f9-74a0-41d3-ac7f-35722dd7175e","full":0.9},"geometry":{"type":"Polygon","coordinates":[[[136.23862,35.89616],[136.23854,35.89614],[136.2384,35.89615],[136.23841,35.89638],[136.23869,35.89623],[136.23862,35.89616]]]}},{"type":"Feature","properties":{"pid":"78420854-37ef-4ada-9aae-ac538493599d","full":9.9},"geometry":{"type":"Polygon","coordinates":[[[136.23621,35.90209],[136.23621,35.90211],[136.23652,35.90245],[136.23673,35.90263],[136.23677,35.90264],[136.23678,35.90261],[136.23676,35.90206],[136.23621,35.90209]]]}},{"type":"Feature","properties":{"pid":"3fbb8c91-c9e0-4451-b1a6-c9797fa376cc","full":1.1},"geometry":{"type":"Polygon","coordinates":[[[136.23675,35.90205],[136.23675,35.90194],[136.23608,35.90197],[136.23618,35.90208],[136.23675,35.90205]]]}},{"type":"Feature","properties":{"pid":"1e342f9f-7a18-47d0-9648-ddbbe4bb5924","full":10.9},"geometry":{"type":"Polygon","coordinates":[[[136.23674,35.90168],[136.23585,35.90172],[136.23607,35.90196],[136.23675,35.90193],[136.23674,35.90168]]]}},{"type":"Feature","properties":{"pid":"48c20556-ff1b-4e29-a90c-64e2644bdcea","full":2.2},"geometry":{"type":"Polygon","coordinates":[[[136.23673,35.90114],[136.23672,35.90096],[136.23637,35.90098],[136.23638,35.90116],[136.23673,35.90114]]]}},{"type":"Feature","properties":{"pid":"f483bc26-cea5-4dab-9471-dd0f86516ce7","full":3.7},"geometry":{"type":"Polygon","coordinates":[[[136.23673,35.90095],[136.23673,35.90073],[136.23639,35.90075],[136.23627,35.90097],[136.23673,35.90095]]]}},{"type":"Feature","properties":{"pid":"b9ab2715-5f7f-4e2f-bba9-9f0f8c3f34e5","full":4.8},"geometry":{"type":"Polygon","coordinates":[[[136.23642,35.90063],[136.23652,35.90066],[136.23677,35.90066],[136.23678,35.90034],[136.23647,35.90035],[136.23646,35.90048],[136.23642,35.90063]]]}},{"type":"Feature","properties":{"pid":"013178a7-f9b2-4867-b3b0-c6ec0a5604a8","full":5.1},"geometry":{"type":"Polygon","coordinates":[[[136.23648,35.90034],[136.23678,35.90033],[136.23681,35.9],[136.23642,35.90002],[136.23645,35.9001],[136.23647,35.90017],[136.23648,35.90024],[136.23648,35.90034]]]}},{"type":"Feature","properties":{"pid":"8bcb48e7-866c-4275-bebe-ba479cc447d1","full":8.1},"geometry":{"type":"Polygon","coordinates":[[[136.23642,35.90001],[136.23681,35.89999],[136.23684,35.89968],[136.23625,35.8997],[136.23642,35.90001]]]}},{"type":"Feature","properties":{"pid":"b5cbb7a4-3bfd-49c9-9104-3b7da1838bbc","full":8.0},"geometry":{"type":"Polygon","coordinates":[[[136.23625,35.8997],[136.23685,35.89967],[136.23685,35.89955],[136.23681,35.89943],[136.23612,35.89946],[136.23625,35.8997]]]}},{"type":"Feature","properties":{"pid":"79b2ab73-546f-4bd2-b05e-778aca0fd6dd","full":3.8},"geometry":{"type":"Polygon","coordinates":[[[136.23564,35.89966],[136.23531,35.89967],[136.23522,35.89972],[136.23527,35.8999],[136.23549,35.89989],[136.23565,35.89988],[136.23564,35.8998],[136.23564,35.89966]]]}},{"type":"Feature","properties":{"pid":"57aa4eb9-3724-4fa7-9403-d9f589a52a6e","full":1.8},"geometry":{"type":"Polygon","coordinates":[[[136.23568,35.90016],[136.23596,35.90016],[136.23591,35.90004],[136.23587,35.90001],[136.23579,35.89987],[136.23566,35.89989],[136.23568,35.90016]]]}},{"type":"Feature","properties":{"pid":"9d9b4c70-d7c7-44b7-b9d7-9e19dce8bef9","full":1.5},"geometry":{"type":"Polygon","coordinates":[[[136.23607,35.90023],[136.23598,35.9002],[136.23592,35.90061],[136.23604,35.90063],[136.2361,35.90063],[136.23611,35.90054],[136.23612,35.90043],[136.23608,35.90025],[136.23607,35.90023]]]}},{"type":"Feature","properties":{"pid":"ef23eb59-e9b3-43da-ad2a-83b9e010f3df","full":0.5},"geometry":{"type":"Polygon","coordinates":[[[136.23593,35.90047],[136.2357,35.90046],[136.23569,35.90059],[136.23591,35.90061],[136.23593,35.90047]]]}},{"type":"Feature","properties":{"pid":"b95d82ee-b092-485d-8737-3e49ed1f443a","full":0.6},"geometry":{"type":"Polygon","coordinates":[[[136.23637,35.90116],[136.23636,35.90098],[136.23625,35.90098],[136.23618,35.90107],[136.23607,35.90118],[136.23637,35.90116]]]}},{"type":"Feature","properties":{"pid":"fc3e58b9-76bf-4d28-b83c-28fbd436574d","full":4.5},"geometry":{"type":"Polygon","coordinates":[[[136.23564,35.90118],[136.23593,35.90096],[136.23599,35.90088],[136.23604,35.9008],[136.23598,35.90079],[136.23593,35.90083],[136.23567,35.90076],[136.23555,35.90106],[136.23564,35.90118]]]}},{"type":"Feature","properties":{"pid":"e46c382a-8df9-4066-9f1c-ccb56fe8d796","full":1.3},"geometry":{"type":"Polygon","coordinates":[[[136.23592,35.90064],[136.23568,35.90062],[136.23568,35.90074],[136.23592,35.9008],[136.23595,35.90077],[136.23606,35.90075],[136.23609,35.90066],[136.23592,35.90064]]]}},{"type":"Feature","properties":{"pid":"67d22b53-88c1-4f72-b8b4-e805ea7acd20","full":4.6},"geometry":{"type":"Polygon","coordinates":[[[136.23564,35.90077],[136.23557,35.90078],[136.23556,35.90059],[136.23533,35.90059],[136.23536,35.90097],[136.23537,35.90106],[136.23539,35.90112],[136.23553,35.90107],[136.23564,35.90077]]]}},{"type":"Feature","properties":{"pid":"384cb10f-753c-4ff2-905d-a0d1dc246931","full":8.4},"geometry":{"type":"Polygon","coordinates":[[[136.23567,35.90017],[136.23529,35.90016],[136.23532,35.90058],[136.23567,35.90058],[136.23568,35.90045],[136.23567,35.90017]]]}},{"type":"Feature","properties":{"pid":"8c23b208-94ef-4dc7-a529-3d768817f9d8","full":13.8},"geometry":{"type":"Polygon","coordinates":[[[136.23519,35.90088],[136.2342,35.90086],[136.23419,35.90111],[136.2352,35.90112],[136.23518,35.90105],[136.23519,35.90088]]]}},{"type":"Feature","properties":{"pid":"cccfc177-861c-4fb4-b3d4-983c87d297a5","full":1.8},"geometry":{"type":"Polygon","coordinates":[[[136.23453,35.90076],[136.23454,35.90061],[136.23399,35.90063],[136.23399,35.90073],[136.23417,35.90073],[136.23418,35.90076],[136.23453,35.90076]]]}},{"type":"Feature","properties":{"pid":"337216b9-7565-4cc5-ab9d-b5447d9802a0","full":7.9},"geometry":{"type":"Polygon","coordinates":[[[136.23353,35.89936],[136.23354,35.89925],[136.23316,35.89925],[136.23312,35.89958],[136.23348,35.89963],[136.23364,35.89964],[136.23364,35.89952],[136.23355,35.89952],[136.23354,35.89945],[136.23353,35.89936]]]}},{"type":"Feature","properties":{"pid":"e5f7aeda-c3f4-48cf-8e24-a42d96e9ec14","full":4.0},"geometry":{"type":"Polygon","coordinates":[[[136.23309,35.89984],[136.23376,35.89985],[136.23376,35.89973],[136.23311,35.89964],[136.23309,35.89984]]]}},{"type":"Feature","properties":{"pid":"e0ff07e5-cb1a-44ac-9bec-4d54b1d738ab","full":16.2},"geometry":{"type":"Polygon","coordinates":[[[136.23397,35.90013],[136.23375,35.90012],[136.23373,35.90011],[136.23372,35.90009],[136.23373,35.89994],[136.23308,35.89994],[136.23306,35.90028],[136.23397,35.90029],[136.23397,35.90013]]]}},{"type":"Feature","properties":{"pid":"030deca5-27c0-464f-a30e-af21b592a147","full":1.4},"geometry":{"type":"Polygon","coordinates":[[[136.23187,35.8994],[136.23186,35.89951],[136.23299,35.89952],[136.23301,35.89942],[136.23187,35.8994]]]}},{"type":"Feature","properties":{"pid":"3b323c97-386f-4e02-afac-8e1d6f07a817","full":11.7},"geometry":{"type":"Polygon","coordinates":[[[136.23186,35.89972],[136.23296,35.89973],[136.23299,35.89953],[136.23186,35.89951],[136.23186,35.89972]]]}},{"type":"Feature","properties":{"pid":"e98acc64-7064-4c6d-ae9e-0f1ef13142cb","full":8.6},"geometry":{"type":"Polygon","coordinates":[[[136.23177,35.8994],[136.2311,35.89939],[136.2311,35.89963],[136.23176,35.89964],[136.23177,35.8994]]]}},{"type":"Feature","properties":{"pid":"6f28b7ce-5fef-46d8-ab69-ec7adb56e9b4","full":17.9},"geometry":{"type":"Polygon","coordinates":[[[136.23177,35.89967],[136.23108,35.89966],[136.23108,35.89961],[136.23068,35.89962],[136.23068,35.89991],[136.23177,35.89993],[136.23177,35.89967]]]}},{"type":"Feature","properties":{"pid":"bb9f826d-350b-44a2-8d9d-c10266ebd079","full":17.3},"geometry":{"type":"Polygon","coordinates":[[[136.23177,35.89994],[136.23068,35.89993],[136.23067,35.90019],[136.23176,35.90021],[136.23177,35.89994]]]}},{"type":"Feature","properties":{"pid":"9e6aa844-c23c-44a5-8b39-b844bf72a6a7","full":11.6},"geometry":{"type":"Polygon","coordinates":[[[136.23185,35.89994],[136.23294,35.89995],[136.23296,35.89974],[136.23186,35.89973],[136.23185,35.89994]]]}},{"type":"Feature","properties":{"pid":"9202e715-9134-4445-944e-28a348b3e3fd","full":17.6},"geometry":{"type":"Polygon","coordinates":[[[136.23293,35.90024],[136.23294,35.89996],[136.23186,35.89995],[136.23185,35.90021],[136.23293,35.90024]]]}},{"type":"Feature","properties":{"pid":"36e72946-0dbf-484f-8434-29a58d5ab793","full":16.5},"geometry":{"type":"Polygon","coordinates":[[[136.23292,35.90055],[136.23292,35.90029],[136.23185,35.90027],[136.23184,35.90053],[136.23292,35.90055]]]}},{"type":"Feature","properties":{"pid":"112e4744-281c-4aac-93f3-f4cbe7c262ba","full":16.6},"geometry":{"type":"Polygon","coordinates":[[[136.23291,35.90082],[136.23292,35.90056],[136.23184,35.90054],[136.23184,35.90081],[136.23291,35.90082]]]}},{"type":"Feature","properties":{"pid":"e5a008e8-0ffd-48ca-83e6-a9c77e23214c","full":16.4},"geometry":{"type":"Polygon","coordinates":[[[136.23067,35.90026],[136.23066,35.90051],[136.23176,35.90053],[136.23177,35.90027],[136.23067,35.90026]]]}},{"type":"Feature","properties":{"pid":"490b2ed3-2b12-4fbb-a682-2c5c3eb43cee","full":16.9},"geometry":{"type":"Polygon","coordinates":[[[136.23066,35.90053],[136.23065,35.90078],[136.23176,35.9008],[136.23177,35.90054],[136.23066,35.90053]]]}},{"type":"Feature","properties":{"pid":"4b28d626-e7cf-4ff5-8c10-dc032a118010","full":16.8},"geometry":{"type":"Polygon","coordinates":[[[136.23177,35.90081],[136.23065,35.90079],[136.23064,35.90105],[136.23176,35.90107],[136.23177,35.90081]]]}},{"type":"Feature","properties":{"pid":"2df22c23-4948-428e-92ff-da5907a278e4","full":16.0},"geometry":{"type":"Polygon","coordinates":[[[136.23184,35.90082],[136.23183,35.90107],[136.2329,35.90109],[136.23292,35.90083],[136.23184,35.90082]]]}},{"type":"Feature","properties":{"pid":"e60a1ffc-b38a-4633-a225-068e19d3a013","full":29.1},"geometry":{"type":"Polygon","coordinates":[[[136.23306,35.90029],[136.23305,35.90075],[136.23395,35.90076],[136.23396,35.90031],[136.23306,35.90029]]]}},{"type":"Feature","properties":{"pid":"fbd033ad-d0b1-4a42-a5b0-f637301876cc","full":15.9},"geometry":{"type":"Polygon","coordinates":[[[136.23304,35.9011],[136.23413,35.90112],[136.23414,35.90087],[136.23304,35.90085],[136.23304,35.9011]]]}},{"type":"Feature","properties":{"pid":"5e146b68-c360-43a4-b459-54bb00cb3eac","full":7.2},"geometry":{"type":"Polygon","coordinates":[[[136.23412,35.90139],[136.23413,35.90123],[136.23303,35.9012],[136.23303,35.90137],[136.23412,35.90139]]]}},{"type":"Feature","properties":{"pid":"d6cbd41e-7106-4d66-b236-ad614cf8d43a","full":16.2},"geometry":{"type":"Polygon","coordinates":[[[136.23303,35.90138],[136.23303,35.90164],[136.23412,35.90165],[136.23412,35.9014],[136.23303,35.90138]]]}},{"type":"Feature","properties":{"pid":"ae63ec48-39a4-412d-8fb5-8b4d57aa582b","full":16.9},"geometry":{"type":"Polygon","coordinates":[[[136.23301,35.9019],[136.23411,35.90192],[136.23411,35.90166],[136.23302,35.90164],[136.23301,35.9019]]]}},{"type":"Feature","properties":{"pid":"a0c41dc9-04ce-44d9-a39e-67fd5e17253f","full":16.9},"geometry":{"type":"Polygon","coordinates":[[[136.23182,35.90135],[136.2329,35.90136],[136.2329,35.9011],[136.23183,35.90108],[136.23182,35.90135]]]}},{"type":"Feature","properties":{"pid":"f378c1c2-e2d2-4c01-a76b-aa65be32232c","full":16.9},"geometry":{"type":"Polygon","coordinates":[[[136.2318,35.90162],[136.23289,35.90164],[136.2329,35.90137],[136.23181,35.90136],[136.2318,35.90162]]]}},{"type":"Feature","properties":{"pid":"db0201e2-8eaf-4554-9262-ea0f966de6b6","full":16.6},"geometry":{"type":"Polygon","coordinates":[[[136.23063,35.90133],[136.23175,35.90134],[136.23175,35.90109],[136.23064,35.90107],[136.23063,35.90133]]]}},{"type":"Feature","properties":{"pid":"004b15b0-1972-4e37-864e-7a952aa224ea","full":4.9},"geometry":{"type":"Polygon","coordinates":[[[136.23175,35.90135],[136.23064,35.90134],[136.23064,35.90148],[136.23174,35.90149],[136.23175,35.90135]]]}},{"type":"Feature","properties":{"pid":"10c2ad7a-b2a4-468e-965d-25a324ccadad","full":2.2},"geometry":{"type":"Polygon","coordinates":[[[136.23174,35.9015],[136.23064,35.90149],[136.23064,35.9016],[136.23174,35.90162],[136.23174,35.9015]]]}},{"type":"Feature","properties":{"pid":"ba3dd485-0fd0-42eb-89ba-4b1eb474d163","full":17.0},"geometry":{"type":"Polygon","coordinates":[[[136.23174,35.90163],[136.23063,35.90161],[136.23063,35.90187],[136.23173,35.90189],[136.23174,35.90163]]]}},{"type":"Feature","properties":{"pid":"1b12246c-f3bc-4427-912f-a929d7f0f71a","full":16.5},"geometry":{"type":"Polygon","coordinates":[[[136.23173,35.9019],[136.23063,35.90188],[136.23062,35.90214],[136.23173,35.90216],[136.23173,35.9019]]]}},{"type":"Feature","properties":{"pid":"b09732bb-918c-4e7e-997c-f91e3e571121","full":16.4},"geometry":{"type":"Polygon","coordinates":[[[136.23181,35.90189],[136.23288,35.90191],[136.23289,35.90164],[136.23181,35.90163],[136.23181,35.90189]]]}},{"type":"Feature","properties":{"pid":"67c6f129-631e-4c68-9f25-46c96fdd1b8b","full":23.9},"geometry":{"type":"Polygon","coordinates":[[[136.2318,35.90224],[136.23283,35.90225],[136.23284,35.90222],[136.23287,35.90222],[136.23288,35.90191],[136.2318,35.90189],[136.2318,35.90224]]]}},{"type":"Feature","properties":{"pid":"0ecdc654-3c58-4696-a8d5-ecfba4faa36e","full":8.5},"geometry":{"type":"Polygon","coordinates":[[[136.23288,35.90226],[136.23179,35.90225],[136.23179,35.90243],[136.23287,35.90244],[136.23288,35.90226]]]}},{"type":"Feature","properties":{"pid":"dab9dd9c-43fd-4e5d-9fde-a882e56849aa","full":16.9},"geometry":{"type":"Polygon","coordinates":[[[136.23173,35.90217],[136.23062,35.90215],[136.23062,35.90241],[136.23173,35.90243],[136.23173,35.90217]]]}},{"type":"Feature","properties":{"pid":"9e4f7049-f160-48c8-9ac1-4e0ef771fb46","full":17.0},"geometry":{"type":"Polygon","coordinates":[[[136.23173,35.90244],[136.23061,35.90242],[136.2306,35.90267],[136.23173,35.9027],[136.23173,35.90244]]]}},{"type":"Feature","properties":{"pid":"a1dedd1e-5f24-404d-a658-604b0986c4b6","full":18.1},"geometry":{"type":"Polygon","coordinates":[[[136.23178,35.9027],[136.23282,35.90273],[136.23286,35.90271],[136.23287,35.90245],[136.23179,35.90244],[136.23178,35.9027]]]}},{"type":"Feature","properties":{"pid":"6a85270b-10e7-4195-b624-f857fdb2e98b","full":17.5},"geometry":{"type":"Polygon","coordinates":[[[136.2341,35.9022],[136.23411,35.90193],[136.23301,35.90191],[136.23301,35.90218],[136.2341,35.9022]]]}},{"type":"Feature","properties":{"pid":"13bfd352-0318-42cf-920b-076887040fdf","full":17.3},"geometry":{"type":"Polygon","coordinates":[[[136.233,35.90244],[136.23304,35.90244],[136.23305,35.90246],[136.2341,35.90247],[136.2341,35.90221],[136.23301,35.90219],[136.233,35.90244]]]}},{"type":"Feature","properties":{"pid":"ffb16035-f59e-4cb5-a936-e5071f34c40f","full":16.6},"geometry":{"type":"Polygon","coordinates":[[[136.2341,35.90247],[136.233,35.90247],[136.233,35.90269],[136.23328,35.90269],[136.23328,35.90274],[136.23409,35.90275],[136.2341,35.90247]]]}},{"type":"Feature","properties":{"pid":"0a91795a-07d2-4384-8484-71c2d60a5760","full":17.5},"geometry":{"type":"Polygon","coordinates":[[[136.23525,35.90249],[136.23414,35.90247],[136.23414,35.90274],[136.23495,35.90275],[136.23525,35.90275],[136.23525,35.90249]]]}},{"type":"Feature","properties":{"pid":"00268c6d-1d76-40a3-ba2d-7820ec5f78c5","full":2.1},"geometry":{"type":"Polygon","coordinates":[[[136.23525,35.90237],[136.23415,35.90235],[136.23415,35.90246],[136.23525,35.90248],[136.23525,35.90237]]]}},{"type":"Feature","properties":{"pid":"41f2968c-c68d-495b-868a-8f5f5151168d","full":5.0},"geometry":{"type":"Polygon","coordinates":[[[136.23526,35.90221],[136.23415,35.90221],[136.23415,35.90235],[136.23525,35.90236],[136.23526,35.90221]]]}},{"type":"Feature","properties":{"pid":"4e3e0b94-2796-47ed-b877-438ff8962707","full":16.5},"geometry":{"type":"Polygon","coordinates":[[[136.23416,35.90194],[136.23415,35.9022],[136.23526,35.90221],[136.23527,35.90196],[136.23416,35.90194]]]}},{"type":"Feature","properties":{"pid":"63b8c0b9-87e7-48e6-87cf-6e406084dbb9","full":15.0},"geometry":{"type":"Polygon","coordinates":[[[136.2352,35.90115],[136.23419,35.90113],[136.23418,35.90138],[136.23529,35.9014],[136.23526,35.90133],[136.2352,35.90115]]]}},{"type":"Feature","properties":{"pid":"1452aef5-f9bc-4cb3-be2d-f73ce7cce03c","full":7.0},"geometry":{"type":"Polygon","coordinates":[[[136.2353,35.90141],[136.23418,35.90139],[136.23418,35.90155],[136.23529,35.90157],[136.2353,35.90141]]]}},{"type":"Feature","properties":{"pid":"bf35f4e8-a0b7-41e4-b982-ce21f07bf4b1","full":8.4},"geometry":{"type":"Polygon","coordinates":[[[136.23529,35.90158],[136.23417,35.90156],[136.23417,35.90174],[136.23528,35.90175],[136.23529,35.90158]]]}},{"type":"Feature","properties":{"pid":"c8df31ce-0627-477e-bde0-e799f1c9aabc","full":8.5},"geometry":{"type":"Polygon","coordinates":[[[136.23528,35.90176],[136.23417,35.90175],[136.23416,35.90192],[136.23527,35.90194],[136.23528,35.90176]]]}},{"type":"Feature","properties":{"pid":"59eec6b0-adfd-4824-a4dc-6098358d84ef","full":8.3},"geometry":{"type":"Polygon","coordinates":[[[136.23673,35.90116],[136.23605,35.90119],[136.23589,35.9013],[136.2358,35.90137],[136.23576,35.90141],[136.23674,35.90137],[136.23673,35.90116]]]}},{"type":"Feature","properties":{"pid":"f62b20d9-cde5-4cdf-b684-e50f638f2e7c","full":17.1},"geometry":{"type":"Polygon","coordinates":[[[136.23674,35.90167],[136.23673,35.90139],[136.23575,35.90143],[136.23571,35.90147],[136.23569,35.90154],[136.23584,35.90171],[136.23674,35.90167]]]}},{"type":"Feature","properties":{"pid":"54f697e2-9511-4c46-a982-0f17bdb37030","full":2.8},"geometry":{"type":"Polygon","coordinates":[[[136.23583,35.90278],[136.23643,35.90279],[136.23636,35.90266],[136.23627,35.90264],[136.23607,35.90263],[136.23591,35.90262],[136.2358,35.90262],[136.23583,35.90278]]]}},{"type":"Feature","properties":{"pid":"80bb404c-e77b-4aaf-8614-a2fcab7989a7","full":15.8},"geometry":{"type":"Polygon","coordinates":[[[136.23584,35.90292],[136.23592,35.90328],[136.23568,35.90331],[136.23571,35.90347],[136.23592,35.90345],[136.23594,35.90341],[136.23608,35.9034],[136.23613,35.90336],[136.2364,35.90323],[136.23646,35.90318],[136.23648,35.90313],[136.23644,35.90293],[136.23584,35.90292]]]}},{"type":"Feature","properties":{"pid":"53aa3feb-e396-4f64-8181-525cd1c2efd0","full":2.6},"geometry":{"type":"Polygon","coordinates":[[[136.23583,35.90292],[136.23569,35.90292],[136.23568,35.90298],[136.23565,35.90303],[136.23564,35.90308],[136.23569,35.9033],[136.2359,35.90327],[136.23583,35.90292]]]}},{"type":"Feature","properties":{"pid":"ea2fe7a5-095c-43b5-ac16-56df8d460e30","full":8.4},"geometry":{"type":"Polygon","coordinates":[[[136.2357,35.90449],[136.23561,35.90418],[136.23556,35.90404],[136.23549,35.90392],[136.2354,35.90397],[136.23531,35.90406],[136.2353,35.90448],[136.2357,35.90449]]]}},{"type":"Feature","properties":{"pid":"32b8c724-49c5-4a68-881c-a57cd4b6bb8e","full":20.2},"geometry":{"type":"Polygon","coordinates":[[[136.23412,35.90394],[136.2353,35.90396],[136.23541,35.90388],[136.23537,35.9037],[136.23412,35.90368],[136.23412,35.90394]]]}},{"type":"Feature","properties":{"pid":"60738155-833e-43ea-8515-4c8dcacfc70d","full":5.7},"geometry":{"type":"Polygon","coordinates":[[[136.23411,35.90406],[136.2341,35.90421],[136.23522,35.90423],[136.23522,35.90408],[136.23411,35.90406]]]}},{"type":"Feature","properties":{"pid":"f4e7183b-9395-4aa9-a4b4-e65a0897157b","full":1.3},"geometry":{"type":"Polygon","coordinates":[[[136.23522,35.90408],[136.23522,35.90403],[136.23529,35.90397],[136.23412,35.90395],[136.23411,35.90405],[136.23522,35.90408]]]}},{"type":"Feature","properties":{"pid":"6eac3364-f232-46ba-8442-e6bc3e651d1d","full":16.9},"geometry":{"type":"Polygon","coordinates":[[[136.23521,35.90451],[136.2341,35.90449],[136.23409,35.90475],[136.2352,35.90477],[136.23521,35.90451]]]}},{"type":"Feature","properties":{"pid":"7b22b4c5-7f96-4d71-961f-d9c9c9af6e6c","full":17.2},"geometry":{"type":"Polygon","coordinates":[[[136.2341,35.90448],[136.23521,35.90449],[136.23522,35.90424],[136.23411,35.90422],[136.2341,35.90448]]]}},{"type":"Feature","properties":{"pid":"ed238156-0162-42c5-98ef-9284232cf38d","full":18.3},"geometry":{"type":"Polygon","coordinates":[[[136.23536,35.90369],[136.23531,35.90343],[136.23413,35.90341],[136.23412,35.90367],[136.23536,35.90369]]]}},{"type":"Feature","properties":{"pid":"46ef3c40-ec17-4aa3-be6d-08c9b3d0354f","full":17.1},"geometry":{"type":"Polygon","coordinates":[[[136.23413,35.90341],[136.23531,35.90342],[136.23528,35.90316],[136.23413,35.90316],[136.23413,35.90341]]]}},{"type":"Feature","properties":{"pid":"6ebf88ac-d710-481a-8e0a-ed4cb2cb6d43","full":17.4},"geometry":{"type":"Polygon","coordinates":[[[136.23526,35.90291],[136.23496,35.90289],[136.23414,35.90287],[136.23413,35.90314],[136.23528,35.90315],[136.23526,35.90306],[136.23526,35.90291]]]}},{"type":"Feature","properties":{"pid":"bb436535-8cf0-46be-b481-fbd3b3644427","full":27.2},"geometry":{"type":"Polygon","coordinates":[[[136.23408,35.90287],[136.23297,35.90286],[136.23296,35.90321],[136.23408,35.90323],[136.23408,35.90287]]]}},{"type":"Feature","properties":{"pid":"2ef377d5-5512-4ae4-b2f7-c0871c0033cf","full":12.5},"geometry":{"type":"Polygon","coordinates":[[[136.23296,35.90322],[136.23296,35.90344],[136.23407,35.90345],[136.23407,35.90324],[136.23296,35.90322]]]}},{"type":"Feature","properties":{"pid":"cee3043e-6425-4b06-be7b-95752a8ecddf","full":8.5},"geometry":{"type":"Polygon","coordinates":[[[136.23296,35.90345],[136.23295,35.90363],[136.23406,35.90365],[136.23407,35.90347],[136.23296,35.90345]]]}},{"type":"Feature","properties":{"pid":"8538e58b-8faa-44cd-a8ca-e68dfc42c4b7","full":16.5},"geometry":{"type":"Polygon","coordinates":[[[136.23289,35.90284],[136.23179,35.90284],[136.23177,35.90309],[136.23288,35.90311],[136.23289,35.90284]]]}},{"type":"Feature","properties":{"pid":"e31e188f-b7ce-4c2d-b204-eebcc0e500a4","full":17.1},"geometry":{"type":"Polygon","coordinates":[[[136.23177,35.90336],[136.23288,35.90338],[136.23288,35.90312],[136.23178,35.9031],[136.23177,35.90336]]]}},{"type":"Feature","properties":{"pid":"b4ec5b33-cb6c-4a73-854e-d83638e53c23","full":16.5},"geometry":{"type":"Polygon","coordinates":[[[136.23172,35.90283],[136.23061,35.90281],[136.23059,35.90307],[136.23171,35.90308],[136.23172,35.90283]]]}},{"type":"Feature","properties":{"pid":"b354253f-ff12-431a-8e30-ebd1f9136e63","full":17.3},"geometry":{"type":"Polygon","coordinates":[[[136.23287,35.90339],[136.23177,35.90337],[136.23176,35.90364],[136.23287,35.90365],[136.23287,35.90339]]]}},{"type":"Feature","properties":{"pid":"32534cab-87d5-4027-9f59-32a03731541f","full":17.0},"geometry":{"type":"Polygon","coordinates":[[[136.23287,35.90366],[136.23177,35.90365],[136.23175,35.90391],[136.23286,35.90392],[136.23287,35.90366]]]}},{"type":"Feature","properties":{"pid":"01442072-5001-4251-b346-1ab54b32abb5","full":27.7},"geometry":{"type":"Polygon","coordinates":[[[136.23285,35.9043],[136.23285,35.90393],[136.23175,35.90392],[136.23174,35.90428],[136.23285,35.9043]]]}},{"type":"Feature","properties":{"pid":"353a5ca8-9c39-4ebe-8aa4-94595a044b7a","full":6.1},"geometry":{"type":"Polygon","coordinates":[[[136.23174,35.90445],[136.23284,35.90446],[136.23285,35.90431],[136.23174,35.90429],[136.23174,35.90445]]]}},{"type":"Feature","properties":{"pid":"9512591b-762c-4dfb-8507-8efebeda6944","full":16.5},"geometry":{"type":"Polygon","coordinates":[[[136.23284,35.90473],[136.23284,35.90447],[136.23174,35.90445],[136.23174,35.90471],[136.23284,35.90473]]]}},{"type":"Feature","properties":{"pid":"03e62c83-50ad-4d32-8a43-5ba7d444407c","full":18.2},"geometry":{"type":"Polygon","coordinates":[[[136.23406,35.90366],[136.23294,35.90365],[136.23293,35.90392],[136.23405,35.90394],[136.23406,35.90366]]]}},{"type":"Feature","properties":{"pid":"30a1d7f8-127f-4de2-9ac4-464f7928f4eb","full":17.3},"geometry":{"type":"Polygon","coordinates":[[[136.23294,35.90393],[136.23293,35.9042],[136.23405,35.90421],[136.23405,35.90395],[136.23294,35.90393]]]}},{"type":"Feature","properties":{"pid":"f8f6fe67-4d24-41a5-a8b1-58527cefa1a9","full":17.0},"geometry":{"type":"Polygon","coordinates":[[[136.23293,35.90421],[136.23292,35.90447],[136.23405,35.90448],[136.23405,35.90422],[136.23293,35.90421]]]}},{"type":"Feature","properties":{"pid":"936b7e0a-8fae-46b9-94e4-2ad18e2f510c","full":16.8},"geometry":{"type":"Polygon","coordinates":[[[136.23404,35.9045],[136.23292,35.90448],[136.23292,35.90474],[136.23403,35.90475],[136.23404,35.9045]]]}},{"type":"Feature","properties":{"pid":"29af7423-f74d-436b-8613-a979b052b877","full":16.8},"geometry":{"type":"Polygon","coordinates":[[[136.23403,35.90476],[136.23292,35.90475],[136.23291,35.905],[136.23403,35.90502],[136.23403,35.90476]]]}},{"type":"Feature","properties":{"pid":"0794e7f0-5805-4e08-9471-96a4b03349ce","full":16.8},"geometry":{"type":"Polygon","coordinates":[[[136.23291,35.90501],[136.23291,35.90527],[136.23402,35.90529],[136.23403,35.90503],[136.23291,35.90501]]]}},{"type":"Feature","properties":{"pid":"a5ef221e-850d-44a4-8a4a-14d21e729af1","full":15.9},"geometry":{"type":"Polygon","coordinates":[[[136.2329,35.90529],[136.2329,35.90553],[136.23401,35.90555],[136.23402,35.9053],[136.2329,35.90529]]]}},{"type":"Feature","properties":{"pid":"f1ce0081-a8cd-4ad3-b50f-1c4467a96799","full":16.5},"geometry":{"type":"Polygon","coordinates":[[[136.23282,35.905],[136.23283,35.90475],[136.23173,35.90473],[136.23172,35.90499],[136.23282,35.905]]]}},{"type":"Feature","properties":{"pid":"c43e0de8-c358-45bb-b7df-047f90ee0563","full":17.6},"geometry":{"type":"Polygon","coordinates":[[[136.23283,35.90528],[136.23283,35.90501],[136.23172,35.905],[136.23172,35.90526],[136.23283,35.90528]]]}},{"type":"Feature","properties":{"pid":"5f45456c-6e4c-4079-adc0-9a447cb8c712","full":15.5},"geometry":{"type":"Polygon","coordinates":[[[136.23171,35.90552],[136.23282,35.90554],[136.23283,35.90529],[136.23172,35.90527],[136.23171,35.90552]]]}},{"type":"Feature","properties":{"pid":"59814426-6f81-48d1-b46c-95c2f1e0c8bf","full":17.4},"geometry":{"type":"Polygon","coordinates":[[[136.23408,35.90502],[136.2352,35.90504],[136.2352,35.90478],[136.23409,35.90476],[136.23408,35.90502]]]}},{"type":"Feature","properties":{"pid":"b7f585bd-c7f5-4b5a-9ccc-79e2e0027da2","full":16.8},"geometry":{"type":"Polygon","coordinates":[[[136.23519,35.90531],[136.2352,35.90505],[136.23408,35.90503],[136.23407,35.90529],[136.23519,35.90531]]]}},{"type":"Feature","properties":{"pid":"a96e8ddf-529d-4f59-944f-9194fd338867","full":8.6},"geometry":{"type":"Polygon","coordinates":[[[136.23519,35.90541],[136.23407,35.90539],[136.23407,35.90556],[136.23519,35.90558],[136.23519,35.90541]]]}},{"type":"Feature","properties":{"pid":"a1088dc1-1f7d-4923-9676-9b601c11e5e5","full":3.0},"geometry":{"type":"Polygon","coordinates":[[[136.23527,35.90539],[136.23597,35.9054],[136.23592,35.90526],[136.23527,35.90525],[136.23527,35.90539]]]}},{"type":"Feature","properties":{"pid":"5f369bb1-0c8c-402a-86d2-920b27191852","full":5.7},"geometry":{"type":"Polygon","coordinates":[[[136.23592,35.90525],[136.23584,35.90504],[136.23529,35.90503],[136.23527,35.90524],[136.23592,35.90525]]]}},{"type":"Feature","properties":{"pid":"5b9cfcd9-0381-4c40-9825-63eb2bc37e9e","full":13.7},"geometry":{"type":"Polygon","coordinates":[[[136.23583,35.90502],[136.23578,35.90485],[136.23572,35.90457],[136.23564,35.90455],[136.23538,35.90454],[136.23535,35.90453],[136.23531,35.90454],[136.2353,35.90456],[136.23529,35.90501],[136.23583,35.90502]]]}},{"type":"Feature","properties":{"pid":"cb06cda6-36ba-4d76-9933-a28400638e49","full":5.6},"geometry":{"type":"Polygon","coordinates":[[[136.23597,35.90541],[136.23527,35.9054],[136.23527,35.90558],[136.23582,35.90559],[136.23602,35.90556],[136.23597,35.90541]]]}},{"type":"Feature","properties":{"pid":"4ef6acbd-33a0-4fc8-8d97-d65dd4357200","full":22.6},"geometry":{"type":"Polygon","coordinates":[[[136.23552,35.90675],[136.23555,35.90567],[136.23521,35.90567],[136.23519,35.90675],[136.23552,35.90675]]]}},{"type":"Feature","properties":{"pid":"3deefb6d-8bb8-4ad4-bcd2-c291e83145ee","full":3.0},"geometry":{"type":"Polygon","coordinates":[[[136.2374,35.90616],[136.23739,35.90593],[136.23677,35.90609],[136.23685,35.90628],[136.23691,35.90626],[136.23686,35.90615],[136.2374,35.90616]]]}},{"type":"Feature","properties":{"pid":"7f25ba01-518f-4987-b4ae-f6367d684863","full":2.2},"geometry":{"type":"Polygon","coordinates":[[[136.2374,35.90617],[136.23687,35.90616],[136.23692,35.90626],[136.23686,35.90629],[136.23687,35.90632],[136.2374,35.90631],[136.2374,35.90617]]]}},{"type":"Feature","properties":{"pid":"ddf5ced0-b8f8-4975-9cf8-02704384405a","full":20.3},"geometry":{"type":"Polygon","coordinates":[[[136.23792,35.90663],[136.2379,35.90565],[136.23759,35.90566],[136.23756,35.90568],[136.23758,35.90659],[136.23762,35.90663],[136.23792,35.90663]]]}},{"type":"Feature","properties":{"pid":"6643bcdb-4a75-4081-8711-153d0b2bd96a","full":4.1},"geometry":{"type":"Polygon","coordinates":[[[136.23802,35.90557],[136.23801,35.90536],[136.23756,35.90537],[136.23757,35.90556],[136.23758,35.90558],[136.23802,35.90557]]]}},{"type":"Feature","properties":{"pid":"8aec4f9e-68a5-4c5b-9d56-9b13de668caa","full":8.6},"geometry":{"type":"Polygon","coordinates":[[[136.23756,35.90536],[136.23802,35.90535],[136.23801,35.90501],[136.23755,35.90503],[136.23756,35.90536]]]}},{"type":"Feature","properties":{"pid":"2e446131-e664-4f94-94d2-07e5d8821d7b","full":12.8},"geometry":{"type":"Polygon","coordinates":[[[136.23701,35.90566],[136.23737,35.9057],[136.23735,35.90488],[136.23705,35.90486],[136.23706,35.9049],[136.23713,35.905],[136.23712,35.90508],[136.2371,35.90508],[136.23701,35.90566]]]}},{"type":"Feature","properties":{"pid":"20e773ef-dde7-4c8c-9b7d-e52ca4bb681c","full":0.8},"geometry":{"type":"Polygon","coordinates":[[[136.23648,35.90546],[136.23651,35.90525],[136.23627,35.90526],[136.23642,35.9056],[136.23648,35.90546]]]}},{"type":"Feature","properties":{"pid":"27e3a83d-5895-4063-ac64-74641504d43d","full":2.9},"geometry":{"type":"Polygon","coordinates":[[[136.23655,35.90502],[136.23617,35.90499],[136.23627,35.90525],[136.23651,35.90524],[136.23655,35.90502]]]}},{"type":"Feature","properties":{"pid":"8c9e8096-96ed-4a7f-80a8-f8fa41b2cfa4","full":3.6},"geometry":{"type":"Polygon","coordinates":[[[136.23659,35.9048],[136.23611,35.90479],[136.23611,35.90483],[136.23616,35.90498],[136.23655,35.90501],[136.23659,35.9048]]]}},{"type":"Feature","properties":{"pid":"3e8062d1-4d26-4eee-a0a0-61dbb6c5f675","full":1.9},"geometry":{"type":"Polygon","coordinates":[[[136.23663,35.90468],[136.23644,35.90462],[136.2361,35.90468],[136.23611,35.90477],[136.2366,35.90479],[136.23663,35.90468]]]}},{"type":"Feature","properties":{"pid":"825594e9-0ef1-4ad3-962c-b05a7263f5f5","full":1.4},"geometry":{"type":"Polygon","coordinates":[[[136.23677,35.90366],[136.23678,35.90342],[136.23668,35.90344],[136.23661,35.90347],[136.23656,35.9035],[136.23653,35.90355],[136.2365,35.90364],[136.23664,35.90366],[136.23677,35.90366]]]}},{"type":"Feature","properties":{"pid":"77eff6f2-c580-43ef-8281-6c91b4f917cd","full":1.7},"geometry":{"type":"Polygon","coordinates":[[[136.23688,35.90329],[136.23679,35.90316],[136.23678,35.90366],[136.23705,35.90366],[136.23688,35.90329]]]}},{"type":"Feature","properties":{"pid":"0ca6d583-cad0-474e-b14e-c521a3661a13","full":1.4},"geometry":{"type":"Polygon","coordinates":[[[136.24003,35.90463],[136.24011,35.90448],[136.23986,35.90439],[136.23981,35.9044],[136.23975,35.90452],[136.24003,35.90463]]]}},{"type":"Feature","properties":{"pid":"64c51c09-d150-4f38-b627-68a3a4b59a9a","full":1.9},"geometry":{"type":"Polygon","coordinates":[[[136.24027,35.90428],[136.23995,35.90416],[136.23987,35.90428],[136.23987,35.90431],[136.23988,35.90432],[136.24018,35.90443],[136.24027,35.90428]]]}},{"type":"Feature","properties":{"pid":"f4d624e3-f069-451c-9595-e4a605be33e0","full":1.8},"geometry":{"type":"Polygon","coordinates":[[[136.23972,35.90439],[136.23984,35.9042],[136.23959,35.90412],[136.23954,35.90422],[136.23947,35.9043],[136.23972,35.90439]]]}},{"type":"Feature","properties":{"pid":"00f16e13-5ff7-4e9a-ada4-503ee3411949","full":2.0},"geometry":{"type":"Polygon","coordinates":[[[136.23972,35.90441],[136.23945,35.90431],[136.2394,35.90437],[136.23928,35.90443],[136.23928,35.90445],[136.23961,35.90458],[136.23972,35.90441]]]}},{"type":"Feature","properties":{"pid":"9fe425c9-6a43-4115-a770-aece34e0dc03","full":1.6},"geometry":{"type":"Polygon","coordinates":[[[136.24029,35.90428],[136.24019,35.90444],[136.24047,35.90455],[136.24056,35.9044],[136.24029,35.90428]]]}},{"type":"Feature","properties":{"pid":"a5a2cd93-185e-4150-9175-c786a2cf7edb","full":1.7},"geometry":{"type":"Polygon","coordinates":[[[136.24035,35.90475],[136.24044,35.90461],[136.24011,35.90449],[136.24004,35.90463],[136.24035,35.90475]]]}},{"type":"Feature","properties":{"pid":"3b1898d0-3b52-4955-8907-dea29f252d93","full":3.5},"geometry":{"type":"Polygon","coordinates":[[[136.24129,35.90466],[136.24083,35.90449],[136.24074,35.90466],[136.2412,35.90482],[136.24129,35.90466]]]}},{"type":"Feature","properties":{"pid":"78759ae5-cbe6-44bc-aaa3-4fe039b58026","full":1.5},"geometry":{"type":"Polygon","coordinates":[[[136.24101,35.90454],[136.2413,35.90465],[136.24138,35.90451],[136.24138,35.9045],[136.2411,35.90439],[136.24101,35.90454]]]}},{"type":"Feature","properties":{"pid":"550396a8-560a-4a43-81c7-cdde05236a62","full":1.1},"geometry":{"type":"Polygon","coordinates":[[[136.24101,35.90483],[136.24079,35.90474],[136.24069,35.90489],[136.24093,35.90498],[136.24101,35.90483]]]}},{"type":"Feature","properties":{"pid":"ed2ebf45-ebaf-4207-a15e-e5e63ca94fd1","full":3.4},"geometry":{"type":"Polygon","coordinates":[[[136.24161,35.90507],[136.24127,35.90493],[136.24123,35.90493],[136.24113,35.90511],[136.24152,35.90524],[136.24161,35.90507]]]}},{"type":"Feature","properties":{"pid":"796b97d0-2bc5-4c40-bf45-e94df1a591d3","full":7.6},"geometry":{"type":"Polygon","coordinates":[[[136.24095,35.90533],[136.24049,35.90515],[136.24044,35.90523],[136.24046,35.90553],[136.24087,35.90552],[136.2409,35.90551],[136.24095,35.90533]]]}},{"type":"Feature","properties":{"pid":"8522e987-040c-4f59-adb6-30853acd8be9","full":4.5},"geometry":{"type":"Polygon","coordinates":[[[136.24043,35.90523],[136.2401,35.90523],[136.24011,35.90554],[136.24044,35.90553],[136.24043,35.90523]]]}},{"type":"Feature","properties":{"pid":"bbcac368-d45a-43e4-8cd9-d42d24cced3e","full":4.8},"geometry":{"type":"Polygon","coordinates":[[[136.24037,35.90478],[136.24028,35.90495],[136.24082,35.90516],[136.24092,35.90499],[136.24037,35.90478]]]}},{"type":"Feature","properties":{"pid":"6c38fc11-d9e4-4255-a9a2-14da62bb0e0b","full":1.8},"geometry":{"type":"Polygon","coordinates":[[[136.24069,35.90488],[136.24078,35.90474],[136.24045,35.90461],[136.24037,35.90476],[136.24069,35.90488]]]}},{"type":"Feature","properties":{"pid":"c489ba8e-8dfc-431d-b7f9-7b03e9ec6708","full":6.5},"geometry":{"type":"Polygon","coordinates":[[[136.23912,35.90482],[136.23879,35.90469],[136.23882,35.90515],[136.23914,35.90514],[136.23912,35.90482]]]}},{"type":"Feature","properties":{"pid":"ad333bd6-9d0b-4ed4-8876-8beccd7c8e66","full":0.9},"geometry":{"type":"Polygon","coordinates":[[[136.2395,35.90556],[136.23973,35.90556],[136.23972,35.90539],[136.23949,35.90539],[136.2395,35.90556]]]}},{"type":"Feature","properties":{"pid":"549cbc28-34f9-49ff-8996-7241946cc979","full":1.0},"geometry":{"type":"Polygon","coordinates":[[[136.24001,35.90595],[136.24,35.90581],[136.23968,35.90582],[136.23967,35.90595],[136.24001,35.90595]]]}},{"type":"Feature","properties":{"pid":"c666956a-a872-454f-ae8c-cc948663b034","full":18.8},"geometry":{"type":"Polygon","coordinates":[[[136.23965,35.90562],[136.23942,35.90563],[136.23943,35.9058],[136.23881,35.90581],[136.23882,35.90611],[136.23884,35.90612],[136.23967,35.9061],[136.23965,35.90562]]]}},{"type":"Feature","properties":{"pid":"ac6fcf93-48e8-4335-abac-53dce8942321","full":2.4},"geometry":{"type":"Polygon","coordinates":[[[136.23915,35.90639],[136.23914,35.90618],[136.23885,35.90618],[136.23884,35.9062],[136.23884,35.9064],[136.23915,35.90639]]]}},{"type":"Feature","properties":{"pid":"8e89bbae-de6d-4a1a-8d4d-b3a7f3b7e60a","full":5.7},"geometry":{"type":"Polygon","coordinates":[[[136.23971,35.90639],[136.23971,35.90617],[136.23915,35.90618],[136.23916,35.9064],[136.23971,35.90639]]]}},{"type":"Feature","properties":{"pid":"93bf138b-928a-4df5-8fd7-cb52ddeebd8d","full":1.5},"geometry":{"type":"Polygon","coordinates":[[[136.2398,35.90639],[136.23999,35.90638],[136.24003,35.90635],[136.24002,35.90619],[136.24001,35.90617],[136.23979,35.90617],[136.2398,35.90639]]]}},{"type":"Feature","properties":{"pid":"c031a87c-96e5-4456-8d2e-9f67757a0ef7","full":3.8},"geometry":{"type":"Polygon","coordinates":[[[136.24055,35.90588],[136.24012,35.9059],[136.24012,35.90609],[136.24015,35.90611],[136.24043,35.90613],[136.24054,35.90594],[136.24055,35.90588]]]}},{"type":"Feature","properties":{"pid":"c3243b1e-650f-407f-a5b5-8838ed3c29d7","full":7.5},"geometry":{"type":"Polygon","coordinates":[[[136.24067,35.90581],[136.24066,35.9056],[136.24013,35.90561],[136.24011,35.90563],[136.24012,35.90588],[136.24055,35.90587],[136.24058,35.90582],[136.24067,35.90581]]]}},{"type":"Feature","properties":{"pid":"c1c56252-3dd4-459d-a96a-09a9f4813cdc","full":3.1},"geometry":{"type":"Polygon","coordinates":[[[136.2409,35.90592],[136.24081,35.90582],[136.24075,35.90584],[136.24066,35.90583],[136.2406,35.90584],[136.24057,35.90588],[136.24056,35.90595],[136.24065,35.90594],[136.24061,35.90614],[136.24086,35.90615],[136.2409,35.90592]]]}},{"type":"Feature","properties":{"pid":"02a54d7e-df26-4511-a384-8be511f4ab35","full":3.0},"geometry":{"type":"Polygon","coordinates":[[[136.24246,35.90614],[136.24246,35.90605],[136.2421,35.90591],[136.24198,35.90618],[136.24246,35.90614]]]}},{"type":"Feature","properties":{"pid":"1812c3c1-8247-42d5-9001-6e8edaadfb0f","full":6.1},"geometry":{"type":"Polygon","coordinates":[[[136.24319,35.90704],[136.24252,35.90704],[136.24251,35.90723],[136.24318,35.90724],[136.24319,35.90704]]]}},{"type":"Feature","properties":{"pid":"2413d054-9177-4386-987a-4f85accfe20c","full":5.2},"geometry":{"type":"Polygon","coordinates":[[[136.24202,35.90703],[136.24202,35.9068],[136.24159,35.90679],[136.24155,35.90681],[136.24151,35.90702],[136.24202,35.90703]]]}},{"type":"Feature","properties":{"pid":"3ca77062-9653-484d-a186-5053276bbbd4","full":2.1},"geometry":{"type":"Polygon","coordinates":[[[136.2428,35.90681],[136.24255,35.9068],[136.24252,35.90683],[136.24252,35.90702],[136.2428,35.90702],[136.2428,35.90681]]]}},{"type":"Feature","properties":{"pid":"69bbfeaa-44b4-413a-a3b1-e1af7ca0c04c","full":1.1},"geometry":{"type":"Polygon","coordinates":[[[136.24147,35.90668],[136.24149,35.90666],[136.24148,35.90653],[136.24117,35.90653],[136.24117,35.90667],[136.24147,35.90668]]]}},{"type":"Feature","properties":{"pid":"86aab4a9-6266-4cea-aa9a-69aa714569cc","full":0.6},"geometry":{"type":"Polygon","coordinates":[[[136.24074,35.90708],[136.24074,35.90722],[136.24096,35.90722],[136.24096,35.90708],[136.24074,35.90708]]]}},{"type":"Feature","properties":{"pid":"46622bbc-5f99-42c3-900e-35385aaf31d0","full":0.8},"geometry":{"type":"Polygon","coordinates":[[[136.24071,35.90678],[136.24054,35.90678],[136.24055,35.90701],[136.24072,35.90701],[136.24071,35.90678]]]}},{"type":"Feature","properties":{"pid":"6fd33440-518a-4842-b368-b841e57a0ef3","full":2.0},"geometry":{"type":"Polygon","coordinates":[[[136.24043,35.90722],[136.24072,35.90722],[136.24072,35.90702],[136.24043,35.90702],[136.24043,35.90722]]]}},{"type":"Feature","properties":{"pid":"0988302b-8065-4a02-95b9-055c753a26de","full":3.2},"geometry":{"type":"Polygon","coordinates":[[[136.23973,35.90665],[136.24001,35.90665],[136.24003,35.90664],[136.24002,35.90639],[136.23972,35.9064],[136.23973,35.90665]]]}},{"type":"Feature","properties":{"pid":"1d591261-fa97-4830-8138-4e40cf3634fc","full":8.5},"geometry":{"type":"Polygon","coordinates":[[[136.23875,35.90713],[136.23874,35.90677],[136.23873,35.90675],[136.23835,35.90675],[136.23834,35.90713],[136.23875,35.90713]]]}},{"type":"Feature","properties":{"pid":"ef3de151-82a6-4cbd-a2b1-c890b417c251","full":8.5},"geometry":{"type":"Polygon","coordinates":[[[136.2374,35.90655],[136.2374,35.90632],[136.23739,35.90631],[136.23687,35.90633],[136.237,35.90667],[136.2373,35.90664],[136.2374,35.90655]]]}},{"type":"Feature","properties":{"pid":"67bcc214-e80a-4c28-9e86-5aa9bce2f2e3","full":0.9},"geometry":{"type":"Polygon","coordinates":[[[136.23698,35.90667],[136.23684,35.90631],[136.23676,35.90633],[136.23678,35.90649],[136.23676,35.90662],[136.23674,35.90666],[136.23674,35.9067],[136.23698,35.90667]]]}},{"type":"Feature","properties":{"pid":"fa4f976e-f9ed-47bc-bbc4-08249c6d1b1e","full":13.6},"geometry":{"type":"Polygon","coordinates":[[[136.2304,35.9072],[136.2304,35.90717],[136.23043,35.90717],[136.23026,35.90672],[136.2299,35.90672],[136.22989,35.9072],[136.2304,35.9072]]]}},{"type":"Feature","properties":{"pid":"fbdc0a32-fbba-4706-aab8-493363a922d8","full":1.8},"geometry":{"type":"Polygon","coordinates":[[[136.22983,35.90652],[136.22888,35.9065],[136.22887,35.90662],[136.22983,35.90663],[136.22983,35.90652]]]}},{"type":"Feature","properties":{"pid":"9f9f2664-0488-44b6-a445-1d8f2612f434","full":4.4},"geometry":{"type":"Polygon","coordinates":[[[136.22983,35.90664],[136.22888,35.90663],[136.22887,35.90677],[136.22982,35.90679],[136.22983,35.90664]]]}},{"type":"Feature","properties":{"pid":"35bb33ad-df77-4900-8740-b501661711d9","full":12.0},"geometry":{"type":"Polygon","coordinates":[[[136.22981,35.90689],[136.22887,35.90687],[136.22887,35.90711],[136.22981,35.90713],[136.22981,35.90689]]]}},{"type":"Feature","properties":{"pid":"279f550b-a984-4123-bbb8-9593691f927d","full":17.9},"geometry":{"type":"Polygon","coordinates":[[[136.22881,35.9065],[136.2277,35.90649],[136.22769,35.90675],[136.2288,35.90677],[136.22881,35.9065]]]}},{"type":"Feature","properties":{"pid":"c58fd3c5-f605-44b2-9cdc-5e5f9dac3088","full":26.1},"geometry":{"type":"Polygon","coordinates":[[[136.22769,35.90712],[136.22879,35.90713],[136.2288,35.90678],[136.22769,35.90676],[136.22769,35.90712]]]}},{"type":"Feature","properties":{"pid":"354c0977-e0c6-457f-a08c-392ad815b772","full":1.8},"geometry":{"type":"Polygon","coordinates":[[[136.22763,35.907],[136.22651,35.90699],[136.22652,35.90709],[136.22762,35.90711],[136.22763,35.907]]]}},{"type":"Feature","properties":{"pid":"d3d3acce-4024-4d64-ad7c-8fc4712bdfa5","full":3.3},"geometry":{"type":"Polygon","coordinates":[[[136.22763,35.90687],[136.22652,35.90686],[136.22652,35.90698],[136.22763,35.90699],[136.22763,35.90687]]]}},{"type":"Feature","properties":{"pid":"bc36c768-63c8-47e6-93c2-e9d04e835abb","full":1.3},"geometry":{"type":"Polygon","coordinates":[[[136.22763,35.90676],[136.22652,35.90674],[136.22651,35.90685],[136.22763,35.90686],[136.22763,35.90676]]]}},{"type":"Feature","properties":{"pid":"1933be2f-1f53-4d1a-b772-b3716275b658","full":15.5},"geometry":{"type":"Polygon","coordinates":[[[136.22764,35.9065],[136.22653,35.90649],[136.22651,35.90674],[136.22764,35.90674],[136.22764,35.9065]]]}},{"type":"Feature","properties":{"pid":"20877d17-7d93-4fbd-9a36-a672c2f653f5","full":8.7},"geometry":{"type":"Polygon","coordinates":[[[136.22583,35.90672],[136.22582,35.90699],[136.22645,35.90699],[136.22646,35.90673],[136.22583,35.90672]]]}},{"type":"Feature","properties":{"pid":"a2ed8819-a227-4475-8ce7-ee8cd5124bc2","full":16.3},"geometry":{"type":"Polygon","coordinates":[[[136.22645,35.90672],[136.22645,35.90646],[136.22535,35.90645],[136.22535,35.90671],[136.22645,35.90672]]]}},{"type":"Feature","properties":{"pid":"034098a5-0869-4254-a12c-e2bf99f78fcc","full":6.0},"geometry":{"type":"Polygon","coordinates":[[[136.22581,35.90672],[136.22535,35.90672],[136.22534,35.90698],[136.2258,35.90699],[136.22581,35.90672]]]}},{"type":"Feature","properties":{"pid":"03442e91-0bb8-461b-9a55-3563ec145b06","full":16.7},"geometry":{"type":"Polygon","coordinates":[[[136.22533,35.90725],[136.22644,35.90726],[136.22645,35.90701],[136.22534,35.90699],[136.22533,35.90725]]]}},{"type":"Feature","properties":{"pid":"5eb195d1-47b5-4872-be59-df263618e743","full":18.7},"geometry":{"type":"Polygon","coordinates":[[[136.22547,35.90307],[136.22654,35.90309],[136.22654,35.9028],[136.22547,35.90279],[136.22547,35.90307]]]}},{"type":"Feature","properties":{"pid":"716a20f3-ab15-480c-b6f8-05ba2f1588de","full":16.2},"geometry":{"type":"Polygon","coordinates":[[[136.22656,35.90318],[136.22546,35.90315],[136.22545,35.90341],[136.22655,35.90343],[136.22656,35.90318]]]}},{"type":"Feature","properties":{"pid":"eec34f02-f421-47ed-b36e-fe5cc95a16d1","full":14.1},"geometry":{"type":"Polygon","coordinates":[[[136.22652,35.90371],[136.22544,35.90369],[136.22543,35.90392],[136.22652,35.90395],[136.22652,35.90371]]]}},{"type":"Feature","properties":{"pid":"baf3a611-b4b8-4eba-9a04-ecf777827f96","full":20.2},"geometry":{"type":"Polygon","coordinates":[[[136.22652,35.90396],[136.22543,35.90394],[136.22542,35.90424],[136.22651,35.90425],[136.22652,35.90396]]]}},{"type":"Feature","properties":{"pid":"8b1a3085-48d2-4dc6-b2b6-6ec8610230d8","full":16.3},"geometry":{"type":"Polygon","coordinates":[[[136.22651,35.90426],[136.22542,35.90424],[136.22541,35.9045],[136.22651,35.90451],[136.22651,35.90426]]]}},{"type":"Feature","properties":{"pid":"fece6a12-d272-47c3-8b5e-45380a1167ea","full":1.9},"geometry":{"type":"Polygon","coordinates":[[[136.22651,35.90452],[136.22541,35.90451],[136.22541,35.90462],[136.22647,35.90463],[136.22648,35.90461],[136.22651,35.90461],[136.22651,35.90452]]]}},{"type":"Feature","properties":{"pid":"da7ffc37-5134-4b1d-9289-6e56a423526a","full":5.2},"geometry":{"type":"Polygon","coordinates":[[[136.2265,35.90465],[136.22647,35.90465],[136.22647,35.90464],[136.22541,35.90462],[136.22541,35.90476],[136.2265,35.90478],[136.2265,35.90465]]]}},{"type":"Feature","properties":{"pid":"65f83178-6cfd-4414-b327-88ce6e4ffc8b","full":16.4},"geometry":{"type":"Polygon","coordinates":[[[136.2254,35.90503],[136.22645,35.90505],[136.22645,35.90503],[136.2265,35.90503],[136.2265,35.90479],[136.22541,35.90477],[136.2254,35.90503]]]}},{"type":"Feature","properties":{"pid":"74980136-0ee7-432a-abd2-32d36996a621","full":16.3},"geometry":{"type":"Polygon","coordinates":[[[136.22539,35.9053],[136.22649,35.90532],[136.22649,35.90507],[136.2254,35.90505],[136.22539,35.9053]]]}},{"type":"Feature","properties":{"pid":"c02f6915-79ca-4208-a703-e17e5d432906","full":16.4},"geometry":{"type":"Polygon","coordinates":[[[136.22649,35.90533],[136.22539,35.90532],[136.22538,35.90557],[136.22648,35.90559],[136.22649,35.90533]]]}},{"type":"Feature","properties":{"pid":"43ae1040-34e1-46e9-9eb0-158f5c32ee3f","full":18.8},"geometry":{"type":"Polygon","coordinates":[[[136.22647,35.90592],[136.22648,35.90564],[136.22536,35.90563],[136.22536,35.9059],[136.22647,35.90592]]]}},{"type":"Feature","properties":{"pid":"0ab16561-c498-4f41-be56-6e07f8432332","full":23.5},"geometry":{"type":"Polygon","coordinates":[[[136.22535,35.90624],[136.22645,35.90626],[136.22647,35.90593],[136.22537,35.90591],[136.22535,35.90624]]]}},{"type":"Feature","properties":{"pid":"abcc8e47-53db-4292-8168-e79f8adb1751","full":8.8},"geometry":{"type":"Polygon","coordinates":[[[136.22535,35.90644],[136.22645,35.90645],[136.22645,35.90628],[136.22535,35.90626],[136.22535,35.90644]]]}},{"type":"Feature","properties":{"pid":"911be600-96ea-4f81-be8f-9d6b49a5fea3","full":8.0},"geometry":{"type":"Polygon","coordinates":[[[136.22653,35.90638],[136.22764,35.90638],[136.22764,35.90621],[136.22653,35.9062],[136.22653,35.90638]]]}},{"type":"Feature","properties":{"pid":"b4cbda7b-eb23-4849-95c4-f2c38328ca3d","full":3.6},"geometry":{"type":"Polygon","coordinates":[[[136.22654,35.90606],[136.22654,35.90619],[136.22765,35.9062],[136.22765,35.90608],[136.22654,35.90606]]]}},{"type":"Feature","properties":{"pid":"2bc7ffaf-c4b3-4f24-b5ea-986f4f082701","full":0.9},"geometry":{"type":"Polygon","coordinates":[[[136.22764,35.90597],[136.22654,35.90596],[136.22654,35.90606],[136.22765,35.90607],[136.22764,35.90597]]]}},{"type":"Feature","properties":{"pid":"284def10-d021-477b-90ad-73674e91d938","full":9.3},"geometry":{"type":"Polygon","coordinates":[[[136.22655,35.90584],[136.22766,35.90586],[136.22766,35.90568],[136.22656,35.90566],[136.22655,35.90584]]]}},{"type":"Feature","properties":{"pid":"629595d7-badf-4f81-b75c-35f408209669","full":8.3},"geometry":{"type":"Polygon","coordinates":[[[136.22769,35.90498],[136.22769,35.90481],[136.22657,35.9048],[136.22657,35.90497],[136.22769,35.90498]]]}},{"type":"Feature","properties":{"pid":"53980f47-7573-4944-a495-370d5a99c67e","full":15.3},"geometry":{"type":"Polygon","coordinates":[[[136.22767,35.90534],[136.22767,35.9051],[136.22656,35.90508],[136.22656,35.90533],[136.22767,35.90534]]]}},{"type":"Feature","properties":{"pid":"6bbab973-2ab1-4bc6-a17f-103d0d9f2a43","full":17.5},"geometry":{"type":"Polygon","coordinates":[[[136.22655,35.9056],[136.22767,35.90562],[136.22767,35.90535],[136.22656,35.90534],[136.22655,35.9056]]]}},{"type":"Feature","properties":{"pid":"57e14ab6-a541-40c0-a3b2-93840819ba21","full":16.6},"geometry":{"type":"Polygon","coordinates":[[[136.22776,35.90464],[136.22776,35.9049],[136.22885,35.90492],[136.22885,35.90465],[136.22776,35.90464]]]}},{"type":"Feature","properties":{"pid":"d353a61c-00b6-4795-adc2-1fef18034f5d","full":34.5},"geometry":{"type":"Polygon","coordinates":[[[136.22884,35.90493],[136.22776,35.90491],[136.22774,35.90535],[136.22884,35.90536],[136.22884,35.90493]]]}},{"type":"Feature","properties":{"pid":"656deb49-451c-4879-afcb-46fceba07cc1","full":17.3},"geometry":{"type":"Polygon","coordinates":[[[136.22883,35.90538],[136.22774,35.90536],[136.22773,35.9056],[136.22775,35.90562],[136.22881,35.90564],[136.22884,35.90561],[136.22883,35.90538]]]}},{"type":"Feature","properties":{"pid":"26dd28d7-35a0-4a78-9aee-4140b76997dd","full":17.8},"geometry":{"type":"Polygon","coordinates":[[[136.22883,35.90596],[136.22883,35.9057],[136.22773,35.90567],[136.22772,35.90594],[136.22883,35.90596]]]}},{"type":"Feature","properties":{"pid":"80e54099-3d7e-4419-b116-611e4dbf5cbf","full":14.4},"geometry":{"type":"Polygon","coordinates":[[[136.2277,35.90647],[136.22881,35.90649],[136.22882,35.90625],[136.22771,35.90624],[136.2277,35.90647]]]}},{"type":"Feature","properties":{"pid":"591f7399-2ae7-48cc-9de6-ed1b3e4f95b5","full":18.7},"geometry":{"type":"Polygon","coordinates":[[[136.22771,35.90623],[136.22882,35.90624],[136.22882,35.90597],[136.22772,35.90595],[136.22771,35.90623]]]}},{"type":"Feature","properties":{"pid":"12aa33c9-9dc6-4f75-9083-ad96a3957184","full":14.3},"geometry":{"type":"Polygon","coordinates":[[[136.22986,35.90597],[136.22986,35.9058],[136.22982,35.90571],[136.22894,35.9057],[136.22892,35.90573],[136.22891,35.90594],[136.22893,35.90596],[136.22986,35.90597]]]}},{"type":"Feature","properties":{"pid":"71aebed9-e2eb-4349-b7a3-9eb987b1b48a","full":6.6},"geometry":{"type":"Polygon","coordinates":[[[136.22889,35.90597],[136.22889,35.90614],[136.22985,35.90615],[136.22985,35.90598],[136.22889,35.90597]]]}},{"type":"Feature","properties":{"pid":"a93ec63e-1728-476e-aec8-23982b9d1000","full":5.5},"geometry":{"type":"Polygon","coordinates":[[[136.22889,35.90615],[136.22889,35.9063],[136.22984,35.90632],[136.22985,35.90616],[136.22889,35.90615]]]}},{"type":"Feature","properties":{"pid":"eb3b4346-8a43-4789-ab99-43dd03c78dbc","full":7.8},"geometry":{"type":"Polygon","coordinates":[[[136.22984,35.90633],[136.22889,35.90631],[136.22888,35.90649],[136.22983,35.90651],[136.22984,35.90633]]]}},{"type":"Feature","properties":{"pid":"094e2972-a91a-494e-a5b4-3c916928e511","full":5.8},"geometry":{"type":"Polygon","coordinates":[[[136.23022,35.90671],[136.23022,35.90668],[136.23025,35.90668],[136.23,35.90603],[136.22993,35.90604],[136.22991,35.90671],[136.23022,35.90671]]]}},{"type":"Feature","properties":{"pid":"3cb8c43f-a876-4c4b-ba9c-d32a3f544134","full":16.1},"geometry":{"type":"Polygon","coordinates":[[[136.23046,35.90502],[136.22983,35.90501],[136.23001,35.90549],[136.23044,35.90549],[136.23046,35.90502]]]}},{"type":"Feature","properties":{"pid":"009b890f-790c-4fe6-a388-988762d0068f","full":4.3},"geometry":{"type":"Polygon","coordinates":[[[136.23165,35.90538],[136.23054,35.90536],[136.23054,35.90549],[136.23163,35.90551],[136.23165,35.90538]]]}},{"type":"Feature","properties":{"pid":"7bcd9aa5-9239-4888-99d0-bfa5fabc7a95","full":1.0},"geometry":{"type":"Polygon","coordinates":[[[136.23165,35.90527],[136.23054,35.90525],[136.23054,35.90535],[136.23165,35.90537],[136.23165,35.90527]]]}},{"type":"Feature","properties":{"pid":"3ee7ebce-da20-443c-9689-bb945559742a","full":16.7},"geometry":{"type":"Polygon","coordinates":[[[136.23055,35.90498],[136.23054,35.90523],[136.23165,35.90526],[136.23165,35.905],[136.23055,35.90498]]]}},{"type":"Feature","properties":{"pid":"91afc510-8dd8-4476-b3c7-7424dd83f0be","full":17.1},"geometry":{"type":"Polygon","coordinates":[[[136.23166,35.90472],[136.23055,35.90471],[136.23055,35.90497],[136.23165,35.90499],[136.23166,35.90472]]]}},{"type":"Feature","properties":{"pid":"883ed14c-6915-49f4-be22-8f4459aba3c8","full":4.2},"geometry":{"type":"Polygon","coordinates":[[[136.23046,35.90501],[136.23046,35.90484],[136.22976,35.90483],[136.22982,35.905],[136.23046,35.90501]]]}},{"type":"Feature","properties":{"pid":"439545f7-1ed2-4150-b2d4-a31fb2833980","full":10.5},"geometry":{"type":"Polygon","coordinates":[[[136.22892,35.9051],[136.22964,35.9051],[136.22954,35.90482],[136.22893,35.90481],[136.22892,35.9051]]]}},{"type":"Feature","properties":{"pid":"d8c4a705-f457-454f-b42b-d9ef72481ca2","full":13.9},"geometry":{"type":"Polygon","coordinates":[[[136.22983,35.90562],[136.22974,35.90539],[136.22891,35.90538],[136.22891,35.90565],[136.2298,35.90566],[136.22983,35.90562]]]}},{"type":"Feature","properties":{"pid":"d9db4bde-eaed-4e49-a2e9-ad6bb4b90d04","full":5.7},"geometry":{"type":"Polygon","coordinates":[[[136.22974,35.90538],[136.22968,35.9052],[136.22892,35.9052],[136.22891,35.90537],[136.22974,35.90538]]]}},{"type":"Feature","properties":{"pid":"e9516b3c-bccd-4639-a793-a626fa002e45","full":6.6},"geometry":{"type":"Polygon","coordinates":[[[136.22893,35.90457],[136.22893,35.90481],[136.22954,35.90481],[136.22945,35.90458],[136.22893,35.90457]]]}},{"type":"Feature","properties":{"pid":"5bf9783e-f3d4-4c2f-b3dd-ce02721e0e04","full":5.6},"geometry":{"type":"Polygon","coordinates":[[[136.22934,35.90431],[136.22894,35.9043],[136.22894,35.90456],[136.22944,35.90457],[136.22934,35.90431]]]}},{"type":"Feature","properties":{"pid":"67404020-59b6-4ad0-b962-e63f56b8428f","full":4.2},"geometry":{"type":"Polygon","coordinates":[[[136.22922,35.90397],[136.22895,35.90397],[136.22894,35.90419],[136.22905,35.90419],[136.22905,35.90429],[136.22934,35.9043],[136.22922,35.90397]]]}},{"type":"Feature","properties":{"pid":"29df95ee-67ec-482e-9b42-e5ba35235910","full":20.7},"geometry":{"type":"Polygon","coordinates":[[[136.22976,35.90482],[136.23046,35.90483],[136.23048,35.90443],[136.22961,35.90441],[136.22976,35.90482]]]}},{"type":"Feature","properties":{"pid":"ca233a49-95d9-4749-b3c5-b32ef31eda44","full":17.2},"geometry":{"type":"Polygon","coordinates":[[[136.23055,35.90444],[136.23054,35.90469],[136.23166,35.90471],[136.23167,35.90445],[136.23055,35.90444]]]}},{"type":"Feature","properties":{"pid":"e4628c6f-49a3-4c1d-aeb7-b2875765f95c","full":17.0},"geometry":{"type":"Polygon","coordinates":[[[136.23168,35.90418],[136.23056,35.90417],[136.23055,35.90442],[136.23167,35.90444],[136.23168,35.90418]]]}},{"type":"Feature","properties":{"pid":"7fa2c2e7-0afc-4838-b5c4-1445e9f52828","full":17.0},"geometry":{"type":"Polygon","coordinates":[[[136.23169,35.90391],[136.23057,35.9039],[136.23056,35.90415],[136.23168,35.90417],[136.23169,35.90391]]]}},{"type":"Feature","properties":{"pid":"0d07f22a-165d-4875-a56d-de990b9e81cb","full":16.0},"geometry":{"type":"Polygon","coordinates":[[[136.23049,35.90389],[136.2294,35.90387],[136.2295,35.90414],[136.23049,35.90415],[136.23049,35.90389]]]}},{"type":"Feature","properties":{"pid":"554f5f5f-9c41-45ba-be83-d3b0e80df45f","full":16.9},"geometry":{"type":"Polygon","coordinates":[[[136.2294,35.90386],[136.2305,35.90387],[136.2305,35.90362],[136.22931,35.9036],[136.2294,35.90386]]]}},{"type":"Feature","properties":{"pid":"cf76fb7c-4815-4fda-84b3-ae09be89c35e","full":17.0},"geometry":{"type":"Polygon","coordinates":[[[136.23058,35.90362],[136.23057,35.90389],[136.23169,35.9039],[136.2317,35.90365],[136.23058,35.90362]]]}},{"type":"Feature","properties":{"pid":"788abd08-bf41-46db-8ea7-62eb8e7fee6c","full":16.7},"geometry":{"type":"Polygon","coordinates":[[[136.2317,35.90337],[136.23059,35.90336],[136.23058,35.90361],[136.2317,35.90363],[136.2317,35.90337]]]}},{"type":"Feature","properties":{"pid":"29e1c811-90e7-47b5-aca0-3c8d62357726","full":18.1},"geometry":{"type":"Polygon","coordinates":[[[136.23059,35.90308],[136.23059,35.90335],[136.2317,35.90336],[136.23171,35.90309],[136.23059,35.90308]]]}},{"type":"Feature","properties":{"pid":"4f1a0a93-4f74-439f-862e-1765cdf794f3","full":21.6},"geometry":{"type":"Polygon","coordinates":[[[136.22909,35.90304],[136.23051,35.90307],[136.23053,35.90281],[136.22942,35.90279],[136.22942,35.90282],[136.22913,35.90282],[136.22904,35.90291],[136.22909,35.90304]]]}},{"type":"Feature","properties":{"pid":"c84d057e-35bf-4677-be69-21b71a3f7151","full":21.0},"geometry":{"type":"Polygon","coordinates":[[[136.22919,35.90331],[136.2305,35.90334],[136.23051,35.90308],[136.22909,35.90305],[136.22919,35.90331]]]}},{"type":"Feature","properties":{"pid":"c4d72ffd-1298-4c0f-9920-17adfdc4505c","full":19.3},"geometry":{"type":"Polygon","coordinates":[[[136.2293,35.90359],[136.2305,35.90361],[136.2305,35.90335],[136.2292,35.90333],[136.2293,35.90359]]]}},{"type":"Feature","properties":{"pid":"24658e6e-91a7-4718-9abd-32e8385549f7","full":2.2},"geometry":{"type":"Polygon","coordinates":[[[136.22921,35.90391],[136.22902,35.9034],[136.22897,35.90341],[136.22895,35.90391],[136.22921,35.90391]]]}},{"type":"Feature","properties":{"pid":"b78062b7-fc93-43d2-9d84-0d3486f10814","full":19.2},"geometry":{"type":"Polygon","coordinates":[[[136.2278,35.90307],[136.22889,35.90309],[136.22882,35.9029],[136.2286,35.90278],[136.2278,35.90277],[136.2278,35.90307]]]}},{"type":"Feature","properties":{"pid":"3c9106c3-0f90-4cb8-8742-7ad153a7122e","full":26.5},"geometry":{"type":"Polygon","coordinates":[[[136.22889,35.90311],[136.2278,35.90309],[136.22779,35.90345],[136.22889,35.90346],[136.22889,35.90311]]]}},{"type":"Feature","properties":{"pid":"36205a2e-a1f8-419f-868e-d735f17e37f9","full":18.8},"geometry":{"type":"Polygon","coordinates":[[[136.22691,35.90316],[136.22773,35.90317],[136.22774,35.90282],[136.22691,35.90281],[136.22691,35.90316]]]}},{"type":"Feature","properties":{"pid":"9d65fbf4-6034-469c-a991-7daf7a1731a6","full":8.7},"geometry":{"type":"Polygon","coordinates":[[[136.22778,35.90346],[136.22778,35.90356],[136.22794,35.90356],[136.22793,35.90365],[136.22888,35.90368],[136.22889,35.90348],[136.22778,35.90346]]]}},{"type":"Feature","properties":{"pid":"ae83e9a2-1650-48ee-b6b6-fef95ce7b97e","full":24.6},"geometry":{"type":"Polygon","coordinates":[[[136.22778,35.90366],[136.22777,35.904],[136.22887,35.90402],[136.22888,35.90368],[136.22778,35.90366]]]}},{"type":"Feature","properties":{"pid":"d887bb06-b2ed-4b3f-992e-f8aedf48b77e","full":16.4},"geometry":{"type":"Polygon","coordinates":[[[136.22886,35.90428],[136.22887,35.90403],[136.22777,35.90401],[136.22776,35.90426],[136.22886,35.90428]]]}},{"type":"Feature","properties":{"pid":"db2fb192-46a5-4531-9c77-5bcf9575d66f","full":25.7},"geometry":{"type":"Polygon","coordinates":[[[136.22776,35.90427],[136.22776,35.90463],[136.22885,35.90464],[136.22886,35.90429],[136.22776,35.90427]]]}},{"type":"Feature","properties":{"pid":"8a438234-2152-43d6-8f97-cc6ca46011eb","full":24.5},"geometry":{"type":"Polygon","coordinates":[[[136.2266,35.90397],[136.22771,35.90399],[136.22772,35.90365],[136.22661,35.90363],[136.2266,35.90397]]]}},{"type":"Feature","properties":{"pid":"e118fef1-7a9a-47f2-a86b-10a86a892a8a","full":17.3},"geometry":{"type":"Polygon","coordinates":[[[136.22659,35.90425],[136.22771,35.90426],[136.22771,35.904],[136.2266,35.90398],[136.22659,35.90425]]]}},{"type":"Feature","properties":{"pid":"23d031d9-1a71-4e95-9eb5-9ecde50c2cc0","full":12.0},"geometry":{"type":"Polygon","coordinates":[[[136.22771,35.90427],[136.22659,35.90426],[136.22659,35.90447],[136.2277,35.90448],[136.22771,35.90427]]]}},{"type":"Feature","properties":{"pid":"a66f7717-0e9b-4e46-a427-af89c88f99aa","full":22.3},"geometry":{"type":"Polygon","coordinates":[[[136.22657,35.90479],[136.22769,35.9048],[136.2277,35.90449],[136.22659,35.90447],[136.22657,35.90479]]]}},{"type":"Feature","properties":{"pid":"b7bb255f-0bfd-447a-b5ae-057f2ef93a91","full":4.2},"geometry":{"type":"Polygon","coordinates":[[[136.22606,35.90368],[136.22653,35.90369],[136.22653,35.90348],[136.22606,35.90348],[136.22606,35.90368]]]}},{"type":"Feature","properties":{"pid":"b721e3c3-de98-46ec-9d4b-a87cdf9dffef","full":9.1},"geometry":{"type":"Polygon","coordinates":[[[136.22772,35.90346],[136.22662,35.90344],[136.22661,35.90362],[136.22772,35.90364],[136.22772,35.90346]]]}},{"type":"Feature","properties":{"pid":"bc071529-f0a3-4e4a-9979-79b0c7bf8f3e","full":16.5},"geometry":{"type":"Polygon","coordinates":[[[136.22661,35.90343],[136.22773,35.90345],[136.22773,35.90319],[136.22662,35.90318],[136.22661,35.90343]]]}},{"type":"Feature","properties":{"pid":"30f2276c-4c17-43d0-909a-9b5a6fb1e202","full":3.3},"geometry":{"type":"Polygon","coordinates":[[[136.22671,35.90317],[136.22687,35.90317],[136.22688,35.90281],[136.22662,35.90282],[136.22662,35.9031],[136.22671,35.9031],[136.22671,35.90317]]]}},{"type":"Feature","properties":{"pid":"9b21c07f-de43-4faa-98c1-d960796a4d9b","full":6.0},"geometry":{"type":"Polygon","coordinates":[[[136.22776,35.90248],[136.22666,35.90246],[136.22665,35.9026],[136.22668,35.90261],[136.22773,35.90263],[136.22776,35.90261],[136.22776,35.90248]]]}},{"type":"Feature","properties":{"pid":"21776347-91f9-473e-9f71-07d00a8d5b76","full":18.9},"geometry":{"type":"Polygon","coordinates":[[[136.22777,35.90209],[136.22667,35.90208],[136.22666,35.90236],[136.22776,35.90237],[136.22777,35.90209]]]}},{"type":"Feature","properties":{"pid":"9341fe43-c143-4a3a-92ff-43af17b23554","full":29.9},"geometry":{"type":"Polygon","coordinates":[[[136.22778,35.90163],[136.22707,35.90161],[136.22706,35.90162],[136.22689,35.90162],[136.22667,35.90165],[136.22667,35.90201],[136.22777,35.90201],[136.22778,35.90163]]]}},{"type":"Feature","properties":{"pid":"38c7e264-d418-4e0f-9ea7-4619bfb932cf","full":18.2},"geometry":{"type":"Polygon","coordinates":[[[136.22778,35.90118],[136.22706,35.90117],[136.22706,35.90156],[136.22777,35.90157],[136.22778,35.90118]]]}},{"type":"Feature","properties":{"pid":"7d08bdd7-22c1-4605-b8ab-ebc44abe2ccb","full":11.2},"geometry":{"type":"Polygon","coordinates":[[[136.22784,35.90157],[136.22835,35.90159],[136.22818,35.90113],[136.22785,35.90112],[136.22784,35.90157]]]}},{"type":"Feature","properties":{"pid":"52db1789-1c6f-4c58-ae69-d734c6f0296a","full":3.5},"geometry":{"type":"Polygon","coordinates":[[[136.22787,35.90179],[136.22843,35.9018],[136.22837,35.90163],[136.22786,35.90162],[136.22787,35.90179]]]}},{"type":"Feature","properties":{"pid":"be314dad-b763-4287-8bdf-bb4fb7938de4","full":2.5},"geometry":{"type":"Polygon","coordinates":[[[136.22786,35.90194],[136.22848,35.90195],[136.22843,35.90181],[136.22787,35.9018],[136.22786,35.90194]]]}},{"type":"Feature","properties":{"pid":"d85a1736-ff5d-4f0c-8daa-ddb22a90ca3c","full":2.2},"geometry":{"type":"Polygon","coordinates":[[[136.22854,35.90209],[136.22849,35.90196],[136.22786,35.90195],[136.22786,35.90205],[136.22787,35.90208],[136.22854,35.90209]]]}},{"type":"Feature","properties":{"pid":"47959c6f-2e3b-4336-83c3-e31845b84a4f","full":31.7},"geometry":{"type":"Polygon","coordinates":[[[136.22871,35.90253],[136.22854,35.9021],[136.22787,35.90209],[136.22782,35.90212],[136.22781,35.90263],[136.22859,35.90264],[136.22871,35.90253]]]}},{"type":"Feature","properties":{"pid":"5dd2f712-7608-48f1-89e6-42976ef02ab5","full":18.5},"geometry":{"type":"Polygon","coordinates":[[[136.22938,35.90212],[136.22875,35.90212],[136.22893,35.90261],[136.22906,35.90266],[136.22936,35.90267],[136.22938,35.90212]]]}},{"type":"Feature","properties":{"pid":"8bdde64f-21ee-4898-a1e5-375cfe159ed6","full":17.1},"geometry":{"type":"Polygon","coordinates":[[[136.22944,35.9024],[136.22943,35.90264],[136.22948,35.90267],[136.23052,35.90268],[136.23053,35.90242],[136.22944,35.9024]]]}},{"type":"Feature","properties":{"pid":"50d379aa-d9b6-4899-aaf9-2b780ad68784","full":15.9},"geometry":{"type":"Polygon","coordinates":[[[136.22944,35.90238],[136.23049,35.9024],[136.23053,35.90238],[136.23053,35.90215],[136.22945,35.90212],[136.22944,35.90238]]]}},{"type":"Feature","properties":{"pid":"bf740b0a-eede-415d-bddf-38a453397a52","full":17.6},"geometry":{"type":"Polygon","coordinates":[[[136.22945,35.90211],[136.23054,35.90214],[136.23054,35.90187],[136.22945,35.90185],[136.22945,35.90211]]]}},{"type":"Feature","properties":{"pid":"dedd8a7f-04f1-4605-914f-ac6302cfe8fe","full":15.6},"geometry":{"type":"Polygon","coordinates":[[[136.22945,35.90184],[136.23054,35.90186],[136.23055,35.90161],[136.22946,35.90159],[136.22945,35.90184]]]}},{"type":"Feature","properties":{"pid":"6a5701cb-11ac-43c8-9a3b-b8565474686d","full":16.0},"geometry":{"type":"Polygon","coordinates":[[[136.23055,35.90159],[136.23055,35.90133],[136.22948,35.90131],[136.22948,35.90157],[136.23055,35.90159]]]}},{"type":"Feature","properties":{"pid":"52d78222-66dc-4a6a-a735-2995f72c3b3f","full":15.8},"geometry":{"type":"Polygon","coordinates":[[[136.22949,35.9013],[136.23055,35.90132],[136.23056,35.90106],[136.2295,35.90105],[136.22949,35.9013]]]}},{"type":"Feature","properties":{"pid":"c000f74b-9d48-4517-8d67-4a788e99485b","full":11.8},"geometry":{"type":"Polygon","coordinates":[[[136.22939,35.90184],[136.2294,35.90158],[136.22855,35.90157],[136.22865,35.90183],[136.22939,35.90184]]]}},{"type":"Feature","properties":{"pid":"e8037c8b-5e64-4145-a0dd-5e0c17e326f9","full":9.5},"geometry":{"type":"Polygon","coordinates":[[[136.22874,35.9021],[136.22938,35.90211],[136.22939,35.90185],[136.22865,35.90184],[136.22874,35.9021]]]}},{"type":"Feature","properties":{"pid":"d0417203-aa20-49d2-a337-fdb9ec912ab7","full":13.0},"geometry":{"type":"Polygon","coordinates":[[[136.22939,35.90157],[136.2294,35.90131],[136.22845,35.90129],[136.22855,35.90155],[136.22939,35.90157]]]}},{"type":"Feature","properties":{"pid":"df4f0269-b073-4b42-9b11-395e37de15ba","full":15.0},"geometry":{"type":"Polygon","coordinates":[[[136.2294,35.9013],[136.22941,35.90104],[136.22835,35.90102],[136.22845,35.90128],[136.2294,35.9013]]]}},{"type":"Feature","properties":{"pid":"79841c8a-322a-4d1a-989d-a9e227feff31","full":16.4},"geometry":{"type":"Polygon","coordinates":[[[136.22835,35.90101],[136.22941,35.90102],[136.22942,35.90077],[136.22826,35.90075],[136.22835,35.90101]]]}},{"type":"Feature","properties":{"pid":"9053d4f0-d139-4a56-958d-ff39c49daa6d","full":17.7},"geometry":{"type":"Polygon","coordinates":[[[136.22826,35.90074],[136.22941,35.90076],[136.22942,35.9005],[136.22816,35.90048],[136.22826,35.90074]]]}},{"type":"Feature","properties":{"pid":"b83b8db0-2a01-48bb-9657-43d02c4e012d","full":2.4},"geometry":{"type":"Polygon","coordinates":[[[136.22811,35.90036],[136.22814,35.90045],[136.22819,35.90046],[136.22819,35.90048],[136.22942,35.9005],[136.22943,35.90039],[136.22811,35.90036]]]}},{"type":"Feature","properties":{"pid":"faeeab3a-bec2-4a87-866e-d67a477a870c","full":15.4},"geometry":{"type":"Polygon","coordinates":[[[136.23056,35.90105],[136.23056,35.9008],[136.22951,35.90078],[136.2295,35.90103],[136.23056,35.90105]]]}},{"type":"Feature","properties":{"pid":"83baa743-7eeb-483b-b853-220cb482a6e9","full":16.3},"geometry":{"type":"Polygon","coordinates":[[[136.22952,35.90077],[136.23056,35.90079],[136.23057,35.90052],[136.22953,35.9005],[136.22952,35.90077]]]}},{"type":"Feature","properties":{"pid":"72dc8d66-d1c5-4bc4-985b-09d55dd73fa3","full":16.0},"geometry":{"type":"Polygon","coordinates":[[[136.23057,35.90051],[136.23058,35.90025],[136.22953,35.90023],[136.22952,35.90049],[136.23057,35.90051]]]}},{"type":"Feature","properties":{"pid":"842ac10d-4ef9-4f55-b29f-872c2b286994","full":18.3},"geometry":{"type":"Polygon","coordinates":[[[136.23059,35.89992],[136.2295,35.8999],[136.2295,35.90018],[136.23059,35.9002],[136.23059,35.89992]]]}},{"type":"Feature","properties":{"pid":"28fb0e05-2fda-43ed-895b-1e93b02b02c4","full":16.1},"geometry":{"type":"Polygon","coordinates":[[[136.23059,35.89991],[136.2306,35.89967],[136.23035,35.89966],[136.23028,35.89965],[136.2295,35.89963],[136.2295,35.89989],[136.23059,35.89991]]]}},{"type":"Feature","properties":{"pid":"75a0b8a9-e8e9-4115-a8ee-c348f98b263b","full":9.0},"geometry":{"type":"Polygon","coordinates":[[[136.23028,35.89964],[136.23026,35.89941],[136.2295,35.8994],[136.22951,35.89963],[136.23028,35.89964]]]}},{"type":"Feature","properties":{"pid":"1da626ba-851d-4084-9bfa-c490572ba0fc","full":19.3},"geometry":{"type":"Polygon","coordinates":[[[136.22946,35.89936],[136.22875,35.89935],[136.22874,35.89977],[136.22944,35.89977],[136.22946,35.89936]]]}},{"type":"Feature","properties":{"pid":"abcca642-2830-4591-a15f-83f0e875e8c5","full":4.1},"geometry":{"type":"Polygon","coordinates":[[[136.22867,35.8996],[136.22868,35.89933],[136.22834,35.89933],[136.22833,35.8996],[136.22867,35.8996]]]}},{"type":"Feature","properties":{"pid":"5a06abba-eab7-48b5-b749-4e391119c85e","full":8.2},"geometry":{"type":"Polygon","coordinates":[[[136.22828,35.89934],[136.22758,35.89933],[136.22778,35.89959],[136.22829,35.8996],[136.22828,35.89934]]]}},{"type":"Feature","properties":{"pid":"16c710ab-986e-4dbe-9756-14e26bcd586d","full":11.2},"geometry":{"type":"Polygon","coordinates":[[[136.22828,35.89961],[136.22779,35.89961],[136.2279,35.89985],[136.22802,35.90014],[136.22827,35.90015],[136.22828,35.89961]]]}},{"type":"Feature","properties":{"pid":"1d3a016a-c411-460d-a461-ac0be4041153","full":10.0},"geometry":{"type":"Polygon","coordinates":[[[136.22867,35.89962],[136.22833,35.89962],[136.22832,35.90013],[136.22866,35.90014],[136.22867,35.89962]]]}},{"type":"Feature","properties":{"pid":"ea93e306-325b-400f-8d77-d10edc3af83a","full":4.0},"geometry":{"type":"Polygon","coordinates":[[[136.22786,35.90111],[136.22817,35.90112],[136.22791,35.90042],[136.22787,35.90043],[136.22786,35.90111]]]}},{"type":"Feature","properties":{"pid":"a171857e-5d51-4a2d-ada2-0f8aa5ed745c","full":22.8},"geometry":{"type":"Polygon","coordinates":[[[136.2278,35.90042],[136.2278,35.90029],[136.22775,35.90016],[136.22631,35.90014],[136.22631,35.9004],[136.2278,35.90042]]]}},{"type":"Feature","properties":{"pid":"9757438b-742b-4642-a311-e86249ff0102","full":12.9},"geometry":{"type":"Polygon","coordinates":[[[136.2263,35.90042],[136.2263,35.9006],[136.2278,35.90061],[136.2278,35.90043],[136.2263,35.90042]]]}},{"type":"Feature","properties":{"pid":"5b1be37d-c282-46aa-81bf-dfe1690ea577","full":24.6},"geometry":{"type":"Polygon","coordinates":[[[136.2263,35.90069],[136.2263,35.90084],[136.22632,35.90093],[136.22634,35.90095],[136.22779,35.90098],[136.22779,35.90071],[136.2263,35.90069]]]}},{"type":"Feature","properties":{"pid":"c0c896dd-c50c-45a0-a7f4-0ebc3bd25607","full":7.5},"geometry":{"type":"Polygon","coordinates":[[[136.22643,35.90097],[136.2264,35.90101],[136.22642,35.90105],[136.22644,35.90109],[136.22642,35.90116],[136.22643,35.90117],[136.22649,35.90115],[136.22659,35.90113],[136.22706,35.9011],[136.22706,35.90115],[136.22779,35.90117],[136.22779,35.901],[136.22643,35.90097]]]}},{"type":"Feature","properties":{"pid":"20ad6fcf-a05e-410a-b91e-bce0c74365ff","full":21.0},"geometry":{"type":"Polygon","coordinates":[[[136.22765,35.8999],[136.22632,35.89987],[136.22631,35.90013],[136.22775,35.90015],[136.2277,35.90002],[136.22765,35.8999]]]}},{"type":"Feature","properties":{"pid":"ce103e87-229b-4398-bb36-a8d335754225","full":18.7},"geometry":{"type":"Polygon","coordinates":[[[136.22632,35.89986],[136.22764,35.89988],[136.2275,35.89962],[136.22633,35.89961],[136.22632,35.89986]]]}},{"type":"Feature","properties":{"pid":"63629f37-0179-4a71-b26e-00d54da221ca","full":16.6},"geometry":{"type":"Polygon","coordinates":[[[136.22633,35.89959],[136.2275,35.8996],[136.22741,35.89948],[136.22732,35.89937],[136.22726,35.89937],[136.22722,35.89934],[136.22633,35.89932],[136.22633,35.89959]]]}},{"type":"Feature","properties":{"pid":"6ab87aae-9a3a-402a-b22f-37a1b08e370b","full":7.4},"geometry":{"type":"Polygon","coordinates":[[[136.22622,35.89977],[136.22622,35.89948],[136.22574,35.89947],[136.22576,35.89967],[136.22571,35.89977],[136.2262,35.89977],[136.22622,35.89977]]]}},{"type":"Feature","properties":{"pid":"78e1e533-fe5b-4005-bf28-6d13eb61c9c8","full":7.4},"geometry":{"type":"Polygon","coordinates":[[[136.22621,35.89981],[136.22568,35.89981],[136.22564,35.89983],[136.22569,35.8999],[136.22572,35.90008],[136.2262,35.90009],[136.22621,35.89981]]]}},{"type":"Feature","properties":{"pid":"e8c0a29c-ee88-4203-a4f8-e33b543f88aa","full":5.0},"geometry":{"type":"Polygon","coordinates":[[[136.2262,35.90033],[136.2262,35.9001],[136.22543,35.9001],[136.22554,35.9002],[136.22571,35.9002],[136.22582,35.90033],[136.2262,35.90033]]]}},{"type":"Feature","properties":{"pid":"6982b024-5c95-41e7-a439-f946a414ec38","full":1.3},"geometry":{"type":"Polygon","coordinates":[[[136.22567,35.8999],[136.22563,35.89984],[136.22539,35.89999],[136.22546,35.90007],[136.2257,35.90008],[136.22567,35.8999]]]}},{"type":"Feature","properties":{"pid":"c0cc0d76-909a-486f-aa20-b738a30c7597","full":17.2},"geometry":{"type":"Polygon","coordinates":[[[136.225,35.90116],[136.22532,35.90117],[136.22534,35.90034],[136.22516,35.90015],[136.22503,35.90028],[136.225,35.90116]]]}},{"type":"Feature","properties":{"pid":"18de8227-2786-4d53-965e-a984ec434aed","full":3.4},"geometry":{"type":"Polygon","coordinates":[[[136.22592,35.90047],[136.2257,35.90021],[136.22539,35.90022],[136.22538,35.90024],[136.22558,35.90047],[136.22592,35.90047]]]}},{"type":"Feature","properties":{"pid":"4d6475ca-dd94-42aa-acbc-c0f8b36b37a4","full":0.7},"geometry":{"type":"Polygon","coordinates":[[[136.22583,35.90034],[136.22594,35.90047],[136.2262,35.90047],[136.2262,35.90034],[136.22583,35.90034]]]}},{"type":"Feature","properties":{"pid":"51d00c07-e495-4060-b550-09d73497e23a","full":11.0},"geometry":{"type":"Polygon","coordinates":[[[136.22619,35.901],[136.2262,35.90048],[136.22565,35.90048],[136.22566,35.90056],[136.22582,35.90074],[136.22592,35.90081],[136.22594,35.90084],[136.22597,35.90102],[136.22599,35.90109],[136.22619,35.901]]]}},{"type":"Feature","properties":{"pid":"38012c57-bfc3-408c-a809-a10d4769ae3c","full":2.5},"geometry":{"type":"Polygon","coordinates":[[[136.22534,35.90118],[136.22553,35.90116],[136.22562,35.90113],[136.22588,35.90111],[136.22587,35.90099],[136.22535,35.90099],[136.22534,35.90118]]]}},{"type":"Feature","properties":{"pid":"90f53b97-6c30-4cff-8b64-903b05380477","full":28.2},"geometry":{"type":"Polygon","coordinates":[[[136.22651,35.90202],[136.22651,35.90194],[136.22637,35.90155],[136.2255,35.90163],[136.22545,35.90167],[136.22548,35.90176],[136.22549,35.90199],[136.22651,35.90202]]]}},{"type":"Feature","properties":{"pid":"047fa09e-a9ea-4514-817c-6ff87423536c","full":15.6},"geometry":{"type":"Polygon","coordinates":[[[136.22548,35.90206],[136.22548,35.90231],[136.22656,35.90233],[136.22657,35.90208],[136.22548,35.90206]]]}},{"type":"Feature","properties":{"pid":"def13e5c-4d98-4306-8297-0772ef3d7b64","full":17.1},"geometry":{"type":"Polygon","coordinates":[[[136.22547,35.90258],[136.22654,35.90261],[136.22656,35.90234],[136.22547,35.90232],[136.22547,35.90258]]]}},{"type":"Feature","properties":{"pid":"1af197a6-6bf1-4a80-a8b0-503e96572cf7","full":5.7},"geometry":{"type":"Polygon","coordinates":[[[136.22605,35.89868],[136.22598,35.89843],[136.22588,35.89839],[136.22574,35.89846],[136.22562,35.89852],[136.22574,35.89877],[136.22578,35.89882],[136.22605,35.89868]]]}},{"type":"Feature","properties":{"pid":"8ecfbaae-c44c-4de2-b7d1-74a64e80bb4f","full":2.9},"geometry":{"type":"Polygon","coordinates":[[[136.22617,35.89878],[136.22614,35.8987],[136.2261,35.89867],[136.22581,35.89881],[136.22574,35.89885],[136.22592,35.899],[136.22599,35.89899],[136.22605,35.89895],[136.22617,35.89878]]]}},{"type":"Feature","properties":{"pid":"141d47d9-fc06-484e-9dca-9ccf36a5deb6","full":13.7},"geometry":{"type":"Polygon","coordinates":[[[136.22623,35.89947],[136.22624,35.89889],[136.22624,35.89879],[136.22622,35.8988],[136.22616,35.89886],[136.22609,35.89898],[136.22605,35.899],[136.2257,35.89916],[136.22574,35.89946],[136.22623,35.89947]]]}},{"type":"Feature","properties":{"pid":"c9a18e81-8126-4e46-949a-f962921ec2b5","full":1.5},"geometry":{"type":"Polygon","coordinates":[[[136.22555,35.89897],[136.22562,35.89914],[136.2259,35.89901],[136.22578,35.89893],[136.22571,35.89887],[136.22561,35.89891],[136.22555,35.89897]]]}},{"type":"Feature","properties":{"pid":"61bbd58d-0739-474b-86d7-ce0385446371","full":1.6},"geometry":{"type":"Polygon","coordinates":[[[136.2256,35.89915],[136.22557,35.89909],[136.22546,35.89887],[136.22533,35.8989],[136.22535,35.89907],[136.22532,35.8991],[136.22537,35.89921],[136.2256,35.89915]]]}},{"type":"Feature","properties":{"pid":"ffc0e7c7-ce82-47a5-a2b1-2a5f2f4ef752","full":24.3},"geometry":{"type":"Polygon","coordinates":[[[136.22685,35.89885],[136.22655,35.89867],[136.22634,35.89877],[136.22635,35.89883],[136.22633,35.89927],[136.2272,35.89929],[136.22721,35.89921],[136.22719,35.89918],[136.22699,35.899],[136.22684,35.8989],[136.22683,35.89887],[136.22685,35.89885]]]}},{"type":"Feature","properties":{"pid":"7b78aace-0afd-44fb-a843-13094fc7e907","full":9.6},"geometry":{"type":"Polygon","coordinates":[[[136.2273,35.89879],[136.22732,35.89821],[136.22707,35.89829],[136.22697,35.89838],[136.22698,35.89879],[136.22702,35.89882],[136.2273,35.89879]]]}},{"type":"Feature","properties":{"pid":"74fe4de2-f6c7-4111-af7f-b5c595966f8f","full":1.4},"geometry":{"type":"Polygon","coordinates":[[[136.22697,35.89879],[136.22696,35.89839],[136.2268,35.89851],[136.22667,35.89858],[136.22697,35.89879]]]}},{"type":"Feature","properties":{"pid":"0eb6c1dd-575e-49e4-9823-b7d2d6df734d","full":2.3},"geometry":{"type":"Polygon","coordinates":[[[136.22707,35.89796],[136.22672,35.8977],[136.22662,35.89779],[136.22684,35.89805],[136.22695,35.89802],[136.22702,35.898],[136.22707,35.89796]]]}},{"type":"Feature","properties":{"pid":"47644466-567c-4b94-a5cc-342bf9d5fcd6","full":2.5},"geometry":{"type":"Polygon","coordinates":[[[136.22741,35.89788],[136.22725,35.89777],[136.22699,35.89776],[136.22693,35.8978],[136.22722,35.89799],[136.22734,35.89813],[136.22736,35.898],[136.22741,35.89788]]]}},{"type":"Feature","properties":{"pid":"3e512085-bd90-4a50-a48e-2b70eb82f4ec","full":5.2},"geometry":{"type":"Polygon","coordinates":[[[136.22693,35.89838],[136.22708,35.89824],[136.22717,35.89823],[136.2273,35.89818],[136.22731,35.89816],[136.22718,35.89803],[136.2271,35.89798],[136.22707,35.898],[136.22685,35.89806],[136.2268,35.89834],[136.22693,35.89838]]]}},{"type":"Feature","properties":{"pid":"29fad671-6ad2-4e0c-81f6-1027f6030040","full":0.9},"geometry":{"type":"Polygon","coordinates":[[[136.22679,35.89832],[136.22683,35.89806],[136.2268,35.89805],[136.22679,35.89808],[136.22668,35.89807],[136.22658,35.89842],[136.22664,35.8984],[136.22674,35.89831],[136.22679,35.89832]]]}},{"type":"Feature","properties":{"pid":"1af15a21-c117-4598-a114-2e78d7b42035","full":13.5},"geometry":{"type":"Polygon","coordinates":[[[136.2283,35.89852],[136.2283,35.89826],[136.22739,35.89825],[136.22738,35.8985],[136.2283,35.89852]]]}},{"type":"Feature","properties":{"pid":"f710a959-be82-4c8f-9514-2407e3b122da","full":14.0},"geometry":{"type":"Polygon","coordinates":[[[136.22806,35.89824],[136.22807,35.89792],[136.22796,35.89792],[136.22788,35.89789],[136.22778,35.89788],[136.22769,35.89782],[136.22759,35.89779],[136.22751,35.89788],[136.22747,35.89795],[136.22741,35.89823],[136.22806,35.89824]]]}},{"type":"Feature","properties":{"pid":"0200cc9b-ccf9-4e93-b7e5-0212676d5d69","full":3.6},"geometry":{"type":"Polygon","coordinates":[[[136.22834,35.89778],[136.22818,35.89778],[136.22819,35.89791],[136.22809,35.89792],[136.22809,35.89823],[136.22833,35.89824],[136.22834,35.89778]]]}},{"type":"Feature","properties":{"pid":"902bc2d8-ed13-4ad8-899c-ee68917b01c9","full":12.3},"geometry":{"type":"Polygon","coordinates":[[[136.22869,35.89842],[136.2287,35.89777],[136.22837,35.89778],[136.22835,35.89841],[136.22869,35.89842]]]}},{"type":"Feature","properties":{"pid":"490bdd98-1c4b-4aad-97d4-411a81c7d2ae","full":5.0},"geometry":{"type":"Polygon","coordinates":[[[136.22868,35.89886],[136.22869,35.89854],[136.22835,35.89853],[136.22836,35.89885],[136.22868,35.89886]]]}},{"type":"Feature","properties":{"pid":"97eea835-e8ba-4255-967c-014460578bb5","full":13.5},"geometry":{"type":"Polygon","coordinates":[[[136.2283,35.89853],[136.22737,35.89852],[136.22737,35.89878],[136.2283,35.89879],[136.2283,35.89853]]]}},{"type":"Feature","properties":{"pid":"11e4eba6-addf-4c5f-b111-94d7c41deae1","full":13.4},"geometry":{"type":"Polygon","coordinates":[[[136.22829,35.89905],[136.2283,35.8988],[136.22737,35.89879],[136.22736,35.89904],[136.22829,35.89905]]]}},{"type":"Feature","properties":{"pid":"f54dff6f-414a-46dc-a683-aea5c07a62d2","full":11.9},"geometry":{"type":"Polygon","coordinates":[[[136.22736,35.89905],[136.22736,35.89908],[136.22757,35.89932],[136.22828,35.89933],[136.22829,35.89907],[136.22736,35.89905]]]}},{"type":"Feature","properties":{"pid":"402575b3-06ed-479f-bc1d-afad2276e227","full":2.4},"geometry":{"type":"Polygon","coordinates":[[[136.22867,35.89907],[136.22868,35.89887],[136.22835,35.89886],[136.22835,35.89906],[136.22867,35.89907]]]}},{"type":"Feature","properties":{"pid":"18a169ac-71f3-4add-9b76-3bfa87c87c51","full":3.5},"geometry":{"type":"Polygon","coordinates":[[[136.22867,35.89908],[136.22834,35.89908],[136.22834,35.89933],[136.22868,35.89932],[136.22867,35.89908]]]}},{"type":"Feature","properties":{"pid":"a4aea256-c67b-4260-915c-a7a459492423","full":9.2},"geometry":{"type":"Polygon","coordinates":[[[136.22946,35.8991],[136.22876,35.89909],[136.22875,35.89934],[136.22946,35.89934],[136.22946,35.8991]]]}},{"type":"Feature","properties":{"pid":"6b401e75-bbc3-4a9b-b312-7df5e2ba1955","full":11.5},"geometry":{"type":"Polygon","coordinates":[[[136.22875,35.89907],[136.22946,35.89908],[136.22947,35.89881],[136.22936,35.8988],[136.2293,35.89878],[136.22881,35.89881],[136.22879,35.89882],[136.22876,35.89882],[136.22875,35.89907]]]}},{"type":"Feature","properties":{"pid":"c9ec6cd9-31d5-479d-b4db-01e4931640ff","full":9.6},"geometry":{"type":"Polygon","coordinates":[[[136.2295,35.89939],[136.23025,35.8994],[136.23023,35.89929],[136.23022,35.89918],[136.2302,35.89915],[136.22951,35.89914],[136.2295,35.89939]]]}},{"type":"Feature","properties":{"pid":"e00c11fc-1852-49f2-b897-a9364c2aff78","full":13.3},"geometry":{"type":"Polygon","coordinates":[[[136.22952,35.89901],[136.23052,35.89903],[136.23054,35.899],[136.2306,35.89899],[136.23064,35.89895],[136.23075,35.89895],[136.23079,35.8988],[136.22952,35.89881],[136.22952,35.89901]]]}},{"type":"Feature","properties":{"pid":"d19d6ef9-827b-428e-bafc-0fe593af70d9","full":6.9},"geometry":{"type":"Polygon","coordinates":[[[136.22903,35.89878],[136.229,35.89817],[136.22878,35.89818],[136.22877,35.89879],[136.22903,35.89878]]]}},{"type":"Feature","properties":{"pid":"bd5c40e5-1200-41fa-ae7a-6e22dabd6b51","full":3.8},"geometry":{"type":"Polygon","coordinates":[[[136.22903,35.89724],[136.22874,35.89726],[136.22876,35.89754],[136.22878,35.89756],[136.22904,35.89756],[136.22903,35.89724]]]}},{"type":"Feature","properties":{"pid":"72ed7406-49f3-4cf2-a579-efd73f03c263","full":4.5},"geometry":{"type":"Polygon","coordinates":[[[136.22867,35.89744],[136.22866,35.89722],[136.22832,35.89723],[136.22819,35.8972],[136.22821,35.89745],[136.22867,35.89744]]]}}],"precision":5}