{"type":"FeatureCollection","features":[{"type":"Feature","properties":{"pid":"f630a16c-b4de-43ad-8a80-8d45d37b5d0d","full":4.0},"geometry":{"type":"Polygon","coordinates":[[[136.1273,35.9544],[136.12735,35.95424],[136.12695,35.9542],[136.12665,35.95413],[136.12655,35.95425],[136.12657,35.95426],[136.12655,35.95428],[136.1273,35.9544]]]}},{"type":"Feature","properties":{"pid":"d2f4fc08-b942-4081-8a2a-d2aa6dd7f4f1","full":4.3},"geometry":{"type":"Polygon","coordinates":[[[136.12677,35.95396],[136.12697,35.95402],[136.127,35.95396],[136.12704,35.95394],[136.12711,35.95394],[136.12717,35.95383],[136.12716,35.95379],[136.1271,35.95374],[136.12699,35.9537],[136.12682,35.95367],[136.12677,35.95396]]]}},{"type":"Feature","properties":{"pid":"7fe8dd3e-54e2-4680-8af5-4f4358bbd5fa","full":0.8},"geometry":{"type":"Polygon","coordinates":[[[136.12698,35.95419],[136.12701,35.95407],[136.12674,35.95399],[136.12667,35.95408],[136.12669,35.95409],[136.12668,35.95412],[136.12698,35.95419]]]}},{"type":"Feature","properties":{"pid":"554433eb-a402-40bd-b452-9fadadafefaa","full":19.8},"geometry":{"type":"Polygon","coordinates":[[[136.12553,35.95532],[136.12552,35.95484],[136.12492,35.95485],[136.12492,35.95535],[136.12553,35.95532]]]}},{"type":"Feature","properties":{"pid":"93cada85-320c-4b1b-8d04-e29e2a93adc7","full":16.3},"geometry":{"type":"Polygon","coordinates":[[[136.12492,35.9548],[136.12552,35.9548],[136.12552,35.95438],[136.12492,35.95437],[136.12492,35.9548]]]}},{"type":"Feature","properties":{"pid":"046ef9d5-0062-42c7-9a64-12da12737a40","full":10.5},"geometry":{"type":"Polygon","coordinates":[[[136.12492,35.95566],[136.1255,35.95566],[136.12552,35.95564],[136.12552,35.95534],[136.12493,35.95536],[136.12492,35.95566]]]}},{"type":"Feature","properties":{"pid":"6ff3fbe2-891e-4409-adb0-d71db58cdf74","full":9.5},"geometry":{"type":"Polygon","coordinates":[[[136.12584,35.95566],[136.12583,35.95484],[136.12559,35.95484],[136.1256,35.95565],[136.12562,35.95567],[136.12584,35.95566]]]}},{"type":"Feature","properties":{"pid":"fce545ad-21b2-420e-a75d-ce5a15274658","full":13.1},"geometry":{"type":"Polygon","coordinates":[[[136.12585,35.95566],[136.12614,35.95566],[136.12614,35.95484],[136.12584,35.95484],[136.12585,35.95566]]]}},{"type":"Feature","properties":{"pid":"87935cef-f3fc-4fa4-9856-a86d9bed01c0","full":16.3},"geometry":{"type":"Polygon","coordinates":[[[136.12663,35.95596],[136.12773,35.95597],[136.12773,35.95573],[136.12772,35.95572],[136.12765,35.95571],[136.12664,35.95571],[136.12662,35.95572],[136.12663,35.95596]]]}},{"type":"Feature","properties":{"pid":"b8594f65-fa74-4a2b-9882-fc7ec1158b53","full":7.3},"geometry":{"type":"Polygon","coordinates":[[[136.1266,35.95547],[136.12662,35.95547],[136.12769,35.95548],[136.12771,35.95546],[136.12771,35.95538],[136.1276,35.95531],[136.12661,35.95532],[136.12659,35.95532],[136.1266,35.95547]]]}},{"type":"Feature","properties":{"pid":"f64f8e06-f79c-4ec0-907d-01fa86bd49f7","full":7.5},"geometry":{"type":"Polygon","coordinates":[[[136.1266,35.95551],[136.1266,35.95564],[136.1266,35.95566],[136.12771,35.95566],[136.12772,35.95563],[136.12772,35.9555],[136.12665,35.95549],[136.12662,35.95549],[136.1266,35.95551]]]}},{"type":"Feature","properties":{"pid":"4f370fd4-b19e-48e4-8c95-0fe1f610144b","full":10.0},"geometry":{"type":"Polygon","coordinates":[[[136.12659,35.9553],[136.12662,35.9553],[136.12754,35.95529],[136.12758,35.95525],[136.12732,35.95507],[136.12659,35.95508],[136.12659,35.9553]]]}},{"type":"Feature","properties":{"pid":"8263f8b8-69a9-41c4-a6ae-e05f29f0ce26","full":21.9},"geometry":{"type":"Polygon","coordinates":[[[136.12615,35.95566],[136.12657,35.95565],[136.12656,35.95484],[136.12615,35.95485],[136.12615,35.95566]]]}},{"type":"Feature","properties":{"pid":"83cfaa8d-7e81-45f4-8ddd-f6e0434c95c2","full":7.0},"geometry":{"type":"Polygon","coordinates":[[[136.12622,35.95481],[136.12659,35.9548],[136.1266,35.95451],[136.12648,35.95447],[136.12637,35.95444],[136.1263,35.95443],[136.1262,35.95443],[136.12622,35.95481]]]}},{"type":"Feature","properties":{"pid":"54866ef0-2011-401a-923e-d9f4644bb622","full":8.1},"geometry":{"type":"Polygon","coordinates":[[[136.12653,35.95429],[136.1265,35.95433],[136.12652,35.95436],[136.12664,35.9544],[136.12671,35.95443],[136.12723,35.95484],[136.12725,35.95483],[136.12727,35.95484],[136.12733,35.9548],[136.12729,35.95473],[136.12727,35.95462],[136.12727,35.95456],[136.12727,35.95448],[136.1273,35.95441],[136.12653,35.95429]]]}},{"type":"Feature","properties":{"pid":"1ab16c49-a2af-4dd2-a253-b668f3601237","full":2.4},"geometry":{"type":"Polygon","coordinates":[[[136.12728,35.95505],[136.1273,35.95504],[136.12705,35.95483],[136.12703,35.95483],[136.12684,35.95499],[136.12682,35.95498],[136.12661,35.95483],[136.12659,35.95484],[136.1266,35.95503],[136.12661,35.95505],[136.12664,35.95506],[136.12728,35.95505]]]}},{"type":"Feature","properties":{"pid":"f6db4441-57cc-4690-bf0c-721a33294c75","full":1.0},"geometry":{"type":"Polygon","coordinates":[[[136.12794,35.95484],[136.12812,35.95475],[136.12804,35.95465],[136.12798,35.95467],[136.12793,35.9546],[136.12778,35.95468],[136.12794,35.95484]]]}},{"type":"Feature","properties":{"pid":"b38b93ac-01f4-4dac-9a08-0b5293e61812","full":4.8},"geometry":{"type":"Polygon","coordinates":[[[136.12758,35.95511],[136.12763,35.95512],[136.12782,35.95497],[136.12779,35.95492],[136.12778,35.95489],[136.12774,35.95484],[136.12768,35.95476],[136.12766,35.95474],[136.12732,35.9549],[136.12758,35.95511]]]}},{"type":"Feature","properties":{"pid":"8f7d8e7f-46b7-47c4-805f-6312f732663f","full":1.4},"geometry":{"type":"Polygon","coordinates":[[[136.12865,35.95565],[136.12867,35.95565],[136.12877,35.95558],[136.12878,35.95556],[136.12855,35.95534],[136.12849,35.95538],[136.12836,35.95539],[136.12865,35.95565]]]}},{"type":"Feature","properties":{"pid":"66794bf0-eb49-4806-9b11-bf93a5eaab3f","full":6.1},"geometry":{"type":"Polygon","coordinates":[[[136.12863,35.95568],[136.12862,35.95566],[136.12832,35.95539],[136.12818,35.95538],[136.1279,35.95534],[136.12789,35.95536],[136.12846,35.9558],[136.12848,35.9558],[136.12863,35.95568]]]}},{"type":"Feature","properties":{"pid":"f727fc1f-4c3e-4ca9-940c-92a70d68bd78","full":13.9},"geometry":{"type":"Polygon","coordinates":[[[136.12854,35.95606],[136.12836,35.95591],[136.12837,35.95589],[136.12787,35.9555],[136.1278,35.95553],[136.12779,35.95604],[136.12782,35.95604],[136.12783,35.95607],[136.12854,35.95606]]]}},{"type":"Feature","properties":{"pid":"344051af-8c06-4bba-9c65-aade415be183","full":39.5},"geometry":{"type":"Polygon","coordinates":[[[136.12781,35.95658],[136.12782,35.9566],[136.12891,35.95659],[136.12892,35.95636],[136.12856,35.95609],[136.12854,35.95608],[136.12782,35.95608],[136.12782,35.9561],[136.1278,35.95611],[136.1278,35.95657],[136.12781,35.95658]]]}},{"type":"Feature","properties":{"pid":"4011f639-1b6c-40c7-af80-f82a17712dc8","full":19.5},"geometry":{"type":"Polygon","coordinates":[[[136.12892,35.95661],[136.12782,35.95662],[136.12782,35.95663],[136.1278,35.95664],[136.1278,35.9569],[136.12892,35.95689],[136.12892,35.95661]]]}},{"type":"Feature","properties":{"pid":"437b62bf-9f1d-4233-8956-b12d8c2aa381","full":9.7},"geometry":{"type":"Polygon","coordinates":[[[136.12771,35.95638],[136.12771,35.95619],[136.12665,35.9562],[136.12663,35.9562],[136.12663,35.95638],[136.12665,35.95639],[136.12771,35.95638]]]}},{"type":"Feature","properties":{"pid":"51062c5a-5e92-4d8f-9103-5c5c2f76bf1d","full":3.1},"geometry":{"type":"Polygon","coordinates":[[[136.12662,35.95606],[136.12663,35.95618],[136.12772,35.95619],[136.12772,35.95606],[136.12662,35.95606]]]}},{"type":"Feature","properties":{"pid":"cc8989e3-36ba-401a-8bd3-1ddd3c536205","full":11.0},"geometry":{"type":"Polygon","coordinates":[[[136.12632,35.95658],[136.12657,35.95658],[136.12657,35.95572],[136.12633,35.95572],[136.12631,35.95575],[136.12632,35.95658]]]}},{"type":"Feature","properties":{"pid":"8381b02a-c2cc-4f6c-a5ac-4a05b62cae0c","full":42.9},"geometry":{"type":"Polygon","coordinates":[[[136.1277,35.95714],[136.1277,35.95712],[136.12774,35.95713],[136.12773,35.95662],[136.12663,35.95663],[136.12662,35.95714],[136.1277,35.95714]]]}},{"type":"Feature","properties":{"pid":"87034afb-8bd2-4095-a928-cca0f1547107","full":10.3},"geometry":{"type":"Polygon","coordinates":[[[136.12663,35.95657],[136.12665,35.95657],[136.12665,35.9566],[136.12773,35.9566],[136.12772,35.9564],[136.12662,35.9564],[136.12663,35.95657]]]}},{"type":"Feature","properties":{"pid":"af50e633-35d3-45d0-81fd-8297ed8508d4","full":27.1},"geometry":{"type":"Polygon","coordinates":[[[136.12892,35.95726],[136.12892,35.9569],[136.1278,35.95691],[136.1278,35.95724],[136.12781,35.95724],[136.12781,35.95726],[136.12892,35.95726]]]}},{"type":"Feature","properties":{"pid":"f28d5282-9ef5-4efb-952e-dbc69e1e33a0","full":64.5},"geometry":{"type":"Polygon","coordinates":[[[136.12459,35.95736],[136.12565,35.95737],[136.12566,35.95664],[136.12565,35.95662],[136.12455,35.95661],[136.12459,35.95736]]]}},{"type":"Feature","properties":{"pid":"762614a2-1d33-431c-9d14-4ec215333391","full":8.8},"geometry":{"type":"Polygon","coordinates":[[[136.12656,35.95685],[136.12656,35.95663],[136.1258,35.95663],[136.12577,35.95664],[136.12576,35.95682],[136.12581,35.95683],[136.12582,35.95686],[136.12656,35.95685]]]}},{"type":"Feature","properties":{"pid":"5b6f257d-85c7-4e68-bf58-cd722d69731a","full":21.5},"geometry":{"type":"Polygon","coordinates":[[[136.12591,35.95658],[136.1263,35.95658],[136.1263,35.95574],[136.12627,35.95574],[136.12627,35.95572],[136.12591,35.95572],[136.12591,35.95658]]]}},{"type":"Feature","properties":{"pid":"47dcffb3-2ad7-4231-97fd-e4b937eb00a2","full":26.0},"geometry":{"type":"Polygon","coordinates":[[[136.12545,35.95658],[136.1259,35.95658],[136.12589,35.95575],[136.12586,35.95574],[136.12586,35.95572],[136.12545,35.95572],[136.12545,35.95658]]]}},{"type":"Feature","properties":{"pid":"4518cfe3-9714-476c-a055-3011fcb2b770","full":5.9},"geometry":{"type":"Polygon","coordinates":[[[136.12525,35.95657],[136.12544,35.95658],[136.12543,35.95575],[136.12541,35.95574],[136.1254,35.95572],[136.12524,35.95572],[136.12525,35.95657]]]}},{"type":"Feature","properties":{"pid":"2ec62c88-7aad-497e-bd75-02d6ab83021c","full":3.0},"geometry":{"type":"Polygon","coordinates":[[[136.13795,35.95661],[136.13795,35.95677],[136.13799,35.95688],[136.13807,35.95694],[136.13819,35.95695],[136.13822,35.95662],[136.13821,35.95662],[136.13795,35.95661]]]}},{"type":"Feature","properties":{"pid":"04e739b5-a8a1-44ed-ade0-dcc092610f07","full":1.2},"geometry":{"type":"Polygon","coordinates":[[[136.1384,35.95664],[136.13825,35.95663],[136.13822,35.95701],[136.13837,35.95702],[136.1384,35.95664]]]}},{"type":"Feature","properties":{"pid":"84f04876-5b8a-4598-9067-0cfb1532bcc7","full":0.6},"geometry":{"type":"Polygon","coordinates":[[[136.13871,35.95624],[136.13858,35.95623],[136.13855,35.95657],[136.13869,35.95657],[136.13871,35.95624]]]}},{"type":"Feature","properties":{"pid":"47d669ef-49ff-45ca-9146-108f45e68206","full":3.6},"geometry":{"type":"Polygon","coordinates":[[[136.13869,35.95658],[136.1389,35.95659],[136.13891,35.95657],[136.13897,35.95639],[136.13903,35.95628],[136.13901,35.95625],[136.13873,35.95624],[136.13869,35.95658]]]}},{"type":"Feature","properties":{"pid":"6610ecb2-be39-4992-933d-ac9dd398bf46","full":4.6},"geometry":{"type":"Polygon","coordinates":[[[136.13854,35.95657],[136.13858,35.95623],[136.13828,35.95622],[136.13825,35.95655],[136.13854,35.95657]]]}},{"type":"Feature","properties":{"pid":"fe490297-af5f-42ed-8520-320d8c04691c","full":8.1},"geometry":{"type":"Polygon","coordinates":[[[136.13779,35.95654],[136.13822,35.95656],[136.13824,35.95621],[136.13782,35.9562],[136.13779,35.95654]]]}},{"type":"Feature","properties":{"pid":"ae4ba85e-dcde-45ce-8234-927a66426113","full":2.6},"geometry":{"type":"Polygon","coordinates":[[[136.13755,35.95653],[136.13776,35.95653],[136.13779,35.95619],[136.13757,35.95618],[136.13755,35.95653]]]}},{"type":"Feature","properties":{"pid":"8a4de95e-a972-4fd3-a747-955c152b4c72","full":0.7},"geometry":{"type":"Polygon","coordinates":[[[136.13717,35.95652],[136.13719,35.95615],[136.13706,35.95614],[136.13703,35.95651],[136.13717,35.95652]]]}},{"type":"Feature","properties":{"pid":"4405e486-38be-425d-a9dd-07d496b03403","full":6.2},"geometry":{"type":"Polygon","coordinates":[[[136.13658,35.95603],[136.13655,35.95593],[136.13654,35.9559],[136.13652,35.95589],[136.13649,35.95587],[136.13634,35.95587],[136.13631,35.9563],[136.13666,35.95632],[136.13668,35.95613],[136.1366,35.95608],[136.13658,35.95603]]]}},{"type":"Feature","properties":{"pid":"516f1b50-0966-491b-b190-ac05d69089c9","full":4.9},"geometry":{"type":"Polygon","coordinates":[[[136.136,35.95626],[136.13601,35.95628],[136.13625,35.95628],[136.13629,35.95587],[136.13627,35.95585],[136.13603,35.95586],[136.136,35.95626]]]}},{"type":"Feature","properties":{"pid":"e8debf7f-3286-4be5-8ead-2235b6268402","full":1.5},"geometry":{"type":"Polygon","coordinates":[[[136.13525,35.95609],[136.13552,35.95624],[136.13564,35.95624],[136.13566,35.95607],[136.13563,35.95606],[136.13529,35.95605],[136.13522,35.95603],[136.13521,35.95605],[136.13525,35.95609]]]}},{"type":"Feature","properties":{"pid":"ca48ae29-6e38-4082-9f04-04e517270cd8","full":4.0},"geometry":{"type":"Polygon","coordinates":[[[136.1358,35.95669],[136.13584,35.95676],[136.13596,35.95679],[136.13598,35.95677],[136.13599,35.95636],[136.13598,35.95635],[136.13565,35.95635],[136.13565,35.95638],[136.13571,35.95648],[136.13578,35.95662],[136.1358,35.95669]]]}},{"type":"Feature","properties":{"pid":"093170a8-011f-4deb-b3ff-91492d660123","full":4.6},"geometry":{"type":"Polygon","coordinates":[[[136.13629,35.95637],[136.136,35.95637],[136.13599,35.95678],[136.13616,35.95684],[136.13617,35.95682],[136.13618,35.95682],[136.1362,35.95663],[136.13627,35.95664],[136.13629,35.95637]]]}},{"type":"Feature","properties":{"pid":"2e723b05-3dff-4304-86d5-8b5830662b6c","full":6.1},"geometry":{"type":"Polygon","coordinates":[[[136.12953,35.95691],[136.1297,35.9569],[136.1297,35.9567],[136.12968,35.95657],[136.12963,35.95644],[136.12957,35.95634],[136.12951,35.95625],[136.12948,35.95625],[136.12936,35.95632],[136.12953,35.95691]]]}},{"type":"Feature","properties":{"pid":"67e454f5-f3ea-4f46-b40b-4d69fe82d5f4","full":2.1},"geometry":{"type":"Polygon","coordinates":[[[136.12934,35.95632],[136.12916,35.95642],[136.12923,35.95652],[136.1293,35.95666],[136.12934,35.95679],[136.12936,35.95691],[136.12939,35.95693],[136.12952,35.95692],[136.12934,35.95632]]]}},{"type":"Feature","properties":{"pid":"8436f233-a6bf-426d-8fd7-b53b07b064eb","full":5.8},"geometry":{"type":"Polygon","coordinates":[[[136.12926,35.95625],[136.12866,35.95572],[136.12864,35.95571],[136.1285,35.95582],[136.12852,35.95584],[136.12913,35.95636],[136.12915,35.95635],[136.12926,35.95625]]]}},{"type":"Feature","properties":{"pid":"99678147-9d18-4540-9bd0-8b31fd09da48","full":5.6},"geometry":{"type":"Polygon","coordinates":[[[136.1293,35.95626],[136.12945,35.95617],[136.12883,35.95559],[136.12867,35.9557],[136.1293,35.95626]]]}},{"type":"Feature","properties":{"pid":"823af837-ede8-468f-afd3-9ac85c7ca3d9","full":0.9},"geometry":{"type":"Polygon","coordinates":[[[136.13572,35.95089],[136.13587,35.95084],[136.1359,35.9508],[136.13591,35.95074],[136.13588,35.95065],[136.13574,35.95068],[136.13566,35.95072],[136.1357,35.95079],[136.13571,35.95086],[136.13572,35.95089]]]}},{"type":"Feature","properties":{"pid":"321ed2fe-9f4c-4d8c-9034-e4c8c6779e54","full":0.6},"geometry":{"type":"Polygon","coordinates":[[[136.13593,35.94989],[136.13607,35.94976],[136.13594,35.94969],[136.1359,35.9497],[136.13577,35.9498],[136.13593,35.94989]]]}},{"type":"Feature","properties":{"pid":"cd485f21-cf37-4653-8781-dcd402b09d48","full":0.9},"geometry":{"type":"Polygon","coordinates":[[[136.13649,35.94944],[136.13662,35.94941],[136.13665,35.94949],[136.13668,35.94953],[136.13669,35.94956],[136.13683,35.94953],[136.13674,35.9493],[136.13647,35.94933],[136.13649,35.94944]]]}},{"type":"Feature","properties":{"pid":"e81bac06-b196-4995-98bb-0e90a5b8904e","full":2.4},"geometry":{"type":"Polygon","coordinates":[[[136.13647,35.94932],[136.13666,35.94929],[136.13661,35.9489],[136.13644,35.9489],[136.13643,35.94891],[136.13647,35.94932]]]}},{"type":"Feature","properties":{"pid":"3ffa407d-7833-43aa-a1ca-547ab50e5191","full":2.0},"geometry":{"type":"Polygon","coordinates":[[[136.13735,35.94951],[136.13765,35.94951],[136.13768,35.94949],[136.13763,35.94933],[136.13752,35.94935],[136.13751,35.94929],[136.13731,35.94933],[136.13735,35.94951]]]}},{"type":"Feature","properties":{"pid":"8ddbfb85-2ce4-4164-b6f4-388f3b6bf3e1","full":1.2},"geometry":{"type":"Polygon","coordinates":[[[136.13773,35.94954],[136.13787,35.94954],[136.13787,35.94952],[136.13789,35.94951],[136.1378,35.9492],[136.13764,35.94922],[136.13771,35.94943],[136.13773,35.94954]]]}},{"type":"Feature","properties":{"pid":"7e735fd8-d795-41ad-83e9-ee1af5a89c7c","full":1.9},"geometry":{"type":"Polygon","coordinates":[[[136.13749,35.94991],[136.13751,35.94993],[136.13777,35.94986],[136.1378,35.94984],[136.13773,35.94969],[136.13742,35.94977],[136.13749,35.94991]]]}},{"type":"Feature","properties":{"pid":"7f23b0cf-03ee-40d4-a418-1abbf2ca80d1","full":2.7},"geometry":{"type":"Polygon","coordinates":[[[136.13822,35.94976],[136.13822,35.94961],[136.1378,35.94962],[136.13778,35.94963],[136.13787,35.94981],[136.13818,35.94979],[136.13821,35.94978],[136.13822,35.94976]]]}},{"type":"Feature","properties":{"pid":"d4794d45-aee4-4dfd-a95c-5b9add7f61e5","full":1.2},"geometry":{"type":"Polygon","coordinates":[[[136.13789,35.94939],[136.13792,35.94953],[136.13829,35.94952],[136.1383,35.9495],[136.13824,35.94938],[136.13789,35.94939]]]}},{"type":"Feature","properties":{"pid":"0e0a4329-63f4-43f3-8e7c-accbcf78b60a","full":7.7},"geometry":{"type":"Polygon","coordinates":[[[136.13823,35.94938],[136.13793,35.94884],[136.13767,35.94892],[136.13774,35.9491],[136.1378,35.94909],[136.13788,35.94939],[136.13823,35.94938]]]}},{"type":"Feature","properties":{"pid":"5d3568c6-69d8-4109-9576-fe688e9c5641","full":24.9},"geometry":{"type":"Polygon","coordinates":[[[136.138,35.94883],[136.13837,35.94945],[136.1384,35.94948],[136.13863,35.94947],[136.13869,35.94946],[136.13872,35.94944],[136.13886,35.94931],[136.13839,35.94869],[136.138,35.94883]]]}},{"type":"Feature","properties":{"pid":"b09d1ed8-b616-444b-8e67-7f3769fd517d","full":5.0},"geometry":{"type":"Polygon","coordinates":[[[136.13571,35.95625],[136.13573,35.95626],[136.13597,35.95627],[136.13601,35.95585],[136.13584,35.95582],[136.13579,35.95583],[136.13576,35.95585],[136.13571,35.95625]]]}},{"type":"Feature","properties":{"pid":"88283992-84e5-47c0-997e-35eedd9ef90a","full":2.8},"geometry":{"type":"Polygon","coordinates":[[[136.13663,35.95589],[136.13665,35.95592],[136.13666,35.95601],[136.13669,35.95605],[136.13673,35.95607],[136.13684,35.95607],[136.13688,35.9557],[136.13666,35.9557],[136.13663,35.95589]]]}},{"type":"Feature","properties":{"pid":"3445a93b-d62c-4b59-9c76-55e567acb3ee","full":6.6},"geometry":{"type":"Polygon","coordinates":[[[136.13686,35.95607],[136.1372,35.95609],[136.13724,35.95572],[136.1369,35.9557],[136.13686,35.95607]]]}},{"type":"Feature","properties":{"pid":"926f1f23-136d-4ea9-a118-7ec7fa4e68ef","full":4.7},"geometry":{"type":"Polygon","coordinates":[[[136.13753,35.95573],[136.13725,35.95572],[136.13722,35.95609],[136.13747,35.95611],[136.1375,35.95609],[136.13753,35.95573]]]}},{"type":"Feature","properties":{"pid":"f6581e7f-373a-43c9-92ef-7fca60c51b45","full":4.5},"geometry":{"type":"Polygon","coordinates":[[[136.13755,35.9561],[136.1376,35.95612],[136.13781,35.95613],[136.13782,35.95611],[136.13786,35.95575],[136.13759,35.95574],[136.13755,35.9561]]]}},{"type":"Feature","properties":{"pid":"235c0c20-cc72-42cf-b737-e83132b82074","full":8.2},"geometry":{"type":"Polygon","coordinates":[[[136.13776,35.95532],[136.13737,35.95531],[136.13734,35.95568],[136.13775,35.95569],[136.13776,35.95532]]]}},{"type":"Feature","properties":{"pid":"c8c9dab6-e3c5-4546-a531-ee51ed30a30c","full":13.1},"geometry":{"type":"Polygon","coordinates":[[[136.13734,35.95531],[136.13683,35.95528],[136.13678,35.95536],[136.13673,35.95556],[136.1367,35.95565],[136.13732,35.95568],[136.13734,35.95531]]]}},{"type":"Feature","properties":{"pid":"2b41b652-17ec-4a08-a599-fe9381fc547d","full":3.1},"geometry":{"type":"Polygon","coordinates":[[[136.13799,35.95533],[136.13777,35.95532],[136.13775,35.95569],[136.13798,35.9557],[136.13799,35.95533]]]}},{"type":"Feature","properties":{"pid":"3b5f9182-6244-44c3-a8c7-7e0d01358d87","full":4.4},"geometry":{"type":"Polygon","coordinates":[[[136.13828,35.9557],[136.13827,35.95536],[136.13824,35.95534],[136.138,35.95534],[136.13799,35.9557],[136.13828,35.9557]]]}},{"type":"Feature","properties":{"pid":"c3bd64da-c272-4b58-a852-acaa0f37447f","full":2.6},"geometry":{"type":"Polygon","coordinates":[[[136.13783,35.95613],[136.13802,35.95614],[136.13804,35.95612],[136.13807,35.95576],[136.13787,35.95575],[136.13783,35.95613]]]}},{"type":"Feature","properties":{"pid":"ceacc751-33a7-421f-9b8b-f5c72fc4ac4b","full":2.8},"geometry":{"type":"Polygon","coordinates":[[[136.13804,35.95614],[136.13823,35.95615],[136.13825,35.95613],[136.13828,35.95577],[136.13807,35.95576],[136.13804,35.95614]]]}},{"type":"Feature","properties":{"pid":"87297bc8-e801-4e3f-86c5-0d60c85a082a","full":7.9},"geometry":{"type":"Polygon","coordinates":[[[136.13868,35.95617],[136.13871,35.95575],[136.13836,35.95579],[136.13834,35.9558],[136.13831,35.95614],[136.13833,35.95616],[136.13868,35.95617]]]}},{"type":"Feature","properties":{"pid":"f7e35b30-3a61-4e87-ba21-5247265a17db","full":7.9},"geometry":{"type":"Polygon","coordinates":[[[136.13868,35.95617],[136.13901,35.95619],[136.13906,35.95571],[136.13873,35.95575],[136.13868,35.95617]]]}},{"type":"Feature","properties":{"pid":"82440003-15ab-4ed1-b34a-6bbeb21d1cbc","full":14.9},"geometry":{"type":"Polygon","coordinates":[[[136.14039,35.95598],[136.14039,35.95597],[136.14042,35.95597],[136.14038,35.95568],[136.1399,35.95567],[136.13967,35.9557],[136.13971,35.95605],[136.14039,35.95598]]]}},{"type":"Feature","properties":{"pid":"029860f0-29e1-40bb-9393-f3f91bcf6aee","full":2.1},"geometry":{"type":"Polygon","coordinates":[[[136.14075,35.95593],[136.14115,35.95589],[136.1411,35.95585],[136.14101,35.95576],[136.14095,35.95573],[136.14088,35.9557],[136.14074,35.9557],[136.14075,35.95593]]]}},{"type":"Feature","properties":{"pid":"f78793ed-d01f-48e0-b923-05f3d5526fcb","full":0.5},"geometry":{"type":"Polygon","coordinates":[[[136.14073,35.95569],[136.14058,35.95568],[136.14061,35.95595],[136.14074,35.95593],[136.14073,35.95569]]]}},{"type":"Feature","properties":{"pid":"21966b2d-d6ff-42e1-92ca-7fd0562b573e","full":1.4},"geometry":{"type":"Polygon","coordinates":[[[136.1406,35.95595],[136.14058,35.95568],[136.14039,35.95568],[136.14043,35.95597],[136.1406,35.95595]]]}},{"type":"Feature","properties":{"pid":"d07e3dff-2c92-46e8-8e93-f7220e6505fd","full":0.8},"geometry":{"type":"Polygon","coordinates":[[[136.13969,35.95068],[136.1398,35.9507],[136.13986,35.95068],[136.13977,35.95049],[136.13974,35.95044],[136.1396,35.95051],[136.13969,35.95068]]]}},{"type":"Feature","properties":{"pid":"9a07d615-8713-4efe-89ab-3ddc15a36b90","full":32.0},"geometry":{"type":"Polygon","coordinates":[[[136.14068,35.94995],[136.1407,35.95004],[136.14095,35.95048],[136.14158,35.95011],[136.14106,35.94952],[136.14068,35.94995]]]}},{"type":"Feature","properties":{"pid":"626d5028-5cb6-40c6-9111-01f9e2ac2f10","full":8.4},"geometry":{"type":"Polygon","coordinates":[[[136.14057,35.95049],[136.14075,35.95043],[136.14057,35.9501],[136.14029,35.95022],[136.14025,35.95027],[136.14021,35.95051],[136.14044,35.95052],[136.14057,35.95055],[136.14057,35.95049]]]}},{"type":"Feature","properties":{"pid":"afd00f30-5094-4c4a-ad25-2b7a2c3b5927","full":78.9},"geometry":{"type":"Polygon","coordinates":[[[136.14193,35.95027],[136.14193,35.95029],[136.14241,35.95082],[136.14354,35.95001],[136.14299,35.9495],[136.14193,35.95027]]]}},{"type":"Feature","properties":{"pid":"935dc977-0ea0-4576-8933-b0ff73b2b2e0","full":101.8},"geometry":{"type":"Polygon","coordinates":[[[136.14219,35.94878],[136.14124,35.94946],[136.14129,35.94955],[136.14136,35.94964],[136.14186,35.95021],[136.1419,35.9502],[136.14294,35.94945],[136.14219,35.94878]]]}},{"type":"Feature","properties":{"pid":"9460593e-c0da-405c-b838-924835507e35","full":40.9},"geometry":{"type":"Polygon","coordinates":[[[136.14371,35.94899],[136.14308,35.94943],[136.14309,35.94945],[136.14363,35.94995],[136.14421,35.94954],[136.14371,35.94899]]]}},{"type":"Feature","properties":{"pid":"dadb482e-a6f3-4849-be4a-69e36635c938","full":38.0},"geometry":{"type":"Polygon","coordinates":[[[136.14346,35.95093],[136.14359,35.95086],[136.14389,35.95067],[136.14405,35.95061],[136.14415,35.95058],[136.14358,35.95005],[136.14296,35.95049],[136.14346,35.95093]]]}},{"type":"Feature","properties":{"pid":"41549bac-8ded-43c5-8ecb-ed714f5191c2","full":1.9},"geometry":{"type":"Polygon","coordinates":[[[136.14542,35.95262],[136.1456,35.95262],[136.14559,35.95237],[136.14555,35.95235],[136.14537,35.95236],[136.14538,35.9526],[136.14542,35.95262]]]}},{"type":"Feature","properties":{"pid":"7a12ef2b-1096-4033-bd2c-22e5b0e47cf7","full":29.8},"geometry":{"type":"Polygon","coordinates":[[[136.14608,35.95166],[136.14621,35.95168],[136.14621,35.95177],[136.14628,35.9518],[136.14649,35.95185],[136.147,35.95186],[136.14705,35.9516],[136.14661,35.95135],[136.14654,35.9513],[136.14612,35.95129],[136.14603,35.95136],[136.1461,35.95153],[136.14609,35.95158],[136.14605,35.95162],[136.14608,35.95166]]]}},{"type":"Feature","properties":{"pid":"4557a1e2-06e0-4307-b481-073ba5519793","full":16.9},"geometry":{"type":"Polygon","coordinates":[[[136.14528,35.95056],[136.14544,35.95078],[136.14548,35.95085],[136.14563,35.95117],[136.14589,35.95119],[136.14592,35.95117],[136.14593,35.95057],[136.14528,35.95056]]]}},{"type":"Feature","properties":{"pid":"8ba1c881-f5e8-485b-868d-2af64a414548","full":1.3},"geometry":{"type":"Polygon","coordinates":[[[136.1447,35.9505],[136.14487,35.95039],[136.14473,35.95022],[136.14454,35.95035],[136.1447,35.9505]]]}},{"type":"Feature","properties":{"pid":"9f0e4d04-984d-43f3-b63d-1f8606df5544","full":3.4},"geometry":{"type":"Polygon","coordinates":[[[136.14459,35.95058],[136.14486,35.95072],[136.1449,35.95072],[136.14507,35.95062],[136.14488,35.95039],[136.14459,35.95058]]]}},{"type":"Feature","properties":{"pid":"4dfb3882-1c4e-464a-90bf-4905ce52ac3f","full":24.6},"geometry":{"type":"Polygon","coordinates":[[[136.14426,35.95011],[136.14449,35.95032],[136.1447,35.95018],[136.14421,35.94959],[136.14366,35.94998],[136.144,35.95029],[136.14426,35.95011]]]}},{"type":"Feature","properties":{"pid":"1a7c973f-5b6a-40a5-8a1e-90cb740bbdcb","full":35.0},"geometry":{"type":"Polygon","coordinates":[[[136.14392,35.94889],[136.14478,35.94995],[136.1448,35.94995],[136.14483,35.94888],[136.14398,35.94887],[136.14392,35.94889]]]}},{"type":"Feature","properties":{"pid":"95ecdd8b-3e25-4790-b29a-ba9241debdfe","full":98.0},"geometry":{"type":"Polygon","coordinates":[[[136.14601,35.9489],[136.14491,35.94888],[136.14489,35.94934],[136.14491,35.94934],[136.14491,35.94937],[136.14489,35.94937],[136.14489,35.94996],[136.14599,35.94997],[136.14601,35.9489]]]}},{"type":"Feature","properties":{"pid":"2c541d78-a833-49f7-a2ec-042d6fc9d6d9","full":25.1},"geometry":{"type":"Polygon","coordinates":[[[136.14602,35.95064],[136.14714,35.95065],[136.14716,35.95031],[136.14603,35.95029],[136.14602,35.95064]]]}},{"type":"Feature","properties":{"pid":"323dd03a-5fe0-4edd-a018-a78383f26726","full":74.8},"geometry":{"type":"Polygon","coordinates":[[[136.14734,35.94973],[136.14731,35.95076],[136.14818,35.95078],[136.14821,35.95076],[136.14824,35.94974],[136.14734,35.94973]]]}},{"type":"Feature","properties":{"pid":"7dd61f5e-6bde-4f49-bad3-b51e8a2e236e","full":21.9},"geometry":{"type":"Polygon","coordinates":[[[136.14735,35.94903],[136.14734,35.94939],[136.14824,35.94941],[136.14825,35.94907],[136.14822,35.94906],[136.14822,35.94904],[136.14735,35.94903]]]}},{"type":"Feature","properties":{"pid":"812083eb-3dce-481b-81e9-a30e594655a2","full":29.6},"geometry":{"type":"Polygon","coordinates":[[[136.14941,35.94931],[136.14942,35.94903],[136.14883,35.94901],[136.14883,35.94914],[136.1486,35.94914],[136.1486,35.94902],[136.14833,35.94902],[136.14831,35.94966],[136.14833,35.94968],[136.1488,35.94968],[136.14881,35.94931],[136.14941,35.94931]]]}},{"type":"Feature","properties":{"pid":"23cfab27-e0d2-4f1d-bd00-b6a52f53528d","full":13.5},"geometry":{"type":"Polygon","coordinates":[[[136.14881,35.94968],[136.14941,35.94969],[136.14941,35.94932],[136.14881,35.94932],[136.14881,35.94968]]]}},{"type":"Feature","properties":{"pid":"3188491a-145b-43dd-8eca-f8a86ccc3884","full":56.1},"geometry":{"type":"Polygon","coordinates":[[[136.1483,35.95039],[136.14938,35.95042],[136.14941,35.94979],[136.14939,35.94978],[136.14939,35.94975],[136.14831,35.94974],[136.1483,35.95039]]]}},{"type":"Feature","properties":{"pid":"100ada46-c1b0-4c8f-a3ac-01f8fb53e2ce","full":27.5},"geometry":{"type":"Polygon","coordinates":[[[136.14938,35.95043],[136.14829,35.95041],[136.14828,35.95078],[136.14937,35.9508],[136.14938,35.95043]]]}},{"type":"Feature","properties":{"pid":"e462a9a2-496f-4708-b390-fc6c2e7e2bdf","full":28.3},"geometry":{"type":"Polygon","coordinates":[[[136.14826,35.95117],[136.14828,35.95117],[136.14828,35.95119],[136.14937,35.95121],[136.14938,35.95083],[136.14827,35.95082],[136.14826,35.95117]]]}},{"type":"Feature","properties":{"pid":"565eb22b-ed48-4ff7-8a2d-528985dbd7a0","full":23.0},"geometry":{"type":"Polygon","coordinates":[[[136.14937,35.95144],[136.14829,35.95142],[136.14825,35.95145],[136.14824,35.95175],[136.14936,35.95175],[136.14937,35.95144]]]}},{"type":"Feature","properties":{"pid":"54b2b9c2-0107-4f30-a053-20d1f16e6f80","full":12.7},"geometry":{"type":"Polygon","coordinates":[[[136.14937,35.95122],[136.14826,35.9512],[136.14826,35.9514],[136.1483,35.95141],[136.14936,35.95144],[136.14937,35.95122]]]}},{"type":"Feature","properties":{"pid":"eea9dc6d-b784-4197-90fd-931b27ef3417","full":14.4},"geometry":{"type":"Polygon","coordinates":[[[136.14726,35.95152],[136.14815,35.95154],[136.14818,35.95152],[136.14818,35.95127],[136.14727,35.95125],[136.14726,35.95152]]]}},{"type":"Feature","properties":{"pid":"9fdba756-ec8c-4927-8522-b2819248c4a3","full":13.1},"geometry":{"type":"Polygon","coordinates":[[[136.14746,35.95187],[136.14817,35.95184],[136.14817,35.95155],[136.14815,35.95154],[136.14749,35.95154],[136.14746,35.95187]]]}},{"type":"Feature","properties":{"pid":"8dcbdcf9-4548-46e3-821c-d2c3ba5e830c","full":44.9},"geometry":{"type":"Polygon","coordinates":[[[136.14752,35.95254],[136.14763,35.95289],[136.14823,35.95283],[136.1482,35.95264],[136.14831,35.95261],[136.14834,35.95257],[136.14833,35.95245],[136.14851,35.95242],[136.14851,35.95211],[136.14807,35.95214],[136.14807,35.95208],[136.14751,35.9522],[136.14752,35.95254]]]}},{"type":"Feature","properties":{"pid":"cdaf149c-6dbf-4107-b1ab-53f1e31f83fa","full":13.8},"geometry":{"type":"Polygon","coordinates":[[[136.14858,35.95248],[136.14861,35.95248],[136.14862,35.9525],[136.14901,35.9525],[136.14902,35.95197],[136.14862,35.95196],[136.14861,35.95197],[136.14858,35.95248]]]}},{"type":"Feature","properties":{"pid":"23249fd0-3c12-496a-b9b4-c4a8100eec51","full":2.3},"geometry":{"type":"Polygon","coordinates":[[[136.14858,35.95253],[136.14858,35.95267],[136.14907,35.95266],[136.14904,35.95251],[136.1486,35.95252],[136.1486,35.95254],[136.14858,35.95253]]]}},{"type":"Feature","properties":{"pid":"8bc458f6-d7cb-4922-96b1-2f2e23ebf791","full":4.3},"geometry":{"type":"Polygon","coordinates":[[[136.14851,35.95357],[136.14849,35.95326],[136.14846,35.95326],[136.14846,35.95324],[136.14815,35.95324],[136.14816,35.9535],[136.14835,35.9535],[136.14836,35.95357],[136.14851,35.95357]]]}},{"type":"Feature","properties":{"pid":"347aadcf-b365-4619-ae4f-24c3a93eecc8","full":22.7},"geometry":{"type":"Polygon","coordinates":[[[136.14663,35.95378],[136.14712,35.95372],[136.14707,35.95308],[136.14705,35.95307],[136.14657,35.95308],[136.14663,35.95378]]]}},{"type":"Feature","properties":{"pid":"dec249b8-f3d4-4e35-bc2d-744435db0c10","full":7.1},"geometry":{"type":"Polygon","coordinates":[[[136.14778,35.9533],[136.14775,35.95325],[136.14771,35.95326],[136.14757,35.95302],[136.14723,35.9531],[136.14725,35.95342],[136.14778,35.9533]]]}},{"type":"Feature","properties":{"pid":"975105a5-7c2d-4dc6-918f-bd9e673e9cb2","full":3.0},"geometry":{"type":"Polygon","coordinates":[[[136.1467,35.95301],[136.1471,35.953],[136.14708,35.95288],[136.14699,35.95276],[136.14695,35.95279],[136.1467,35.95284],[136.1467,35.95286],[136.14668,35.95287],[136.1467,35.95301]]]}},{"type":"Feature","properties":{"pid":"ed02fdf1-4414-492f-8c2e-5138e7d91ee2","full":4.1},"geometry":{"type":"Polygon","coordinates":[[[136.14592,35.95362],[136.14613,35.95361],[136.14609,35.95311],[136.14592,35.95312],[136.14592,35.95313],[136.14589,35.95313],[136.14592,35.95362]]]}},{"type":"Feature","properties":{"pid":"ca57c26e-10be-4527-92f0-945ce1f99348","full":8.8},"geometry":{"type":"Polygon","coordinates":[[[136.14615,35.95385],[136.14638,35.95382],[136.14637,35.95379],[136.1464,35.95379],[136.14635,35.95309],[136.1461,35.95311],[136.14615,35.95385]]]}},{"type":"Feature","properties":{"pid":"656cd160-6014-4d98-9429-3afe7c8f0fd0","full":5.9},"geometry":{"type":"Polygon","coordinates":[[[136.14644,35.9538],[136.14662,35.95378],[136.14656,35.95309],[136.14636,35.95309],[136.14641,35.95378],[136.14644,35.95378],[136.14644,35.9538]]]}},{"type":"Feature","properties":{"pid":"cd7f4079-2232-4b12-b565-4c68ab0ee566","full":15.0},"geometry":{"type":"Polygon","coordinates":[[[136.14554,35.95468],[136.14554,35.9547],[136.14601,35.95471],[136.14603,35.95396],[136.14594,35.95398],[136.14577,35.95421],[136.14574,35.95421],[136.1456,35.95439],[136.14553,35.95452],[136.14551,35.95467],[136.14554,35.95468]]]}},{"type":"Feature","properties":{"pid":"86e58ddb-e7d9-4ddd-88f9-e00632b15208","full":8.2},"geometry":{"type":"Polygon","coordinates":[[[136.1439,35.95515],[136.14457,35.95516],[136.14457,35.95513],[136.1446,35.95513],[136.1446,35.95488],[136.14421,35.95488],[136.14411,35.95494],[136.14401,35.95503],[136.14392,35.95513],[136.1439,35.95515]]]}},{"type":"Feature","properties":{"pid":"117e8378-1ba1-4559-b781-7df063830b84","full":7.5},"geometry":{"type":"Polygon","coordinates":[[[136.14524,35.955],[136.14468,35.95499],[136.14468,35.95523],[136.14471,35.95524],[136.14523,35.95526],[136.14524,35.955]]]}},{"type":"Feature","properties":{"pid":"609642fb-fe46-4008-8e1f-5b34de328a02","full":7.9},"geometry":{"type":"Polygon","coordinates":[[[136.14468,35.95498],[136.14524,35.95499],[136.14525,35.95472],[136.14474,35.95472],[136.14473,35.95473],[136.14469,35.95473],[136.14468,35.95498]]]}},{"type":"Feature","properties":{"pid":"f010c42e-75c6-4477-ab60-3de67ee7df32","full":2.0},"geometry":{"type":"Polygon","coordinates":[[[136.14523,35.95526],[136.14471,35.95525],[136.14471,35.95526],[136.14468,35.95526],[136.14467,35.95539],[136.14516,35.9554],[136.14516,35.95537],[136.14523,35.95537],[136.14523,35.95526]]]}},{"type":"Feature","properties":{"pid":"c93063d7-9b40-4f10-8f21-a72cfb601c9a","full":8.0},"geometry":{"type":"Polygon","coordinates":[[[136.1439,35.95516],[136.14385,35.95522],[136.14384,35.95524],[136.14386,35.95536],[136.14392,35.95537],[136.14459,35.95539],[136.1446,35.95517],[136.1439,35.95516]]]}},{"type":"Feature","properties":{"pid":"3bca65e2-5094-4917-8351-51f0c6bde52e","full":58.4},"geometry":{"type":"Polygon","coordinates":[[[136.14625,35.95554],[136.14625,35.95552],[136.14547,35.95548],[136.14545,35.95635],[136.14548,35.95638],[136.1463,35.9564],[136.14632,35.95555],[136.14628,35.95555],[136.14625,35.95554]]]}},{"type":"Feature","properties":{"pid":"6a093b44-4f8a-4627-b461-3be6a25a62f1","full":26.2},"geometry":{"type":"Polygon","coordinates":[[[136.14678,35.95554],[136.14674,35.95554],[136.14674,35.95551],[136.14635,35.9555],[136.14631,35.9564],[136.14675,35.95641],[136.14678,35.95554]]]}},{"type":"Feature","properties":{"pid":"8d2b51c1-eb79-4232-9cf3-98cec8f367c5","full":14.9},"geometry":{"type":"Polygon","coordinates":[[[136.14676,35.95641],[136.14706,35.95641],[136.14709,35.95556],[136.14703,35.95555],[136.14703,35.95552],[136.14679,35.95551],[136.14676,35.95641]]]}},{"type":"Feature","properties":{"pid":"29ecb324-df53-4818-9e26-d6e155458746","full":92.8},"geometry":{"type":"Polygon","coordinates":[[[136.14721,35.95641],[136.14851,35.95644],[136.14854,35.9556],[136.1485,35.95559],[136.1485,35.95556],[136.14725,35.95554],[136.14721,35.95641]]]}},{"type":"Feature","properties":{"pid":"f3426400-83d8-41af-8958-e260efb4b5b8","full":3.5},"geometry":{"type":"Polygon","coordinates":[[[136.1469,35.95523],[136.147,35.95523],[136.14699,35.95531],[136.1471,35.95531],[136.14711,35.95478],[136.14691,35.95477],[136.1469,35.95523]]]}},{"type":"Feature","properties":{"pid":"470bf50f-b4c2-49b0-9236-c62efb98fde7","full":11.5},"geometry":{"type":"Polygon","coordinates":[[[136.14673,35.95408],[136.14671,35.95473],[136.14687,35.95473],[136.14687,35.95453],[136.14713,35.95452],[136.14714,35.95407],[136.14694,35.95408],[136.14673,35.95408]]]}},{"type":"Feature","properties":{"pid":"19063c20-5e73-439f-bb60-af056546035a","full":9.6},"geometry":{"type":"Polygon","coordinates":[[[136.14726,35.95468],[136.14766,35.95465],[136.14767,35.95424],[136.14728,35.95422],[136.14726,35.95468]]]}},{"type":"Feature","properties":{"pid":"c67c9809-fba7-41ff-93e2-e121cd0b232b","full":7.7},"geometry":{"type":"Polygon","coordinates":[[[136.14801,35.95445],[136.14798,35.95423],[136.1477,35.95425],[136.14769,35.95464],[136.14829,35.95459],[136.14831,35.95457],[136.14831,35.95447],[136.14801,35.95445]]]}},{"type":"Feature","properties":{"pid":"553b15eb-3515-415f-a3ff-dd93eae75220","full":10.1},"geometry":{"type":"Polygon","coordinates":[[[136.14811,35.95469],[136.1479,35.9547],[136.14794,35.95542],[136.14797,35.95542],[136.14798,35.95545],[136.14815,35.95545],[136.14821,35.95491],[136.14817,35.95472],[136.14811,35.95469]]]}},{"type":"Feature","properties":{"pid":"6ceabd9b-3509-40a6-a9b8-cc70184d5851","full":38.1},"geometry":{"type":"Polygon","coordinates":[[[136.14924,35.95493],[136.14855,35.95492],[136.14829,35.95491],[136.14825,35.95542],[136.14829,35.95543],[136.14828,35.95546],[136.14857,35.95546],[136.14857,35.95544],[136.14862,35.95544],[136.14862,35.95546],[136.14922,35.95547],[136.14924,35.95493]]]}},{"type":"Feature","properties":{"pid":"6c370669-7512-4c3c-806d-829abef678a4","full":37.4},"geometry":{"type":"Polygon","coordinates":[[[136.14791,35.95737],[136.14848,35.95738],[136.1485,35.95648],[136.14793,35.95647],[136.14791,35.95737]]]}},{"type":"Feature","properties":{"pid":"fc5123a5-bad2-4f91-ae4b-10acf0d767c9","full":24.8},"geometry":{"type":"Polygon","coordinates":[[[136.14664,35.95735],[136.14704,35.95735],[136.14705,35.95644],[136.14664,35.95644],[136.14662,35.95733],[136.14664,35.95733],[136.14664,35.95735]]]}},{"type":"Feature","properties":{"pid":"0351dfbd-82ce-4b31-9704-2689a0548d35","full":18.0},"geometry":{"type":"Polygon","coordinates":[[[136.14754,35.95646],[136.14721,35.95645],[136.14718,35.95734],[136.14721,35.95734],[136.14722,35.95736],[136.14752,35.95736],[136.14754,35.95646]]]}},{"type":"Feature","properties":{"pid":"1b8201ed-0804-4b15-b888-79fbb629ba1a","full":21.8},"geometry":{"type":"Polygon","coordinates":[[[136.14793,35.95647],[136.14755,35.95646],[136.14752,35.95734],[136.14754,35.95734],[136.14754,35.95736],[136.1479,35.95737],[136.14793,35.95647]]]}},{"type":"Feature","properties":{"pid":"4a2d326b-9181-420f-809d-621d7a30ac12","full":62.5},"geometry":{"type":"Polygon","coordinates":[[[136.14857,35.95739],[136.14942,35.95741],[136.14945,35.9565],[136.14857,35.95648],[136.14855,35.95736],[136.14857,35.95736],[136.14857,35.95739]]]}},{"type":"Feature","properties":{"pid":"1097a27f-e2f0-40c9-b638-f46dde9bd0fa","full":34.0},"geometry":{"type":"Polygon","coordinates":[[[136.14597,35.95644],[136.14547,35.95642],[136.14544,35.95643],[136.14541,35.9573],[136.14544,35.9573],[136.14544,35.95732],[136.14594,35.95733],[136.14597,35.95644]]]}},{"type":"Feature","properties":{"pid":"7ef0ddc5-484d-4c48-b27e-e9617d6ebcad","full":18.9},"geometry":{"type":"Polygon","coordinates":[[[136.14595,35.95732],[136.14598,35.95732],[136.14598,35.95734],[136.1463,35.95734],[136.14633,35.95643],[136.14599,35.95643],[136.14595,35.95732]]]}},{"type":"Feature","properties":{"pid":"16174535-540f-4c8f-9647-9cd79d0d5f9c","full":15.7},"geometry":{"type":"Polygon","coordinates":[[[136.14664,35.95643],[136.14634,35.95643],[136.14631,35.95732],[136.14632,35.95732],[136.14632,35.95734],[136.14661,35.95735],[136.14664,35.95643]]]}},{"type":"Feature","properties":{"pid":"77f2d1ca-656f-45d1-8a94-36deee39152b","full":13.8},"geometry":{"type":"Polygon","coordinates":[[[136.14139,35.95692],[136.14139,35.95716],[136.14251,35.95718],[136.14236,35.95694],[136.14139,35.95692]]]}},{"type":"Feature","properties":{"pid":"ed9540d7-9cf3-4a84-ade6-56f52e18024b","full":4.5},"geometry":{"type":"Polygon","coordinates":[[[136.1414,35.95663],[136.14198,35.95664],[136.14198,35.95646],[136.14141,35.95644],[136.1414,35.95663]]]}},{"type":"Feature","properties":{"pid":"d44915d3-e4db-424f-a69e-c8ff9fa0d4f0","full":20.0},"geometry":{"type":"Polygon","coordinates":[[[136.14235,35.95693],[136.14234,35.95688],[136.14233,35.95646],[136.14199,35.95646],[136.14198,35.95665],[136.1414,35.95664],[136.1414,35.95691],[136.14235,35.95693]]]}},{"type":"Feature","properties":{"pid":"5073cf25-b50f-40fb-a9f4-c1f76e0dfe37","full":3.1},"geometry":{"type":"Polygon","coordinates":[[[136.14219,35.95642],[136.14233,35.95643],[136.14241,35.95598],[136.14242,35.95586],[136.14239,35.95586],[136.14221,35.95588],[136.14219,35.95642]]]}},{"type":"Feature","properties":{"pid":"f48607e2-55a4-4567-b0a2-94a10e87bb86","full":3.2},"geometry":{"type":"Polygon","coordinates":[[[136.1422,35.95588],[136.14202,35.9559],[136.142,35.95642],[136.14218,35.95642],[136.1422,35.95588]]]}},{"type":"Feature","properties":{"pid":"e95620e5-d684-4ca7-a5d1-d9b4bbc5ddaa","full":3.6},"geometry":{"type":"Polygon","coordinates":[[[136.14161,35.95595],[136.14158,35.95641],[136.14179,35.95641],[136.14182,35.95592],[136.14161,35.95595]]]}},{"type":"Feature","properties":{"pid":"38cea445-7bb2-430c-873e-ff45bbabc6d2","full":3.5},"geometry":{"type":"Polygon","coordinates":[[[136.14182,35.95592],[136.14179,35.95641],[136.14199,35.95642],[136.14201,35.9559],[136.14182,35.95592]]]}},{"type":"Feature","properties":{"pid":"a22c524f-5188-4834-b751-37968754fd42","full":1.6},"geometry":{"type":"Polygon","coordinates":[[[136.14157,35.95641],[136.14161,35.95595],[136.14145,35.95595],[136.14142,35.9564],[136.14157,35.95641]]]}},{"type":"Feature","properties":{"pid":"c726dd6f-e9e6-4fd8-adf3-0e67ec4b6f06","full":12.0},"geometry":{"type":"Polygon","coordinates":[[[136.14052,35.95652],[136.14051,35.95678],[136.14129,35.9568],[136.1413,35.95678],[136.14133,35.95678],[136.14134,35.95654],[136.14052,35.95652]]]}},{"type":"Feature","properties":{"pid":"fc7c1756-c109-435b-ac71-a6aae63a8302","full":10.9},"geometry":{"type":"Polygon","coordinates":[[[136.14052,35.95627],[136.14052,35.95652],[136.14133,35.95654],[136.14132,35.95652],[136.14134,35.95652],[136.14135,35.9563],[136.14052,35.95627]]]}},{"type":"Feature","properties":{"pid":"45c7c9e5-f1de-4ba7-b6d0-b1932a4806f3","full":13.0},"geometry":{"type":"Polygon","coordinates":[[[136.14052,35.95627],[136.14133,35.95629],[136.14133,35.95626],[136.14135,35.95626],[136.14135,35.95596],[136.14053,35.95605],[136.14052,35.95627]]]}},{"type":"Feature","properties":{"pid":"98deb98c-298e-45e2-946a-80e510220f2a","full":13.9},"geometry":{"type":"Polygon","coordinates":[[[136.13971,35.95639],[136.14048,35.95641],[136.14049,35.95606],[136.13969,35.95616],[136.13967,35.95617],[136.13966,35.95637],[136.1397,35.95637],[136.13971,35.95639]]]}},{"type":"Feature","properties":{"pid":"e568fac4-3fd8-4d7b-9d79-6b13489022b2","full":7.7},"geometry":{"type":"Polygon","coordinates":[[[136.13903,35.95656],[136.13952,35.95657],[136.13953,35.9562],[136.13934,35.95621],[136.13926,35.95623],[136.1392,35.95627],[136.13911,35.95636],[136.13908,35.95642],[136.13903,35.95656]]]}},{"type":"Feature","properties":{"pid":"89753c08-b7cc-47f1-8d31-eef0cd83744f","full":15.4},"geometry":{"type":"Polygon","coordinates":[[[136.14046,35.95673],[136.14047,35.95642],[136.13969,35.9564],[136.13968,35.95641],[136.13966,35.95641],[136.13964,35.95671],[136.14046,35.95673]]]}},{"type":"Feature","properties":{"pid":"103be605-6181-4f06-839c-086831d7352b","full":22.4},"geometry":{"type":"Polygon","coordinates":[[[136.13965,35.95671],[136.13963,35.9571],[136.13965,35.95712],[136.14045,35.95714],[136.14046,35.95673],[136.13965,35.95671]]]}},{"type":"Feature","properties":{"pid":"484e0b4d-0b1a-4a41-aa41-7521a8fdbd63","full":18.4},"geometry":{"type":"Polygon","coordinates":[[[136.1405,35.95714],[136.14131,35.95716],[136.14132,35.95681],[136.1405,35.95679],[136.1405,35.95714]]]}},{"type":"Feature","properties":{"pid":"eef075f0-5496-4d70-8326-6be2c269eff9","full":33.9},"geometry":{"type":"Polygon","coordinates":[[[136.15,35.95652],[136.14947,35.95651],[136.14944,35.95741],[136.14997,35.95742],[136.15,35.95652]]]}},{"type":"Feature","properties":{"pid":"178dcfed-51d1-4999-987e-56d17254b784","full":6.2},"geometry":{"type":"Polygon","coordinates":[[[136.14925,35.95493],[136.14923,35.95547],[136.14948,35.95548],[136.14949,35.95493],[136.14925,35.95493]]]}},{"type":"Feature","properties":{"pid":"95ebb48f-5327-467f-b31e-1e8301cf5527","full":14.0},"geometry":{"type":"Polygon","coordinates":[[[136.15006,35.95522],[136.15006,35.95462],[136.14957,35.95461],[136.14957,35.95466],[136.14981,35.95466],[136.14979,35.95486],[136.14956,35.95486],[136.14955,35.95518],[136.1496,35.95518],[136.1496,35.9552],[136.15006,35.95522]]]}},{"type":"Feature","properties":{"pid":"aee33d28-9f3c-416c-9f7d-125115c22358","full":1.2},"geometry":{"type":"Polygon","coordinates":[[[136.14986,35.95441],[136.1496,35.95441],[136.14959,35.95458],[136.14985,35.95458],[136.14986,35.95441]]]}},{"type":"Feature","properties":{"pid":"4f193717-fc7e-47d5-88a2-97668c83f832","full":7.7},"geometry":{"type":"Polygon","coordinates":[[[136.1501,35.95291],[136.14989,35.95291],[136.14988,35.95382],[136.15007,35.95383],[136.1501,35.95291]]]}},{"type":"Feature","properties":{"pid":"c5506d38-a2db-4123-8dae-319fdd7a7a45","full":16.1},"geometry":{"type":"Polygon","coordinates":[[[136.14942,35.95108],[136.15051,35.9511],[136.15052,35.95084],[136.14945,35.95083],[136.14942,35.95085],[136.14942,35.95108]]]}},{"type":"Feature","properties":{"pid":"826676ce-d751-4a15-95cc-5f95f37d19b8","full":10.1},"geometry":{"type":"Polygon","coordinates":[[[136.14942,35.95109],[136.14942,35.95129],[136.15052,35.9513],[136.15052,35.95111],[136.14942,35.95109]]]}},{"type":"Feature","properties":{"pid":"5efb22ac-7403-47dd-a737-8e3c75285a62","full":2.2},"geometry":{"type":"Polygon","coordinates":[[[136.14957,35.95175],[136.14957,35.95162],[136.14979,35.95162],[136.14979,35.95156],[136.14982,35.95155],[136.14982,35.95148],[136.14946,35.95147],[136.14946,35.95149],[136.14942,35.95149],[136.14941,35.95175],[136.14957,35.95175]]]}},{"type":"Feature","properties":{"pid":"318d9f7d-637e-4d9a-8f77-a77e534e1770","full":23.5},"geometry":{"type":"Polygon","coordinates":[[[136.14942,35.95079],[136.15053,35.9508],[136.15054,35.95047],[136.14943,35.95047],[136.14942,35.95079]]]}},{"type":"Feature","properties":{"pid":"7a7b45e9-917e-4948-bc3d-0c6b7ef7d6e7","full":59.5},"geometry":{"type":"Polygon","coordinates":[[[136.15055,35.94979],[136.15054,35.94978],[136.1495,35.94976],[136.1495,35.94978],[136.14947,35.94978],[136.14943,35.95046],[136.15052,35.95047],[136.15052,35.95044],[136.15054,35.95044],[136.15055,35.94979]]]}},{"type":"Feature","properties":{"pid":"5f8a1ea5-ad4e-4389-92d9-7d935ba59dab","full":2.2},"geometry":{"type":"Polygon","coordinates":[[[136.14917,35.94632],[136.14964,35.94629],[136.14957,35.94615],[136.14913,35.94615],[136.14917,35.94632]]]}},{"type":"Feature","properties":{"pid":"49a5b0b1-6b15-435a-a040-053e6471661e","full":3.0},"geometry":{"type":"Polygon","coordinates":[[[136.14912,35.94615],[136.14957,35.94614],[136.14955,35.94596],[136.14909,35.94598],[136.14912,35.94615]]]}},{"type":"Feature","properties":{"pid":"661df621-dc0a-4bc0-b537-fcd2b677b320","full":0.9},"geometry":{"type":"Polygon","coordinates":[[[136.14212,35.94189],[136.14258,35.94194],[136.14242,35.94179],[136.14231,35.94174],[136.14228,35.94178],[136.14221,35.94175],[136.14212,35.94189]]]}},{"type":"Feature","properties":{"pid":"919399ae-bdac-4837-a907-d14da16bf6da","full":1.2},"geometry":{"type":"Polygon","coordinates":[[[136.14251,35.94098],[136.14242,35.94097],[136.14233,35.94099],[136.14228,35.94098],[136.14222,35.94112],[136.14224,35.94116],[136.1424,35.94112],[136.1426,35.94112],[136.14259,35.94105],[136.14251,35.94098]]]}},{"type":"Feature","properties":{"pid":"9a32838c-4830-4477-ae02-ca1a42d693ba","full":50.8},"geometry":{"type":"Polygon","coordinates":[[[136.14616,35.94117],[136.14588,35.94177],[136.1458,35.94203],[136.14622,35.94231],[136.14624,35.9423],[136.14626,35.94231],[136.14691,35.94167],[136.14616,35.94117]]]}},{"type":"Feature","properties":{"pid":"971d85d3-0376-4710-b52d-c8954322334e","full":11.2},"geometry":{"type":"Polygon","coordinates":[[[136.14634,35.94129],[136.14689,35.94166],[136.14691,35.94165],[136.14693,35.94165],[136.1471,35.94149],[136.14701,35.94143],[136.14703,35.9414],[136.14656,35.94108],[136.14634,35.94129]]]}},{"type":"Feature","properties":{"pid":"87ede9ec-f906-4ea2-9047-a745eb4b6929","full":13.9},"geometry":{"type":"Polygon","coordinates":[[[136.14705,35.94073],[136.14612,35.94071],[136.14613,35.94077],[136.14629,35.94079],[136.14703,35.94129],[136.14705,35.94073]]]}},{"type":"Feature","properties":{"pid":"2061a236-bb08-43ae-b66c-4f2910a8c614","full":24.4},"geometry":{"type":"Polygon","coordinates":[[[136.14894,35.94064],[136.14809,35.94061],[136.14807,35.94103],[136.1481,35.94103],[136.14811,35.94105],[136.14876,35.94106],[136.14894,35.94088],[136.14894,35.94064]]]}},{"type":"Feature","properties":{"pid":"d1382afd-aeac-4847-b428-ba5315c7294e","full":16.5},"geometry":{"type":"Polygon","coordinates":[[[136.14711,35.94059],[136.1471,35.9409],[136.14794,35.94092],[136.14794,35.94063],[136.14791,35.94062],[136.1479,35.9406],[136.14711,35.94059]]]}},{"type":"Feature","properties":{"pid":"c2d98546-0515-45cb-8484-0a051a302f82","full":35.7},"geometry":{"type":"Polygon","coordinates":[[[136.1471,35.94091],[136.14708,35.94134],[136.14743,35.94157],[136.14756,35.94152],[136.14793,35.94153],[136.14793,35.9411],[136.1479,35.9411],[136.14789,35.94107],[136.14794,35.94107],[136.14794,35.94093],[136.1471,35.94091]]]}},{"type":"Feature","properties":{"pid":"0c33b0f9-f6f7-454b-bf1e-fe97d375f188","full":3.4},"geometry":{"type":"Polygon","coordinates":[[[136.14842,35.94209],[136.14854,35.94166],[136.14843,35.94166],[136.14823,35.94188],[136.14811,35.94198],[136.14811,35.942],[136.14842,35.94209]]]}},{"type":"Feature","properties":{"pid":"10b81257-fe9b-494d-bbd7-82c9a1de41d7","full":9.2},"geometry":{"type":"Polygon","coordinates":[[[136.1492,35.94092],[136.14851,35.94158],[136.14898,35.94155],[136.14933,35.94097],[136.1492,35.94092]]]}},{"type":"Feature","properties":{"pid":"309ee41c-7f60-48e0-96bd-36084122a4ed","full":3.7},"geometry":{"type":"Polygon","coordinates":[[[136.14888,35.94282],[136.14922,35.94277],[136.14934,35.94271],[136.14931,35.94256],[136.14884,35.94263],[136.14888,35.94282]]]}},{"type":"Feature","properties":{"pid":"713bc458-d7c9-40de-beed-81e699d6ec8b","full":13.9},"geometry":{"type":"Polygon","coordinates":[[[136.1473,35.94276],[136.14787,35.94315],[136.14793,35.943],[136.14797,35.94284],[136.14798,35.94277],[136.14757,35.94248],[136.1473,35.94276]]]}},{"type":"Feature","properties":{"pid":"48dcc523-effd-4096-94d2-032e70c69ed3","full":40.2},"geometry":{"type":"Polygon","coordinates":[[[136.14649,35.94353],[136.14698,35.9437],[136.14712,35.94348],[136.14736,35.94359],[136.14736,35.94343],[136.14753,35.94342],[136.14768,35.94325],[136.1478,35.94331],[136.14785,35.94318],[136.14727,35.94278],[136.14649,35.94353]]]}},{"type":"Feature","properties":{"pid":"0f03bd33-136b-4e3a-8fe7-e568e223817c","full":64.4},"geometry":{"type":"Polygon","coordinates":[[[136.14613,35.94256],[136.14674,35.94297],[136.14753,35.94222],[136.1469,35.94178],[136.14613,35.94253],[136.14615,35.94254],[136.14613,35.94256]]]}},{"type":"Feature","properties":{"pid":"646cd2ee-4f66-4614-bead-aceb80f40e32","full":22.2},"geometry":{"type":"Polygon","coordinates":[[[136.1458,35.94204],[136.14577,35.94212],[136.14571,35.94223],[136.14563,35.94228],[136.14554,35.94232],[136.14522,35.94244],[136.14575,35.9428],[136.14623,35.94232],[136.1458,35.94204]]]}},{"type":"Feature","properties":{"pid":"a2451a5a-a34a-47b0-abe5-406f7a2f52d1","full":97.2},"geometry":{"type":"Polygon","coordinates":[[[136.14469,35.94271],[136.14437,35.94306],[136.14426,35.94324],[136.14421,35.94338],[136.14416,35.94357],[136.14407,35.94379],[136.14405,35.94386],[136.14406,35.94388],[136.14456,35.94392],[136.14495,35.94356],[136.14494,35.94355],[136.14498,35.94351],[136.14499,35.94352],[136.14536,35.94317],[136.14535,35.94316],[136.14536,35.94315],[136.14537,35.94315],[136.1457,35.94284],[136.14516,35.94247],[136.14497,35.94253],[136.14481,35.94262],[136.14469,35.94271]]]}},{"type":"Feature","properties":{"pid":"af9cc131-e568-418c-8fa7-4eed1b22bf98","full":68.3},"geometry":{"type":"Polygon","coordinates":[[[136.14494,35.94367],[136.14496,35.94368],[136.14494,35.94369],[136.14558,35.94413],[136.14578,35.94389],[136.14638,35.94329],[136.14578,35.94288],[136.14577,35.94289],[136.14576,35.94288],[136.14561,35.94302],[136.14562,35.94303],[136.14559,35.94305],[136.14558,35.94305],[136.14494,35.94367]]]}},{"type":"Feature","properties":{"pid":"b9678bef-7ca5-46ac-816b-2b562bbce19a","full":22.0},"geometry":{"type":"Polygon","coordinates":[[[136.14579,35.94285],[136.1464,35.94328],[136.14674,35.94297],[136.1461,35.94255],[136.14579,35.94285]]]}},{"type":"Feature","properties":{"pid":"36f5684f-c372-410e-8872-94ae66230dbd","full":9.1},"geometry":{"type":"Polygon","coordinates":[[[136.14641,35.94387],[136.14664,35.94387],[136.14684,35.94385],[136.14692,35.94382],[136.14696,35.94372],[136.14647,35.94355],[136.14618,35.94381],[136.14606,35.94392],[136.14617,35.94392],[136.14641,35.94387]]]}},{"type":"Feature","properties":{"pid":"54b1783f-12aa-47a2-9604-75bb902f857a","full":3.7},"geometry":{"type":"Polygon","coordinates":[[[136.14661,35.94426],[136.14684,35.94426],[136.14687,35.94386],[136.14663,35.94388],[136.14661,35.94426]]]}},{"type":"Feature","properties":{"pid":"4465e2ed-2948-45f7-b74f-ee19e6ba5a71","full":23.1},"geometry":{"type":"Polygon","coordinates":[[[136.14425,35.94439],[136.14502,35.94473],[136.14542,35.94424],[136.14481,35.94406],[136.14481,35.94431],[136.14429,35.94429],[136.14428,35.94434],[136.14425,35.94439]]]}},{"type":"Feature","properties":{"pid":"cd1b70cb-3e29-4079-bcf0-ecad29356cba","full":12.9},"geometry":{"type":"Polygon","coordinates":[[[136.14424,35.94439],[136.14407,35.94461],[136.14485,35.94495],[136.14502,35.94474],[136.14424,35.94439]]]}},{"type":"Feature","properties":{"pid":"27d7eeca-88b5-4a7c-bcee-cc6ae4a618ca","full":33.8},"geometry":{"type":"Polygon","coordinates":[[[136.14406,35.94462],[136.1437,35.94506],[136.14448,35.9454],[136.14484,35.94495],[136.14406,35.94462]]]}},{"type":"Feature","properties":{"pid":"ce7c2545-ddf2-454b-9ed2-22b9d11fc0fd","full":28.2},"geometry":{"type":"Polygon","coordinates":[[[136.14528,35.94486],[136.14498,35.94522],[136.14498,35.94528],[136.14608,35.94529],[136.1461,35.94487],[136.14528,35.94486]]]}},{"type":"Feature","properties":{"pid":"51c35473-2cf9-470a-a67d-8662d3579ec3","full":14.3},"geometry":{"type":"Polygon","coordinates":[[[136.14611,35.94459],[136.14591,35.94459],[136.14591,35.94433],[136.14589,35.94434],[136.14575,35.94431],[136.14573,35.94432],[136.1453,35.94484],[136.14528,35.94484],[136.14602,35.94485],[136.14602,35.94471],[136.14611,35.94471],[136.14611,35.94459]]]}},{"type":"Feature","properties":{"pid":"4c42b422-fe52-4bad-9854-d8bf4c7df41c","full":13.9},"geometry":{"type":"Polygon","coordinates":[[[136.14613,35.94543],[136.14706,35.94545],[136.14704,35.94528],[136.14683,35.94528],[136.14683,35.94514],[136.14613,35.94513],[136.14613,35.94543]]]}},{"type":"Feature","properties":{"pid":"a696f796-8150-4a63-845a-ff6da0a3ac54","full":1.4},"geometry":{"type":"Polygon","coordinates":[[[136.14684,35.94458],[136.14703,35.94457],[136.1471,35.94438],[136.14707,35.94436],[136.14684,35.94436],[136.14684,35.94458]]]}},{"type":"Feature","properties":{"pid":"ca8749ca-5a4b-49b4-9ab2-f5388a88b905","full":2.7},"geometry":{"type":"Polygon","coordinates":[[[136.14855,35.94635],[136.14856,35.94636],[136.14899,35.94633],[136.14898,35.94623],[136.14907,35.94623],[136.14906,35.94618],[136.14856,35.94617],[136.14855,35.94635]]]}},{"type":"Feature","properties":{"pid":"c14418d1-8dcc-43ab-9920-858eea47fe62","full":13.5},"geometry":{"type":"Polygon","coordinates":[[[136.14856,35.94615],[136.14905,35.94614],[136.14901,35.94596],[136.14901,35.94591],[136.14905,35.94574],[136.14905,35.94566],[136.14864,35.9457],[136.14857,35.94573],[136.14853,35.94584],[136.14853,35.9459],[136.14854,35.94592],[136.14856,35.94599],[136.14856,35.94615]]]}},{"type":"Feature","properties":{"pid":"021d524d-7a26-4532-80ce-f3cf71692b1c","full":4.9},"geometry":{"type":"Polygon","coordinates":[[[136.14761,35.94677],[136.14804,35.94674],[136.14805,35.94674],[136.14798,35.9466],[136.14788,35.94658],[136.14784,35.94654],[136.14782,35.94647],[136.14755,35.94646],[136.14756,35.94659],[136.14761,35.94677]]]}},{"type":"Feature","properties":{"pid":"e4e58074-2dd5-48ca-8b31-97f6f761cef0","full":12.5},"geometry":{"type":"Polygon","coordinates":[[[136.14757,35.94698],[136.14777,35.94702],[136.14831,35.94711],[136.14837,35.94675],[136.14836,35.94674],[136.14756,35.9468],[136.14757,35.94698]]]}},{"type":"Feature","properties":{"pid":"694722c8-53a7-4618-bd87-1e49875c62fb","full":5.6},"geometry":{"type":"Polygon","coordinates":[[[136.148,35.9466],[136.14808,35.94674],[136.14838,35.94673],[136.14843,35.94644],[136.14797,35.94645],[136.148,35.9466]]]}},{"type":"Feature","properties":{"pid":"ba930805-5fc7-4c44-acb1-9dcc849088e1","full":32.3},"geometry":{"type":"Polygon","coordinates":[[[136.14845,35.94686],[136.14948,35.94687],[136.1495,35.94638],[136.14853,35.94644],[136.14845,35.94686]]]}},{"type":"Feature","properties":{"pid":"96e7472e-211e-4e80-a449-da53b1fff3fb","full":12.6},"geometry":{"type":"Polygon","coordinates":[[[136.14938,35.94738],[136.14879,35.94729],[136.14878,35.94731],[136.14876,35.94731],[136.14876,35.94735],[136.14857,35.94735],[136.14857,35.94737],[136.14838,35.94737],[136.14838,35.94757],[136.14937,35.94758],[136.14938,35.94738]]]}},{"type":"Feature","properties":{"pid":"5a2d707c-5504-4615-9d59-7bd32293dd73","full":8.5},"geometry":{"type":"Polygon","coordinates":[[[136.14836,35.94812],[136.14839,35.94812],[136.1484,35.94814],[136.14944,35.94816],[136.14945,35.94798],[136.14836,35.94796],[136.14836,35.94812]]]}},{"type":"Feature","properties":{"pid":"0205ab95-ef1a-40d3-b6e2-fd5021cf7a80","full":32.2},"geometry":{"type":"Polygon","coordinates":[[[136.14944,35.94817],[136.14835,35.94814],[136.14834,35.94856],[136.14944,35.94859],[136.14944,35.94817]]]}},{"type":"Feature","properties":{"pid":"7f2a132f-147d-4104-91ab-21561e2034a6","full":25.7},"geometry":{"type":"Polygon","coordinates":[[[136.14883,35.94901],[136.14941,35.94902],[136.14943,35.94863],[136.14835,35.94861],[136.14833,35.94897],[136.1486,35.94898],[136.1486,35.94891],[136.14883,35.94892],[136.14883,35.94901]]]}},{"type":"Feature","properties":{"pid":"10186e7e-51cf-4050-b826-bbb48d8832f5","full":21.8},"geometry":{"type":"Polygon","coordinates":[[[136.14736,35.94854],[136.14824,35.94856],[136.14824,35.94855],[136.14827,35.94855],[136.14828,35.9482],[136.14737,35.94818],[136.14736,35.94854]]]}},{"type":"Feature","properties":{"pid":"1b3c1cdc-d2c7-4786-a065-26ab832f265b","full":27.4},"geometry":{"type":"Polygon","coordinates":[[[136.14735,35.94902],[136.14825,35.94903],[136.14827,35.9486],[136.14736,35.94858],[136.14735,35.94902]]]}},{"type":"Feature","properties":{"pid":"0c074547-9216-491f-a951-02500a48218c","full":25.0},"geometry":{"type":"Polygon","coordinates":[[[136.14737,35.94817],[136.14828,35.94819],[136.14828,35.94781],[136.14826,35.94781],[136.14826,35.94778],[136.14737,35.94777],[136.14737,35.94817]]]}},{"type":"Feature","properties":{"pid":"84c33bad-8b13-4419-989e-37b24c75eaff","full":1.8},"geometry":{"type":"Polygon","coordinates":[[[136.14737,35.94722],[136.14737,35.9473],[136.14789,35.94731],[136.1479,35.94717],[136.14774,35.94714],[136.14737,35.94722]]]}},{"type":"Feature","properties":{"pid":"b1da2a83-4563-48a3-8f22-5b641035277f","full":47.0},"geometry":{"type":"Polygon","coordinates":[[[136.14609,35.94793],[136.14613,35.94798],[136.14718,35.94799],[136.14717,35.94755],[136.14661,35.94755],[136.14663,35.94721],[136.14611,35.9472],[136.14609,35.94793]]]}},{"type":"Feature","properties":{"pid":"f1f9e892-8065-4b4f-8bc8-c9b8e6ab719d","full":68.5},"geometry":{"type":"Polygon","coordinates":[[[136.14604,35.94798],[136.14606,35.9472],[136.14496,35.94719],[136.14493,35.94795],[136.14496,35.94796],[136.14496,35.94797],[136.14604,35.94798]]]}},{"type":"Feature","properties":{"pid":"f61d6dce-1536-4332-9590-b08c5c0208db","full":16.4},"geometry":{"type":"Polygon","coordinates":[[[136.14608,35.94828],[136.1472,35.94829],[136.1472,35.94804],[136.14609,35.94803],[136.14608,35.94828]]]}},{"type":"Feature","properties":{"pid":"019b38ba-afcb-41c9-906a-ab4ba4cf3bb4","full":12.3},"geometry":{"type":"Polygon","coordinates":[[[136.1472,35.94833],[136.14717,35.94832],[136.14717,35.9483],[136.14607,35.94828],[136.14607,35.9485],[136.1472,35.94851],[136.1472,35.94833]]]}},{"type":"Feature","properties":{"pid":"96715cc2-6ada-4511-8d85-cd12edd8d081","full":24.1},"geometry":{"type":"Polygon","coordinates":[[[136.1472,35.94852],[136.14607,35.9485],[136.14606,35.94881],[136.14609,35.94881],[136.14609,35.94883],[136.14719,35.94884],[136.1472,35.94852]]]}},{"type":"Feature","properties":{"pid":"7752b4e4-5816-44f3-bc96-0c2a72cdcca8","full":33.8},"geometry":{"type":"Polygon","coordinates":[[[136.14492,35.94839],[136.14491,35.94879],[136.14494,35.9488],[136.14494,35.94882],[136.14601,35.94883],[136.14602,35.9488],[136.14603,35.9484],[136.14492,35.94839]]]}},{"type":"Feature","properties":{"pid":"0b2e33fb-320f-421f-98e3-52f51bceb2e9","full":27.8},"geometry":{"type":"Polygon","coordinates":[[[136.14492,35.94838],[136.14602,35.9484],[136.14603,35.94803],[136.14496,35.94801],[136.14496,35.94803],[136.14493,35.94803],[136.14492,35.94838]]]}},{"type":"Feature","properties":{"pid":"1325fd16-90fe-439b-856e-3ada04182f90","full":31.3},"geometry":{"type":"Polygon","coordinates":[[[136.14432,35.94881],[136.14483,35.94881],[136.14485,35.94801],[136.1443,35.948],[136.14429,35.94879],[136.14432,35.94879],[136.14432,35.94881]]]}},{"type":"Feature","properties":{"pid":"32ebe58d-5ead-4fb1-8a52-ddb4ed3ffed3","full":2.0},"geometry":{"type":"Polygon","coordinates":[[[136.1443,35.94784],[136.1443,35.94798],[136.14485,35.94799],[136.14485,35.94785],[136.1443,35.94784]]]}},{"type":"Feature","properties":{"pid":"82540e4a-7ce5-4a0f-bcd8-965ac515270e","full":24.8},"geometry":{"type":"Polygon","coordinates":[[[136.14485,35.94784],[136.14487,35.94723],[136.14484,35.94723],[136.14483,35.94719],[136.14432,35.94718],[136.14431,35.94784],[136.14485,35.94784]]]}},{"type":"Feature","properties":{"pid":"7ea99dd0-fa5c-4bcc-9b43-28c407621f23","full":66.9},"geometry":{"type":"Polygon","coordinates":[[[136.14385,35.94662],[136.14368,35.94691],[136.14364,35.94709],[136.14487,35.94712],[136.14488,35.94635],[136.14465,35.94635],[136.14439,35.94628],[136.14419,35.94619],[136.14385,35.94662]]]}},{"type":"Feature","properties":{"pid":"2d03cb52-38f8-474e-91f2-43e3bed2fee5","full":4.5},"geometry":{"type":"Polygon","coordinates":[[[136.14494,35.94695],[136.14494,35.94712],[136.14565,35.94713],[136.14565,35.94696],[136.14494,35.94695]]]}},{"type":"Feature","properties":{"pid":"4279c412-14c8-40c6-9988-d4840a8c319a","full":4.0},"geometry":{"type":"Polygon","coordinates":[[[136.14631,35.94714],[136.14658,35.94714],[136.14658,35.94684],[136.14632,35.94675],[136.14631,35.94714]]]}},{"type":"Feature","properties":{"pid":"bbefe5ca-234f-49fd-86de-088117b37781","full":45.3},"geometry":{"type":"Polygon","coordinates":[[[136.14495,35.94695],[136.14605,35.94695],[136.14606,35.94665],[136.14496,35.94615],[136.14495,35.94695]]]}},{"type":"Feature","properties":{"pid":"bedaa582-fbc6-4de2-923c-1050732a8bfb","full":51.6},"geometry":{"type":"Polygon","coordinates":[[[136.14497,35.9459],[136.14515,35.9459],[136.14515,35.94611],[136.14592,35.94645],[136.14607,35.94645],[136.14608,35.94563],[136.14497,35.94562],[136.14497,35.9459]]]}},{"type":"Feature","properties":{"pid":"a185c418-df04-4e42-b609-654914b80d32","full":22.9},"geometry":{"type":"Polygon","coordinates":[[[136.14498,35.94528],[136.14498,35.9456],[136.14608,35.94561],[136.14608,35.94529],[136.14498,35.94528]]]}},{"type":"Feature","properties":{"pid":"5d77a99c-2d84-4c14-a604-e866c872ff9d","full":41.3},"geometry":{"type":"Polygon","coordinates":[[[136.143,35.94592],[136.14362,35.9465],[136.14412,35.94586],[136.14404,35.94583],[136.14406,35.94577],[136.14354,35.94554],[136.143,35.94592]]]}},{"type":"Feature","properties":{"pid":"2eb43d6b-abe6-4a8c-ad83-e91df4b1dabe","full":39.8},"geometry":{"type":"Polygon","coordinates":[[[136.14215,35.94527],[136.14287,35.94594],[136.14348,35.94552],[136.14246,35.94505],[136.14215,35.94527]]]}},{"type":"Feature","properties":{"pid":"8923e6d2-6dc2-4a32-b113-1e094f2fa4b8","full":13.0},"geometry":{"type":"Polygon","coordinates":[[[136.14287,35.94595],[136.14214,35.94528],[136.14194,35.94542],[136.14265,35.9461],[136.14287,35.94595]]]}},{"type":"Feature","properties":{"pid":"c8389913-32a8-4c4b-b097-34687bb81386","full":74.3},"geometry":{"type":"Polygon","coordinates":[[[136.14265,35.94611],[136.14194,35.94542],[136.14115,35.94599],[136.14188,35.94666],[136.14265,35.94611]]]}},{"type":"Feature","properties":{"pid":"6152cc50-a470-4921-aeac-98aedc0ebef9","full":102.6},"geometry":{"type":"Polygon","coordinates":[[[136.14361,35.9465],[136.14299,35.94593],[136.14251,35.94627],[136.14193,35.9467],[136.14265,35.94736],[136.14268,35.94736],[136.14313,35.94704],[136.14339,35.94677],[136.14361,35.9465]]]}},{"type":"Feature","properties":{"pid":"8ecd8467-86ea-4c20-841c-6da4d84c579c","full":75.8},"geometry":{"type":"Polygon","coordinates":[[[136.14359,35.94794],[136.14362,35.94815],[136.14366,35.94833],[136.14376,35.94859],[136.14386,35.94879],[136.14398,35.94877],[136.14424,35.94877],[136.14427,35.94721],[136.14425,35.94721],[136.14424,35.94718],[136.14364,35.94717],[136.14362,35.94725],[136.14359,35.94779],[136.14359,35.94794]]]}},{"type":"Feature","properties":{"pid":"754ff322-e5ad-483e-93ea-bb460ee2e44a","full":29.0},"geometry":{"type":"Polygon","coordinates":[[[136.14263,35.94848],[136.14228,35.94872],[136.143,35.9494],[136.14336,35.94914],[136.14263,35.94848]]]}},{"type":"Feature","properties":{"pid":"d8ee4869-16da-4657-a6a8-7f338f19edf5","full":97.5},"geometry":{"type":"Polygon","coordinates":[[[136.1417,35.94819],[136.14223,35.94868],[136.14332,35.94791],[136.14334,35.94719],[136.1433,35.94716],[136.14321,35.94717],[136.14299,35.94725],[136.14293,35.94729],[136.14216,35.94784],[136.1417,35.94819]]]}},{"type":"Feature","properties":{"pid":"a23625d8-04a6-4c3d-89a0-fe8673e3ac9a","full":98.2},"geometry":{"type":"Polygon","coordinates":[[[136.14089,35.94744],[136.14162,35.94812],[136.1426,35.94741],[136.14187,35.94673],[136.14089,35.94744]]]}},{"type":"Feature","properties":{"pid":"bccf2381-1159-4c76-8eaa-5166531f6aa4","full":81.6},"geometry":{"type":"Polygon","coordinates":[[[136.1408,35.9475],[136.13983,35.94821],[136.13999,35.94833],[136.14006,35.94837],[136.14018,35.94842],[136.14031,35.94846],[136.14053,35.9485],[136.14061,35.94852],[136.14073,35.94857],[136.1408,35.94861],[136.14086,35.94862],[136.14091,35.94861],[136.14099,35.94858],[136.14154,35.94818],[136.1408,35.9475]]]}},{"type":"Feature","properties":{"pid":"eb70d1bc-7b7c-480c-a56f-9c5d442fe54b","full":49.8},"geometry":{"type":"Polygon","coordinates":[[[136.14161,35.94825],[136.14106,35.94864],[136.14101,35.94869],[136.141,35.94874],[136.14101,35.94878],[136.14109,35.94887],[136.14113,35.94894],[136.14119,35.94908],[136.14121,35.94918],[136.14122,35.94938],[136.14125,35.94939],[136.14173,35.94905],[136.14214,35.94875],[136.14161,35.94825]]]}},{"type":"Feature","properties":{"pid":"a940e490-0413-4642-a2d4-a4e5239ad7f3","full":13.1},"geometry":{"type":"Polygon","coordinates":[[[136.13939,35.94873],[136.13949,35.94867],[136.13967,35.94884],[136.14007,35.9486],[136.14007,35.94859],[136.13971,35.94829],[136.13926,35.94861],[136.13939,35.94873]]]}},{"type":"Feature","properties":{"pid":"b5705c98-2192-42fc-b0db-2027a90ef554","full":17.3},"geometry":{"type":"Polygon","coordinates":[[[136.13925,35.94862],[136.13877,35.94896],[136.13898,35.94923],[136.13902,35.94926],[136.1391,35.94924],[136.13914,35.94922],[136.13929,35.94913],[136.13957,35.94892],[136.13925,35.94862]]]}},{"type":"Feature","properties":{"pid":"499df562-bd7b-4c0f-bd2a-6f04bfefc5e7","full":96.5},"geometry":{"type":"Polygon","coordinates":[[[136.14077,35.94747],[136.14004,35.94679],[136.13906,35.9475],[136.13979,35.94817],[136.14077,35.94747]]]}},{"type":"Feature","properties":{"pid":"7d9f1601-7765-4707-af25-dc61f24f1ea2","full":68.8},"geometry":{"type":"Polygon","coordinates":[[[136.139,35.94744],[136.13997,35.94674],[136.13942,35.94624],[136.13845,35.94694],[136.139,35.94744]]]}},{"type":"Feature","properties":{"pid":"b3f5cc26-013b-461d-8a36-b9564b8c1034","full":97.5},"geometry":{"type":"Polygon","coordinates":[[[136.14011,35.94674],[136.14084,35.9474],[136.14183,35.9467],[136.1411,35.94602],[136.14011,35.94674]]]}},{"type":"Feature","properties":{"pid":"6f22361c-8a8f-4e5f-a391-ac835dc7770d","full":55.2},"geometry":{"type":"Polygon","coordinates":[[[136.13967,35.946],[136.14046,35.94544],[136.13991,35.94493],[136.13912,35.94549],[136.13967,35.946]]]}},{"type":"Feature","properties":{"pid":"fa95ba99-e558-42be-8bf8-55d17060447e","full":71.5},"geometry":{"type":"Polygon","coordinates":[[[136.14049,35.94548],[136.1395,35.94618],[136.14005,35.94669],[136.14105,35.94597],[136.14049,35.94548]]]}},{"type":"Feature","properties":{"pid":"de820abf-c64a-4255-b8c8-1e3a7b36041d","full":9.3},"geometry":{"type":"Polygon","coordinates":[[[136.13912,35.9455],[136.13891,35.94564],[136.13946,35.94615],[136.13967,35.94601],[136.13912,35.9455]]]}},{"type":"Feature","properties":{"pid":"b5248f8a-6b52-4450-b76d-8638fbdd6942","full":29.5},"geometry":{"type":"Polygon","coordinates":[[[136.13903,35.94369],[136.13862,35.94398],[136.13909,35.94441],[136.13927,35.94434],[136.13973,35.944],[136.13903,35.94369]]]}},{"type":"Feature","properties":{"pid":"2d9a83aa-542e-4e24-8ac9-e8b1a10e90dd","full":4.6},"geometry":{"type":"Polygon","coordinates":[[[136.13904,35.94368],[136.13973,35.94399],[136.13989,35.94389],[136.13919,35.94357],[136.13904,35.94368]]]}},{"type":"Feature","properties":{"pid":"96ce4c25-dde1-4785-a39c-3457fe0128a1","full":1.8},"geometry":{"type":"Polygon","coordinates":[[[136.14051,35.94358],[136.14028,35.94356],[136.14015,35.94381],[136.14031,35.94388],[136.14051,35.94358]]]}},{"type":"Feature","properties":{"pid":"99b88f4a-cca3-4f0c-b515-ee589b33bb40","full":25.3},"geometry":{"type":"Polygon","coordinates":[[[136.13967,35.94419],[136.14018,35.94465],[136.14072,35.94426],[136.14002,35.94394],[136.13967,35.94419]]]}},{"type":"Feature","properties":{"pid":"0e2e6ed0-dec2-43bd-9f86-b763d5665b57","full":12.0},"geometry":{"type":"Polygon","coordinates":[[[136.14017,35.94465],[136.13967,35.94419],[136.13942,35.94438],[136.13992,35.94484],[136.14017,35.94465]]]}},{"type":"Feature","properties":{"pid":"ba5c7783-4b28-49e1-aa7f-8bf7ec4cc0f6","full":3.4},"geometry":{"type":"Polygon","coordinates":[[[136.14075,35.94362],[136.14074,35.94362],[136.14074,35.94361],[136.14051,35.94358],[136.14031,35.94388],[136.14052,35.94397],[136.14075,35.94362]]]}},{"type":"Feature","properties":{"pid":"b921edab-0999-4f7f-b543-295bb7848719","full":3.3},"geometry":{"type":"Polygon","coordinates":[[[136.14098,35.94363],[136.14076,35.94361],[136.14052,35.94397],[136.1407,35.94405],[136.14098,35.94363]]]}},{"type":"Feature","properties":{"pid":"e5af6874-3f66-4139-8014-56c1154bbb42","full":4.3},"geometry":{"type":"Polygon","coordinates":[[[136.14122,35.94366],[136.14099,35.94363],[136.14071,35.94406],[136.14089,35.94414],[136.14122,35.94366]]]}},{"type":"Feature","properties":{"pid":"99676552-04c5-47ce-998d-f40cf87247a0","full":8.1},"geometry":{"type":"Polygon","coordinates":[[[136.14152,35.94369],[136.14125,35.94366],[136.14124,35.94368],[136.14121,35.94368],[136.1409,35.94414],[136.14114,35.94425],[136.14152,35.94369]]]}},{"type":"Feature","properties":{"pid":"9f89e12c-3822-44da-881e-4793ed7512e7","full":20.6},"geometry":{"type":"Polygon","coordinates":[[[136.14115,35.94425],[136.14153,35.94442],[136.142,35.94375],[136.14153,35.94369],[136.14115,35.94425]]]}},{"type":"Feature","properties":{"pid":"fcbba4db-212b-4ac6-acef-b03f66e2022a","full":67.2},"geometry":{"type":"Polygon","coordinates":[[[136.13996,35.94489],[136.14052,35.94539],[136.14157,35.94465],[136.14079,35.9443],[136.13996,35.94489]]]}},{"type":"Feature","properties":{"pid":"be8b14e3-01d3-46b1-b5a6-6f3ed9851c97","full":84.8},"geometry":{"type":"Polygon","coordinates":[[[136.14055,35.94543],[136.14111,35.94594],[136.14208,35.94523],[136.14239,35.94502],[136.14162,35.94467],[136.14055,35.94543]]]}},{"type":"Feature","properties":{"pid":"f3225697-461a-4af2-bfd5-09a02f56d39e","full":10.0},"geometry":{"type":"Polygon","coordinates":[[[136.14369,35.94507],[136.1435,35.94532],[136.14402,35.94555],[136.1442,35.94529],[136.14369,35.94507]]]}},{"type":"Feature","properties":{"pid":"f925e333-6260-4b3d-aefe-12be25741362","full":15.4},"geometry":{"type":"Polygon","coordinates":[[[136.14393,35.94472],[136.14317,35.94438],[136.14297,35.94462],[136.14374,35.94497],[136.14393,35.94472]]]}},{"type":"Feature","properties":{"pid":"86131a42-ccb1-4396-932c-14ab24317991","full":15.9},"geometry":{"type":"Polygon","coordinates":[[[136.14295,35.94464],[136.14283,35.94475],[136.14313,35.94487],[136.14297,35.94508],[136.14346,35.9453],[136.14373,35.94497],[136.14298,35.94463],[136.14297,35.94465],[136.14295,35.94464]]]}},{"type":"Feature","properties":{"pid":"b7b8f5c9-8e64-42a5-a88a-443b303aad11","full":10.4},"geometry":{"type":"Polygon","coordinates":[[[136.14409,35.94452],[136.14334,35.94419],[136.14333,35.94421],[136.1433,35.9442],[136.14317,35.94437],[136.14394,35.94471],[136.14409,35.94452]]]}},{"type":"Feature","properties":{"pid":"d2399d28-dceb-40c9-9a2a-75c26326de00","full":15.7},"geometry":{"type":"Polygon","coordinates":[[[136.14334,35.94416],[136.14336,35.94417],[136.14334,35.94419],[136.14409,35.94451],[136.14424,35.94433],[136.1443,35.94402],[136.14398,35.944],[136.14397,35.94411],[136.14376,35.94412],[136.14376,35.94408],[136.14339,35.94409],[136.14334,35.94416]]]}},{"type":"Feature","properties":{"pid":"ed11ebd1-ef2f-464e-b190-62c3dc3ce220","full":86.5},"geometry":{"type":"Polygon","coordinates":[[[136.14336,35.9439],[136.14224,35.94377],[136.14173,35.94451],[136.14254,35.94489],[136.14285,35.94461],[136.14323,35.94415],[136.14333,35.94399],[136.14336,35.9439]]]}},{"type":"Feature","properties":{"pid":"d321a059-ec99-4c28-b619-a416602f0f8b","full":2.8},"geometry":{"type":"Polygon","coordinates":[[[136.1417,35.9445],[136.1422,35.94377],[136.14204,35.94375],[136.14157,35.94444],[136.1417,35.9445]]]}},{"type":"Feature","properties":{"pid":"df60f873-1a59-4c80-8fb5-0c33843a97d3","full":20.2},"geometry":{"type":"Polygon","coordinates":[[[136.14269,35.94333],[136.14187,35.94323],[136.14181,35.94359],[136.14263,35.94369],[136.14269,35.94333]]]}},{"type":"Feature","properties":{"pid":"81d3f3c7-7e68-421c-b48f-66e682cac6b6","full":18.3},"geometry":{"type":"Polygon","coordinates":[[[136.14193,35.94288],[136.14187,35.94322],[136.14269,35.94332],[136.14275,35.94298],[136.14193,35.94288]]]}},{"type":"Feature","properties":{"pid":"9a14eed5-d4a1-40ef-8364-f687035f9d2f","full":8.8},"geometry":{"type":"Polygon","coordinates":[[[136.14234,35.94292],[136.14276,35.94297],[136.14282,35.94262],[136.1428,35.94262],[136.14279,35.9426],[136.1424,35.94256],[136.14234,35.94292]]]}},{"type":"Feature","properties":{"pid":"a4921c6d-c42d-4d3a-b02d-d69da29e3b53","full":6.8},"geometry":{"type":"Polygon","coordinates":[[[136.14307,35.943],[136.1428,35.94297],[136.14274,35.94332],[136.14317,35.94337],[136.14317,35.94335],[136.14321,35.94335],[136.14307,35.943]]]}},{"type":"Feature","properties":{"pid":"3c2dfea9-25e6-48e8-af42-0adfd70272a7","full":1.0},"geometry":{"type":"Polygon","coordinates":[[[136.1428,35.94296],[136.14305,35.94299],[136.14291,35.94262],[136.14286,35.94262],[136.1428,35.94296]]]}},{"type":"Feature","properties":{"pid":"90d2af36-ebdf-4c8e-ace8-96381fa261f3","full":1.1},"geometry":{"type":"Polygon","coordinates":[[[136.14207,35.94201],[136.14267,35.94208],[136.14259,35.94195],[136.14212,35.94189],[136.14207,35.94201]]]}},{"type":"Feature","properties":{"pid":"aefbe9b6-ef55-4989-b36e-f12f246be0a4","full":16.6},"geometry":{"type":"Polygon","coordinates":[[[136.14274,35.9422],[136.14207,35.94213],[136.14203,35.94225],[136.142,35.94245],[136.14202,35.94246],[136.14282,35.94256],[136.14286,35.94255],[136.14274,35.9422]]]}},{"type":"Feature","properties":{"pid":"dd20846c-c3e5-47fe-b2a1-1d60445502c4","full":7.9},"geometry":{"type":"Polygon","coordinates":[[[136.14233,35.94292],[136.14239,35.94256],[136.14199,35.94252],[136.14193,35.94287],[136.14233,35.94292]]]}},{"type":"Feature","properties":{"pid":"2e7a5813-e4e5-40f3-8fec-efeab7e6db55","full":9.9},"geometry":{"type":"Polygon","coordinates":[[[136.14133,35.94238],[136.14191,35.94245],[136.14193,35.94244],[136.14198,35.9421],[136.14193,35.94209],[136.14183,35.94211],[136.14168,35.94213],[136.14151,35.94213],[136.14137,35.94215],[136.14133,35.94238]]]}},{"type":"Feature","properties":{"pid":"e4075aad-1358-43d0-a6b1-f69598659f6b","full":19.1},"geometry":{"type":"Polygon","coordinates":[[[136.14104,35.94277],[136.14181,35.94286],[136.14185,35.94286],[136.14191,35.94251],[136.14109,35.94241],[136.14104,35.94277]]]}},{"type":"Feature","properties":{"pid":"bb9346bb-7c3e-41d7-bf29-1e85d84fee00","full":17.5},"geometry":{"type":"Polygon","coordinates":[[[136.14097,35.94312],[136.14179,35.94321],[136.14185,35.94288],[136.14103,35.94279],[136.14097,35.94312]]]}},{"type":"Feature","properties":{"pid":"4efa3f29-2292-4a28-95c3-40138db7f1e1","full":19.6},"geometry":{"type":"Polygon","coordinates":[[[136.14097,35.94314],[136.14091,35.9435],[136.14173,35.94359],[136.14179,35.94323],[136.14097,35.94314]]]}},{"type":"Feature","properties":{"pid":"01871bbf-3732-4a0d-82db-760a1aa10fec","full":25.7},"geometry":{"type":"Polygon","coordinates":[[[136.14094,35.94313],[136.13999,35.94303],[136.1399,35.94309],[136.13986,35.94318],[136.13983,35.94328],[136.13982,35.94337],[136.14087,35.9435],[136.14094,35.94313]]]}},{"type":"Feature","properties":{"pid":"d5edb38c-5e44-42df-8343-4d54a9919666","full":15.9},"geometry":{"type":"Polygon","coordinates":[[[136.14106,35.94242],[136.141,35.94243],[136.14048,35.94285],[136.14038,35.9429],[136.14025,35.94295],[136.14023,35.94304],[136.14094,35.94312],[136.14106,35.94242]]]}},{"type":"Feature","properties":{"pid":"6fe66096-f064-4a37-9210-2d9070b6e819","full":3.9},"geometry":{"type":"Polygon","coordinates":[[[136.13936,35.94348],[136.14003,35.94378],[136.14007,35.94378],[136.14018,35.94355],[136.13964,35.94349],[136.13964,35.94348],[136.13937,35.94346],[136.13936,35.94348]]]}},{"type":"Feature","properties":{"pid":"27df4778-20d4-4386-ab8f-32b349bf357e","full":27.3},"geometry":{"type":"Polygon","coordinates":[[[136.13857,35.94392],[136.13909,35.94353],[136.13871,35.94334],[136.13839,35.94316],[136.13802,35.94341],[136.13806,35.94344],[136.13857,35.94392]]]}},{"type":"Feature","properties":{"pid":"03ba3464-4302-4162-a336-fedcb9df08b4","full":7.9},"geometry":{"type":"Polygon","coordinates":[[[136.13813,35.94295],[136.13758,35.94333],[136.13775,35.94349],[136.13833,35.94309],[136.13813,35.94295]]]}},{"type":"Feature","properties":{"pid":"755de9f9-d5ea-4cab-a773-6c0bb2173f1f","full":20.3},"geometry":{"type":"Polygon","coordinates":[[[136.13721,35.94299],[136.13758,35.94333],[136.13812,35.94294],[136.13771,35.94266],[136.13721,35.94299]]]}},{"type":"Feature","properties":{"pid":"7d7f9098-1275-44ee-8308-43cf805fcf0c","full":18.4},"geometry":{"type":"Polygon","coordinates":[[[136.13688,35.94324],[136.13741,35.94373],[136.13774,35.9435],[136.1372,35.94301],[136.13688,35.94324]]]}},{"type":"Feature","properties":{"pid":"a64c598b-48a0-47f7-b068-6888bece0669","full":12.4},"geometry":{"type":"Polygon","coordinates":[[[136.13686,35.94324],[136.13656,35.94347],[136.13658,35.94349],[136.13655,35.94351],[136.13691,35.94383],[136.13724,35.9436],[136.13686,35.94324]]]}},{"type":"Feature","properties":{"pid":"c87a267a-0d07-49f4-8779-b92c0771d1ba","full":18.5},"geometry":{"type":"Polygon","coordinates":[[[136.13714,35.94294],[136.1366,35.94245],[136.13627,35.94269],[136.13681,35.94318],[136.13714,35.94294]]]}},{"type":"Feature","properties":{"pid":"1185fb6b-33b1-4630-8b02-b62450a28388","full":5.5},"geometry":{"type":"Polygon","coordinates":[[[136.1366,35.94245],[136.13714,35.94294],[136.13729,35.94283],[136.13676,35.94234],[136.1366,35.94245]]]}},{"type":"Feature","properties":{"pid":"2e2d317a-c7fc-497f-8ab0-d89e648b4383","full":12.7},"geometry":{"type":"Polygon","coordinates":[[[136.13684,35.9424],[136.1373,35.94282],[136.13759,35.94262],[136.13761,35.94259],[136.1374,35.94243],[136.1371,35.94223],[136.13684,35.9424]]]}},{"type":"Feature","properties":{"pid":"e85d0e3e-6ffd-4e02-b3e9-e5e30e8f23e1","full":3.8},"geometry":{"type":"Polygon","coordinates":[[[136.13777,35.94214],[136.13746,35.94209],[136.13739,35.94223],[136.13776,35.94251],[136.13783,35.94246],[136.13774,35.9423],[136.13774,35.94228],[136.13774,35.94227],[136.13777,35.9422],[136.13777,35.94214]]]}},{"type":"Feature","properties":{"pid":"75355887-d921-4d18-b094-fd0b1bbabe8f","full":3.6},"geometry":{"type":"Polygon","coordinates":[[[136.13767,35.94183],[136.13708,35.94181],[136.13703,35.94189],[136.13711,35.94192],[136.13713,35.94189],[136.13721,35.94188],[136.13751,35.94198],[136.13747,35.94208],[136.13778,35.94213],[136.1378,35.94208],[136.13774,35.94192],[136.13767,35.94183]]]}},{"type":"Feature","properties":{"pid":"241c024c-246a-4977-9f1c-06e373893fcf","full":8.9},"geometry":{"type":"Polygon","coordinates":[[[136.13598,35.94187],[136.13653,35.94236],[136.13689,35.9421],[136.13666,35.94194],[136.13659,35.94205],[136.13606,35.94182],[136.13598,35.94187]]]}},{"type":"Feature","properties":{"pid":"6855662d-04d4-4066-9133-1824b8784267","full":9.7},"geometry":{"type":"Polygon","coordinates":[[[136.1363,35.94219],[136.13597,35.94189],[136.13568,35.94209],[136.13569,35.94211],[136.13567,35.94213],[136.13599,35.94242],[136.1363,35.94219]]]}},{"type":"Feature","properties":{"pid":"0069d278-570b-4033-8022-f5876c6efec1","full":4.6},"geometry":{"type":"Polygon","coordinates":[[[136.136,35.94242],[136.13619,35.9426],[136.13645,35.94242],[136.13649,35.94237],[136.1363,35.94219],[136.136,35.94242]]]}},{"type":"Feature","properties":{"pid":"8bdd4529-6d01-4eb1-a363-0da5413815b4","full":18.4},"geometry":{"type":"Polygon","coordinates":[[[136.1353,35.94236],[136.13585,35.94285],[136.13614,35.94265],[136.13614,35.94263],[136.13616,35.94261],[136.13564,35.94213],[136.1353,35.94236]]]}},{"type":"Feature","properties":{"pid":"3da1faa4-2841-4871-87c8-67c0aca6661d","full":8.1},"geometry":{"type":"Polygon","coordinates":[[[136.1352,35.94288],[136.13553,35.94265],[136.13528,35.94241],[136.13526,35.94242],[136.13525,35.9424],[136.13493,35.94263],[136.1352,35.94288]]]}},{"type":"Feature","properties":{"pid":"d7e1f112-7517-430e-a50f-b59bbaa17451","full":18.6},"geometry":{"type":"Polygon","coordinates":[[[136.13474,35.94182],[136.13525,35.9423],[136.13558,35.94206],[136.13504,35.94157],[136.13474,35.94179],[136.13476,35.94181],[136.13474,35.94182]]]}},{"type":"Feature","properties":{"pid":"06ef0ee4-1412-4156-b19c-9d0c1e0f0791","full":18.0},"geometry":{"type":"Polygon","coordinates":[[[136.13487,35.94256],[136.13521,35.94233],[136.1347,35.94187],[136.13467,35.94188],[136.13464,35.94186],[136.13435,35.94207],[136.13487,35.94256]]]}},{"type":"Feature","properties":{"pid":"42ba11c6-c80b-4df6-b8ad-1c1b726aacf1","full":17.8},"geometry":{"type":"Polygon","coordinates":[[[136.13455,35.94281],[136.13485,35.94258],[136.13435,35.9421],[136.13432,35.94209],[136.13403,35.94231],[136.13401,35.94232],[136.13455,35.94281]]]}},{"type":"Feature","properties":{"pid":"c20ca4e8-af99-47bb-930a-0f2ac9c3512c","full":0.6},"geometry":{"type":"Polygon","coordinates":[[[136.13388,35.94255],[136.13397,35.94266],[136.13418,35.94251],[136.13407,35.94241],[136.13388,35.94255]]]}},{"type":"Feature","properties":{"pid":"66778e2d-0bd2-4142-933c-cba8a5d9a164","full":0.6},"geometry":{"type":"Polygon","coordinates":[[[136.13403,35.94271],[136.13411,35.9428],[136.13414,35.94278],[136.13416,35.94279],[136.13434,35.94265],[136.13424,35.94256],[136.13403,35.94271]]]}},{"type":"Feature","properties":{"pid":"7ac8e75d-2091-47f8-8126-307fc7a4dc9f","full":17.1},"geometry":{"type":"Polygon","coordinates":[[[136.13545,35.94314],[136.13492,35.94265],[136.13462,35.94287],[136.13515,35.94337],[136.13545,35.94314]]]}},{"type":"Feature","properties":{"pid":"7ec63426-f9ea-4364-ac63-8e300346b5e2","full":2.5},"geometry":{"type":"Polygon","coordinates":[[[136.13413,35.94282],[136.1343,35.94299],[136.13453,35.94282],[136.13434,35.94266],[136.13413,35.94282]]]}},{"type":"Feature","properties":{"pid":"c0dc37e2-9d6b-40ea-9897-111c9e4a1105","full":11.3},"geometry":{"type":"Polygon","coordinates":[[[136.13437,35.94306],[136.13487,35.94355],[136.13489,35.94355],[136.13509,35.9434],[136.13508,35.94339],[136.13511,35.94337],[136.13459,35.94289],[136.13439,35.94303],[136.13437,35.94306]]]}},{"type":"Feature","properties":{"pid":"169d81a0-f76a-45ff-8659-b9ce412bb11b","full":10.6},"geometry":{"type":"Polygon","coordinates":[[[136.13557,35.94376],[136.13589,35.94353],[136.13555,35.94323],[136.13554,35.94324],[136.13551,35.94323],[136.13522,35.94344],[136.13557,35.94376]]]}},{"type":"Feature","properties":{"pid":"3b585f32-0384-41fd-baac-7b3a06af1cd4","full":7.7},"geometry":{"type":"Polygon","coordinates":[[[136.13553,35.94265],[136.13521,35.94289],[136.13547,35.94313],[136.1358,35.94289],[136.13553,35.94265]]]}},{"type":"Feature","properties":{"pid":"9be925a0-f417-4ff5-85d5-e7e82c237482","full":19.0},"geometry":{"type":"Polygon","coordinates":[[[136.13681,35.94318],[136.13627,35.94269],[136.13594,35.94293],[136.13647,35.94342],[136.13681,35.94318]]]}},{"type":"Feature","properties":{"pid":"6261eff3-dfea-4dee-96b3-f7ee9ee80dab","full":19.0},"geometry":{"type":"Polygon","coordinates":[[[136.13555,35.9432],[136.13609,35.94369],[136.13611,35.94367],[136.13614,35.94368],[136.13642,35.94346],[136.1359,35.94298],[136.13588,35.94299],[136.13586,35.94298],[136.13555,35.9432]]]}},{"type":"Feature","properties":{"pid":"285169db-e0fe-42e8-b248-77f646315c5b","full":4.2},"geometry":{"type":"Polygon","coordinates":[[[136.13589,35.94354],[136.13558,35.94377],[136.13577,35.94394],[136.13608,35.94371],[136.13589,35.94354]]]}},{"type":"Feature","properties":{"pid":"0797c391-fd26-451a-a6d4-bf8a643ef105","full":4.0},"geometry":{"type":"Polygon","coordinates":[[[136.1356,35.94406],[136.13574,35.94396],[136.13522,35.94348],[136.13519,35.94349],[136.13518,35.94348],[136.13507,35.94356],[136.1356,35.94406]]]}},{"type":"Feature","properties":{"pid":"98627c21-4c81-457b-974e-872db092b92a","full":1.0},"geometry":{"type":"Polygon","coordinates":[[[136.13492,35.94512],[136.135,35.94527],[136.13524,35.94521],[136.13513,35.94505],[136.13492,35.94512]]]}},{"type":"Feature","properties":{"pid":"f9f91244-6eb7-4081-bf81-9d825611e76b","full":6.0},"geometry":{"type":"Polygon","coordinates":[[[136.13686,35.94413],[136.13703,35.94402],[136.13649,35.94351],[136.13634,35.94364],[136.13686,35.94413]]]}},{"type":"Feature","properties":{"pid":"fe8137f3-68b9-4052-807c-b34d950bd99c","full":3.3},"geometry":{"type":"Polygon","coordinates":[[[136.13692,35.94383],[136.13707,35.94398],[136.1374,35.94374],[136.13725,35.9436],[136.13692,35.94383]]]}},{"type":"Feature","properties":{"pid":"573ddc53-960e-4732-a7e1-37a3bd44ac29","full":10.7},"geometry":{"type":"Polygon","coordinates":[[[136.13739,35.94386],[136.13718,35.94402],[136.13771,35.94452],[136.13794,35.94436],[136.13739,35.94386]]]}},{"type":"Feature","properties":{"pid":"db71e09e-f990-4e87-9069-ed91243add46","full":3.7},"geometry":{"type":"Polygon","coordinates":[[[136.1381,35.94433],[136.13841,35.94463],[136.13861,35.94456],[136.13862,35.94455],[136.13827,35.94421],[136.1381,35.94433]]]}},{"type":"Feature","properties":{"pid":"69e06db3-be93-498f-9f09-fdc5d2e34259","full":15.3},"geometry":{"type":"Polygon","coordinates":[[[136.1374,35.94386],[136.13795,35.94436],[136.13822,35.94415],[136.13768,35.94365],[136.1374,35.94386]]]}},{"type":"Feature","properties":{"pid":"736f3ac9-9263-4771-abf2-d39df14213f5","full":17.7},"geometry":{"type":"Polygon","coordinates":[[[136.13823,35.94415],[136.13854,35.94392],[136.13801,35.94343],[136.13769,35.94365],[136.13823,35.94415]]]}},{"type":"Feature","properties":{"pid":"b666ef24-669c-4439-990f-ac1fe3f2d5f1","full":7.3},"geometry":{"type":"Polygon","coordinates":[[[136.13777,35.94458],[136.13798,35.94477],[136.1384,35.94463],[136.1381,35.94434],[136.13777,35.94458]]]}},{"type":"Feature","properties":{"pid":"d6499c9d-da98-4251-bb6c-c089f4aaa18c","full":7.7},"geometry":{"type":"Polygon","coordinates":[[[136.13804,35.94495],[136.13776,35.94512],[136.13792,35.94531],[136.13796,35.94542],[136.13801,35.94544],[136.13833,35.94521],[136.13804,35.94495]]]}},{"type":"Feature","properties":{"pid":"05988160-7e07-490a-ac06-76b65cbfe7f6","full":86.9},"geometry":{"type":"Polygon","coordinates":[[[136.13936,35.94442],[136.13807,35.94486],[136.13807,35.94488],[136.13886,35.9456],[136.13986,35.94489],[136.13986,35.94487],[136.13936,35.94442]]]}},{"type":"Feature","properties":{"pid":"3dbeb18e-8f3d-4384-8f6c-4dec1fdc0cea","full":29.5},"geometry":{"type":"Polygon","coordinates":[[[136.13796,35.9458],[136.13808,35.94615],[136.13877,35.94565],[136.13877,35.94563],[136.13834,35.94523],[136.13796,35.9455],[136.13796,35.9458]]]}},{"type":"Feature","properties":{"pid":"0cf0065c-f253-43ff-8c7b-77a0d595a3e3","full":62.2},"geometry":{"type":"Polygon","coordinates":[[[136.13883,35.94573],[136.13816,35.94623],[136.13815,35.94625],[136.13816,35.94645],[136.13809,35.94659],[136.1381,35.94661],[136.13841,35.9469],[136.13939,35.9462],[136.13886,35.94572],[136.13883,35.94573]]]}},{"type":"Feature","properties":{"pid":"62f51180-8cc7-4e45-9b35-4eab68c849cb","full":85.6},"geometry":{"type":"Polygon","coordinates":[[[136.13818,35.94813],[136.13816,35.94817],[136.13853,35.94866],[136.13873,35.94892],[136.13881,35.94889],[136.1392,35.94861],[136.13967,35.94825],[136.13899,35.94761],[136.13894,35.9476],[136.13853,35.94788],[136.13818,35.94813]]]}},{"type":"Feature","properties":{"pid":"b80fb5fb-a853-4f29-8339-c5c097d5ae2e","full":21.7},"geometry":{"type":"Polygon","coordinates":[[[136.13705,35.94786],[136.13734,35.9481],[136.13763,35.94804],[136.13773,35.94822],[136.13797,35.94814],[136.13797,35.94813],[136.13741,35.94738],[136.13739,35.94738],[136.1373,35.94756],[136.13705,35.94784],[136.13705,35.94786]]]}},{"type":"Feature","properties":{"pid":"110f0bbf-6098-4492-a30a-ab60705d74bb","full":0.6},"geometry":{"type":"Polygon","coordinates":[[[136.13637,35.94614],[136.13652,35.9461],[136.13644,35.94593],[136.13641,35.94592],[136.13626,35.94595],[136.13633,35.94608],[136.13637,35.94614]]]}},{"type":"Feature","properties":{"pid":"89c87a59-0ec7-4621-9bd6-defc7a2ff0bc","full":0.9},"geometry":{"type":"Polygon","coordinates":[[[136.13588,35.94598],[136.13609,35.94593],[136.1361,35.9459],[136.13613,35.94588],[136.13608,35.94577],[136.13597,35.9458],[136.13587,35.9458],[136.13588,35.94598]]]}},{"type":"Feature","properties":{"pid":"5d21c4ba-c23f-4cd3-a819-37fc16a10805","full":8.7},"geometry":{"type":"Polygon","coordinates":[[[136.13326,35.94216],[136.13343,35.9423],[136.13358,35.94234],[136.13365,35.94236],[136.13372,35.94242],[136.13392,35.94226],[136.13357,35.94194],[136.13326,35.94216]]]}},{"type":"Feature","properties":{"pid":"f79dde3a-8024-40c6-8a6c-5be628f6931c","full":17.2},"geometry":{"type":"Polygon","coordinates":[[[136.13394,35.94224],[136.13396,35.94224],[136.13424,35.94204],[136.13425,35.94201],[136.13372,35.94154],[136.13342,35.94175],[136.13343,35.94177],[136.13394,35.94224]]]}},{"type":"Feature","properties":{"pid":"f493b6a5-1aa0-47e1-ae12-bb8fbc80a0e9","full":3.9},"geometry":{"type":"Polygon","coordinates":[[[136.13356,35.94193],[136.13341,35.9418],[136.13338,35.9418],[136.13336,35.94178],[136.13307,35.94199],[136.13308,35.942],[136.13326,35.94216],[136.13356,35.94193]]]}},{"type":"Feature","properties":{"pid":"8f2003ba-aa8e-4c79-9c67-a74bf0464e22","full":1.8},"geometry":{"type":"Polygon","coordinates":[[[136.13285,35.9422],[136.13341,35.94231],[136.13305,35.942],[136.13284,35.94218],[136.13285,35.9422]]]}},{"type":"Feature","properties":{"pid":"9c0622e2-ad0f-4392-8af6-c4475dfea9af","full":3.3},"geometry":{"type":"Polygon","coordinates":[[[136.13265,35.94204],[136.13276,35.94213],[136.13299,35.94196],[136.13265,35.94166],[136.13264,35.94168],[136.13265,35.94204]]]}},{"type":"Feature","properties":{"pid":"b88530fa-227f-45d7-9db1-428ab2022a6c","full":3.1},"geometry":{"type":"Polygon","coordinates":[[[136.13235,35.94218],[136.13255,35.94215],[136.13253,35.94175],[136.13233,35.94176],[136.13235,35.94218]]]}},{"type":"Feature","properties":{"pid":"f67c6edf-03cd-40a6-96a4-c89d308fcf25","full":2.7},"geometry":{"type":"Polygon","coordinates":[[[136.13233,35.94217],[136.13231,35.94176],[136.13212,35.94177],[136.13214,35.9422],[136.13224,35.94219],[136.13233,35.94217]]]}},{"type":"Feature","properties":{"pid":"f53c55b1-6ea4-4842-87e6-afc33e0cbfd8","full":3.4},"geometry":{"type":"Polygon","coordinates":[[[136.13211,35.94177],[136.1319,35.94178],[136.13191,35.94219],[136.13212,35.9422],[136.13211,35.94177]]]}},{"type":"Feature","properties":{"pid":"d2d00bc9-7568-44be-a666-240b5cb18593","full":0.9},"geometry":{"type":"Polygon","coordinates":[[[136.13143,35.94219],[136.13144,35.94203],[136.13136,35.94208],[136.13128,35.94207],[136.13109,35.94203],[136.13092,35.94203],[136.13108,35.94211],[136.13117,35.94217],[136.13127,35.94222],[136.13134,35.94221],[136.13143,35.94219]]]}},{"type":"Feature","properties":{"pid":"74aec30f-1ae9-41ff-9685-59e4df81e008","full":2.3},"geometry":{"type":"Polygon","coordinates":[[[136.12943,35.94253],[136.12945,35.94256],[136.12943,35.94257],[136.12949,35.94266],[136.12952,35.94266],[136.13005,35.94247],[136.13004,35.94236],[136.12983,35.94241],[136.12943,35.94253]]]}},{"type":"Feature","properties":{"pid":"1c4ba848-57b6-4aa5-b31a-e408624374c5","full":2.8},"geometry":{"type":"Polygon","coordinates":[[[136.1294,35.94179],[136.12957,35.94231],[136.12973,35.94227],[136.12955,35.94173],[136.12953,35.94172],[136.12949,35.94173],[136.1294,35.94179]]]}},{"type":"Feature","properties":{"pid":"ce742184-6a48-44cd-97dc-eb2774613881","full":6.9},"geometry":{"type":"Polygon","coordinates":[[[136.12873,35.94244],[136.12888,35.94258],[136.12902,35.94249],[136.12926,35.94243],[136.12913,35.94202],[136.12883,35.9423],[136.12887,35.94234],[136.12873,35.94244]]]}},{"type":"Feature","properties":{"pid":"59dd3633-eb74-452b-ad4b-737eab4cb614","full":3.5},"geometry":{"type":"Polygon","coordinates":[[[136.13099,35.94159],[136.13108,35.942],[136.13124,35.942],[136.13117,35.94186],[136.13117,35.9418],[136.13123,35.94179],[136.13123,35.9417],[136.13138,35.94169],[136.13139,35.94167],[136.13139,35.94153],[136.13118,35.94154],[136.13099,35.94157],[136.13099,35.94159]]]}},{"type":"Feature","properties":{"pid":"400ed10d-4d48-45fe-92df-419a1a2e1b39","full":3.1},"geometry":{"type":"Polygon","coordinates":[[[136.13097,35.9415],[136.13133,35.94145],[136.13126,35.94111],[136.13113,35.94117],[136.13111,35.94118],[136.13097,35.9415]]]}},{"type":"Feature","properties":{"pid":"c0ca97a8-efbe-4861-b2aa-7d2f0edc9827","full":1.6},"geometry":{"type":"Polygon","coordinates":[[[136.13258,35.94055],[136.13263,35.94064],[136.13263,35.94069],[136.1329,35.9407],[136.1329,35.94047],[136.13258,35.94055]]]}},{"type":"Feature","properties":{"pid":"1b7b3cc9-17d6-43d9-906f-86b11c0cb62f","full":1.3},"geometry":{"type":"Polygon","coordinates":[[[136.13217,35.94077],[136.13212,35.9406],[136.13233,35.94052],[136.13228,35.94049],[136.13204,35.94052],[136.13208,35.94058],[136.13189,35.94064],[136.13189,35.94066],[136.13196,35.94082],[136.13217,35.94077]]]}},{"type":"Feature","properties":{"pid":"5c130768-3f7f-4093-9721-a99b6b9fb140","full":1.5},"geometry":{"type":"Polygon","coordinates":[[[136.13242,35.9405],[136.13213,35.9406],[136.13216,35.9407],[136.13226,35.94068],[136.13229,35.94074],[136.13252,35.94068],[136.13245,35.94052],[136.13242,35.9405]]]}},{"type":"Feature","properties":{"pid":"37717b09-6550-41a5-8b63-d9994a42a9ac","full":11.2},"geometry":{"type":"Polygon","coordinates":[[[136.13251,35.94119],[136.13251,35.94079],[136.13248,35.94079],[136.13194,35.94092],[136.13196,35.94108],[136.13199,35.94119],[136.13251,35.94119]]]}},{"type":"Feature","properties":{"pid":"7753d6af-8a20-4430-b21e-9d805e25a19c","full":2.5},"geometry":{"type":"Polygon","coordinates":[[[136.13175,35.9413],[136.13185,35.9413],[136.13196,35.94126],[136.13187,35.94094],[136.13167,35.94099],[136.13175,35.9413]]]}},{"type":"Feature","properties":{"pid":"e3300f7f-91d1-4e22-ad7c-c642c2f32e5c","full":1.8},"geometry":{"type":"Polygon","coordinates":[[[136.13153,35.94135],[136.13145,35.94104],[136.13127,35.9411],[136.13133,35.94138],[136.13153,35.94135]]]}},{"type":"Feature","properties":{"pid":"1b614b9b-234e-4ebc-9d3f-b32fa83393b1","full":2.9},"geometry":{"type":"Polygon","coordinates":[[[136.13163,35.94143],[136.13163,35.94138],[136.13175,35.94137],[136.13167,35.94099],[136.13146,35.94104],[136.13156,35.94143],[136.13163,35.94143]]]}},{"type":"Feature","properties":{"pid":"39329317-b31d-4779-8f76-774811effe12","full":1.8},"geometry":{"type":"Polygon","coordinates":[[[136.13231,35.94138],[136.13236,35.94152],[136.13241,35.94172],[136.13254,35.94171],[136.13253,35.94132],[136.13231,35.94138]]]}},{"type":"Feature","properties":{"pid":"33e793e2-8602-429c-a27e-2fa9bd49896a","full":3.4},"geometry":{"type":"Polygon","coordinates":[[[136.13284,35.94179],[136.133,35.94194],[136.1333,35.94171],[136.13313,35.94155],[136.13284,35.94179]]]}},{"type":"Feature","properties":{"pid":"47af0c18-5810-4b5e-b690-5e2f5c44d588","full":8.9},"geometry":{"type":"Polygon","coordinates":[[[136.13283,35.94178],[136.13313,35.94155],[136.13276,35.9412],[136.13267,35.94127],[136.13267,35.94128],[136.13264,35.9413],[136.13265,35.94161],[136.13283,35.94178]]]}},{"type":"Feature","properties":{"pid":"3caf3a0f-2a51-48b4-ab94-b375f49e07fb","full":2.1},"geometry":{"type":"Polygon","coordinates":[[[136.13281,35.94106],[136.13281,35.94082],[136.13261,35.9408],[136.13259,35.94121],[136.13281,35.94106]]]}},{"type":"Feature","properties":{"pid":"74115552-c932-411e-b61d-24c5eb0d5993","full":19.2},"geometry":{"type":"Polygon","coordinates":[[[136.13365,35.94146],[136.1331,35.94096],[136.13277,35.9412],[136.13332,35.9417],[136.13365,35.94146]]]}},{"type":"Feature","properties":{"pid":"12764cde-9a1c-49b3-986a-be49b2788ff6","full":17.1},"geometry":{"type":"Polygon","coordinates":[[[136.13366,35.94146],[136.13398,35.94122],[136.13398,35.94121],[136.13359,35.94086],[136.13324,35.94086],[136.13311,35.94095],[136.13366,35.94146]]]}},{"type":"Feature","properties":{"pid":"e801698f-1695-451a-bbb5-9912d2dcc583","full":18.5},"geometry":{"type":"Polygon","coordinates":[[[136.13373,35.94152],[136.13427,35.94202],[136.13459,35.94177],[136.13406,35.94129],[136.13373,35.94152]]]}},{"type":"Feature","properties":{"pid":"73046ddc-49a9-42e8-9231-3033471dc9ee","full":15.1},"geometry":{"type":"Polygon","coordinates":[[[136.13493,35.94092],[136.1346,35.94094],[136.13448,35.94102],[136.13498,35.9415],[136.1353,35.94127],[136.13493,35.94092]]]}},{"type":"Feature","properties":{"pid":"e58613e7-334d-4b38-81b9-e15e5053275b","full":18.3},"geometry":{"type":"Polygon","coordinates":[[[136.13412,35.94126],[136.13461,35.94172],[136.13463,35.9417],[136.13466,35.94173],[136.13497,35.94151],[136.13446,35.94102],[136.13412,35.94126]]]}},{"type":"Feature","properties":{"pid":"1efe9f16-337a-4984-a9aa-2db52c69da33","full":10.6},"geometry":{"type":"Polygon","coordinates":[[[136.13367,35.94084],[136.13404,35.94118],[136.13455,35.94082],[136.13454,35.94072],[136.13395,35.94081],[136.13369,35.94083],[136.13367,35.94084]]]}},{"type":"Feature","properties":{"pid":"409b7140-7fb4-470d-8c75-7a8926e0f2de","full":0.5},"geometry":{"type":"Polygon","coordinates":[[[136.13398,35.94065],[136.13413,35.94063],[136.13406,35.94039],[136.13393,35.94042],[136.13398,35.94065]]]}},{"type":"Feature","properties":{"pid":"1a5c3efb-0753-4316-8c3d-31f5dee1e290","full":6.0},"geometry":{"type":"Polygon","coordinates":[[[136.1353,35.94126],[136.13555,35.94109],[136.13537,35.94088],[136.13494,35.94092],[136.1353,35.94126]]]}},{"type":"Feature","properties":{"pid":"e0c48c46-b98a-482a-872e-fcab68db46d6","full":4.3},"geometry":{"type":"Polygon","coordinates":[[[136.13563,35.94116],[136.13544,35.94129],[136.13544,35.9413],[136.13541,35.94133],[136.13581,35.94169],[136.13583,35.94168],[136.13592,35.94176],[136.13595,35.94175],[136.13592,35.94172],[136.13598,35.94168],[136.13574,35.94148],[136.13586,35.94139],[136.13563,35.94116]]]}},{"type":"Feature","properties":{"pid":"c0eff56f-121f-4fd6-91fc-0844d1cc1031","full":18.4},"geometry":{"type":"Polygon","coordinates":[[[136.13505,35.94155],[136.13559,35.94205],[136.13591,35.94182],[136.13537,35.94132],[136.13505,35.94155]]]}},{"type":"Feature","properties":{"pid":"9ed1269b-35c4-4feb-91bd-8faf42c3db05","full":0.6},"geometry":{"type":"Polygon","coordinates":[[[136.13726,35.94153],[136.1374,35.94154],[136.13737,35.94145],[136.13738,35.94135],[136.13739,35.9413],[136.13722,35.94129],[136.13723,35.94133],[136.13719,35.9415],[136.13726,35.94151],[136.13726,35.94153]]]}},{"type":"Feature","properties":{"pid":"4c95533c-799d-424c-8602-d853fba4ea29","full":3.3},"geometry":{"type":"Polygon","coordinates":[[[136.1371,35.94099],[136.1371,35.94102],[136.13721,35.94121],[136.13722,35.94127],[136.1374,35.94127],[136.1375,35.94118],[136.13752,35.94104],[136.1371,35.94099]]]}},{"type":"Feature","properties":{"pid":"1e487b80-1886-46ad-9d4d-90bb98b627dc","full":4.8},"geometry":{"type":"Polygon","coordinates":[[[136.13742,35.94155],[136.13716,35.94155],[136.13709,35.94181],[136.13766,35.94182],[136.13752,35.94169],[136.13742,35.94155]]]}},{"type":"Feature","properties":{"pid":"fb05ce8a-cfa3-4733-becc-b12c27edf960","full":6.1},"geometry":{"type":"Polygon","coordinates":[[[136.13705,35.94088],[136.13706,35.94094],[136.13753,35.94099],[136.13755,35.94073],[136.1371,35.94069],[136.13705,35.94088]]]}}],"precision":5}