{"type":"FeatureCollection","features":[{"type":"Feature","properties":{"pid":"f6771046-fab6-45ef-91d2-ef57684fd30b"},"geometry":{"type":"Polygon","coordinates":[[[136.1926368826225,35.89054335611973],[136.19267287727712,35.89072683243875],[136.19277117973226,35.890728565933316],[136.1927775157439,35.89052027085401],[136.192694863839,35.89052087754638],[136.1926368826225,35.89054335611973]]]}},{"type":"Feature","properties":{"pid":"678ca7a7-b1bd-4834-abfe-7088e894a505"},"geometry":{"type":"Polygon","coordinates":[[[136.19078918199062,35.89059532366517],[136.19110143771982,35.890754018171165],[136.19127917963178,35.890600755188586],[136.1912315016782,35.890531904579774],[136.19078918199062,35.89059532366517]]]}},{"type":"Feature","properties":{"pid":"2f5bfc10-b42e-4760-9adb-8124f3e6e4d3"},"geometry":{"type":"Polygon","coordinates":[[[136.19304769825166,35.892324232152205],[136.19307282653608,35.89158789709091],[136.19285916763297,35.89159026619249],[136.1928440957851,35.89232255938527],[136.19304769825166,35.892324232152205]]]}},{"type":"Feature","properties":{"pid":"360ab508-9e8d-4638-8291-0fc36674b36a"},"geometry":{"type":"Polygon","coordinates":[[[136.19338558591483,35.892329298200906],[136.1934040064352,35.89151914730995],[136.19331149126378,35.8915506006826],[136.19319916529818,35.89155177192494],[136.1931807018374,35.89232563853426],[136.19338558591483,35.892329298200906]]]}},{"type":"Feature","properties":{"pid":"dfc96faf-a396-42d0-bd9e-3815574fa34a"},"geometry":{"type":"Polygon","coordinates":[[[136.19405487879345,35.892343357077785],[136.19407498567347,35.89153009757755],[136.19386443380924,35.89152942728341],[136.1938442645845,35.89233865290395],[136.19405487879345,35.892343357077785]]]}},{"type":"Feature","properties":{"pid":"ab5765ae-2cce-4346-8e84-e82be201c4e7"},"geometry":{"type":"Polygon","coordinates":[[[136.19374231391134,35.89152496333518],[136.19352981280394,35.89152025184332],[136.19350967033003,35.892332772986315],[136.19372216193028,35.89233647127292],[136.19374231391134,35.89152496333518]]]}},{"type":"Feature","properties":{"pid":"bec5a107-b818-483f-8b10-c84a2984f669"},"geometry":{"type":"Polygon","coordinates":[[[136.19297524586008,35.89128979229757],[136.19308888973103,35.891294083614156],[136.19311446042192,35.89051747222152],[136.19298953423475,35.89051457114296],[136.19297524586008,35.89128979229757]]]}},{"type":"Feature","properties":{"pid":"9837fc00-08b6-4719-8e04-e87199ddc8ec"},"geometry":{"type":"Polygon","coordinates":[[[136.19340457150687,35.89134019116506],[136.19342851462156,35.89052260606137],[136.19323600776784,35.89051732254129],[136.19321037902262,35.89129572914857],[136.19329100701157,35.891300136539755],[136.19340457150687,35.89134019116506]]]}},{"type":"Feature","properties":{"pid":"3edf5c57-fbdc-45e8-82ec-4654b81444de"},"geometry":{"type":"Polygon","coordinates":[[[136.1937560632321,35.89108305383065],[136.19361596619032,35.89109036481955],[136.1935920800529,35.89106797359307],[136.19356561953953,35.89094076693955],[136.19360468083178,35.890906674316234],[136.19376268385892,35.89088660849417],[136.1937746682015,35.890531011093536],[136.19355025483088,35.890525477242484],[136.19352956446522,35.89134710245672],[136.19374734023978,35.891341879093545],[136.1937560632321,35.89108305383065]]]}},{"type":"Feature","properties":{"pid":"757b831f-c215-48e2-8bca-44bf34707e53"},"geometry":{"type":"Polygon","coordinates":[[[136.19407969418202,35.89134504272159],[136.19411344734525,35.890537761525536],[136.1938962234268,35.89053228534474],[136.1938689986282,35.89134152693917],[136.19407969418202,35.89134504272159]]]}},{"type":"Feature","properties":{"pid":"f6da9dae-12d8-4eba-ad8f-d32a324bb1f1"},"geometry":{"type":"Polygon","coordinates":[[[136.19474471370947,35.89136109775999],[136.1947672930274,35.890552431992475],[136.19455506861857,35.89054332824733],[136.19453433171768,35.89136143913286],[136.19474471370947,35.89136109775999]]]}},{"type":"Feature","properties":{"pid":"3bdf434d-6d07-46f6-b1cf-5f7b4c788f74"},"geometry":{"type":"Polygon","coordinates":[[[136.19441265031082,35.89135670617786],[136.1944317442142,35.89054235898959],[136.19423313861978,35.89053984805197],[136.19419773903354,35.89134933005103],[136.19441265031082,35.89135670617786]]]}},{"type":"Feature","properties":{"pid":"4e046e03-c05b-4929-a620-185c2dc4fe02"},"geometry":{"type":"Polygon","coordinates":[[[136.19536463253468,35.891051471424014],[136.19537858784986,35.89058325890157],[136.19522431430926,35.890580950408165],[136.19521183015019,35.89104661090107],[136.19536463253468,35.891051471424014]]]}},{"type":"Feature","properties":{"pid":"85676fd1-9ba6-4bf2-bfd5-6c6a4d01473b"},"geometry":{"type":"Polygon","coordinates":[[[136.19508194153482,35.89136787126679],[136.1951010040787,35.890580696448374],[136.19488510898452,35.890570812269374],[136.19486613714037,35.891362401026036],[136.19508194153482,35.89136787126679]]]}},{"type":"Feature","properties":{"pid":"48465db1-74e8-4e46-b396-d2675808cb8a"},"geometry":{"type":"Polygon","coordinates":[[[136.19451109741036,35.89218580764622],[136.1945061102514,35.89235735083971],[136.1947080436648,35.8923609982265],[136.1947296880594,35.89154670712696],[136.19452986773175,35.89154016193399],[136.19451717213133,35.89197685509545],[136.19460961894006,35.891968607723],[136.1946439036811,35.89198117961831],[136.1946893678036,35.89212349399923],[136.19465776632853,35.89216495769851],[136.19451109741036,35.89218580764622]]]}},{"type":"Feature","properties":{"pid":"61d3ccf6-7203-44e0-a32c-730962af841a"},"geometry":{"type":"Polygon","coordinates":[[[136.1943858638431,35.89235411732372],[136.19440942251114,35.89153464278424],[136.19419701515864,35.89152993469961],[136.19417518833103,35.89235143334881],[136.1943858638431,35.89235411732372]]]}},{"type":"Feature","properties":{"pid":"c201b80b-a39d-47aa-9702-94395f8b30b8"},"geometry":{"type":"Polygon","coordinates":[[[136.19504743800374,35.892367633465334],[136.19506923853626,35.891552831008354],[136.19485507104088,35.891551153951056],[136.19483661796787,35.89236192108475],[136.19504743800374,35.892367633465334]]]}},{"type":"Feature","properties":{"pid":"b2d65e0c-2d92-422e-93e3-490478ee51ff"},"geometry":{"type":"Polygon","coordinates":[[[136.19537636284193,35.89237629943313],[136.19539816171687,35.89155690186402],[136.195189663762,35.89155523499902],[136.1951712134455,35.892370635004575],[136.19537636284193,35.89237629943313]]]}},{"type":"Feature","properties":{"pid":"a798c652-c691-4b68-885c-d77c74cc17de"},"geometry":{"type":"Polygon","coordinates":[[[136.19572077875992,35.892383755517265],[136.19574940786165,35.89156507498643],[136.19552235367397,35.89156131401357],[136.19550393497073,35.89237901062899],[136.19572077875992,35.892383755517265]]]}},{"type":"Feature","properties":{"pid":"302e6685-f39d-4fb3-9c57-4f18f73f6a72"},"geometry":{"type":"Polygon","coordinates":[[[136.1964332656124,35.89239485303076],[136.19645847279847,35.891580792470066],[136.19624626555532,35.89157710369826],[136.19622614813696,35.89239017699805],[136.1964332656124,35.89239485303076]]]}},{"type":"Feature","properties":{"pid":"02bcd04d-5e0d-41b7-914c-fe020144b13a"},"geometry":{"type":"Polygon","coordinates":[[[136.19592339106345,35.89156985625242],[136.19589933057114,35.892384305995336],[136.19610224904014,35.89238795564978],[136.19612406696598,35.891573587703334],[136.19592339106345,35.89156985625242]]]}},{"type":"Feature","properties":{"pid":"6279be67-cf23-45d9-bffa-ff6b71096565"},"geometry":{"type":"Polygon","coordinates":[[[136.19676937631453,35.89240328882971],[136.1967877685567,35.89158820380423],[136.19657878636224,35.891585532883404],[136.1965552579866,35.89239756153972],[136.19676937631453,35.89240328882971]]]}},{"type":"Feature","properties":{"pid":"b82a8dde-d9d2-4a52-bba8-63c1cba4fdc2"},"geometry":{"type":"Polygon","coordinates":[[[136.19711160308387,35.892406865616046],[136.19713171723194,35.89159510326729],[136.196911587261,35.89159136813653],[136.19688979166202,35.892405180154206],[136.19711160308387,35.892406865616046]]]}},{"type":"Feature","properties":{"pid":"d06cf759-9b11-4a59-a3ea-ad9bf6ccd386"},"geometry":{"type":"Polygon","coordinates":[[[136.19756338472163,35.89241102055486],[136.19777247244087,35.892420581874475],[136.19777928596477,35.892052129727624],[136.19766804104933,35.89164002693509],[136.19763202326902,35.891608943803355],[136.19758954827287,35.89161030302835],[136.19756338472163,35.89241102055486]]]}},{"type":"Feature","properties":{"pid":"49d9916d-31d7-4cb0-8e59-33039c224516"},"geometry":{"type":"Polygon","coordinates":[[[136.19743326516183,35.89241192019821],[136.19745847391914,35.89160375377282],[136.19725014217732,35.89160008172857],[136.19723173775495,35.89240827355325],[136.19743326516183,35.89241192019821]]]}},{"type":"Feature","properties":{"pid":"b8bef99d-efd0-432c-8dfc-460c83effe0e"},"geometry":{"type":"Polygon","coordinates":[[[136.19680155831063,35.89140389863628],[136.1968287832492,35.89061532114409],[136.19674980207787,35.890613000401466],[136.19671779699175,35.891402776452466],[136.19680155831063,35.89140389863628]]]}},{"type":"Feature","properties":{"pid":"8b8e63bd-af7d-4b11-ab44-52d59da529d1"},"geometry":{"type":"Polygon","coordinates":[[[136.19713474733598,35.89140906183534],[136.1971522168361,35.89062135724234],[136.1969466422041,35.89061787271881],[136.19691784118316,35.891405535269286],[136.19713474733598,35.89140906183534]]]}},{"type":"Feature","properties":{"pid":"e1ff4e26-91aa-48a0-a1f9-f9e35e9985de"},"geometry":{"type":"Polygon","coordinates":[[[136.19731229303022,35.89141370778489],[136.19732778241345,35.89117284260085],[136.19736539072795,35.89115068446785],[136.19747665691733,35.89114967157022],[136.19748615427284,35.89063623224242],[136.1972736953083,35.89062982143001],[136.19725460539377,35.89141178501163],[136.19731229303022,35.89141370778489]]]}},{"type":"Feature","properties":{"pid":"5da31357-9e4c-4b80-86d0-da528d1b7473"},"geometry":{"type":"Polygon","coordinates":[[[136.1965960207145,35.8914007125513],[136.19662478666095,35.89061298466126],[136.19661512437676,35.89061300049082],[136.1965960207145,35.8914007125513]]]}},{"type":"Feature","properties":{"pid":"87c31693-68d8-4ba4-a874-16af9cc03a1f"},"geometry":{"type":"Polygon","coordinates":[[[136.1964676696482,35.89139789758206],[136.19649161188903,35.89061071109619],[136.19627945866984,35.89060720337446],[136.19625549783947,35.89139245907898],[136.1964676696482,35.89139789758206]]]}},{"type":"Feature","properties":{"pid":"1e645f8a-75ba-4a5f-b131-54c9395e5356"},"geometry":{"type":"Polygon","coordinates":[[[136.1961265988685,35.891388298140924],[136.19613531510305,35.89107729227834],[136.1960178257266,35.89107507922046],[136.1959950818027,35.8911131917805],[136.19593826306675,35.89112138526099],[136.19593101781876,35.891383707179386],[136.1961265988685,35.891388298140924]]]}},{"type":"Feature","properties":{"pid":"ff4b73e6-8d9b-4724-9229-ed7789c76e5f"},"geometry":{"type":"Polygon","coordinates":[[[136.19574777126354,35.891380755952135],[136.19576348241893,35.89082744959511],[136.19554423802657,35.89082293357262],[136.19553009982673,35.89137818818379],[136.19574777126354,35.891380755952135]]]}},{"type":"Feature","properties":{"pid":"3305b09d-e940-4ea8-8bde-c7ae6a68ddf7"},"geometry":{"type":"Polygon","coordinates":[[[136.2000171226351,35.89086745491118],[136.20001913890496,35.89061299939028],[136.19972228955248,35.890619851636785],[136.19972650305465,35.890872637933974],[136.2000171226351,35.89086745491118]]]}},{"type":"Feature","properties":{"pid":"0b716ca6-4942-45c7-a1ec-f88c07286a3e"},"geometry":{"type":"Polygon","coordinates":[[[136.19952345084323,35.89128787532845],[136.19952315866274,35.89117162052492],[136.199432556776,35.891173761895125],[136.19942979852635,35.891286692195195],[136.19952345084323,35.89128787532845]]]}},{"type":"Feature","properties":{"pid":"982a7f6e-1aa3-495b-918f-f8dd20739461"},"geometry":{"type":"Polygon","coordinates":[[[136.19952454389366,35.89107103427511],[136.19952645091374,35.891014981738984],[136.19943333397757,35.89101779391218],[136.19943346646505,35.89107051754365],[136.19952454389366,35.89107103427511]]]}},{"type":"Feature","properties":{"pid":"ef614fe9-ba41-4c12-b610-d4debf5f28be"},"geometry":{"type":"Polygon","coordinates":[[[136.19945972595568,35.89064539999242],[136.1994374622716,35.89089249759006],[136.19959522271785,35.89089223517519],[136.19958773427203,35.890623488929556],[136.19955674753507,35.89064049180982],[136.19945972595568,35.89064539999242]]]}},{"type":"Feature","properties":{"pid":"a786ad5d-c140-4132-9c20-541c747f8638"},"geometry":{"type":"Polygon","coordinates":[[[136.198464537121,35.89143965501031],[136.19848689754238,35.89064754615773],[136.19827299092813,35.89064016298482],[136.19825232591074,35.891438074418694],[136.198464537121,35.89143965501031]]]}},{"type":"Feature","properties":{"pid":"84703abe-4bbf-4ead-b5d7-de8479ac7de6"},"geometry":{"type":"Polygon","coordinates":[[[136.1979299148932,35.891208393856196],[136.19799541146335,35.89143114587048],[136.19813426378892,35.89143580669396],[136.19815333387163,35.890639797546704],[136.19793800412035,35.89063434506264],[136.1979299148932,35.891208393856196]]]}},{"type":"Feature","properties":{"pid":"4331702b-b7ea-4a53-8f23-c84110829030"},"geometry":{"type":"Polygon","coordinates":[[[136.1987823229161,35.89144567066081],[136.1988094384726,35.8906480886912],[136.19860660311105,35.89065032279131],[136.19858261181594,35.89144127921812],[136.1987823229161,35.89144567066081]]]}},{"type":"Feature","properties":{"pid":"28592fac-cb04-4080-b742-4fd971325ea4"},"geometry":{"type":"Polygon","coordinates":[[[136.19893812925395,35.89068755905281],[136.19891117996684,35.89144918678537],[136.1990872140474,35.891451917679255],[136.1991058083417,35.89143618240624],[136.19911992208117,35.89084870601247],[136.19909898719303,35.89079121890962],[136.19900419500243,35.89071189122762],[136.19893812925395,35.89068755905281]]]}},{"type":"Feature","properties":{"pid":"6a189189-6101-4c11-a588-45a21a2cfe68"},"geometry":{"type":"Polygon","coordinates":[[[136.19843136356525,35.89242902006484],[136.198456557682,35.8916180318923],[136.19824438897524,35.89161636468985],[136.19822428301967,35.89242635311286],[136.19843136356525,35.89242902006484]]]}},{"type":"Feature","properties":{"pid":"81e7c0c0-2e70-4bbe-828e-2ee8f31bde34"},"geometry":{"type":"Polygon","coordinates":[[[136.19804298422278,35.89178395229102],[136.1980888995744,35.891973320879266],[136.19811316528558,35.892057123035244],[136.1981241337444,35.89161423103347],[136.19804691385525,35.891613985940786],[136.19804298422278,35.89178395229102]]]}},{"type":"Feature","properties":{"pid":"606336ed-56d3-4682-888f-2cf6f0d60114"},"geometry":{"type":"Polygon","coordinates":[[[136.19878926648167,35.891623366087614],[136.19857869021286,35.891620690563116],[136.1985534811145,35.89243221828648],[136.19876408415072,35.89243590386939],[136.19878926648167,35.891623366087614]]]}},{"type":"Feature","properties":{"pid":"dbf45622-0c1e-4ac2-a873-f5132099597f"},"geometry":{"type":"Polygon","coordinates":[[[136.19890946293958,35.8916273735923],[136.19888428419455,35.89243987024272],[136.19906248651063,35.89244460853836],[136.19909094075382,35.891633226062616],[136.19890946293958,35.8916273735923]]]}},{"type":"Feature","properties":{"pid":"af15e22c-a412-4acb-963f-c980247673c4"},"geometry":{"type":"Polygon","coordinates":[[[136.19961091856348,35.892455590689295],[136.19964421495777,35.891641415204994],[136.19942402860693,35.891641780530605],[136.1993879629019,35.892453499509685],[136.19961091856348,35.892455590689295]]]}},{"type":"Feature","properties":{"pid":"e2c3b87e-a5af-4c2a-b716-6d7889491778"},"geometry":{"type":"Polygon","coordinates":[[[136.1998691488287,35.89245742119126],[136.19989976249317,35.89164478873006],[136.19976257763568,35.891642292508095],[136.19972927015274,35.89245559751554],[136.1998691488287,35.89245742119126]]]}},{"type":"Feature","properties":{"pid":"33d01ae3-82b3-4c81-949a-de3cc74e5d0c"},"geometry":{"type":"Polygon","coordinates":[[[136.19962531871587,35.89145970038555],[136.19963138693032,35.8913891925822],[136.19942598698958,35.89139047860082],[136.19942464920905,35.89145239399043],[136.19962531871587,35.89145970038555]]]}},{"type":"Feature","properties":{"pid":"0d789f5e-9673-4bd8-b4e0-16703c3b956e"},"geometry":{"type":"Polygon","coordinates":[[[136.19091233399726,35.90668015288284],[136.19089592423026,35.90704439468522],[136.19099962314118,35.90704853363485],[136.1910156410047,35.90665810956543],[136.19095677233176,35.906685374259716],[136.19091233399726,35.90668015288284]]]}},{"type":"Feature","properties":{"pid":"1c97018f-7553-442f-a62a-02968501d0c8"},"geometry":{"type":"MultiPolygon","coordinates":[[[[136.19440854265378,35.90662828401566],[136.19425315298716,35.90664583513635],[136.1942532018347,35.906665882898274],[136.194346322839,35.90667082433111],[136.19437334360845,35.90669645353711],[136.19437772488368,35.90674244679572],[136.19441709321345,35.90674043507035],[136.19440854265378,35.90662828401566]]],[[[136.19442723944223,35.90657134450815],[136.194464447623,35.90655308694023],[136.19449631237296,35.906478363245206],[136.19452372506694,35.90645612401098],[136.1944198431311,35.90646094325313],[136.19442723944223,35.90657134450815]]]]}},{"type":"Feature","properties":{"pid":"8c7ed94b-b025-4148-96d9-f4230b547839"},"geometry":{"type":"Polygon","coordinates":[[[136.19569786050113,35.90724291539497],[136.19570776378623,35.90625853128607],[136.19559210987524,35.90625780647448],[136.1955861178296,35.90733400488658],[136.19564730090582,35.907328796186874],[136.19565310553898,35.90727596062894],[136.19569786050113,35.90724291539497]]]}},{"type":"Feature","properties":{"pid":"8a647cca-274b-4ae8-84a8-1649a74a2d97"},"geometry":{"type":"Polygon","coordinates":[[[136.19546953459044,35.90625553997284],[136.19543331043812,35.90625587413697],[136.19543497017133,35.906530600513484],[136.19540143797735,35.906556935384764],[136.1953394416877,35.90656104397269],[136.19533770005918,35.90691308492953],[136.1954509693602,35.90691362376384],[136.19546953459044,35.90625553997284]]]}},{"type":"Feature","properties":{"pid":"96c11245-ec3b-4b1f-931e-8314b8d4249c"},"geometry":{"type":"Polygon","coordinates":[[[136.19582201838068,35.907221823913474],[136.1959697314764,35.90716670179269],[136.19597156335294,35.90626273781352],[136.1958296378399,35.90625995447819],[136.19582201838068,35.907221823913474]]]}},{"type":"Feature","properties":{"pid":"6c0ede41-82f7-4963-b6bb-d11fd41e10c9"},"geometry":{"type":"Polygon","coordinates":[[[136.19624645412495,35.90626962343908],[136.19623505426844,35.90705577125179],[136.19625058522925,35.907049420736705],[136.19625669116564,35.906269758002956],[136.19624645412495,35.90626962343908]]]}},{"type":"Feature","properties":{"pid":"a77734c3-ea5a-4af9-9707-a1fb479cf9c8"},"geometry":{"type":"Polygon","coordinates":[[[136.1960953287074,35.906265098764166],[136.196089759716,35.90711622101786],[136.19611477268845,35.90710467988754],[136.19612688270846,35.906265836455006],[136.1960953287074,35.906265098764166]]]}},{"type":"Feature","properties":{"pid":"62b36ea8-0859-4b06-b827-eed5e806f216"},"geometry":{"type":"Polygon","coordinates":[[[136.1965480658018,35.90627152281182],[136.19638738613344,35.90627072709463],[136.19639266044348,35.90711578364122],[136.19653037194118,35.90712208407271],[136.1965480658018,35.90627152281182]]]}},{"type":"Feature","properties":{"pid":"6fbd7186-a3d9-4689-9af1-f46053206db6"},"geometry":{"type":"Polygon","coordinates":[[[136.19675364374433,35.907130979696426],[136.19677220278473,35.90713197347076],[136.19679590512155,35.90627723434896],[136.19678329056111,35.90627652251095],[136.19675364374433,35.907130979696426]]]}},{"type":"Feature","properties":{"pid":"74839ea2-ed50-4fb4-bddb-09f1384e6f22"},"geometry":{"type":"Polygon","coordinates":[[[136.19723345329956,35.90627277898693],[136.19713549534316,35.906281149696696],[136.19706961192128,35.90713548278171],[136.19718605461946,35.90713711174966],[136.19723345329956,35.90627277898693]]]}},{"type":"Feature","properties":{"pid":"dab41e30-33c7-4628-a778-34b24317aaf2"},"geometry":{"type":"Polygon","coordinates":[[[136.1968960210918,35.90713485251858],[136.19694703976674,35.90713476910394],[136.1970119641122,35.90627700482854],[136.19691774825048,35.90627796581198],[136.1968960210918,35.90713485251858]]]}},{"type":"Feature","properties":{"pid":"fd1023b7-0403-4507-8bd4-778578f120c6"},"geometry":{"type":"Polygon","coordinates":[[[136.1974006318128,35.90713968764221],[136.19748577038,35.90714265838794],[136.19752047744453,35.90628145580793],[136.1974600604959,35.90627848544979],[136.1974006318128,35.90713968764221]]]}},{"type":"Feature","properties":{"pid":"1929c08f-641f-41d8-9f87-cac1b3f885a0"},"geometry":{"type":"Polygon","coordinates":[[[136.19785589894994,35.90607563555003],[136.19772277460405,35.906072929710284],[136.19770108624644,35.90689720830023],[136.19783816592303,35.90689994081118],[136.19785589894994,35.90607563555003]]]}},{"type":"Feature","properties":{"pid":"1bf3c81a-9596-4200-b506-cf144ccd0940"},"geometry":{"type":"Polygon","coordinates":[[[136.19797276374862,35.90690009190388],[136.19816964597894,35.90690320198256],[136.1981873809252,35.906082192869896],[136.19798455954108,35.90607790934761],[136.19797276374862,35.90690009190388]]]}},{"type":"Feature","properties":{"pid":"f418c392-ee59-433a-82e3-baf264ab8f87"},"geometry":{"type":"Polygon","coordinates":[[[136.19828925672826,35.90690353329206],[136.19841484868505,35.90690237582356],[136.19842074528728,35.90610004947121],[136.19830696640167,35.90609842342128],[136.19828925672826,35.90690353329206]]]}},{"type":"Feature","properties":{"pid":"e94f7ff2-b199-498a-8ba3-ac6963af4f94"},"geometry":{"type":"Polygon","coordinates":[[[136.1988448286425,35.9069218359986],[136.19884475186097,35.90610260262467],[136.1987105565796,35.906099871579215],[136.1986868585818,35.90691478447437],[136.1988448286425,35.9069218359986]]]}},{"type":"Feature","properties":{"pid":"45adf06d-b605-4b6c-a292-f81449a18206"},"geometry":{"type":"Polygon","coordinates":[[[136.1989645262083,35.906926117369885],[136.1991708593373,35.90693277014524],[136.1991905383958,35.90610918654127],[136.19896642651744,35.90610479469348],[136.1989645262083,35.906926117369885]]]}},{"type":"Feature","properties":{"pid":"41dabc33-d1a1-4f22-8f5b-37b4edabc6f1"},"geometry":{"type":"Polygon","coordinates":[[[136.19929666933893,35.9069354229532],[136.19948958266943,35.90693851711322],[136.19951718347465,35.906114557742825],[136.1993104383337,35.90611257671755],[136.19929666933893,35.9069354229532]]]}},{"type":"Feature","properties":{"pid":"b664e8e3-3afb-4893-b615-390bcfce3653"},"geometry":{"type":"Polygon","coordinates":[[[136.19960930534546,35.9069392810985],[136.19977571847676,35.90693900414676],[136.19990438056917,35.90612681807427],[136.19963882642892,35.90611856844962],[136.19960930534546,35.9069392810985]]]}},{"type":"Feature","properties":{"pid":"3cd153c3-2207-4d6d-b0e3-cf3202ddd97d"},"geometry":{"type":"Polygon","coordinates":[[[136.1997783934879,35.89933375011216],[136.19936462478697,35.89932980942164],[136.19944941750828,35.89939594741711],[136.1996735424097,35.89950709904647],[136.19982724100427,35.89955168359005],[136.1997783934879,35.89933375011216]]]}},{"type":"Feature","properties":{"pid":"7ac3a174-eb3c-4915-9be1-6dcfbdddf685"},"geometry":{"type":"Polygon","coordinates":[[[136.1993806655615,35.89968712872269],[136.19937230430924,35.900133631534445],[136.19991704494177,35.900139004144116],[136.19983994754242,35.8998852510958],[136.1993806655615,35.89968712872269]]]}},{"type":"Feature","properties":{"pid":"66861648-3873-4123-add2-2f46aff5572c"},"geometry":{"type":"Polygon","coordinates":[[[136.1984676418023,35.90028039975987],[136.1984434815698,35.901143602053295],[136.1985150991749,35.90114541702816],[136.19853204982655,35.900281167090135],[136.1984676418023,35.90028039975987]]]}},{"type":"Feature","properties":{"pid":"a5e61965-aa90-4d9b-8146-92bedb184d76"},"geometry":{"type":"Polygon","coordinates":[[[136.19833474786208,35.900566755078685],[136.19817553220392,35.901132244842465],[136.1983198252516,35.90113581740307],[136.19833474786208,35.900566755078685]]]}},{"type":"Feature","properties":{"pid":"2e7df667-8f47-41dc-a9d2-0e0f44171c13"},"geometry":{"type":"Polygon","coordinates":[[[136.19888634997983,35.89933643321235],[136.19884936439584,35.900124157153584],[136.1988720076459,35.90012402783978],[136.19890434082507,35.8993485576523],[136.19888634997983,35.89933643321235]]]}},{"type":"Feature","properties":{"pid":"550b4e7b-c124-4e53-b791-9a453ed49c46"},"geometry":{"type":"Polygon","coordinates":[[[136.1989948372139,35.90012659843365],[136.1992462721044,35.90013397676645],[136.1992571935032,35.89961586114464],[136.19912710166898,35.899528074625906],[136.19901974052578,35.89942559736507],[136.1989948372139,35.90012659843365]]]}},{"type":"Feature","properties":{"pid":"c1b681d6-52ea-4b7b-94a6-4dfcd272bcbd"},"geometry":{"type":"Polygon","coordinates":[[[136.19852584089648,35.899293574108775],[136.19835520733963,35.89929320662868],[136.19833922332853,35.90011869564321],[136.19849401375842,35.90012266067211],[136.19852584089648,35.899293574108775]]]}},{"type":"Feature","properties":{"pid":"05f0e7fb-496d-4853-b47b-2d9039876c94"},"geometry":{"type":"Polygon","coordinates":[[[136.19800429562713,35.90010696545948],[136.19821317553843,35.90011316168793],[136.19823049579423,35.89928982486414],[136.1980244327203,35.899286909784834],[136.19800429562713,35.90010696545948]]]}},{"type":"Feature","properties":{"pid":"c51898ef-1bef-49f4-a4e8-643007db6467"},"geometry":{"type":"Polygon","coordinates":[[[136.1974510329546,35.90009837844803],[136.1975524510993,35.90010000426375],[136.19757563538107,35.899298153719016],[136.19756097118565,35.8992822070431],[136.1974739233685,35.89928056566271],[136.1974510329546,35.90009837844803]]]}},{"type":"Feature","properties":{"pid":"e247d65c-ab81-4ac5-aaf4-c0688cf830b2"},"geometry":{"type":"Polygon","coordinates":[[[136.19767224873559,35.90010164077932],[136.1978843840315,35.90010457800587],[136.19790590397358,35.899285981012234],[136.1976923517206,35.899280570829475],[136.19767224873559,35.90010164077932]]]}},{"type":"Feature","properties":{"pid":"8e25158c-47e2-4786-8995-7fb0191a9936"},"geometry":{"type":"Polygon","coordinates":[[[136.19667294875129,35.90007642703921],[136.19688196977117,35.900081805243495],[136.19690208060112,35.899264498314295],[136.19669310197997,35.89926157101826],[136.19667294875129,35.90007642703921]]]}},{"type":"Feature","properties":{"pid":"49b8d57f-a9b7-4f68-b6e9-a0303c098aa4"},"geometry":{"type":"Polygon","coordinates":[[[136.19700362519814,35.90008501482714],[136.19722167007325,35.90009211793098],[136.19724038696506,35.899275001094736],[136.19702654441983,35.89927122760296],[136.19700362519814,35.90008501482714]]]}},{"type":"Feature","properties":{"pid":"ccc42639-c836-422b-a1a3-3b193578467b"},"geometry":{"type":"Polygon","coordinates":[[[136.19635156323864,35.89980191598427],[136.19634410576066,35.900073810485885],[136.1965545149943,35.900076742251684],[136.19657465478116,35.89926586103789],[136.19636420476985,35.899261286553234],[136.19635676660388,35.89958680313351],[136.1964399618056,35.89957624196558],[136.1964784127704,35.89959008957565],[136.19652025767687,35.899739510415],[136.1964854445913,35.8997806845423],[136.19635156323864,35.89980191598427]]]}},{"type":"Feature","properties":{"pid":"8378028d-3b3b-4681-b342-8a160dbad13a"},"geometry":{"type":"Polygon","coordinates":[[[136.19601053924535,35.90006934565135],[136.19622383312998,35.90007228621405],[136.19624121086233,35.89925846121087],[136.19603342348137,35.89925226793294],[136.19601053924535,35.90006934565135]]]}},{"type":"Feature","properties":{"pid":"245ade9b-d97c-47d7-af59-76b6cf07685d"},"geometry":{"type":"Polygon","coordinates":[[[136.19528443058263,35.90005809506345],[136.19546172961392,35.90006490109539],[136.19550730943308,35.899799376358715],[136.19551759231422,35.899238228080456],[136.19529905720762,35.89923509715811],[136.19528443058263,35.90005809506345]]]}},{"type":"Feature","properties":{"pid":"d41d3b3f-b725-4407-a3c4-c25aa60c14ea"},"geometry":{"type":"Polygon","coordinates":[[[136.1959104346425,35.89924735722745],[136.19569976664977,35.89924442107624],[136.1956754640093,35.90006406656976],[136.19588891998515,35.900068659167594],[136.1959104346425,35.89924735722745]]]}},{"type":"Feature","properties":{"pid":"da1e8a4b-406c-4acf-b165-b04126e7944c"},"geometry":{"type":"Polygon","coordinates":[[[136.19642015215348,35.90112583537679],[136.19632157584647,35.90025159623226],[136.19611121134673,35.90024560839357],[136.19613232938943,35.90057405524589],[136.19619390245563,35.9006619875354],[136.1962218393952,35.900744814614214],[136.19628390438518,35.900816630393614],[136.19629321779598,35.9009004796697],[136.19637754194238,35.90098864585633],[136.19635618439122,35.90105053759234],[136.19635426802216,35.90112009411064],[136.19642015215348,35.90112583537679]]]}},{"type":"Feature","properties":{"pid":"d52aee54-2588-4788-a822-c979ac26a2bf"},"geometry":{"type":"MultiPolygon","coordinates":[[[[136.19597822404103,35.900542528262584],[136.19599845515222,35.90109518373689],[136.196008183007,35.90109516778184],[136.19601794086682,35.90094090070826],[136.19610576116875,35.90079374844078],[136.1960708584492,35.90070815346223],[136.19600697800087,35.900614831447456],[136.19600541197212,35.9005337926253],[136.19597822404103,35.900542528262584]]],[[[136.19599284151943,35.90033529826826],[136.1959818384608,35.90024105617214],[136.19597192792216,35.900240812573166],[136.19597123556693,35.90033130893723],[136.19599284151943,35.90033529826826]]]]}},{"type":"Feature","properties":{"pid":"1d1d5b54-54ce-471b-94e9-d41317e7f160"},"geometry":{"type":"Polygon","coordinates":[[[136.19584952864562,35.90033165873043],[136.1958502265709,35.90023883155386],[136.1957330786294,35.90023750770921],[136.1957516395186,35.90109558613144],[136.19587851699376,35.90109537908933],[136.1958583090976,35.90054333760396],[136.19581560594125,35.90053050529642],[136.19579854369442,35.900498057008434],[136.1958005991276,35.90036356790578],[136.19584952864562,35.90033165873043]]]}},{"type":"Feature","properties":{"pid":"881fd776-d663-4c5e-9bd2-8f696c89de82"},"geometry":{"type":"Polygon","coordinates":[[[136.19614573262035,35.90109941023164],[136.19623499602557,35.90109849157875],[136.19622966717938,35.90103854899978],[136.1962433375049,35.90101138958916],[136.19617252006176,35.90092560369583],[136.19615196916823,35.900957891244964],[136.19614573262035,35.90109941023164]]]}},{"type":"Feature","properties":{"pid":"07fe7ce4-d0f9-4a6c-8e0e-1e0cf214cc75"},"geometry":{"type":"Polygon","coordinates":[[[136.1972777098807,35.90115879068749],[136.1972645979825,35.90098525317271],[136.19728245139888,35.90088342907265],[136.19727973383044,35.9007465425737],[136.19705139868012,35.90074485069395],[136.1970568551695,35.901150366710894],[136.1972777098807,35.90115879068749]]]}},{"type":"Feature","properties":{"pid":"a3a151cb-feba-4f04-bd89-4e2e90188c82"},"geometry":{"type":"Polygon","coordinates":[[[136.1969383666556,35.90114678079708],[136.19692997997672,35.90074706535836],[136.19685753497882,35.900743662573625],[136.1968256508722,35.90071451420701],[136.19677922541476,35.900258193127605],[136.1967556545518,35.90025797292385],[136.19684050019845,35.901144123250496],[136.1969383666556,35.90114678079708]]]}},{"type":"Feature","properties":{"pid":"a584a6d0-87bd-42b3-90d9-1022567d16d1"},"geometry":{"type":"Polygon","coordinates":[[[136.19663361857036,35.900256812042954],[136.19653026492253,35.900255558159884],[136.19661847447645,35.90113449035507],[136.19672097607406,35.90114119879991],[136.19663361857036,35.900256812042954]]]}},{"type":"Feature","properties":{"pid":"dd3bc3e9-e982-436a-9abd-1a1ea8755111"},"geometry":{"type":"Polygon","coordinates":[[[136.19736260769122,35.90027197842011],[136.19690452256174,35.900257592367545],[136.19693763761222,35.90064054504649],[136.1972749286017,35.90064965243873],[136.19727373894685,35.90058001448931],[136.1973300973409,35.900436080778626],[136.19736260769122,35.90027197842011]]]}},{"type":"Feature","properties":{"pid":"3fedc3e3-128e-4854-90f7-1d44285b7c6b"},"geometry":{"type":"Polygon","coordinates":[[[136.1981622098479,35.90043165478922],[136.19820770309332,35.90028122008637],[136.19749275547252,35.900273014637385],[136.19746996416234,35.90039174688009],[136.1981622098479,35.90043165478922]]]}},{"type":"Feature","properties":{"pid":"7f3a23c5-9c2a-46f4-ba8f-77a763697a10"},"geometry":{"type":"Polygon","coordinates":[[[136.19812755498273,35.90053216412156],[136.19744186372543,35.90049117316119],[136.19740094780244,35.90059593289296],[136.1974028412376,35.90060806377681],[136.19809383107653,35.900639605826896],[136.19812755498273,35.90053216412156]]]}},{"type":"Feature","properties":{"pid":"05309b49-2df1-4550-895c-1b5d3cc622f6"},"geometry":{"type":"Polygon","coordinates":[[[136.19791099099368,35.90120992718413],[136.19802603527364,35.90084104856204],[136.1974230781636,35.900811386371686],[136.19740824425404,35.900982634660515],[136.19742310384112,35.901162953366764],[136.19744997066547,35.90118142547423],[136.19791099099368,35.90120992718413]]]}},{"type":"Feature","properties":{"pid":"abf03437-d91c-4bb6-bdf8-d55b53827422"},"geometry":{"type":"Polygon","coordinates":[[[136.19650503210104,35.90164285792522],[136.1967003682019,35.90165068487916],[136.19669507259562,35.90160629938626],[136.19672715113694,35.901577063707116],[136.19693981546445,35.90157480728823],[136.19698530168105,35.90159464223892],[136.19700508119158,35.90165509831321],[136.19772840693497,35.901685723613866],[136.19777625852805,35.90156896937737],[136.1965442501464,35.9015492619851],[136.19653149235262,35.901609807476476],[136.19650503210104,35.90164285792522]]]}},{"type":"Feature","properties":{"pid":"cc49f96f-e534-40f5-8e11-0d18d996b977"},"geometry":{"type":"Polygon","coordinates":[[[136.1964356298442,35.90183078180661],[136.19696030298323,35.90185101345786],[136.19696172996697,35.90183713169918],[136.19644009207002,35.90181590550725],[136.1964356298442,35.90183078180661]]]}},{"type":"Feature","properties":{"pid":"eb252140-11a7-49c7-a85f-3ffc5fbcc2a8"},"geometry":{"type":"Polygon","coordinates":[[[136.19788403353482,35.90131284680924],[136.19656301960615,35.90124428381039],[136.19655408085595,35.90132611838594],[136.19656311796612,35.9014473875185],[136.19781622373307,35.90146283041864],[136.19788403353482,35.90131284680924]]]}},{"type":"Feature","properties":{"pid":"2dca0e5a-b589-4834-afaa-efac34246ce4"},"geometry":{"type":"Polygon","coordinates":[[[136.19576308217472,35.90201097272423],[136.19577579133107,35.901221308416254],[136.19556122094818,35.90122751319848],[136.19555331958358,35.902007436038666],[136.19576308217472,35.90201097272423]]]}},{"type":"Feature","properties":{"pid":"fad98819-c240-46e5-9152-48a71537b36c"},"geometry":{"type":"Polygon","coordinates":[[[136.19588479217327,35.90201100777037],[136.19613369323878,35.90201368020786],[136.19616768454662,35.901229635395296],[136.19589753376684,35.90122379962368],[136.19588479217327,35.90201100777037]]]}},{"type":"Feature","properties":{"pid":"462bf7e9-1ca1-4b56-b070-74b3a27845c9"},"geometry":{"type":"Polygon","coordinates":[[[136.19625563854993,35.90201636485358],[136.1962818192079,35.90186875331066],[136.1963545411309,35.90164641052855],[136.19641345704605,35.901568637012765],[136.19643615822466,35.90148167747405],[136.19642637408106,35.901240806406975],[136.19629446727146,35.90123376189033],[136.19625563854993,35.90201636485358]]]}},{"type":"Feature","properties":{"pid":"ed6a1937-5f46-4ea0-ac9e-ec8d50ff3262"},"geometry":{"type":"Polygon","coordinates":[[[136.19643475079664,35.90229595812132],[136.19639305556072,35.90229562764286],[136.1964601195408,35.903005768253365],[136.19651620514134,35.903002062080354],[136.19652429184956,35.90287539055879],[136.19650928025357,35.90284928514359],[136.19649541421532,35.902680836152264],[136.19652826244157,35.90263290489369],[136.19650790881914,35.90256577557723],[136.19651888215924,35.902440998229174],[136.19645623106044,35.90240218405372],[136.19643874417608,35.90236720876686],[136.19643475079664,35.90229595812132]]]}},{"type":"Feature","properties":{"pid":"2ad47fc0-fe52-4348-8d11-ce62d3502bac"},"geometry":{"type":"Polygon","coordinates":[[[136.19689766490131,35.903079850392025],[136.19688106394634,35.90230512944939],[136.19674439945496,35.902302899562116],[136.19676109275827,35.903078438252734],[136.19689766490131,35.903079850392025]]]}},{"type":"Feature","properties":{"pid":"a22de4a9-25ca-4d60-bf4e-074a2a89a19f"},"geometry":{"type":"Polygon","coordinates":[[[136.19829105616904,35.90233783063881],[136.19808363680946,35.90233817324832],[136.19806762860244,35.90305544671461],[136.19827183558257,35.903057027508225],[136.19829105616904,35.90233783063881]]]}},{"type":"Feature","properties":{"pid":"73e9a0d0-ee88-49e6-90c3-c6d5b5cf719e"},"geometry":{"type":"Polygon","coordinates":[[[136.1984127070427,35.90234059556577],[136.19839181002712,35.90306091925195],[136.1985160303029,35.90306541705569],[136.19853926511348,35.90236188313585],[136.19851358893544,35.90234042866745],[136.1984127070427,35.90234059556577]]]}},{"type":"Feature","properties":{"pid":"7fa4fd3e-1800-40a1-88d2-05a7479b8beb"},"geometry":{"type":"Polygon","coordinates":[[[136.19905796059498,35.90307749097347],[136.19926739817615,35.90307907676067],[136.19928981361386,35.902321838471806],[136.199080526878,35.90232991352413],[136.19905796059498,35.90307749097347]]]}},{"type":"Feature","properties":{"pid":"cda23f7a-de47-4e01-be4e-a3b2c19d2e67"},"geometry":{"type":"Polygon","coordinates":[[[136.19881527014144,35.90238370508703],[136.19879240714155,35.903069180748716],[136.19893622649073,35.903070616368595],[136.19895840479884,35.90234154093141],[136.19884847944235,35.90235705415751],[136.19881527014144,35.90238370508703]]]}},{"type":"Feature","properties":{"pid":"2a4112aa-61e2-4cd2-a380-91c6aaa0d0f2"},"geometry":{"type":"Polygon","coordinates":[[[136.19829169226617,35.90189730202892],[136.19838719376264,35.9018441745488],[136.19843671838169,35.901755541057454],[136.19845802482953,35.901629054090705],[136.19845720976923,35.901302695258195],[136.1982964137203,35.90130296035986],[136.19829169226617,35.90189730202892]]]}},{"type":"Feature","properties":{"pid":"7f1f066d-39f8-4180-b97f-9fdba60e7f49"},"geometry":{"type":"Polygon","coordinates":[[[136.1981661432491,35.90192309277477],[136.1981710637411,35.90130380543615],[136.19807187083404,35.90130246252893],[136.19788916770352,35.90175028545892],[136.19792772968725,35.901757968699016],[136.19794995638918,35.90178273497479],[136.19794992493865,35.90192682838733],[136.1981661432491,35.90192309277477]]]}},{"type":"Feature","properties":{"pid":"89642f16-86ad-4f7d-b4fe-0fd03ee6119a"},"geometry":{"type":"Polygon","coordinates":[[[136.1988776111093,35.901554517072285],[136.198871091615,35.90171141851249],[136.1988844943002,35.90179195037297],[136.19893121900162,35.90188966039955],[136.19896336829393,35.90191724560149],[136.19897919765984,35.901347440642965],[136.1989319163041,35.901425698162356],[136.19891270744995,35.90152711110504],[136.1988776111093,35.901554517072285]]]}},{"type":"Feature","properties":{"pid":"7ca8c6d5-3a06-4e3b-8c18-fe605f55c5d8"},"geometry":{"type":"Polygon","coordinates":[[[136.1996268532326,35.9020304342885],[136.19964596378273,35.9013273772015],[136.19943630947697,35.90132772548159],[136.19941379554174,35.90201812613771],[136.1996268532326,35.9020304342885]]]}},{"type":"Feature","properties":{"pid":"f6fc448b-a623-445b-a0d3-025b13245919"},"geometry":{"type":"Polygon","coordinates":[[[136.19929014940132,35.90200660394525],[136.1993075909225,35.90132915018867],[136.19910566321,35.901328532119095],[136.19909260226464,35.90197201835153],[136.19929014940132,35.90200660394525]]]}},{"type":"Feature","properties":{"pid":"277aabfa-3d55-4c2f-962b-08899609677b"},"geometry":{"type":"Polygon","coordinates":[[[136.19939251974444,35.90308186027601],[136.1994765293322,35.90308551954135],[136.19948400797762,35.90294108365448],[136.1995139448074,35.90292274826228],[136.19960154753352,35.902914491185875],[136.19961756238771,35.90232300065338],[136.1994118017721,35.90232045455995],[136.19939251974444,35.90308186027601]]]}},{"type":"Feature","properties":{"pid":"1471defb-3c76-4348-bb13-0e7d11b9e44e"},"geometry":{"type":"Polygon","coordinates":[[[136.1999397435589,35.9028781487205],[136.19995256682768,35.9023283844429],[136.1997391546464,35.90232581157029],[136.19972192599025,35.90290201551892],[136.1999397435589,35.9028781487205]]]}},{"type":"Feature","properties":{"pid":"b86ecec6-961b-43eb-a8e2-1f094a0a7011"},"geometry":{"type":"Polygon","coordinates":[[[136.19971426415083,35.90369745547177],[136.1996965039226,35.90351552383865],[136.19971493608614,35.90346209212161],[136.19969915740157,35.90338216044962],[136.19950424932154,35.903347878336355],[136.19939745148778,35.903290894977275],[136.19939017414768,35.90370448133098],[136.19971426415083,35.90369745547177]]]}},{"type":"Feature","properties":{"pid":"189cd151-d6e7-414b-8a1d-8e34da977eb1"},"geometry":{"type":"Polygon","coordinates":[[[136.1982471900162,35.904047242920655],[136.19827131242224,35.903224670636114],[136.19812399642913,35.90322491349754],[136.19810467711554,35.904041639230634],[136.1982471900162,35.904047242920655]]]}},{"type":"Feature","properties":{"pid":"1e6d494f-a05c-4a2f-a375-443838a7e5d6"},"geometry":{"type":"Polygon","coordinates":[[[136.19876540103294,35.903982122311554],[136.19879248460472,35.904005238246114],[136.19879685460992,35.90404098351022],[136.19890920102597,35.90403180533512],[136.19893021326877,35.903236579402645],[136.19878791687967,35.90323597803026],[136.19876540103294,35.903982122311554]]]}},{"type":"Feature","properties":{"pid":"3b72d139-e85d-4191-ad2b-cf382cf3e0ea"},"geometry":{"type":"Polygon","coordinates":[[[136.19915746970085,35.90403491108567],[136.19915149463577,35.903746046068775],[136.19918380293632,35.90371668468577],[136.19925729769065,35.90370945313025],[136.19926395655708,35.90324013896013],[136.1990502052191,35.903237482160584],[136.1990309166551,35.9040297695536],[136.19915746970085,35.90403491108567]]]}},{"type":"Feature","properties":{"pid":"f773a26b-bd83-45bc-89a7-ef8aa345dc95"},"geometry":{"type":"Polygon","coordinates":[[[136.19836451951667,35.90426933199585],[136.1985077557619,35.90427467378454],[136.19851421592855,35.904161657337674],[136.19836412677506,35.90416281604101],[136.19836451951667,35.90426933199585]]]}},{"type":"Feature","properties":{"pid":"5366550f-a455-4496-925b-6e9dc91d82af"},"geometry":{"type":"Polygon","coordinates":[[[136.19800695160666,35.90497942531324],[136.19822383568192,35.904983967294015],[136.19824472252327,35.90416160774615],[136.19802624206855,35.90416098755557],[136.19800695160666,35.90497942531324]]]}},{"type":"Feature","properties":{"pid":"6cf5aa67-6161-4119-b85f-0121cf7e7bc6"},"geometry":{"type":"Polygon","coordinates":[[[136.19923437405933,35.904650202949426],[136.19924112698834,35.9045433112334],[136.19911746092055,35.90454277807904],[136.1991406559822,35.90465539069257],[136.19923437405933,35.904650202949426]]]}},{"type":"Feature","properties":{"pid":"197e1219-d5f7-43a5-ae75-b11b4e399702"},"geometry":{"type":"Polygon","coordinates":[[[136.19950956578168,35.9045179525063],[136.19949739104013,35.90456942258415],[136.19941450772083,35.90459034690525],[136.1994141264734,35.90462050760263],[136.1996368896697,35.90459838402562],[136.199622604009,35.90450700656313],[136.19950956578168,35.9045179525063]]]}},{"type":"Feature","properties":{"pid":"df2b1b0d-46a2-40da-a1fa-c8397504c239"},"geometry":{"type":"Polygon","coordinates":[[[136.19922152389157,35.9050032800539],[136.19923006597915,35.90476882320304],[136.19917053650215,35.904772012479164],[136.1991645224893,35.905003878309216],[136.19922152389157,35.9050032800539]]]}},{"type":"Feature","properties":{"pid":"6ffa5f99-7a18-4a00-942e-d98e5db019e1"},"geometry":{"type":"Polygon","coordinates":[[[136.20000709253242,35.90525017444805],[136.20001265348344,35.90517140146596],[136.19994823722007,35.90517150836828],[136.1999412608322,35.90525160878554],[136.20000709253242,35.90525017444805]]]}},{"type":"Feature","properties":{"pid":"993bcb1c-0cc2-4087-9db6-41e9b070db70"},"geometry":{"type":"Polygon","coordinates":[[[136.1999163775047,35.90594623424389],[136.19981748625125,35.905928864480614],[136.1997856633699,35.90589884463573],[136.19980223845585,35.90556961782618],[136.1996543846053,35.90556884864759],[136.19965359976112,35.9059673925642],[136.1999134384001,35.905965687588605],[136.1999163775047,35.90594623424389]]]}},{"type":"Feature","properties":{"pid":"010b5c7e-a43c-4c43-b88d-cadac514e520"},"geometry":{"type":"Polygon","coordinates":[[[136.19951434814413,35.90516942806827],[136.1993363687896,35.90516641030777],[136.1993186491677,35.90597958189613],[136.1995183618441,35.905981537228165],[136.19951434814413,35.90516942806827]]]}},{"type":"Feature","properties":{"pid":"ddf8e7fc-fe49-489c-99c0-dcf1083e8c04"},"geometry":{"type":"Polygon","coordinates":[[[136.1992099992094,35.90516464463424],[136.19900445048847,35.90516149811386],[136.19897880328577,35.90597213058277],[136.19918833628347,35.90597762271165],[136.1992099992094,35.90516464463424]]]}},{"type":"Feature","properties":{"pid":"befccdbf-0d47-4e5c-ba4f-edc82a08487c"},"geometry":{"type":"Polygon","coordinates":[[[136.19886408579862,35.90554535908866],[136.19872719054737,35.905542626339766],[136.1987192165192,35.90596743174811],[136.19885245056105,35.905967210847095],[136.19886408579862,35.90554535908866]]]}},{"type":"Feature","properties":{"pid":"529db5da-7d2e-4502-b5f8-71f86e2536c0"},"geometry":{"type":"Polygon","coordinates":[[[136.1981896856627,35.90597274395693],[136.19821533104565,35.90513981514971],[136.1980099223169,35.9051378293386],[136.19798227716993,35.90596959740402],[136.1981896856627,35.90597274395693]]]}},{"type":"Feature","properties":{"pid":"9d82a557-d2c5-47d2-9f28-824798093654"},"geometry":{"type":"Polygon","coordinates":[[[136.1984825538674,35.90514140331703],[136.19833490830348,35.9051406298201],[136.19830926475265,35.90595958503602],[136.19844703228085,35.90596034868334],[136.1984825538674,35.90514140331703]]]}},{"type":"Feature","properties":{"pid":"4ac24e4e-b219-40b4-b3e2-138c0872fa30"},"geometry":{"type":"Polygon","coordinates":[[[136.19888006004086,35.90515640760288],[136.19873895626682,35.9051546458186],[136.19873142037247,35.905417166196195],[136.1988692868602,35.90542091085438],[136.19888006004086,35.90515640760288]]]}},{"type":"Feature","properties":{"pid":"507fe5e8-f200-4dcd-870e-5aaecee0e705"},"geometry":{"type":"Polygon","coordinates":[[[136.1975421580946,35.90519537275817],[136.19752466000173,35.905194910998446],[136.19750748683984,35.90563941524994],[136.1975341448965,35.905640403242685],[136.1975421580946,35.90519537275817]]]}},{"type":"Feature","properties":{"pid":"59c64c91-baa5-40e0-b8f1-2e89453a5bb8"},"geometry":{"type":"Polygon","coordinates":[[[136.19772879839124,35.905827881642935],[136.19776434683138,35.90581379606122],[136.1978666328661,35.90581461162727],[136.19788820347458,35.90513661123333],[136.1977488733903,35.905134853010004],[136.19772879839124,35.905827881642935]]]}},{"type":"Feature","properties":{"pid":"8322d791-7f4e-44a6-91b8-0681130bb79f"},"geometry":{"type":"Polygon","coordinates":[[[136.1975306569233,35.90574128285215],[136.1975044488752,35.905740294926986],[136.19749288234098,35.9061324065939],[136.19752630382493,35.90613482333153],[136.1975306569233,35.90574128285215]]]}},{"type":"Feature","properties":{"pid":"d3df15f9-12f6-45ad-aa9a-f1aa5a92e05c"},"geometry":{"type":"Polygon","coordinates":[[[136.19702742894657,35.90612536467321],[136.1971447916781,35.90611687436401],[136.19716303689924,35.90526637150178],[136.19713773476576,35.9053484400094],[136.19704511814666,35.90536210002345],[136.19702742894657,35.90612536467321]]]}},{"type":"Feature","properties":{"pid":"3a77dc8c-32da-4e0b-9b30-f586c68f7805"},"geometry":{"type":"Polygon","coordinates":[[[136.1968114921277,35.90526628405091],[136.1966969722636,35.905255510794426],[136.19666154258934,35.90612440626141],[136.19679764210093,35.90612418350443],[136.1968114921277,35.90526628405091]]]}},{"type":"Feature","properties":{"pid":"6ed0b440-92f6-45b3-b52f-bb4f4e3377d8"},"geometry":{"type":"Polygon","coordinates":[[[136.19642496459025,35.90612536292552],[136.19645074715413,35.90524294152962],[136.19640955269693,35.90524270582942],[136.19638453456568,35.90612724082757],[136.19642496459025,35.90612536292552]]]}},{"type":"Feature","properties":{"pid":"c8feaa4a-4a54-4a78-8529-835241cf9c6c"},"geometry":{"type":"Polygon","coordinates":[[[136.19625980242043,35.90612569780188],[136.1962888730542,35.90521450963351],[136.19627399143337,35.905215449233715],[136.19624611597328,35.90612524282305],[136.19625980242043,35.90612569780188]]]}},{"type":"Feature","properties":{"pid":"ab0d8641-b8ca-4687-9604-66497065458e"},"geometry":{"type":"Polygon","coordinates":[[[136.1961223856298,35.90612272990454],[136.19615400832734,35.90522028858764],[136.19576446789338,35.905230654801336],[136.19573270599986,35.906117800875855],[136.1961223856298,35.90612272990454]]]}},{"type":"Feature","properties":{"pid":"248fc1a2-b74f-470a-94ad-68b89429a8cc"},"geometry":{"type":"Polygon","coordinates":[[[136.19524866764195,35.90523761174717],[136.19521893540863,35.9061097006932],[136.19561510958408,35.906114632774774],[136.19564276854516,35.9052327837184],[136.19524866764195,35.90523761174717]]]}},{"type":"Feature","properties":{"pid":"567fb414-0ab6-407f-a331-5b942387c5e3"},"geometry":{"type":"Polygon","coordinates":[[[136.19579806713983,35.90500536707238],[136.1959136860367,35.9050082122689],[136.19588563283384,35.9041912855866],[136.1957532622929,35.90420275753795],[136.19579806713983,35.90500536707238]]]}},{"type":"Feature","properties":{"pid":"c5164031-4123-4bb3-b724-7b4a2fc9dd39"},"geometry":{"type":"Polygon","coordinates":[[[136.19573536089177,35.904092984294934],[136.1957318831394,35.903973064232886],[136.19560431827082,35.90397565013511],[136.19560658098453,35.904051760259435],[136.1956334485549,35.90410333248011],[136.19573536089177,35.904092984294934]]]}},{"type":"Feature","properties":{"pid":"f146ac82-0306-49d1-af4d-c4d689a157a2"},"geometry":{"type":"Polygon","coordinates":[[[136.19611975339018,35.90502916497315],[136.19609805107336,35.90417543141368],[136.1960054015292,35.90418231633456],[136.19603972318458,35.90501502571115],[136.19611975339018,35.90502916497315]]]}},{"type":"Feature","properties":{"pid":"0e087f0c-27ce-4682-9335-8306115051eb"},"geometry":{"type":"Polygon","coordinates":[[[136.19623816987254,35.90505250539176],[136.19627542744468,35.905051694752274],[136.19626992580461,35.90422530713869],[136.1962829428677,35.904165716643746],[136.19621435560484,35.904167934546805],[136.19623816987254,35.90505250539176]]]}},{"type":"Feature","properties":{"pid":"ac539842-44b0-4b8f-8030-533a3b312a4e"},"geometry":{"type":"Polygon","coordinates":[[[136.19640817596996,35.904243895903164],[136.19641524512247,35.9050503620378],[136.19644900581832,35.90505030684315],[136.19642414066567,35.904243414751924],[136.19640817596996,35.904243895903164]]]}},{"type":"Feature","properties":{"pid":"e148574c-a9bf-460a-86c4-884eb655a4cf"},"geometry":{"type":"Polygon","coordinates":[[[136.19656709700874,35.905049392993696],[136.19667965111174,35.905047722405676],[136.1966464394019,35.90424152617719],[136.19654215793017,35.90424013764334],[136.19656709700874,35.905049392993696]]]}},{"type":"Feature","properties":{"pid":"99e53217-1902-4082-8f4b-20096c5cff08"},"geometry":{"type":"Polygon","coordinates":[[[136.1967976519485,35.90504417685968],[136.19681201968618,35.90504347570137],[136.19676914700005,35.90424114385062],[136.19676457942282,35.90424138731978],[136.1967976519485,35.90504417685968]]]}},{"type":"Feature","properties":{"pid":"139c6481-e6b5-4160-b5ef-b18afe94e05e"},"geometry":{"type":"Polygon","coordinates":[[[136.19693172667905,35.90503955455857],[136.197041968075,35.905037148734515],[136.19701208507166,35.90422607337039],[136.19688683026655,35.90423020428428],[136.19693172667905,35.90503955455857]]]}},{"type":"Feature","properties":{"pid":"2c4adc39-ad37-40d2-8d0b-3ef65289ab82"},"geometry":{"type":"Polygon","coordinates":[[[136.1971585029039,35.904993843691685],[136.19714412285416,35.904227334586494],[136.19713021778705,35.904227357401396],[136.1971585029039,35.904993843691685]]]}},{"type":"Feature","properties":{"pid":"200fb53f-f855-4b7f-adf8-3c419dbb86b5"},"geometry":{"type":"Polygon","coordinates":[[[136.19726215885436,35.90422737032066],[136.1972752418752,35.90493539137785],[136.19739938845004,35.90493283742931],[136.1973896365788,35.90425088095006],[136.19730090039528,35.90424810654302],[136.19726215885436,35.90422737032066]]]}},{"type":"Feature","properties":{"pid":"e6b0a216-5f3c-4da3-a834-e39e24d78501"},"geometry":{"type":"Polygon","coordinates":[[[136.19756784169192,35.904250325240945],[136.1975116011473,35.904250417625875],[136.1975272382988,35.90498936608539],[136.19754667873528,35.904984976047416],[136.19756784169192,35.904250325240945]]]}},{"type":"Feature","properties":{"pid":"f6b8e19d-1f9a-47c8-b473-26af1352af31"},"geometry":{"type":"Polygon","coordinates":[[[136.19774879142932,35.90497287104051],[136.19788344462037,35.904976704934775],[136.19790270070908,35.9041558122042],[136.19777301001372,35.904154430064345],[136.19774879142932,35.90497287104051]]]}},{"type":"Feature","properties":{"pid":"08745d82-72a0-465e-be6e-786b657d1817"},"geometry":{"type":"Polygon","coordinates":[[[136.197342835389,35.904148835478],[136.197572637958,35.904149556295216],[136.1975810252505,35.90392832975068],[136.19733958266224,35.90394383472478],[136.197342835389,35.904148835478]]]}},{"type":"Feature","properties":{"pid":"e5a7f608-7b38-4ece-95c0-ee56d1eed5e8"},"geometry":{"type":"Polygon","coordinates":[[[136.19681674274804,35.90412524972338],[136.1967995636827,35.90323562780423],[136.19669291302037,35.903232158440524],[136.1966918492086,35.90413497176836],[136.19681674274804,35.90412524972338]]]}},{"type":"Feature","properties":{"pid":"5c561b96-d40b-48cb-8c81-c24552ed2520"},"geometry":{"type":"Polygon","coordinates":[[[136.1971063626771,35.903232827366814],[136.19714823996406,35.90411155665019],[136.1972076202079,35.90411260783219],[136.19717321841043,35.90323133812833],[136.1971063626771,35.903232827366814]]]}},{"type":"Feature","properties":{"pid":"f8c86034-96d4-4c9b-9f8c-21a40aa3039d"},"geometry":{"type":"Polygon","coordinates":[[[136.19698635656917,35.90323567245964],[136.19692305052405,35.90323577609794],[136.19693841560115,35.904117690477484],[136.19702657548194,35.90411428607521],[136.19698635656917,35.90323567245964]]]}},{"type":"Feature","properties":{"pid":"8499040a-7ae6-4d8f-88ca-a41b824544b7"},"geometry":{"type":"Polygon","coordinates":[[[136.1973215915635,35.903547478728036],[136.19732615436763,35.90361542198372],[136.1974135512035,35.90361322914949],[136.19745332317336,35.903635945832065],[136.19748779765584,35.90376678257215],[136.1974506596962,35.90380980817017],[136.19733474728815,35.90381623603496],[136.19733707436396,35.903846260435806],[136.19758394484023,35.903830321978404],[136.19759158395792,35.90353246055734],[136.1973215915635,35.903547478728036]]]}},{"type":"Feature","properties":{"pid":"c29db9b5-f52f-49e3-8671-447057bd800b"},"geometry":{"type":"Polygon","coordinates":[[[136.19798141781052,35.90403210972728],[136.19799556106534,35.903540904169816],[136.19778983494157,35.903537395693625],[136.1977772035538,35.90402668184404],[136.19798141781052,35.90403210972728]]]}},{"type":"Feature","properties":{"pid":"4d650dac-6916-4288-b38c-eebde257a6b2"},"geometry":{"type":"Polygon","coordinates":[[[136.19759221299412,35.90343279797266],[136.19758874811222,35.90318641637592],[136.19740086285867,35.90319895598174],[136.1973765082975,35.90323770722639],[136.19731670247498,35.90324818575809],[136.19732276513628,35.90344582928403],[136.19759221299412,35.90343279797266]]]}},{"type":"Feature","properties":{"pid":"63b3abff-cb48-49ea-93ce-5d40bac2d0ad"},"geometry":{"type":"Polygon","coordinates":[[[136.19643526984876,35.904130186587096],[136.19645199385386,35.90412999165749],[136.19645632771721,35.90323951856537],[136.19645039241973,35.90324066057404],[136.19643526984876,35.904130186587096]]]}},{"type":"Feature","properties":{"pid":"a5f6a64a-8419-4dd8-b9c9-11ef500bb7e2"},"geometry":{"type":"Polygon","coordinates":[[[136.1962907360622,35.90405847943347],[136.196309982853,35.903241223472925],[136.19626466558717,35.9032412976046],[136.19625190873174,35.90405738664326],[136.1962907360622,35.90405847943347]]]}},{"type":"Feature","properties":{"pid":"0e917f6c-0d8a-40b5-8ef1-12503e0f507f"},"geometry":{"type":"Polygon","coordinates":[[[136.1961265742299,35.904060251966435],[136.19614102226532,35.90324034438885],[136.19599910296066,35.90324141099998],[136.19598808349355,35.904071996828826],[136.1961265742299,35.904060251966435]]]}},{"type":"Feature","properties":{"pid":"9d99bdff-b098-4233-9daa-464acf01d08f"},"geometry":{"type":"Polygon","coordinates":[[[136.1957373739629,35.903592388319126],[136.19573940708037,35.903235173424],[136.1956183671551,35.90323304390001],[136.19561055727763,35.90359417270901],[136.1957373739629,35.903592388319126]]]}},{"type":"Feature","properties":{"pid":"90ac4cd1-9f92-43c9-9f72-59157e627991"},"geometry":{"type":"Polygon","coordinates":[[[136.19586814092358,35.904080848414935],[136.19588093832738,35.90324068656489],[136.19585933067006,35.90324023957427],[136.19585486810212,35.904081822567434],[136.19586814092358,35.904080848414935]]]}},{"type":"Feature","properties":{"pid":"058b59b7-45f5-4d76-a532-8b5d33323520"},"geometry":{"type":"Polygon","coordinates":[[[136.19560714794073,35.90380553251097],[136.19573506061272,35.90380293954771],[136.1957378250146,35.90368996768493],[136.19560889743966,35.903691764823684],[136.19560714794073,35.90380553251097]]]}},{"type":"Feature","properties":{"pid":"c4b4557d-4c4b-4000-969b-96619f480504"},"geometry":{"type":"Polygon","coordinates":[[[136.19542342873623,35.90385037579812],[136.19542632492002,35.90381233606309],[136.19545436648718,35.903787494567155],[136.19546416112885,35.90320574320184],[136.19522620095378,35.903202074243865],[136.19522924893255,35.90385256972398],[136.19542342873623,35.90385037579812]]]}},{"type":"Feature","properties":{"pid":"9748c3c5-8acb-4f12-9647-624d70f28f1b"},"geometry":{"type":"Polygon","coordinates":[[[136.19510092666852,35.9041205807106],[136.19509500158247,35.90339252079377],[136.19506429474873,35.90410694349751],[136.19510092666852,35.9041205807106]]]}},{"type":"Feature","properties":{"pid":"d4fa99c5-74b8-40d8-a58a-c25f00d4f260"},"geometry":{"type":"Polygon","coordinates":[[[136.1949502021462,35.90403982197882],[136.19498443460668,35.903188030728074],[136.19461449116542,35.903175046728116],[136.19463252310607,35.90372142331318],[136.19484190766295,35.90372046640672],[136.19487928966336,35.90373634471341],[136.19489228264715,35.90376463547467],[136.1948977079787,35.90404110244425],[136.1949502021462,35.90403982197882]]]}},{"type":"Feature","properties":{"pid":"e83a9d58-5637-4a1e-97dc-f60bedf7cb4d"},"geometry":{"type":"Polygon","coordinates":[[[136.19451312684387,35.9037203142107],[136.19449615391477,35.90317118956814],[136.19444091091148,35.90316928141689],[136.19442973968913,35.903717309246254],[136.19451312684387,35.9037203142107]]]}},{"type":"Feature","properties":{"pid":"511369b0-70c2-40cf-ab61-9ee675ba8fa2"},"geometry":{"type":"Polygon","coordinates":[[[136.19429570075894,35.90316788106134],[136.19428119039392,35.90404327713125],[136.19430520897464,35.90404350348796],[136.19432287960709,35.903168201304936],[136.19429570075894,35.90316788106134]]]}},{"type":"Feature","properties":{"pid":"cd62d8f7-87ec-48b3-a0d5-b25bd1c07eaa"},"geometry":{"type":"Polygon","coordinates":[[[136.1941596272002,35.90404137828201],[136.1941773093431,35.903175621115274],[136.19403860013762,35.903162358090746],[136.1940522796703,35.904041552284156],[136.1941596272002,35.90404137828201]]]}},{"type":"Feature","properties":{"pid":"494758fa-7d50-4612-a8fe-385c579dcedb"},"geometry":{"type":"Polygon","coordinates":[[[136.19302102636905,35.90400037014548],[136.19304162166608,35.903171088452694],[136.1929186149437,35.90316818286694],[136.1929157057709,35.903998518021716],[136.19302102636905,35.90400037014548]]]}},{"type":"Feature","properties":{"pid":"91c48e30-68b2-417d-8a70-41f56bf73bdb"},"geometry":{"type":"Polygon","coordinates":[[[136.1931385903624,35.90403129799093],[136.1932513214447,35.90403203212333],[136.19326402759344,35.90316701673112],[136.19316492232727,35.903168575862104],[136.1931385903624,35.90403129799093]]]}},{"type":"Feature","properties":{"pid":"56a388e5-4bf9-4d76-bed5-49eca5d73102"},"geometry":{"type":"Polygon","coordinates":[[[136.19370998681103,35.90403562703433],[136.19368973694776,35.903169111765656],[136.19361714394168,35.903168068724916],[136.19359014289276,35.903215874627385],[136.19349282599052,35.9032235718806],[136.19344893992357,35.90320756617721],[136.19343586932106,35.90316690874439],[136.19338559702445,35.90316652573233],[136.1933695715398,35.904032837595565],[136.19370998681103,35.90403562703433]]]}},{"type":"Feature","properties":{"pid":"5c72d70a-6f3d-4910-a2b4-b923eb974c41"},"geometry":{"type":"Polygon","coordinates":[[[136.1938412737382,35.904039050455474],[136.19382601250666,35.90316336376451],[136.19380949654564,35.90316454178053],[136.193828215882,35.90403875857805],[136.1938412737382,35.904039050455474]]]}},{"type":"Feature","properties":{"pid":"84c8eccc-faf6-48da-bebb-1b0d1504cf86"},"geometry":{"type":"Polygon","coordinates":[[[136.19391646783689,35.90465738416774],[136.19391395714777,35.90456127478061],[136.1930951647364,35.90455629882269],[136.1930954174631,35.90466027696973],[136.19391646783689,35.90465738416774]]]}},{"type":"Feature","properties":{"pid":"5241ef81-e742-4fa7-bbc6-9b79b4185ddc"},"geometry":{"type":"Polygon","coordinates":[[[136.1930932504141,35.90445543564135],[136.19391903396988,35.90446043137955],[136.19392779106533,35.90436633397352],[136.1930941510017,35.90435825709724],[136.1930932504141,35.90445543564135]]]}},{"type":"Feature","properties":{"pid":"395627c6-3192-404b-8c00-5c07eafa9ea5"},"geometry":{"type":"Polygon","coordinates":[[[136.19414192175398,35.90465812396307],[136.1941416867318,35.90456183724757],[136.19404937816125,35.90456139589435],[136.19404755118967,35.904659709305946],[136.19414192175398,35.90465812396307]]]}},{"type":"Feature","properties":{"pid":"9495bfb4-a005-4c75-8955-dc059d45d222"},"geometry":{"type":"Polygon","coordinates":[[[136.1943043709313,35.90419835110884],[136.19429094023874,35.904463349081645],[136.19441340231273,35.90446996279939],[136.1944489875605,35.90444993294798],[136.1943982918669,35.90426524591527],[136.19440522914343,35.90420160948604],[136.1943043709313,35.90419835110884]]]}},{"type":"Feature","properties":{"pid":"d5e35e27-5a8a-4e34-b197-fe2b7b9984dd"},"geometry":{"type":"Polygon","coordinates":[[[136.19416783279266,35.90446083218099],[136.19417795239224,35.904360350726506],[136.19405535409865,35.90436519117849],[136.19404709993518,35.904458710809024],[136.19416783279266,35.90446083218099]]]}},{"type":"Feature","properties":{"pid":"eb91de25-7b2d-4e20-9aaf-3af31333143b"},"geometry":{"type":"Polygon","coordinates":[[[136.19418071427717,35.9042622865123],[136.194182872796,35.904196243874466],[136.1940728780756,35.90419567720975],[136.19406683765249,35.9042632101914],[136.19418071427717,35.9042622865123]]]}},{"type":"Feature","properties":{"pid":"48a2484c-e410-45c2-a536-d0cc3f6b01bb"},"geometry":{"type":"Polygon","coordinates":[[[136.19523135293832,35.904002632097786],[136.19542503015307,35.904002317237335],[136.19542491104036,35.903953975753964],[136.19523248291088,35.90395669266999],[136.19523135293832,35.904002632097786]]]}},{"type":"Feature","properties":{"pid":"bf0bd67e-ecf9-4997-a826-b916a574b9cb"},"geometry":{"type":"Polygon","coordinates":[[[136.19444474991928,35.90485383548129],[136.19456747696586,35.9048698853567],[136.19458954783707,35.90462468895272],[136.19447537766715,35.90460790251341],[136.1944605764178,35.904617154163525],[136.19444931007874,35.904727448248025],[136.19447842978917,35.904762331301136],[136.1944786950516,35.904811771544566],[136.19444474991928,35.90485383548129]]]}},{"type":"Feature","properties":{"pid":"cabaaf4b-9799-473f-abf1-970b221762a7"},"geometry":{"type":"Polygon","coordinates":[[[136.19426594875353,35.904859767669045],[136.1943199397636,35.904863213105436],[136.19428970889226,35.90480588211343],[136.19428208916986,35.90463564656295],[136.1943076786159,35.904600405733774],[136.19426527439822,35.90458380764751],[136.19426594875353,35.904859767669045]]]}},{"type":"Feature","properties":{"pid":"95307e68-acc6-40bb-b050-b22895707ae4"},"geometry":{"type":"Polygon","coordinates":[[[136.1945442777838,35.90500760758904],[136.1945498220871,35.904969047806304],[136.19440208151235,35.904950644144115],[136.1940733295223,35.90497124126065],[136.19407336756686,35.904986774181246],[136.1945442777838,35.90500760758904]]]}},{"type":"Feature","properties":{"pid":"525aa59b-849a-4f61-a41d-afd33feb78b9"},"geometry":{"type":"Polygon","coordinates":[[[136.1943550832054,35.9053798409033],[136.19436098702553,35.90513678534438],[136.19429826201272,35.905133656654264],[136.19429237645596,35.90538032991209],[136.1943550832054,35.9053798409033]]]}},{"type":"Feature","properties":{"pid":"ce33ec8e-9f46-4f08-bd70-0f179234ac57"},"geometry":{"type":"Polygon","coordinates":[[[136.19441134145634,35.906364053708025],[136.19456966278872,35.90635544073302],[136.19456715114688,35.90632982882733],[136.19451976775247,35.90629490922575],[136.19451091458967,35.90617621359956],[136.194407168242,35.90617510293594],[136.19441134145634,35.906364053708025]]]}},{"type":"Feature","properties":{"pid":"1bb45f0f-b8ec-4d61-aa4c-b631dc6703e2"},"geometry":{"type":"Polygon","coordinates":[[[136.1942957187781,35.906532948031064],[136.19428546968865,35.90617238609323],[136.19426194806647,35.906533002555825],[136.1942957187781,35.906532948031064]]]}},{"type":"Feature","properties":{"pid":"cc51dfd5-02c9-4ee6-94de-35399a047def"},"geometry":{"type":"Polygon","coordinates":[[[136.19415093009508,35.90616245825272],[136.19404811637295,35.90615854514075],[136.1940479959741,35.90641723746874],[136.19413673633974,35.906419342240866],[136.19415093009508,35.90616245825272]]]}},{"type":"Feature","properties":{"pid":"a75610a3-0730-47c9-abf1-44953ec9fd9e"},"geometry":{"type":"Polygon","coordinates":[[[136.19388046133474,35.905983732753285],[136.1938980943369,35.90533817585486],[136.19376680485007,35.90533741247451],[136.1937403299532,35.90597084568457],[136.19388046133474,35.905983732753285]]]}},{"type":"Feature","properties":{"pid":"2dfad5f1-bab3-450a-945f-a11ba17ad691"},"geometry":{"type":"Polygon","coordinates":[[[136.19403835798062,35.90597037362552],[136.19405562710702,35.90523131739374],[136.19403338792654,35.90524910079219],[136.19402987264465,35.90529335132418],[136.19401912907483,35.90596881378187],[136.19403835798062,35.90597037362552]]]}},{"type":"Feature","properties":{"pid":"7fb6474d-6af1-4e6c-979f-5b46257016af"},"geometry":{"type":"Polygon","coordinates":[[[136.19388671632933,35.905101025900116],[136.1930574707474,35.905100745169904],[136.19305893472637,35.90520918452349],[136.19389780482675,35.905222492157414],[136.19390456148966,35.90512342920723],[136.19388671632933,35.905101025900116]]]}},{"type":"Feature","properties":{"pid":"0c2cd485-5a5d-4fc5-983d-645dcd54147b"},"geometry":{"type":"Polygon","coordinates":[[[136.19306203063786,35.9049996551914],[136.1939431564291,35.9049966649434],[136.19392348330888,35.90475971756608],[136.1930886049127,35.90475788362594],[136.19306203063786,35.9049996551914]]]}},{"type":"Feature","properties":{"pid":"a4e3527a-23de-4e7d-85e6-1cb568686d4d"},"geometry":{"type":"Polygon","coordinates":[[[136.19153995870764,35.90507673126325],[136.1915395357604,35.90511158282811],[136.1919474859741,35.90509727384271],[136.1919477857259,35.905073051245594],[136.19153995870764,35.90507673126325]]]}},{"type":"Feature","properties":{"pid":"6c3c5845-5560-46f9-b617-1a996a16e8aa"},"geometry":{"type":"Polygon","coordinates":[[[136.19153759191332,35.90527046137644],[136.1915378777671,35.90538879115828],[136.1919359453128,35.90537033891893],[136.19194007876646,35.90525240421322],[136.19153759191332,35.90527046137644]]]}},{"type":"Feature","properties":{"pid":"ac66176c-6b79-4d38-ba4b-f9a3cecdf400"},"geometry":{"type":"Polygon","coordinates":[[[136.19193397023298,35.90556069172679],[136.19193539260894,35.905470055832545],[136.19153364839778,35.90548851254128],[136.19153144909484,35.90557388810744],[136.19193397023298,35.90556069172679]]]}},{"type":"Feature","properties":{"pid":"1e5dc427-5225-463e-955c-1c241909036d"},"geometry":{"type":"Polygon","coordinates":[[[136.19290626653557,35.90509106557448],[136.1924019235244,35.90509040730017],[136.19239488079364,35.90521729761979],[136.19291604203545,35.905208815852994],[136.19290626653557,35.90509106557448]]]}},{"type":"Feature","properties":{"pid":"775374e7-c3f7-4451-a92f-93070fcdf5fc"},"geometry":{"type":"Polygon","coordinates":[[[136.1915272736481,35.905749861929145],[136.1915241965284,35.90583958943701],[136.19192770783494,35.905844171852806],[136.19192832286737,35.9057481741025],[136.1915272736481,35.905749861929145]]]}},{"type":"Feature","properties":{"pid":"b9564ff2-7de4-4cca-aa39-54f01d88bdf4"},"geometry":{"type":"Polygon","coordinates":[[[136.19098945328375,35.905483058555035],[136.19099707035534,35.90555150276949],[136.19106856573953,35.90565580740668],[136.19137770922086,35.90564686572478],[136.19138181504883,35.90542725904841],[136.19098945328375,35.905483058555035]]]}},{"type":"Feature","properties":{"pid":"c3797dfc-e1fc-413a-a401-0070dd335fa0"},"geometry":{"type":"Polygon","coordinates":[[[136.19092203134056,35.90494409877127],[136.19086240184794,35.90414310257038],[136.19083713992998,35.90414265255196],[136.19092203134056,35.90494409877127]]]}},{"type":"Feature","properties":{"pid":"978b4093-3398-49c1-ae54-61591db8c1b2"},"geometry":{"type":"Polygon","coordinates":[[[136.19104609782622,35.90495173592677],[136.19099993067485,35.90414655310646],[136.19098498361166,35.904146576988246],[136.19104609782622,35.90495173592677]]]}},{"type":"Feature","properties":{"pid":"218ed3c9-2435-4568-a4f5-770050cffa58"},"geometry":{"type":"Polygon","coordinates":[[[136.1915520266434,35.90315974475414],[136.19153360266333,35.9039762885463],[136.19168615819328,35.90398026509308],[136.19170021666153,35.903146420634116],[136.1915520266434,35.90315974475414]]]}},{"type":"Feature","properties":{"pid":"469f76c0-fb13-4951-8482-4578aa3e8e52"},"geometry":{"type":"Polygon","coordinates":[[[136.19197185419654,35.90398220933098],[136.191975130586,35.90390388336221],[136.1919915558327,35.90387722709761],[136.19200834570475,35.90312660607124],[136.1918199630559,35.903137920676635],[136.19180225793184,35.90398008758715],[136.19197185419654,35.90398220933098]]]}},{"type":"Feature","properties":{"pid":"cec35784-726f-49e8-ae3c-618e96e9496f"},"geometry":{"type":"Polygon","coordinates":[[[136.19268044722753,35.903994038864255],[136.19270481895208,35.90315618965801],[136.19270007132963,35.903155890491334],[136.19266285182667,35.90399426957468],[136.19268044722753,35.903994038864255]]]}},{"type":"Feature","properties":{"pid":"27ef0b58-95ba-4974-a8f7-ec5b64291848"},"geometry":{"type":"Polygon","coordinates":[[[136.19253943794075,35.90399653392919],[136.1925801740497,35.9031489971404],[136.19248523652874,35.90314573370181],[136.19244454557682,35.9039939534054],[136.19253943794075,35.90399653392919]]]}},{"type":"Feature","properties":{"pid":"5877728e-aa9b-4051-b4d8-c1dc57bf477c"},"geometry":{"type":"Polygon","coordinates":[[[136.19040147293046,35.902965182761385],[136.19041796234995,35.90298175181045],[136.19147813913492,35.90304651364412],[136.19147897922974,35.90301767513502],[136.19040147293046,35.902965182761385]]]}},{"type":"Feature","properties":{"pid":"6a5128ef-4c00-4054-b95e-04432a103f6c"},"geometry":{"type":"Polygon","coordinates":[[[136.19124810530357,35.9039828439593],[136.19128342048873,35.90399854999731],[136.1913225074514,35.903141576013006],[136.1912845138592,35.90314051844478],[136.19124810530357,35.9039828439593]]]}},{"type":"Feature","properties":{"pid":"2157d262-4f9d-4898-a125-a43220cb4a72"},"geometry":{"type":"Polygon","coordinates":[[[136.19085155897625,35.903981519993756],[136.191004692355,35.90399595189366],[136.19105139918702,35.90312790464488],[136.1909120228045,35.90312159982953],[136.19085155897625,35.903981519993756]]]}},{"type":"Feature","properties":{"pid":"c9540578-f862-4b21-b356-7a1de9f35093"},"geometry":{"type":"Polygon","coordinates":[[[136.19071953961048,35.90399062840016],[136.19073265585686,35.90399060788544],[136.19079254356208,35.90311325638616],[136.1907708580939,35.90311209942734],[136.19071953961048,35.90399062840016]]]}},{"type":"Feature","properties":{"pid":"d836332a-5dc3-483b-b44f-f002612aa486"},"geometry":{"type":"Polygon","coordinates":[[[136.19040770195042,35.90286487869776],[136.19148101792052,35.90291724970789],[136.19040848770123,35.90285594255781],[136.19040770195042,35.90286487869776]]]}},{"type":"Feature","properties":{"pid":"4cc4eb39-88da-44c9-a057-48cadc69065d"},"geometry":{"type":"Polygon","coordinates":[[[136.19148862015032,35.90257984057121],[136.19149317410827,35.90247843062845],[136.19083981805025,35.902435905388394],[136.19083908689635,35.902559642002984],[136.19148862015032,35.90257984057121]]]}},{"type":"Feature","properties":{"pid":"f39f9502-b24b-48a9-8754-2f6565bf593f"},"geometry":{"type":"Polygon","coordinates":[[[136.19041401251985,35.90266150795982],[136.19149140637757,35.90270606510545],[136.19149092783348,35.90267886343387],[136.1904139789509,35.90264749132086],[136.19041401251985,35.90266150795982]]]}},{"type":"Feature","properties":{"pid":"9b69e6d3-03e0-4e42-bc08-9191f0ce9d25"},"geometry":{"type":"Polygon","coordinates":[[[136.1914913850904,35.90237513871467],[136.19148895075628,35.90234184318813],[136.19090900506768,35.90234030794562],[136.19090899722906,35.90234074414939],[136.1914913850904,35.90237513871467]]]}},{"type":"Feature","properties":{"pid":"d27146cc-010c-4866-bb93-1a262dd13d28"},"geometry":{"type":"Polygon","coordinates":[[[136.1913436076622,35.9021227563153],[136.190609778005,35.902087032143555],[136.19059254202605,35.90211636066084],[136.1907551745288,35.90213458712518],[136.19084370133305,35.90216393995992],[136.19134433369658,35.90216249688738],[136.1913436076622,35.9021227563153]]]}},{"type":"Feature","properties":{"pid":"35cdb396-5263-4d48-9997-4dbbc807944f"},"geometry":{"type":"Polygon","coordinates":[[[136.19259053972598,35.9019525106628],[136.19259365647008,35.901156415734704],[136.1924842590891,35.901155856257745],[136.19248100228467,35.901890213416884],[136.19254632792493,35.901951296452836],[136.19259053972598,35.9019525106628]]]}},{"type":"Feature","properties":{"pid":"b14f22d6-3860-4bfd-b11e-0a5c616a4251"},"geometry":{"type":"Polygon","coordinates":[[[136.19163737070917,35.90215048695207],[136.19162428180812,35.90303982592516],[136.19164342276997,35.90303894249357],[136.19163737070917,35.90215048695207]]]}},{"type":"Feature","properties":{"pid":"d1762a75-ac12-41ef-8a64-f1a400d97a2d"},"geometry":{"type":"Polygon","coordinates":[[[136.1931557525048,35.903049094147],[136.19335793308704,35.90304687002573],[136.19327286000743,35.90225252661286],[136.19309981141532,35.90226189187065],[136.1931557525048,35.903049094147]]]}},{"type":"Feature","properties":{"pid":"c909639a-edf2-412f-a788-75845e81ede0"},"geometry":{"type":"Polygon","coordinates":[[[136.1936790045826,35.90304929385999],[136.1938580969844,35.903046563604356],[136.1938971620288,35.90226087895334],[136.1936000685379,35.90225499444903],[136.1936790045826,35.90304929385999]]]}},{"type":"Feature","properties":{"pid":"4d2be497-4550-4b86-b2a8-ea56d30377db"},"geometry":{"type":"Polygon","coordinates":[[[136.195252036289,35.903084024700696],[136.19537030672095,35.90308105608733],[136.19540768737437,35.90228207231553],[136.19525491075234,35.90227891482068],[136.195252036289,35.903084024700696]]]}},{"type":"Feature","properties":{"pid":"1b308787-4af3-46e4-8f27-f251cfe7ca48"},"geometry":{"type":"Polygon","coordinates":[[[136.19408482073095,35.90198846619619],[136.19408943136636,35.90119264118396],[136.1940507779187,35.90119040159979],[136.19404293597222,35.90198772388531],[136.19408482073095,35.90198846619619]]]}},{"type":"Feature","properties":{"pid":"4e093ffd-ada3-4984-8a97-f3928c21efe9"},"geometry":{"type":"Polygon","coordinates":[[[136.19446560583805,35.901988706551315],[136.194478398832,35.901205329927144],[136.19421122299235,35.901197401795905],[136.19420826016056,35.90198808835721],[136.19446560583805,35.901988706551315]]]}},{"type":"Feature","properties":{"pid":"bd3a884d-b2de-4b20-9f6f-e57010023a5a"},"geometry":{"type":"Polygon","coordinates":[[[136.1953877274376,35.902000992415424],[136.19539192509413,35.90123387483577],[136.19523695450675,35.90123729212204],[136.1952225310045,35.90199998487813],[136.1953877274376,35.902000992415424]]]}},{"type":"Feature","properties":{"pid":"bdd96c3b-e028-4f32-a24d-c6bd0ede3fa5"},"geometry":{"type":"Polygon","coordinates":[[[136.19510263587173,35.90199912444056],[136.1951170990031,35.901232922143244],[136.19509501209285,35.90123123469925],[136.19508229803506,35.90199892669178],[136.19510263587173,35.90199912444056]]]}},{"type":"Feature","properties":{"pid":"910972d8-5cd3-49ea-bbbc-df1543f00f1d"},"geometry":{"type":"Polygon","coordinates":[[[136.1948511924095,35.901997350951824],[136.19485984569187,35.901238969376415],[136.19484166121757,35.90122008761858],[136.1945983356881,35.90120941578351],[136.1945872157287,35.90199152750215],[136.1948511924095,35.901997350951824]]]}},{"type":"Feature","properties":{"pid":"5a6e05e7-5a03-4c69-a6ea-b1d59f7d99eb"},"geometry":{"type":"Polygon","coordinates":[[[136.19357473157427,35.9019802639706],[136.19356947258143,35.901165186897636],[136.1935524374264,35.90116462016513],[136.19354950872295,35.901979756670634],[136.19357473157427,35.9019802639706]]]}},{"type":"Feature","properties":{"pid":"ff2c9a2b-2e6f-44ab-95c3-1b142730085c"},"geometry":{"type":"Polygon","coordinates":[[[136.19368758767126,35.90117151725677],[136.19369283237953,35.90198329485905],[136.1937028741539,35.90198365017982],[136.19371073819374,35.901172752025985],[136.19368758767126,35.90117151725677]]]}},{"type":"Feature","properties":{"pid":"951de9e1-6d4f-4d29-8e2d-0cb54f5016a9"},"geometry":{"type":"Polygon","coordinates":[[[136.19343765778672,35.90115758129923],[136.19341685273776,35.901169636380196],[136.1933924035654,35.90197789863234],[136.1934298886122,35.90197820963057],[136.19343765778672,35.90115758129923]]]}},{"type":"Feature","properties":{"pid":"dca20995-faf4-43fc-a049-b8b40d711016"},"geometry":{"type":"Polygon","coordinates":[[[136.19283211502366,35.90103510616931],[136.19300035076608,35.90103039240752],[136.19301643465175,35.900188396412965],[136.19286779219505,35.900186084473034],[136.19283211502366,35.90103510616931]]]}},{"type":"Feature","properties":{"pid":"4f30c6ab-eb02-4509-a3b1-14aa6e8f32d7"},"geometry":{"type":"Polygon","coordinates":[[[136.1931358998874,35.90050724598486],[136.1931527075708,35.90038284950273],[136.193165265985,35.900192079037026],[136.19313633059656,35.90019212551908],[136.1931358998874,35.90050724598486]]]}},{"type":"Feature","properties":{"pid":"7a7e3e7e-ea71-4910-92ac-d5e7ec01e10f"},"geometry":{"type":"Polygon","coordinates":[[[136.19323268902573,35.901023949064424],[136.19332129301281,35.901025773190554],[136.19334880497132,35.9001967067859],[136.19329075544172,35.900195771935024],[136.19325975470542,35.900491777613],[136.19323268902573,35.901023949064424]]]}},{"type":"Feature","properties":{"pid":"1c2ee0de-c459-40b7-bb30-243623460f49"},"geometry":{"type":"Polygon","coordinates":[[[136.19344095240413,35.90101782082386],[136.19366943598422,35.90104573559013],[136.19370506289067,35.90020332477807],[136.1934686555138,35.90019867224294],[136.19344095240413,35.90101782082386]]]}},{"type":"Feature","properties":{"pid":"3ac7fa54-0438-4a15-a3c5-53e693186be2"},"geometry":{"type":"Polygon","coordinates":[[[136.19379075349988,35.901052819337096],[136.19396016985473,35.90106143505718],[136.1939564425879,35.900205266803354],[136.19382331833597,35.90020466888243],[136.19379075349988,35.901052819337096]]]}},{"type":"Feature","properties":{"pid":"45f0731c-5c79-4e9a-98bd-340cb2254426"},"geometry":{"type":"Polygon","coordinates":[[[136.19501382433523,35.90110226042871],[136.19504293425936,35.90022687910435],[136.19489782298947,35.9002254425505],[136.1948817749967,35.90109439547971],[136.19501382433523,35.90110226042871]]]}},{"type":"Feature","properties":{"pid":"41c18aec-a299-42b8-bc7c-4aed97d57cf1"},"geometry":{"type":"Polygon","coordinates":[[[136.19513533870926,35.90111111895542],[136.19529845914178,35.9011089036159],[136.19530954897806,35.900228778382925],[136.19516463872847,35.90022564586996],[136.19513533870926,35.90111111895542]]]}},{"type":"Feature","properties":{"pid":"578ca077-3a54-44bf-8877-6a197ad8fd11"},"geometry":{"type":"Polygon","coordinates":[[[136.19460666362608,35.901080338041666],[136.1947460818665,35.90108555481366],[136.1947612090632,35.90107252395797],[136.19477615660557,35.90021965163632],[136.1946161015383,35.900217287426806],[136.19460666362608,35.901080338041666]]]}},{"type":"Feature","properties":{"pid":"807f32ac-7d90-4b15-9176-d3e9eca52181"},"geometry":{"type":"Polygon","coordinates":[[[136.1944884486795,35.900216587431444],[136.194483662465,35.90106248737829],[136.19449776664467,35.90021657230207],[136.1944884486795,35.900216587431444]]]}},{"type":"Feature","properties":{"pid":"b2c4190c-00be-4225-8d39-38fc0dcc5799"},"geometry":{"type":"Polygon","coordinates":[[[136.19433824539954,35.90106375704216],[136.19435584613132,35.90107138127188],[136.19436697838694,35.900212827568815],[136.19433817808098,35.900210745949764],[136.19433824539954,35.90106375704216]]]}},{"type":"Feature","properties":{"pid":"410ae7bb-eb51-4056-82bc-ee34bba622b5"},"geometry":{"type":"Polygon","coordinates":[[[136.19421153917793,35.9010649962394],[136.1942231965763,35.90105738820123],[136.19421852789756,35.90020591484919],[136.19421602933144,35.90020595183547],[136.19421153917793,35.9010649962394]]]}},{"type":"Feature","properties":{"pid":"c76e9edf-0c97-4cc4-b398-bb3fe241ff38"},"geometry":{"type":"Polygon","coordinates":[[[136.19407780694135,35.90104968581386],[136.19409518469124,35.90106425220719],[136.19409803823157,35.90020770829107],[136.19407968742246,35.900207527902445],[136.19407780694135,35.90104968581386]]]}},{"type":"Feature","properties":{"pid":"99695ebf-6f75-46fa-9a06-55cd423c9acf"},"geometry":{"type":"Polygon","coordinates":[[[136.1946379121819,35.8992325935385],[136.19461757273112,35.900041586498325],[136.19483413673296,35.90004454349986],[136.1948528834996,35.8992276148567],[136.1946379121819,35.8992325935385]]]}},{"type":"Feature","properties":{"pid":"64dd306f-3f50-4515-b98a-ced59d7f2f42"},"geometry":{"type":"Polygon","coordinates":[[[136.19509893245362,35.90005198651282],[136.19515854897534,35.90005407178226],[136.1951766527981,35.89923273589514],[136.19512327533428,35.89923241911205],[136.19509893245362,35.90005198651282]]]}},{"type":"Feature","properties":{"pid":"0ba5b4b5-8252-4c06-9491-12f90099da3d"},"geometry":{"type":"Polygon","coordinates":[[[136.19427987698842,35.90003837794439],[136.19449769320642,35.900041338121355],[136.1945147336156,35.899225566493115],[136.19430970211755,35.899220893444884],[136.19427987698842,35.90003837794439]]]}},{"type":"Feature","properties":{"pid":"afbd0601-e344-43bc-8590-b110e385ad29"},"geometry":{"type":"Polygon","coordinates":[[[136.19396097795308,35.900034511377406],[136.19415981375624,35.90003499657534],[136.19418036740657,35.89922239126473],[136.19397835772276,35.899219673522175],[136.19396097795308,35.900034511377406]]]}},{"type":"Feature","properties":{"pid":"758bd467-59f6-4b2d-af86-32d086213600"},"geometry":{"type":"Polygon","coordinates":[[[136.19362918069507,35.900028611893966],[136.19384092963958,35.90003319458847],[136.193848170872,35.89921247760137],[136.1936521160801,35.899208165790206],[136.19362918069507,35.900028611893966]]]}},{"type":"Feature","properties":{"pid":"15e59076-2ede-4deb-9583-b5725ed49113"},"geometry":{"type":"Polygon","coordinates":[[[136.1929537703677,35.900015279082204],[136.1931724395128,35.90001741929568],[136.19319360592803,35.899221328790865],[136.19312857714164,35.899242518012656],[136.19296628542898,35.89924174222277],[136.1929537703677,35.900015279082204]]]}},{"type":"Feature","properties":{"pid":"2fc54731-ccb8-466e-a40f-2c23c36a2e22"},"geometry":{"type":"Polygon","coordinates":[[[136.1932971871865,35.900019560699],[136.19351091206664,35.90002580818395],[136.19352382193225,35.899617675720144],[136.19347945362128,35.899578683385506],[136.19331021569468,35.899582719130905],[136.1932971871865,35.900019560699]]]}},{"type":"Feature","properties":{"pid":"905728bd-b311-4eed-8944-39351384f9bf"},"geometry":{"type":"Polygon","coordinates":[[[136.19261883169207,35.9000110326685],[136.19283532172253,35.900013992536955],[136.19284757369502,35.89927314669808],[136.19282159860532,35.899239830300445],[136.1926348365653,35.89923406742647],[136.19261883169207,35.9000110326685]]]}},{"type":"Feature","properties":{"pid":"96cb5d63-560f-4e98-a838-c112a61f1b84"},"geometry":{"type":"Polygon","coordinates":[[[136.19274425394556,35.9001876056001],[136.19249771761798,35.90018494473433],[136.19248332820436,35.90103745711443],[136.1927084553185,35.901038095880025],[136.19274425394556,35.9001876056001]]]}},{"type":"Feature","properties":{"pid":"142ea61e-05b1-4357-a6ea-b6c1b1c0f225"},"geometry":{"type":"Polygon","coordinates":[[[136.19195918736094,35.90101352437365],[136.1920122005109,35.901012264791206],[136.19201710684243,35.90056143153603],[136.19195327140292,35.90056153361817],[136.19195918736094,35.90101352437365]]]}},{"type":"Feature","properties":{"pid":"3d722606-62db-4177-85f2-35ae78360124"},"geometry":{"type":"Polygon","coordinates":[[[136.1918222464221,35.90101480005373],[136.1918357039161,35.90100045940595],[136.19182992882912,35.90056235185369],[136.1916793227993,35.900564284364215],[136.19167597053982,35.90101782507029],[136.1918222464221,35.90101480005373]]]}},{"type":"Feature","properties":{"pid":"3e9bc573-9c6a-4742-9f52-511eea17afcb"},"geometry":{"type":"Polygon","coordinates":[[[136.190971471684,35.900854884129956],[136.19154335079787,35.90089529983036],[136.19154311443376,35.90079707230227],[136.19101880587604,35.900783986312554],[136.190971471684,35.900854884129956]]]}},{"type":"Feature","properties":{"pid":"9abf8cf9-f80a-46ae-95ca-b64d7b253b15"},"geometry":{"type":"Polygon","coordinates":[[[136.19154288366533,35.90101324256973],[136.19154200310751,35.90099615229704],[136.190928526856,35.900955356456244],[136.19154288366533,35.90101324256973]]]}},{"type":"Feature","properties":{"pid":"547f2b63-f97f-4ab2-ad97-393232753695"},"geometry":{"type":"Polygon","coordinates":[[[136.19108155304517,35.900138394174164],[136.1911121005743,35.90021903164964],[136.1912079637967,35.90022630334902],[136.1912172793984,35.90013817824451],[136.19108155304517,35.900138394174164]]]}},{"type":"Feature","properties":{"pid":"53dc8336-77b5-43e1-a9d8-ed1e1406d34b"},"geometry":{"type":"Polygon","coordinates":[[[136.1906320296954,35.89876618975598],[136.19068475133452,35.89876934278619],[136.19071480070028,35.89879830973814],[136.1907147827217,35.89902744698061],[136.190730810868,35.89817727197427],[136.1905129355954,35.89817374614296],[136.19049858344246,35.8987234178764],[136.19059497277863,35.898728312419955],[136.1906320296954,35.89876618975598]]]}},{"type":"Feature","properties":{"pid":"928358cc-5c9d-452c-8bb7-e0375a20c21d"},"geometry":{"type":"Polygon","coordinates":[[[136.19085838687724,35.89900653182887],[136.19087588831096,35.8981777992398],[136.19085042257518,35.89817838551155],[136.19083150883233,35.89900941457669],[136.19085838687724,35.89900653182887]]]}},{"type":"Feature","properties":{"pid":"47fe5a40-d50d-482f-ba86-ef36c05c0ec0"},"geometry":{"type":"Polygon","coordinates":[[[136.1909765012634,35.899000240582026],[136.19104462223135,35.898991873101494],[136.19106576715444,35.89817727989011],[136.19099389832064,35.89817682050779],[136.1909765012634,35.899000240582026]]]}},{"type":"Feature","properties":{"pid":"4d3cfa77-b73b-42b5-972f-57e81a3d365b"},"geometry":{"type":"Polygon","coordinates":[[[136.19137806088472,35.89897033676627],[136.1913941728563,35.8981859069655],[136.19118391248298,35.898180508387604],[136.19116976308473,35.89883580660809],[136.19121055314073,35.89884342021095],[136.1912328094889,35.89886800152871],[136.1912340762025,35.899006117519214],[136.19137806088472,35.89897033676627]]]}},{"type":"Feature","properties":{"pid":"1f1d927e-c014-476b-9fc7-f53d6d718916"},"geometry":{"type":"Polygon","coordinates":[[[136.1928727932052,35.89886544299608],[136.19288947824975,35.89821860838293],[136.19267124722293,35.89821283540181],[136.192651134576,35.89897851879212],[136.19268418377416,35.898978820569454],[136.19268768139463,35.89889759190348],[136.1927122076587,35.89886934061605],[136.1928727932052,35.89886544299608]]]}},{"type":"Feature","properties":{"pid":"f6f4c78d-8d45-4034-8e79-8e852fc51207"},"geometry":{"type":"Polygon","coordinates":[[[136.19184027441335,35.89895333331271],[136.1920581544595,35.89897088053631],[136.19207711532218,35.8981992182811],[136.19184959797204,35.89819860194066],[136.19184027441335,35.89895333331271]]]}},{"type":"Feature","properties":{"pid":"529f573e-b997-4dcc-b007-69c81bd073a7"},"geometry":{"type":"Polygon","coordinates":[[[136.1917009368317,35.8989618919178],[136.19172126967962,35.89895538620765],[136.1917298674822,35.898196322473055],[136.1917009368317,35.8989618919178]]]}},{"type":"Feature","properties":{"pid":"d5e5cd6c-9e64-4684-8e89-662b57a5f3f3"},"geometry":{"type":"Polygon","coordinates":[[[136.191878694727,35.89726594149581],[136.19185666733395,35.898073901196],[136.19209150270288,35.89807649889092],[136.19210456006059,35.897335711215625],[136.19200966319372,35.89726096968327],[136.191878694727,35.89726594149581]]]}},{"type":"Feature","properties":{"pid":"b7dcab09-36c0-4d25-89e5-f07176a6df8b"},"geometry":{"type":"Polygon","coordinates":[[[136.19173684483886,35.89806900974011],[136.19175733701408,35.89726202953315],[136.19154600705085,35.897253759290926],[136.19151807322595,35.898063555167326],[136.19173684483886,35.89806900974011]]]}},{"type":"Feature","properties":{"pid":"961de91d-a301-4735-8213-ef501df8d525"},"geometry":{"type":"Polygon","coordinates":[[[136.1913982485497,35.898058587448055],[136.19142483128297,35.89724135783223],[136.19121365043517,35.89722934824165],[136.1911914168418,35.898056062056845],[136.1913982485497,35.898058587448055]]]}},{"type":"Feature","properties":{"pid":"39611db2-4640-493d-adc7-6e1db7e082af"},"geometry":{"type":"Polygon","coordinates":[[[136.19106986187566,35.8980518318519],[136.19109169077277,35.89723625742148],[136.19088009407224,35.89722447398085],[136.1908562033473,35.89804928739518],[136.19106986187566,35.8980518318519]]]}},{"type":"Feature","properties":{"pid":"7b8fbee0-76c1-488b-95ee-6c61cef5d839"},"geometry":{"type":"Polygon","coordinates":[[[136.19073296541168,35.8980474667233],[136.19075826541751,35.89722797212679],[136.1905433584827,35.8972186373538],[136.19052591554484,35.89804303830688],[136.19073296541168,35.8980474667233]]]}},{"type":"Feature","properties":{"pid":"fc2c5cda-f25c-45cb-9c94-fd9dc124db09"},"geometry":{"type":"Polygon","coordinates":[[[136.1904077779956,35.89804097150863],[136.1904156469047,35.897569981582436],[136.19019987570766,35.89757418574443],[136.19018893341712,35.89803744405482],[136.1904077779956,35.89804097150863]]]}},{"type":"Feature","properties":{"pid":"9d6d71d9-fddb-4e4e-b3d9-84c16be18122"},"geometry":{"type":"Polygon","coordinates":[[[136.19021565474267,35.897060951492975],[136.19042849868563,35.89706253010322],[136.19043785062485,35.896249605239795],[136.1902411512936,35.89624804306109],[136.19021565474267,35.897060951492975]]]}},{"type":"Feature","properties":{"pid":"2f1e7168-d155-4168-ad05-0a342b796832"},"geometry":{"type":"Polygon","coordinates":[[[136.19077607397995,35.8966102248361],[136.19078664911032,35.896250786558994],[136.19056448874827,35.89625017235475],[136.19055817277024,35.896604758841036],[136.19077607397995,35.8966102248361]]]}},{"type":"Feature","properties":{"pid":"0256a22e-aa7d-4cbb-8f39-c466ad3604c4"},"geometry":{"type":"Polygon","coordinates":[[[136.1909082941199,35.896253294817434],[136.19088601969688,35.897066748558466],[136.19109452874866,35.89707213494906],[136.1911183890547,35.89625678385109],[136.1909082941199,35.896253294817434]]]}},{"type":"Feature","properties":{"pid":"c8e1c70d-4a1a-4f80-8530-0a5025ec276c"},"geometry":{"type":"Polygon","coordinates":[[[136.19142805189136,35.8970770044139],[136.19145188355316,35.89626538015992],[136.19130833297203,35.89626396213925],[136.19128926860287,35.89707235222403],[136.19142805189136,35.8970770044139]]]}},{"type":"Feature","properties":{"pid":"a39f83b1-2190-4000-9f1f-40e723de5ede"},"geometry":{"type":"Polygon","coordinates":[[[136.19166036602593,35.89707021546899],[136.19175602758807,35.8970707406567],[136.19177827108106,35.896270947614326],[136.19167777194096,35.896270414654346],[136.19166036602593,35.89707021546899]]]}},{"type":"Feature","properties":{"pid":"e7b87c09-41b8-4a86-9c61-6d22fcf71d12"},"geometry":{"type":"Polygon","coordinates":[[[136.19187586819262,35.89707241225311],[136.19201853165438,35.897075957038986],[136.19211695169506,35.897000991426715],[136.19212508193527,35.896275898771734],[136.19189973403013,35.89627331525039],[136.19187586819262,35.89707241225311]]]}},{"type":"Feature","properties":{"pid":"3f9532c2-c139-43b8-8695-c152b3b9ad10"},"geometry":{"type":"Polygon","coordinates":[[[136.1937255185135,35.896316397009606],[136.19370585385744,35.897123069582406],[136.1939166266735,35.897125064181886],[136.19394021982185,35.89631722094016],[136.1937255185135,35.896316397009606]]]}},{"type":"Feature","properties":{"pid":"a99d2b3f-72e5-4c43-badf-c9f8f42fb50c"},"geometry":{"type":"Polygon","coordinates":[[[136.19336873022692,35.8971202537022],[136.19358643702734,35.89712493202078],[136.1936080621633,35.89631179837103],[136.19339711411502,35.89630863560925],[136.19336873022692,35.8971202537022]]]}},{"type":"Feature","properties":{"pid":"ceaaa5ee-0913-4ef2-a88f-c196c8e3953a"},"geometry":{"type":"Polygon","coordinates":[[[136.19291108113904,35.897084589388434],[136.19293665220113,35.8962986185028],[136.19273703120723,35.89629550805731],[136.19271265478008,35.897060726247595],[136.19274141005786,35.89708486135433],[136.19291108113904,35.897084589388434]]]}},{"type":"Feature","properties":{"pid":"9728981e-f1c6-4bf2-8902-3b71f215044b"},"geometry":{"type":"Polygon","coordinates":[[[136.19308970644605,35.89629945620024],[136.19305672997194,35.896298798001865],[136.19304097583583,35.89708446466348],[136.19307394217705,35.89708552130123],[136.19308970644605,35.89629945620024]]]}},{"type":"Feature","properties":{"pid":"cf45d8a5-0ef3-41cf-9c6f-4c1663d00b09"},"geometry":{"type":"Polygon","coordinates":[[[136.19320881916724,35.896304228110324],[136.19319280456946,35.897092812146724],[136.19324785779807,35.897092834805285],[136.19327536771488,35.89630425988427],[136.19320881916724,35.896304228110324]]]}},{"type":"Feature","properties":{"pid":"61e9a50d-c7da-410d-86cc-8db0e08850d9"},"geometry":{"type":"Polygon","coordinates":[[[136.19503492492342,35.89715116386116],[136.19524154965848,35.89715314286677],[136.19526708671398,35.896339974399375],[136.1950526118677,35.89633915460495],[136.19503492492342,35.89715116386116]]]}},{"type":"Feature","properties":{"pid":"92227686-3661-4d4c-9757-4f6fde8d4f7a"},"geometry":{"type":"Polygon","coordinates":[[[136.19491126557497,35.897147131024724],[136.1949328690568,35.89633605303308],[136.19471799291622,35.89633170458765],[136.1946983210902,35.8971404531837],[136.19491126557497,35.897147131024724]]]}},{"type":"Feature","properties":{"pid":"3aa7ce22-697f-4db7-978f-1cdcb7b7cc19"},"geometry":{"type":"Polygon","coordinates":[[[136.1943687665841,35.897135398915566],[136.19457480480585,35.8971408475912],[136.19460035523798,35.896331193033916],[136.19439827574004,35.89632692278117],[136.1943687665841,35.897135398915566]]]}},{"type":"Feature","properties":{"pid":"b44ed246-9a13-476c-a4ab-e3973d679798"},"geometry":{"type":"Polygon","coordinates":[[[136.19403833115322,35.89712702449748],[136.19424688721887,35.897132494694965],[136.1942724303831,35.8963246472066],[136.19406194017898,35.89632032938053],[136.19403833115322,35.89712702449748]]]}},{"type":"Feature","properties":{"pid":"37ecdfc9-84ca-454d-8459-f6eb96477bb6"},"geometry":{"type":"Polygon","coordinates":[[[136.19521523719612,35.8981370255336],[136.19523487076725,35.89730848004507],[136.19502644937222,35.89730416893947],[136.1950067701609,35.89812923459645],[136.19521523719612,35.8981370255336]]]}},{"type":"Feature","properties":{"pid":"4eb8012b-6faf-4a42-9687-beb64850d227"},"geometry":{"type":"Polygon","coordinates":[[[136.19489051397457,35.89812655797888],[136.19490876443686,35.89732068152806],[136.19488975717567,35.89730010274989],[136.19469417736335,35.89730003728186],[136.19467448892513,35.89812181437778],[136.19489051397457,35.89812655797888]]]}},{"type":"Feature","properties":{"pid":"11436a3e-0959-4761-bbbb-638d49d33910"},"geometry":{"type":"Polygon","coordinates":[[[136.1945506882332,35.898122484771356],[136.19457234228116,35.897297412111705],[136.19436166565578,35.89729425543566],[136.19433807937463,35.898122829112395],[136.1945506882332,35.898122484771356]]]}},{"type":"Feature","properties":{"pid":"8f405bc6-df84-45ca-9e1a-9077583f691d"},"geometry":{"type":"Polygon","coordinates":[[[136.19424225519654,35.89728815995484],[136.19402954312892,35.89728148786894],[136.19400990278427,35.89811330868259],[136.19422058973407,35.898115296476135],[136.19424225519654,35.89728815995484]]]}},{"type":"Feature","properties":{"pid":"a9118fda-deee-4405-b1db-9ba2af7d37ad"},"geometry":{"type":"Polygon","coordinates":[[[136.19390784394292,35.89727923334538],[136.19369935273528,35.897277243591546],[136.19367769076254,35.89810231007706],[136.1938882062857,35.898107797369676],[136.19390784394292,35.89727923334538]]]}},{"type":"Feature","properties":{"pid":"0d8515f2-a3cc-4a4a-8cf4-53e0e864f257"},"geometry":{"type":"Polygon","coordinates":[[[136.1935795958405,35.89727651526197],[136.19336926310416,35.89727569187839],[136.19334760518078,35.89809868500941],[136.19355402963814,35.89810183355203],[136.1935795958405,35.89727651526197]]]}},{"type":"Feature","properties":{"pid":"dc0c4314-95fa-49c5-b25e-b7fbe7f8f2d3"},"geometry":{"type":"Polygon","coordinates":[[[136.19322143100592,35.89809464047292],[136.19324108341632,35.897280302791806],[136.19303466595068,35.897278316657285],[136.1930110365322,35.89808915482152],[136.19322143100592,35.89809464047292]]]}},{"type":"Feature","properties":{"pid":"a7f6c15c-75e2-4121-ac0c-c3179347f58f"},"geometry":{"type":"Polygon","coordinates":[[[136.19288520460603,35.89808448998065],[136.19291272981218,35.89727674646382],[136.1927319751763,35.89727333003826],[136.1927032719331,35.89729677654985],[136.1926808814299,35.89807904403362],[136.19288520460603,35.89808448998065]]]}},{"type":"Feature","properties":{"pid":"68fd7ff9-fc0c-47fe-9b99-70e18cf70e59"},"geometry":{"type":"Polygon","coordinates":[[[136.19365161099765,35.899028199253046],[136.19368092647366,35.89905239216325],[136.19392173723045,35.89905534164947],[136.19394908879556,35.89903642478803],[136.1939665870931,35.89824018087283],[136.19367317102197,35.898231415966336],[136.19365161099765,35.899028199253046]]]}},{"type":"Feature","properties":{"pid":"97c39624-decc-44d8-b861-63c9d74be004"},"geometry":{"type":"Polygon","coordinates":[[[136.19331461294283,35.89904123922668],[136.19350941038078,35.89905112936797],[136.19353062138234,35.899033448896354],[136.19355278333452,35.898230296082296],[136.19333310142645,35.89822662027005],[136.19331461294283,35.89904123922668]]]}},{"type":"Feature","properties":{"pid":"b687eef9-7eb9-45a5-ab50-53bbea25accd"},"geometry":{"type":"Polygon","coordinates":[[[136.19298964227136,35.898982468045034],[136.19311896031067,35.898983624020524],[136.19319163640245,35.89900879166965],[136.19321447513215,35.898224703000764],[136.19301145066376,35.89822104640807],[136.19298964227136,35.898982468045034]]]}},{"type":"Feature","properties":{"pid":"3a5d43a8-8e56-480b-8e0f-4bd525a2c193"},"geometry":{"type":"Polygon","coordinates":[[[136.19406188292794,35.899054006519606],[136.1941874414588,35.899057074859535],[136.194214341381,35.89824264216472],[136.19408887231182,35.89824284499632],[136.19406188292794,35.899054006519606]]]}},{"type":"Feature","properties":{"pid":"17ac49e1-a0ae-49dc-a4b6-d808cf44607d"},"geometry":{"type":"Polygon","coordinates":[[[136.19431097931195,35.89904688804979],[136.19452393457502,35.89905869970002],[136.19455087280718,35.89824745123493],[136.19433655548167,35.89824475683014],[136.19431097931195,35.89904688804979]]]}},{"type":"Feature","properties":{"pid":"ce461e01-a932-47ad-9c65-d0d6c352acf7"},"geometry":{"type":"Polygon","coordinates":[[[136.19473624093283,35.89906487202353],[136.19485837890784,35.899067098006086],[136.19488188589054,35.89825196876069],[136.1947529826154,35.898251350234254],[136.19473624093283,35.89906487202353]]]}},{"type":"Feature","properties":{"pid":"8ab7b974-706c-493b-8197-6b19c6fff9ac"},"geometry":{"type":"Polygon","coordinates":[[[136.194988951117,35.89907250519996],[136.19519121002565,35.899077078717845],[136.19521640446615,35.8982563984922],[136.19501003624396,35.898256715764596],[136.194988951117,35.89907250519996]]]}},{"type":"Feature","properties":{"pid":"f6401369-b3e9-449f-bfdf-c57533e9d1be"},"geometry":{"type":"Polygon","coordinates":[[[136.19639372323522,35.89828250505201],[136.19637362288245,35.89909601935517],[136.19658046524248,35.89909968395554],[136.19660060236157,35.898289176845154],[136.19639372323522,35.89828250505201]]]}},{"type":"Feature","properties":{"pid":"7365f579-e7d0-4999-90c0-7a0f63fe4f89"},"geometry":{"type":"Polygon","coordinates":[[[136.19606080052662,35.898273533079305],[136.19603728890644,35.89909039850106],[136.19624962415244,35.89909409493401],[136.1962697491768,35.89827922788237],[136.19606080052662,35.898273533079305]]]}},{"type":"Feature","properties":{"pid":"4c57dd09-43cc-4ded-a8f1-2167ccc778a1"},"geometry":{"type":"Polygon","coordinates":[[[136.19592487387237,35.89855843628995],[136.19572301154219,35.89855378409418],[136.195706554557,35.89908325855745],[136.19591648200384,35.899086936696115],[136.19592487387237,35.89855843628995]]]}},{"type":"Feature","properties":{"pid":"49c4a1a4-1715-47fa-9e65-ab49ff2162d1"},"geometry":{"type":"Polygon","coordinates":[[[136.19531465533362,35.89908285411168],[136.19552012880186,35.899083711120575],[136.1955453690169,35.898261452657806],[136.19533899541918,35.898259701353716],[136.19531465533362,35.89908285411168]]]}},{"type":"Feature","properties":{"pid":"990fa7d4-9be2-4841-adbd-241ec7f36408"},"geometry":{"type":"Polygon","coordinates":[[[136.19593889538882,35.89827359248368],[136.19573327508832,35.89826791657783],[136.19572611428234,35.89845059048886],[136.1959342833232,35.89845827319026],[136.19593889538882,35.89827359248368]]]}},{"type":"Feature","properties":{"pid":"e75177cb-df77-493a-91bd-3bca679530bf"},"geometry":{"type":"Polygon","coordinates":[[[136.19556010149012,35.89814703133569],[136.19557009726375,35.89731589533775],[136.19535667933323,35.89731372421638],[136.1953411258245,35.89803248623609],[136.19540224115792,35.8980273630638],[136.19543493258143,35.898041666722214],[136.19546372825306,35.89814632357021],[136.19556010149012,35.89814703133569]]]}},{"type":"Feature","properties":{"pid":"a9919c82-42ec-42bf-be12-97adbd27dfbd"},"geometry":{"type":"Polygon","coordinates":[[[136.19770482787467,35.89909762768943],[136.19772940365047,35.89912045194541],[136.1979058270572,35.89912363771934],[136.19792762544432,35.89831240416096],[136.19772107424745,35.89830874143778],[136.19770482787467,35.89909762768943]]]}},{"type":"Feature","properties":{"pid":"c7a0d4c2-81d8-4778-995a-62b28026dda1"},"geometry":{"type":"Polygon","coordinates":[[[136.19735886267392,35.89911437735001],[136.19755642468849,35.8991177924587],[136.19757358326814,35.899099448221506],[136.19759490829364,35.89830448861477],[136.19738405843262,35.898297768698995],[136.19735886267392,35.89911437735001]]]}},{"type":"Feature","properties":{"pid":"cc2230c8-6db3-4134-a33d-987631892a65"},"geometry":{"type":"Polygon","coordinates":[[[136.19672084745463,35.89829014119584],[136.19670069250893,35.89910298341406],[136.19690079819037,35.899105845859516],[136.19692507797703,35.89828708212454],[136.19672084745463,35.89829014119584]]]}},{"type":"Feature","properties":{"pid":"88535253-bc68-44ef-bb5b-69d09bc30058"},"geometry":{"type":"Polygon","coordinates":[[[136.19705536177463,35.89829800710188],[136.19703353183192,35.89911005393054],[136.1972123783486,35.89911237500748],[136.19723969973563,35.89908329219228],[136.19726561811848,35.89829766165385],[136.19705536177463,35.89829800710188]]]}},{"type":"Feature","properties":{"pid":"a4aae0c0-badb-4b08-8783-c1211b5bd408"},"geometry":{"type":"Polygon","coordinates":[[[136.19803023423356,35.89911022277219],[136.1980477138204,35.89912659619616],[136.19824064107698,35.89913181886263],[136.1982658264038,35.898315206094836],[136.1980516278138,35.898312519111755],[136.19803023423356,35.89911022277219]]]}},{"type":"Feature","properties":{"pid":"400b695e-a8c4-4dd9-b2c7-ac0677e9d9cc"},"geometry":{"type":"Polygon","coordinates":[[[136.1985470315316,35.89913633077251],[136.19857554740403,35.89911326318832],[136.1985950953804,35.89832564912275],[136.19838422424772,35.89831792568868],[136.19836076884715,35.89913399470026],[136.1985470315316,35.89913633077251]]]}},{"type":"Feature","properties":{"pid":"f6cb096e-2dae-4bf5-8006-915ad07106e1"},"geometry":{"type":"Polygon","coordinates":[[[136.19951946112772,35.899157747443994],[136.199726034229,35.89916246957457],[136.19953515351688,35.89849011209748],[136.19951946112772,35.899157747443994]]]}},{"type":"Feature","properties":{"pid":"dd0f7496-32ec-4ca5-8252-2f68fa098976"},"geometry":{"type":"Polygon","coordinates":[[[136.19938383706634,35.89915334131531],[136.19940396390282,35.89834050861077],[136.1991734863447,35.89833498040533],[136.19916498050694,35.89896098168814],[136.1992350775842,35.8991528252063],[136.19938383706634,35.89915334131531]]]}},{"type":"Feature","properties":{"pid":"98bca5fa-019e-4722-bfb6-3fb306293e4b"},"geometry":{"type":"Polygon","coordinates":[[[136.1998672702439,35.898214793310046],[136.20007965474045,35.89821937867489],[136.20010390424363,35.89740767470356],[136.19988598868727,35.89740307039483],[136.1998672702439,35.898214793310046]]]}},{"type":"Feature","properties":{"pid":"536b6ac5-1e7d-4014-9362-f3f6b0574249"},"geometry":{"type":"Polygon","coordinates":[[[136.19974242139352,35.89809570586325],[136.19976019020663,35.89739933798472],[136.19958745029265,35.89739686934772],[136.19974242139352,35.89809570586325]]]}},{"type":"Feature","properties":{"pid":"cd21f31a-3ba7-4f53-99ab-54a1a9de50cd"},"geometry":{"type":"Polygon","coordinates":[[[136.1991879583431,35.8982023805897],[136.1994521634293,35.89821118740549],[136.19921494168418,35.89743782163367],[136.19921138781464,35.89743773802958],[136.1991879583431,35.8982023805897]]]}},{"type":"Feature","properties":{"pid":"b6a9e8e3-2bf7-4399-b3c1-47ab5cb7ce29"},"geometry":{"type":"Polygon","coordinates":[[[136.19956640952716,35.897246239466504],[136.19974959493928,35.89724696290171],[136.19977185471447,35.8972343441638],[136.19979434662733,35.89642154991991],[136.1995991945725,35.896420869451156],[136.19956640952716,35.897246239466504]]]}},{"type":"Feature","properties":{"pid":"6cb91047-1d89-447b-a7cb-7a7d419ee0d9"},"geometry":{"type":"Polygon","coordinates":[[[136.19536542782592,35.89715519746568],[136.1955862554263,35.89716134967814],[136.1956104140479,35.896342375750905],[136.19539099825334,35.896339185987934],[136.19536542782592,35.89715519746568]]]}},{"type":"Feature","properties":{"pid":"6cc5edee-47d0-4d71-a8d7-cca8467a418d"},"geometry":{"type":"Polygon","coordinates":[[[136.19540011323286,35.89597163993232],[136.19561214562654,35.89597608073328],[136.1956286816488,35.89540800869155],[136.19541790409428,35.89540633033178],[136.19541428136637,35.89551397096416],[136.19546549790476,35.895508646790574],[136.1955012422105,35.8955278313258],[136.19553736989704,35.8956637512604],[136.19550796033656,35.895703451895955],[136.1954094017603,35.89572115986925],[136.19540011323286,35.89597163993232]]]}},{"type":"Feature","properties":{"pid":"ede9dcbf-d22f-4eaa-9aa6-8db7f2a91a5b"},"geometry":{"type":"Polygon","coordinates":[[[136.19579446837548,35.89597890616976],[136.19600192955284,35.895979579121295],[136.1960181412608,35.89541170037924],[136.19581303574523,35.89540904257029],[136.19579446837548,35.89597890616976]]]}},{"type":"Feature","properties":{"pid":"7df01423-f255-42cc-b2ee-632372fea1a9"},"geometry":{"type":"Polygon","coordinates":[[[136.1961307833427,35.89597999616831],[136.19633895732792,35.89598067080016],[136.1963529487094,35.8954239395283],[136.19614597248383,35.8954172646247],[136.1961307833427,35.89597999616831]]]}},{"type":"Feature","properties":{"pid":"8c66bcf5-9c15-455e-83a6-46829888001d"},"geometry":{"type":"Polygon","coordinates":[[[136.1964655626328,35.89598108219481],[136.1966730828106,35.89598175447258],[136.19668923902472,35.89543163260518],[136.19647710912758,35.89542692893476],[136.1964655626328,35.89598108219481]]]}},{"type":"Feature","properties":{"pid":"6caad481-699b-4c5d-af87-21331a4e2c93"},"geometry":{"type":"Polygon","coordinates":[[[136.19542067557882,35.895234162248094],[136.19564039225946,35.89523993415017],[136.1956604982061,35.89442456206079],[136.19544762152688,35.89442086047254],[136.19542067557882,35.895234162248094]]]}},{"type":"Feature","properties":{"pid":"a94b8c15-7ea0-457c-814a-747fd5501911"},"geometry":{"type":"Polygon","coordinates":[[[136.19581552935907,35.89524660896845],[136.19602611791703,35.89524928976959],[136.19604795373982,35.89443469083505],[136.19583734403196,35.894430999988664],[136.19581552935907,35.89524660896845]]]}},{"type":"Feature","properties":{"pid":"e3b56e6f-1569-4890-9cb6-6cbd617d6fd2"},"geometry":{"type":"Polygon","coordinates":[[[136.19614823451568,35.895250985845344],[136.19634768808828,35.89525461997248],[136.19637288145952,35.89443803001915],[136.1961700737506,35.89443737144173],[136.19614823451568,35.895250985845344]]]}},{"type":"Feature","properties":{"pid":"d8324db2-ba8c-43fe-ae56-eaad5f909de3"},"geometry":{"type":"Polygon","coordinates":[[[136.19647338910553,35.895255005840596],[136.19669155641003,35.895258732641935],[136.1967133610558,35.8944446588169],[136.19649521141525,35.89444195488708],[136.19647338910553,35.895255005840596]]]}},{"type":"Feature","properties":{"pid":"e58a0e5e-54dd-40d1-9605-5810a8000b75"},"geometry":{"type":"Polygon","coordinates":[[[136.19681366763032,35.895260647262766],[136.19701888237756,35.89526430632335],[136.19704580630938,35.8944515121719],[136.19683547719026,35.894447827562814],[136.19681366763032,35.895260647262766]]]}},{"type":"Feature","properties":{"pid":"0239ca8d-cda0-430d-8b9a-2a71c60c1e70"},"geometry":{"type":"Polygon","coordinates":[[[136.1970059806432,35.895887144415724],[136.1970182465071,35.89543341316464],[136.19681135947818,35.895431750043706],[136.19679528680882,35.8959821505461],[136.19684609316644,35.895982315265606],[136.1970059806432,35.895887144415724]]]}},{"type":"Feature","properties":{"pid":"8aae19ea-470b-421e-9d4b-fef37aa361b2"},"geometry":{"type":"Polygon","coordinates":[[[136.19975252915415,35.89486215255296],[136.19983181472963,35.89504697701778],[136.19984010064923,35.89486403406288],[136.19975252915415,35.89486215255296]]]}},{"type":"Feature","properties":{"pid":"0e15728d-dfb7-44b9-a1dc-271fc14d346c"},"geometry":{"type":"Polygon","coordinates":[[[136.19950482527256,35.89428858805204],[136.19969762064764,35.89473415263117],[136.1998384094859,35.894738409859826],[136.19984627914812,35.89437059721695],[136.19969677213967,35.89433569593545],[136.19966197754582,35.894299588888224],[136.19950482527256,35.89428858805204]]]}},{"type":"Feature","properties":{"pid":"5273b00f-631b-4d07-a67f-5f9832921c77"},"geometry":{"type":"Polygon","coordinates":[[[136.19804664274523,35.89434258997109],[136.19807013931876,35.893526976119496],[136.19785206897262,35.893523260147425],[136.1978302612418,35.8943378533292],[136.19804664274523,35.89434258997109]]]}},{"type":"Feature","properties":{"pid":"abccc06d-710b-4a28-b15c-04ea1e76054f"},"geometry":{"type":"Polygon","coordinates":[[[136.19819258697385,35.8937818677431],[136.19818269877015,35.89433792840163],[136.19833985346307,35.89432261234562],[136.19819258697385,35.8937818677431]]]}},{"type":"Feature","properties":{"pid":"23d1765f-d201-4854-b92f-1e1ebad2c1f9"},"geometry":{"type":"Polygon","coordinates":[[[136.19937183637927,35.89355499866724],[136.19935545694918,35.893935983608294],[136.19936478848967,35.89401197458687],[136.1994213571626,35.89413998539128],[136.19942125041888,35.8935566057246],[136.19937183637927,35.89355499866724]]]}},{"type":"Feature","properties":{"pid":"b6aee647-b641-4082-bad4-478a0d791ce5"},"geometry":{"type":"Polygon","coordinates":[[[136.19941986687172,35.893394360728955],[136.19944655081463,35.892576117388224],[136.1993886926126,35.89257494177654],[136.19935526357278,35.89338991601228],[136.19941986687172,35.893394360728955]]]}},{"type":"Feature","properties":{"pid":"4008f941-06d3-4a4f-bdf9-045f51b7b584"},"geometry":{"type":"Polygon","coordinates":[[[136.19954644879806,35.89338292127077],[136.19957166328055,35.89337331317986],[136.19960288078528,35.892578138953944],[136.1995662136611,35.89257728712316],[136.19954644879806,35.89338292127077]]]}},{"type":"Feature","properties":{"pid":"87e3824a-4f18-4dc0-90fe-b26c4db787cd"},"geometry":{"type":"Polygon","coordinates":[[[136.19979868480172,35.89332890205958],[136.1998497204397,35.89332424861701],[136.19990598363634,35.893233137311256],[136.19993076898334,35.892579906387155],[136.1998211519743,35.89257948002417],[136.19979868480172,35.89332890205958]]]}},{"type":"Feature","properties":{"pid":"1d4aaf56-6ecb-49ac-8879-35bac6bcbd7f"},"geometry":{"type":"Polygon","coordinates":[[[136.19886185803588,35.89338341738257],[136.19902018187872,35.893389501864874],[136.19905214920692,35.89257305766127],[136.19888367375222,35.892569630178066],[136.19886185803588,35.89338341738257]]]}},{"type":"Feature","properties":{"pid":"bc8cfdcb-1008-49b4-8eea-bbf331464faa"},"geometry":{"type":"Polygon","coordinates":[[[136.19852647912413,35.89333845939058],[136.19853739016477,35.89337354665338],[136.1987361322599,35.89338082652743],[136.19875958997451,35.892567821877115],[136.198549001484,35.89256515212034],[136.19852647912413,35.89333845939058]]]}},{"type":"Feature","properties":{"pid":"da92515e-1554-4896-8a27-c37a9c592b1f"},"geometry":{"type":"Polygon","coordinates":[[[136.1984146720918,35.89298400592375],[136.19842518712045,35.89256013513183],[136.19826939083595,35.89255659822642],[136.1984146720918,35.89298400592375]]]}},{"type":"Feature","properties":{"pid":"397fc832-c50d-423a-b692-99f9040a5ee8"},"geometry":{"type":"Polygon","coordinates":[[[136.19787293751213,35.893355582774845],[136.19789103994253,35.893370488656544],[136.19804494226466,35.89337151663144],[136.19802983260664,35.893267836754475],[136.19811816151216,35.89321671819203],[136.1979629189148,35.892567766750325],[136.1978971546982,35.89256823998279],[136.19787293751213,35.893355582774845]]]}},{"type":"Feature","properties":{"pid":"f8906b3d-ecc0-476b-b733-aa24387e2103"},"geometry":{"type":"Polygon","coordinates":[[[136.19710000762788,35.89252956739197],[136.19689124290534,35.89252890214343],[136.19686939772757,35.89334301568171],[136.19707992708115,35.893348711121035],[136.19710000762788,35.89252956739197]]]}},{"type":"Feature","properties":{"pid":"a0cde199-b234-48bd-b9f4-a9ef8d84b6ef"},"geometry":{"type":"Polygon","coordinates":[[[136.19676923065995,35.892526982960426],[136.19655821122578,35.89252026241189],[136.19653132213944,35.89333814773047],[136.1967490990511,35.89334084706825],[136.19676923065995,35.892526982960426]]]}},{"type":"Feature","properties":{"pid":"388df5c8-a3cd-4d04-94c4-c1d6dc12580f"},"geometry":{"type":"Polygon","coordinates":[[[136.197759641192,35.89256175766483],[136.1972425010404,35.89256420829433],[136.1972129257204,35.893351034060046],[136.1977367274774,35.89336163367591],[136.197759641192,35.89256175766483]]]}},{"type":"Feature","properties":{"pid":"5200bda1-c269-4d5d-9e38-e1d5439585c2"},"geometry":{"type":"Polygon","coordinates":[[[136.19771006146559,35.89433541527561],[136.1977318271168,35.89352243624724],[136.1975249742756,35.893522776258834],[136.1975014315472,35.89433073705617],[136.19771006146559,35.89433541527561]]]}},{"type":"Feature","properties":{"pid":"cd34264f-396e-4a69-9eb8-71beaeca027a"},"geometry":{"type":"Polygon","coordinates":[[[136.1973830884338,35.89432906857702],[136.19740662675068,35.89351830367173],[136.19719231690502,35.89351257201315],[136.19717052772103,35.8943273970339],[136.1973830884338,35.89432906857702]]]}},{"type":"Feature","properties":{"pid":"2d0af2aa-3b5d-48e5-87fb-5c9b75762bb2"},"geometry":{"type":"Polygon","coordinates":[[[136.19705229384556,35.89432268423899],[136.1970758144964,35.89351114136152],[136.19686497885118,35.89350543193371],[136.19683807191893,35.894317964420594],[136.19705229384556,35.89432268423899]]]}},{"type":"Feature","properties":{"pid":"b60749ff-c80d-46c1-a366-47f9f3822e93"},"geometry":{"type":"Polygon","coordinates":[[[136.19674480059516,35.89350400843393],[136.19653047137956,35.893498275114965],[136.1965052655152,35.894310824787155],[136.19671787723297,35.8943155339434],[136.19674480059516,35.89350400843393]]]}},{"type":"Feature","properties":{"pid":"dece2420-4467-4be2-b61f-4181d662ff7e"},"geometry":{"type":"Polygon","coordinates":[[[136.1963831146275,35.89431650516285],[136.19640659572218,35.893493039510986],[136.19619617832177,35.893490362226615],[136.1961760265164,35.894307816907485],[136.1963831146275,35.89431650516285]]]}},{"type":"Feature","properties":{"pid":"d75049b1-070e-4f46-88e3-317e9e395852"},"geometry":{"type":"Polygon","coordinates":[[[136.1960521484817,35.89430457679725],[136.19607397640772,35.89348689877532],[136.1958632675078,35.89348220158375],[136.1958397462592,35.894300884088906],[136.1960521484817,35.89430457679725]]]}},{"type":"Feature","properties":{"pid":"215f4916-38c7-49ef-8d82-a92360dbea80"},"geometry":{"type":"Polygon","coordinates":[[[136.195666697226,35.8942934422415],[136.19569261309917,35.89347054081111],[136.19547180974553,35.893472025046236],[136.1954448492589,35.894291753936656],[136.195666697226,35.8942934422415]]]}},{"type":"Feature","properties":{"pid":"68bf76ca-cb05-47e9-883e-c491a62ea6b0"},"geometry":{"type":"Polygon","coordinates":[[[136.19547445218046,35.893313494442545],[136.19568919141966,35.89332126934564],[136.19571948150124,35.89250823192375],[136.1954997211199,35.892505523565816],[136.19547445218046,35.893313494442545]]]}},{"type":"Feature","properties":{"pid":"ac220384-3e78-4d3c-a953-e49123ebdfdf"},"geometry":{"type":"Polygon","coordinates":[[[136.19586780693828,35.89332387511123],[136.19607422939862,35.893326537445795],[136.1960943406805,35.89251834711173],[136.19589472678715,35.892515701357155],[136.19586780693828,35.89332387511123]]]}},{"type":"Feature","properties":{"pid":"e54e7c10-15d1-4ca7-937c-9c955e916250"},"geometry":{"type":"Polygon","coordinates":[[[136.19620000331653,35.89332901472078],[136.1964056310678,35.893335694185744],[136.19643591179403,35.892516816199766],[136.19621845531162,35.892516152416725],[136.19620000331653,35.89332901472078]]]}},{"type":"Feature","properties":{"pid":"a4aa9684-e9b7-4da1-bf36-b16b064af9b2"},"geometry":{"type":"Polygon","coordinates":[[[136.19537561843336,35.89250388353697],[136.19516739263557,35.892500215234975],[136.19514897271094,35.89330813993086],[136.19534868660634,35.893310787624],[136.19537561843336,35.89250388353697]]]}},{"type":"Feature","properties":{"pid":"d020cb7a-9c55-4257-b6a2-9d961f9a9f25"},"geometry":{"type":"Polygon","coordinates":[[[136.19481446069054,35.89330404476193],[136.1950233601207,35.89330672307043],[136.195046925161,35.89249698648344],[136.19483454766595,35.89248823572459],[136.19481446069054,35.89330404476193]]]}},{"type":"Feature","properties":{"pid":"a5db3ac4-2805-4e7a-9a90-a323c1c196f0"},"geometry":{"type":"Polygon","coordinates":[[[136.1944803048932,35.89329486807636],[136.19469246419067,35.89330159313893],[136.1947142550816,35.892485774797905],[136.19450899843602,35.892485105078734],[136.1944803048932,35.89329486807636]]]}},{"type":"Feature","properties":{"pid":"dca161a6-0d92-469c-b10b-b59fada7ba3b"},"geometry":{"type":"Polygon","coordinates":[[[136.19414903238027,35.89328847026867],[136.19435784465446,35.89329215070673],[136.19437968507648,35.89248218030498],[136.19416916752766,35.892477478804786],[136.19414903238027,35.89328847026867]]]}},{"type":"Feature","properties":{"pid":"4cf47dea-12f4-48c4-9ff9-7f3116d5c873"},"geometry":{"type":"Polygon","coordinates":[[[136.1931958019129,35.8924601245289],[136.19317904663794,35.89325349729686],[136.19336150849597,35.893257996903586],[136.19338162791234,35.892462714818215],[136.1931958019129,35.8924601245289]]]}},{"type":"Feature","properties":{"pid":"16248269-78a4-43cb-945b-8e10c6c7cb9a"},"geometry":{"type":"Polygon","coordinates":[[[136.19285792187938,35.892455987663254],[136.19284966746085,35.893253111344805],[136.19305514171145,35.893254787388386],[136.19307359286256,35.892458678395734],[136.19285792187938,35.892455987663254]]]}},{"type":"Feature","properties":{"pid":"7983511e-dcd9-459e-b2d0-6ba731e31207"},"geometry":{"type":"Polygon","coordinates":[[[136.19357931276392,35.89317957340634],[136.19363060562472,35.89311566769107],[136.1936994054486,35.89310878778581],[136.19371441609857,35.892466571634564],[136.19351103855394,35.89246291554378],[136.19348575403097,35.893276693479436],[136.19357955764374,35.89328004205018],[136.19357931276392,35.89317957340634]]]}},{"type":"Feature","properties":{"pid":"863e045c-d484-4303-96c7-c16781215af6"},"geometry":{"type":"Polygon","coordinates":[[[136.19381845607106,35.89328726054566],[136.1938398268553,35.89328697710479],[136.19386166716038,35.89246964596315],[136.193842003266,35.8924699101042],[136.19381845607106,35.89328726054566]]]}},{"type":"Feature","properties":{"pid":"b7f6340c-6330-4dc8-a416-9285004a2701"},"geometry":{"type":"Polygon","coordinates":[[[136.19396370017796,35.89328667234085],[136.19401963445685,35.893287100049335],[136.1940448889629,35.892473832780524],[136.19398211812896,35.89247282111093],[136.19396370017796,35.89328667234085]]]}},{"type":"Feature","properties":{"pid":"e92a458d-a923-4a49-a091-efbb258cb550"},"geometry":{"type":"Polygon","coordinates":[[[136.19299927827765,35.89425306531389],[136.19302279664632,35.89344299563098],[136.19283331290342,35.89344006565757],[136.1927911459359,35.89424538459695],[136.19299927827765,35.89425306531389]]]}},{"type":"Feature","properties":{"pid":"67f4cafb-b82d-4625-9521-788d51cb64ec"},"geometry":{"type":"Polygon","coordinates":[[[136.19334290608373,35.89425541556321],[136.1933596569661,35.89344723471219],[136.1931448160888,35.8934445309167],[136.19311957249295,35.89425269487889],[136.19334290608373,35.89425541556321]]]}},{"type":"Feature","properties":{"pid":"5df6aa20-a894-4fbb-8f07-d8dfe21a5ec1"},"geometry":{"type":"Polygon","coordinates":[[[136.1936590369051,35.89425566302231],[136.19368426979378,35.89344470915463],[136.19347980926125,35.89344603175597],[136.19346135946145,35.89425598187352],[136.1936590369051,35.89425566302231]]]}},{"type":"Feature","properties":{"pid":"b87be4d5-6413-4ada-9a80-dd8bde0549ac"},"geometry":{"type":"Polygon","coordinates":[[[136.19398456146766,35.89425360539873],[136.19401662150892,35.893452290191306],[136.19381389912385,35.8934496363503],[136.19378698884347,35.894253924081575],[136.19398456146766,35.89425360539873]]]}},{"type":"Feature","properties":{"pid":"568e0b3e-2e1e-4e1b-9a36-19c6b404108b"},"geometry":{"type":"Polygon","coordinates":[[[136.19432838277768,35.89426074478149],[136.19435199148518,35.89355366420001],[136.194239601058,35.89356305397305],[136.19421215008583,35.8935364711497],[136.19419110347258,35.89345501911999],[136.194137132155,35.89345402342035],[136.19411018835183,35.89425497448892],[136.19432838277768,35.89426074478149]]]}},{"type":"Feature","properties":{"pid":"8afe3ff8-ed76-4cc2-a522-2d8003696fd8"},"geometry":{"type":"Polygon","coordinates":[[[136.1946644825633,35.89426992040713],[136.19468461730406,35.89346481672437],[136.19447392320262,35.89346112225982],[136.19445208289545,35.89426621986985],[136.1946644825633,35.89426992040713]]]}},{"type":"Feature","properties":{"pid":"1dcf38a8-df21-4bba-8795-6f40a3cd8d70"},"geometry":{"type":"MultiPolygon","coordinates":[[[[136.1948029065725,35.893688920920184],[136.1947867115821,35.89427505227635],[136.19499194210465,35.89427916214331],[136.19500993296182,35.89378404297908],[136.1948466924104,35.89379244050554],[136.1948233216786,35.893767820353524],[136.1948029065725,35.893688920920184]]],[[[136.19480500003175,35.89361315384475],[136.19483807506035,35.8935976220909],[136.19501727145473,35.89358208217794],[136.195021415813,35.89346802606999],[136.19480906497452,35.893466034073704],[136.19480500003175,35.89361315384475]]]]}},{"type":"Feature","properties":{"pid":"8b603b7d-6a04-42aa-a16b-0f67de6c5640"},"geometry":{"type":"Polygon","coordinates":[[[136.1953155596821,35.89428981095049],[136.19534927002687,35.89347040512011],[136.19514294511316,35.893468743284636],[136.19511768120637,35.89428420556722],[136.1953155596821,35.89428981095049]]]}},{"type":"Feature","properties":{"pid":"a2adf3f1-f4bf-4331-828f-5d55ad4996ba"},"geometry":{"type":"Polygon","coordinates":[[[136.19408971881782,35.89521480291347],[136.19430593461271,35.89522055526386],[136.19432947358138,35.89440031527025],[136.19411497100845,35.89439558991887],[136.19408971881782,35.89521480291347]]]}},{"type":"Feature","properties":{"pid":"5838721c-7048-4d59-b070-49cfdbaa84bd"},"geometry":{"type":"Polygon","coordinates":[[[136.19443505152682,35.89522035497142],[136.19462726733994,35.89522004356751],[136.19465085022463,35.894408707203226],[136.194448349469,35.89440307906706],[136.19443505152682,35.89522035497142]]]}},{"type":"Feature","properties":{"pid":"f2b2b596-8578-44c7-9db0-ce946402f3e2"},"geometry":{"type":"Polygon","coordinates":[[[136.19496858293243,35.89523021742943],[136.19497862320225,35.89442003209869],[136.1947804672394,35.89441837679189],[136.19475591329123,35.89522438299787],[136.19496858293243,35.89523021742943]]]}},{"type":"Feature","properties":{"pid":"b9082ffa-d647-40df-9baf-5cf3b1933a29"},"geometry":{"type":"Polygon","coordinates":[[[136.1953181577449,35.894422021943825],[136.19511151771397,35.89441835876177],[136.1950913713828,35.8952301553225],[136.1952946415991,35.89523580348403],[136.1953181577449,35.894422021943825]]]}},{"type":"Feature","properties":{"pid":"7e4299e4-bb82-49d3-b601-8eb5e21c606e"},"geometry":{"type":"Polygon","coordinates":[[[136.19506057680928,35.89596452951906],[136.19528085635378,35.89596914263526],[136.19529182694777,35.895698890059535],[136.1952582221458,35.8955734957829],[136.19529336137322,35.89553428679708],[136.19529767046478,35.89540648055842],[136.19508300414543,35.895402765666276],[136.19506057680928,35.89596452951906]]]}},{"type":"Feature","properties":{"pid":"56d14687-56fa-4fed-a970-d88413677fed"},"geometry":{"type":"Polygon","coordinates":[[[136.19473763763187,35.895957767190204],[136.19493401546086,35.89596187941484],[136.1949552996198,35.89538765131328],[136.1948794612653,35.895387171494946],[136.19488423862774,35.89544873441463],[136.1948707703176,35.895473065511084],[136.194752973749,35.89549789683401],[136.19473763763187,35.895957767190204]]]}},{"type":"Feature","properties":{"pid":"ad7cb5fd-8295-400c-adf2-8b75dde77fbc"},"geometry":{"type":"Polygon","coordinates":[[[136.19439785190835,35.8959506521634],[136.19460987134082,35.895955091803906],[136.1946214765853,35.89538937281324],[136.19441426970266,35.89538669790672],[136.19439785190835,35.8959506521634]]]}},{"type":"Feature","properties":{"pid":"9aeae29c-6fce-453c-9a06-395aeb126267"},"geometry":{"type":"Polygon","coordinates":[[[136.19406712920232,35.8959437261332],[136.19427194645084,35.895948014883345],[136.1942883637757,35.895382224272076],[136.19407994539964,35.895379550236136],[136.19406712920232,35.8959437261332]]]}},{"type":"Feature","properties":{"pid":"f2efd190-9f65-4ea3-acc6-a392c6c0c1d1"},"geometry":{"type":"Polygon","coordinates":[[[136.19373498406173,35.89593677037485],[136.19394313103606,35.89594112966456],[136.19395594458317,35.89537633703792],[136.19374901948993,35.895372665591225],[136.19373498406173,35.89593677037485]]]}},{"type":"Feature","properties":{"pid":"1ab2b9d9-9ca0-43aa-adc7-ef45ed3dd224"},"geometry":{"type":"Polygon","coordinates":[[[136.19340411874322,35.895929841583985],[136.19360910134208,35.89593413467729],[136.19362310423668,35.895370266368985],[136.19342171548746,35.895370591131105],[136.19340411874322,35.895929841583985]]]}},{"type":"Feature","properties":{"pid":"dba6e9d6-97b4-4e09-93fb-50f6ea38e471"},"geometry":{"type":"Polygon","coordinates":[[[136.1930762886562,35.89592297650012],[136.19327890657476,35.895927219149826],[136.19329360226277,35.895386571635505],[136.19309113134716,35.895401464694004],[136.1930762886562,35.89592297650012]]]}},{"type":"Feature","properties":{"pid":"a4ddcc56-7666-4cbf-8ff1-eb897412d65b"},"geometry":{"type":"Polygon","coordinates":[[[136.19274173478442,35.895915970503154],[136.1929504624085,35.895920341490694],[136.19296869007746,35.895400744776936],[136.19275647615888,35.89539603858643],[136.19274173478442,35.895915970503154]]]}},{"type":"Feature","properties":{"pid":"00a4264c-5c19-43bc-b436-91a9381726db"},"geometry":{"type":"Polygon","coordinates":[[[136.1926428619908,35.89503003356165],[136.192665546847,35.895059213824354],[136.19266421394542,35.89513675933482],[136.19297671158063,35.895143068844035],[136.19299682548808,35.89437532498303],[136.192664928568,35.894371239589866],[136.1926428619908,35.89503003356165]]]}},{"type":"Feature","properties":{"pid":"f2e5c6c6-9f23-47bf-9e48-bd8bd8aeed21"},"geometry":{"type":"Polygon","coordinates":[[[136.19310089796878,35.89514961267319],[136.1932403311442,35.895152430239115],[136.19330646287875,35.895182640115074],[136.19333115612042,35.8943671749318],[136.1931244731711,35.89437051115007],[136.19310089796878,35.89514961267319]]]}},{"type":"Feature","properties":{"pid":"c5e4d978-7c0e-458e-aad1-b468a201638b"},"geometry":{"type":"Polygon","coordinates":[[[136.19343359690984,35.895212742644546],[136.1936325237534,35.89521242180642],[136.19364927955635,35.89437854503369],[136.19345542371607,35.89437493607547],[136.19343359690984,35.895212742644546]]]}},{"type":"Feature","properties":{"pid":"feb2f8b3-fb54-4707-8eb0-62bebeb30abe"},"geometry":{"type":"Polygon","coordinates":[[[136.193886692824,35.89438897722726],[136.1938699760025,35.89521328508208],[136.19396565559072,35.89521527332954],[136.19398921762797,35.894392501888674],[136.193886692824,35.89438897722726]]]}},{"type":"Feature","properties":{"pid":"535a58cc-be8e-45b5-bad5-fa7d83a580fd"},"geometry":{"type":"Polygon","coordinates":[[[136.19016981854347,35.89512649031258],[136.19019227080602,35.89514304177805],[136.19055218809098,35.89514925454365],[136.19055919654843,35.894937216496224],[136.19050525662956,35.89496930584123],[136.19025948693778,35.895052799614994],[136.19016981854347,35.89512649031258]]]}},{"type":"Feature","properties":{"pid":"cb037353-477f-40b8-a884-d62b3fae8d1e"},"geometry":{"type":"Polygon","coordinates":[[[136.19080648650828,35.89448953364274],[136.19079296376285,35.89454334242507],[136.1911325766783,35.89454885585996],[136.19113506224417,35.89448835910713],[136.19080648650828,35.89448953364274]]]}},{"type":"Feature","properties":{"pid":"031e3cf1-40ba-4c13-9a2b-0dea0bf07c45"},"geometry":{"type":"Polygon","coordinates":[[[136.1912281112077,35.89373804478195],[136.19131525968822,35.893746719174],[136.19134780909874,35.89360501961069],[136.1912281112077,35.89373804478195]]]}},{"type":"Feature","properties":{"pid":"74106a14-a206-43a2-bcf0-d09b05a54697"},"geometry":{"type":"Polygon","coordinates":[[[136.1915516205159,35.89421098887396],[136.19131626859578,35.89419539718342],[136.19127762306155,35.894172829632694],[136.19130318304752,35.89384682700487],[136.1912699218941,35.89384301362455],[136.19123379892127,35.89390253743156],[136.1912067615807,35.89391820676457],[136.19109685431414,35.89389958776498],[136.19100222665122,35.8940641422154],[136.19098605721837,35.89417029630019],[136.1912044351754,35.89417214274376],[136.19130860100188,35.89421032452505],[136.1915516205159,35.89421098887396]]]}},{"type":"Feature","properties":{"pid":"4f3424b2-8de4-443a-be9c-e76f5c9e6eaf"},"geometry":{"type":"Polygon","coordinates":[[[136.1914853027236,35.89341956249515],[136.19152148022897,35.893481870171335],[136.19149637116135,35.893639581520716],[136.19171527446937,35.89367338887287],[136.19174055311123,35.89370688843137],[136.1917256879641,35.89383506230377],[136.19184152517687,35.893834145728626],[136.19185379090922,35.89342279502613],[136.1914853027236,35.89341956249515]]]}},{"type":"Feature","properties":{"pid":"b2b8a3c7-e2c3-4f78-8432-e66a28dbcfdd"},"geometry":{"type":"Polygon","coordinates":[[[136.19216546814187,35.89372072748953],[136.19217051804134,35.893491855609575],[136.19210246892206,35.89343375154641],[136.19200021926883,35.893435580562524],[136.1919899756349,35.893715653726815],[136.19216546814187,35.89372072748953]]]}},{"type":"Feature","properties":{"pid":"e4763b83-9951-46bb-b016-5f3a96467166"},"geometry":{"type":"Polygon","coordinates":[[[136.1916910109627,35.89313527425341],[136.19168534020335,35.89316329807584],[136.19182541927185,35.89316590033348],[136.191872510054,35.89313807459272],[136.19205722582274,35.89314155086396],[136.19205800406004,35.893068535543044],[136.19177567989018,35.89305450264129],[136.1916910109627,35.89313527425341]]]}},{"type":"Feature","properties":{"pid":"2855a682-05f7-4db1-ac0e-ef491fd71f6c"},"geometry":{"type":"Polygon","coordinates":[[[136.19272273614254,35.893161418722784],[136.1927336762885,35.892454719755555],[136.19271971213072,35.892454569551724],[136.1927092728307,35.89314968282565],[136.19272273614254,35.893161418722784]]]}},{"type":"Feature","properties":{"pid":"7501580c-5947-41b4-ad8b-39d5e5787085"},"geometry":{"type":"Polygon","coordinates":[[[136.18991453495607,35.89571587216519],[136.18992765885528,35.89574661340793],[136.18991760948163,35.895969241745206],[136.18999620074058,35.895976957791305],[136.19000865213826,35.895415547374405],[136.18992659951667,35.89541179223549],[136.18991453495607,35.89571587216519]]]}},{"type":"Feature","properties":{"pid":"918330e3-9647-43a5-98e9-acfa1af771a1"},"geometry":{"type":"Polygon","coordinates":[[[136.18969965008333,35.89555841604268],[136.18970189139196,35.895685782326254],[136.1897986807681,35.89569377413093],[136.18980553696233,35.8954685936309],[136.18969965008333,35.89555841604268]]]}},{"type":"Feature","properties":{"pid":"1ff8e885-ad22-42b4-bf1a-5ceeba007fbc"},"geometry":{"type":"Polygon","coordinates":[[[136.18934020333035,35.89565831153386],[136.18930281750175,35.89562800981898],[136.18914882589783,35.895568988173196],[136.1891110704321,35.89570070729809],[136.18921908996182,35.89574221995872],[136.18922953852538,35.89586852643889],[136.18930491931664,35.89587460352387],[136.18934020333035,35.89565831153386]]]}},{"type":"Feature","properties":{"pid":"6874033e-9a49-49e8-b7dd-0c2dfa559daf"},"geometry":{"type":"Polygon","coordinates":[[[136.1864322843749,35.89646587311369],[136.18644502106812,35.89650904721987],[136.18653452839442,35.8965994011286],[136.1865741168166,35.89662145916677],[136.18664047873213,35.89662507776494],[136.18652195620805,35.89645734558816],[136.1864322843749,35.89646587311369]]]}},{"type":"Feature","properties":{"pid":"6c9bcb3c-b082-40be-b684-00f11cdbe978"},"geometry":{"type":"Polygon","coordinates":[[[136.18673038022567,35.896438922966404],[136.18668167251798,35.8964413581644],[136.1867773172181,35.89658153421262],[136.18681845508323,35.89657156073534],[136.18673038022567,35.896438922966404]]]}},{"type":"Feature","properties":{"pid":"de794d82-01d3-4ccc-bece-fd4ee3dce085"},"geometry":{"type":"Polygon","coordinates":[[[136.1869790138236,35.89635109562086],[136.1870057471998,35.89618697190435],[136.18686775262634,35.896177474903105],[136.1868415022047,35.89633672098854],[136.1869790138236,35.89635109562086]]]}},{"type":"Feature","properties":{"pid":"345142b0-7b9b-4c27-a788-6e380a13fdb7"},"geometry":{"type":"Polygon","coordinates":[[[136.18668503454296,35.896314239613105],[136.18671152667315,35.896166559596544],[136.1864959232947,35.89615520335755],[136.1864467644718,35.89633344596839],[136.18668503454296,35.896314239613105]]]}},{"type":"Feature","properties":{"pid":"f864e231-3954-44c2-85cc-d4577b7f8da0"},"geometry":{"type":"Polygon","coordinates":[[[136.18727879339193,35.89605184437369],[136.187303965661,35.89612114375069],[136.18737651647018,35.89613177894758],[136.18735095793397,35.8960414404436],[136.18727879339193,35.89605184437369]]]}},{"type":"Feature","properties":{"pid":"097f3315-898b-4c96-a45e-0477201730b5"},"geometry":{"type":"Polygon","coordinates":[[[136.18872031563586,35.89672933276641],[136.18872181235602,35.896911775748784],[136.18880535215482,35.89692443004051],[136.18881188090555,35.8967638364644],[136.18875022842252,35.8967525395914],[136.18872031563586,35.89672933276641]]]}},{"type":"Feature","properties":{"pid":"c62343ea-dc3f-4512-88f7-cf0debfa3c6a"},"geometry":{"type":"Polygon","coordinates":[[[136.18859837556144,35.89689548023485],[136.18858425064317,35.89654437858304],[136.18845007614033,35.8965551026331],[136.18848902991257,35.89688066618968],[136.18859837556144,35.89689548023485]]]}},{"type":"Feature","properties":{"pid":"5b0f33c6-296a-47c2-b48f-95a7af67d48a"},"geometry":{"type":"Polygon","coordinates":[[[136.18835109433428,35.896768068261245],[136.18832944361992,35.89657409898195],[136.188254264988,35.896578285525756],[136.18830860784618,35.89676769664979],[136.18835109433428,35.896768068261245]]]}},{"type":"Feature","properties":{"pid":"09e5a168-0026-4e23-9f56-df4299064283"},"geometry":{"type":"Polygon","coordinates":[[[136.19010202485543,35.89676301879145],[136.19010799957917,35.89651882883906],[136.18989834640092,35.896518206952656],[136.18989499903734,35.89676334627458],[136.19010202485543,35.89676301879145]]]}},{"type":"Feature","properties":{"pid":"f71d9aa5-a707-489a-a467-1bba05d462ea"},"geometry":{"type":"Polygon","coordinates":[[[136.18959051472655,35.89728059673152],[136.18956690234813,35.89718775068441],[136.1894800590934,35.897187226527166],[136.18948956171937,35.8972881619373],[136.18959051472655,35.89728059673152]]]}},{"type":"Feature","properties":{"pid":"d0e509e5-a4ef-4bdd-a37c-ed6a2f7e1139"},"geometry":{"type":"Polygon","coordinates":[[[136.19007903196047,35.89754736040648],[136.1900912314793,35.89720493853149],[136.18970614040023,35.897196719803674],[136.18978161854113,35.89752260273888],[136.18987739299484,35.89750916305011],[136.1899050645356,35.8975287765264],[136.18991899249062,35.89756947854848],[136.19007903196047,35.89754736040648]]]}},{"type":"Feature","properties":{"pid":"89937d94-4910-4580-8a48-3d6fa3bd4c87"},"geometry":{"type":"Polygon","coordinates":[[[136.19007252955817,35.89803996552878],[136.19008028813158,35.897648454284365],[136.19005930233095,35.897650593727505],[136.19004107365734,35.89801572331751],[136.1900514089386,35.89804134280361],[136.19007252955817,35.89803996552878]]]}},{"type":"Feature","properties":{"pid":"c2475480-edd8-46b7-a24d-25396194022a"},"geometry":{"type":"Polygon","coordinates":[[[136.1886759524455,35.89799392484113],[136.1886506298191,35.89787930049675],[136.18858357684138,35.89788920607806],[136.18863128010193,35.89800490750897],[136.1886759524455,35.89799392484113]]]}},{"type":"Feature","properties":{"pid":"329ac37d-95ba-4cfd-9861-c9791725e77e"},"geometry":{"type":"Polygon","coordinates":[[[136.1877759646516,35.90465037161572],[136.18827300887838,35.904689000629176],[136.18777621843356,35.904636582228456],[136.1877759646516,35.90465037161572]]]}},{"type":"Feature","properties":{"pid":"35aae12c-af61-4dd3-9cfc-ef9e6832782c"},"geometry":{"type":"Polygon","coordinates":[[[136.18911227193334,35.90567008632352],[136.18918893653662,35.90567661735061],[136.18916726824557,35.905561301008014],[136.18907920564106,35.90554240824868],[136.18911227193334,35.90567008632352]]]}},{"type":"Feature","properties":{"pid":"57588be9-87ad-4eeb-be3f-0a2e7b1fc073"},"geometry":{"type":"Polygon","coordinates":[[[136.18897953723928,35.905654484448135],[136.18895136940208,35.90554398130788],[136.1889245439058,35.90554005660592],[136.1889059316813,35.90564950363675],[136.18897953723928,35.905654484448135]]]}},{"type":"Feature","properties":{"pid":"4ab3d9a6-3d22-4edb-809f-d0b28a8072b1"},"geometry":{"type":"Polygon","coordinates":[[[136.18876610125952,35.90574230507548],[136.1882724086352,35.90570802901086],[136.188263289404,35.90577369288913],[136.18875965605218,35.90581066879004],[136.18876610125952,35.90574230507548]]]}},{"type":"Feature","properties":{"pid":"273ad87c-f4dd-4517-acff-9d047f7e8b57"},"geometry":{"type":"Polygon","coordinates":[[[136.18874417463135,35.9059097238768],[136.18825086960865,35.90587548220863],[136.18823953071052,35.905956543783354],[136.18873439760452,35.906003720711865],[136.18874417463135,35.9059097238768]]]}},{"type":"Feature","properties":{"pid":"2a855956-9460-4154-a8f9-03876aabebb3"},"geometry":{"type":"Polygon","coordinates":[[[136.18885118630664,35.90616390803916],[136.1890042011342,35.906173786127304],[136.18899247161653,35.90576517430833],[136.18888961216877,35.90575740719297],[136.18885118630664,35.90616390803916]]]}},{"type":"Feature","properties":{"pid":"b45161c0-606b-4702-9506-2e82a6e4c475"},"geometry":{"type":"Polygon","coordinates":[[[136.1888049371577,35.90650220294858],[136.1890043302364,35.906514195555644],[136.18899425715384,35.90627685421001],[136.18883289893907,35.90626626054891],[136.1888049371577,35.90650220294858]]]}},{"type":"Feature","properties":{"pid":"d39eab27-7b49-4579-9429-82a5738e3f0d"},"geometry":{"type":"Polygon","coordinates":[[[136.18866695480133,35.90650740055571],[136.188678022914,35.90642447308944],[136.18818977829713,35.90638076774094],[136.18818070501266,35.90645581624003],[136.18866695480133,35.90650740055571]]]}},{"type":"Feature","properties":{"pid":"9cbeea8a-5d70-4901-904e-5fea0eea90c6"},"geometry":{"type":"Polygon","coordinates":[[[136.18820102564203,35.90628544118597],[136.18869146240903,35.90632926850792],[136.18870027159096,35.90625993815998],[136.18820876570226,35.90622000257216],[136.18820102564203,35.90628544118597]]]}},{"type":"Feature","properties":{"pid":"0c5ba50c-3251-4de8-b156-92407395f800"},"geometry":{"type":"Polygon","coordinates":[[[136.18872241100894,35.90609950040904],[136.1882291958616,35.90605796408442],[136.18822040285525,35.90611979472998],[136.1887154232063,35.906161176401646],[136.18872241100894,35.90609950040904]]]}},{"type":"Feature","properties":{"pid":"11345e36-353d-4980-af2f-5d64daadb0a3"},"geometry":{"type":"Polygon","coordinates":[[[136.18755284643134,35.906395163347945],[136.18805131382186,35.90643756856535],[136.18807336858944,35.90619852103901],[136.18758409664233,35.90615700628518],[136.18755284643134,35.906395163347945]]]}},{"type":"Feature","properties":{"pid":"88208442-1e80-4449-9378-5452e8795d6d"},"geometry":{"type":"Polygon","coordinates":[[[136.18808803278836,35.90609988109487],[136.1881209183045,35.90586008369237],[136.18762711321378,35.90582011419217],[136.18759584231515,35.90605842791372],[136.18808803278836,35.90609988109487]]]}},{"type":"Feature","properties":{"pid":"df38deed-4986-4c82-abee-133c5c920db6"},"geometry":{"type":"Polygon","coordinates":[[[136.18813527427517,35.90576319175404],[136.18814473586525,35.905692675300365],[136.18764745137918,35.90565271174331],[136.1876400040443,35.90572164024875],[136.18813527427517,35.90576319175404]]]}},{"type":"Feature","properties":{"pid":"2e1361d0-4163-40af-8373-e870de63cf69"},"geometry":{"type":"Polygon","coordinates":[[[136.18817688057734,35.90546608715922],[136.18767829571007,35.905423103632955],[136.1876606601689,35.90554924788761],[136.18815918476858,35.90559368762055],[136.18817688057734,35.90546608715922]]]}},{"type":"Feature","properties":{"pid":"35f4966a-7705-4325-9a6b-2cded4030734"},"geometry":{"type":"Polygon","coordinates":[[[136.18768942237816,35.905325794549135],[136.18818882683757,35.90536592853236],[136.18819008625024,35.90535038368209],[136.18769055201096,35.90530602430272],[136.18768942237816,35.905325794549135]]]}},{"type":"Feature","properties":{"pid":"3ac11d28-be03-4c30-a5fe-56be0b43310a"},"geometry":{"type":"Polygon","coordinates":[[[136.1886720323038,35.90540496230616],[136.18857251701246,35.905362808017536],[136.18832659348254,35.90534629140886],[136.18832318243673,35.90537212933329],[136.1886720323038,35.90540496230616]]]}},{"type":"Feature","properties":{"pid":"d10ab37f-ab96-410a-85ae-452b2aab20e6"},"geometry":{"type":"Polygon","coordinates":[[[136.1882880933047,35.9056060615269],[136.18877756979438,35.905641754090645],[136.18879770741992,35.90551811363605],[136.18830341504787,35.90547243823374],[136.1882880933047,35.9056060615269]]]}},{"type":"Feature","properties":{"pid":"c061f72b-6f8d-4ca2-a256-674a6080e106"},"geometry":{"type":"Polygon","coordinates":[[[136.18834338085833,35.90524449551371],[136.18844799387443,35.90525206666795],[136.18841104329454,35.905123545708044],[136.18836101795043,35.90512362405527],[136.18834338085833,35.90524449551371]]]}},{"type":"Feature","properties":{"pid":"9d725f42-6e72-4abb-a0a7-d73fe153b1b2"},"geometry":{"type":"Polygon","coordinates":[[[136.18837242111147,35.90502277784413],[136.1884190067229,35.90502270483874],[136.18843250394033,35.90490761956609],[136.1883855779403,35.90490451124947],[136.18837242111147,35.90502277784413]]]}},{"type":"Feature","properties":{"pid":"209722af-7ecd-4d0f-baf6-adfdd8de70f6"},"geometry":{"type":"Polygon","coordinates":[[[136.18825445627883,35.90488962050662],[136.18775035030953,35.904852466286016],[136.18771994112407,35.90511562964955],[136.18821912852738,35.905154283478325],[136.18825445627883,35.90488962050662]]]}},{"type":"Feature","properties":{"pid":"a9df3a1d-7be4-49b6-be9c-b2f2130defe2"},"geometry":{"type":"Polygon","coordinates":[[[136.18762282872538,35.90485173696621],[136.18762402585273,35.904836941928345],[136.1871301254599,35.90479681366836],[136.18712858118997,35.90480896893494],[136.18762282872538,35.90485173696621]]]}},{"type":"Feature","properties":{"pid":"72258c2b-42fe-4a16-bf9f-a2c1ccaa4159"},"geometry":{"type":"Polygon","coordinates":[[[136.18692071508266,35.90489570264766],[136.18645842945244,35.904853324506625],[136.18645427089578,35.90489663774151],[136.18691622894744,35.904935868092814],[136.18692071508266,35.90489570264766]]]}},{"type":"Feature","properties":{"pid":"55af0390-f9e0-4269-8840-00c6449d423d"},"geometry":{"type":"Polygon","coordinates":[[[136.18679438490923,35.90505865664715],[136.18679837546927,35.90502959168402],[136.18644425146866,35.90499859107475],[136.18643966055154,35.90503473652214],[136.18679438490923,35.90505865664715]]]}},{"type":"Feature","properties":{"pid":"ee64034d-82cc-4dc5-9c6d-d3d77378abef"},"geometry":{"type":"Polygon","coordinates":[[[136.18641824188532,35.90517079632608],[136.1865849910968,35.90518147009734],[136.18658497003784,35.905150834384855],[136.186422069865,35.90513832791397],[136.18641824188532,35.90517079632608]]]}},{"type":"Feature","properties":{"pid":"717d1b59-3726-460a-87a0-29bbe759d17b"},"geometry":{"type":"Polygon","coordinates":[[[136.18649323557952,35.90527656758195],[136.18639777255316,35.90526926337412],[136.18637781264567,35.905439272391334],[136.1864753617126,35.90544536888688],[136.18649323557952,35.90527656758195]]]}},{"type":"Feature","properties":{"pid":"34e4102c-acb3-49d3-9ed2-b58723181f40"},"geometry":{"type":"Polygon","coordinates":[[[136.18750609922944,35.90570822229143],[136.1875146100908,35.90563760030293],[136.18738146656727,35.905629023193065],[136.1873719881965,35.905699661721876],[136.18750609922944,35.90570822229143]]]}},{"type":"Feature","properties":{"pid":"1d440df2-20e6-4d20-9428-67200a32550c"},"geometry":{"type":"Polygon","coordinates":[[[136.18747865768322,35.90588356046267],[136.18748829642226,35.905810108605685],[136.1870163795036,35.90577752583939],[136.18700433139492,35.905843990095555],[136.18747865768322,35.90588356046267]]]}},{"type":"Feature","properties":{"pid":"028537c0-5c55-47cb-a2a2-933ffa723a2e"},"geometry":{"type":"Polygon","coordinates":[[[136.18742560643065,35.90631360813541],[136.18694557290735,35.90627371347046],[136.18691776039176,35.90650312667004],[136.18740408169833,35.90654583711126],[136.18742560643065,35.90631360813541]]]}},{"type":"Feature","properties":{"pid":"9e7af218-c8db-4601-abb0-6fc83bbf6cd3"},"geometry":{"type":"Polygon","coordinates":[[[136.18743573708403,35.90621478098551],[136.18746686627983,35.9059801760853],[136.18698774251175,35.90593890519008],[136.1869550300683,35.90617353730941],[136.18743573708403,35.90621478098551]]]}},{"type":"Feature","properties":{"pid":"73402489-d76e-41ec-ba28-a97785d9317e"},"geometry":{"type":"Polygon","coordinates":[[[136.18680240659762,35.905745017449334],[136.18681635857016,35.90563681247128],[136.18680135853333,35.90562465286617],[136.1863356154396,35.905586225330474],[136.18632119412098,35.90569901915984],[136.18680240659762,35.905745017449334]]]}},{"type":"Feature","properties":{"pid":"8f2d9d46-bb19-4ca3-a50c-5b05925d147a"},"geometry":{"type":"Polygon","coordinates":[[[136.18574425055053,35.90553603160472],[136.18573246464268,35.90564374049725],[136.18620160813845,35.905688548871524],[136.18621685037755,35.905575703206324],[136.18574425055053,35.90553603160472]]]}},{"type":"Feature","properties":{"pid":"3a3e572a-12d6-4879-9a34-9a2a17961906"},"geometry":{"type":"Polygon","coordinates":[[[136.18583406649913,35.905748479369144],[136.18571994972822,35.90574120326425],[136.18570974390008,35.90584242562365],[136.1858229976949,35.90584970495429],[136.18583406649913,35.905748479369144]]]}},{"type":"Feature","properties":{"pid":"bf0adf2c-2c95-4f30-b522-a4ea2f9eaef5"},"geometry":{"type":"Polygon","coordinates":[[[136.18592730242253,35.90597416197234],[136.1867520541413,35.90604401648145],[136.18676551911958,35.906037140296824],[136.18679087238448,35.905841135430414],[136.18595226393958,35.905757473290606],[136.18592730242253,35.90597416197234]]]}},{"type":"Feature","properties":{"pid":"c37fd94f-f20b-4c81-9882-39f1b44e4d3d"},"geometry":{"type":"Polygon","coordinates":[[[136.18565893425682,35.90622865519579],[136.18602540913457,35.906254822771444],[136.1861203667498,35.906243812140914],[136.18612589528803,35.90619507286714],[136.18611399821899,35.90613934748324],[136.18567742900652,35.9060966653287],[136.18565893425682,35.90622865519579]]]}},{"type":"Feature","properties":{"pid":"714e039f-a5da-4c14-850d-091a45ea12dc"},"geometry":{"type":"Polygon","coordinates":[[[136.18641557154493,35.90422289243512],[136.18601957044058,35.90418259181008],[136.1859088149021,35.904217862995765],[136.1858997856401,35.90429797757833],[136.18640236190228,35.90434926774508],[136.18641557154493,35.90422289243512]]]}},{"type":"Feature","properties":{"pid":"b6154a2a-a046-4262-b27c-8816cbee39ea"},"geometry":{"type":"Polygon","coordinates":[[[136.1865354712388,35.904255034433554],[136.18651485267307,35.90443268081658],[136.18697900878308,35.9044685325039],[136.18697988596568,35.90445656544669],[136.1865354712388,35.904255034433554]]]}},{"type":"Feature","properties":{"pid":"6b2bb0f1-9dee-42ec-8a2d-b144de153641"},"geometry":{"type":"Polygon","coordinates":[[[136.1876432800637,35.90463623035173],[136.1876440573376,35.90462353670159],[136.18715554398315,35.90458645854855],[136.18715480511113,35.90459494282743],[136.1876432800637,35.90463623035173]]]}},{"type":"Feature","properties":{"pid":"9557b134-00a7-413c-a8cd-ab9e80b32f4a"},"geometry":{"type":"Polygon","coordinates":[[[136.1874899379406,35.90412575956105],[136.1875631826378,35.90412465242387],[136.1876479287852,35.904116470284436],[136.18754416240228,35.904057243020326],[136.1874899379406,35.90412575956105]]]}},{"type":"Feature","properties":{"pid":"e195f701-ff1f-4631-810e-35fef56a958e"},"geometry":{"type":"Polygon","coordinates":[[[136.18735167757646,35.904119408992955],[136.18744440373712,35.90400490670846],[136.18740874215368,35.903987188724244],[136.18728970493262,35.904110253188875],[136.18735167757646,35.904119408992955]]]}},{"type":"Feature","properties":{"pid":"15987ab9-ed23-4eaa-848d-33e0f0b207ae"},"geometry":{"type":"Polygon","coordinates":[[[136.17635486567497,35.897535542300005],[136.1759744665122,35.8976229862219],[136.17629562374444,35.89788826582496],[136.1764277269476,35.89791493158553],[136.17650823842442,35.897887918348054],[136.17635486567497,35.897535542300005]]]}},{"type":"Feature","properties":{"pid":"7d42f04b-36c1-4cc0-bda5-10c169f81b35"},"geometry":{"type":"Polygon","coordinates":[[[136.17638292520417,35.89618697371687],[136.17623522872043,35.895788238713315],[136.17605548524355,35.89584283545523],[136.17619325594066,35.896231371475515],[136.17638292520417,35.89618697371687]]]}},{"type":"Feature","properties":{"pid":"598b33d8-76fc-4577-9884-7688a2dcbab6"},"geometry":{"type":"Polygon","coordinates":[[[136.17480348492853,35.89512465180678],[136.17566136127002,35.894965739773006],[136.1756094685817,35.894788465668306],[136.17475304319316,35.89494750900664],[136.17480348492853,35.89512465180678]]]}},{"type":"Feature","properties":{"pid":"e591f44a-21f1-4ba3-964c-af0f304c8f7e"},"geometry":{"type":"Polygon","coordinates":[[[136.17471699676483,35.89485486576014],[136.17537851237472,35.89473507119275],[136.17533119267128,35.89456873856537],[136.17462437330272,35.894695271075626],[136.17471699676483,35.89485486576014]]]}},{"type":"Feature","properties":{"pid":"2cdddd64-aadc-4e4a-9210-4aa6889f600f"},"geometry":{"type":"Polygon","coordinates":[[[136.17724705522707,35.894078798883676],[136.17723407587988,35.89403553077369],[136.176902923615,35.89409117713681],[136.1769151449895,35.89413332096276],[136.17724705522707,35.894078798883676]]]}},{"type":"Feature","properties":{"pid":"35787c5b-614b-48ff-8d67-ad841204d0aa"},"geometry":{"type":"Polygon","coordinates":[[[136.1769516789112,35.89605245322647],[136.17717539356542,35.896001694194354],[136.1770147112906,35.89555006714361],[136.17679960121376,35.8956165336503],[136.1769516789112,35.89605245322647]]]}},{"type":"Feature","properties":{"pid":"f327794c-7660-46f1-a87c-f329f6cf57e9"},"geometry":{"type":"Polygon","coordinates":[[[136.17762580081796,35.895158165714996],[136.1775029788027,35.89471285271376],[136.17738243753772,35.894735566341375],[136.17751420954443,35.89519410093596],[136.17762580081796,35.895158165714996]]]}},{"type":"Feature","properties":{"pid":"02e7f05a-1d78-4ea7-b12c-f4735d32583f"},"geometry":{"type":"Polygon","coordinates":[[[136.178156468921,35.89422043972375],[136.17854673951132,35.89415316232749],[136.17857076136005,35.89397335769509],[136.1780853430542,35.89406128610156],[136.178156468921,35.89422043972375]]]}},{"type":"Feature","properties":{"pid":"5d1e1587-d26b-4383-b40e-e31140d6d0c4"},"geometry":{"type":"Polygon","coordinates":[[[136.1777774863209,35.89493049461359],[136.17787675760277,35.894895755688104],[136.17779017317955,35.8947040778868],[136.17772204293922,35.89471874713746],[136.1777774863209,35.89493049461359]]]}},{"type":"Feature","properties":{"pid":"3e6bc095-e075-46c8-a22c-47cc2b57b49b"},"geometry":{"type":"Polygon","coordinates":[[[136.17783122598667,35.893971155553274],[136.17782229793798,35.89393556668794],[136.17735031804034,35.89401466715232],[136.17736293604156,35.89405956007351],[136.17783122598667,35.893971155553274]]]}},{"type":"Feature","properties":{"pid":"e4fd2384-bc6b-4f76-8f66-e3a31208c199"},"geometry":{"type":"Polygon","coordinates":[[[136.17846785124723,35.89388982618335],[136.17832378536806,35.893332946973096],[136.17789484402743,35.893406280746476],[136.17804700586902,35.893967555523055],[136.17846785124723,35.89388982618335]]]}},{"type":"Feature","properties":{"pid":"7e89a512-1b81-46b0-b55d-5683cddfaddb"},"geometry":{"type":"Polygon","coordinates":[[[136.17909075404924,35.89330333715343],[136.1794519907252,35.893246251202875],[136.179538161934,35.89310288006941],[136.1790601149963,35.89319365172645],[136.17909075404924,35.89330333715343]]]}},{"type":"Feature","properties":{"pid":"27c9c9a7-a3a4-4658-9e07-ffe542184aa7"},"geometry":{"type":"Polygon","coordinates":[[[136.17844847924206,35.89330657351098],[136.17856413218297,35.89373663295647],[136.17903794923708,35.8937802333888],[136.17888575962382,35.89323005976259],[136.17844847924206,35.89330657351098]]]}},{"type":"Feature","properties":{"pid":"1271a607-b826-438b-ac3a-6c828657c615"},"geometry":{"type":"Polygon","coordinates":[[[136.17947055771447,35.89297743695067],[136.17939684562242,35.89270622666079],[136.17915332521974,35.892747659466416],[136.17910965674602,35.892725506613566],[136.17908588469584,35.892654503375724],[136.17893287217177,35.892683224036155],[136.17903269361682,35.893058898561065],[136.17947055771447,35.89297743695067]]]}},{"type":"Feature","properties":{"pid":"1eeba06e-2927-42a5-b018-3f326dcf3be8"},"geometry":{"type":"Polygon","coordinates":[[[136.1778525934843,35.893263144896295],[136.1782832911362,35.89319084132121],[136.1781168989681,35.892565764382596],[136.17768911493033,35.892640231087384],[136.1778525934843,35.893263144896295]]]}},{"type":"Feature","properties":{"pid":"f5747e19-d007-428b-b641-c01f053416fd"},"geometry":{"type":"Polygon","coordinates":[[[136.17751546429005,35.89257966708682],[136.1774853140614,35.89246360317938],[136.17650662037317,35.89264153391148],[136.17653775874822,35.89275769358331],[136.17751546429005,35.89257966708682]]]}},{"type":"Feature","properties":{"pid":"e9a631c2-670f-41ca-b882-e2072cdd8a98"},"geometry":{"type":"Polygon","coordinates":[[[136.17662354341496,35.89307001566913],[136.17759864007843,35.892900883744154],[136.17753726808343,35.89267611441638],[136.17656632504037,35.892854014348636],[136.17662354341496,35.89307001566913]]]}},{"type":"Feature","properties":{"pid":"cbc2c761-c51f-4bdd-8f39-ce12e7513df8"},"geometry":{"type":"Polygon","coordinates":[[[136.1776974992678,35.89344036977891],[136.1776733397787,35.89333457551454],[136.17770694754012,35.893297069893435],[136.17762598148803,35.89299725571224],[136.17665031346434,35.89316772693378],[136.17676552465315,35.89360139399936],[136.1776974992678,35.89344036977891]]]}},{"type":"Feature","properties":{"pid":"33599288-de56-4321-84de-6a7a7a27cd9e"},"geometry":{"type":"Polygon","coordinates":[[[136.17780424872436,35.893840183228825],[136.17772072767923,35.89353691861964],[136.17679446433735,35.893698972240884],[136.17687681432326,35.893997157419925],[136.17780424872436,35.893840183228825]]]}},{"type":"Feature","properties":{"pid":"d2827f94-7c22-4803-9374-078816c3ce80"},"geometry":{"type":"Polygon","coordinates":[[[136.17647596471016,35.89338277212501],[136.1764285473079,35.893214423478526],[136.17544561449287,35.89338900003042],[136.1754931270363,35.89355864776275],[136.17647596471016,35.89338277212501]]]}},{"type":"Feature","properties":{"pid":"8be990da-421f-4614-9c64-89aee266bfd5"},"geometry":{"type":"Polygon","coordinates":[[[136.17654182914353,35.89364089167747],[136.17650019877502,35.89347789185341],[136.17561077319604,35.89363489566187],[136.17565653110188,35.89379868296326],[136.17654182914353,35.89364089167747]]]}},{"type":"Feature","properties":{"pid":"056ee4f1-a83c-4900-8959-b4f4a1a7fcd0"},"geometry":{"type":"Polygon","coordinates":[[[136.17668763962905,35.894185621349784],[136.17656871626463,35.89373877430828],[136.17559285288195,35.893917168964265],[136.17570853059365,35.894352219863705],[136.17668763962905,35.894185621349784]]]}},{"type":"Feature","properties":{"pid":"253d727a-d18d-4ffe-a266-333a44c5a1ed"},"geometry":{"type":"Polygon","coordinates":[[[136.17640348630061,35.89311400774883],[136.17628563604376,35.892680475095375],[136.17530248518625,35.892857723719615],[136.17541793520817,35.8932907254391],[136.17640348630061,35.89311400774883]]]}},{"type":"Feature","properties":{"pid":"661e9e21-0748-4222-91e4-4b529ea60c9e"},"geometry":{"type":"Polygon","coordinates":[[[136.17625848063295,35.89258358658391],[136.1762166841345,35.89242441750739],[136.17523677639346,35.89260164890607],[136.17527613129644,35.8927593739443],[136.17625848063295,35.89258358658391]]]}},{"type":"Feature","properties":{"pid":"e058d52b-6ed1-4ee0-83d0-809d9c593981"},"geometry":{"type":"Polygon","coordinates":[[[136.17520990730006,35.89250634508739],[136.17619322076465,35.89233038385052],[136.1761440290142,35.89214761988211],[136.17516042205474,35.89232907569777],[136.17520990730006,35.89250634508739]]]}},{"type":"Feature","properties":{"pid":"9db641fa-8a9a-4bb4-b4dd-70fb18ba4694"},"geometry":{"type":"Polygon","coordinates":[[[136.177490246511,35.90680594494182],[136.17753426736945,35.906598942155924],[136.1771055414761,35.906535987077945],[136.17708464143058,35.90672222055049],[136.177490246511,35.90680594494182]]]}},{"type":"Feature","properties":{"pid":"e4bd70dc-3512-43fe-835f-a67297196a93"},"geometry":{"type":"Polygon","coordinates":[[[136.179931858901,35.90658931495314],[136.17986836148248,35.90655686759178],[136.17981017167034,35.90656970410684],[136.17985721363306,35.90679321222406],[136.1799521606531,35.90676934146195],[136.179931858901,35.90658931495314]]]}},{"type":"Feature","properties":{"pid":"5aa11a55-52d0-444e-a281-43b42ff59e84"},"geometry":{"type":"Polygon","coordinates":[[[136.18033028533617,35.90706553918329],[136.18023682174038,35.90707426431357],[136.18025250319423,35.90728057717761],[136.18027097930425,35.90728016333267],[136.1802789185099,35.90720533924934],[136.1803267405888,35.90716587448076],[136.18033028533617,35.90706553918329]]]}},{"type":"Feature","properties":{"pid":"41a9777e-baee-4e54-8186-467df33dd3e9"},"geometry":{"type":"Polygon","coordinates":[[[136.1801054673488,35.906980966897436],[136.1799373050014,35.907003115153195],[136.17994566727555,35.90714284758236],[136.18012315767606,35.90713447132992],[136.1801054673488,35.906980966897436]]]}},{"type":"Feature","properties":{"pid":"f9e77a60-addb-4063-b7d7-ea388a2a2e15"},"geometry":{"type":"Polygon","coordinates":[[[136.1861502205933,35.90674350474098],[136.18616990824808,35.906760822141585],[136.18631516463677,35.906770442711355],[136.18631373544372,35.906586339374954],[136.1861655771127,35.90657484054598],[136.1861502205933,35.90674350474098]]]}},{"type":"Feature","properties":{"pid":"d5fbb9ec-9779-47c1-b2a4-d029a1d50d81"},"geometry":{"type":"Polygon","coordinates":[[[136.18697162255586,35.90664821066982],[136.18688494176072,35.906639731052316],[136.18683453725765,35.90704863529902],[136.1869184284354,35.90705208911032],[136.18697162255586,35.90664821066982]]]}},{"type":"Feature","properties":{"pid":"730e03d5-7dca-4842-b813-2cd67eb55ba5"},"geometry":{"type":"Polygon","coordinates":[[[136.18758945140584,35.9066997113637],[136.18709289221053,35.9066581963525],[136.18704190388712,35.907058878216525],[136.18754026877642,35.907104759065064],[136.18758945140584,35.9066997113637]]]}},{"type":"Feature","properties":{"pid":"5cd59bb1-79d6-4711-910f-cf7659532b6d"},"geometry":{"type":"Polygon","coordinates":[[[136.1881622200424,35.90715665751987],[136.18820910762759,35.906786657914836],[136.18819587057396,35.906755378323],[136.18792101336075,35.90673037636694],[136.18787367741285,35.90713647990966],[136.1881622200424,35.90715665751987]]]}},{"type":"Feature","properties":{"pid":"84ffb32a-1382-425a-a802-f13d392ed388"},"geometry":{"type":"Polygon","coordinates":[[[136.18780414783384,35.906719744109836],[136.18770851831042,35.90670996470165],[136.1876611236468,35.90711500057955],[136.18775489810096,35.90712387725478],[136.18780414783384,35.906719744109836]]]}},{"type":"Feature","properties":{"pid":"fb6ad29f-763a-44f9-a6ee-694a422d7c85"},"geometry":{"type":"Polygon","coordinates":[[[136.18802627037257,35.90660537971338],[136.18803657759548,35.90653552585145],[136.18753765538298,35.90649372240017],[136.1875303889817,35.90655938523374],[136.18802627037257,35.90660537971338]]]}},{"type":"Feature","properties":{"pid":"44270594-5884-4ca2-889c-d6bc90958940"},"geometry":{"type":"Polygon","coordinates":[[[136.18816910477577,35.90655279113855],[136.18816006758414,35.90661862174952],[136.18864906683072,35.90665994908996],[136.18865558748752,35.90660585038477],[136.18816910477577,35.90655279113855]]]}},{"type":"Feature","properties":{"pid":"7254bf32-ea94-4d0a-afc4-f81adaa4f3ce"},"geometry":{"type":"Polygon","coordinates":[[[136.18900321502127,35.90669060556816],[136.18900104321568,35.90661461728271],[136.1887903986887,35.90659829284121],[136.18878269934723,35.90667115435044],[136.18900321502127,35.90669060556816]]]}},{"type":"Feature","properties":{"pid":"3ee99e12-3e6d-47e5-8f6b-0f7cccefa974"},"geometry":{"type":"Polygon","coordinates":[[[136.18900832637505,35.90680824044815],[136.1888133489302,35.906797609347116],[136.18890402850317,35.9071185095547],[136.18891958577697,35.9071162242707],[136.18890911473505,35.90706667544649],[136.18891982135597,35.90698883205169],[136.1889453655722,35.90691851561625],[136.1890042884602,35.90684176251619],[136.18900832637505,35.90680824044815]]]}},{"type":"Feature","properties":{"pid":"258d56f7-8929-42a5-af56-45e17ab90d58"},"geometry":{"type":"Polygon","coordinates":[[[136.18867577807845,35.90679125049261],[136.1883615974846,35.90675931436382],[136.18848954803676,35.907200771247005],[136.18877975164423,35.90714580971173],[136.18867577807845,35.90679125049261]]]}},{"type":"Feature","properties":{"pid":"fa0b9973-0c3a-43c6-88c2-c657de42cffc"},"geometry":{"type":"Polygon","coordinates":[[[136.17744786219652,35.890865941057285],[136.17742292279937,35.89076247686788],[136.1771896926355,35.89080303383895],[136.17722106259288,35.8909058405036],[136.17744786219652,35.890865941057285]]]}},{"type":"Feature","properties":{"pid":"fa986235-ad54-41de-b98c-7479573957b2"},"geometry":{"type":"Polygon","coordinates":[[[136.17715855437663,35.89125102177456],[136.17709242625213,35.89101941955447],[136.17695744938467,35.89103891105071],[136.1769176064278,35.89102867339607],[136.1768469116096,35.89086658659517],[136.1765652505647,35.89091952402203],[136.17667563730987,35.891340718849335],[136.17715855437663,35.89125102177456]]]}},{"type":"Feature","properties":{"pid":"df162573-5a22-4d0a-aecf-2cdaaa82c204"},"geometry":{"type":"Polygon","coordinates":[[[136.17595683221717,35.891468743861],[136.17584322463875,35.891035414455004],[136.1748500454643,35.89121099525433],[136.1749635578788,35.8916402045947],[136.17595683221717,35.891468743861]]]}},{"type":"Feature","properties":{"pid":"3dc6b332-c4b8-4c3a-be9b-cb63374ee868"},"geometry":{"type":"Polygon","coordinates":[[[136.17510915558452,35.8921867506755],[136.17603147154992,35.8920208439784],[136.17603095572667,35.89197013621557],[136.17608211836657,35.891944429325676],[136.17598288348174,35.89156843804708],[136.1749949845185,35.891739835276766],[136.17510915558452,35.8921867506755]]]}},{"type":"Feature","properties":{"pid":"18d12396-f0b0-4cba-a301-14f7f0da1c39"},"geometry":{"type":"Polygon","coordinates":[[[136.17672902764346,35.891621424757574],[136.17672492264683,35.891609168216895],[136.17624670623204,35.89169892974902],[136.17624864400958,35.89170733679695],[136.17672902764346,35.891621424757574]]]}},{"type":"Feature","properties":{"pid":"e798fc85-4eab-412e-a250-ba624d51d9f4"},"geometry":{"type":"Polygon","coordinates":[[[136.17729826564198,35.891785992246255],[136.1772571396509,35.89162630705434],[136.17627649417696,35.891805036780724],[136.17632144572804,35.89196163949847],[136.17729826564198,35.891785992246255]]]}},{"type":"Feature","properties":{"pid":"e7de6486-c938-4229-bb6a-630e7514ff1b"},"geometry":{"type":"Polygon","coordinates":[[[136.17745830253793,35.892367229823755],[136.177338825914,35.891934612428834],[136.1763549981149,35.892107670353916],[136.1764774205386,35.892545283641766],[136.17745830253793,35.892367229823755]]]}},{"type":"Feature","properties":{"pid":"67dfff04-6df1-434f-8497-7d9c2a4539a5"},"geometry":{"type":"Polygon","coordinates":[[[136.17808797150738,35.892447435319305],[136.17791892679872,35.89183074167355],[136.1774961639414,35.89190943666441],[136.17766530740698,35.89252171118131],[136.17808797150738,35.892447435319305]]]}},{"type":"Feature","properties":{"pid":"6d173e9e-6129-47b6-8f3d-a028815a9ee5"},"geometry":{"type":"Polygon","coordinates":[[[136.17847008554705,35.89173005168518],[136.17804382046108,35.89180559075461],[136.1782118019552,35.89242862268563],[136.1786424572987,35.89235522951544],[136.17847008554705,35.89173005168518]]]}},{"type":"Feature","properties":{"pid":"91cb8f8f-d42a-45d6-83b5-b1593a86f4e3"},"geometry":{"type":"Polygon","coordinates":[[[136.17740052530146,35.89156082405261],[136.17838283255088,35.89138276892932],[136.1783208802373,35.891151916994154],[136.17733844671284,35.891327493902],[136.17740052530146,35.89156082405261]]]}},{"type":"Feature","properties":{"pid":"dec9e14d-9440-40ca-bdc5-40f39c2552f7"},"geometry":{"type":"Polygon","coordinates":[[[136.17730532854682,35.8912257182171],[136.1782955257778,35.89105258624851],[136.17818049332644,35.890621891155455],[136.17754189513133,35.89073507696046],[136.17758475640264,35.89090556434086],[136.17757285046122,35.89093853297126],[136.17724909897862,35.89100493410207],[136.17730532854682,35.8912257182171]]]}},{"type":"Feature","properties":{"pid":"d1e95d56-d73c-4580-b84c-e31350467c52"},"geometry":{"type":"Polygon","coordinates":[[[136.17935784382738,35.89044526678273],[136.1793508966229,35.89041766949013],[136.17836881983698,35.890592067828685],[136.17837462153972,35.89061379063088],[136.17935784382738,35.89044526678273]]]}},{"type":"Feature","properties":{"pid":"6f580ff8-1047-4368-9d75-e7f6e8c2b39b"},"geometry":{"type":"Polygon","coordinates":[[[136.17938970951414,35.890562159581016],[136.17938375304865,35.89054164556697],[136.17839945425888,35.89070884139078],[136.1784066678416,35.89073791930989],[136.17938970951414,35.890562159581016]]]}},{"type":"Feature","properties":{"pid":"9fe3ee9c-d943-4355-9fe3-ecca5f51b582"},"geometry":{"type":"Polygon","coordinates":[[[136.18027911689893,35.89070250557657],[136.1801594011776,35.89027002118525],[136.17950307889132,35.8903911824888],[136.17961761067107,35.89082365224513],[136.18027911689893,35.89070250557657]]]}},{"type":"Feature","properties":{"pid":"35ab8a20-0fc6-4a00-a90a-8c7d8c714ea5"},"geometry":{"type":"Polygon","coordinates":[[[136.17918658196382,35.89225526768883],[136.1790161692508,35.8916366248381],[136.17879012623067,35.891676189846336],[136.17886420154534,35.891950824410195],[136.17904923759778,35.89192329760445],[136.17909733648213,35.89194650400785],[136.17918658196382,35.89225526768883]]]}},{"type":"Feature","properties":{"pid":"d11e5868-910a-4699-ac1b-6f92a5bef90a"},"geometry":{"type":"Polygon","coordinates":[[[136.1798232609972,35.89214514878323],[136.1796553270264,35.89151989709283],[136.17913796287507,35.89161197635787],[136.17930889658217,35.89223490949541],[136.1798232609972,35.89214514878323]]]}},{"type":"Feature","properties":{"pid":"9a0a90c0-e5b7-4f32-bd01-059adf6ad8b5"},"geometry":{"type":"Polygon","coordinates":[[[136.17995797985256,35.892131601466176],[136.18010683548303,35.892109510247835],[136.18039002364145,35.891753919922515],[136.1804340557987,35.89165706876903],[136.17986204494946,35.89175497432482],[136.17995797985256,35.892131601466176]]]}},{"type":"Feature","properties":{"pid":"40d94ce0-dbe9-47a5-943c-5c81f1f08988"},"geometry":{"type":"Polygon","coordinates":[[[136.18125586516948,35.89047909494844],[136.1812479029075,35.89045943788725],[136.18072352445157,35.89055462121266],[136.18078572888317,35.89078468832556],[136.18102319580387,35.89073413231396],[136.1810417488278,35.89072014257102],[136.18098856102637,35.89061095007306],[136.18099992363105,35.89057401492256],[136.18125586516948,35.89047909494844]]]}},{"type":"Feature","properties":{"pid":"2f9a9933-1356-4d00-9e35-27b16ccf9cf3"},"geometry":{"type":"Polygon","coordinates":[[[136.18073878174403,35.891152579420144],[136.1810102630074,35.8909631840108],[136.1809433511428,35.89086898539256],[136.18067300960527,35.89091152613252],[136.18073878174403,35.891152579420144]]]}},{"type":"Feature","properties":{"pid":"d8bf1ca5-9524-417b-84bc-e28d0fd6986d"},"geometry":{"type":"Polygon","coordinates":[[[136.18013054757887,35.89117595490774],[136.1803268919417,35.89114691206332],[136.180362351927,35.891171294105895],[136.18037417213029,35.89122299842586],[136.180410112197,35.89123776094109],[136.1803397802874,35.89095010122388],[136.1800824177598,35.89099428288784],[136.18013054757887,35.89117595490774]]]}}]}