{"type":"FeatureCollection","features":[{"type":"Feature","properties":{"pid":"34278ea3-fc5e-41e0-83c1-a2f0295d3b53","full":19.3},"geometry":{"type":"Polygon","coordinates":[[[136.27253,36.12396],[136.27273,36.12461],[136.27316,36.12453],[136.27296,36.12388],[136.27253,36.12396]]]}},{"type":"Feature","properties":{"pid":"a1c2924f-ce01-44a4-87eb-44a696eb9d62","full":18.5},"geometry":{"type":"Polygon","coordinates":[[[136.27317,36.12453],[136.27358,36.12445],[136.27338,36.12379],[136.27296,36.12387],[136.27317,36.12453]]]}},{"type":"Feature","properties":{"pid":"c036cca7-5277-4a43-a69a-1e6ce65232b2","full":18.7},"geometry":{"type":"Polygon","coordinates":[[[136.27381,36.1237],[136.27339,36.12379],[136.27359,36.12444],[136.27401,36.12435],[136.27381,36.1237]]]}},{"type":"Feature","properties":{"pid":"5bb70310-5981-49ce-9238-044f53a74c89","full":22.5},"geometry":{"type":"Polygon","coordinates":[[[136.27446,36.12426],[136.27468,36.12422],[136.27489,36.12377],[136.27495,36.12353],[136.27497,36.12351],[136.27495,36.12347],[136.27425,36.12361],[136.27446,36.12426]]]}},{"type":"Feature","properties":{"pid":"2d2fa879-927d-48fc-8b0e-df206125d560","full":19.2},"geometry":{"type":"Polygon","coordinates":[[[136.27445,36.12426],[136.27425,36.12361],[136.27381,36.1237],[136.27402,36.12435],[136.27445,36.12426]]]}},{"type":"Feature","properties":{"pid":"60dc96be-27dd-4d8f-b9d3-39059f831d64","full":13.9},"geometry":{"type":"Polygon","coordinates":[[[136.27404,36.12443],[136.27425,36.12509],[136.27433,36.12507],[136.27444,36.12483],[136.27444,36.1248],[136.27465,36.12432],[136.27463,36.12431],[136.27404,36.12443]]]}},{"type":"Feature","properties":{"pid":"abf96e46-46df-4754-af68-e2ecd7929dd7","full":18.9},"geometry":{"type":"Polygon","coordinates":[[[136.27404,36.12443],[136.27362,36.12452],[136.27383,36.12518],[136.27424,36.12509],[136.27404,36.12443]]]}},{"type":"Feature","properties":{"pid":"26362d8d-93a4-403a-bd44-25eeeef8cb1a","full":19.3},"geometry":{"type":"Polygon","coordinates":[[[136.27382,36.12518],[136.27361,36.12452],[136.27318,36.1246],[136.27339,36.12526],[136.27382,36.12518]]]}},{"type":"Feature","properties":{"pid":"83f07372-3c47-466c-88de-8fb76f9b4983","full":35.7},"geometry":{"type":"Polygon","coordinates":[[[136.27244,36.12397],[136.27175,36.12412],[136.27195,36.12476],[136.27198,36.12475],[136.27198,36.12477],[136.27265,36.12463],[136.27244,36.12397]]]}},{"type":"Feature","properties":{"pid":"edad7a11-6159-4f23-b276-c654ace366da","full":10.0},"geometry":{"type":"Polygon","coordinates":[[[136.27223,36.1248],[136.27196,36.12485],[136.27216,36.12551],[136.27243,36.12546],[136.27223,36.1248]]]}},{"type":"Feature","properties":{"pid":"0d776f46-161c-43bb-990a-364c3767756a","full":20.3},"geometry":{"type":"Polygon","coordinates":[[[136.27223,36.12479],[136.27243,36.12546],[136.27288,36.12537],[136.27267,36.12471],[136.27223,36.12479]]]}},{"type":"Feature","properties":{"pid":"a51238a6-1c10-4f8a-882a-c9a54513de53","full":19.1},"geometry":{"type":"Polygon","coordinates":[[[136.27275,36.12469],[136.27295,36.12535],[136.27338,36.12526],[136.27317,36.1246],[136.27275,36.12469]]]}},{"type":"Feature","properties":{"pid":"c14648e0-d7a4-4444-b3df-11a24bb190b1","full":10.6},"geometry":{"type":"Polygon","coordinates":[[[136.27246,36.12549],[136.27218,36.12555],[136.27237,36.12621],[136.27266,36.12615],[136.27246,36.12549]]]}},{"type":"Feature","properties":{"pid":"566f36dc-63e5-421f-934f-4fb910f0f39a","full":19.6},"geometry":{"type":"Polygon","coordinates":[[[136.27309,36.12606],[136.2729,36.12539],[136.27246,36.12549],[136.27266,36.12614],[136.27309,36.12606]]]}},{"type":"Feature","properties":{"pid":"ed58bb15-822f-40dc-8a16-282448e91714","full":2.3},"geometry":{"type":"Polygon","coordinates":[[[136.27364,36.12528],[136.27407,36.1253],[136.27405,36.12541],[136.27421,36.12543],[136.27432,36.12511],[136.27364,36.12525],[136.27364,36.12528]]]}},{"type":"Feature","properties":{"pid":"438681d3-af51-4182-85f4-91e555a035c6","full":5.8},"geometry":{"type":"Polygon","coordinates":[[[136.27455,36.12549],[136.27475,36.12501],[136.27453,36.12496],[136.27453,36.12498],[136.2745,36.12497],[136.27431,36.12544],[136.27432,36.12545],[136.27455,36.12549]]]}},{"type":"Feature","properties":{"pid":"2b382a78-64fe-4d75-89b0-d97c83323677","full":8.1},"geometry":{"type":"Polygon","coordinates":[[[136.27453,36.12616],[136.27505,36.12616],[136.27502,36.12585],[136.27458,36.12585],[136.27453,36.12616]]]}},{"type":"Feature","properties":{"pid":"62ec5c69-effd-41e3-8d4f-470bd1d3fc31","full":4.1},"geometry":{"type":"Polygon","coordinates":[[[136.27458,36.12584],[136.27502,36.12584],[136.27501,36.12569],[136.27495,36.12568],[136.27495,36.12567],[136.27495,36.12563],[136.27463,36.12558],[136.27458,36.12584]]]}},{"type":"Feature","properties":{"pid":"7a4e3f94-a802-4d22-83ed-db909e94cbcf","full":13.9},"geometry":{"type":"Polygon","coordinates":[[[136.27503,36.12555],[136.2752,36.12514],[136.27476,36.12502],[136.27455,36.12549],[136.27496,36.12557],[136.27497,36.12554],[136.27503,36.12555]]]}},{"type":"Feature","properties":{"pid":"30f38ae8-eac2-4c50-8205-25be7322e511","full":7.0},"geometry":{"type":"Polygon","coordinates":[[[136.27537,36.12795],[136.27464,36.12761],[136.27453,36.12777],[136.27524,36.1281],[136.27526,36.1281],[136.27537,36.12795]]]}},{"type":"Feature","properties":{"pid":"ee2b7655-dcff-4dc5-b373-6381a7680480","full":7.4},"geometry":{"type":"Polygon","coordinates":[[[136.27528,36.1266],[136.27475,36.1266],[136.27477,36.1269],[136.27505,36.12696],[136.27529,36.12662],[136.27528,36.1266]]]}},{"type":"Feature","properties":{"pid":"8982a255-2815-4955-afc2-b757c2521cc8","full":8.0},"geometry":{"type":"Polygon","coordinates":[[[136.27505,36.12627],[136.27451,36.12627],[136.27447,36.12653],[136.27505,36.12654],[136.27505,36.12652],[136.27507,36.12651],[136.27505,36.12627]]]}},{"type":"Feature","properties":{"pid":"2842804b-146e-4d7f-8c3b-81a0a7c545c5","full":0.6},"geometry":{"type":"Polygon","coordinates":[[[136.27504,36.12616],[136.27453,36.12616],[136.27451,36.12626],[136.27505,36.12627],[136.27504,36.12616]]]}},{"type":"Feature","properties":{"pid":"5961f81c-c75c-4abb-872f-7770103ed6ea","full":3.4},"geometry":{"type":"Polygon","coordinates":[[[136.27251,36.12644],[136.27257,36.12664],[136.27296,36.12655],[136.27296,36.12635],[136.27251,36.12644]]]}},{"type":"Feature","properties":{"pid":"1d2f6d3f-e671-47f8-8f0a-c1d7ef93fe67","full":3.9},"geometry":{"type":"Polygon","coordinates":[[[136.27305,36.12632],[136.273,36.12615],[136.27245,36.12626],[136.27251,36.12643],[136.27305,36.12632]]]}},{"type":"Feature","properties":{"pid":"0d396b99-a2e1-4cf6-a1e0-67a08b5c67c9","full":2.2},"geometry":{"type":"Polygon","coordinates":[[[136.27221,36.12632],[136.27233,36.12672],[136.27251,36.12669],[136.27237,36.12628],[136.27221,36.12632]]]}},{"type":"Feature","properties":{"pid":"546144bb-628e-4869-8315-7f96738feaed","full":1.0},"geometry":{"type":"Polygon","coordinates":[[[136.27295,36.12669],[136.27295,36.12656],[136.27259,36.12664],[136.27259,36.12665],[136.27257,36.12666],[136.2726,36.12676],[136.27295,36.12669]]]}},{"type":"Feature","properties":{"pid":"9e048d76-356b-4c54-b7ad-7d8bb4733217","full":3.3},"geometry":{"type":"Polygon","coordinates":[[[136.27305,36.12721],[136.27277,36.12724],[136.27277,36.12725],[136.27276,36.12725],[136.27285,36.12753],[136.27311,36.12748],[136.27305,36.12721]]]}},{"type":"Feature","properties":{"pid":"e5d44d45-500d-4424-98e6-6c870cf55e11","full":18.4},"geometry":{"type":"Polygon","coordinates":[[[136.27219,36.12707],[136.27238,36.12771],[136.2724,36.12771],[136.27241,36.12772],[136.2728,36.12764],[136.27261,36.127],[136.27219,36.12707]]]}},{"type":"Feature","properties":{"pid":"5c353998-dbb1-4336-bc10-00d2e4720426","full":1.2},"geometry":{"type":"Polygon","coordinates":[[[136.27311,36.12744],[136.27311,36.12748],[136.27285,36.12753],[136.27288,36.12763],[136.27341,36.12753],[136.27339,36.12742],[136.27337,36.12741],[136.27311,36.12744]]]}},{"type":"Feature","properties":{"pid":"c9547279-3696-4c8e-8f77-008ebbf6ec6c","full":22.4},"geometry":{"type":"Polygon","coordinates":[[[136.27424,36.1274],[136.2746,36.12758],[136.27505,36.12697],[136.27477,36.12691],[136.27459,36.12691],[136.27434,36.12698],[136.27423,36.12738],[136.27424,36.12739],[136.27424,36.1274]]]}},{"type":"Feature","properties":{"pid":"c711644c-de00-4d48-8e70-2efe845bae18","full":7.8},"geometry":{"type":"Polygon","coordinates":[[[136.2746,36.12759],[136.27422,36.12741],[136.2741,36.12779],[136.2741,36.12781],[136.27435,36.12793],[136.2746,36.12759]]]}},{"type":"Feature","properties":{"pid":"b3b3782e-5bbf-4f6d-975a-498ba6bebed2","full":1.2},"geometry":{"type":"Polygon","coordinates":[[[136.27435,36.12794],[136.2741,36.12782],[136.27411,36.128],[136.2741,36.12805],[136.27407,36.12812],[136.27418,36.12818],[136.27435,36.12794]]]}},{"type":"Feature","properties":{"pid":"b6014269-2bf5-409e-ae59-46b0270436bb","full":19.7},"geometry":{"type":"Polygon","coordinates":[[[136.27394,36.12858],[136.27465,36.12892],[136.27466,36.12892],[136.27467,36.12892],[136.27489,36.12862],[136.27416,36.12828],[136.27394,36.12858]]]}},{"type":"Feature","properties":{"pid":"2a053344-a115-41d2-b790-00fa1e8e7979","full":19.6},"geometry":{"type":"Polygon","coordinates":[[[136.27302,36.12815],[136.2729,36.12773],[136.27286,36.12774],[136.27285,36.12771],[136.27242,36.1278],[136.27262,36.12845],[136.27285,36.12841],[136.27302,36.12815]]]}},{"type":"Feature","properties":{"pid":"bf6fea37-383e-47bf-b62d-60401a59ac6f","full":18.3},"geometry":{"type":"Polygon","coordinates":[[[136.27261,36.12845],[136.27241,36.1278],[136.27199,36.12789],[136.2722,36.12854],[136.27261,36.12845]]]}},{"type":"Feature","properties":{"pid":"810b7837-6afc-46db-a642-afecb78abadb","full":2.0},"geometry":{"type":"Polygon","coordinates":[[[136.27258,36.12884],[136.27248,36.12887],[136.27242,36.12869],[136.27274,36.12862],[136.27286,36.12845],[136.27285,36.12845],[136.27229,36.12857],[136.27243,36.12905],[136.27258,36.12884]]]}},{"type":"Feature","properties":{"pid":"6b17fb9f-e687-467c-84d2-ad5a116e4456","full":21.2},"geometry":{"type":"Polygon","coordinates":[[[136.27406,36.12961],[136.27342,36.12931],[136.27297,36.12994],[136.27335,36.12992],[136.27353,36.12986],[136.27369,36.12979],[136.27406,36.12961]]]}},{"type":"Feature","properties":{"pid":"ec7596ae-2f03-4f72-949a-1257af628518","full":27.2},"geometry":{"type":"Polygon","coordinates":[[[136.27406,36.12961],[136.27424,36.12952],[136.27443,36.12926],[136.27441,36.12925],[136.27442,36.12923],[136.27371,36.1289],[136.27342,36.12931],[136.27406,36.12961]]]}},{"type":"Feature","properties":{"pid":"1e2cf894-e475-41f3-b790-657642396798","full":3.9},"geometry":{"type":"Polygon","coordinates":[[[136.27381,36.12877],[136.27372,36.12889],[136.27445,36.12924],[136.27454,36.12911],[136.27381,36.12877]]]}},{"type":"Feature","properties":{"pid":"18f89294-611e-40b2-8d3c-49f9899eb56e","full":8.3},"geometry":{"type":"Polygon","coordinates":[[[136.27393,36.12859],[136.27381,36.12876],[136.27454,36.12911],[136.27466,36.12893],[136.27393,36.12859]]]}},{"type":"Feature","properties":{"pid":"6a12b24f-e78a-4bad-8c49-dd4e3b77202d","full":9.0},"geometry":{"type":"Polygon","coordinates":[[[136.27424,36.12964],[136.27425,36.12982],[136.27426,36.12981],[136.27427,36.12983],[136.2748,36.12979],[136.27475,36.12937],[136.27424,36.12964]]]}},{"type":"Feature","properties":{"pid":"96740d93-f063-4fa8-b1fe-621340fe3d32","full":10.5},"geometry":{"type":"Polygon","coordinates":[[[136.27518,36.12976],[136.27511,36.1292],[136.27476,36.12937],[136.27481,36.12977],[136.27482,36.12977],[136.27483,36.12979],[136.27518,36.12976]]]}},{"type":"Feature","properties":{"pid":"902d3528-3004-429b-903f-9a5cc23b5b1d","full":2.9},"geometry":{"type":"Polygon","coordinates":[[[136.2747,36.12901],[136.27453,36.12925],[136.2747,36.12933],[136.27502,36.12916],[136.2747,36.12901]]]}},{"type":"Feature","properties":{"pid":"727a3c34-1f6d-49ce-8877-09bd05a50724","full":19.5},"geometry":{"type":"Polygon","coordinates":[[[136.27441,36.12792],[136.2742,36.12823],[136.27492,36.12857],[136.27515,36.12827],[136.27441,36.12792]]]}},{"type":"Feature","properties":{"pid":"0640cd8a-89c3-4b8a-ae5c-98f5d9f54d65","full":5.5},"geometry":{"type":"Polygon","coordinates":[[[136.27523,36.1281],[136.27452,36.12777],[136.27442,36.12792],[136.27512,36.12825],[136.27523,36.1281]]]}},{"type":"Feature","properties":{"pid":"762713b2-07b0-42f5-8462-e2fa42ed7cb7","full":43.8},"geometry":{"type":"Polygon","coordinates":[[[136.27426,36.13086],[136.27437,36.13175],[136.27502,36.1317],[136.27492,36.13081],[136.27426,36.13086]]]}},{"type":"Feature","properties":{"pid":"ad5c9222-9b6d-400c-8c40-5fe8d706a2ab","full":8.7},"geometry":{"type":"Polygon","coordinates":[[[136.27469,36.13078],[136.27491,36.13076],[136.2748,36.12986],[136.27459,36.12987],[136.27469,36.13078]]]}},{"type":"Feature","properties":{"pid":"bb4f0e9a-9093-49d1-a706-d567c5c1fcb9","full":0.7},"geometry":{"type":"Polygon","coordinates":[[[136.27423,36.12964],[136.27383,36.12984],[136.27384,36.12987],[136.27425,36.12983],[136.27423,36.12964]]]}},{"type":"Feature","properties":{"pid":"4163b61c-4b79-4884-99eb-445048e57d2c","full":27.8},"geometry":{"type":"Polygon","coordinates":[[[136.27424,36.13082],[136.27469,36.13078],[136.27458,36.12987],[136.27417,36.1299],[136.27416,36.12992],[136.27414,36.12991],[136.27424,36.13082]]]}},{"type":"Feature","properties":{"pid":"67d10133-93ff-4326-bb38-214bae87895d","full":42.5},"geometry":{"type":"Polygon","coordinates":[[[136.27423,36.13081],[136.27412,36.12991],[136.27371,36.12995],[136.27351,36.13002],[136.27351,36.13004],[136.27348,36.13005],[136.2736,36.13086],[136.27423,36.13081]]]}},{"type":"Feature","properties":{"pid":"30337bcb-35b3-4f45-9c4f-20a1521b9700","full":39.8},"geometry":{"type":"Polygon","coordinates":[[[136.27358,36.13086],[136.27347,36.13002],[136.27335,36.13006],[136.27282,36.13009],[136.27292,36.13089],[136.27294,36.1309],[136.27295,36.13091],[136.27358,36.13086]]]}},{"type":"Feature","properties":{"pid":"12540334-357f-435d-a00a-63c2122ea32b","full":39.6},"geometry":{"type":"Polygon","coordinates":[[[136.27221,36.13097],[136.27285,36.13092],[136.27275,36.13011],[136.2727,36.1301],[136.2721,36.13013],[136.27221,36.13097]]]}},{"type":"Feature","properties":{"pid":"2c266e49-2f81-497e-a3c6-9e35cdc38417","full":1.5},"geometry":{"type":"Polygon","coordinates":[[[136.27207,36.13098],[136.2722,36.13097],[136.27209,36.13013],[136.27197,36.13014],[136.27207,36.13098]]]}},{"type":"Feature","properties":{"pid":"28b086d6-8485-4a39-9251-6249a40e48ca","full":43.7},"geometry":{"type":"Polygon","coordinates":[[[136.27359,36.13092],[136.27293,36.13097],[136.27304,36.13186],[136.2737,36.1318],[136.27359,36.13092]]]}},{"type":"Feature","properties":{"pid":"c2ac3e4a-ca51-4101-ae3c-92250963fb3f","full":43.7},"geometry":{"type":"Polygon","coordinates":[[[136.2736,36.13092],[136.2737,36.13178],[136.27372,36.13178],[136.27373,36.1318],[136.27436,36.13175],[136.27425,36.13086],[136.2736,36.13092]]]}},{"type":"Feature","properties":{"pid":"8f5f5ffc-0ccb-42c9-95d9-ed7fbc78e5b6","full":43.5},"geometry":{"type":"Polygon","coordinates":[[[136.27232,36.13191],[136.27297,36.13186],[136.27286,36.13098],[136.27221,36.13102],[136.27232,36.13191]]]}},{"type":"Feature","properties":{"pid":"4f970c7e-8cef-4192-bc64-2fbe8060fb55","full":43.6},"geometry":{"type":"Polygon","coordinates":[[[136.27233,36.13201],[136.27244,36.1329],[136.27306,36.13284],[136.27306,36.13282],[136.27308,36.13281],[136.27302,36.1322],[136.27298,36.13195],[136.27233,36.13201]]]}},{"type":"Feature","properties":{"pid":"42c16981-885d-49c8-be63-e3cd0d4b61c4","full":17.1},"geometry":{"type":"Polygon","coordinates":[[[136.27199,36.13203],[136.2721,36.13292],[136.27242,36.1329],[136.27232,36.13201],[136.27199,36.13203]]]}},{"type":"Feature","properties":{"pid":"ddf1852d-206e-4fa4-8130-e9bbc41cf440","full":44.2},"geometry":{"type":"Polygon","coordinates":[[[136.2737,36.13189],[136.27307,36.13194],[136.27308,36.13196],[136.27305,36.13197],[136.27316,36.13284],[136.27382,36.13279],[136.2737,36.13189]]]}},{"type":"Feature","properties":{"pid":"7e36c678-256c-4f5a-a8a6-5e13575acaf7","full":44.1},"geometry":{"type":"Polygon","coordinates":[[[136.27436,36.13184],[136.27374,36.13189],[136.27374,36.13191],[136.27371,36.13191],[136.27383,36.13279],[136.27448,36.13273],[136.27436,36.13184]]]}},{"type":"Feature","properties":{"pid":"4c8832db-41a4-4a36-972f-ceb0db9b0d18","full":44.8},"geometry":{"type":"Polygon","coordinates":[[[136.27437,36.13185],[136.27449,36.13273],[136.27514,36.13268],[136.27504,36.13179],[136.2744,36.13183],[136.27439,36.13185],[136.27437,36.13185]]]}},{"type":"Feature","properties":{"pid":"441412cc-f9ac-4a0c-bea4-ecb64c023e5d","full":8.3},"geometry":{"type":"Polygon","coordinates":[[[136.27483,36.13375],[136.27464,36.13377],[136.27464,36.13378],[136.27462,36.13379],[136.27472,36.13466],[136.27494,36.13465],[136.27483,36.13375]]]}},{"type":"Feature","properties":{"pid":"8cb8c316-0fb0-48fd-8ad6-ad39d46222c3","full":44.0},"geometry":{"type":"Polygon","coordinates":[[[136.2745,36.13281],[136.27461,36.13368],[136.27464,36.13368],[136.27464,36.1337],[136.27526,36.13365],[136.27515,36.13275],[136.2745,36.13281]]]}},{"type":"Feature","properties":{"pid":"50eeaba8-3dc4-43c5-b1b1-2ad97637b038","full":5.3},"geometry":{"type":"Polygon","coordinates":[[[136.27449,36.13281],[136.27432,36.13282],[136.27442,36.1337],[136.27444,36.1337],[136.27444,36.13372],[136.2746,36.1337],[136.27449,36.13281]]]}},{"type":"Feature","properties":{"pid":"b6bd4f4d-0d4a-4863-a1be-f17184ff8aa9","full":21.9},"geometry":{"type":"Polygon","coordinates":[[[136.27422,36.13283],[136.27384,36.13286],[136.27395,36.13376],[136.27433,36.13372],[136.27422,36.13283]]]}},{"type":"Feature","properties":{"pid":"cd35110b-2d3d-4e63-8e02-b79521ec9af9","full":44.9},"geometry":{"type":"Polygon","coordinates":[[[136.27383,36.13286],[136.27316,36.13291],[136.27327,36.13376],[136.27329,36.13376],[136.2733,36.1338],[136.27394,36.13376],[136.27383,36.13286]]]}},{"type":"Feature","properties":{"pid":"fdcb121b-aed7-4a7b-a5f2-b18fdc4cda90","full":43.8},"geometry":{"type":"Polygon","coordinates":[[[136.27245,36.13297],[136.27255,36.13384],[136.27258,36.13384],[136.27258,36.13386],[136.27317,36.13381],[136.2732,36.1338],[136.27317,36.13341],[136.2731,36.13292],[136.27245,36.13297]]]}},{"type":"Feature","properties":{"pid":"fb333916-dd38-4150-b67b-f4584e7458b8","full":35.7},"geometry":{"type":"Polygon","coordinates":[[[136.27244,36.13297],[136.27188,36.13302],[136.27199,36.1339],[136.27254,36.13387],[136.27244,36.13297]]]}},{"type":"Feature","properties":{"pid":"f366b543-339b-428f-8b96-8e4ca771de2b","full":43.7},"geometry":{"type":"Polygon","coordinates":[[[136.27268,36.13482],[136.27333,36.13478],[136.27322,36.13388],[136.27257,36.13393],[136.27268,36.13482]]]}},{"type":"Feature","properties":{"pid":"d4581a8d-37d4-4b1b-8398-19d69d28ca16","full":36.5},"geometry":{"type":"Polygon","coordinates":[[[136.27266,36.13483],[136.27256,36.13393],[136.272,36.13397],[136.2721,36.13488],[136.27266,36.13483]]]}},{"type":"Feature","properties":{"pid":"baed8807-6228-4c91-9027-11837529b786","full":23.1},"geometry":{"type":"Polygon","coordinates":[[[136.27367,36.13385],[136.27328,36.13388],[136.27339,36.13477],[136.27379,36.13474],[136.27367,36.13385]]]}},{"type":"Feature","properties":{"pid":"0fd112b0-119f-4d5e-9e14-be7c7ce9a7f3","full":3.8},"geometry":{"type":"Polygon","coordinates":[[[136.27395,36.13473],[136.27384,36.13383],[136.27368,36.13385],[136.27379,36.13474],[136.27395,36.13473]]]}},{"type":"Feature","properties":{"pid":"8a7884af-fbeb-43ed-89b9-e6da9fd2d500","full":44.2},"geometry":{"type":"Polygon","coordinates":[[[136.27461,36.13377],[136.27396,36.13382],[136.27406,36.13473],[136.27472,36.13466],[136.27461,36.13377]]]}},{"type":"Feature","properties":{"pid":"56167bbc-5794-4754-8e95-f1520acacf24","full":44.5},"geometry":{"type":"Polygon","coordinates":[[[136.27418,36.13566],[136.27483,36.13561],[136.27472,36.13471],[136.27407,36.13476],[136.27418,36.13566]]]}},{"type":"Feature","properties":{"pid":"6b84a3cf-20f4-4935-b2ee-837eea31a440","full":44.8},"geometry":{"type":"Polygon","coordinates":[[[136.27417,36.13566],[136.27406,36.13476],[136.27339,36.13482],[136.27351,36.13571],[136.27417,36.13566]]]}},{"type":"Feature","properties":{"pid":"3f684705-5ead-4ffc-b7d0-6418911a6b13","full":37.2},"geometry":{"type":"Polygon","coordinates":[[[136.27276,36.13486],[136.27287,36.13574],[136.27289,36.13574],[136.2729,36.13576],[136.27344,36.13572],[136.27333,36.13482],[136.27276,36.13486]]]}},{"type":"Feature","properties":{"pid":"37a887a2-a611-4824-8c29-094c728efb26","full":44.1},"geometry":{"type":"Polygon","coordinates":[[[136.27291,36.13675],[136.27355,36.1367],[136.27344,36.13579],[136.27282,36.13584],[136.27282,36.13586],[136.2728,36.13586],[136.27291,36.13675]]]}},{"type":"Feature","properties":{"pid":"cdca1d08-1205-4864-acaf-1a5013e79ea8","full":37.7},"geometry":{"type":"Polygon","coordinates":[[[136.27289,36.13675],[136.27279,36.13584],[136.27251,36.13587],[136.27248,36.13588],[136.27249,36.13594],[136.27235,36.13595],[136.27218,36.13599],[136.27225,36.13657],[136.27221,36.13657],[136.27223,36.1368],[136.27289,36.13675]],[[136.27238,36.1367],[136.2723,36.13671],[136.27228,36.13664],[136.27236,36.13663],[136.27238,36.1367]]]}},{"type":"Feature","properties":{"pid":"1b79c012-1fa4-4868-8c0e-18f990df0d78","full":46.3},"geometry":{"type":"Polygon","coordinates":[[[136.27417,36.13572],[136.27354,36.13577],[136.27353,36.13579],[136.27351,36.13579],[136.27362,36.13668],[136.27429,36.13663],[136.27417,36.13572]]]}},{"type":"Feature","properties":{"pid":"b47624de-b16c-4297-9216-3266a1548caa","full":33.3},"geometry":{"type":"Polygon","coordinates":[[[136.27419,36.13573],[136.27431,36.13663],[136.27481,36.13659],[136.2747,36.13567],[136.27422,36.13571],[136.27423,36.13573],[136.27419,36.13573]]]}},{"type":"Feature","properties":{"pid":"9a8e49ef-bc3f-4558-b809-c8a8fdebdd50","full":1.2},"geometry":{"type":"Polygon","coordinates":[[[136.27483,36.13659],[136.27495,36.13658],[136.27484,36.13568],[136.27482,36.13568],[136.27482,36.13567],[136.27471,36.13567],[136.27483,36.13659]]]}},{"type":"Feature","properties":{"pid":"6d72a5d3-4762-4cfa-b253-b3a852453398","full":1.1},"geometry":{"type":"Polygon","coordinates":[[[136.27504,36.13793],[136.27501,36.13769],[136.27484,36.13771],[136.27483,36.13773],[136.27486,36.13795],[136.27504,36.13793]]]}},{"type":"Feature","properties":{"pid":"9b47c0f3-f19b-4ddd-988c-ee1d925ebe87","full":27.5},"geometry":{"type":"Polygon","coordinates":[[[136.27488,36.1367],[136.27465,36.13672],[136.27466,36.13673],[136.27462,36.13673],[136.27462,36.13672],[136.2743,36.13675],[136.27438,36.13742],[136.27496,36.13737],[136.27488,36.1367]]]}},{"type":"Feature","properties":{"pid":"79751a78-b7aa-4f85-9475-921850c21f5e","full":44.8},"geometry":{"type":"Polygon","coordinates":[[[136.27439,36.13762],[136.2743,36.13675],[136.274,36.13677],[136.274,36.13678],[136.27396,36.13678],[136.27395,36.13677],[136.27364,36.1368],[136.27374,36.13771],[136.27436,36.13765],[136.27439,36.13762]]]}},{"type":"Feature","properties":{"pid":"d002854e-56b8-4818-a35c-15fd89caa305","full":45.1},"geometry":{"type":"Polygon","coordinates":[[[136.2729,36.13684],[136.2723,36.13689],[136.27229,36.1369],[136.27226,36.13691],[136.27237,36.13781],[136.27247,36.13781],[136.27301,36.13776],[136.2729,36.13684]]]}},{"type":"Feature","properties":{"pid":"dfe11b79-15ae-4151-81e5-9d83e9994fc3","full":19.3},"geometry":{"type":"Polygon","coordinates":[[[136.27224,36.1369],[136.27187,36.13693],[136.27191,36.13728],[136.27199,36.13729],[136.27195,36.13779],[136.27235,36.13781],[136.27224,36.1369]]]}},{"type":"Feature","properties":{"pid":"ae185e93-1a53-4a93-b917-c1274a7086db","full":33.9},"geometry":{"type":"Polygon","coordinates":[[[136.27294,36.13683],[136.27293,36.13685],[136.27291,36.13685],[136.27302,36.13776],[136.27353,36.13773],[136.27364,36.13772],[136.27356,36.13706],[136.27324,36.13709],[136.2732,36.13681],[136.27294,36.13683]]]}},{"type":"Feature","properties":{"pid":"e117ea21-a3e2-4d04-84c1-f3c51e5b736a","full":3.7},"geometry":{"type":"Polygon","coordinates":[[[136.27242,36.13805],[136.27259,36.13809],[136.27279,36.13782],[136.27278,36.13781],[136.27248,36.13784],[136.27235,36.13784],[136.27229,36.13795],[136.27223,36.13802],[136.27223,36.13804],[136.27242,36.13805]]]}},{"type":"Feature","properties":{"pid":"f50d344e-3ecf-43c4-930e-f862e5694ed1","full":0.9},"geometry":{"type":"Polygon","coordinates":[[[136.27261,36.13828],[136.27239,36.13839],[136.27248,36.13852],[136.2727,36.13841],[136.27261,36.13828]]]}},{"type":"Feature","properties":{"pid":"1ce56660-03e4-4c34-a05e-6c75f1bd2260","full":23.0},"geometry":{"type":"Polygon","coordinates":[[[136.27323,36.13844],[136.2735,36.13805],[136.27354,36.13798],[136.27352,36.13788],[136.27348,36.13784],[136.27344,36.13783],[136.27289,36.13788],[136.27285,36.13791],[136.27266,36.13819],[136.27323,36.13844]]]}},{"type":"Feature","properties":{"pid":"13cd163b-047c-4bbf-ad4f-a8d62b02a31b","full":45.3},"geometry":{"type":"Polygon","coordinates":[[[136.27397,36.13933],[136.27495,36.13961],[136.27519,36.13905],[136.27497,36.13899],[136.27494,36.13899],[136.27487,36.1388],[136.27477,36.13883],[136.2747,36.13865],[136.27444,36.13884],[136.27425,36.13902],[136.27397,36.13933]]]}},{"type":"Feature","properties":{"pid":"265daa0b-0094-4c56-b390-7ddd43e3bfe0","full":37.1},"geometry":{"type":"Polygon","coordinates":[[[136.2738,36.1393],[136.27387,36.1392],[136.27396,36.13909],[136.27418,36.13886],[136.2733,36.13848],[136.27298,36.13893],[136.2738,36.1393]]]}},{"type":"Feature","properties":{"pid":"7120b4b9-eee6-4160-8c35-32b65b6a2595","full":17.5},"geometry":{"type":"Polygon","coordinates":[[[136.27234,36.13865],[136.27291,36.1389],[136.27323,36.13845],[136.27263,36.13818],[136.27261,36.1382],[136.27275,36.13842],[136.27234,36.13865]]]}},{"type":"Feature","properties":{"pid":"56542eb9-e197-44fe-88e8-496a28a4264e","full":28.3},"geometry":{"type":"Polygon","coordinates":[[[136.27233,36.13866],[136.27213,36.13881],[136.27197,36.13894],[136.27186,36.13905],[136.27262,36.13939],[136.27266,36.13928],[136.27291,36.13891],[136.27233,36.13866]]]}},{"type":"Feature","properties":{"pid":"9e692077-8ccf-457f-9467-da2339dbe283","full":20.7},"geometry":{"type":"Polygon","coordinates":[[[136.27261,36.13939],[136.27186,36.13905],[136.27177,36.13919],[136.27169,36.13931],[136.27163,36.13946],[136.27165,36.13948],[136.27252,36.13963],[136.27261,36.13939]]]}},{"type":"Feature","properties":{"pid":"0a78ab72-95f9-4703-a9b5-a8ef7808b309","full":34.9},"geometry":{"type":"Polygon","coordinates":[[[136.27379,36.13931],[136.27298,36.13894],[136.27274,36.13929],[136.27304,36.13937],[136.27292,36.13966],[136.27312,36.13973],[136.2735,36.13978],[136.27379,36.13931]]]}},{"type":"Feature","properties":{"pid":"6f98a663-4bca-4b72-a65a-052bb0ee482f","full":37.9},"geometry":{"type":"Polygon","coordinates":[[[136.27494,36.13962],[136.27397,36.13933],[136.2738,36.13958],[136.27366,36.1398],[136.27406,36.1399],[136.27439,36.13997],[136.27448,36.13997],[136.2748,36.13994],[136.27494,36.13962]]]}},{"type":"Feature","properties":{"pid":"a2291e33-8629-4db3-bfec-266c903a7ea4","full":17.4},"geometry":{"type":"Polygon","coordinates":[[[136.25021,36.13317],[136.24983,36.13317],[136.24994,36.13394],[136.25031,36.1339],[136.25021,36.13317]]]}},{"type":"Feature","properties":{"pid":"aa5c52ba-ab1e-464f-9c7c-426eef94f5b4","full":18.3},"geometry":{"type":"Polygon","coordinates":[[[136.25063,36.13317],[136.25022,36.13317],[136.25032,36.1339],[136.25073,36.13386],[136.25063,36.13317]]]}},{"type":"Feature","properties":{"pid":"f9120bd2-9cdc-4e84-891e-39e8e1631303","full":6.0},"geometry":{"type":"Polygon","coordinates":[[[136.25173,36.13376],[136.25172,36.13375],[136.25174,36.13375],[136.2517,36.1335],[136.25124,36.13355],[136.25128,36.13381],[136.25173,36.13376]]]}},{"type":"Feature","properties":{"pid":"211a702b-594d-4765-b715-2d3461d93ec3","full":42.8},"geometry":{"type":"Polygon","coordinates":[[[136.25024,36.13488],[136.25088,36.13481],[136.25074,36.13393],[136.25011,36.134],[136.25012,36.13403],[136.2501,36.13403],[136.25024,36.13488]]]}},{"type":"Feature","properties":{"pid":"0f1be4cb-5912-4ed8-ac82-c83764c40f1e","full":39.2},"geometry":{"type":"Polygon","coordinates":[[[136.25159,36.13481],[136.25098,36.13486],[136.25113,36.13576],[136.25169,36.1357],[136.25169,36.13569],[136.25171,36.13569],[136.25159,36.13481]]]}},{"type":"Feature","properties":{"pid":"cb80f38c-fec6-4eac-ac49-050d821d0d5d","full":31.3},"geometry":{"type":"Polygon","coordinates":[[[136.25053,36.13582],[136.25103,36.13577],[136.25095,36.13528],[136.25089,36.13487],[136.25039,36.13492],[136.25053,36.13582]]]}},{"type":"Feature","properties":{"pid":"a407c18a-b1b8-453c-8c39-34f5911c5252","full":19.9},"geometry":{"type":"Polygon","coordinates":[[[136.25038,36.13492],[136.25003,36.13495],[136.25017,36.13585],[136.25053,36.13582],[136.25038,36.13492]]]}},{"type":"Feature","properties":{"pid":"4d72f470-b02d-4cbe-9388-822394d6be97","full":8.0},"geometry":{"type":"Polygon","coordinates":[[[136.25014,36.13685],[136.25035,36.13683],[136.25021,36.13594],[136.25001,36.13595],[136.25014,36.13685]]]}},{"type":"Feature","properties":{"pid":"a93d5327-df2e-4e4c-9a7e-f5b925a924df","full":56.3},"geometry":{"type":"Polygon","coordinates":[[[136.25037,36.13682],[136.25117,36.13674],[136.25109,36.13626],[136.25104,36.13584],[136.25027,36.13592],[136.25027,36.13594],[136.25024,36.13595],[136.25037,36.13682]]]}},{"type":"Feature","properties":{"pid":"390b648f-d12d-4d35-a820-af65d19161c0","full":4.3},"geometry":{"type":"Polygon","coordinates":[[[136.25138,36.13672],[136.25154,36.1367],[136.2514,36.13583],[136.25138,36.13583],[136.25137,36.13581],[136.25123,36.13582],[136.25138,36.13672]]]}},{"type":"Feature","properties":{"pid":"2bff75a7-9ad1-4abc-af68-1f74ae84a5c9","full":6.0},"geometry":{"type":"Polygon","coordinates":[[[136.25172,36.13669],[136.2516,36.13582],[136.25157,36.13583],[136.25156,36.13579],[136.2514,36.1358],[136.25154,36.1367],[136.25172,36.13669]]]}},{"type":"Feature","properties":{"pid":"f132d8fa-d57d-4a80-8846-37d5b87e2e8b","full":3.0},"geometry":{"type":"Polygon","coordinates":[[[136.25028,36.13712],[136.25031,36.13734],[136.25058,36.13796],[136.2506,36.13796],[136.25048,36.1371],[136.25028,36.13712]]]}},{"type":"Feature","properties":{"pid":"614ddbc4-54c1-4165-bc1d-7eb514d93389","full":42.7},"geometry":{"type":"Polygon","coordinates":[[[136.25063,36.13802],[136.25093,36.13799],[136.2509,36.13777],[136.25115,36.13775],[136.25119,36.13797],[136.25135,36.13795],[136.25121,36.13705],[136.25049,36.13712],[136.25061,36.13801],[136.25063,36.13801],[136.25063,36.13802]]]}},{"type":"Feature","properties":{"pid":"1c46bbd9-e3b7-4ea9-b37b-40d5d04b542e","full":8.0},"geometry":{"type":"Polygon","coordinates":[[[136.25002,36.13808],[136.25029,36.13805],[136.25027,36.13785],[136.24999,36.13719],[136.24989,36.13721],[136.25002,36.13808]]]}},{"type":"Feature","properties":{"pid":"c133ccd8-6623-40cc-8996-1fa8bdc814ad","full":17.2},"geometry":{"type":"Polygon","coordinates":[[[136.25048,36.13904],[136.25035,36.13814],[136.25004,36.13817],[136.25016,36.13908],[136.25048,36.13904]]]}},{"type":"Feature","properties":{"pid":"8fa8643d-7f95-48d6-b40e-f244ca0b8742","full":4.1},"geometry":{"type":"Polygon","coordinates":[[[136.2505,36.13902],[136.25076,36.13899],[136.25041,36.13814],[136.25036,36.13814],[136.2505,36.13902]]]}},{"type":"Feature","properties":{"pid":"ec9256a7-3ff6-4c93-8163-bdf7389192d3","full":14.3},"geometry":{"type":"Polygon","coordinates":[[[136.25097,36.13897],[136.25114,36.13895],[136.25101,36.13806],[136.2506,36.1381],[136.25097,36.13897]]]}},{"type":"Feature","properties":{"pid":"3f727bc4-5f70-4eac-aada-f3233965d491","full":19.4},"geometry":{"type":"Polygon","coordinates":[[[136.25115,36.13897],[136.2515,36.13893],[136.25137,36.13804],[136.25104,36.13808],[136.25104,36.13809],[136.25102,36.13809],[136.25115,36.13897]]]}},{"type":"Feature","properties":{"pid":"b5d93244-58fb-4416-b365-8d811f2695c2","full":20.4},"geometry":{"type":"Polygon","coordinates":[[[136.25095,36.13904],[136.25121,36.13966],[136.25146,36.13964],[136.25151,36.1399],[136.25163,36.13989],[136.2515,36.13899],[136.25095,36.13904]]]}},{"type":"Feature","properties":{"pid":"9222db73-daae-4df4-8364-06efa81bcb38","full":26.2},"geometry":{"type":"Polygon","coordinates":[[[136.25016,36.13913],[136.25029,36.14],[136.25032,36.14],[136.25032,36.14002],[136.25073,36.13998],[136.25059,36.13908],[136.25016,36.13913]]]}},{"type":"Feature","properties":{"pid":"d62311a9-07ec-4a82-9931-43f17b0129cc","full":72.0},"geometry":{"type":"Polygon","coordinates":[[[136.25272,36.13985],[136.25174,36.13994],[136.25187,36.14083],[136.25188,36.14085],[136.25286,36.14075],[136.25272,36.13985]]]}},{"type":"Feature","properties":{"pid":"4d27d5f1-b59f-43db-a7c6-4101d0c2239a","full":44.3},"geometry":{"type":"Polygon","coordinates":[[[136.25273,36.13987],[136.25286,36.14075],[136.25351,36.14069],[136.25338,36.13979],[136.25276,36.13985],[136.25276,36.13987],[136.25273,36.13987]]]}},{"type":"Feature","properties":{"pid":"cd7ac4f5-27da-48e5-bbd7-ab6bc970f100","full":10.1},"geometry":{"type":"Polygon","coordinates":[[[136.2587,36.14023],[136.25881,36.14106],[136.25896,36.14105],[136.25895,36.14069],[136.25894,36.14069],[136.25893,36.14066],[136.2591,36.14045],[136.25907,36.14034],[136.25902,36.1402],[136.2587,36.14023]]]}},{"type":"Feature","properties":{"pid":"0c56e34f-4d97-4e3f-a929-828ecb0a7711","full":1.2},"geometry":{"type":"Polygon","coordinates":[[[136.27047,36.14041],[136.27087,36.14031],[136.27082,36.14017],[136.27043,36.1403],[136.27047,36.14041]]]}},{"type":"Feature","properties":{"pid":"d9f9fd85-60a3-4f79-a749-ce570ff72e9f","full":4.2},"geometry":{"type":"Polygon","coordinates":[[[136.27047,36.14042],[136.27052,36.14059],[136.27057,36.14062],[136.27063,36.14062],[136.27066,36.14061],[136.27095,36.14047],[136.27102,36.14027],[136.27047,36.14042]]]}},{"type":"Feature","properties":{"pid":"e7ec1fc1-7f80-4c71-886c-541a2768249b","full":32.9},"geometry":{"type":"Polygon","coordinates":[[[136.26833,36.14009],[136.26845,36.14093],[136.26906,36.1409],[136.2688,36.14005],[136.26874,36.14005],[136.26833,36.14009]]]}},{"type":"Feature","properties":{"pid":"8d2dad75-cc20-4587-abe1-420fc357ad44","full":11.8},"geometry":{"type":"Polygon","coordinates":[[[136.26832,36.14009],[136.26806,36.14011],[136.26818,36.14094],[136.26845,36.14093],[136.26832,36.14009]]]}},{"type":"Feature","properties":{"pid":"68785f44-33d2-42ad-87b0-3fa02b9a886e","full":1.7},"geometry":{"type":"Polygon","coordinates":[[[136.26419,36.14017],[136.26389,36.1402],[136.26391,36.14037],[136.26419,36.14034],[136.26419,36.14033],[136.26422,36.14033],[136.26419,36.14017]]]}},{"type":"Feature","properties":{"pid":"76b034ac-f5f6-4498-9202-c09c002e93a0","full":1.4},"geometry":{"type":"Polygon","coordinates":[[[136.26326,36.14044],[136.2635,36.14041],[136.26348,36.14022],[136.26323,36.14024],[136.26326,36.14044]]]}},{"type":"Feature","properties":{"pid":"406298f2-aed5-4d5a-a400-563b6cb1a534","full":5.1},"geometry":{"type":"Polygon","coordinates":[[[136.26227,36.14029],[136.26212,36.14012],[136.26209,36.14012],[136.26165,36.14036],[136.26191,36.14049],[136.26227,36.14029]]]}},{"type":"Feature","properties":{"pid":"3aea9e24-7e7f-481f-b671-9bc341e7c5e2","full":12.7},"geometry":{"type":"Polygon","coordinates":[[[136.26281,36.14024],[136.26275,36.13984],[136.26243,36.13988],[136.26217,36.14002],[136.26239,36.1403],[136.26246,36.1403],[136.26281,36.14024]]]}},{"type":"Feature","properties":{"pid":"bf52ea88-d8d8-4daf-be4c-e1bf82c254db","full":47.0},"geometry":{"type":"Polygon","coordinates":[[[136.26132,36.13902],[136.26213,36.13998],[136.26241,36.13983],[136.26228,36.13893],[136.26132,36.13902]]]}},{"type":"Feature","properties":{"pid":"afeaaba1-ae73-4720-bcde-0db411767193","full":4.9},"geometry":{"type":"Polygon","coordinates":[[[136.26305,36.14047],[136.26296,36.13983],[136.26276,36.13984],[136.26285,36.14047],[136.26289,36.14048],[136.26305,36.14047]]]}},{"type":"Feature","properties":{"pid":"79e1eefa-6011-4014-8913-55b32469f170","full":0.7},"geometry":{"type":"Polygon","coordinates":[[[136.26323,36.14024],[136.26348,36.14022],[136.26346,36.14008],[136.26321,36.1401],[136.26323,36.14024]]]}},{"type":"Feature","properties":{"pid":"67b0ad4f-b877-4226-8f84-49d7d05aea0b","full":4.8},"geometry":{"type":"Polygon","coordinates":[[[136.26325,36.14044],[136.26321,36.1401],[136.26346,36.14007],[136.26343,36.13978],[136.26308,36.13981],[136.26317,36.14044],[136.26325,36.14044]]]}},{"type":"Feature","properties":{"pid":"9bb54014-7f2d-4a6d-a119-3216fb677518","full":8.0},"geometry":{"type":"Polygon","coordinates":[[[136.26339,36.1394],[136.26326,36.13883],[136.26303,36.13886],[136.26303,36.13887],[136.26301,36.13887],[136.26309,36.13943],[136.26339,36.1394]]]}},{"type":"Feature","properties":{"pid":"7fed5ce4-f225-45c7-b9f7-5d221d9addf4","full":6.1},"geometry":{"type":"Polygon","coordinates":[[[136.26385,36.13969],[136.26404,36.13967],[136.26391,36.13878],[136.26372,36.13879],[136.26385,36.13969]]]}},{"type":"Feature","properties":{"pid":"b151a461-ee7e-4b4e-b26f-2d28d6cca7da","full":23.7},"geometry":{"type":"Polygon","coordinates":[[[136.26417,36.13966],[136.26457,36.13962],[136.26444,36.13873],[136.26407,36.13876],[136.26407,36.13878],[136.26404,36.13878],[136.26417,36.13966]]]}},{"type":"Feature","properties":{"pid":"ff84aa0f-63cd-4ee7-b41b-7df5b1635bc4","full":6.9},"geometry":{"type":"Polygon","coordinates":[[[136.26387,36.13871],[136.26381,36.13832],[136.26346,36.13834],[136.26356,36.13874],[136.26387,36.13871]]]}},{"type":"Feature","properties":{"pid":"f96cb213-7396-4f44-8014-e2969e445b1e","full":6.1},"geometry":{"type":"Polygon","coordinates":[[[136.26321,36.13876],[136.26324,36.13876],[136.26314,36.13836],[136.26286,36.13839],[136.26292,36.13877],[136.26295,36.13877],[136.26295,36.13879],[136.26319,36.13877],[136.26321,36.13876]]]}},{"type":"Feature","properties":{"pid":"fe501e53-d09b-4d06-afce-e7d365fb5c75","full":23.3},"geometry":{"type":"Polygon","coordinates":[[[136.263,36.13886],[136.2627,36.13889],[136.26282,36.13979],[136.26341,36.13973],[136.26338,36.1394],[136.26309,36.13943],[136.263,36.13886]]]}},{"type":"Feature","properties":{"pid":"7ed7c514-67e1-4a62-b958-0b1a44f82e5d","full":12.2},"geometry":{"type":"Polygon","coordinates":[[[136.26281,36.13979],[136.26269,36.13889],[136.26243,36.13892],[136.26256,36.13981],[136.26281,36.13979]]]}},{"type":"Feature","properties":{"pid":"7d3ded0d-8c7d-4162-9018-52755aea3b90","full":1.2},"geometry":{"type":"Polygon","coordinates":[[[136.26254,36.13982],[136.26241,36.13892],[136.26229,36.13893],[136.26242,36.13983],[136.26254,36.13982]]]}},{"type":"Feature","properties":{"pid":"ef8a1eaf-e1e9-4f8c-a3ff-89e679c00506","full":18.0},"geometry":{"type":"Polygon","coordinates":[[[136.26214,36.13791],[136.262,36.13703],[136.26199,36.13702],[136.2617,36.13705],[136.2617,36.13707],[136.26168,36.13707],[136.2618,36.13794],[136.26214,36.13791]]]}},{"type":"Feature","properties":{"pid":"e5f3da5a-6d3f-43ed-a8a0-396fb9446761","full":7.6},"geometry":{"type":"Polygon","coordinates":[[[136.26404,36.13773],[136.26398,36.13738],[136.26396,36.13738],[136.26396,36.13735],[136.26364,36.13716],[136.26372,36.13776],[136.26404,36.13773]]]}},{"type":"Feature","properties":{"pid":"834def26-5b9c-429b-9160-c73abf5e3f5f","full":1.2},"geometry":{"type":"Polygon","coordinates":[[[136.26398,36.13738],[136.26404,36.13773],[136.26421,36.13771],[136.26417,36.13746],[136.26401,36.13737],[136.264,36.13738],[136.26398,36.13738]]]}},{"type":"Feature","properties":{"pid":"83553894-410a-4956-8272-d6c2d7316083","full":4.4},"geometry":{"type":"Polygon","coordinates":[[[136.26363,36.13777],[136.2636,36.13749],[136.26325,36.13752],[136.26326,36.13755],[136.26325,36.13755],[136.26331,36.13778],[136.26338,36.13778],[136.26338,36.1378],[136.26363,36.13777]]]}},{"type":"Feature","properties":{"pid":"48a714e9-5a54-4463-b7f8-48a19d409389","full":19.1},"geometry":{"type":"Polygon","coordinates":[[[136.26409,36.13868],[136.26396,36.13779],[136.26334,36.13785],[136.26346,36.13834],[136.26382,36.13831],[136.26388,36.1387],[136.26409,36.13868]],[[136.26367,36.13809],[136.26353,36.13811],[136.2635,36.138],[136.26364,36.13798],[136.26367,36.13809]]]}},{"type":"Feature","properties":{"pid":"51658212-2a8c-425a-aa51-6f846a33d740","full":17.9},"geometry":{"type":"Polygon","coordinates":[[[136.26429,36.13776],[136.26396,36.13779],[136.2641,36.13868],[136.26442,36.13865],[136.26429,36.13776]]]}},{"type":"Feature","properties":{"pid":"221bb304-6be5-42ff-94f0-ba742b14c9c8","full":76.5},"geometry":{"type":"Polygon","coordinates":[[[136.26592,36.1376],[136.26502,36.13769],[136.26516,36.13858],[136.2662,36.13848],[136.26608,36.13761],[136.26599,36.13761],[136.26592,36.1376]]]}},{"type":"Feature","properties":{"pid":"e2dc7f3c-9527-444e-970b-ce3f0d3aa264","full":4.7},"geometry":{"type":"Polygon","coordinates":[[[136.26422,36.13771],[136.26493,36.13765],[136.26491,36.13748],[136.26429,36.13754],[136.26418,36.13746],[136.26422,36.13771]]]}},{"type":"Feature","properties":{"pid":"b832c5bd-bf76-45bb-9116-fedbb3f29c5a","full":28.1},"geometry":{"type":"Polygon","coordinates":[[[136.26524,36.1368],[136.26518,36.13697],[136.26514,36.13697],[136.26504,36.13733],[136.26593,36.13725],[136.26588,36.13674],[136.26524,36.1368]]]}},{"type":"Feature","properties":{"pid":"edbc3416-71bc-4ad1-8d73-789a814959c6","full":17.1},"geometry":{"type":"Polygon","coordinates":[[[136.26504,36.13734],[136.265,36.13747],[136.265,36.1375],[136.26502,36.13764],[136.26596,36.13755],[136.26593,36.13725],[136.26504,36.13734]]]}},{"type":"Feature","properties":{"pid":"5190c471-8c6b-4887-bb76-cd134392e817","full":14.5},"geometry":{"type":"Polygon","coordinates":[[[136.26651,36.13754],[136.26645,36.13685],[136.2661,36.13687],[136.26616,36.13756],[136.26651,36.13754]]]}},{"type":"Feature","properties":{"pid":"f9495d2c-1b63-427e-b26a-a92d14be1f00","full":2.2},"geometry":{"type":"Polygon","coordinates":[[[136.26615,36.13756],[136.26609,36.13687],[136.26594,36.13688],[136.26601,36.13757],[136.26615,36.13756]]]}},{"type":"Feature","properties":{"pid":"3466e8dd-7c15-4eaa-868e-3a7848c41c8b","full":33.3},"geometry":{"type":"Polygon","coordinates":[[[136.26718,36.1375],[136.26714,36.13682],[136.26646,36.13685],[136.26652,36.13754],[136.26718,36.1375]]]}},{"type":"Feature","properties":{"pid":"e04c3cf9-52cf-4b2f-85bb-145cf58e94ff","full":11.9},"geometry":{"type":"Polygon","coordinates":[[[136.26689,36.13757],[136.26662,36.13758],[136.26674,36.1384],[136.26677,36.13841],[136.26677,36.13843],[136.26701,36.1384],[136.26689,36.13757]]]}},{"type":"Feature","properties":{"pid":"53dd42a9-3379-4952-b333-962fe493720a","full":15.5},"geometry":{"type":"Polygon","coordinates":[[[136.26642,36.13846],[136.26672,36.13843],[136.26671,36.1384],[136.26673,36.1384],[136.26661,36.13759],[136.2663,36.1376],[136.26642,36.13846]]]}},{"type":"Feature","properties":{"pid":"9ac4b30c-63d5-47a2-9515-ef4b377d59ea","full":5.3},"geometry":{"type":"Polygon","coordinates":[[[136.26685,36.1394],[136.26702,36.13938],[136.26689,36.13848],[136.26671,36.1385],[136.26685,36.1394]]]}},{"type":"Feature","properties":{"pid":"8e909208-7e1c-4880-bc12-82fc7720f0f1","full":14.4},"geometry":{"type":"Polygon","coordinates":[[[136.26655,36.13943],[136.26684,36.1394],[136.2667,36.1385],[136.26644,36.13852],[136.26644,36.13854],[136.26642,36.13854],[136.26655,36.13943]]]}},{"type":"Feature","properties":{"pid":"652377d5-8ab0-42dd-b222-b69a55efe92a","full":2.7},"geometry":{"type":"Polygon","coordinates":[[[136.2664,36.13944],[136.26654,36.13943],[136.26642,36.13854],[136.2664,36.13854],[136.26639,36.13853],[136.26627,36.13854],[136.2664,36.13944]]]}},{"type":"Feature","properties":{"pid":"6fd4d4e9-b9e2-4f9a-b21d-ea782318ee68","full":12.0},"geometry":{"type":"Polygon","coordinates":[[[136.26601,36.13948],[136.26626,36.13946],[136.26614,36.13856],[136.2659,36.13857],[136.26589,36.13858],[136.26588,36.13859],[136.26601,36.13948]]]}},{"type":"Feature","properties":{"pid":"84fd05bc-d2a1-414a-9c52-e511b6ef2e5b","full":43.5},"geometry":{"type":"Polygon","coordinates":[[[136.26523,36.13956],[136.2651,36.13871],[136.26506,36.13871],[136.26505,36.13867],[136.26445,36.13872],[136.26458,36.13962],[136.26523,36.13956]]]}},{"type":"Feature","properties":{"pid":"b3cd2d9e-4f8f-4b42-ac39-7db309f6da03","full":5.5},"geometry":{"type":"Polygon","coordinates":[[[136.26487,36.14033],[136.26505,36.14032],[136.26495,36.13963],[136.26475,36.13965],[136.26484,36.14031],[136.26486,36.1403],[136.26487,36.14033]]]}},{"type":"Feature","properties":{"pid":"ae22b16a-c507-4b48-88c3-7f161423bf44","full":14.3},"geometry":{"type":"Polygon","coordinates":[[[136.26422,36.13971],[136.2643,36.14033],[136.26444,36.14032],[136.26445,36.14037],[136.26465,36.14035],[136.26465,36.14032],[136.26467,36.14031],[136.26458,36.13967],[136.26422,36.13971]]]}},{"type":"Feature","properties":{"pid":"fc8718d5-4c44-4989-b1e7-8b4d65b6d88a","full":2.7},"geometry":{"type":"Polygon","coordinates":[[[136.26482,36.14034],[136.26482,36.14031],[136.26483,36.14031],[136.26474,36.13965],[136.26459,36.13967],[136.26468,36.14035],[136.26482,36.14034]]]}},{"type":"Feature","properties":{"pid":"6b3d3686-e39a-43ef-aafd-718689721261","full":19.6},"geometry":{"type":"Polygon","coordinates":[[[136.2658,36.13955],[136.26589,36.1402],[136.26628,36.14016],[136.26627,36.14006],[136.26631,36.14001],[136.26634,36.14],[136.26627,36.13951],[136.2658,36.13955]]]}},{"type":"Feature","properties":{"pid":"396d5f84-91e6-4e98-8128-fe09c2f4c47d","full":6.3},"geometry":{"type":"Polygon","coordinates":[[[136.2665,36.13948],[136.26628,36.13951],[136.26638,36.14016],[136.2666,36.14013],[136.2665,36.13948]]]}},{"type":"Feature","properties":{"pid":"58a36dd1-284c-4341-aa0c-db797e2bb9ab","full":13.3},"geometry":{"type":"Polygon","coordinates":[[[136.26664,36.14013],[136.26695,36.1401],[136.26686,36.13945],[136.26651,36.13949],[136.2666,36.14012],[136.26664,36.14011],[136.26664,36.14013]]]}},{"type":"Feature","properties":{"pid":"230b7006-6fcd-4b57-987a-75e41d12745f","full":30.0},"geometry":{"type":"Polygon","coordinates":[[[136.26739,36.14005],[136.26801,36.14],[136.26803,36.13998],[136.26794,36.13935],[136.2673,36.13941],[136.26739,36.14005]]]}},{"type":"Feature","properties":{"pid":"46c82769-0184-4a0d-9c9c-bc1c3f0138e1","full":1.6},"geometry":{"type":"Polygon","coordinates":[[[136.26738,36.14006],[136.26728,36.13941],[136.26714,36.13942],[136.26723,36.14005],[136.26725,36.14005],[136.26726,36.14007],[136.26738,36.14006]]]}},{"type":"Feature","properties":{"pid":"73e7be9e-e970-46fa-9474-2694193cc987","full":9.1},"geometry":{"type":"Polygon","coordinates":[[[136.26721,36.14007],[136.26721,36.14006],[136.26723,36.14005],[136.26714,36.13942],[136.26686,36.13945],[136.26696,36.1401],[136.26721,36.14007]]]}},{"type":"Feature","properties":{"pid":"c2ec0e35-eb77-4749-b49c-53d40a986280","full":3.3},"geometry":{"type":"Polygon","coordinates":[[[136.26702,36.13938],[136.26717,36.13937],[136.26705,36.13847],[136.2669,36.13848],[136.26702,36.13938]]]}},{"type":"Feature","properties":{"pid":"6124065a-1df0-46f5-bec2-d4627c4c9dd4","full":15.6},"geometry":{"type":"Polygon","coordinates":[[[136.26718,36.13937],[136.26749,36.13934],[136.26736,36.13844],[136.26706,36.13847],[136.26718,36.13937]]]}},{"type":"Feature","properties":{"pid":"a7972b86-f73d-493e-b87b-f9c8bb061772","full":13.7},"geometry":{"type":"Polygon","coordinates":[[[136.26764,36.13842],[136.26737,36.13844],[136.2675,36.13934],[136.26778,36.13931],[136.26764,36.13842]]]}},{"type":"Feature","properties":{"pid":"93348e55-794f-4a72-a14a-9e279d98f94c","full":3.0},"geometry":{"type":"Polygon","coordinates":[[[136.26765,36.13842],[136.26778,36.13931],[136.26793,36.1393],[136.2678,36.1384],[136.26765,36.13842]]]}},{"type":"Feature","properties":{"pid":"a57b161f-5551-4cac-9cc0-6f5a350c87e0","full":11.8},"geometry":{"type":"Polygon","coordinates":[[[136.26793,36.13839],[136.26807,36.13929],[136.26832,36.13927],[136.26819,36.13837],[136.26793,36.13839]]]}},{"type":"Feature","properties":{"pid":"01376e4f-1056-4178-b607-8542fb6274fc","full":1.4},"geometry":{"type":"Polygon","coordinates":[[[136.26793,36.13839],[136.2678,36.1384],[136.26794,36.1393],[136.26806,36.13929],[136.26793,36.13839]]]}},{"type":"Feature","properties":{"pid":"a0a01be2-422c-43b8-848b-187d5857769f","full":4.5},"geometry":{"type":"Polygon","coordinates":[[[136.26833,36.13927],[136.26864,36.13923],[136.26861,36.13902],[136.26841,36.13904],[136.26837,36.13884],[136.26843,36.13883],[136.26836,36.13835],[136.2682,36.13836],[136.26833,36.13927]]]}},{"type":"Feature","properties":{"pid":"ac76c79d-fb78-4201-9cd6-e591f0344fd4","full":1.4},"geometry":{"type":"Polygon","coordinates":[[[136.26851,36.13834],[136.26837,36.13835],[136.26844,36.13883],[136.26858,36.13881],[136.26851,36.13834]]]}},{"type":"Feature","properties":{"pid":"804ba6ad-b5a3-4c22-b95e-1bcec2dabc33","full":45.5},"geometry":{"type":"Polygon","coordinates":[[[136.26921,36.13829],[136.26862,36.13835],[136.26875,36.1392],[136.26877,36.1392],[136.2688,36.13936],[136.26926,36.13936],[136.26936,36.13933],[136.26921,36.13829]]]}},{"type":"Feature","properties":{"pid":"71ebd417-ee4e-4cba-a756-1a117b88d2c7","full":26.7},"geometry":{"type":"Polygon","coordinates":[[[136.26962,36.13826],[136.26922,36.13829],[136.26937,36.13933],[136.26976,36.1392],[136.26962,36.13826]]]}},{"type":"Feature","properties":{"pid":"c10cbb95-bc52-4687-baf2-92db9b0fe22e","full":4.7},"geometry":{"type":"Polygon","coordinates":[[[136.26877,36.13942],[136.2688,36.13966],[136.26882,36.13967],[136.26884,36.13967],[136.26923,36.13963],[136.26919,36.13941],[136.26877,36.13942]]]}},{"type":"Feature","properties":{"pid":"51d26790-903a-4fa5-be39-b86a33ede19f","full":33.4},"geometry":{"type":"Polygon","coordinates":[[[136.26865,36.13928],[136.26795,36.13935],[136.26804,36.13999],[136.2684,36.13997],[136.26874,36.13993],[136.26865,36.13928]]]}},{"type":"Feature","properties":{"pid":"a6d29da7-17f8-41fb-a399-170456fc3cc1","full":4.4},"geometry":{"type":"Polygon","coordinates":[[[136.26891,36.1401],[136.26919,36.14006],[136.26915,36.13973],[136.26885,36.13975],[136.26891,36.1401]]]}},{"type":"Feature","properties":{"pid":"341e1a28-dac9-4d6a-9502-483441eeae3c","full":1.8},"geometry":{"type":"Polygon","coordinates":[[[136.27076,36.13987],[136.2709,36.13982],[136.27088,36.13966],[136.27089,36.13953],[136.27066,36.13954],[136.27068,36.13965],[136.27071,36.13975],[136.27074,36.13983],[136.27076,36.13987]]]}},{"type":"Feature","properties":{"pid":"83307487-89c2-488c-97cc-5f80a8cc8198","full":5.9},"geometry":{"type":"Polygon","coordinates":[[[136.27047,36.14003],[136.2707,36.13994],[136.27076,36.13988],[136.27072,36.13982],[136.27069,36.13974],[136.27065,36.13955],[136.27036,36.13959],[136.27047,36.14003]]]}},{"type":"Feature","properties":{"pid":"087ed426-7258-492b-a719-07d791eeafff","full":3.9},"geometry":{"type":"Polygon","coordinates":[[[136.27034,36.14009],[136.27047,36.14004],[136.27035,36.13959],[136.27015,36.13961],[136.27015,36.13975],[136.27019,36.13984],[136.27024,36.13993],[136.27027,36.14001],[136.2703,36.14003],[136.27034,36.14009]]]}},{"type":"Feature","properties":{"pid":"00626722-8762-4b45-9777-04937d4e0122","full":3.5},"geometry":{"type":"Polygon","coordinates":[[[136.27043,36.14029],[136.27085,36.14016],[136.27077,36.13998],[136.27074,36.13997],[136.27073,36.13995],[136.27051,36.14006],[136.27036,36.14011],[136.27043,36.14029]]]}},{"type":"Feature","properties":{"pid":"36b8de1d-827c-4355-b755-eed2be9b58f7","full":2.4},"geometry":{"type":"Polygon","coordinates":[[[136.27168,36.14024],[136.27183,36.14026],[136.27198,36.13961],[136.27186,36.13959],[136.27185,36.13961],[136.27182,36.13962],[136.27168,36.14024]]]}},{"type":"Feature","properties":{"pid":"ffae74fe-c4c4-4f48-b6a7-4403575221b5","full":2.8},"geometry":{"type":"Polygon","coordinates":[[[136.27152,36.14021],[136.27167,36.14024],[136.27182,36.13959],[136.27167,36.13957],[136.27166,36.13959],[136.27163,36.13959],[136.27159,36.13987],[136.27159,36.13996],[136.27157,36.14006],[136.27152,36.14021]]]}},{"type":"Feature","properties":{"pid":"edaddfe0-b499-48f7-bbe7-c19e11b091c7","full":10.7},"geometry":{"type":"Polygon","coordinates":[[[136.27093,36.13814],[136.27063,36.13817],[136.27074,36.13888],[136.27093,36.13881],[136.27102,36.13877],[136.27093,36.13814]]]}},{"type":"Feature","properties":{"pid":"2ee09fc8-c12c-4ba7-ae72-14b6200c3216","full":27.4},"geometry":{"type":"Polygon","coordinates":[[[136.27023,36.13904],[136.27072,36.13888],[136.27061,36.13817],[136.27011,36.13821],[136.27023,36.13904]]]}},{"type":"Feature","properties":{"pid":"716ff148-c184-4162-8116-d10f9ada534f","full":4.1},"geometry":{"type":"Polygon","coordinates":[[[136.27023,36.13911],[136.27043,36.13935],[136.2707,36.13925],[136.27056,36.139],[136.27023,36.13911]]]}},{"type":"Feature","properties":{"pid":"b9a610cf-4105-4d98-a303-126055c8f857","full":2.7},"geometry":{"type":"Polygon","coordinates":[[[136.27052,36.13948],[136.27022,36.13911],[136.27002,36.13917],[136.27014,36.13939],[136.27024,36.13936],[136.27034,36.13951],[136.27052,36.13948]]]}},{"type":"Feature","properties":{"pid":"8df8b3c1-a1d7-4da2-aad9-169e3986500a","full":7.5},"geometry":{"type":"Polygon","coordinates":[[[136.27009,36.13821],[136.26989,36.13823],[136.27002,36.13912],[136.27022,36.13905],[136.27009,36.13821]]]}},{"type":"Feature","properties":{"pid":"7e6745de-78e6-4d71-b78d-49687ed95f37","full":11.4},"geometry":{"type":"Polygon","coordinates":[[[136.26988,36.13823],[136.26963,36.13826],[136.26977,36.1392],[136.27001,36.13912],[136.26988,36.13823]]]}},{"type":"Feature","properties":{"pid":"62a5265f-2c59-48b5-9bcc-46bfbc9778cb","full":14.6},"geometry":{"type":"Polygon","coordinates":[[[136.26973,36.13815],[136.27034,36.13809],[136.27035,36.13807],[136.27036,36.13807],[136.27028,36.13772],[136.26968,36.13777],[136.26973,36.13815]]]}},{"type":"Feature","properties":{"pid":"aa47e1a5-d104-4456-ac64-1da857537097","full":0.7},"geometry":{"type":"Polygon","coordinates":[[[136.27109,36.13803],[136.27109,36.13801],[136.2708,36.13797],[136.2708,36.13796],[136.27058,36.13796],[136.27043,36.13797],[136.27035,36.13799],[136.27037,36.13808],[136.27039,36.13809],[136.27109,36.13803]]]}},{"type":"Feature","properties":{"pid":"7e9f3dd5-357e-414b-9361-e30df8323108","full":14.7},"geometry":{"type":"Polygon","coordinates":[[[136.27094,36.13814],[136.27103,36.13876],[136.27149,36.1386],[136.2715,36.13832],[136.27127,36.13831],[136.27128,36.13812],[136.27118,36.13811],[136.27094,36.13814]]]}},{"type":"Feature","properties":{"pid":"3f11c7fc-3d8a-4471-a398-7676342c1dfe","full":3.9},"geometry":{"type":"Polygon","coordinates":[[[136.27218,36.13804],[136.27219,36.13802],[136.27222,36.13802],[136.27227,36.13797],[136.27233,36.13784],[136.27192,36.13781],[136.27191,36.13793],[136.27163,36.13793],[136.27162,36.13802],[136.27164,36.13802],[136.27164,36.13805],[136.27218,36.13804]]]}},{"type":"Feature","properties":{"pid":"b52f9c8c-7134-479a-b2c3-f3f0b287a33d","full":4.1},"geometry":{"type":"Polygon","coordinates":[[[136.27096,36.13664],[136.27102,36.13755],[136.27114,36.13758],[136.27117,36.13732],[136.27112,36.13664],[136.27096,36.13664]]]}},{"type":"Feature","properties":{"pid":"fa966d51-a612-4fc1-ada0-293c39663a23","full":2.9},"geometry":{"type":"Polygon","coordinates":[[[136.27095,36.13664],[136.2708,36.13665],[136.27088,36.13759],[136.27098,36.13752],[136.27101,36.13753],[136.27095,36.13664]]]}},{"type":"Feature","properties":{"pid":"cbd5ad42-f8b4-4517-ba47-1461f1b73b9d","full":4.3},"geometry":{"type":"Polygon","coordinates":[[[136.27072,36.13693],[136.27069,36.13693],[136.27068,36.13691],[136.27054,36.13692],[136.27059,36.13764],[136.27074,36.13765],[136.27078,36.13765],[136.27072,36.13693]]]}},{"type":"Feature","properties":{"pid":"a9d7c699-70c8-492c-8755-95d87a8d4c68","full":42.4},"geometry":{"type":"Polygon","coordinates":[[[136.26993,36.13771],[136.27019,36.13769],[136.27058,36.13764],[136.27053,36.13691],[136.27027,36.13692],[136.27026,36.13678],[136.2701,36.1367],[136.27009,36.13668],[136.26989,36.13668],[136.26989,36.1367],[136.26986,36.1367],[136.26993,36.13771]]]}},{"type":"Feature","properties":{"pid":"3102d129-0156-46ab-8f5f-df4b0f40008f","full":5.1},"geometry":{"type":"Polygon","coordinates":[[[136.26993,36.13771],[136.26985,36.13669],[136.26968,36.1367],[136.26976,36.13772],[136.26993,36.13771]]]}},{"type":"Feature","properties":{"pid":"61f89675-e852-48a1-93d9-6969ebda9f9a","full":34.2},"geometry":{"type":"Polygon","coordinates":[[[136.26859,36.13741],[136.2689,36.13739],[136.26917,36.13775],[136.26925,36.13775],[136.26918,36.13672],[136.26865,36.13674],[136.26854,36.13675],[136.26859,36.13741]]]}},{"type":"Feature","properties":{"pid":"91557037-e586-4123-b389-12fb35d8f21f","full":26.6},"geometry":{"type":"Polygon","coordinates":[[[136.26969,36.13772],[136.26962,36.1367],[136.26919,36.13672],[136.26922,36.1371],[136.26936,36.13708],[136.26939,36.13719],[136.26923,36.13722],[136.26926,36.13774],[136.26969,36.13772]]]}},{"type":"Feature","properties":{"pid":"734e99b9-2131-4cdd-9bc2-1ae2bc53f4af","full":18.3},"geometry":{"type":"Polygon","coordinates":[[[136.2688,36.13823],[136.26922,36.13819],[136.26921,36.13817],[136.26923,36.13816],[136.26918,36.13779],[136.26915,36.13779],[136.26888,36.13745],[136.26868,36.13746],[136.2688,36.13823]]]}},{"type":"Feature","properties":{"pid":"bebfe6b3-00a6-47e9-91a6-f03a3b0d2ebb","full":11.3},"geometry":{"type":"Polygon","coordinates":[[[136.26968,36.13777],[136.26919,36.13779],[136.26924,36.13816],[136.26925,36.13817],[136.26926,36.13819],[136.26973,36.13815],[136.26968,36.13777]]]}},{"type":"Feature","properties":{"pid":"c80d58d4-ba65-4d0b-9d8b-e59160eeec56","full":9.4},"geometry":{"type":"Polygon","coordinates":[[[136.26834,36.13828],[136.26858,36.13826],[136.26847,36.13747],[136.26823,36.13748],[136.26834,36.13828]]]}},{"type":"Feature","properties":{"pid":"52b546c1-8daa-44ad-912b-1696e75b32af","full":6.3},"geometry":{"type":"Polygon","coordinates":[[[136.26879,36.13823],[136.26868,36.13746],[136.26848,36.13747],[136.26859,36.13825],[136.26879,36.13823]]]}},{"type":"Feature","properties":{"pid":"e7470d10-8fd3-4988-8849-32ba2e4fed88","full":7.1},"geometry":{"type":"Polygon","coordinates":[[[136.26764,36.13752],[136.26774,36.13832],[136.26776,36.13832],[136.26776,36.13833],[136.26796,36.13831],[136.26785,36.13751],[136.26764,36.13752]]]}},{"type":"Feature","properties":{"pid":"0c13ad05-652b-4559-bcac-5b6e0bac277d","full":9.0},"geometry":{"type":"Polygon","coordinates":[[[136.26826,36.13829],[136.26815,36.13749],[136.26791,36.13751],[136.26803,36.13831],[136.26826,36.13829]]]}},{"type":"Feature","properties":{"pid":"b537c468-fa1c-407c-986c-9dae02ade236","full":8.7},"geometry":{"type":"Polygon","coordinates":[[[136.2669,36.13757],[136.26701,36.13839],[136.26714,36.13838],[136.26715,36.13839],[136.26724,36.13839],[136.26713,36.13756],[136.2669,36.13757]]]}},{"type":"Feature","properties":{"pid":"4f2395be-c7a7-4219-82c0-6abc3781a095","full":28.1},"geometry":{"type":"Polygon","coordinates":[[[136.26763,36.13753],[136.26713,36.13755],[136.26725,36.13838],[136.26771,36.13834],[136.26771,36.13831],[136.26774,36.13832],[136.26763,36.13753]]]}},{"type":"Feature","properties":{"pid":"7948e875-3b92-4b8d-bc71-c5d3f3e0ee45","full":12.8},"geometry":{"type":"Polygon","coordinates":[[[136.26746,36.1368],[136.26751,36.13748],[136.26784,36.13747],[136.26778,36.13679],[136.26746,36.1368]]]}},{"type":"Feature","properties":{"pid":"bd3f76c9-462f-494d-a805-f0323b92f33f","full":31.1},"geometry":{"type":"Polygon","coordinates":[[[136.26791,36.13745],[136.26856,36.1374],[136.26852,36.13675],[136.26786,36.13678],[136.26791,36.13745]]]}},{"type":"Feature","properties":{"pid":"01a2c092-f4c7-48c5-8640-769614b0efd8","full":3.9},"geometry":{"type":"Polygon","coordinates":[[[136.26732,36.13681],[136.26715,36.13682],[136.26719,36.1375],[136.26737,36.13749],[136.26732,36.13681]]]}},{"type":"Feature","properties":{"pid":"ce5ce804-48a9-40c2-ab7a-f5ce93508db6","full":45.2},"geometry":{"type":"Polygon","coordinates":[[[136.26852,36.13666],[136.26846,36.13575],[136.26779,36.13579],[136.26785,36.13669],[136.26852,36.13666]]]}},{"type":"Feature","properties":{"pid":"653722ca-8ca2-415d-a677-525719a5ad8a","full":44.3},"geometry":{"type":"Polygon","coordinates":[[[136.26778,36.13669],[136.26772,36.13578],[136.26707,36.13582],[136.26713,36.13672],[136.26778,36.13669]]]}},{"type":"Feature","properties":{"pid":"e04f1310-929c-4155-a8b3-51a5dac4d7cd","full":43.6},"geometry":{"type":"Polygon","coordinates":[[[136.26706,36.13575],[136.26771,36.13572],[136.26765,36.13482],[136.267,36.13485],[136.26706,36.13575]]]}},{"type":"Feature","properties":{"pid":"a7828f24-7b98-43fe-9ee9-85e3596fde41","full":16.9},"geometry":{"type":"Polygon","coordinates":[[[136.26803,36.1348],[136.26771,36.13482],[136.26778,36.13572],[136.2681,36.1357],[136.26803,36.1348]]]}},{"type":"Feature","properties":{"pid":"67a244bb-5ff5-4825-91fe-3e6b0ba86d38","full":17.5},"geometry":{"type":"Polygon","coordinates":[[[136.26837,36.13478],[136.26805,36.1348],[136.26811,36.1357],[136.26843,36.13568],[136.26837,36.13478]]]}},{"type":"Feature","properties":{"pid":"ca479d57-91e9-48ee-8d9b-4afa53703ff0","full":43.8},"geometry":{"type":"Polygon","coordinates":[[[136.26903,36.13475],[136.26838,36.13478],[136.26844,36.13568],[136.2691,36.13565],[136.26903,36.13475]]]}},{"type":"Feature","properties":{"pid":"cf925967-b9f1-4adf-a628-da078ac3e853","full":31.9},"geometry":{"type":"Polygon","coordinates":[[[136.26905,36.13475],[136.26911,36.13565],[136.26971,36.13562],[136.26968,36.13512],[136.2695,36.13508],[136.2695,36.13502],[136.26947,36.13501],[136.26946,36.1349],[136.26945,36.13485],[136.26931,36.13474],[136.26905,36.13475]]]}},{"type":"Feature","properties":{"pid":"375bb076-5d0f-4aa5-84be-e1fd5fe8b47f","full":38.9},"geometry":{"type":"Polygon","coordinates":[[[136.26919,36.13662],[136.26979,36.1366],[136.26972,36.13569],[136.26914,36.13572],[136.26919,36.13662]]]}},{"type":"Feature","properties":{"pid":"8fd6600f-3822-4cce-878a-cd5e9089a4d7","full":44.0},"geometry":{"type":"Polygon","coordinates":[[[136.26853,36.13666],[136.26918,36.13662],[136.26912,36.13573],[136.26847,36.13575],[136.26853,36.13666]]]}},{"type":"Feature","properties":{"pid":"91a11c0d-466b-4031-ab30-1b1e29dfe65a","full":17.5},"geometry":{"type":"Polygon","coordinates":[[[136.27018,36.13658],[136.27011,36.13567],[136.26979,36.13569],[136.26985,36.13659],[136.27018,36.13658]]]}},{"type":"Feature","properties":{"pid":"47a562f0-2753-47b1-bc33-c808d5ff127f","full":17.9},"geometry":{"type":"Polygon","coordinates":[[[136.27018,36.13658],[136.27052,36.13656],[136.27044,36.13566],[136.27012,36.13567],[136.27018,36.13658]]]}},{"type":"Feature","properties":{"pid":"2dbcbad4-e431-4bf8-83b1-df756f579314","full":0.8},"geometry":{"type":"Polygon","coordinates":[[[136.2712,36.13581],[136.27111,36.13597],[136.27137,36.13603],[136.27136,36.13594],[136.27133,36.13584],[136.2712,36.13581]]]}},{"type":"Feature","properties":{"pid":"9da5a4d1-3aae-45c4-81c3-d606505614c4","full":1.7},"geometry":{"type":"Polygon","coordinates":[[[136.27136,36.13603],[136.2711,36.13597],[136.27101,36.13609],[136.27111,36.13614],[136.27141,36.13625],[136.27136,36.13603]]]}},{"type":"Feature","properties":{"pid":"5c36997e-1e42-4893-9a7c-7a561386e98c","full":1.8},"geometry":{"type":"Polygon","coordinates":[[[136.27113,36.13588],[136.27126,36.13564],[136.27129,36.13561],[136.27096,36.13563],[136.27097,36.13583],[136.27113,36.13588]]]}},{"type":"Feature","properties":{"pid":"34c6490a-8176-4130-b894-3bd5c71d9f58","full":2.3},"geometry":{"type":"Polygon","coordinates":[[[136.27107,36.13541],[136.27118,36.13517],[136.27098,36.13512],[136.27084,36.13528],[136.27085,36.13537],[136.27107,36.13541]]]}},{"type":"Feature","properties":{"pid":"604e6d94-04da-4e2b-b395-09606e9d06b5","full":2.7},"geometry":{"type":"Polygon","coordinates":[[[136.27118,36.13516],[136.27121,36.13511],[136.27118,36.13499],[136.27102,36.13496],[136.27094,36.13492],[136.27086,36.13486],[136.2708,36.13487],[136.27084,36.13527],[136.27098,36.13512],[136.27118,36.13516]]]}},{"type":"Feature","properties":{"pid":"19bc7823-037e-433c-9a20-fe862c8f0d95","full":4.3},"geometry":{"type":"Polygon","coordinates":[[[136.27063,36.13557],[136.27058,36.13486],[136.2704,36.1349],[136.27044,36.13559],[136.27063,36.13557]]]}},{"type":"Feature","properties":{"pid":"520c4b87-0bd9-4965-8a71-af0ff105a46d","full":6.4},"geometry":{"type":"Polygon","coordinates":[[[136.27065,36.13558],[136.27085,36.13557],[136.27078,36.13481],[136.27058,36.13486],[136.27063,36.13555],[136.27065,36.13555],[136.27065,36.13558]]]}},{"type":"Feature","properties":{"pid":"d78f4b81-80c6-4b69-a33a-ebdbf18e40bf","full":29.6},"geometry":{"type":"Polygon","coordinates":[[[136.27039,36.1349],[136.26974,36.13504],[136.26978,36.13559],[136.26981,36.1356],[136.26981,36.13561],[136.27044,36.13559],[136.27039,36.1349]]]}},{"type":"Feature","properties":{"pid":"4dccf4a9-5b69-4ddd-9fc2-3eac5325ff7d","full":2.5},"geometry":{"type":"Polygon","coordinates":[[[136.27109,36.13473],[136.2711,36.13468],[136.27112,36.13467],[136.27108,36.13449],[136.27078,36.13459],[136.27085,36.13479],[136.27109,36.13473]]]}},{"type":"Feature","properties":{"pid":"eb0fb9d0-e271-48c8-a67f-cb1d7a726fbf","full":21.2},"geometry":{"type":"Polygon","coordinates":[[[136.27204,36.13485],[136.27198,36.13438],[136.27197,36.13438],[136.27157,36.13433],[136.27142,36.13451],[136.27144,36.13493],[136.27201,36.13488],[136.27204,36.13485]]]}},{"type":"Feature","properties":{"pid":"041700e2-d56d-4830-a888-5ba386fad4c3","full":5.2},"geometry":{"type":"Polygon","coordinates":[[[136.27192,36.1339],[136.27191,36.13371],[136.27171,36.13374],[136.27153,36.13376],[136.2716,36.13412],[136.27166,36.1341],[136.27172,36.13406],[136.27188,36.13403],[136.27188,36.13395],[136.27189,36.13391],[136.27192,36.1339]]]}},{"type":"Feature","properties":{"pid":"b160d888-e322-4237-ae9e-c1522269fe2f","full":26.2},"geometry":{"type":"Polygon","coordinates":[[[136.26907,36.13283],[136.26913,36.1337],[136.26916,36.1337],[136.26916,36.13372],[136.26951,36.1337],[136.26951,36.13356],[136.26948,36.13326],[136.2696,36.13326],[136.26957,36.1328],[136.26907,36.13283]]]}},{"type":"Feature","properties":{"pid":"e5ecf138-498f-4302-a74d-25bb534a5507","full":30.1},"geometry":{"type":"Polygon","coordinates":[[[136.26857,36.13285],[136.26864,36.13374],[136.26866,36.13375],[136.26912,36.13372],[136.26906,36.13283],[136.26857,36.13285]]]}},{"type":"Feature","properties":{"pid":"c571ce94-14ae-42e1-8931-bd5cebcdce6a","full":17.0},"geometry":{"type":"Polygon","coordinates":[[[136.26824,36.13287],[136.2683,36.13374],[136.26833,36.13374],[136.26833,36.13376],[136.26863,36.13375],[136.26856,36.13285],[136.26824,36.13287]]]}},{"type":"Feature","properties":{"pid":"10f0bbb0-9c27-4e84-862b-7e6eda4593d7","full":28.4},"geometry":{"type":"Polygon","coordinates":[[[136.2695,36.13468],[136.26949,36.13379],[136.26903,36.1338],[136.26906,36.13412],[136.26901,36.13413],[136.26905,36.1347],[136.2695,36.13468]]]}},{"type":"Feature","properties":{"pid":"4af35e71-083f-485f-8bef-f4108052bb5d","full":15.0},"geometry":{"type":"Polygon","coordinates":[[[136.26871,36.13472],[136.26904,36.1347],[136.26899,36.13413],[136.26892,36.13414],[136.2689,36.13381],[136.26864,36.13383],[136.26871,36.13472]]]}},{"type":"Feature","properties":{"pid":"76a22da0-004e-4f31-93f9-bad5d6052be9","full":16.3},"geometry":{"type":"Polygon","coordinates":[[[136.26838,36.13473],[136.2687,36.13472],[136.26863,36.13383],[136.26832,36.13385],[136.26838,36.13473]]]}},{"type":"Feature","properties":{"pid":"a4da200d-c03b-4275-bb39-30e7a74f64e9","full":43.5},"geometry":{"type":"Polygon","coordinates":[[[136.26837,36.13474],[136.2683,36.13384],[136.26765,36.13389],[136.26771,36.13477],[136.26837,36.13474]]]}},{"type":"Feature","properties":{"pid":"3a92a047-ac08-4f52-941d-bb6084e0a213","full":44.3},"geometry":{"type":"Polygon","coordinates":[[[136.26765,36.13477],[136.26757,36.13387],[136.26692,36.13391],[136.26698,36.1348],[136.26765,36.13477]]]}},{"type":"Feature","properties":{"pid":"115b1058-3339-4fb3-b8c4-1887ddaa3098","full":45.0},"geometry":{"type":"Polygon","coordinates":[[[136.26763,36.13379],[136.2683,36.13376],[136.26823,36.13286],[136.26756,36.1329],[136.26763,36.13379]]]}},{"type":"Feature","properties":{"pid":"b221f53a-4e00-43b5-a527-2828af17ba0a","full":43.7},"geometry":{"type":"Polygon","coordinates":[[[136.26691,36.13383],[136.26757,36.1338],[136.2675,36.1329],[136.26685,36.13293],[136.26691,36.13383]]]}},{"type":"Feature","properties":{"pid":"73b93cf0-fa65-44f4-9a7e-09a35d6a2d5d","full":43.3},"geometry":{"type":"Polygon","coordinates":[[[136.2669,36.13383],[136.26684,36.13293],[136.26619,36.13296],[136.26626,36.13386],[136.2669,36.13383]]]}},{"type":"Feature","properties":{"pid":"bcb06835-596b-493f-8f1b-bf7691dd75e9","full":43.6},"geometry":{"type":"Polygon","coordinates":[[[136.26625,36.13386],[136.26617,36.13297],[136.26553,36.133],[136.26559,36.13389],[136.26625,36.13386]]]}},{"type":"Feature","properties":{"pid":"b0a9fe58-0724-4e73-92cf-ce7f64d14bb4","full":18.4},"geometry":{"type":"Polygon","coordinates":[[[136.26558,36.1339],[136.26551,36.13299],[136.26522,36.13301],[136.2652,36.13332],[136.26523,36.13392],[136.26558,36.1339]]]}},{"type":"Feature","properties":{"pid":"f81c162b-9911-4790-9196-c8645e75b192","full":25.0},"geometry":{"type":"Polygon","coordinates":[[[136.26457,36.13381],[136.26472,36.13368],[136.26483,36.13354],[136.26487,36.13347],[136.26487,36.13344],[136.26493,36.13327],[136.26491,36.13326],[136.26417,36.13327],[136.26419,36.13394],[136.26437,36.13388],[136.26452,36.1338],[136.26457,36.13381]]]}},{"type":"Feature","properties":{"pid":"d6407e0f-e3f4-4e32-bf5d-ff34a96407ec","full":5.3},"geometry":{"type":"Polygon","coordinates":[[[136.26564,36.13426],[136.26561,36.13397],[136.26525,36.13398],[136.26526,36.13428],[136.26564,36.13426]]]}},{"type":"Feature","properties":{"pid":"4b60c28f-752c-4d16-9597-6e57fcf6b930","full":17.5},"geometry":{"type":"Polygon","coordinates":[[[136.26461,36.13409],[136.26485,36.13458],[136.26489,36.13457],[136.26508,36.13443],[136.26511,36.1344],[136.26513,36.13437],[136.2651,36.13362],[136.26506,36.13361],[136.26496,36.13375],[136.26489,36.13382],[136.26476,36.13394],[136.26478,36.13395],[136.26477,36.13397],[136.26473,36.13401],[136.26461,36.13409]]]}},{"type":"Feature","properties":{"pid":"da703c12-f36c-454a-b4e4-35bcca9a3bd5","full":12.2},"geometry":{"type":"Polygon","coordinates":[[[136.2646,36.13409],[136.26442,36.13417],[136.26427,36.13422],[136.26456,36.13478],[136.2646,36.13477],[136.26486,36.13459],[136.2646,36.13409]]]}},{"type":"Feature","properties":{"pid":"10cf46db-6076-47b6-9946-4e24da10381f","full":7.3},"geometry":{"type":"Polygon","coordinates":[[[136.26468,36.13499],[136.26526,36.1348],[136.26522,36.13448],[136.26518,36.13448],[136.26469,36.13482],[136.26463,36.13486],[136.26468,36.13499]]]}},{"type":"Feature","properties":{"pid":"eb075f73-9dc2-487f-ba85-7b1363eddbf7","full":13.0},"geometry":{"type":"Polygon","coordinates":[[[136.26574,36.13504],[136.26568,36.13444],[136.26529,36.13447],[136.26539,36.13505],[136.26541,36.13505],[136.26542,36.13507],[136.26574,36.13504]]]}},{"type":"Feature","properties":{"pid":"0bbd970f-a8a2-4326-aeb4-4bf68d215a4c","full":30.0},"geometry":{"type":"Polygon","coordinates":[[[136.26584,36.13486],[136.26632,36.13484],[136.26625,36.13394],[136.26579,36.13396],[136.26579,36.13398],[136.26577,36.13398],[136.26584,36.13486]]]}},{"type":"Feature","properties":{"pid":"5fdc54c0-d2be-4996-a436-0f7a20889518","full":36.7},"geometry":{"type":"Polygon","coordinates":[[[136.2664,36.13483],[136.26697,36.13481],[136.26691,36.13391],[136.26634,36.13394],[136.2664,36.13483]]]}},{"type":"Feature","properties":{"pid":"c2a90e64-15c2-44d2-b936-b381cdf6c75e","full":43.2},"geometry":{"type":"Polygon","coordinates":[[[136.26705,36.13575],[136.26698,36.13485],[136.26634,36.13488],[136.2664,36.13578],[136.26705,36.13575]]]}},{"type":"Feature","properties":{"pid":"19222316-0400-404e-a1b9-f0fa816b06f4","full":30.9},"geometry":{"type":"Polygon","coordinates":[[[136.26631,36.13489],[136.2658,36.13491],[136.26589,36.13578],[136.2659,36.1358],[136.26637,36.13578],[136.26631,36.13489]]]}},{"type":"Feature","properties":{"pid":"59423056-e9b4-4e47-800a-e1590524dcc7","full":43.8},"geometry":{"type":"Polygon","coordinates":[[[136.26712,36.13672],[136.26706,36.13581],[136.26641,36.13585],[136.26648,36.13675],[136.26712,36.13672]]]}},{"type":"Feature","properties":{"pid":"7dda2ee8-4296-4610-9b4b-c117e3701b03","full":15.1},"geometry":{"type":"Polygon","coordinates":[[[136.26617,36.13676],[136.26646,36.13675],[136.2664,36.13585],[136.26612,36.13587],[136.26612,36.13588],[136.2661,36.13589],[136.26617,36.13676]]]}},{"type":"Feature","properties":{"pid":"9876f9be-f075-4ad2-aa46-ce9c87c110c3","full":6.9},"geometry":{"type":"Polygon","coordinates":[[[136.26616,36.13676],[136.26608,36.13587],[136.26591,36.13587],[136.26592,36.13588],[136.26588,36.13589],[136.26597,36.13678],[136.26616,36.13676]]]}},{"type":"Feature","properties":{"pid":"f43677eb-5929-45b3-8792-d79d74376045","full":10.6},"geometry":{"type":"Polygon","coordinates":[[[136.26584,36.13617],[136.26535,36.13622],[136.26525,36.13656],[136.26586,36.13651],[136.26584,36.13617]]]}},{"type":"Feature","properties":{"pid":"87a0cdcb-0dab-4098-87f3-83264d7a9a96","full":7.1},"geometry":{"type":"Polygon","coordinates":[[[136.26519,36.13679],[136.26588,36.13673],[136.26587,36.13651],[136.26525,36.13657],[136.26519,36.13679]]]}},{"type":"Feature","properties":{"pid":"e2ae34d7-b0fb-4111-bc96-5b054b837d34","full":5.5},"geometry":{"type":"Polygon","coordinates":[[[136.26581,36.13579],[136.26578,36.1354],[136.26543,36.13542],[136.26545,36.13571],[136.26561,36.1357],[136.26563,36.1358],[136.26581,36.13579]]]}},{"type":"Feature","properties":{"pid":"5a4236f0-3077-4771-bf54-8d41a6c824f6","full":5.7},"geometry":{"type":"Polygon","coordinates":[[[136.26577,36.13539],[136.26574,36.13505],[136.26539,36.13508],[136.26543,36.13527],[136.26543,36.1354],[136.26545,36.1354],[136.26546,36.13542],[136.26577,36.13539]]]}},{"type":"Feature","properties":{"pid":"dfb0be5c-ddd5-4cfe-b17a-d01480b054bb","full":0.9},"geometry":{"type":"Polygon","coordinates":[[[136.26529,36.13493],[136.26527,36.13481],[136.26508,36.13486],[136.26515,36.13528],[136.26534,36.13527],[136.26534,36.1352],[136.26526,36.13519],[136.26522,36.13495],[136.26529,36.13493]]]}},{"type":"Feature","properties":{"pid":"ca0c92a1-4f42-4dca-a337-9244377723e2","full":2.0},"geometry":{"type":"Polygon","coordinates":[[[136.26502,36.13491],[136.26474,36.135],[136.26479,36.13517],[136.26507,36.13514],[136.26502,36.13491]]]}},{"type":"Feature","properties":{"pid":"d8b66fe9-2f43-4a50-bf0c-c6b369812080","full":13.8},"geometry":{"type":"Polygon","coordinates":[[[136.26303,36.13542],[136.26384,36.13541],[136.26386,36.13512],[136.26304,36.13514],[136.26302,36.13515],[136.26303,36.13542]]]}},{"type":"Feature","properties":{"pid":"d4d864ea-9c5a-4555-bdb5-9c9ecedf26b4","full":16.2},"geometry":{"type":"Polygon","coordinates":[[[136.26368,36.13542],[136.26303,36.13543],[136.26305,36.13586],[136.26366,36.1358],[136.26368,36.13542]]]}},{"type":"Feature","properties":{"pid":"362dc84a-63ae-4a02-acac-539dea4c63f7","full":16.2},"geometry":{"type":"Polygon","coordinates":[[[136.26375,36.13619],[136.2637,36.13619],[136.2637,36.13607],[136.26291,36.13615],[136.26296,36.13634],[136.26371,36.13654],[136.26375,36.13619]]]}},{"type":"Feature","properties":{"pid":"47ff7f21-a0ea-4c5f-aa0e-a3d8bd9fa2f6","full":12.7},"geometry":{"type":"Polygon","coordinates":[[[136.26209,36.13515],[136.26177,36.13516],[136.26177,36.13518],[136.26175,36.13518],[136.26187,36.13597],[136.26213,36.13595],[136.26207,36.13543],[136.26209,36.13515]]]}},{"type":"Feature","properties":{"pid":"612667e1-646f-4157-8870-c49df85ac066","full":22.3},"geometry":{"type":"Polygon","coordinates":[[[136.2623,36.13504],[136.2621,36.1343],[136.26174,36.1343],[136.26175,36.13504],[136.26177,36.13504],[136.26178,36.13505],[136.2623,36.13504]]]}},{"type":"Feature","properties":{"pid":"362dc75b-3791-44c3-bf04-20f8e55f9793","full":32.6},"geometry":{"type":"Polygon","coordinates":[[[136.26244,36.1343],[136.26262,36.13504],[136.26315,36.13504],[136.26312,36.13428],[136.26244,36.1343]]]}},{"type":"Feature","properties":{"pid":"fc192061-5e17-4097-b4f3-95e20f8022e7","full":5.9},"geometry":{"type":"Polygon","coordinates":[[[136.26335,36.13503],[136.26333,36.13429],[136.26332,36.13428],[136.26313,36.13428],[136.26316,36.13504],[136.26335,36.13503]]]}},{"type":"Feature","properties":{"pid":"382c45a8-7c01-4499-ae77-cba67a6ff8c4","full":5.5},"geometry":{"type":"Polygon","coordinates":[[[136.26341,36.13428],[136.26343,36.13503],[136.26363,36.13502],[136.2636,36.13427],[136.26341,36.13428]]]}},{"type":"Feature","properties":{"pid":"c60beab3-ea12-4f5a-8a73-b2b19cbedb27","full":6.8},"geometry":{"type":"Polygon","coordinates":[[[136.26419,36.13494],[136.26455,36.13479],[136.26426,36.13422],[136.26418,36.13424],[136.26419,36.13494]]]}},{"type":"Feature","properties":{"pid":"a02c49a3-cc38-4e03-bcdb-dde50d06d224","full":20.3},"geometry":{"type":"Polygon","coordinates":[[[136.264,36.135],[136.264,36.13478],[136.26406,36.13477],[136.26406,36.13425],[136.26361,36.13427],[136.26364,36.13503],[136.26392,36.13502],[136.264,36.135]]]}},{"type":"Feature","properties":{"pid":"8e8a5f28-decf-484d-bb35-bbbec360fec9","full":42.0},"geometry":{"type":"Polygon","coordinates":[[[136.26338,36.13328],[136.2634,36.134],[136.26394,36.13399],[136.26406,36.13398],[136.26418,36.13395],[136.26416,36.13327],[136.26338,36.13328]]]}},{"type":"Feature","properties":{"pid":"a91de694-9e74-47ce-b6f1-4f8aa99c0583","full":17.8},"geometry":{"type":"Polygon","coordinates":[[[136.26055,36.13377],[136.26035,36.13393],[136.26035,36.13405],[136.261,36.13405],[136.26098,36.13346],[136.26058,36.1335],[136.26055,36.13377]]]}},{"type":"Feature","properties":{"pid":"39df2e98-26aa-44e0-a66c-30516a50a451","full":20.5},"geometry":{"type":"Polygon","coordinates":[[[136.26151,36.13404],[136.26149,36.13331],[136.26105,36.13332],[136.26108,36.13404],[136.26151,36.13404]]]}},{"type":"Feature","properties":{"pid":"623f3f64-5dd7-4833-be97-917e67608bc3","full":21.5},"geometry":{"type":"Polygon","coordinates":[[[136.26205,36.13403],[136.26186,36.1333],[136.2615,36.13331],[136.26151,36.13404],[136.26205,36.13403]]]}},{"type":"Feature","properties":{"pid":"08edb2ec-3c44-4650-9471-b30010c28736","full":34.7},"geometry":{"type":"Polygon","coordinates":[[[136.26174,36.13505],[136.26172,36.1343],[136.26108,36.13432],[136.2611,36.13505],[136.26113,36.13505],[136.26113,36.13507],[136.26174,36.13505]]]}},{"type":"Feature","properties":{"pid":"e60a05dc-5762-4efb-b7e1-9a1041d84325","full":23.6},"geometry":{"type":"Polygon","coordinates":[[[136.261,36.13435],[136.26054,36.13436],[136.26055,36.13513],[136.26056,36.13513],[136.26057,36.13514],[136.26075,36.13512],[136.26102,36.13508],[136.261,36.13435]]]}},{"type":"Feature","properties":{"pid":"83547792-0f95-4b58-8e3d-2d9f23339d33","full":25.2},"geometry":{"type":"Polygon","coordinates":[[[136.26055,36.13514],[136.26053,36.13436],[136.26011,36.13436],[136.26001,36.13437],[136.26013,36.13516],[136.26014,36.13516],[136.26015,36.13517],[136.26055,36.13514]]]}},{"type":"Feature","properties":{"pid":"c9353c28-ad66-464b-b00b-c426041e8cc8","full":2.9},"geometry":{"type":"Polygon","coordinates":[[[136.26013,36.13518],[136.26,36.13437],[136.25985,36.13438],[136.25997,36.13518],[136.25999,36.13518],[136.25999,36.13519],[136.26013,36.13518]]]}},{"type":"Feature","properties":{"pid":"9cf3260e-342f-4f01-9eda-e2b2a675ebe9","full":13.4},"geometry":{"type":"Polygon","coordinates":[[[136.25997,36.13518],[136.25985,36.13439],[136.25955,36.13441],[136.25967,36.13522],[136.25996,36.13519],[136.25995,36.13518],[136.25997,36.13518]]]}},{"type":"Feature","properties":{"pid":"9d932288-549d-4595-863a-a93c20ff8d86","full":35.0},"geometry":{"type":"Polygon","coordinates":[[[136.25966,36.13522],[136.25954,36.13442],[136.25895,36.13447],[136.25907,36.13528],[136.25966,36.13522]]]}},{"type":"Feature","properties":{"pid":"88c5293d-4fef-414b-bce8-ab61cf446dfa","full":3.1},"geometry":{"type":"Polygon","coordinates":[[[136.25904,36.13415],[136.25909,36.13442],[136.2599,36.13433],[136.2599,36.13431],[136.25949,36.13426],[136.25926,36.13422],[136.25904,36.13415]]]}},{"type":"Feature","properties":{"pid":"97dc0455-a80d-4064-a8e8-1a672791e2e2","full":13.2},"geometry":{"type":"Polygon","coordinates":[[[136.2581,36.1332],[136.25757,36.1332],[136.25757,36.13322],[136.25755,36.13322],[136.25755,36.13358],[136.25806,36.13362],[136.2581,36.1332]]]}},{"type":"Feature","properties":{"pid":"a0983c5c-5ac7-4216-abe2-16d63038380f","full":19.9},"geometry":{"type":"Polygon","coordinates":[[[136.25695,36.13321],[136.25692,36.13365],[136.25686,36.13372],[136.25683,36.1338],[136.25683,36.1339],[136.25722,36.13368],[136.25737,36.13362],[136.25754,36.13359],[136.25754,36.1332],[136.25695,36.13321]]]}},{"type":"Feature","properties":{"pid":"96427e34-8070-4388-b8a1-d1a429e7da32","full":10.1},"geometry":{"type":"Polygon","coordinates":[[[136.25778,36.13433],[136.2576,36.13444],[136.2578,36.13466],[136.25781,36.13469],[136.2582,36.13465],[136.25813,36.13425],[136.25778,36.13433]]]}},{"type":"Feature","properties":{"pid":"c67b9d35-33dd-41e0-a3b8-54c567dba362","full":4.5},"geometry":{"type":"Polygon","coordinates":[[[136.25824,36.1349],[136.2582,36.13465],[136.25781,36.13469],[136.25784,36.13491],[136.25787,36.13492],[136.25787,36.13494],[136.25824,36.1349]]]}},{"type":"Feature","properties":{"pid":"c9076c50-d5ac-4b7b-b292-1b0a9baf80a3","full":7.6},"geometry":{"type":"Polygon","coordinates":[[[136.25847,36.13452],[136.25826,36.13454],[136.25838,36.13535],[136.25859,36.13533],[136.25847,36.13452]]]}},{"type":"Feature","properties":{"pid":"b5a57e64-9400-4d87-8963-0e9cc9bcd33a","full":24.9},"geometry":{"type":"Polygon","coordinates":[[[136.25904,36.13415],[136.25857,36.134],[136.25839,36.13396],[136.25818,36.13393],[136.25822,36.13423],[136.25821,36.13424],[136.25825,36.1345],[136.25908,36.13442],[136.25904,36.13415]]]}},{"type":"Feature","properties":{"pid":"ee18cde6-6dff-4b0e-9553-94cce78d75a5","full":25.2},"geometry":{"type":"Polygon","coordinates":[[[136.25848,36.13452],[136.25861,36.13532],[136.25906,36.13528],[136.25894,36.13447],[136.25848,36.13452]]]}},{"type":"Feature","properties":{"pid":"453642cc-60aa-4592-ab9d-a6202b26d414","full":18.4},"geometry":{"type":"Polygon","coordinates":[[[136.25953,36.1362],[136.25941,36.13536],[136.2594,36.13536],[136.2594,36.13535],[136.25906,36.13538],[136.25918,36.13623],[136.25953,36.1362]]]}},{"type":"Feature","properties":{"pid":"f248f004-ab4f-4063-a167-10cdde036a40","full":16.2},"geometry":{"type":"Polygon","coordinates":[[[136.25917,36.13623],[136.25905,36.13538],[136.25875,36.13541],[136.25875,36.13543],[136.25873,36.13543],[136.25885,36.13627],[136.25917,36.13623]]]}},{"type":"Feature","properties":{"pid":"cc851d46-6e9d-4bab-a0ea-15154887e6c8","full":0.7},"geometry":{"type":"Polygon","coordinates":[[[136.25713,36.13595],[136.25686,36.13575],[136.25677,36.13585],[136.25706,36.13605],[136.25713,36.13595]]]}},{"type":"Feature","properties":{"pid":"b3e0f5b0-63fd-4ddf-ab99-736a06249ca7","full":4.6},"geometry":{"type":"Polygon","coordinates":[[[136.25675,36.13647],[136.25708,36.13644],[136.25708,36.13643],[136.25709,36.13642],[136.25705,36.13616],[136.25671,36.13618],[136.25675,36.13647]]]}},{"type":"Feature","properties":{"pid":"a2fa46a0-10b9-43ac-bc3c-eb3549a1c6b4","full":17.5},"geometry":{"type":"Polygon","coordinates":[[[136.25884,36.13627],[136.25872,36.13543],[136.25871,36.13543],[136.25871,36.13541],[136.25838,36.13544],[136.25851,36.1363],[136.25884,36.13627]]]}},{"type":"Feature","properties":{"pid":"c4b95f6b-ae7f-4108-9880-62c58c33ba3c","full":11.5},"geometry":{"type":"Polygon","coordinates":[[[136.25979,36.13617],[136.25967,36.13532],[136.25943,36.13534],[136.25943,36.13536],[136.25941,36.13536],[136.25954,36.1362],[136.25979,36.13617]]]}},{"type":"Feature","properties":{"pid":"2a3c35cb-fff0-477f-ad96-9a138fa108c5","full":67.0},"geometry":{"type":"Polygon","coordinates":[[[136.25981,36.13617],[136.26078,36.13607],[136.26065,36.13522],[136.25969,36.13532],[136.2597,36.13534],[136.25968,36.13534],[136.25981,36.13617]]]}},{"type":"Feature","properties":{"pid":"6fb760da-4362-4ec3-96ee-22d0051ad9c3","full":38.7},"geometry":{"type":"Polygon","coordinates":[[[136.26146,36.13601],[136.26134,36.13516],[136.26104,36.13517],[136.26073,36.13521],[136.26086,36.13605],[136.26088,36.13605],[136.26089,36.13607],[136.26146,36.13601]]]}},{"type":"Feature","properties":{"pid":"271ed4de-5c3d-4dd2-8a6b-69233c09b9a6","full":20.0},"geometry":{"type":"Polygon","coordinates":[[[136.26173,36.13518],[136.26172,36.13518],[136.26171,36.13515],[136.26135,36.13516],[136.26147,36.13601],[136.26186,36.13597],[136.26173,36.13518]]]}},{"type":"Feature","properties":{"pid":"7ea62587-6ad2-4a8f-be29-d3437bd73034","full":34.7},"geometry":{"type":"Polygon","coordinates":[[[136.2617,36.13796],[136.26157,36.13706],[136.26105,36.13711],[136.26104,36.13713],[136.26116,36.138],[136.26117,36.13801],[136.2617,36.13796]]]}},{"type":"Feature","properties":{"pid":"bb1e0504-bf22-42f4-a168-713c4c0e1d8a","full":9.5},"geometry":{"type":"Polygon","coordinates":[[[136.25971,36.13761],[136.25974,36.13761],[136.25976,36.1378],[136.26009,36.13776],[136.26002,36.13727],[136.25972,36.13729],[136.25972,36.13723],[136.25967,36.13724],[136.25971,36.13761]]]}},{"type":"Feature","properties":{"pid":"007a17fa-e5e0-4504-8457-f88aed7e0bd7","full":10.5},"geometry":{"type":"Polygon","coordinates":[[[136.26053,36.13807],[136.26039,36.13719],[136.26037,36.13719],[136.26036,36.13718],[136.26002,36.13721],[136.2601,36.13776],[136.2602,36.13773],[136.26022,36.13767],[136.26037,36.13768],[136.26042,36.13808],[136.26053,36.13807]]]}},{"type":"Feature","properties":{"pid":"0642539b-c440-45f1-aeda-cbf340ed7a19","full":39.5},"geometry":{"type":"Polygon","coordinates":[[[136.26189,36.1389],[136.26176,36.138],[136.26117,36.13805],[136.26129,36.13893],[136.26133,36.13893],[136.26134,36.13895],[136.26189,36.1389]]]}},{"type":"Feature","properties":{"pid":"5933e6e4-ecfd-4efb-9124-8ad2e6875f81","full":9.0},"geometry":{"type":"Polygon","coordinates":[[[136.26114,36.13847],[136.26099,36.13853],[136.26092,36.13839],[136.26112,36.13832],[136.26108,36.13806],[136.26081,36.13809],[136.26094,36.13897],[136.26121,36.13894],[136.26114,36.13847]]]}},{"type":"Feature","properties":{"pid":"e6e92fa4-27d8-4ae9-a8c4-48a2fc51cf57","full":4.1},"geometry":{"type":"Polygon","coordinates":[[[136.26081,36.13898],[136.26068,36.1381],[136.26052,36.13811],[136.26065,36.13899],[136.26081,36.13898]]]}},{"type":"Feature","properties":{"pid":"e400f136-d6b9-4b23-99a9-e33cf827157e","full":2.0},"geometry":{"type":"Polygon","coordinates":[[[136.26058,36.13931],[136.26104,36.13906],[136.26103,36.13905],[136.26043,36.13911],[136.26043,36.13913],[136.26058,36.13931]]]}},{"type":"Feature","properties":{"pid":"87f35f74-7357-4274-8294-036b5ddd62a7","full":13.9},"geometry":{"type":"Polygon","coordinates":[[[136.26081,36.13959],[136.26139,36.13927],[136.2612,36.13903],[136.26109,36.13904],[136.26058,36.13932],[136.26081,36.13959]]]}},{"type":"Feature","properties":{"pid":"d4534412-bff7-4136-b51e-a3b04a77bb6c","full":34.8},"geometry":{"type":"Polygon","coordinates":[[[136.26187,36.13983],[136.26139,36.13927],[136.26081,36.13959],[136.26122,36.14007],[136.26126,36.14008],[136.2613,36.14014],[136.26187,36.13983]]]}},{"type":"Feature","properties":{"pid":"3524a1de-19d7-434d-87d8-049ad67bf9d3","full":13.9},"geometry":{"type":"Polygon","coordinates":[[[136.25937,36.14011],[136.25947,36.13996],[136.25948,36.13997],[136.25974,36.13958],[136.25945,36.1392],[136.25924,36.13923],[136.25937,36.14011]]]}},{"type":"Feature","properties":{"pid":"440d7960-3e51-4951-acfa-7ddf73614c96","full":2.6},"geometry":{"type":"Polygon","coordinates":[[[136.26004,36.13915],[136.25957,36.13919],[136.25981,36.13949],[136.26004,36.13915]]]}},{"type":"Feature","properties":{"pid":"eba08722-25d3-4ce1-a0d8-6b918b30e849","full":1.0},"geometry":{"type":"Polygon","coordinates":[[[136.26064,36.13899],[136.26052,36.13812],[136.26039,36.13813],[136.26052,36.13901],[136.26064,36.13899]]]}},{"type":"Feature","properties":{"pid":"428bfc5a-9bf1-48d1-835b-0de27be7eb91","full":11.4},"geometry":{"type":"Polygon","coordinates":[[[136.26052,36.13901],[136.26039,36.13813],[136.26027,36.13814],[136.26031,36.13849],[136.25991,36.13853],[136.2603,36.13901],[136.26033,36.13902],[136.26052,36.13901]]]}},{"type":"Feature","properties":{"pid":"8145c860-0103-4692-87e9-43660163f00e","full":13.5},"geometry":{"type":"Polygon","coordinates":[[[136.26013,36.13898],[136.25994,36.13874],[136.25927,36.13881],[136.25951,36.13911],[136.25954,36.13911],[136.25955,36.13912],[136.26008,36.13907],[136.26013,36.13898]]]}},{"type":"Feature","properties":{"pid":"3101211c-32ee-44ef-9148-b87f93f67436","full":6.2},"geometry":{"type":"Polygon","coordinates":[[[136.25994,36.13874],[136.25978,36.13853],[136.25913,36.13864],[136.25926,36.1388],[136.25994,36.13874]]]}},{"type":"Feature","properties":{"pid":"b6e5ca43-c5e7-48f0-b695-8d2745f39bf8","full":52.7},"geometry":{"type":"Polygon","coordinates":[[[136.25826,36.13833],[136.25823,36.13834],[136.25821,36.13837],[136.25831,36.13908],[136.25833,36.1391],[136.25837,36.13912],[136.25841,36.13912],[136.2593,36.13904],[136.25933,36.13903],[136.25933,36.139],[136.25906,36.13864],[136.25898,36.13831],[136.25895,36.13828],[136.25893,36.13827],[136.25826,36.13833]]]}},{"type":"Feature","properties":{"pid":"2fd27187-2426-43ef-83f4-476c37c4d64e","full":16.3},"geometry":{"type":"Polygon","coordinates":[[[136.25856,36.13977],[136.25859,36.13975],[136.25865,36.13982],[136.25857,36.13986],[136.25862,36.14019],[136.25894,36.14016],[136.25881,36.13926],[136.25849,36.13929],[136.25856,36.13977]]]}},{"type":"Feature","properties":{"pid":"9820ce21-867f-493e-85d8-537d156ec620","full":24.5},"geometry":{"type":"Polygon","coordinates":[[[136.25923,36.13923],[136.25882,36.13926],[136.25895,36.14016],[136.25936,36.14011],[136.25923,36.13923]]]}},{"type":"Feature","properties":{"pid":"c6ab96c7-23de-4264-a6a2-c7905030edfd","full":44.4},"geometry":{"type":"Polygon","coordinates":[[[136.25861,36.14019],[136.25856,36.13987],[136.25849,36.1398],[136.25855,36.13976],[136.25848,36.13929],[136.25782,36.13936],[136.25795,36.14025],[136.25861,36.14019]]]}},{"type":"Feature","properties":{"pid":"c5c2eaef-72cd-49f0-bc78-b56bc9babbaa","full":63.1},"geometry":{"type":"Polygon","coordinates":[[[136.25784,36.13993],[136.25775,36.13938],[136.25677,36.13948],[136.25691,36.14036],[136.25769,36.14028],[136.25764,36.13995],[136.25784,36.13993]]]}},{"type":"Feature","properties":{"pid":"e4251185-3358-40ab-8d54-01e761f211f3","full":23.9},"geometry":{"type":"Polygon","coordinates":[[[136.25809,36.13835],[136.2577,36.13839],[136.25783,36.13929],[136.2582,36.13926],[136.25821,36.13925],[136.25822,36.13924],[136.25809,36.13835]]]}},{"type":"Feature","properties":{"pid":"0b283f1e-317c-4ddb-a091-c3d4e633c839","full":45.1},"geometry":{"type":"Polygon","coordinates":[[[136.25709,36.13935],[136.25711,36.13935],[136.25711,36.13936],[136.25775,36.1393],[136.25761,36.1384],[136.25695,36.13846],[136.25709,36.13935]]]}},{"type":"Feature","properties":{"pid":"1f85abb1-ecfc-4cd4-93d3-b4b744756dcd","full":17.5},"geometry":{"type":"Polygon","coordinates":[[[136.25708,36.13937],[136.25695,36.13846],[136.25662,36.13849],[136.25676,36.13939],[136.25678,36.13939],[136.25678,36.1394],[136.25708,36.13937]]]}},{"type":"Feature","properties":{"pid":"05c7fe68-603e-43c6-a9a5-a47f29c23aea","full":18.7},"geometry":{"type":"Polygon","coordinates":[[[136.25675,36.13752],[136.25687,36.13841],[136.25721,36.13838],[136.25708,36.13749],[136.25675,36.13752]]]}},{"type":"Feature","properties":{"pid":"9ea8578a-2c3c-4be2-9477-11b3ddeac64d","full":22.1},"geometry":{"type":"Polygon","coordinates":[[[136.25709,36.13749],[136.25722,36.13838],[136.2576,36.13835],[136.25747,36.13745],[136.25709,36.13749]]]}},{"type":"Feature","properties":{"pid":"53e4dacb-097c-4ce5-9eb1-12007c70bf97","full":18.1},"geometry":{"type":"Polygon","coordinates":[[[136.25788,36.13745],[136.25785,36.13744],[136.25785,36.13742],[136.25755,36.13744],[136.25768,36.13834],[136.25802,36.13831],[136.25788,36.13745]]]}},{"type":"Feature","properties":{"pid":"85e2d7c3-348f-4033-92ab-1a2ce7f80095","full":17.4},"geometry":{"type":"Polygon","coordinates":[[[136.25875,36.13733],[136.25858,36.13735],[136.25858,36.13737],[136.25855,36.13737],[136.25868,36.13824],[136.259,36.13821],[136.25896,36.13808],[136.25911,36.13801],[136.25887,36.13768],[136.25899,36.1376],[136.25875,36.13733]]]}},{"type":"Feature","properties":{"pid":"efb6736b-d24f-4114-8119-56f11fac063d","full":43.5},"geometry":{"type":"Polygon","coordinates":[[[136.25854,36.13735],[136.25789,36.13741],[136.25802,36.13831],[136.25868,36.13824],[136.25854,36.13735]]]}},{"type":"Feature","properties":{"pid":"a660c519-4d7d-4e6a-b7f2-ddcfa8d776ef","full":0.7},"geometry":{"type":"Polygon","coordinates":[[[136.25722,36.13682],[136.25778,36.13677],[136.25775,36.13666],[136.25723,36.13671],[136.25723,36.13674],[136.25721,36.13674],[136.25722,36.13682]]]}},{"type":"Feature","properties":{"pid":"faa8fce5-7c76-4ae5-a5b2-c6b8ead4d0e3","full":2.5},"geometry":{"type":"Polygon","coordinates":[[[136.25722,36.13683],[136.25724,36.13696],[136.25726,36.13696],[136.25726,36.13697],[136.25779,36.13692],[136.25777,36.13677],[136.25722,36.13683]]]}},{"type":"Feature","properties":{"pid":"29613e25-7f71-4d95-b10f-034b97d64988","full":1.3},"geometry":{"type":"Polygon","coordinates":[[[136.25726,36.1371],[136.25781,36.13704],[136.25779,36.13692],[136.25726,36.13698],[136.25726,36.13701],[136.25724,36.13701],[136.25726,36.1371]]]}},{"type":"Feature","properties":{"pid":"2f4e0b02-be87-40aa-b031-0c69bed047c4","full":7.0},"geometry":{"type":"Polygon","coordinates":[[[136.25677,36.13651],[136.25658,36.13653],[136.25671,36.13743],[136.25674,36.13743],[136.25674,36.13744],[136.25691,36.13743],[136.25677,36.13651]]]}},{"type":"Feature","properties":{"pid":"b0421ddd-84ce-47fc-955a-6d4495de09c6","full":17.0},"geometry":{"type":"Polygon","coordinates":[[[136.25678,36.13651],[136.25691,36.13741],[136.25694,36.13741],[136.25695,36.13742],[136.25723,36.13739],[136.25713,36.13672],[136.25709,36.13649],[136.25678,36.13651]]]}},{"type":"Feature","properties":{"pid":"4680a6be-5760-4b44-8f29-c1b76321141d","full":20.0},"geometry":{"type":"Polygon","coordinates":[[[136.25601,36.13659],[136.25614,36.13748],[136.25617,36.13748],[136.25617,36.13749],[136.25649,36.13746],[136.25636,36.13655],[136.25601,36.13659]]]}},{"type":"Feature","properties":{"pid":"7568c61b-2d2f-4fc0-a44d-8c9100cf2534","full":7.8},"geometry":{"type":"Polygon","coordinates":[[[136.25657,36.13653],[136.25637,36.13655],[136.2565,36.13746],[136.25668,36.13744],[136.25668,36.13743],[136.25671,36.13743],[136.25657,36.13653]]]}},{"type":"Feature","properties":{"pid":"de1609f4-6a7e-43b4-acc6-8b848c13fb9e","full":17.5},"geometry":{"type":"Polygon","coordinates":[[[136.25534,36.13665],[136.25548,36.13754],[136.2555,36.13754],[136.25551,36.13756],[136.2558,36.13753],[136.25567,36.13662],[136.25534,36.13665]]]}},{"type":"Feature","properties":{"pid":"464fce48-499c-449b-8502-484444d8b7e1","full":18.1},"geometry":{"type":"Polygon","coordinates":[[[136.25567,36.13662],[136.25581,36.13753],[136.2561,36.1375],[136.2561,36.13749],[136.25614,36.13749],[136.256,36.13659],[136.25567,36.13662]]]}},{"type":"Feature","properties":{"pid":"8c6a34be-8da0-4929-9b8e-570876b6ddf1","full":18.3},"geometry":{"type":"Polygon","coordinates":[[[136.25501,36.13669],[136.25514,36.13759],[136.25546,36.13757],[136.25546,36.13755],[136.25547,36.13755],[136.25534,36.13665],[136.25501,36.13669]]]}},{"type":"Feature","properties":{"pid":"409a1264-7e53-4ac2-8841-ab6f1593019d","full":18.0},"geometry":{"type":"Polygon","coordinates":[[[136.25467,36.13672],[136.25481,36.13762],[136.25484,36.13762],[136.25485,36.13762],[136.25514,36.13759],[136.25501,36.13668],[136.25467,36.13672]]]}},{"type":"Feature","properties":{"pid":"8570df77-ad79-46cb-a593-1b17944dd7b5","full":18.1},"geometry":{"type":"Polygon","coordinates":[[[136.25467,36.13672],[136.25435,36.13675],[136.25447,36.13763],[136.2545,36.13763],[136.2545,36.13765],[136.2548,36.13762],[136.25467,36.13672]]]}},{"type":"Feature","properties":{"pid":"6ca07191-ac5a-4189-9ac9-a17129ee4b4e","full":17.7},"geometry":{"type":"Polygon","coordinates":[[[136.25396,36.13679],[136.25409,36.13767],[136.25411,36.13767],[136.25412,36.13769],[136.25441,36.13766],[136.25429,36.13675],[136.25396,36.13679]]]}},{"type":"Feature","properties":{"pid":"7ad3bb4f-6e96-4695-b5b7-21eda33f67de","full":17.6},"geometry":{"type":"Polygon","coordinates":[[[136.25411,36.1378],[136.25423,36.13867],[136.25456,36.13864],[136.25443,36.13774],[136.25413,36.13777],[136.25413,36.13779],[136.25411,36.1378]]]}},{"type":"Feature","properties":{"pid":"a588fcf6-6e91-4e7f-8491-74bb0ba63e47","full":36.1},"geometry":{"type":"Polygon","coordinates":[[[136.25449,36.13774],[136.25462,36.13863],[136.25518,36.13858],[136.25504,36.13772],[136.25502,36.13772],[136.25502,36.13769],[136.25449,36.13774]]]}},{"type":"Feature","properties":{"pid":"f57203ee-4a52-4131-b192-182a51a9588b","full":26.5},"geometry":{"type":"Polygon","coordinates":[[[136.25505,36.13772],[136.25518,36.13858],[136.25562,36.13854],[136.25548,36.13764],[136.25507,36.13768],[136.25507,36.13772],[136.25505,36.13772]]]}},{"type":"Feature","properties":{"pid":"6ba74739-ed10-4e77-8928-b856a438df95","full":35.3},"geometry":{"type":"Polygon","coordinates":[[[136.2555,36.13766],[136.25562,36.13854],[136.25617,36.13848],[136.25603,36.13759],[136.25551,36.13764],[136.25552,36.13766],[136.2555,36.13766]]]}},{"type":"Feature","properties":{"pid":"2da32d3b-29cd-433e-b8a1-55a7d8366955","full":8.6},"geometry":{"type":"Polygon","coordinates":[[[136.25604,36.13759],[136.25617,36.13848],[136.25639,36.13846],[136.25626,36.13757],[136.25604,36.13759]]]}},{"type":"Feature","properties":{"pid":"0b964faa-e5ce-4353-979b-0221cd1fe5f4","full":8.7},"geometry":{"type":"Polygon","coordinates":[[[136.25648,36.13754],[136.25629,36.13757],[136.25629,36.13759],[136.25626,36.1376],[136.2564,36.13846],[136.25661,36.13844],[136.25648,36.13754]]]}},{"type":"Feature","properties":{"pid":"39bfbefa-12f9-41a0-9954-9f5895796d76","full":10.5},"geometry":{"type":"Polygon","coordinates":[[[136.25685,36.13842],[136.25673,36.13752],[136.25649,36.13755],[136.25662,36.13844],[136.25685,36.13842]]]}},{"type":"Feature","properties":{"pid":"5938d0c5-d287-4cae-8e7a-8f42799645f5","full":17.9},"geometry":{"type":"Polygon","coordinates":[[[136.25576,36.13949],[136.25606,36.13947],[136.25606,36.13946],[136.25609,36.13945],[136.25596,36.13856],[136.25563,36.13859],[136.25576,36.13949]]]}},{"type":"Feature","properties":{"pid":"1818c474-0463-4fca-996e-df5e5bfdec8e","full":16.9},"geometry":{"type":"Polygon","coordinates":[[[136.25544,36.13951],[136.25546,36.13951],[136.25546,36.13952],[136.25575,36.13949],[136.25562,36.13859],[136.2553,36.13862],[136.25544,36.13951]]]}},{"type":"Feature","properties":{"pid":"68088d64-45cd-4eea-b1c9-939f2cf2e7b2","full":17.5},"geometry":{"type":"Polygon","coordinates":[[[136.2561,36.13945],[136.25612,36.13945],[136.25612,36.13946],[136.25642,36.13943],[136.25628,36.13853],[136.25596,36.13856],[136.2561,36.13945]]]}},{"type":"Feature","properties":{"pid":"76b6c91f-1ceb-4f62-83a1-c763686750c9","full":17.6},"geometry":{"type":"Polygon","coordinates":[[[136.25675,36.13939],[136.25662,36.1385],[136.25629,36.13853],[136.25643,36.13943],[136.25672,36.1394],[136.25672,36.13939],[136.25675,36.13939]]]}},{"type":"Feature","properties":{"pid":"b0322ef5-5c47-40e9-9e63-168cc844ea75","full":17.0},"geometry":{"type":"Polygon","coordinates":[[[136.25657,36.14039],[136.2569,36.14036],[136.25676,36.13947],[136.25645,36.1395],[136.25657,36.14039]]]}},{"type":"Feature","properties":{"pid":"3e533416-5037-40e5-a8e5-12ade38e666f","full":17.9},"geometry":{"type":"Polygon","coordinates":[[[136.25624,36.14042],[136.25657,36.14039],[136.25644,36.13953],[136.2564,36.13953],[136.25639,36.1395],[136.2561,36.13953],[136.25624,36.14042]]]}},{"type":"Feature","properties":{"pid":"05a7d3da-c9dd-4003-b478-b563aa233d5f","full":16.8},"geometry":{"type":"Polygon","coordinates":[[[136.25591,36.14045],[136.25623,36.14042],[136.25609,36.13954],[136.2558,36.13956],[136.2558,36.13959],[136.25578,36.13959],[136.25591,36.14045]]]}},{"type":"Feature","properties":{"pid":"14c1efac-5541-4f0d-a05b-2284c8543335","full":69.6},"geometry":{"type":"Polygon","coordinates":[[[136.25577,36.13959],[136.25575,36.13959],[136.25575,36.13957],[136.25479,36.13967],[136.25491,36.14053],[136.25494,36.14053],[136.25494,36.14054],[136.2559,36.14046],[136.25577,36.13959]]]}},{"type":"Feature","properties":{"pid":"8ddbc244-f539-4c80-928b-f893bc5bf305","full":33.8},"geometry":{"type":"Polygon","coordinates":[[[136.25484,36.14056],[136.25471,36.13966],[136.25419,36.13971],[136.25432,36.14061],[136.25484,36.14056]]]}},{"type":"Feature","properties":{"pid":"a4d83e07-a0c2-4f70-8b6c-fe350b012ac5","full":44.0},"geometry":{"type":"Polygon","coordinates":[[[136.25469,36.13958],[136.25457,36.13869],[136.25391,36.13875],[136.25405,36.13965],[136.25469,36.13958]]]}},{"type":"Feature","properties":{"pid":"8d96fb70-3617-485e-8631-d26d31383f39","full":36.8},"geometry":{"type":"Polygon","coordinates":[[[136.25531,36.13954],[136.25518,36.13863],[136.25463,36.13868],[136.25475,36.13955],[136.25479,36.13958],[136.25531,36.13954]]]}},{"type":"Feature","properties":{"pid":"8c282c76-fcb0-4b7a-9439-ebc8fbd346cd","full":18.0},"geometry":{"type":"Polygon","coordinates":[[[136.25325,36.13881],[136.25292,36.13884],[136.25305,36.13973],[136.25308,36.13973],[136.25309,36.13974],[136.25338,36.13971],[136.25325,36.13881]]]}},{"type":"Feature","properties":{"pid":"8ff34b25-e7f2-4601-99b0-19555f71ef9a","full":43.6},"geometry":{"type":"Polygon","coordinates":[[[136.25403,36.13965],[136.2539,36.13875],[136.25326,36.13881],[136.25339,36.13971],[136.25403,36.13965]]]}},{"type":"Feature","properties":{"pid":"09a76705-1948-414f-8210-0765abfd5048","full":28.2},"geometry":{"type":"Polygon","coordinates":[[[136.25386,36.14066],[136.25431,36.14061],[136.25418,36.13971],[136.25373,36.13976],[136.25386,36.14066]]]}},{"type":"Feature","properties":{"pid":"a264e7f2-b240-4c45-a02a-17e24c1e4545","full":18.5},"geometry":{"type":"Polygon","coordinates":[[[136.25338,36.13979],[136.25352,36.14069],[136.25385,36.14066],[136.25372,36.13978],[136.2537,36.13979],[136.2537,36.13977],[136.25338,36.13979]]]}},{"type":"Feature","properties":{"pid":"b2e7d30f-3c3c-4c3a-908c-15f8cf58089c","full":36.0},"geometry":{"type":"Polygon","coordinates":[[[136.25229,36.13982],[136.25216,36.13893],[136.25161,36.13898],[136.25173,36.13987],[136.25229,36.13982]]]}},{"type":"Feature","properties":{"pid":"ba38f525-b69b-49d8-8fe8-85687f03c2b4","full":49.9},"geometry":{"type":"Polygon","coordinates":[[[136.25304,36.13974],[136.25291,36.13885],[136.25218,36.13892],[136.25231,36.13981],[136.25304,36.13974]]]}},{"type":"Feature","properties":{"pid":"3e3f5ee8-6429-4c27-b4d1-8e6e606efbb7","full":30.0},"geometry":{"type":"Polygon","coordinates":[[[136.25191,36.13799],[136.25147,36.13804],[136.2516,36.13893],[136.25207,36.13888],[136.25195,36.13801],[136.25191,36.13801],[136.25191,36.13799]]]}},{"type":"Feature","properties":{"pid":"dd71615a-6fab-4eb1-a399-1f86a9baa1cc","full":10.3},"geometry":{"type":"Polygon","coordinates":[[[136.25196,36.13799],[136.25208,36.13888],[136.25232,36.13886],[136.25219,36.13799],[136.25217,36.13798],[136.25217,36.13796],[136.25196,36.13799]]]}},{"type":"Feature","properties":{"pid":"f9d37d6a-6059-4e17-b89e-f152f513239c","full":12.6},"geometry":{"type":"Polygon","coordinates":[[[136.2523,36.13795],[136.25244,36.13885],[136.2527,36.13882],[136.25257,36.13796],[136.25255,36.13795],[136.25255,36.13792],[136.2523,36.13795]]]}},{"type":"Feature","properties":{"pid":"e9d69c91-9f41-4dd5-a44f-990647d089a0","full":7.2},"geometry":{"type":"Polygon","coordinates":[[[136.25258,36.13795],[136.25271,36.13882],[136.25291,36.1388],[136.25277,36.1379],[136.25261,36.13792],[136.2526,36.13795],[136.25258,36.13795]]]}},{"type":"Feature","properties":{"pid":"8bd66c05-8f30-4ec1-85d1-c85846f8428d","full":26.0},"geometry":{"type":"Polygon","coordinates":[[[136.25319,36.13786],[136.25278,36.1379],[136.25292,36.1388],[136.25335,36.13876],[136.25321,36.13788],[136.25319,36.13788],[136.25319,36.13786]]]}},{"type":"Feature","properties":{"pid":"693c2656-35ce-4677-bc21-f057c869a7ed","full":8.7},"geometry":{"type":"Polygon","coordinates":[[[136.25343,36.13784],[136.25325,36.13786],[136.25324,36.13789],[136.25322,36.13789],[136.25335,36.13876],[136.25357,36.13874],[136.25343,36.13784]]]}},{"type":"Feature","properties":{"pid":"d362c4e8-5cc7-475e-9026-fc26790556e7","full":2.0},"geometry":{"type":"Polygon","coordinates":[[[136.25378,36.13781],[136.2539,36.1387],[136.25404,36.13869],[136.25391,36.13779],[136.25378,36.13781]]]}},{"type":"Feature","properties":{"pid":"3f8d13c8-5634-4124-a0b7-8ed9c374d372","full":6.0},"geometry":{"type":"Polygon","coordinates":[[[136.2541,36.13777],[136.25393,36.13779],[136.25393,36.13781],[136.25392,36.13782],[136.25404,36.13869],[136.25423,36.13867],[136.2541,36.13777]]]}},{"type":"Feature","properties":{"pid":"e3e7188e-a384-4672-9171-c9c97b8f1d6b","full":17.7},"geometry":{"type":"Polygon","coordinates":[[[136.25377,36.13783],[136.25374,36.13783],[136.25374,36.13781],[136.25344,36.13784],[136.25357,36.13874],[136.2539,36.1387],[136.25377,36.13783]]]}},{"type":"Feature","properties":{"pid":"ecf15da6-5ef1-4159-8cd9-cd7722a23699","full":4.2},"geometry":{"type":"Polygon","coordinates":[[[136.25312,36.13778],[136.25325,36.13777],[136.25312,36.13687],[136.25296,36.13689],[136.25309,36.13776],[136.25311,36.13777],[136.25312,36.13778]]]}},{"type":"Feature","properties":{"pid":"17950623-705b-4b1b-b6a0-74d6e92878ca","full":31.6},"geometry":{"type":"Polygon","coordinates":[[[136.25326,36.13777],[136.25372,36.13773],[136.25372,36.13772],[136.25375,36.13772],[136.25362,36.13682],[136.25313,36.13687],[136.25326,36.13777]]]}},{"type":"Feature","properties":{"pid":"cdf4dece-8551-43ee-94f6-49f3d076acf6","full":17.8},"geometry":{"type":"Polygon","coordinates":[[[136.25395,36.13679],[136.25363,36.13682],[136.25376,36.13772],[136.25378,36.13771],[136.25378,36.13773],[136.25408,36.1377],[136.25395,36.13679]]]}},{"type":"Feature","properties":{"pid":"30abe979-2557-4a8d-8762-3a7b0a7959a4","full":17.4},"geometry":{"type":"Polygon","coordinates":[[[136.25308,36.13776],[136.25295,36.13689],[136.25263,36.13692],[136.25276,36.13781],[136.25306,36.13779],[136.25306,36.13777],[136.25308,36.13776]]]}},{"type":"Feature","properties":{"pid":"fa305db0-c6d1-4c95-999b-76d9d950cff5","full":1.4},"geometry":{"type":"Polygon","coordinates":[[[136.25247,36.13784],[136.25234,36.13695],[136.25221,36.13696],[136.25234,36.13784],[136.25236,36.13785],[136.25236,36.13786],[136.25247,36.13784]]]}},{"type":"Feature","properties":{"pid":"7a6bf9d3-9306-42fa-96cb-f700499664c9","full":13.4},"geometry":{"type":"Polygon","coordinates":[[[136.2525,36.13784],[136.25275,36.13781],[136.25262,36.13692],[136.25235,36.13695],[136.25248,36.13783],[136.25249,36.13783],[136.2525,36.13784]]]}},{"type":"Feature","properties":{"pid":"d618f01c-3805-43e1-9e27-e60d242a39f2","full":11.8},"geometry":{"type":"Polygon","coordinates":[[[136.25234,36.13785],[136.25221,36.13696],[136.25195,36.13698],[136.25209,36.13788],[136.25234,36.13785]]]}},{"type":"Feature","properties":{"pid":"3949eb97-d601-4f3b-896f-c30e53f52e4e","full":25.4},"geometry":{"type":"Polygon","coordinates":[[[136.25217,36.13664],[136.25259,36.1366],[136.25246,36.13572],[136.25244,36.13573],[136.25242,36.1357],[136.25204,36.13573],[136.25217,36.13664]]]}},{"type":"Feature","properties":{"pid":"3578877c-eb82-467e-a06e-da315fdef883","full":14.6},"geometry":{"type":"Polygon","coordinates":[[[136.25293,36.13656],[136.2528,36.1357],[136.25278,36.1357],[136.25277,36.13567],[136.25251,36.13569],[136.25264,36.13659],[136.25293,36.13656]]]}},{"type":"Feature","properties":{"pid":"3b087dd9-f621-49fc-af4a-4ff307899786","full":27.1},"geometry":{"type":"Polygon","coordinates":[[[136.25216,36.13664],[136.25204,36.13578],[136.252,36.13579],[136.25198,36.13574],[136.25159,36.13578],[136.25172,36.13669],[136.25216,36.13664]]]}},{"type":"Feature","properties":{"pid":"e1c61ce4-1af6-4c14-99bd-51a48a456bbf","full":22.4},"geometry":{"type":"Polygon","coordinates":[[[136.25197,36.13477],[136.25159,36.13481],[136.25171,36.13569],[136.25174,36.13569],[136.2521,36.13566],[136.25197,36.13477]]]}},{"type":"Feature","properties":{"pid":"21174a4d-40db-4431-a586-d3123c497404","full":18.7},"geometry":{"type":"Polygon","coordinates":[[[136.25211,36.13566],[136.25245,36.13563],[136.25232,36.13473],[136.25198,36.13477],[136.25211,36.13566]]]}},{"type":"Feature","properties":{"pid":"424c7690-b311-405d-9986-8b51b6e51b83","full":10.5},"geometry":{"type":"Polygon","coordinates":[[[136.2527,36.1347],[136.25246,36.13472],[136.25259,36.1356],[136.25262,36.1356],[136.25262,36.13561],[136.25282,36.13559],[136.2527,36.1347]]]}},{"type":"Feature","properties":{"pid":"33022fc4-8db9-4cf5-bee4-75316e11749f","full":12.2},"geometry":{"type":"Polygon","coordinates":[[[136.25296,36.13467],[136.2527,36.1347],[136.25283,36.13558],[136.25286,36.13557],[136.25287,36.13559],[136.25309,36.13557],[136.25296,36.13467]]]}},{"type":"Feature","properties":{"pid":"9038f971-0eb2-4fda-ae64-879117f20d28","full":22.7},"geometry":{"type":"Polygon","coordinates":[[[136.25335,36.13463],[136.25297,36.13467],[136.25309,36.13555],[136.25313,36.13555],[136.25313,36.13557],[136.25348,36.13553],[136.25335,36.13463]]]}},{"type":"Feature","properties":{"pid":"485c9edb-cd46-4afc-b9df-d53a7fbf6084","full":40.8},"geometry":{"type":"Polygon","coordinates":[[[136.25349,36.13551],[136.25352,36.1355],[136.25352,36.13553],[136.25409,36.13547],[136.25397,36.13457],[136.25336,36.13463],[136.25349,36.13551]]]}},{"type":"Feature","properties":{"pid":"7a716e18-5cd5-400b-b4c9-95a2cc923dc7","full":26.2},"geometry":{"type":"Polygon","coordinates":[[[136.25374,36.13643],[136.2539,36.13639],[136.25396,36.13636],[136.25421,36.1362],[136.25411,36.13558],[136.25409,36.13558],[136.25408,36.13554],[136.25362,36.13559],[136.25374,36.13643]]]}},{"type":"Feature","properties":{"pid":"362ec7b2-a156-4202-87cc-8cf8436a6ec6","full":9.9},"geometry":{"type":"Polygon","coordinates":[[[136.25337,36.13561],[136.2535,36.1365],[136.25374,36.13643],[136.25362,36.13563],[136.25358,36.13563],[136.25357,36.13559],[136.25337,36.13561]]]}},{"type":"Feature","properties":{"pid":"a9d7cd71-e71a-432f-a87f-e4c58e53c645","full":1.9},"geometry":{"type":"Polygon","coordinates":[[[136.25294,36.13656],[136.25307,36.13655],[136.25294,36.13568],[136.25292,36.13568],[136.25291,36.13565],[136.2528,36.13566],[136.25294,36.13656]]]}},{"type":"Feature","properties":{"pid":"d22298c9-41aa-4332-9355-0e8ab3427371","full":26.1},"geometry":{"type":"Polygon","coordinates":[[[136.2535,36.1365],[136.25337,36.13561],[136.25296,36.13565],[136.25296,36.13568],[136.25294,36.13567],[136.25308,36.13655],[136.25334,36.13653],[136.2535,36.1365]]]}},{"type":"Feature","properties":{"pid":"631183e3-77b5-48e8-b23e-717933a7f7c4","full":0.6},"geometry":{"type":"Polygon","coordinates":[[[136.25427,36.13671],[136.25426,36.13656],[136.25421,36.13655],[136.25405,36.13663],[136.25387,36.1367],[136.25363,36.13676],[136.25363,36.13678],[136.25427,36.13671]]]}},{"type":"Feature","properties":{"pid":"b8751a0f-63a8-45ae-9c0f-559055a364aa","full":13.1},"geometry":{"type":"Polygon","coordinates":[[[136.2549,36.13607],[136.25471,36.13626],[136.25431,36.13655],[136.25434,36.13671],[136.25498,36.13664],[136.2549,36.13607]]]}},{"type":"Feature","properties":{"pid":"4cd4faef-706b-4bff-a49e-6e9884acb61a","full":4.5},"geometry":{"type":"Polygon","coordinates":[[[136.25444,36.13601],[136.25438,36.13554],[136.25435,36.13554],[136.25434,36.13552],[136.25417,36.13553],[136.25425,36.13615],[136.25427,36.13616],[136.25444,36.13601]]]}},{"type":"Feature","properties":{"pid":"b228931b-ea1d-4962-958f-58a0e1f23298","full":6.2},"geometry":{"type":"Polygon","coordinates":[[[136.2551,36.13586],[136.25492,36.13605],[136.25492,36.13607],[136.2549,36.13608],[136.25499,36.13664],[136.25521,36.13662],[136.2551,36.13586]]]}},{"type":"Feature","properties":{"pid":"a91b3bbb-932b-46dd-942a-c435f17b65f8","full":35.7},"geometry":{"type":"Polygon","coordinates":[[[136.25564,36.13567],[136.25525,36.1357],[136.25524,36.13571],[136.25512,36.13585],[136.25513,36.13587],[136.25511,36.13587],[136.25522,36.13662],[136.25577,36.13656],[136.25564,36.13567]]]}},{"type":"Feature","properties":{"pid":"d5070149-0a1f-4a0e-ae51-333caff842bd","full":17.5},"geometry":{"type":"Polygon","coordinates":[[[136.2562,36.13562],[136.25589,36.13565],[136.2559,36.13567],[136.25587,36.13567],[136.256,36.13654],[136.25633,36.13651],[136.2562,36.13562]]]}},{"type":"Feature","properties":{"pid":"a6a9bc5d-5e88-4cc3-9007-e7f8f3b7e67b","full":18.9},"geometry":{"type":"Polygon","coordinates":[[[136.2567,36.13618],[136.25667,36.13619],[136.25662,36.13589],[136.25659,36.13589],[136.25658,36.13583],[136.25627,36.13561],[136.2562,36.13561],[136.25633,36.13651],[136.25675,36.13647],[136.2567,36.13618]]]}},{"type":"Feature","properties":{"pid":"5d02d1a0-79f3-4902-91f9-da46c51fd6ac","full":8.7},"geometry":{"type":"Polygon","coordinates":[[[136.25587,36.13567],[136.25585,36.13568],[136.25585,36.13565],[136.25565,36.13567],[136.25578,36.13656],[136.25599,36.13654],[136.25587,36.13567]]]}},{"type":"Feature","properties":{"pid":"59c0575e-7fa1-4f14-a65e-93f74c36a27f","full":4.3},"geometry":{"type":"Polygon","coordinates":[[[136.2568,36.13544],[136.25662,36.13533],[136.2564,36.13561],[136.25661,36.13576],[136.25683,36.13553],[136.25676,36.13548],[136.2568,36.13544]]]}},{"type":"Feature","properties":{"pid":"d70ec7ec-c9f7-48d5-a5dd-5bfe78d0be93","full":4.3},"geometry":{"type":"Polygon","coordinates":[[[136.25671,36.13519],[136.25659,36.13513],[136.25632,36.13516],[136.25632,36.13518],[136.25631,36.13518],[136.25635,36.13552],[136.25638,36.1356],[136.2564,36.13561],[136.25671,36.13519]]]}},{"type":"Feature","properties":{"pid":"0090c77d-1f48-45c3-b61c-05c4021fdde2","full":22.6},"geometry":{"type":"Polygon","coordinates":[[[136.25624,36.13516],[136.25601,36.13499],[136.25594,36.13499],[136.2559,36.13498],[136.25558,36.13531],[136.25562,36.13561],[136.25629,36.13555],[136.25627,36.13532],[136.25624,36.13516]]]}},{"type":"Feature","properties":{"pid":"2f986841-91e5-4518-8f31-daf3850b714e","full":1.9},"geometry":{"type":"Polygon","coordinates":[[[136.25562,36.13561],[136.25557,36.13532],[136.25555,36.13533],[136.25553,36.13533],[136.25523,36.13563],[136.25526,36.13565],[136.25562,36.13561]]]}},{"type":"Feature","properties":{"pid":"1463d75f-3369-4b13-b2a2-2198a1bed0fd","full":3.5},"geometry":{"type":"Polygon","coordinates":[[[136.25456,36.13589],[136.25496,36.13548],[136.25496,36.13546],[136.2545,36.1355],[136.25456,36.13589]]]}},{"type":"Feature","properties":{"pid":"7fa692fe-fbcc-456f-b0b2-79fbe407c1df","full":20.6},"geometry":{"type":"Polygon","coordinates":[[[136.25439,36.13453],[136.25402,36.13456],[136.25416,36.13545],[136.25418,36.13545],[136.25418,36.13547],[136.25452,36.13544],[136.25439,36.13453]]]}},{"type":"Feature","properties":{"pid":"3c5896dd-6be3-470d-a546-f6d6bb807573","full":48.4},"geometry":{"type":"Polygon","coordinates":[[[136.25455,36.13544],[136.25505,36.13538],[136.25521,36.13521],[136.2551,36.13446],[136.25439,36.13453],[136.25453,36.13542],[136.25455,36.13542],[136.25455,36.13544]]]}},{"type":"Feature","properties":{"pid":"ccf75a58-b5e8-498b-b1f8-c4fd431b9594","full":18.3},"geometry":{"type":"Polygon","coordinates":[[[136.25529,36.1344],[136.25572,36.13436],[136.25572,36.13382],[136.25519,36.13374],[136.25529,36.1344]]]}},{"type":"Feature","properties":{"pid":"7213f691-91c5-4bc9-9d03-a467b00ef894","full":18.7},"geometry":{"type":"Polygon","coordinates":[[[136.25568,36.13441],[136.25512,36.13446],[136.25523,36.13518],[136.25525,36.13519],[136.25572,36.13469],[136.25568,36.13441]]]}},{"type":"Feature","properties":{"pid":"3852896f-895c-44b1-bb53-33dd01a4a891","full":1.0},"geometry":{"type":"Polygon","coordinates":[[[136.25528,36.1344],[136.25518,36.13374],[136.25505,36.13372],[136.25515,36.13441],[136.25528,36.1344]]]}},{"type":"Feature","properties":{"pid":"7fbe17c1-cfef-4561-97d7-5213c994198b","full":17.9},"geometry":{"type":"Polygon","coordinates":[[[136.25481,36.13444],[136.25514,36.13441],[136.25503,36.13368],[136.25508,36.13353],[136.25505,36.13351],[136.25468,36.13355],[136.25481,36.13444]]]}},{"type":"Feature","properties":{"pid":"05859d8c-3661-4754-b7ef-94e9a8fd4a3f","full":14.5},"geometry":{"type":"Polygon","coordinates":[[[136.25452,36.13447],[136.25481,36.13444],[136.25468,36.13355],[136.25439,36.13357],[136.25452,36.13447]]]}},{"type":"Feature","properties":{"pid":"471e8be3-8738-4dcf-b5b0-0bf78047b9af","full":31.4},"geometry":{"type":"Polygon","coordinates":[[[136.25391,36.13374],[136.25402,36.13452],[136.25452,36.13447],[136.25439,36.13357],[136.25396,36.13362],[136.25391,36.13374]]]}},{"type":"Feature","properties":{"pid":"4c3c173f-0440-470f-b178-010e4e4cae18","full":10.8},"geometry":{"type":"Polygon","coordinates":[[[136.25371,36.13455],[136.25395,36.13453],[136.25382,36.13364],[136.25358,36.13365],[136.25371,36.13455]]]}},{"type":"Feature","properties":{"pid":"1beb127d-996e-47ad-be23-0bcb5b514083","full":26.6},"geometry":{"type":"Polygon","coordinates":[[[136.25327,36.1346],[136.2537,36.13455],[136.25357,36.13366],[136.25314,36.13369],[136.25327,36.1346]]]}},{"type":"Feature","properties":{"pid":"3c85243e-3e3b-45c7-9cf2-9d2a99aab922","full":25.8},"geometry":{"type":"Polygon","coordinates":[[[136.25284,36.13464],[136.25326,36.1346],[136.25313,36.1337],[136.2527,36.13374],[136.25284,36.13464]]]}},{"type":"Feature","properties":{"pid":"a00fb610-9815-481d-910a-0181648baada","full":29.8},"geometry":{"type":"Polygon","coordinates":[[[136.25283,36.13464],[136.2527,36.13374],[136.25223,36.13378],[136.25236,36.13469],[136.25283,36.13464]]]}},{"type":"Feature","properties":{"pid":"86d4b5e3-5463-4b78-9a9b-c5e005615deb","full":27.7},"geometry":{"type":"Polygon","coordinates":[[[136.25231,36.13469],[136.25217,36.13379],[136.25173,36.13383],[136.25186,36.13473],[136.25231,36.13469]]]}},{"type":"Feature","properties":{"pid":"631f64b3-61d7-4428-82bc-6ba752ab09b8","full":11.5},"geometry":{"type":"Polygon","coordinates":[[[136.25237,36.1337],[136.25277,36.13366],[136.25269,36.13318],[136.2523,36.13319],[136.25237,36.1337]]]}},{"type":"Feature","properties":{"pid":"4a923720-b425-4cfa-a9fa-3b5b00edff0e","full":2.0},"geometry":{"type":"Polygon","coordinates":[[[136.25229,36.13319],[136.25214,36.13319],[136.25221,36.13372],[136.25237,36.1337],[136.25229,36.13319]]]}},{"type":"Feature","properties":{"pid":"d02fe364-75cc-4e09-ab5b-634bdc055446","full":2.5},"geometry":{"type":"Polygon","coordinates":[[[136.25166,36.13317],[136.25174,36.13376],[136.25189,36.13375],[136.25189,36.13373],[136.2519,36.13373],[136.25182,36.13317],[136.25166,36.13317]]]}},{"type":"Feature","properties":{"pid":"4d0f47ca-ae4e-4c7c-917a-015ce4039d23","full":2.6},"geometry":{"type":"Polygon","coordinates":[[[136.25224,36.13252],[136.25224,36.13267],[136.25288,36.1327],[136.25289,36.13257],[136.25224,36.13252]]]}},{"type":"Feature","properties":{"pid":"418de731-a106-454d-8f71-f0bd4fac3ccb","full":6.7},"geometry":{"type":"Polygon","coordinates":[[[136.25234,36.13253],[136.25288,36.13256],[136.25289,36.13227],[136.25248,36.13226],[136.25248,36.13231],[136.25234,36.13253]]]}},{"type":"Feature","properties":{"pid":"3c936eed-6160-4876-a26a-1b69ee39e1ea","full":2.0},"geometry":{"type":"Polygon","coordinates":[[[136.25285,36.13178],[136.25285,36.13175],[136.25282,36.13175],[136.25282,36.13153],[136.25276,36.13154],[136.25275,36.13148],[136.2526,36.13147],[136.2526,36.13176],[136.25285,36.13178]]]}},{"type":"Feature","properties":{"pid":"9789f0eb-74ee-4c5e-a427-1ea7320213f4","full":4.8},"geometry":{"type":"Polygon","coordinates":[[[136.25341,36.13191],[136.25341,36.13178],[136.25349,36.13177],[136.25354,36.13176],[136.25351,36.13166],[136.253,36.13166],[136.25299,36.13168],[136.25296,36.13169],[136.25296,36.13187],[136.25341,36.13191]]]}},{"type":"Feature","properties":{"pid":"56d5816b-ae1a-4f04-ab2f-6c8350e46a4b","full":2.5},"geometry":{"type":"Polygon","coordinates":[[[136.25368,36.13203],[136.25367,36.1318],[136.25363,36.13178],[136.25354,36.13176],[136.2535,36.13178],[136.25342,36.13178],[136.25342,36.13202],[136.25355,36.13203],[136.25368,36.13203]]]}},{"type":"Feature","properties":{"pid":"8b9c3b9e-b4c8-4d46-8165-1fc665f426bc","full":4.9},"geometry":{"type":"Polygon","coordinates":[[[136.25383,36.13228],[136.25358,36.13224],[136.25355,36.13268],[136.25381,36.1327],[136.25383,36.13228]]]}},{"type":"Feature","properties":{"pid":"e3979e65-22ed-4101-8023-8ce7e6626f8e","full":4.7},"geometry":{"type":"Polygon","coordinates":[[[136.25321,36.13218],[136.25319,36.13266],[136.25342,36.13267],[136.25344,36.13221],[136.25321,36.13218]]]}},{"type":"Feature","properties":{"pid":"fe6c0afe-c00d-4a6d-8531-4d13137adf83","full":10.7},"geometry":{"type":"Polygon","coordinates":[[[136.25295,36.13273],[136.25295,36.13305],[136.25352,36.13306],[136.25352,36.13305],[136.25354,36.13305],[136.25354,36.13274],[136.25295,36.13273]]]}},{"type":"Feature","properties":{"pid":"56cd87ab-5003-4297-a549-8068fbb289a3","full":25.6},"geometry":{"type":"Polygon","coordinates":[[[136.25584,36.13258],[136.25632,36.13248],[136.25631,36.1317],[136.2559,36.13171],[136.25584,36.13203],[136.25584,36.13258]]]}},{"type":"Feature","properties":{"pid":"a17e9026-4ee1-45ab-9caf-36725be795a5","full":0.8},"geometry":{"type":"Polygon","coordinates":[[[136.25633,36.13248],[136.25646,36.13245],[136.25643,36.1317],[136.25632,36.1317],[136.25633,36.13248]]]}},{"type":"Feature","properties":{"pid":"dc0095cf-e98e-42c3-98fb-79fe40e7ba01","full":2.8},"geometry":{"type":"Polygon","coordinates":[[[136.25646,36.13245],[136.25662,36.13241],[136.2566,36.1317],[136.25644,36.1317],[136.25646,36.13245]]]}},{"type":"Feature","properties":{"pid":"80db8a19-2b07-4230-90ac-46e12e4ceff0","full":5.1},"geometry":{"type":"Polygon","coordinates":[[[136.25662,36.13241],[136.25681,36.13238],[136.2568,36.13169],[136.25661,36.1317],[136.25662,36.13241]]]}},{"type":"Feature","properties":{"pid":"737b7c2c-76e0-46dd-ad26-0caeada4ccd6","full":1.9},"geometry":{"type":"Polygon","coordinates":[[[136.25476,36.13228],[136.25536,36.13211],[136.25529,36.13207],[136.25525,36.13204],[136.25522,36.13205],[136.2552,36.13202],[136.25468,36.13216],[136.25468,36.13218],[136.25467,36.13218],[136.25476,36.13228]]]}},{"type":"Feature","properties":{"pid":"449d735b-6c5c-469c-b79d-97f45001ad5c","full":2.5},"geometry":{"type":"Polygon","coordinates":[[[136.25487,36.1324],[136.25539,36.13225],[136.25539,36.13216],[136.25538,36.13214],[136.25536,36.13211],[136.25476,36.13229],[136.25484,36.13239],[136.25485,36.13239],[136.25487,36.1324]]]}},{"type":"Feature","properties":{"pid":"8866509b-62dc-4650-bcff-34b223f4c7a4","full":2.2},"geometry":{"type":"Polygon","coordinates":[[[136.2542,36.13161],[136.25461,36.13157],[136.25454,36.13152],[136.25453,36.1315],[136.25453,36.13148],[136.25455,36.1314],[136.25409,36.13145],[136.2541,36.13146],[136.25408,36.13146],[136.2542,36.13161]]]}},{"type":"Feature","properties":{"pid":"97b5b626-af8b-47d2-88a0-4858729f4d45","full":7.0},"geometry":{"type":"Polygon","coordinates":[[[136.25663,36.1295],[136.25661,36.1295],[136.25618,36.12958],[136.25626,36.12983],[136.25628,36.12983],[136.25673,36.12982],[136.25663,36.1295]]]}},{"type":"Feature","properties":{"pid":"7033dc22-93dc-45a8-b005-1bf7c0c0d8b5","full":1.2},"geometry":{"type":"Polygon","coordinates":[[[136.25361,36.12811],[136.25354,36.12794],[136.25332,36.12801],[136.25331,36.12803],[136.25338,36.12818],[136.25361,36.12811]]]}},{"type":"Feature","properties":{"pid":"36b83115-7743-4ec5-9af8-eb75959918d0","full":7.9},"geometry":{"type":"Polygon","coordinates":[[[136.25313,36.12853],[136.25315,36.12854],[136.25342,36.12854],[136.25342,36.12848],[136.25344,36.12847],[136.25324,36.12803],[136.25296,36.12812],[136.25297,36.12813],[136.25296,36.12814],[136.25313,36.12853]]]}},{"type":"Feature","properties":{"pid":"f6e9d19f-2a3d-4e1f-8390-503a0b9f40d3","full":7.1},"geometry":{"type":"Polygon","coordinates":[[[136.25263,36.1279],[136.25225,36.12779],[136.25212,36.12806],[136.25245,36.12826],[136.25263,36.1279]]]}},{"type":"Feature","properties":{"pid":"aa53980c-bc40-4d3b-8116-a70f9bf22c97","full":3.6},"geometry":{"type":"Polygon","coordinates":[[[136.25184,36.1278],[136.25193,36.12765],[136.25208,36.12771],[136.25215,36.12761],[136.2521,36.12758],[136.2521,36.12752],[136.25214,36.12744],[136.25192,36.12738],[136.25167,36.12775],[136.25184,36.1278]]]}},{"type":"Feature","properties":{"pid":"45b9ebd5-dd92-45ed-bff9-06afea6ad352","full":10.5},"geometry":{"type":"Polygon","coordinates":[[[136.25226,36.12777],[136.25264,36.12788],[136.25268,36.12783],[136.25278,36.12778],[136.2529,36.12773],[136.25283,36.12755],[136.25244,36.12741],[136.25226,36.12777]]]}},{"type":"Feature","properties":{"pid":"50f1d5a3-08b1-4e0d-be70-b6cdf8cc65b7","full":1.1},"geometry":{"type":"Polygon","coordinates":[[[136.25251,36.12742],[136.25282,36.12753],[136.25282,36.12752],[136.25277,36.12735],[136.25269,36.12727],[136.25265,36.12728],[136.25257,36.12733],[136.25254,36.12736],[136.25251,36.12742]]]}},{"type":"Feature","properties":{"pid":"c61b81f7-aef2-4292-bfcb-8f70e93af129","full":1.1},"geometry":{"type":"Polygon","coordinates":[[[136.25244,36.12711],[136.2523,36.12706],[136.25212,36.12721],[136.25216,36.12723],[136.25233,36.12729],[136.25242,36.12718],[136.25244,36.12711]]]}},{"type":"Feature","properties":{"pid":"c34e22d6-44d6-44db-b9c3-b1c4331ec8c2","full":5.4},"geometry":{"type":"Polygon","coordinates":[[[136.25353,36.12729],[136.25395,36.12709],[136.25398,36.12708],[136.25408,36.12701],[136.25397,36.12687],[136.25356,36.12698],[136.25356,36.12708],[136.25353,36.12729]]]}},{"type":"Feature","properties":{"pid":"17f21e2e-9ce3-4de2-9ed0-99493cffef23","full":3.1},"geometry":{"type":"Polygon","coordinates":[[[136.2527,36.12727],[136.25278,36.12735],[136.25281,36.12743],[136.25317,36.12736],[136.25315,36.12727],[136.25315,36.12716],[136.25287,36.12721],[136.25278,36.12723],[136.2527,36.12727]]]}},{"type":"Feature","properties":{"pid":"6030efee-5a04-4f1e-886c-877b0518928b","full":0.5},"geometry":{"type":"Polygon","coordinates":[[[136.25319,36.12735],[136.25333,36.12733],[136.25331,36.12714],[136.25316,36.12716],[136.25317,36.12734],[136.25319,36.12734],[136.25319,36.12735]]]}},{"type":"Feature","properties":{"pid":"3cdaafb5-95be-4571-9b53-c03a6c99289d","full":0.8},"geometry":{"type":"Polygon","coordinates":[[[136.25306,36.12767],[136.25298,36.12744],[136.25286,36.12746],[136.25285,36.12748],[136.25283,36.12749],[136.25291,36.12773],[136.25306,36.12767]]]}},{"type":"Feature","properties":{"pid":"7d8b36af-0da7-42e6-bcc7-65145d581ba6","full":1.1},"geometry":{"type":"Polygon","coordinates":[[[136.25326,36.12761],[136.25316,36.1274],[136.25299,36.12744],[136.25308,36.12767],[136.2531,36.12767],[136.25326,36.12761]]]}},{"type":"Feature","properties":{"pid":"869786b3-8e10-4cd9-89dc-67bcedee86bb","full":7.5},"geometry":{"type":"Polygon","coordinates":[[[136.25297,36.12805],[136.25331,36.12794],[136.25345,36.1279],[136.25344,36.12789],[136.25348,36.12788],[136.25338,36.12761],[136.25287,36.12783],[136.25297,36.12805]]]}},{"type":"Feature","properties":{"pid":"a7a37a8c-c53a-49d8-b870-973cf7521a3c","full":6.2},"geometry":{"type":"Polygon","coordinates":[[[136.25453,36.12757],[136.25483,36.12748],[136.25483,36.12725],[136.25453,36.12723],[136.25451,36.12712],[136.25432,36.12713],[136.25451,36.12754],[136.25452,36.12755],[136.25453,36.12757]]]}},{"type":"Feature","properties":{"pid":"1e4a9412-5bc2-432b-912a-d504ee81a946","full":9.7},"geometry":{"type":"Polygon","coordinates":[[[136.25451,36.12757],[136.2543,36.12712],[136.25405,36.12711],[136.25392,36.12718],[136.25409,36.12754],[136.25424,36.12749],[136.2543,36.12763],[136.25451,36.12757]]]}},{"type":"Feature","properties":{"pid":"986a3896-d5b2-4b79-9b23-93362465fd1c","full":13.5},"geometry":{"type":"Polygon","coordinates":[[[136.25624,36.12798],[136.25616,36.12773],[136.25596,36.12776],[136.25596,36.12765],[136.25563,36.12762],[136.25555,36.12794],[136.25556,36.12794],[136.25561,36.12809],[136.25564,36.12808],[136.25564,36.1281],[136.25624,36.12798]]]}},{"type":"Feature","properties":{"pid":"a55778ef-8262-4776-aeeb-8acc41e943de","full":1.1},"geometry":{"type":"Polygon","coordinates":[[[136.25641,36.12794],[136.2564,36.12793],[136.25642,36.12792],[136.25636,36.1277],[136.25618,36.12773],[136.25626,36.12797],[136.25641,36.12794]]]}},{"type":"Feature","properties":{"pid":"a51e7cb6-e130-4cd5-9688-4150e88f1b78","full":0.7},"geometry":{"type":"Polygon","coordinates":[[[136.25662,36.12771],[136.25645,36.12775],[136.25645,36.12776],[136.25644,36.12776],[136.25649,36.12793],[136.25668,36.12789],[136.25662,36.12771]]]}},{"type":"Feature","properties":{"pid":"ee63b12b-3f40-4a0e-ad23-de106542f055","full":18.4},"geometry":{"type":"Polygon","coordinates":[[[136.25674,36.12865],[136.25653,36.128],[136.25612,36.12809],[136.25632,36.12874],[136.25674,36.12865]]]}},{"type":"Feature","properties":{"pid":"3010104f-f3a2-4855-9e34-2fd2daa05fcb","full":6.6},"geometry":{"type":"Polygon","coordinates":[[[136.25631,36.12874],[136.25619,36.12836],[136.25587,36.12843],[136.25599,36.12879],[136.256,36.12878],[136.25601,36.1288],[136.25631,36.12874]]]}},{"type":"Feature","properties":{"pid":"b4b12c3d-33c1-4ffc-939b-2d3595086c98","full":15.4},"geometry":{"type":"Polygon","coordinates":[[[136.25504,36.12824],[136.25535,36.12813],[136.25535,36.12812],[136.25531,36.12802],[136.25538,36.128],[136.25528,36.12776],[136.2552,36.12778],[136.25512,36.12759],[136.2551,36.1276],[136.25509,36.12757],[136.25488,36.12754],[136.25476,36.12757],[136.25476,36.12759],[136.25474,36.12759],[136.25504,36.12824]]]}},{"type":"Feature","properties":{"pid":"07aa49b1-ec9c-47a4-8644-cf5e37cb813a","full":1.8},"geometry":{"type":"Polygon","coordinates":[[[136.25503,36.12824],[136.25473,36.12758],[136.25461,36.12761],[136.25462,36.12763],[136.2546,36.12764],[136.2549,36.12828],[136.25503,36.12824]]]}},{"type":"Feature","properties":{"pid":"599512f1-99c9-4b6b-bb8c-37ea3cbb3cb4","full":13.0},"geometry":{"type":"Polygon","coordinates":[[[136.25632,36.12878],[136.256,36.12884],[136.25608,36.12912],[136.2562,36.1295],[136.25651,36.12944],[136.2565,36.1294],[136.25652,36.1294],[136.25632,36.12878]]]}},{"type":"Feature","properties":{"pid":"d7ec1a5e-99f1-4bb1-a125-b7631d92fd5b","full":19.1},"geometry":{"type":"Polygon","coordinates":[[[136.25633,36.12878],[136.25652,36.1294],[136.25654,36.1294],[136.25655,36.12944],[136.25695,36.12936],[136.25675,36.12869],[136.25633,36.12878]]]}},{"type":"Feature","properties":{"pid":"4702f95b-3630-43b1-b13a-6338a661bc08","full":4.6},"geometry":{"type":"Polygon","coordinates":[[[136.25691,36.12943],[136.25665,36.12948],[136.25665,36.1295],[136.25663,36.1295],[136.25673,36.12982],[136.25702,36.1298],[136.25691,36.12943]]]}},{"type":"Feature","properties":{"pid":"0e30b03e-389a-4465-ba3a-a364d2734820","full":12.8},"geometry":{"type":"Polygon","coordinates":[[[136.2574,36.12933],[136.25692,36.12943],[136.25703,36.1298],[136.25754,36.12978],[136.2574,36.12933]]]}},{"type":"Feature","properties":{"pid":"a7d4a265-0bf2-4b47-9993-f7dfcf9166c0","full":19.4},"geometry":{"type":"Polygon","coordinates":[[[136.25739,36.12926],[136.25718,36.1286],[136.25676,36.12869],[136.25696,36.12934],[136.25698,36.12933],[136.25698,36.12935],[136.25739,36.12926]]]}},{"type":"Feature","properties":{"pid":"1d725d45-4ac5-4613-8a6e-14c95deeb985","full":18.4},"geometry":{"type":"Polygon","coordinates":[[[136.25778,36.12918],[136.25778,36.12916],[136.25781,36.12915],[136.25761,36.12852],[136.2572,36.1286],[136.2574,36.12926],[136.25778,36.12918]]]}},{"type":"Feature","properties":{"pid":"0ebddeb5-4013-4810-9fd7-03e9812eb8e8","full":18.2},"geometry":{"type":"Polygon","coordinates":[[[136.25781,36.12916],[136.25784,36.12916],[136.25784,36.12917],[136.25822,36.12909],[136.25803,36.12843],[136.25762,36.12851],[136.25781,36.12916]]]}},{"type":"Feature","properties":{"pid":"a1570729-da2e-4c0a-8333-e04d244b41e2","full":7.5},"geometry":{"type":"Polygon","coordinates":[[[136.25785,36.12976],[136.25771,36.12927],[136.25741,36.12933],[136.25755,36.12978],[136.25785,36.12976]]]}},{"type":"Feature","properties":{"pid":"53819a0d-d6cc-4909-b683-9ebed52b7c1e","full":19.6},"geometry":{"type":"Polygon","coordinates":[[[136.25803,36.12843],[136.25823,36.12909],[136.25862,36.12901],[136.25865,36.12899],[136.25866,36.12897],[136.25847,36.12835],[136.25803,36.12843]]]}},{"type":"Feature","properties":{"pid":"4cf0b772-52eb-4bc6-957b-28ad12b7bf79","full":19.6},"geometry":{"type":"Polygon","coordinates":[[[136.25896,36.12824],[136.25854,36.12833],[136.25873,36.12898],[136.25875,36.12899],[136.25915,36.12891],[136.25915,36.1289],[136.25917,36.12889],[136.25896,36.12824]]]}},{"type":"Feature","properties":{"pid":"c8a061a6-ef82-46b0-b296-ab9274cc0ab0","full":19.0},"geometry":{"type":"Polygon","coordinates":[[[136.25897,36.12824],[136.25917,36.1289],[136.25959,36.12882],[136.25939,36.12816],[136.25897,36.12824]]]}},{"type":"Feature","properties":{"pid":"88ee9c54-8cea-499b-80e4-c7632b2b805c","full":19.5},"geometry":{"type":"Polygon","coordinates":[[[136.25875,36.12755],[136.25873,36.12756],[136.25872,36.12755],[136.25832,36.12763],[136.25852,36.12829],[136.25895,36.1282],[136.25875,36.12755]]]}},{"type":"Feature","properties":{"pid":"1b62d605-efba-4612-adc7-5a814c5d4f5a","full":18.8},"geometry":{"type":"Polygon","coordinates":[[[136.25804,36.12839],[136.25845,36.1283],[136.25825,36.12764],[136.25783,36.12772],[136.25804,36.12839]]]}},{"type":"Feature","properties":{"pid":"0d1d3d23-c25d-4293-9e54-6213501bbcbc","full":10.1},"geometry":{"type":"Polygon","coordinates":[[[136.25803,36.12839],[136.25782,36.12773],[136.25755,36.12779],[136.25775,36.12845],[136.25803,36.12839]]]}},{"type":"Feature","properties":{"pid":"7a77cd43-ca83-4864-b97f-5db4e550ebc3","full":7.3},"geometry":{"type":"Polygon","coordinates":[[[136.25774,36.12845],[136.25754,36.1278],[136.25752,36.12781],[136.25751,36.1278],[136.25731,36.12784],[136.25751,36.1285],[136.25774,36.12845]]]}},{"type":"Feature","properties":{"pid":"56e55ac0-4e23-41c4-b4f2-408b05162360","full":18.3},"geometry":{"type":"Polygon","coordinates":[[[136.25675,36.12865],[136.25716,36.12856],[136.25696,36.12791],[136.25654,36.128],[136.25675,36.12865]]]}},{"type":"Feature","properties":{"pid":"bc03aa64-6742-466b-8a6f-295cb6cea362","full":13.4},"geometry":{"type":"Polygon","coordinates":[[[136.25717,36.12856],[136.2575,36.1285],[136.2573,36.12785],[136.25728,36.12786],[136.25728,36.12785],[136.25697,36.12791],[136.25717,36.12856]]]}},{"type":"Feature","properties":{"pid":"a83dd2b8-f56f-4be0-821d-2e6394f719a7","full":10.3},"geometry":{"type":"Polygon","coordinates":[[[136.25728,36.12738],[136.25688,36.12742],[136.25689,36.12762],[136.25695,36.12782],[136.25697,36.12781],[136.25698,36.12782],[136.2574,36.12774],[136.25728,36.12738]]]}},{"type":"Feature","properties":{"pid":"318d2ee6-2651-4358-bdc6-36de188d0dc7","full":13.0},"geometry":{"type":"Polygon","coordinates":[[[136.2576,36.12704],[136.25736,36.12711],[136.25738,36.12737],[136.2573,36.12738],[136.2574,36.12772],[136.25743,36.12772],[136.25743,36.12774],[136.2578,36.12766],[136.2576,36.12704]]]}},{"type":"Feature","properties":{"pid":"3dbd0d0b-8449-48d3-babc-e6d2baf1c186","full":18.0},"geometry":{"type":"Polygon","coordinates":[[[136.25761,36.12704],[136.2578,36.12764],[136.25783,36.12764],[136.25783,36.12765],[136.25822,36.12757],[136.25802,36.12692],[136.25761,36.12704]]]}},{"type":"Feature","properties":{"pid":"97d997f8-f8d3-433e-ba64-d6d2df365717","full":0.6},"geometry":{"type":"Polygon","coordinates":[[[136.25707,36.12719],[136.25709,36.1273],[136.25732,36.12728],[136.25731,36.12711],[136.25722,36.12714],[136.25707,36.12719]]]}},{"type":"Feature","properties":{"pid":"939defaf-8fed-45a9-96d9-107c77416aa1","full":1.2},"geometry":{"type":"Polygon","coordinates":[[[136.25797,36.12673],[136.25774,36.12674],[136.25775,36.12695],[136.25801,36.12688],[136.25797,36.12673]]]}},{"type":"Feature","properties":{"pid":"81e9478c-15c1-4216-87a7-45dc94ccf5e3","full":19.0},"geometry":{"type":"Polygon","coordinates":[[[136.25958,36.1273],[136.25937,36.12664],[136.25896,36.12672],[136.25915,36.12737],[136.25917,36.12736],[136.25918,36.12738],[136.25958,36.1273]]]}},{"type":"Feature","properties":{"pid":"f3bb8a99-7e7f-4571-8f00-a6d07df96987","full":18.7},"geometry":{"type":"Polygon","coordinates":[[[136.25876,36.12746],[136.25915,36.12739],[136.25895,36.12672],[136.25853,36.12681],[136.25873,36.12745],[136.25875,36.12744],[136.25876,36.12746]]]}},{"type":"Feature","properties":{"pid":"fd53c38f-d490-4f4b-ae21-2a87acac5350","full":19.4},"geometry":{"type":"Polygon","coordinates":[[[136.25871,36.12747],[136.2587,36.12745],[136.25872,36.12745],[136.25852,36.12681],[136.25809,36.1269],[136.2583,36.12755],[136.25871,36.12747]]]}},{"type":"Feature","properties":{"pid":"b99038a8-d427-4e27-a683-b21f72c2d5ba","full":18.5},"geometry":{"type":"Polygon","coordinates":[[[136.25916,36.12746],[136.25878,36.12754],[136.25877,36.12755],[136.25876,36.12756],[136.25896,36.1282],[136.25938,36.12812],[136.25916,36.12746]]]}},{"type":"Feature","properties":{"pid":"503d044b-a81a-4bcd-b6c5-fd90c1048dd4","full":19.4},"geometry":{"type":"Polygon","coordinates":[[[136.25918,36.12747],[136.25938,36.12811],[136.25981,36.12803],[136.25961,36.12737],[136.25922,36.12745],[136.25922,36.12747],[136.25918,36.12747]]]}},{"type":"Feature","properties":{"pid":"4c514c04-a02c-4ce3-9966-16471f8976ac","full":16.5},"geometry":{"type":"Polygon","coordinates":[[[136.25997,36.12722],[136.25976,36.12656],[136.25939,36.12664],[136.25958,36.12728],[136.25961,36.12727],[136.25961,36.12729],[136.25997,36.12722]]]}},{"type":"Feature","properties":{"pid":"e55fe562-f83d-492b-819e-50af2e260296","full":13.2},"geometry":{"type":"Polygon","coordinates":[[[136.26,36.12721],[136.26028,36.12715],[136.26011,36.12649],[136.25977,36.12656],[136.25997,36.12721],[136.25999,36.1272],[136.26,36.12721]]]}},{"type":"Feature","properties":{"pid":"2f4eb80c-b2c1-417c-ab8f-a309b4fb42cd","full":32.7},"geometry":{"type":"Polygon","coordinates":[[[136.26161,36.12689],[136.2614,36.12623],[136.26076,36.12636],[136.26095,36.12699],[136.26097,36.12699],[136.26098,36.12702],[136.26161,36.12689]]]}},{"type":"Feature","properties":{"pid":"42e5a836-e492-4bad-a97e-d055ea307d4e","full":4.4},"geometry":{"type":"Polygon","coordinates":[[[136.26105,36.12626],[136.26099,36.12592],[136.26076,36.12596],[136.26076,36.12597],[136.26074,36.12598],[136.26075,36.12632],[136.26105,36.12626]]]}},{"type":"Feature","properties":{"pid":"d0865dfa-77b7-47f5-a1b6-1cdcc8cf60df","full":5.8},"geometry":{"type":"Polygon","coordinates":[[[136.26162,36.12618],[136.26141,36.12623],[136.26161,36.12687],[136.26163,36.12687],[136.26164,36.12689],[136.26182,36.12685],[136.26162,36.12618]]]}},{"type":"Feature","properties":{"pid":"b3a1ce12-94e0-41e3-8ecd-02ed59aed30a","full":19.7},"geometry":{"type":"Polygon","coordinates":[[[136.26205,36.12758],[136.26184,36.12691],[136.26141,36.127],[136.26161,36.12766],[136.26205,36.12758]]]}},{"type":"Feature","properties":{"pid":"eb3e5a12-4622-49d4-bd49-1a7403185388","full":19.4},"geometry":{"type":"Polygon","coordinates":[[[136.26161,36.12766],[136.26141,36.127],[136.26098,36.12709],[136.26118,36.12775],[136.26161,36.12766]]]}},{"type":"Feature","properties":{"pid":"6b00c3f3-f92a-401d-a4f6-2a1378590160","full":12.8},"geometry":{"type":"Polygon","coordinates":[[[136.2606,36.12717],[136.26077,36.12783],[136.26108,36.12777],[136.26107,36.12774],[136.2611,36.12773],[136.26091,36.1271],[136.2606,36.12717]]]}},{"type":"Feature","properties":{"pid":"f37205b7-824c-4d27-986e-b80ec1ab7dce","full":19.6},"geometry":{"type":"Polygon","coordinates":[[[136.26183,36.12836],[136.26162,36.1277],[136.26119,36.12778],[136.26139,36.12842],[136.26142,36.12841],[136.26143,36.12844],[136.26183,36.12836]]]}},{"type":"Feature","properties":{"pid":"f15fccc9-e4f5-4d55-ba15-f29ae70fe36c","full":11.0},"geometry":{"type":"Polygon","coordinates":[[[136.26126,36.12833],[136.26125,36.1283],[136.26127,36.12829],[136.26112,36.1278],[136.26078,36.12788],[136.26092,36.12839],[136.26126,36.12833]]]}},{"type":"Feature","properties":{"pid":"140d7f0c-db8a-4c03-b614-3e5aad4fe4b4","full":18.8},"geometry":{"type":"Polygon","coordinates":[[[136.25964,36.12881],[136.26002,36.12873],[136.25981,36.12807],[136.2594,36.12816],[136.2596,36.12881],[136.25964,36.12881]]]}},{"type":"Feature","properties":{"pid":"2f47d4d7-d12d-4d41-aa2e-97fa03f7a2d2","full":24.4},"geometry":{"type":"Polygon","coordinates":[[[136.26055,36.12869],[136.26005,36.12879],[136.26005,36.1288],[136.26025,36.12946],[136.26076,36.12936],[136.26055,36.12869]]]}},{"type":"Feature","properties":{"pid":"165b77ad-9c38-41af-9580-8ecc267efb05","full":14.5},"geometry":{"type":"Polygon","coordinates":[[[136.25981,36.12946],[136.26021,36.12949],[136.25999,36.12881],[136.25964,36.12888],[136.25981,36.12946]]]}},{"type":"Feature","properties":{"pid":"f5836848-13c5-464d-b8b2-e687b60019e7","full":12.7},"geometry":{"type":"Polygon","coordinates":[[[136.2598,36.12946],[136.25963,36.12888],[136.25927,36.12896],[136.25944,36.12953],[136.25974,36.12946],[136.2598,36.12946]]]}},{"type":"Feature","properties":{"pid":"de2828b9-c6ba-4fa0-874d-e9bbc3e7c71b","full":19.3},"geometry":{"type":"Polygon","coordinates":[[[136.26205,36.12909],[136.26185,36.12845],[136.26182,36.12846],[136.26181,36.12844],[136.26142,36.12852],[136.26162,36.12918],[136.26205,36.12909]]]}},{"type":"Feature","properties":{"pid":"d41dfc21-cc6b-4eef-82b2-35ce2ca33800","full":0.8},"geometry":{"type":"Polygon","coordinates":[[[136.26164,36.12922],[136.26175,36.12959],[136.26189,36.12959],[136.26177,36.12919],[136.26164,36.12922]]]}},{"type":"Feature","properties":{"pid":"af58abe7-8773-4477-b666-c20f67312a4c","full":28.1},"geometry":{"type":"Polygon","coordinates":[[[136.26199,36.13048],[136.26197,36.12968],[136.26169,36.12966],[136.2617,36.12991],[136.2613,36.1299],[136.26146,36.13049],[136.26199,36.13048]]]}},{"type":"Feature","properties":{"pid":"08b5f420-837c-4b22-bf8f-91e1a45ba2ad","full":21.0},"geometry":{"type":"Polygon","coordinates":[[[136.26033,36.12955],[136.25998,36.12952],[136.26001,36.13052],[136.26036,36.13051],[136.26033,36.12955]]]}},{"type":"Feature","properties":{"pid":"0bf8d140-c22a-4952-9668-b33da51966de","full":4.2},"geometry":{"type":"Polygon","coordinates":[[[136.26041,36.1303],[136.2606,36.1303],[136.26059,36.12967],[136.26039,36.12967],[136.26041,36.1303]]]}},{"type":"Feature","properties":{"pid":"b9f3cfb9-60e8-4ba4-8369-8781e97c607a","full":14.2},"geometry":{"type":"Polygon","coordinates":[[[136.25997,36.12952],[136.25971,36.12951],[136.25974,36.13053],[136.26,36.13052],[136.25997,36.12952]]]}},{"type":"Feature","properties":{"pid":"b0a2f4c2-a1dc-4dab-a36f-78adc3f171f8","full":18.3},"geometry":{"type":"Polygon","coordinates":[[[136.25972,36.13053],[136.2597,36.12951],[136.25939,36.12959],[136.25941,36.13053],[136.25972,36.13053]]]}},{"type":"Feature","properties":{"pid":"23206a84-450b-402d-af72-37e4e80071b6","full":19.4},"geometry":{"type":"Polygon","coordinates":[[[136.2594,36.13053],[136.25938,36.12959],[136.25903,36.12967],[136.25905,36.13053],[136.2594,36.13053]]]}},{"type":"Feature","properties":{"pid":"5dcb5c02-7886-4073-a3e8-67835d6cf86e","full":40.1},"geometry":{"type":"Polygon","coordinates":[[[136.25904,36.13053],[136.25902,36.12968],[136.25868,36.12976],[136.25834,36.12978],[136.25835,36.13054],[136.25904,36.13053]]]}},{"type":"Feature","properties":{"pid":"d468818a-e397-4caa-9c27-f9b3d5636371","full":32.3},"geometry":{"type":"Polygon","coordinates":[[[136.25691,36.13057],[136.2575,36.13056],[136.2575,36.13055],[136.25753,36.13055],[136.25751,36.12982],[136.25689,36.12985],[136.25691,36.13057]]]}},{"type":"Feature","properties":{"pid":"04247155-acc7-435a-a0fd-a5fb2dd0831a","full":2.8},"geometry":{"type":"Polygon","coordinates":[[[136.25691,36.13057],[136.25688,36.12985],[136.25673,36.12986],[136.25675,36.13055],[136.25678,36.13055],[136.25678,36.13057],[136.25691,36.13057]]]}},{"type":"Feature","properties":{"pid":"367d325c-3997-453e-a14e-b58aee121b3e","full":42.5},"geometry":{"type":"Polygon","coordinates":[[[136.25754,36.13057],[136.25829,36.13055],[136.25828,36.1298],[136.25827,36.12979],[136.25752,36.12982],[136.25754,36.13057]]]}},{"type":"Feature","properties":{"pid":"056e885e-53df-4794-bd52-35089b7e03b3","full":13.1},"geometry":{"type":"Polygon","coordinates":[[[136.25748,36.13065],[136.2575,36.13129],[136.25752,36.1313],[136.25783,36.1313],[136.25782,36.13063],[136.25752,36.13063],[136.25752,36.13065],[136.25748,36.13065]]]}},{"type":"Feature","properties":{"pid":"2f367b30-3082-47dc-83ff-192c53aa4aa4","full":3.4},"geometry":{"type":"Polygon","coordinates":[[[136.25708,36.13064],[136.2571,36.13131],[136.25727,36.13131],[136.25725,36.13064],[136.25708,36.13064]]]}},{"type":"Feature","properties":{"pid":"66c3bce4-40d1-43ff-8c30-d7d32d81a30b","full":5.8},"geometry":{"type":"Polygon","coordinates":[[[136.25748,36.13065],[136.25745,36.13065],[136.25744,36.13063],[136.25726,36.13064],[136.25728,36.1313],[136.25749,36.1313],[136.25748,36.13065]]]}},{"type":"Feature","properties":{"pid":"78dd9abd-28c5-46e6-9f45-b78d31fb7b3b","full":20.4},"geometry":{"type":"Polygon","coordinates":[[[136.25831,36.13129],[136.25829,36.13065],[136.25827,36.13065],[136.25827,36.13062],[136.25783,36.13063],[136.25784,36.1313],[136.25831,36.13129]]]}},{"type":"Feature","properties":{"pid":"d3697963-78f3-4e08-8eab-1fe852a6372f","full":24.9},"geometry":{"type":"Polygon","coordinates":[[[136.25868,36.13129],[136.25899,36.13128],[136.25898,36.13062],[136.25897,36.13062],[136.25897,36.13061],[136.25836,36.13062],[136.25837,36.13113],[136.25867,36.13112],[136.25868,36.13129]]]}},{"type":"Feature","properties":{"pid":"23eb69f8-51c6-4e80-9ac9-3a6bd52b71d1","full":11.8},"geometry":{"type":"Polygon","coordinates":[[[136.259,36.13128],[136.25932,36.13128],[136.2593,36.1306],[136.25901,36.13061],[136.25901,36.13062],[136.25899,36.13062],[136.259,36.13128]]]}},{"type":"Feature","properties":{"pid":"e9cafdea-1e15-4dd8-b578-67e613fa0e3d","full":12.4},"geometry":{"type":"Polygon","coordinates":[[[136.25907,36.13203],[136.25939,36.13202],[136.25937,36.13134],[136.25905,36.13134],[136.25907,36.13203]]]}},{"type":"Feature","properties":{"pid":"bfc7c3e0-4c02-491f-81f4-f237fab93fe5","full":20.7},"geometry":{"type":"Polygon","coordinates":[[[136.25882,36.13196],[136.25881,36.13134],[136.25838,36.13135],[136.2584,36.13218],[136.25872,36.13217],[136.25871,36.13196],[136.25882,36.13196]]]}},{"type":"Feature","properties":{"pid":"2b9aa61e-d35b-4f30-8d13-78936d0503a7","full":41.8},"geometry":{"type":"Polygon","coordinates":[[[136.25833,36.13217],[136.25831,36.13136],[136.25833,36.13135],[136.25814,36.13135],[136.25766,36.13136],[136.25767,36.13224],[136.25773,36.13223],[136.25828,36.1322],[136.25833,36.13217]]]}},{"type":"Feature","properties":{"pid":"3aad945c-c256-47e8-9023-40db994dcc5f","full":18.9},"geometry":{"type":"Polygon","coordinates":[[[136.25765,36.13136],[136.2573,36.13137],[136.25732,36.13229],[136.25767,36.13225],[136.25765,36.13136]]]}},{"type":"Feature","properties":{"pid":"b1da4f4b-0e96-411f-93eb-ed034ea66639","full":3.1},"geometry":{"type":"Polygon","coordinates":[[[136.25717,36.13232],[136.25732,36.13229],[136.2573,36.13137],[136.2572,36.13137],[136.25715,36.13139],[136.25717,36.13232]]]}},{"type":"Feature","properties":{"pid":"f2980299-aebf-4e64-a9e9-156364988dc4","full":12.4},"geometry":{"type":"Polygon","coordinates":[[[136.25697,36.13235],[136.25716,36.13232],[136.25715,36.13139],[136.257,36.13146],[136.257,36.13148],[136.25696,36.13149],[136.25685,36.13174],[136.25686,36.13208],[136.25697,36.13235]]]}},{"type":"Feature","properties":{"pid":"235fcf73-356e-4aa0-b325-5a6b12d3ee74","full":1.7},"geometry":{"type":"Polygon","coordinates":[[[136.2577,36.13274],[136.25769,36.133],[136.2579,36.133],[136.25794,36.1324],[136.25789,36.1324],[136.25779,36.13276],[136.2577,36.13274]]]}},{"type":"Feature","properties":{"pid":"8e7f526a-004a-4e69-956c-828079ec95de","full":29.3},"geometry":{"type":"Polygon","coordinates":[[[136.25767,36.13312],[136.25769,36.13274],[136.25742,36.13268],[136.25749,36.13243],[136.25693,36.13254],[136.25694,36.13313],[136.25767,36.13312]]]}},{"type":"Feature","properties":{"pid":"55877a90-fd2d-422f-bd7c-d5f7100ab3c5","full":23.9},"geometry":{"type":"Polygon","coordinates":[[[136.25846,36.1331],[136.25849,36.13265],[136.25847,36.13264],[136.25829,36.13263],[136.2583,36.13242],[136.2583,36.1324],[136.25828,36.13238],[136.25795,36.1324],[136.2579,36.13312],[136.25844,36.13311],[136.25846,36.1331]]]}},{"type":"Feature","properties":{"pid":"02a6da84-3e71-4703-87bc-bb34e1435657","full":11.2},"geometry":{"type":"Polygon","coordinates":[[[136.25967,36.13215],[136.25972,36.13215],[136.2597,36.13133],[136.25938,36.13133],[136.2594,36.13196],[136.25968,36.13196],[136.25967,36.13215]]]}},{"type":"Feature","properties":{"pid":"7524c91c-cc36-4ed7-85b5-76c6a6c55b8b","full":16.6},"geometry":{"type":"Polygon","coordinates":[[[136.26044,36.13134],[136.26046,36.13218],[136.26078,36.13219],[136.26077,36.13132],[136.26045,36.13132],[136.26045,36.13133],[136.26044,36.13134]]]}},{"type":"Feature","properties":{"pid":"4c2dd5f7-f53e-4360-a2e4-ae03bcbd449e","full":43.8},"geometry":{"type":"Polygon","coordinates":[[[136.26143,36.13218],[136.26154,36.13208],[136.26147,36.1318],[136.26138,36.13143],[136.26134,36.13132],[136.26131,36.1313],[136.26079,36.13132],[136.26079,36.13218],[136.26081,36.13217],[136.26081,36.13219],[136.26098,36.1322],[136.26143,36.13218]]]}},{"type":"Feature","properties":{"pid":"f4997875-0cb2-44e8-849a-d67163d1f954","full":5.1},"geometry":{"type":"Polygon","coordinates":[[[136.26296,36.13318],[136.26295,36.13231],[136.26291,36.13231],[136.26291,36.13228],[136.26277,36.13228],[136.26279,36.13317],[136.26281,36.13317],[136.26281,36.13319],[136.26296,36.13318]]]}},{"type":"Feature","properties":{"pid":"77956d11-a0d1-4f97-85a7-d2317dbdd2f7","full":24.3},"geometry":{"type":"Polygon","coordinates":[[[136.26377,36.13226],[136.2638,36.13317],[136.26421,36.13316],[136.26418,36.13225],[136.26377,36.13226]]]}},{"type":"Feature","properties":{"pid":"efd5c5da-7e1c-453c-9545-de4ab25433dc","full":6.3},"geometry":{"type":"Polygon","coordinates":[[[136.26208,36.13129],[136.26168,36.13129],[136.26172,36.13148],[136.26175,36.13147],[136.26175,36.13152],[136.26173,36.13152],[136.26176,36.13164],[136.26209,36.13163],[136.26208,36.13129]]]}},{"type":"Feature","properties":{"pid":"71c9b387-8fad-4185-b53c-bd14642e5f4e","full":17.4},"geometry":{"type":"Polygon","coordinates":[[[136.26234,36.12969],[136.26198,36.12968],[136.262,36.13049],[136.26235,36.13048],[136.26234,36.12969]]]}},{"type":"Feature","properties":{"pid":"918e90f8-cd8a-496f-9554-029ae5fbbdb2","full":16.8},"geometry":{"type":"Polygon","coordinates":[[[136.26323,36.13046],[136.26322,36.12973],[136.26285,36.12971],[136.26286,36.13045],[136.26288,36.13045],[136.26288,36.13047],[136.26323,36.13046]]]}},{"type":"Feature","properties":{"pid":"37c770ca-bc8b-4051-a708-1f0558f726c2","full":26.1},"geometry":{"type":"Polygon","coordinates":[[[136.26236,36.13048],[136.26285,36.13047],[136.26284,36.12971],[136.26235,36.12969],[136.26236,36.13048]]]}},{"type":"Feature","properties":{"pid":"2f8a5d5a-ba44-415e-8c73-8e2dff3eedb0","full":22.2},"geometry":{"type":"Polygon","coordinates":[[[136.2633,36.13046],[136.26375,36.13045],[136.26376,36.12975],[136.26329,36.12972],[136.2633,36.13046]]]}},{"type":"Feature","properties":{"pid":"871dcea8-4ec2-434e-af8d-4e876c246509","full":34.9},"geometry":{"type":"Polygon","coordinates":[[[136.26446,36.13044],[136.26446,36.12977],[136.26377,36.12975],[136.26377,36.13046],[136.26446,36.13044]]]}},{"type":"Feature","properties":{"pid":"397d4b81-b844-4a0e-bd75-bdc057cb8c30","full":6.2},"geometry":{"type":"Polygon","coordinates":[[[136.26327,36.13122],[136.26325,36.13054],[136.26303,36.13054],[136.26305,36.13122],[136.26327,36.13122]]]}},{"type":"Feature","properties":{"pid":"a0328d84-15a5-40c4-a0a6-b6f6ac24f9f4","full":45.6},"geometry":{"type":"Polygon","coordinates":[[[136.2642,36.13053],[136.26331,36.13054],[136.26333,36.13122],[136.26422,36.1312],[136.2642,36.13053]]]}},{"type":"Feature","properties":{"pid":"afd8a805-96fd-4688-a7de-edb47b7240e8","full":3.1},"geometry":{"type":"Polygon","coordinates":[[[136.26549,36.13122],[136.26514,36.13132],[136.26515,36.13149],[136.2655,36.13149],[136.26549,36.13122]]]}},{"type":"Feature","properties":{"pid":"ff68b958-9c5a-4696-a4e9-74286e3aae6c","full":39.1},"geometry":{"type":"Polygon","coordinates":[[[136.26593,36.13051],[136.26512,36.13052],[136.26514,36.13126],[136.26518,36.13127],[136.26594,36.13104],[136.26593,36.13051]]]}},{"type":"Feature","properties":{"pid":"b5986534-13fd-47e6-b5c9-98b09dc17967","full":38.1},"geometry":{"type":"Polygon","coordinates":[[[136.26498,36.13053],[136.26492,36.13052],[136.26422,36.13053],[136.26423,36.1312],[136.265,36.13119],[136.26498,36.13053]]]}},{"type":"Feature","properties":{"pid":"b8e0700a-2d34-4579-a9a5-7bd92f7bd0ab","full":24.1},"geometry":{"type":"Polygon","coordinates":[[[136.26513,36.12981],[136.26513,36.1298],[136.26447,36.12977],[136.26447,36.13045],[136.265,36.13044],[136.26499,36.1301],[136.26499,36.13001],[136.26503,36.1299],[136.26513,36.12981]]]}},{"type":"Feature","properties":{"pid":"a3caf095-78dc-4015-a9da-b160a39d5ae1","full":34.8},"geometry":{"type":"Polygon","coordinates":[[[136.26593,36.13043],[136.26592,36.12986],[136.26534,36.12983],[136.26524,36.12986],[136.26517,36.12992],[136.26513,36.12997],[136.26511,36.13002],[136.26511,36.13006],[136.26512,36.13045],[136.26593,36.13043]]]}},{"type":"Feature","properties":{"pid":"3de5c389-f702-4018-a45a-2c356ad00729","full":0.6},"geometry":{"type":"Polygon","coordinates":[[[136.26622,36.13058],[136.26644,36.13049],[136.26639,36.13038],[136.26616,36.13046],[136.26616,36.13056],[136.26622,36.13058]]]}},{"type":"Feature","properties":{"pid":"142c984c-f4a1-405a-99e1-9d291da2d436","full":31.1},"geometry":{"type":"Polygon","coordinates":[[[136.26704,36.13022],[136.26706,36.1299],[136.266,36.12986],[136.266,36.13043],[136.26642,36.1303],[136.26704,36.13022]]]}},{"type":"Feature","properties":{"pid":"c736e7bf-87a2-432e-8932-3485693d866c","full":8.3},"geometry":{"type":"Polygon","coordinates":[[[136.2655,36.13122],[136.2655,36.13148],[136.26597,36.13147],[136.26595,36.13109],[136.2655,36.13122]]]}},{"type":"Feature","properties":{"pid":"40e87756-7369-4ae1-b57a-3a5a424cb9fa","full":19.5},"geometry":{"type":"Polygon","coordinates":[[[136.26662,36.13163],[136.26636,36.13149],[136.26604,36.1315],[136.26606,36.13207],[136.26655,36.13206],[136.26662,36.13163]]]}},{"type":"Feature","properties":{"pid":"6f07d36e-b0f3-4c41-bf34-29863602ce92","full":11.0},"geometry":{"type":"Polygon","coordinates":[[[136.26656,36.13206],[136.26691,36.13205],[136.26707,36.13167],[136.26693,36.13159],[136.26664,36.13154],[136.26656,36.13206]]]}},{"type":"Feature","properties":{"pid":"46f7504e-4c1c-4253-8fa4-8e6d5c2c5ec3","full":36.9},"geometry":{"type":"Polygon","coordinates":[[[136.2654,36.13215],[136.26552,36.1321],[136.26557,36.13208],[136.26598,36.13207],[136.26597,36.13148],[136.26515,36.1315],[136.26517,36.13213],[136.2652,36.13216],[136.2654,36.13215]]]}},{"type":"Feature","properties":{"pid":"36722eeb-2672-406d-97eb-c5c6109bc5d9","full":7.1},"geometry":{"type":"Polygon","coordinates":[[[136.26551,36.13295],[136.26546,36.13225],[136.26536,36.13232],[136.26531,36.13238],[136.26527,36.13245],[136.26525,36.13252],[136.26522,36.13297],[136.26551,36.13295]]]}},{"type":"Feature","properties":{"pid":"6105c01f-9f37-42b9-9ddd-415b4ebe60ac","full":23.7},"geometry":{"type":"Polygon","coordinates":[[[136.26463,36.13316],[136.2646,36.13225],[136.2642,36.13225],[136.26423,36.13316],[136.26463,36.13316]]]}},{"type":"Feature","properties":{"pid":"b999adc6-102d-4f32-8dcd-d1ae78bd1587","full":6.0},"geometry":{"type":"Polygon","coordinates":[[[136.26482,36.13315],[136.2648,36.13224],[136.26461,36.13224],[136.26464,36.13316],[136.26482,36.13315]]]}},{"type":"Feature","properties":{"pid":"c6acef4f-d73d-4f90-8af7-af2c02846fa2","full":1.9},"geometry":{"type":"Polygon","coordinates":[[[136.26496,36.13318],[136.265,36.13263],[136.26498,36.13261],[136.26482,36.13261],[136.26484,36.13318],[136.26496,36.13318]]]}},{"type":"Feature","properties":{"pid":"a29ffee5-84e4-48c2-9045-f8a17e546fd8","full":32.4},"geometry":{"type":"Polygon","coordinates":[[[136.26616,36.13292],[136.26611,36.13222],[136.2655,36.13223],[136.26548,36.13225],[136.26553,36.13295],[136.26616,36.13292]]]}},{"type":"Feature","properties":{"pid":"0dba3cc8-7e13-4f7d-8c64-84ec6ef735b2","full":32.1},"geometry":{"type":"Polygon","coordinates":[[[136.26684,36.13289],[136.26678,36.13223],[136.26674,36.13223],[136.26674,36.13221],[136.26613,36.13222],[136.26618,36.13292],[136.26684,36.13289]]]}},{"type":"Feature","properties":{"pid":"d4488c04-fc18-4e4c-a6f6-3ca4ee021270","full":31.1},"geometry":{"type":"Polygon","coordinates":[[[136.26822,36.13282],[136.26818,36.13219],[136.26754,36.13219],[136.26752,36.13222],[136.26752,36.13228],[136.26756,36.13283],[136.26759,36.13282],[136.26759,36.13285],[136.26822,36.13282]]]}},{"type":"Feature","properties":{"pid":"8838c441-a917-49ae-8642-05bfbc74c577","full":30.6},"geometry":{"type":"Polygon","coordinates":[[[136.26685,36.13289],[136.26749,36.13285],[136.26745,36.13223],[136.26744,36.13221],[136.26679,36.13222],[136.26685,36.13289]]]}},{"type":"Feature","properties":{"pid":"452d97f5-f145-414f-92e7-7cca2fa72f33","full":6.9},"geometry":{"type":"Polygon","coordinates":[[[136.26692,36.13206],[136.26771,36.13205],[136.26771,36.13189],[136.26757,36.13185],[136.267,36.13186],[136.26692,36.13206]]]}},{"type":"Feature","properties":{"pid":"56397774-34f3-4da1-828f-5b5294f56a82","full":2.7},"geometry":{"type":"Polygon","coordinates":[[[136.26941,36.13277],[136.26937,36.13217],[136.2692,36.13217],[136.26925,36.13278],[136.26941,36.13277]]]}},{"type":"Feature","properties":{"pid":"e86f1df5-816a-4011-8412-78e26acabd2e","full":11.8},"geometry":{"type":"Polygon","coordinates":[[[136.26924,36.13278],[136.2692,36.13217],[136.26887,36.13218],[136.2689,36.13279],[136.26924,36.13278]]]}},{"type":"Feature","properties":{"pid":"4c6a4b6b-b7a5-476b-b753-8be497470c53","full":29.3},"geometry":{"type":"Polygon","coordinates":[[[136.26889,36.13279],[136.26885,36.13217],[136.26822,36.13218],[136.26821,36.1322],[136.26819,36.1322],[136.26824,36.13282],[136.26889,36.13279]]]}},{"type":"Feature","properties":{"pid":"ec6f547b-3a1f-4091-9f9e-4fc51a8c8d9c","full":5.9},"geometry":{"type":"Polygon","coordinates":[[[136.27,36.13323],[136.27,36.13303],[136.26996,36.13303],[136.26996,36.13301],[136.26992,36.13301],[136.26991,36.13283],[136.26962,36.13285],[136.26964,36.13318],[136.26997,36.13324],[136.27,36.13323]]]}},{"type":"Feature","properties":{"pid":"5babbd08-0d3a-4ef3-8cc7-5c9887711028","full":6.9},"geometry":{"type":"Polygon","coordinates":[[[136.27,36.13258],[136.27004,36.13216],[136.26971,36.13216],[136.26971,36.13217],[136.26969,36.13217],[136.26971,36.13259],[136.27,36.13258]]]}},{"type":"Feature","properties":{"pid":"b67a3816-3e88-4db4-95a4-9d85715bae91","full":1.6},"geometry":{"type":"Polygon","coordinates":[[[136.27031,36.13245],[136.27023,36.13215],[136.27014,36.13216],[136.2701,36.13258],[136.27025,36.13258],[136.27027,36.13255],[136.27029,36.13256],[136.27031,36.13245]]]}},{"type":"Feature","properties":{"pid":"9310ffa5-d09d-450f-9584-c73241ff520f","full":0.5},"geometry":{"type":"Polygon","coordinates":[[[136.27135,36.13323],[136.27139,36.13306],[136.27104,36.13308],[136.27103,36.13313],[136.27135,36.13323]]]}},{"type":"Feature","properties":{"pid":"b93e188e-1b5b-4b57-aec5-fdef3e9f3c96","full":4.7},"geometry":{"type":"Polygon","coordinates":[[[136.27145,36.13326],[136.27164,36.13331],[136.27187,36.13334],[136.27183,36.13302],[136.2715,36.13305],[136.27145,36.13326]]]}},{"type":"Feature","properties":{"pid":"32cd3cc1-9088-4dd6-a9e9-77e303ad4de1","full":16.9},"geometry":{"type":"Polygon","coordinates":[[[136.27166,36.13206],[136.27178,36.13295],[136.2721,36.13293],[136.27199,36.13204],[136.27166,36.13206]]]}},{"type":"Feature","properties":{"pid":"a6931c24-4fc7-4faa-ab8e-36b74b8f7220","full":43.9},"geometry":{"type":"Polygon","coordinates":[[[136.27101,36.13211],[136.2711,36.13301],[136.27176,36.13295],[136.27165,36.13206],[136.27101,36.13211]]]}},{"type":"Feature","properties":{"pid":"b0613aad-01a4-4eba-9700-f341df2ed59b","full":3.7},"geometry":{"type":"Polygon","coordinates":[[[136.271,36.13211],[136.27078,36.13213],[136.27076,36.13217],[136.27084,36.13224],[136.27087,36.13232],[136.27089,36.13242],[136.2709,36.13279],[136.27096,36.13299],[136.27101,36.13301],[136.2711,36.13301],[136.271,36.13211]]]}},{"type":"Feature","properties":{"pid":"4eef69ed-29f3-4d62-94b9-2f35def9c4a0","full":44.2},"geometry":{"type":"Polygon","coordinates":[[[136.2723,36.13192],[136.2722,36.13102],[136.27153,36.13108],[136.27165,36.13196],[136.2723,36.13192]]]}},{"type":"Feature","properties":{"pid":"073bad61-96da-4ec0-937d-fb703e0677a1","full":24.4},"geometry":{"type":"Polygon","coordinates":[[[136.27148,36.13105],[136.27126,36.13107],[136.27101,36.13148],[136.27091,36.13164],[136.27122,36.13172],[136.27116,36.1319],[136.27116,36.13195],[136.27117,36.13196],[136.27159,36.13193],[136.27148,36.13105]]]}},{"type":"Feature","properties":{"pid":"76827252-38fd-4a0e-9210-d62548fbce47","full":14.4},"geometry":{"type":"Polygon","coordinates":[[[136.26962,36.13109],[136.2696,36.13157],[136.27,36.13176],[136.27005,36.13111],[136.26962,36.13109]]]}},{"type":"Feature","properties":{"pid":"a8acb51f-a312-482b-8983-504ea7be4c71","full":44.9},"geometry":{"type":"Polygon","coordinates":[[[136.27072,36.13104],[136.27074,36.1306],[136.26927,36.13054],[136.26938,36.13097],[136.2694,36.13098],[136.27072,36.13104]]]}},{"type":"Feature","properties":{"pid":"410f6b10-f3c5-4b2d-90b8-fafccd7fccbb","full":10.7},"geometry":{"type":"Polygon","coordinates":[[[136.2713,36.13063],[136.27126,36.13062],[136.27075,36.13059],[136.27072,36.13104],[136.271,36.13105],[136.2713,36.13063]]]}},{"type":"Feature","properties":{"pid":"3f6bbf27-60f8-477c-8c7a-16e45b3525f4","full":22.0},"geometry":{"type":"Polygon","coordinates":[[[136.27078,36.13005],[136.27075,36.1305],[136.27136,36.13052],[136.27163,36.13013],[136.27162,36.13009],[136.27078,36.13005]]]}},{"type":"Feature","properties":{"pid":"cb2bf98b-68a0-4a92-9022-8268683c54fb","full":19.1},"geometry":{"type":"Polygon","coordinates":[[[136.27008,36.13046],[136.27074,36.13049],[136.27077,36.13006],[136.27011,36.13003],[136.27008,36.13046]]]}},{"type":"Feature","properties":{"pid":"899b4c24-501f-45d5-9574-4e77c1560bc0","full":25.8},"geometry":{"type":"Polygon","coordinates":[[[136.27008,36.13047],[136.27011,36.13003],[136.26925,36.12999],[136.26923,36.13026],[136.26925,36.13026],[136.26924,36.13043],[136.27008,36.13047]]]}},{"type":"Feature","properties":{"pid":"1ffc9900-be99-4b25-a5f3-4555650704a9","full":1.6},"geometry":{"type":"Polygon","coordinates":[[[136.2683,36.13019],[136.26851,36.1302],[136.26853,36.12996],[136.26832,36.12995],[136.2683,36.13019]]]}},{"type":"Feature","properties":{"pid":"29f3586e-dc66-4295-b8b9-62174a0314f3","full":7.6},"geometry":{"type":"Polygon","coordinates":[[[136.26852,36.1302],[136.26911,36.13025],[136.26913,36.13001],[136.26912,36.12999],[136.26854,36.12996],[136.26852,36.1302]]]}},{"type":"Feature","properties":{"pid":"991a99e3-2191-4621-9176-df5815286ce6","full":2.9},"geometry":{"type":"Polygon","coordinates":[[[136.26879,36.13043],[136.2688,36.1303],[136.26829,36.13026],[136.2683,36.13046],[136.26879,36.13043]]]}},{"type":"Feature","properties":{"pid":"67262ff2-0293-433e-b6f7-d881339df5f7","full":4.2},"geometry":{"type":"Polygon","coordinates":[[[136.26959,36.13156],[136.26961,36.13109],[136.26935,36.13109],[136.26936,36.13116],[136.26936,36.13147],[136.26959,36.13156]]]}},{"type":"Feature","properties":{"pid":"166d0677-de61-47ad-b395-824c3bcfb3f2","full":1.0},"geometry":{"type":"Polygon","coordinates":[[[136.26872,36.13126],[136.26867,36.1314],[136.26869,36.13143],[136.26882,36.13147],[136.26884,36.13146],[136.26886,36.13146],[136.269,36.13137],[136.26875,36.13125],[136.26872,36.13126]]]}},{"type":"Feature","properties":{"pid":"5b770469-056f-472a-8a21-3694dc1e507d","full":3.5},"geometry":{"type":"Polygon","coordinates":[[[136.26689,36.13105],[136.26693,36.1312],[136.26728,36.13132],[136.2673,36.13102],[136.26689,36.13105]]]}},{"type":"Feature","properties":{"pid":"ba9094c7-3a25-4317-b4e3-98552550b03b","full":0.9},"geometry":{"type":"Polygon","coordinates":[[[136.26706,36.13054],[136.26724,36.1305],[136.26713,36.13027],[136.26699,36.13029],[136.26706,36.13054]]]}},{"type":"Feature","properties":{"pid":"4a89c976-9259-4ae6-80eb-5fc9c6574dba","full":9.1},"geometry":{"type":"Polygon","coordinates":[[[136.26831,36.12995],[136.26751,36.12992],[136.2675,36.13015],[136.26761,36.13013],[136.26829,36.13019],[136.26831,36.12995]]]}},{"type":"Feature","properties":{"pid":"d6b67562-2b4b-45ac-a96e-26c6a96341b0","full":5.0},"geometry":{"type":"Polygon","coordinates":[[[136.26792,36.12982],[136.26782,36.12948],[136.26749,36.12954],[136.26757,36.12981],[136.26792,36.12982]]]}},{"type":"Feature","properties":{"pid":"61884293-ec6d-4166-9bf2-99c89c31c38f","full":5.2},"geometry":{"type":"Polygon","coordinates":[[[136.26756,36.12981],[136.26748,36.12955],[136.26694,36.12965],[136.26699,36.1298],[136.26756,36.12981]]]}},{"type":"Feature","properties":{"pid":"bba46dbc-e613-4346-8ed9-cef57780810e","full":21.2},"geometry":{"type":"Polygon","coordinates":[[[136.2674,36.12952],[136.2672,36.12886],[136.26674,36.12895],[136.26679,36.12908],[136.26694,36.12961],[136.2674,36.12952]]]}},{"type":"Feature","properties":{"pid":"a29e9f07-5e54-4d22-8e95-74f1e0f9b2f3","full":0.9},"geometry":{"type":"Polygon","coordinates":[[[136.26806,36.12938],[136.26785,36.12873],[136.26777,36.12874],[136.26777,36.12875],[136.26774,36.12876],[136.26793,36.12941],[136.26806,36.12938]]]}},{"type":"Feature","properties":{"pid":"97a5f1df-a506-40a6-8314-694ef46c135c","full":24.9},"geometry":{"type":"Polygon","coordinates":[[[136.26793,36.12941],[136.26773,36.12875],[136.26724,36.12885],[136.26725,36.12886],[136.26721,36.12888],[136.26741,36.12952],[136.26793,36.12941]]]}},{"type":"Feature","properties":{"pid":"44cfed07-f02c-4008-9e61-8856e93a1a5b","full":45.4},"geometry":{"type":"Polygon","coordinates":[[[136.26738,36.12804],[136.26652,36.12822],[136.26672,36.12885],[136.26675,36.12885],[136.26675,36.12887],[136.26758,36.12871],[136.26738,36.12804]]]}},{"type":"Feature","properties":{"pid":"3843341c-53ca-4328-935a-ab93e67ecdd2","full":19.6},"geometry":{"type":"Polygon","coordinates":[[[136.26781,36.12795],[136.26801,36.1286],[136.26804,36.12859],[136.26804,36.12861],[136.26844,36.12853],[136.26824,36.12786],[136.26781,36.12795]]]}},{"type":"Feature","properties":{"pid":"212e8dce-ef84-4667-8336-28f789672d06","full":19.0},"geometry":{"type":"Polygon","coordinates":[[[136.26801,36.12862],[136.2678,36.12796],[136.26738,36.12804],[136.26758,36.12869],[136.26761,36.12868],[136.26762,36.1287],[136.26801,36.12862]]]}},{"type":"Feature","properties":{"pid":"11dc5c09-a47d-4900-a63d-6fafc030e231","full":16.9},"geometry":{"type":"Polygon","coordinates":[[[136.26884,36.12845],[136.26863,36.12779],[136.26825,36.12786],[136.26844,36.12851],[136.26848,36.1285],[136.26848,36.12852],[136.26884,36.12845]]]}},{"type":"Feature","properties":{"pid":"fc304d05-02e6-451a-9a09-36d26a75d581","full":21.4},"geometry":{"type":"Polygon","coordinates":[[[136.26864,36.12779],[136.26884,36.12843],[136.26887,36.12842],[136.26887,36.12844],[136.26931,36.12835],[136.26909,36.12769],[136.26864,36.12779]]]}},{"type":"Feature","properties":{"pid":"6a68ba39-0b68-46a5-a870-37f03e80701f","full":19.3},"geometry":{"type":"Polygon","coordinates":[[[136.2698,36.12825],[136.26959,36.12759],[136.26917,36.12767],[136.26937,36.12834],[136.2698,36.12825]]]}},{"type":"Feature","properties":{"pid":"2eb66d2f-c951-45c9-aebb-14bbf29ba92f","full":10.3},"geometry":{"type":"Polygon","coordinates":[[[136.26926,36.12914],[136.26953,36.12908],[136.26933,36.12843],[136.26905,36.12848],[136.26926,36.12914]]]}},{"type":"Feature","properties":{"pid":"cd97de61-d505-42c4-9639-ac10d14e5e93","full":3.3},"geometry":{"type":"Polygon","coordinates":[[[136.26924,36.12914],[136.26904,36.12848],[136.26889,36.12852],[136.2689,36.12853],[136.26888,36.12853],[136.26908,36.12917],[136.26924,36.12914]]]}},{"type":"Feature","properties":{"pid":"656c427a-67b3-4cfc-9448-4b53bfbd7a6e","full":16.7},"geometry":{"type":"Polygon","coordinates":[[[136.26907,36.12918],[136.26887,36.12853],[136.26884,36.12854],[136.26884,36.12852],[136.26848,36.1286],[136.26868,36.12925],[136.26907,36.12918]]]}},{"type":"Feature","properties":{"pid":"77bd1032-3b6a-4b1b-9c09-668f1bf3edf0","full":29.9},"geometry":{"type":"Polygon","coordinates":[[[136.26807,36.12938],[136.26867,36.12926],[136.26847,36.1286],[136.26789,36.12872],[136.26789,36.12873],[136.26787,36.12874],[136.26807,36.12938]]]}},{"type":"Feature","properties":{"pid":"50b557e1-7a9b-494d-b90a-61b95e8655f6","full":28.3},"geometry":{"type":"Polygon","coordinates":[[[136.26793,36.12981],[136.26885,36.12985],[136.26868,36.1293],[136.26783,36.12947],[136.26793,36.12981]]]}},{"type":"Feature","properties":{"pid":"51feff46-a54e-434d-bfb2-80fc972d06e2","full":17.0},"geometry":{"type":"Polygon","coordinates":[[[136.26932,36.12987],[136.26911,36.12921],[136.2687,36.1293],[136.26887,36.12985],[136.26932,36.12987]]]}},{"type":"Feature","properties":{"pid":"e3fe0913-21fb-45a5-bcd1-5c4a49bbbb85","full":20.1},"geometry":{"type":"Polygon","coordinates":[[[136.26976,36.12984],[136.26954,36.12912],[136.26913,36.12921],[136.26933,36.12987],[136.26976,36.12989],[136.26976,36.12984]]]}},{"type":"Feature","properties":{"pid":"437d18d8-d5ea-4141-9153-6e70a8e5b386","full":19.0},"geometry":{"type":"Polygon","coordinates":[[[136.27003,36.12902],[136.26961,36.12911],[136.26982,36.12976],[136.27024,36.12968],[136.27003,36.12902]]]}},{"type":"Feature","properties":{"pid":"f890d074-fa2a-4493-a31a-f6b2fa9d03f1","full":19.1},"geometry":{"type":"Polygon","coordinates":[[[136.27048,36.12893],[136.27068,36.12959],[136.2711,36.1295],[136.2709,36.12884],[136.27048,36.12893]]]}},{"type":"Feature","properties":{"pid":"1327c4c4-c2d4-4ec8-9bda-b8c417171029","full":19.0},"geometry":{"type":"Polygon","coordinates":[[[136.27047,36.12893],[136.27004,36.12902],[136.27025,36.12968],[136.27067,36.12959],[136.27047,36.12893]]]}},{"type":"Feature","properties":{"pid":"502bf572-bbd8-463a-8337-842ae6c861f3","full":47.3},"geometry":{"type":"Polygon","coordinates":[[[136.27227,36.12926],[136.27242,36.12904],[136.27227,36.12857],[136.27135,36.12876],[136.27155,36.12941],[136.27227,36.12926]]]}},{"type":"Feature","properties":{"pid":"8491dc66-aa2d-42f1-bf33-03f6caac3f40","full":19.4},"geometry":{"type":"Polygon","coordinates":[[[136.27111,36.1295],[136.27154,36.12942],[136.27133,36.12876],[136.27091,36.12884],[136.27111,36.1295]]]}},{"type":"Feature","properties":{"pid":"8de7007f-3a10-4d8d-9652-99d907ec1cc5","full":18.4},"geometry":{"type":"Polygon","coordinates":[[[136.27131,36.12871],[136.27111,36.12806],[136.27069,36.12814],[136.2709,36.1288],[136.27131,36.12871]]]}},{"type":"Feature","properties":{"pid":"85d90176-d40c-4a13-aae6-e3db68de3ebb","full":19.2},"geometry":{"type":"Polygon","coordinates":[[[136.27112,36.12807],[136.27133,36.12872],[136.27175,36.12863],[136.27155,36.12797],[136.27115,36.12805],[136.27116,36.12806],[136.27112,36.12807]]]}},{"type":"Feature","properties":{"pid":"49996858-4fa3-47b5-95d8-6caf7268fe85","full":19.3},"geometry":{"type":"Polygon","coordinates":[[[136.27176,36.12863],[136.27219,36.12854],[136.27198,36.12789],[136.27155,36.12797],[136.27176,36.12863]]]}},{"type":"Feature","properties":{"pid":"d44266c9-41e2-4fa5-8d23-665fce1a45f2","full":19.4},"geometry":{"type":"Polygon","coordinates":[[[136.27026,36.12824],[136.27046,36.12889],[136.27089,36.12881],[136.27069,36.12817],[136.27066,36.12817],[136.27066,36.12815],[136.27026,36.12824]]]}},{"type":"Feature","properties":{"pid":"a6822e98-8844-41f1-ae77-b67c71b9b4fb","full":19.1},"geometry":{"type":"Polygon","coordinates":[[[136.26982,36.12832],[136.27003,36.12898],[136.27046,36.1289],[136.27025,36.12825],[136.27023,36.12826],[136.27023,36.12824],[136.26982,36.12832]]]}},{"type":"Feature","properties":{"pid":"87c226ab-d67a-4eae-926c-c6983b30ea7f","full":18.5},"geometry":{"type":"Polygon","coordinates":[[[136.2698,36.12833],[136.2694,36.12841],[136.2696,36.12907],[136.27002,36.12898],[136.26982,36.12834],[136.2698,36.12834],[136.2698,36.12833]]]}},{"type":"Feature","properties":{"pid":"00c08416-d8e2-474f-a4ec-8d34e040b8a9","full":19.8},"geometry":{"type":"Polygon","coordinates":[[[136.27003,36.1275],[136.2696,36.12759],[136.2698,36.12823],[136.26982,36.12823],[136.26983,36.12825],[136.27024,36.12817],[136.27003,36.1275]]]}},{"type":"Feature","properties":{"pid":"43801287-fe68-446d-aaaf-ff7e822f6098","full":19.5},"geometry":{"type":"Polygon","coordinates":[[[136.26939,36.12691],[136.26959,36.12755],[136.27002,36.12747],[136.26981,36.12681],[136.2694,36.12689],[136.26941,36.12691],[136.26939,36.12691]]]}},{"type":"Feature","properties":{"pid":"dcae2027-0dea-47b1-bb1d-21432fd4d561","full":45.6},"geometry":{"type":"Polygon","coordinates":[[[136.26982,36.1268],[136.27002,36.12747],[136.27088,36.12729],[136.27068,36.12663],[136.26982,36.1268]]]}},{"type":"Feature","properties":{"pid":"f4ad16d1-f193-43b3-b821-38024715267c","full":19.2},"geometry":{"type":"Polygon","coordinates":[[[136.27066,36.12808],[136.27046,36.12742],[136.27004,36.1275],[136.27024,36.12816],[136.27025,36.12815],[136.27026,36.12816],[136.27066,36.12808]]]}},{"type":"Feature","properties":{"pid":"1d59c54d-d122-4c7c-a0f1-19d7c1ee6777","full":19.4},"geometry":{"type":"Polygon","coordinates":[[[136.27089,36.12733],[136.27047,36.12742],[136.27067,36.12807],[136.27068,36.12806],[136.27068,36.12807],[136.2711,36.12799],[136.27089,36.12733]]]}},{"type":"Feature","properties":{"pid":"964d7f47-721d-4a08-a362-df6a7ab49176","full":19.1},"geometry":{"type":"Polygon","coordinates":[[[136.2715,36.1279],[136.27149,36.12789],[136.27152,36.12788],[136.27133,36.12724],[136.2709,36.12733],[136.2711,36.12799],[136.2715,36.1279]]]}},{"type":"Feature","properties":{"pid":"b8f165e4-8027-450d-96f6-9c6d04c6681e","full":18.3},"geometry":{"type":"Polygon","coordinates":[[[136.27218,36.12707],[136.27177,36.12715],[136.27197,36.12781],[136.27238,36.12773],[136.27218,36.12707]]]}},{"type":"Feature","properties":{"pid":"258a1090-0677-4ff8-af5d-1145184c0ab2","full":19.4},"geometry":{"type":"Polygon","coordinates":[[[136.27197,36.12781],[136.27175,36.12715],[136.27133,36.12724],[136.27153,36.12788],[136.27154,36.12788],[136.27155,36.12789],[136.27197,36.12781]]]}},{"type":"Feature","properties":{"pid":"857a599b-45c4-4459-a80b-30a4d8f7ee12","full":19.1},"geometry":{"type":"Polygon","coordinates":[[[136.27131,36.1272],[136.27111,36.12655],[136.2711,36.12656],[136.27109,36.12655],[136.27069,36.12663],[136.27089,36.12729],[136.27131,36.1272]]]}},{"type":"Feature","properties":{"pid":"e3daaa5b-1752-4fc6-8b36-5d1362fb3b01","full":18.7},"geometry":{"type":"Polygon","coordinates":[[[136.27132,36.1272],[136.27173,36.12711],[136.27152,36.12646],[136.27113,36.12654],[136.27113,36.12655],[136.27111,36.12655],[136.27132,36.1272]]]}},{"type":"Feature","properties":{"pid":"c26ebacd-e782-485d-ac48-73e02110963f","full":29.8},"geometry":{"type":"Polygon","coordinates":[[[136.27235,36.12682],[136.2722,36.12632],[136.27166,36.12643],[136.27166,36.12644],[136.27164,36.12645],[136.27163,36.12643],[136.27154,36.12646],[136.27175,36.12711],[136.27215,36.12703],[136.27215,36.12698],[136.27217,36.12686],[136.27234,36.12684],[136.27235,36.12682]]]}},{"type":"Feature","properties":{"pid":"1f2167d9-d129-4900-96e7-b3620ac87cc4","full":19.3},"geometry":{"type":"Polygon","coordinates":[[[136.27151,36.12638],[136.27131,36.12572],[136.27089,36.12581],[136.27109,36.12647],[136.27151,36.12638]]]}},{"type":"Feature","properties":{"pid":"736eec3e-b881-4800-abee-5ac6b0e56998","full":19.7},"geometry":{"type":"Polygon","coordinates":[[[136.27045,36.1259],[136.27066,36.12657],[136.27109,36.12648],[136.27088,36.12581],[136.27045,36.1259]]]}},{"type":"Feature","properties":{"pid":"77fc6984-2604-466b-a8b1-9c5761d46fe3","full":19.4},"geometry":{"type":"Polygon","coordinates":[[[136.27044,36.1259],[136.27002,36.12599],[136.27023,36.12665],[136.27065,36.12657],[136.27044,36.1259]]]}},{"type":"Feature","properties":{"pid":"912411b1-8bf7-4d4a-957f-316490927c81","full":19.1},"geometry":{"type":"Polygon","coordinates":[[[136.27022,36.12665],[136.27001,36.12598],[136.26959,36.12607],[136.2698,36.12674],[136.27022,36.12665]]]}},{"type":"Feature","properties":{"pid":"276f7737-5a4e-480b-b954-db989a17a622","full":46.1},"geometry":{"type":"Polygon","coordinates":[[[136.26893,36.12692],[136.2698,36.12674],[136.26958,36.12608],[136.26873,36.12625],[136.26893,36.12692]]]}},{"type":"Feature","properties":{"pid":"d28ec838-3d0f-45b1-a2c5-f731d55c0e5f","full":17.2},"geometry":{"type":"Polygon","coordinates":[[[136.26827,36.12634],[136.26847,36.12701],[136.26886,36.12693],[136.26866,36.12626],[136.26827,36.12634]]]}},{"type":"Feature","properties":{"pid":"828b0b1f-20ce-488f-a329-06438d206711","full":18.7},"geometry":{"type":"Polygon","coordinates":[[[136.26938,36.12691],[136.26936,36.12692],[136.26935,36.1269],[136.26896,36.12698],[136.26916,36.12764],[136.26958,36.12755],[136.26938,36.12691]]]}},{"type":"Feature","properties":{"pid":"732d42a2-c4c9-46ca-b4ed-55024b4d5c3a","full":45.2},"geometry":{"type":"Polygon","coordinates":[[[136.26824,36.12783],[136.26909,36.12765],[136.26888,36.12699],[136.26806,36.12716],[136.26806,36.12719],[136.26804,36.12719],[136.26824,36.12783]]]}},{"type":"Feature","properties":{"pid":"66a14f1e-2819-47ba-adfe-192926a739ae","full":3.9},"geometry":{"type":"Polygon","coordinates":[[[136.26785,36.12721],[136.26805,36.12787],[136.26823,36.12783],[136.26803,36.12719],[136.268,36.1272],[136.26799,36.12718],[136.26785,36.12721]]]}},{"type":"Feature","properties":{"pid":"12186982-1dd4-4659-86bc-89e96d7c005b","full":10.2},"geometry":{"type":"Polygon","coordinates":[[[136.26804,36.12787],[136.26784,36.12721],[136.26757,36.12726],[136.26777,36.12793],[136.26804,36.12787]]]}},{"type":"Feature","properties":{"pid":"730d5894-977a-4777-868a-5ad45a500f05","full":17.3},"geometry":{"type":"Polygon","coordinates":[[[136.26716,36.12735],[136.26738,36.12801],[136.26776,36.12793],[136.26757,36.12728],[136.26754,36.12729],[136.26754,36.12727],[136.26716,36.12735]]]}},{"type":"Feature","properties":{"pid":"39b4b6c9-185a-4f2f-b675-c6f5738ea372","full":18.9},"geometry":{"type":"Polygon","coordinates":[[[136.26736,36.12653],[136.26694,36.12662],[136.26715,36.12728],[136.26756,36.12719],[136.26736,36.12653]]]}},{"type":"Feature","properties":{"pid":"6a4f90e8-2197-4cad-8f19-4db4ac1a57b7","full":19.1},"geometry":{"type":"Polygon","coordinates":[[[136.26779,36.12644],[136.26737,36.12653],[136.26758,36.12719],[136.268,36.12711],[136.26779,36.12644]]]}},{"type":"Feature","properties":{"pid":"ecb6c770-3caf-4514-8058-50c4eeb0dc6f","full":21.9},"geometry":{"type":"Polygon","coordinates":[[[136.26827,36.12634],[136.2678,36.12644],[136.268,36.12711],[136.26846,36.12701],[136.26827,36.12634]]]}},{"type":"Feature","properties":{"pid":"cce409a3-2fc4-43d6-83e5-47eb28fe6a84","full":46.1},"geometry":{"type":"Polygon","coordinates":[[[136.26779,36.12641],[136.26758,36.12574],[136.26674,36.1259],[136.26674,36.12591],[136.26672,36.12592],[136.26693,36.12658],[136.26779,36.12641]]]}},{"type":"Feature","properties":{"pid":"f4d75ace-93b5-4f73-ae47-2977d11393c9","full":2.9},"geometry":{"type":"Polygon","coordinates":[[[136.26692,36.12658],[136.26674,36.12603],[136.26671,36.12603],[136.2667,36.12601],[136.26663,36.12602],[136.2666,36.12595],[136.26655,36.12596],[136.26675,36.12661],[136.26692,36.12658]]]}},{"type":"Feature","properties":{"pid":"e32c5708-717a-4e9d-aa4c-a8ee1f7fc882","full":21.1},"geometry":{"type":"Polygon","coordinates":[[[136.26628,36.12671],[136.26674,36.12661],[136.26654,36.12596],[136.26609,36.12604],[136.26628,36.12671]]]}},{"type":"Feature","properties":{"pid":"3da747ef-4ca4-47da-acaf-a74f0ca35722","full":5.6},"geometry":{"type":"Polygon","coordinates":[[[136.26628,36.12671],[136.26608,36.12605],[136.26588,36.12609],[136.26608,36.12675],[136.26628,36.12671]]]}},{"type":"Feature","properties":{"pid":"f0a21462-83ca-4170-a272-ef4cf9f51eae","full":10.0},"geometry":{"type":"Polygon","coordinates":[[[136.26556,36.12689],[136.26529,36.12695],[136.2655,36.12761],[136.26577,36.12756],[136.26556,36.12689]]]}},{"type":"Feature","properties":{"pid":"938b7455-eefd-46ba-8ebb-b0c9f4283ae6","full":45.3},"geometry":{"type":"Polygon","coordinates":[[[136.26445,36.12783],[136.26528,36.12765],[136.26508,36.127],[136.26422,36.12717],[136.26442,36.12781],[136.26444,36.12781],[136.26445,36.12783]]]}},{"type":"Feature","properties":{"pid":"2c0c89ae-e7fa-4e61-820c-fdbb993cb161","full":19.9},"geometry":{"type":"Polygon","coordinates":[[[136.26578,36.12756],[136.26621,36.12747],[136.26601,36.1268],[136.26557,36.12689],[136.26578,36.12756]]]}},{"type":"Feature","properties":{"pid":"71600d87-c2fd-4d92-bbf1-e2bef6cc41eb","full":45.2},"geometry":{"type":"Polygon","coordinates":[[[136.26714,36.12728],[136.26694,36.12662],[136.26609,36.12679],[136.26628,36.12745],[136.26714,36.12728]]]}},{"type":"Feature","properties":{"pid":"482d011f-0eda-4f1e-a208-973bddbbb2a2","full":45.5},"geometry":{"type":"Polygon","coordinates":[[[136.26715,36.12735],[136.26631,36.12752],[136.26651,36.12818],[136.26737,36.12801],[136.26715,36.12735]]]}},{"type":"Feature","properties":{"pid":"5671fe97-d06e-4068-85a0-ad7b80c927c9","full":45.6},"geometry":{"type":"Polygon","coordinates":[[[136.26537,36.12771],[136.26556,36.12838],[136.26643,36.1282],[136.26623,36.12755],[136.26537,36.12771]]]}},{"type":"Feature","properties":{"pid":"9cdf9ab7-ffbe-4de1-806a-be61da02ed72","full":45.5},"geometry":{"type":"Polygon","coordinates":[[[136.26558,36.12841],[136.26578,36.12904],[136.2658,36.12904],[136.26581,36.12907],[136.26664,36.12889],[136.26644,36.12824],[136.26558,36.12841]]]}},{"type":"Feature","properties":{"pid":"774b60dd-e791-4ea8-85e3-b4c01e008582","full":24.9},"geometry":{"type":"Polygon","coordinates":[[[136.26645,36.12979],[136.26693,36.1298],[136.26668,36.12897],[136.26623,36.12906],[136.26645,36.12979]]]}},{"type":"Feature","properties":{"pid":"0e287fb5-169b-4cbd-b137-7661d2abc5e3","full":19.4},"geometry":{"type":"Polygon","coordinates":[[[136.26644,36.12978],[136.26622,36.12906],[136.2658,36.12914],[136.26598,36.12976],[136.26644,36.12978]]]}},{"type":"Feature","properties":{"pid":"c81fa0d2-0dee-4009-ae06-b9665a69e6d5","full":17.8},"geometry":{"type":"Polygon","coordinates":[[[136.26532,36.12916],[136.2657,36.12908],[136.26551,36.12843],[136.2651,36.12851],[136.2653,36.12915],[136.26531,36.12915],[136.26532,36.12916]]]}},{"type":"Feature","properties":{"pid":"9fced770-c39c-4442-99ec-d9e5a3c3654f","full":11.2},"geometry":{"type":"Polygon","coordinates":[[[136.26555,36.12975],[136.26591,36.12976],[136.26573,36.12916],[136.26542,36.12922],[136.26542,36.12923],[136.2654,36.12924],[136.26555,36.12975]]]}},{"type":"Feature","properties":{"pid":"a2eca866-3f8e-4632-9f08-4327593e5f67","full":19.0},"geometry":{"type":"Polygon","coordinates":[[[136.26555,36.12975],[136.26539,36.12924],[136.26537,36.12924],[136.26536,36.12923],[136.26479,36.12935],[136.2649,36.12974],[136.26522,36.12975],[136.26524,36.12974],[136.26555,36.12975]]]}},{"type":"Feature","properties":{"pid":"4e73e836-1089-49fd-8460-2a9612a251c8","full":2.4},"geometry":{"type":"Polygon","coordinates":[[[136.2649,36.12974],[136.26478,36.12935],[136.26461,36.12939],[136.26462,36.1294],[136.26459,36.12941],[136.26469,36.12973],[136.2649,36.12974]]]}},{"type":"Feature","properties":{"pid":"ce3e0cfd-74cd-4807-ba6c-43eac9cece5f","full":19.1},"geometry":{"type":"Polygon","coordinates":[[[136.2653,36.12917],[136.26509,36.12851],[136.26467,36.1286],[136.26487,36.12924],[136.26488,36.12924],[136.26488,36.12925],[136.2653,36.12917]]]}},{"type":"Feature","properties":{"pid":"000be4cf-e23b-4a28-b53f-3ff6ba26ce30","full":19.6},"geometry":{"type":"Polygon","coordinates":[[[136.26487,36.12926],[136.26466,36.1286],[136.26423,36.12869],[136.26443,36.12933],[136.26444,36.12933],[136.26444,36.12935],[136.26487,36.12926]]]}},{"type":"Feature","properties":{"pid":"1e1a84b1-f8db-43dd-bf68-23f60c9e3aa2","full":45.2},"geometry":{"type":"Polygon","coordinates":[[[136.26445,36.12791],[136.26465,36.12856],[136.26549,36.12839],[136.2653,36.12773],[136.26447,36.12789],[136.26448,36.12791],[136.26445,36.12791]]]}},{"type":"Feature","properties":{"pid":"7354186f-c5cc-42aa-93fa-1171661de3fa","full":18.7},"geometry":{"type":"Polygon","coordinates":[[[136.26444,36.1279],[136.26402,36.12799],[136.26423,36.12865],[136.26464,36.12857],[136.26444,36.1279]]]}},{"type":"Feature","properties":{"pid":"9ce07a07-34b1-4e1d-af81-f747102f988b","full":33.6},"geometry":{"type":"Polygon","coordinates":[[[136.26402,36.12869],[136.26382,36.12803],[136.26318,36.12816],[136.26318,36.12817],[136.26316,36.12818],[136.26336,36.12882],[136.26402,36.12869]]]}},{"type":"Feature","properties":{"pid":"00a30035-4f14-475f-872b-44f61b7725a9","full":5.7},"geometry":{"type":"Polygon","coordinates":[[[136.26402,36.12869],[136.26422,36.12865],[136.26402,36.12799],[136.26382,36.12803],[136.26402,36.12869]]]}},{"type":"Feature","properties":{"pid":"90475674-2adc-4c7e-ba5b-87fe560de92b","full":19.0},"geometry":{"type":"Polygon","coordinates":[[[136.26402,36.12943],[136.26443,36.12935],[136.26422,36.12869],[136.2638,36.12878],[136.264,36.12941],[136.26401,36.12941],[136.26402,36.12943]]]}},{"type":"Feature","properties":{"pid":"26b907fa-9151-4ad5-ad85-a4e1e2724fad","full":9.8},"geometry":{"type":"Polygon","coordinates":[[[136.26469,36.12973],[136.26459,36.12941],[136.26457,36.12941],[136.26456,36.1294],[136.26392,36.12953],[136.26398,36.1297],[136.26469,36.12973]]]}},{"type":"Feature","properties":{"pid":"4895513d-4333-4211-9f02-ff8aa001d26e","full":19.5},"geometry":{"type":"Polygon","coordinates":[[[136.264,36.12944],[136.2638,36.12878],[136.26337,36.12886],[136.26357,36.12953],[136.264,36.12944]]]}},{"type":"Feature","properties":{"pid":"0471f3d2-e82b-4f4a-99c2-23d85d512e36","full":44.7},"geometry":{"type":"Polygon","coordinates":[[[136.26356,36.12953],[136.26336,36.12886],[136.26251,36.12904],[136.26268,36.12963],[136.26302,36.12963],[136.26356,36.12953]]]}},{"type":"Feature","properties":{"pid":"32c76629-7962-470e-8677-32a6d87befee","full":6.1},"geometry":{"type":"Polygon","coordinates":[[[136.26268,36.12963],[136.2625,36.12904],[136.26226,36.12908],[136.26243,36.1296],[136.26245,36.1296],[136.26245,36.12961],[136.26268,36.12963]]]}},{"type":"Feature","properties":{"pid":"fb105f48-b119-4643-a42f-d4a12c2e3fe0","full":15.0},"geometry":{"type":"Polygon","coordinates":[[[136.26192,36.12959],[136.26242,36.12961],[136.26226,36.12909],[136.26177,36.12919],[136.26189,36.12957],[136.26192,36.12957],[136.26192,36.12959]]]}},{"type":"Feature","properties":{"pid":"5db7a740-e7ee-491e-9ca6-227072140fa8","full":19.8},"geometry":{"type":"Polygon","coordinates":[[[136.26249,36.129],[136.26228,36.12834],[136.26188,36.12842],[136.26189,36.12845],[136.26186,36.12845],[136.26206,36.12909],[136.26249,36.129]]]}},{"type":"Feature","properties":{"pid":"14b8c7c5-9ca5-4588-acaf-799b239763e5","full":18.9},"geometry":{"type":"Polygon","coordinates":[[[136.26272,36.12826],[136.26269,36.12827],[136.26268,36.12826],[136.26229,36.12834],[136.2625,36.129],[136.26291,36.12891],[136.26272,36.12826]]]}},{"type":"Feature","properties":{"pid":"a17e1579-4cbe-4b80-aaf7-39e9deeecc67","full":1.7},"geometry":{"type":"Polygon","coordinates":[[[136.26306,36.12889],[136.26285,36.12822],[136.26274,36.12825],[136.26274,36.12826],[136.26272,36.12827],[136.26292,36.12891],[136.26306,36.12889]]]}},{"type":"Feature","properties":{"pid":"e668a957-8cc4-4525-b5fe-7e448c7e2a27","full":11.0},"geometry":{"type":"Polygon","coordinates":[[[136.26315,36.12818],[136.26313,36.12818],[136.26313,36.12817],[136.26286,36.12822],[136.26306,36.12888],[136.26335,36.12883],[136.26315,36.12818]]]}},{"type":"Feature","properties":{"pid":"1bf456e3-a5b7-4117-aff7-e3e136a01009","full":19.4},"geometry":{"type":"Polygon","coordinates":[[[136.26227,36.12827],[136.26267,36.12819],[136.26267,36.12818],[136.26269,36.12817],[136.26249,36.12752],[136.26206,36.12761],[136.26227,36.12827]]]}},{"type":"Feature","properties":{"pid":"91940436-da5d-421d-a780-ffd85b6b746f","full":19.7},"geometry":{"type":"Polygon","coordinates":[[[136.26205,36.12761],[136.26163,36.1277],[136.26183,36.12835],[136.26184,36.12834],[136.26185,36.12836],[136.26226,36.12827],[136.26205,36.12761]]]}},{"type":"Feature","properties":{"pid":"06ff9b3b-60cc-4933-8098-fbe47b64a625","full":19.7},"geometry":{"type":"Polygon","coordinates":[[[136.26248,36.12749],[136.26228,36.12683],[136.26226,36.12682],[136.26184,36.12691],[136.26205,36.12757],[136.26248,36.12749]]]}},{"type":"Feature","properties":{"pid":"e61d8a96-ef34-422b-a3e6-f3e54c30cf3c","full":19.5},"geometry":{"type":"Polygon","coordinates":[[[136.26291,36.1274],[136.26271,36.12674],[136.26229,36.12682],[136.26228,36.12683],[136.26249,36.12749],[136.26291,36.1274]]]}},{"type":"Feature","properties":{"pid":"1da373cf-1bd4-46bc-8525-9dd379b1e4ae","full":6.3},"geometry":{"type":"Polygon","coordinates":[[[136.26272,36.12818],[136.26289,36.12814],[136.2629,36.12813],[136.2627,36.12748],[136.26249,36.12752],[136.26269,36.12817],[136.26271,36.12816],[136.26272,36.12818]]]}},{"type":"Feature","properties":{"pid":"17680b10-5678-4167-a585-5f3bf6a8fc7b","full":20.0},"geometry":{"type":"Polygon","coordinates":[[[136.26335,36.12735],[136.26292,36.12743],[136.26312,36.1281],[136.26356,36.12801],[136.26335,36.12735]]]}},{"type":"Feature","properties":{"pid":"43478eb3-ec27-4135-b92a-e2ac8e27e2e5","full":19.8},"geometry":{"type":"Polygon","coordinates":[[[136.26335,36.12734],[136.26356,36.128],[136.26357,36.12799],[136.26358,36.12801],[136.26399,36.12792],[136.26378,36.12726],[136.26335,36.12734]]]}},{"type":"Feature","properties":{"pid":"65114888-c867-456d-8182-1186ba440882","full":19.3},"geometry":{"type":"Polygon","coordinates":[[[136.26442,36.12783],[136.26422,36.12717],[136.26379,36.12725],[136.26399,36.1279],[136.26401,36.1279],[136.26402,36.12791],[136.26442,36.12783]]]}},{"type":"Feature","properties":{"pid":"eebe4886-cebd-437e-833c-3f43744d0980","full":45.6},"geometry":{"type":"Polygon","coordinates":[[[136.26357,36.12656],[136.26273,36.12673],[136.26273,36.12674],[136.26271,36.12674],[136.26292,36.1274],[136.26377,36.12722],[136.26357,36.12656]]]}},{"type":"Feature","properties":{"pid":"b13224f4-43fe-46ea-9d69-272bda6f5f05","full":45.4},"geometry":{"type":"Polygon","coordinates":[[[136.26358,36.12658],[136.26378,36.12722],[136.26463,36.12705],[136.26443,36.1264],[136.2644,36.12639],[136.2636,36.12656],[136.26361,36.12657],[136.26358,36.12658]]]}},{"type":"Feature","properties":{"pid":"e35e6435-ad7b-409c-af07-2bed82e41d39","full":11.5},"geometry":{"type":"Polygon","coordinates":[[[136.26429,36.12581],[136.26427,36.1258],[136.26417,36.12592],[136.26385,36.12617],[136.26391,36.12624],[136.26401,36.12641],[136.26445,36.12631],[136.26429,36.12581]]]}},{"type":"Feature","properties":{"pid":"078ae86f-1431-47d2-befc-79f7041f28b9","full":4.3},"geometry":{"type":"Polygon","coordinates":[[[136.26329,36.12593],[136.26347,36.12652],[136.26366,36.12647],[136.26363,36.12639],[136.26357,36.12631],[136.26372,36.12617],[136.26352,36.12606],[136.26336,36.12589],[136.26329,36.12593]]]}},{"type":"Feature","properties":{"pid":"b8eff7c7-1ce1-437e-b2d6-d68287dc4da9","full":39.4},"geometry":{"type":"Polygon","coordinates":[[[136.26249,36.12601],[136.26268,36.12665],[136.26271,36.12664],[136.26271,36.12666],[136.26345,36.12652],[136.26325,36.12586],[136.26249,36.12601]]]}},{"type":"Feature","properties":{"pid":"2efebf88-5c39-4f5b-8a90-de0e3679ae68","full":19.4},"geometry":{"type":"Polygon","coordinates":[[[136.26205,36.12609],[136.26162,36.12618],[136.26182,36.12682],[136.26184,36.12682],[136.26185,36.12684],[136.26225,36.12676],[136.26205,36.12609]]]}},{"type":"Feature","properties":{"pid":"0b0b45c8-60c1-4c05-9820-f418d7b620fb","full":19.6},"geometry":{"type":"Polygon","coordinates":[[[136.26248,36.12601],[136.26205,36.12609],[136.26224,36.12673],[136.26226,36.12673],[136.26227,36.12676],[136.26268,36.12667],[136.26248,36.12601]]]}},{"type":"Feature","properties":{"pid":"d1135eff-fbf1-4352-a443-06f6b876aefe","full":15.2},"geometry":{"type":"Polygon","coordinates":[[[136.26247,36.12597],[136.26239,36.12573],[136.26214,36.12577],[136.26188,36.12578],[136.26154,36.12579],[136.26162,36.12615],[136.26247,36.12597]]]}},{"type":"Feature","properties":{"pid":"5d4baa21-f064-43a5-a2a2-fe09b6dd36cf","full":5.0},"geometry":{"type":"Polygon","coordinates":[[[136.26291,36.12589],[136.26283,36.12563],[136.26267,36.12569],[136.2624,36.12573],[136.26248,36.12597],[136.26291,36.12589]]]}},{"type":"Feature","properties":{"pid":"d2e9bdea-79d4-44c8-9b04-1ea20ad412b8","full":2.6},"geometry":{"type":"Polygon","coordinates":[[[136.26384,36.12529],[136.26407,36.12517],[136.26395,36.12496],[136.26369,36.12509],[136.26384,36.12529]]]}},{"type":"Feature","properties":{"pid":"4558daa1-7858-40c7-8176-a77db37c9797","full":2.0},"geometry":{"type":"Polygon","coordinates":[[[136.26312,36.12437],[136.26324,36.1245],[136.26354,36.12438],[136.26342,36.12419],[136.26328,36.12426],[136.2633,36.12429],[136.26312,36.12437]]]}},{"type":"Feature","properties":{"pid":"7bc6938b-c9bf-475d-9d13-7c726a8b7d8a","full":2.5},"geometry":{"type":"Polygon","coordinates":[[[136.26227,36.12426],[136.26227,36.12458],[136.26229,36.12459],[136.26258,36.12444],[136.26244,36.12424],[136.26227,36.12426]]]}},{"type":"Feature","properties":{"pid":"458c8341-a42c-40bf-ba4b-681e19cac65e","full":13.3},"geometry":{"type":"Polygon","coordinates":[[[136.26224,36.12383],[136.26193,36.12383],[136.26192,36.12385],[136.2619,36.12385],[136.2619,36.1245],[136.26224,36.1245],[136.26224,36.12383]]]}},{"type":"Feature","properties":{"pid":"51b0075c-3536-458e-9d59-fdfd10a6b4e4","full":18.2},"geometry":{"type":"Polygon","coordinates":[[[136.26306,36.12397],[136.26303,36.12398],[136.26297,36.12389],[136.26227,36.12406],[136.26227,36.12426],[136.26245,36.12423],[136.26259,36.12444],[136.26321,36.12414],[136.26306,36.12397]]]}},{"type":"Feature","properties":{"pid":"d22957a6-2be9-454f-a50a-fe904fb23bf7","full":16.7},"geometry":{"type":"Polygon","coordinates":[[[136.26467,36.12431],[136.26468,36.12362],[136.26442,36.12362],[136.26429,36.1237],[136.26428,36.12426],[136.2644,36.12433],[136.26443,36.12432],[136.26443,36.12435],[136.26467,36.12431]]]}},{"type":"Feature","properties":{"pid":"345f14d0-98c9-4293-b5bd-6e60b0b0a6d8","full":24.6},"geometry":{"type":"Polygon","coordinates":[[[136.26521,36.12429],[136.26522,36.12362],[136.26469,36.12362],[136.26468,36.12428],[136.2647,36.12428],[136.2647,36.1243],[136.26484,36.12429],[136.26521,36.12429]]]}},{"type":"Feature","properties":{"pid":"0522f128-a736-449b-91ac-cc3fb532fd2b","full":9.1},"geometry":{"type":"Polygon","coordinates":[[[136.26549,36.12429],[136.26551,36.12363],[136.26523,36.12362],[136.26522,36.12426],[136.26525,36.12426],[136.26525,36.12428],[136.26549,36.12429]]]}},{"type":"Feature","properties":{"pid":"ece21398-affe-4c4c-b73f-4706b67b8eca","full":27.9},"geometry":{"type":"Polygon","coordinates":[[[136.26556,36.12429],[136.26608,36.12428],[136.26612,36.12427],[136.26612,36.12363],[136.26552,36.12363],[136.26551,36.12426],[136.26555,36.12427],[136.26556,36.12429]]]}},{"type":"Feature","properties":{"pid":"7b30dd07-f6ea-4970-9c6c-208eb65486ad","full":30.9},"geometry":{"type":"Polygon","coordinates":[[[136.2668,36.12359],[136.26672,36.12357],[136.26661,36.12356],[136.2662,36.12353],[136.2662,36.12428],[136.26679,36.12428],[136.2668,36.12359]]]}},{"type":"Feature","properties":{"pid":"10658c72-9403-462c-bc10-ee26a807d19f","full":2.3},"geometry":{"type":"Polygon","coordinates":[[[136.26709,36.12502],[136.2669,36.12441],[136.26675,36.12441],[136.26694,36.12505],[136.26709,36.12502]]]}},{"type":"Feature","properties":{"pid":"55465513-a919-49ce-ab5e-b901397e6751","full":13.1},"geometry":{"type":"Polygon","coordinates":[[[136.26694,36.12505],[136.26674,36.12441],[136.26654,36.12441],[136.26654,36.12443],[136.26652,36.12443],[136.26651,36.12514],[136.26694,36.12505]]]}},{"type":"Feature","properties":{"pid":"5c705812-914e-46ab-b4d6-a94d86d405d1","full":8.4},"geometry":{"type":"Polygon","coordinates":[[[136.26649,36.12515],[136.2665,36.12441],[136.26628,36.12441],[136.26628,36.12443],[136.26626,36.12443],[136.26624,36.12515],[136.26649,36.12515]]]}},{"type":"Feature","properties":{"pid":"62c0838d-f9a1-4c31-b718-dde869d7dfca","full":24.8},"geometry":{"type":"Polygon","coordinates":[[[136.26624,36.12515],[136.26625,36.12442],[136.26623,36.12443],[136.26623,36.1244],[136.26576,36.1244],[136.26575,36.12515],[136.26624,36.12515]]]}},{"type":"Feature","properties":{"pid":"f8761360-842e-41cd-95df-e150d110db35","full":4.8},"geometry":{"type":"Polygon","coordinates":[[[136.2648,36.12501],[136.26457,36.12479],[136.26429,36.1249],[136.26447,36.12517],[136.2645,36.12517],[136.2648,36.12501]]]}},{"type":"Feature","properties":{"pid":"c806ba68-694a-4a07-bc2d-27eea423468e","full":25.3},"geometry":{"type":"Polygon","coordinates":[[[136.26574,36.12515],[136.26575,36.1244],[136.26526,36.1244],[136.26525,36.12482],[136.26526,36.12482],[136.26521,36.12515],[136.26574,36.12515]]]}},{"type":"Feature","properties":{"pid":"850c0f93-c778-4442-a9dd-f70812452201","full":18.2},"geometry":{"type":"Polygon","coordinates":[[[136.26549,36.1261],[136.26572,36.12605],[136.26578,36.12603],[136.26552,36.12519],[136.26517,36.12519],[136.26545,36.12608],[136.26548,36.12607],[136.26549,36.1261]]]}},{"type":"Feature","properties":{"pid":"344559cf-03a4-4b62-b745-20951806ce21","full":10.7},"geometry":{"type":"Polygon","coordinates":[[[136.26517,36.12616],[136.26494,36.12542],[136.26475,36.12544],[136.26477,36.12552],[136.26471,36.12553],[136.26472,36.12555],[136.2647,36.12556],[136.2649,36.12622],[136.26517,36.12616]]]}},{"type":"Feature","properties":{"pid":"8a18438c-8ae6-4908-92a5-fed30d0e996a","full":14.9},"geometry":{"type":"Polygon","coordinates":[[[136.26429,36.12578],[136.26446,36.12631],[136.26484,36.12623],[136.26466,36.12564],[136.26459,36.12566],[136.26457,36.12561],[136.26431,36.12575],[136.26431,36.12576],[136.26429,36.12578]]]}},{"type":"Feature","properties":{"pid":"0996aa8d-2208-41e6-b005-ada91e249a14","full":12.2},"geometry":{"type":"Polygon","coordinates":[[[136.26545,36.1261],[136.26517,36.1252],[136.26514,36.12536],[136.26493,36.12537],[136.26495,36.12542],[136.26517,36.12616],[136.26545,36.1261]]]}},{"type":"Feature","properties":{"pid":"0d46ef9b-83d5-42b1-8f0d-02dab4d1ed5b","full":51.5},"geometry":{"type":"Polygon","coordinates":[[[136.26648,36.12519],[136.26558,36.12519],[136.26584,36.12601],[136.26586,36.12602],[136.26669,36.12585],[136.26648,36.12519]]]}},{"type":"Feature","properties":{"pid":"8f931913-4056-482c-b8d6-4274f8953b16","full":18.9},"geometry":{"type":"Polygon","coordinates":[[[136.26649,36.12519],[136.26669,36.12584],[136.2667,36.12584],[136.26671,36.12585],[136.26711,36.12576],[136.26691,36.1251],[136.26649,36.12519]]]}},{"type":"Feature","properties":{"pid":"b7849c99-4659-4075-9dbd-581755e633c2","full":46.2},"geometry":{"type":"Polygon","coordinates":[[[136.26758,36.12574],[136.26779,36.12641],[136.26864,36.12623],[136.26856,36.12591],[136.26844,36.12557],[136.26758,36.12574]]]}},{"type":"Feature","properties":{"pid":"f3bb0974-e4dd-475f-936d-d94f6291827f","full":45.7},"geometry":{"type":"Polygon","coordinates":[[[136.26735,36.12501],[136.26755,36.12565],[136.26758,36.12565],[136.26758,36.12567],[136.26842,36.1255],[136.26821,36.12484],[136.26735,36.12501]]]}},{"type":"Feature","properties":{"pid":"889ab981-a9d9-438b-aa15-37924bfeb674","full":19.9},"geometry":{"type":"Polygon","coordinates":[[[136.26735,36.12501],[136.26692,36.1251],[136.26712,36.12575],[136.26713,36.12576],[136.26755,36.12568],[136.26735,36.12501]]]}},{"type":"Feature","properties":{"pid":"8c64760d-0653-4ba1-8fb9-9d514a7f703f","full":7.0},"geometry":{"type":"Polygon","coordinates":[[[136.2671,36.12502],[136.26734,36.12497],[136.26717,36.12441],[136.26693,36.12441],[136.26694,36.12444],[136.26692,36.12444],[136.2671,36.12502]]]}},{"type":"Feature","properties":{"pid":"583cf761-d198-4047-91f6-f5476ae24de0","full":30.4},"geometry":{"type":"Polygon","coordinates":[[[136.2682,36.1248],[136.26807,36.12436],[136.26786,36.12439],[136.26771,36.12441],[136.26753,36.12441],[136.26719,36.12441],[136.26718,36.12441],[136.26736,36.12496],[136.2682,36.1248]]]}},{"type":"Feature","properties":{"pid":"8e52fc13-d1a6-4fb0-93c0-7d7b212db121","full":19.6},"geometry":{"type":"Polygon","coordinates":[[[136.27152,36.12638],[136.27156,36.12638],[136.27195,36.1263],[136.27174,36.12563],[136.27132,36.12572],[136.27152,36.12638]]]}},{"type":"Feature","properties":{"pid":"78834bfa-6092-4622-b41b-3c4e5bd62a13","full":19.0},"geometry":{"type":"Polygon","coordinates":[[[136.27237,36.12621],[136.27217,36.12555],[136.27175,36.12563],[136.27195,36.1263],[136.27237,36.12621]]]}},{"type":"Feature","properties":{"pid":"ccdc0bbd-9b6c-4ab2-a947-12ac6dd7ccb0","full":19.0},"geometry":{"type":"Polygon","coordinates":[[[136.27153,36.12494],[136.27174,36.1256],[136.27215,36.12551],[136.27195,36.12485],[136.27153,36.12494]]]}},{"type":"Feature","properties":{"pid":"4906b745-fe34-432b-8963-30f48a71dedf","full":19.3},"geometry":{"type":"Polygon","coordinates":[[[136.27131,36.12569],[136.27173,36.1256],[136.27153,36.12494],[136.2711,36.12502],[136.27131,36.12569]]]}},{"type":"Feature","properties":{"pid":"929fa9e3-0fad-412c-80c2-e14408f7d25b","full":19.5},"geometry":{"type":"Polygon","coordinates":[[[136.2713,36.12569],[136.27109,36.12502],[136.27067,36.12512],[136.27087,36.12577],[136.2713,36.12569]]]}},{"type":"Feature","properties":{"pid":"e71da923-b55a-44cb-829a-7c1c2718eba4","full":19.4},"geometry":{"type":"Polygon","coordinates":[[[136.27153,36.12486],[136.27194,36.12478],[136.27173,36.12412],[136.27131,36.12421],[136.2715,36.12485],[136.27152,36.12484],[136.27153,36.12486]]]}},{"type":"Feature","properties":{"pid":"6959ffdf-b693-4d8d-8367-187eee86a912","full":4.4},"geometry":{"type":"Polygon","coordinates":[[[136.2713,36.12421],[136.27112,36.12424],[136.27132,36.12491],[136.27148,36.12487],[136.27147,36.12485],[136.2715,36.12484],[136.2713,36.12421]]]}},{"type":"Feature","properties":{"pid":"0e717105-f498-43e5-afc5-b978d7631693","full":1.9},"geometry":{"type":"Polygon","coordinates":[[[136.27122,36.12493],[136.27102,36.12427],[136.27088,36.12429],[136.27108,36.12495],[136.27122,36.12493]]]}},{"type":"Feature","properties":{"pid":"83205744-ab71-472b-bf1d-def8c97b0c57","full":1.2},"geometry":{"type":"Polygon","coordinates":[[[136.27107,36.12495],[136.27087,36.12429],[136.27074,36.12432],[136.27094,36.12496],[136.27096,36.12496],[136.27097,36.12498],[136.27107,36.12495]]]}},{"type":"Feature","properties":{"pid":"233fbbd8-0a09-42f1-8a1b-c6dbdedb8bc3","full":13.6},"geometry":{"type":"Polygon","coordinates":[[[136.27071,36.12377],[136.27028,36.12387],[136.27042,36.12433],[136.27045,36.12433],[136.27086,36.12425],[136.27071,36.12377]]]}},{"type":"Feature","properties":{"pid":"767e011f-9286-42cf-b767-97c260274189","full":13.2},"geometry":{"type":"Polygon","coordinates":[[[136.27072,36.12377],[136.27087,36.12425],[136.27129,36.12417],[136.27114,36.12368],[136.27072,36.12377]]]}},{"type":"Feature","properties":{"pid":"fc8e9548-0ce6-4255-ba60-3820cb588e74","full":3.4},"geometry":{"type":"Polygon","coordinates":[[[136.27115,36.12368],[136.2713,36.12416],[136.27149,36.12413],[136.27133,36.12363],[136.27115,36.12368]]]}},{"type":"Feature","properties":{"pid":"b5e6d62c-ad24-466c-bbcc-c96927bddf2f","full":3.2},"geometry":{"type":"Polygon","coordinates":[[[136.26847,36.12371],[136.26828,36.12377],[136.26836,36.12414],[136.26839,36.12414],[136.26839,36.12416],[136.26858,36.12412],[136.26847,36.12371]]]}},{"type":"Feature","properties":{"pid":"7d0a4a46-7be9-4125-9d06-d96d7b3d1426","full":4.1},"geometry":{"type":"Polygon","coordinates":[[[136.26836,36.12414],[136.26828,36.12381],[136.26803,36.12386],[136.26811,36.12422],[136.26833,36.12417],[136.26833,36.12415],[136.26836,36.12414]]]}},{"type":"Feature","properties":{"pid":"44ef4068-5c1c-4cd3-8990-dbe9f29b8882","full":3.9},"geometry":{"type":"Polygon","coordinates":[[[136.26744,36.12429],[136.26766,36.12428],[136.26766,36.12427],[136.26767,36.12426],[136.26764,36.12388],[136.26742,36.12382],[136.26744,36.12429]]]}},{"type":"Feature","properties":{"pid":"50131807-4118-42f8-a785-2f742354e476","full":7.3},"geometry":{"type":"Polygon","coordinates":[[[136.26743,36.12429],[136.26742,36.12382],[136.26713,36.1237],[136.26716,36.12429],[136.26743,36.12429]]]}},{"type":"Feature","properties":{"pid":"4e48568a-4fcc-4f2d-a95d-62b9d46994c0","full":12.0},"geometry":{"type":"Polygon","coordinates":[[[136.26712,36.12369],[136.2668,36.1236],[136.2668,36.12428],[136.26715,36.12428],[136.26712,36.12369]]]}},{"type":"Feature","properties":{"pid":"825f1366-6779-4955-909e-b9aa305d0e64","full":24.7},"geometry":{"type":"Polygon","coordinates":[[[136.26073,36.12389],[136.26073,36.12451],[136.26127,36.1245],[136.26126,36.12383],[136.26078,36.12384],[136.26074,36.12387],[136.26073,36.12389]]]}},{"type":"Feature","properties":{"pid":"86dc6abc-559c-484e-b948-f3ecf788c96b","full":2.5},"geometry":{"type":"Polygon","coordinates":[[[136.26128,36.12383],[136.26128,36.1245],[136.26144,36.1245],[136.26143,36.12383],[136.26128,36.12383]]]}},{"type":"Feature","properties":{"pid":"1fe1174d-3b4e-4220-b188-66b6ab34c085","full":18.4},"geometry":{"type":"Polygon","coordinates":[[[136.26189,36.1245],[136.26189,36.12383],[136.26147,36.12383],[136.26147,36.1245],[136.26189,36.1245]]]}},{"type":"Feature","properties":{"pid":"e12c8655-9adb-4a8b-bc20-f11cd8ee3550","full":20.2},"geometry":{"type":"Polygon","coordinates":[[[136.26125,36.12503],[136.26121,36.12454],[136.26072,36.12455],[136.26073,36.12518],[136.26075,36.12518],[136.26076,36.12521],[136.26088,36.12521],[136.26125,36.12503]]]}},{"type":"Feature","properties":{"pid":"c2606768-09a6-46f6-b78a-31a50a3d6011","full":0.6},"geometry":{"type":"Polygon","coordinates":[[[136.26151,36.12522],[136.26144,36.12509],[136.26121,36.1252],[136.26124,36.12531],[136.26151,36.12522]]]}},{"type":"Feature","properties":{"pid":"3fcf077a-834f-4144-ab2c-9e3a7da87432","full":15.3},"geometry":{"type":"Polygon","coordinates":[[[136.26224,36.12458],[136.26224,36.12454],[136.26122,36.12454],[136.26126,36.12503],[136.26224,36.12458]]]}},{"type":"Feature","properties":{"pid":"4c7d58fc-c46d-4c4f-b194-894ac0cbddbc","full":12.2},"geometry":{"type":"Polygon","coordinates":[[[136.26148,36.12542],[136.26119,36.12547],[136.26131,36.12621],[136.2616,36.12615],[136.26153,36.12579],[136.26149,36.12542],[136.26148,36.12542]]]}},{"type":"Feature","properties":{"pid":"55a563b5-8343-459a-a593-55a4850db81a","full":11.0},"geometry":{"type":"Polygon","coordinates":[[[136.25931,36.12456],[136.25932,36.12524],[136.2595,36.12524],[136.25951,36.12523],[136.25953,36.12522],[136.25954,36.12516],[136.25958,36.12516],[136.25958,36.12489],[136.2597,36.12489],[136.25962,36.12455],[136.25931,36.12456]]]}},{"type":"Feature","properties":{"pid":"462a86f3-0d5d-4b13-814b-db4d4cf56c28","full":19.4},"geometry":{"type":"Polygon","coordinates":[[[136.2602,36.12455],[136.2602,36.12524],[136.26064,36.12523],[136.26063,36.12479],[136.26064,36.12455],[136.2602,36.12455]]]}},{"type":"Feature","properties":{"pid":"28318ce5-2875-4bfc-8d45-d0b3b1238639","full":2.1},"geometry":{"type":"Polygon","coordinates":[[[136.26019,36.12499],[136.26019,36.12455],[136.25999,36.12456],[136.25995,36.12457],[136.26008,36.12499],[136.26019,36.12499]]]}},{"type":"Feature","properties":{"pid":"bf909a8d-f66b-44bc-8298-3c82a6144152","full":19.3},"geometry":{"type":"Polygon","coordinates":[[[136.25885,36.12524],[136.25885,36.12522],[136.25886,36.12522],[136.25885,36.12456],[136.25842,36.12456],[136.25842,36.12523],[136.25843,36.12523],[136.25843,36.12524],[136.25885,36.12524]]]}},{"type":"Feature","properties":{"pid":"d7a51d22-d9b7-4d9c-bcfb-8f0fec5c76e3","full":18.4},"geometry":{"type":"Polygon","coordinates":[[[136.25841,36.12456],[136.25799,36.12456],[136.25799,36.12525],[136.25841,36.12524],[136.25841,36.12523],[136.25842,36.12523],[136.25841,36.12456]]]}},{"type":"Feature","properties":{"pid":"2f97233e-9aac-4dfc-be02-6699338087a3","full":19.6},"geometry":{"type":"Polygon","coordinates":[[[136.25931,36.12524],[136.25931,36.12455],[136.25886,36.12456],[136.25887,36.12522],[136.25889,36.12523],[136.25889,36.12524],[136.25931,36.12524]]]}},{"type":"Feature","properties":{"pid":"e4521f45-0f53-4726-a687-0752f653bb96","full":12.6},"geometry":{"type":"Polygon","coordinates":[[[136.25885,36.12532],[136.25886,36.12578],[136.25932,36.12574],[136.25931,36.12531],[136.25887,36.12531],[136.25887,36.12532],[136.25885,36.12532]]]}},{"type":"Feature","properties":{"pid":"fb49b024-9662-4d1f-8540-b4a835a6d91e","full":20.7},"geometry":{"type":"Polygon","coordinates":[[[136.25834,36.1259],[136.25834,36.12531],[136.25791,36.12532],[136.2579,36.12533],[136.25788,36.12533],[136.25788,36.12612],[136.25834,36.1259]]]}},{"type":"Feature","properties":{"pid":"ebaad554-a141-47d1-92ce-1c071e459d19","full":16.2},"geometry":{"type":"Polygon","coordinates":[[[136.25835,36.1259],[136.25849,36.12584],[136.25864,36.1258],[136.25885,36.12578],[136.25885,36.12532],[136.25883,36.12533],[136.25884,36.12531],[136.25835,36.12531],[136.25835,36.1259]]]}},{"type":"Feature","properties":{"pid":"74858f70-05d5-4b7b-b065-653b63b9628d","full":17.3},"geometry":{"type":"Polygon","coordinates":[[[136.25788,36.12612],[136.25787,36.12533],[136.25785,36.12533],[136.25785,36.12531],[136.25754,36.12531],[136.25755,36.12623],[136.25768,36.12621],[136.25788,36.12612]]]}},{"type":"Feature","properties":{"pid":"37b51153-ad1c-4d77-bf75-0eb722439f7c","full":18.7},"geometry":{"type":"Polygon","coordinates":[[[136.2572,36.1262],[136.25754,36.12623],[136.25754,36.12531],[136.25721,36.12532],[136.25721,36.12534],[136.25719,36.12534],[136.2572,36.1262]]]}},{"type":"Feature","properties":{"pid":"0209b4ea-f4c1-4fcd-b618-3bb7708ceee7","full":22.5},"geometry":{"type":"Polygon","coordinates":[[[136.25719,36.12619],[136.25719,36.12534],[136.25717,36.12534],[136.25717,36.12532],[136.25675,36.12532],[136.25675,36.12591],[136.25682,36.1259],[136.25694,36.12621],[136.25719,36.12619]]]}},{"type":"Feature","properties":{"pid":"0c0c99ff-48f9-4733-9e30-cb55a69ca5f8","full":19.4},"geometry":{"type":"Polygon","coordinates":[[[136.25698,36.12525],[136.25698,36.12457],[136.25654,36.12457],[136.25654,36.12524],[136.25657,36.12524],[136.25657,36.12525],[136.25698,36.12525]]]}},{"type":"Feature","properties":{"pid":"2c10d5d9-011d-4629-bcf2-8c2f9a36f12b","full":25.7},"geometry":{"type":"Polygon","coordinates":[[[136.25751,36.12525],[136.25751,36.12524],[136.25753,36.12524],[136.25753,36.12456],[136.25698,36.12457],[136.25699,36.12525],[136.25751,36.12525]]]}},{"type":"Feature","properties":{"pid":"6e739553-e156-491c-afef-d21a26d6bc78","full":19.8},"geometry":{"type":"Polygon","coordinates":[[[136.25798,36.12524],[136.25798,36.12456],[136.25753,36.12456],[136.25754,36.12524],[136.25756,36.12524],[136.25756,36.12525],[136.25798,36.12524]]]}},{"type":"Feature","properties":{"pid":"97ffd31d-9635-43e5-beb9-0fe0be5a4990","full":18.8},"geometry":{"type":"Polygon","coordinates":[[[136.25708,36.12452],[136.25707,36.12388],[136.25705,36.12388],[136.25705,36.12385],[136.25664,36.12386],[136.25664,36.12453],[136.25708,36.12452]]]}},{"type":"Feature","properties":{"pid":"2406a4ff-d3be-4e07-bab9-5dd13a17c34e","full":19.1},"geometry":{"type":"Polygon","coordinates":[[[136.25753,36.12452],[136.25752,36.12385],[136.2571,36.12385],[136.25709,36.12388],[136.25708,36.12389],[136.25709,36.12452],[136.25753,36.12452]]]}},{"type":"Feature","properties":{"pid":"7996dbfa-5420-46ea-81b4-3100fce9ebc0","full":18.0},"geometry":{"type":"Polygon","coordinates":[[[136.25796,36.12452],[136.25795,36.12385],[136.25755,36.12385],[136.25755,36.12388],[136.25753,36.12388],[136.25754,36.12452],[136.25796,36.12452]]]}},{"type":"Feature","properties":{"pid":"8d167999-472a-4b28-8dcc-63bd55e53e0f","full":19.4},"geometry":{"type":"Polygon","coordinates":[[[136.25841,36.12452],[136.2584,36.12385],[136.25795,36.12385],[136.25796,36.12452],[136.25841,36.12452]]]}},{"type":"Feature","properties":{"pid":"7679c86c-31f1-4fdc-93b8-87adcbb5f9f8","full":19.1},"geometry":{"type":"Polygon","coordinates":[[[136.25842,36.12452],[136.25885,36.12452],[136.25885,36.12384],[136.25843,36.12385],[136.25843,36.12388],[136.25841,36.12388],[136.25842,36.12452]]]}},{"type":"Feature","properties":{"pid":"c642d4ef-a9f8-4b54-9f0b-79bcb38bb1d6","full":19.3},"geometry":{"type":"Polygon","coordinates":[[[136.2544,36.12388],[136.2544,36.12454],[136.25484,36.12454],[136.25484,36.12389],[136.25483,36.12389],[136.25483,36.12387],[136.25443,36.12387],[136.25443,36.12388],[136.2544,36.12388]]]}},{"type":"Feature","properties":{"pid":"b6c86bb8-4602-4f87-ae8d-4b692ea9a754","full":19.1},"geometry":{"type":"Polygon","coordinates":[[[136.25528,36.12386],[136.25487,36.12387],[136.25486,36.12389],[136.25485,36.12389],[136.25485,36.12454],[136.25529,36.12453],[136.25528,36.12386]]]}},{"type":"Feature","properties":{"pid":"87347bba-61f7-4a78-9cf7-43adc57ef819","full":12.7},"geometry":{"type":"Polygon","coordinates":[[[136.2553,36.12453],[136.25573,36.12453],[136.25573,36.12418],[136.25553,36.12418],[136.25553,36.12387],[136.25532,36.12386],[136.25532,36.12388],[136.25529,36.12389],[136.2553,36.12453]]]}},{"type":"Feature","properties":{"pid":"3730dc91-c2d2-4eb5-b49f-55af3c7d8d68","full":13.4},"geometry":{"type":"Polygon","coordinates":[[[136.25619,36.12453],[136.25618,36.12388],[136.25616,36.12388],[136.25616,36.12386],[136.25584,36.12386],[136.25585,36.12453],[136.25619,36.12453]]]}},{"type":"Feature","properties":{"pid":"9ebf2fc4-fbc4-40ef-ab97-d921be3f4b3c","full":19.0},"geometry":{"type":"Polygon","coordinates":[[[136.25663,36.12453],[136.25663,36.12386],[136.25622,36.12386],[136.25621,36.12389],[136.25619,36.12388],[136.2562,36.12453],[136.25663,36.12453]]]}},{"type":"Feature","properties":{"pid":"47c514c3-ff36-4243-bc11-7a9bb52a34b7","full":10.0},"geometry":{"type":"Polygon","coordinates":[[[136.25612,36.12525],[136.25613,36.12523],[136.25613,36.12458],[136.25585,36.12457],[136.25585,36.12526],[136.25612,36.12525]]]}},{"type":"Feature","properties":{"pid":"caeb69b7-724f-4f78-bb2b-13642402b7ce","full":17.1},"geometry":{"type":"Polygon","coordinates":[[[136.25653,36.12457],[136.25613,36.12457],[136.25614,36.12523],[136.25616,36.12523],[136.25616,36.12525],[136.25654,36.12525],[136.25653,36.12457]]]}},{"type":"Feature","properties":{"pid":"71cffd46-8b05-4003-bcde-b5c47d321e67","full":46.8},"geometry":{"type":"Polygon","coordinates":[[[136.25674,36.12591],[136.25674,36.12535],[136.25671,36.12535],[136.25671,36.12532],[136.25585,36.12533],[136.25585,36.12606],[136.25594,36.12607],[136.25623,36.12605],[136.25674,36.12591]]]}},{"type":"Feature","properties":{"pid":"00b7231a-ab03-4291-a507-a5e5ca5e1c23","full":19.5},"geometry":{"type":"Polygon","coordinates":[[[136.25571,36.12533],[136.25528,36.12533],[136.25528,36.12535],[136.25526,36.12534],[136.25527,36.12601],[136.25573,36.12598],[136.25571,36.12533]]]}},{"type":"Feature","properties":{"pid":"d1d4612a-83db-4ea5-94e5-895da1557db8","full":19.0},"geometry":{"type":"Polygon","coordinates":[[[136.25526,36.12601],[136.25525,36.12535],[136.25524,36.12534],[136.25524,36.12533],[136.25483,36.12533],[136.25483,36.12604],[136.25526,36.12601]]]}},{"type":"Feature","properties":{"pid":"0f53bb11-ac45-48b0-849e-e157e800934f","full":13.6},"geometry":{"type":"Polygon","coordinates":[[[136.25482,36.12605],[136.25482,36.12534],[136.2548,36.12534],[136.2548,36.12533],[136.25441,36.12533],[136.25442,36.12574],[136.25452,36.12576],[136.25454,36.12578],[136.25467,36.12606],[136.25482,36.12605]]]}},{"type":"Feature","properties":{"pid":"fb477998-a9a1-4d6e-b152-1429e746df7c","full":2.3},"geometry":{"type":"Polygon","coordinates":[[[136.25441,36.12574],[136.2544,36.12533],[136.25421,36.12533],[136.25421,36.12569],[136.25441,36.12574]]]}},{"type":"Feature","properties":{"pid":"71f69a16-af93-4242-9346-3c99c6e16b66","full":19.1},"geometry":{"type":"Polygon","coordinates":[[[136.25485,36.12526],[136.25484,36.12458],[136.25441,36.12457],[136.25442,36.12525],[136.25444,36.12525],[136.25444,36.12526],[136.25485,36.12526]]]}},{"type":"Feature","properties":{"pid":"87cd7fe7-5150-44fc-982e-5fbb9e95829d","full":45.5},"geometry":{"type":"Polygon","coordinates":[[[136.25489,36.12526],[136.25574,36.12525],[136.25573,36.12457],[136.25485,36.12458],[136.25486,36.12525],[136.25489,36.12525],[136.25489,36.12526]]]}},{"type":"Feature","properties":{"pid":"7f29d942-180e-4631-a027-b0bb639c9e76","full":22.6},"geometry":{"type":"Polygon","coordinates":[[[136.25441,36.12527],[136.2544,36.12458],[136.25391,36.12458],[136.25392,36.12525],[136.25396,36.12525],[136.25397,36.12527],[136.25441,36.12527]]]}},{"type":"Feature","properties":{"pid":"517fcebd-478c-49fd-94e8-302581767855","full":4.3},"geometry":{"type":"Polygon","coordinates":[[[136.25418,36.12534],[136.25418,36.12533],[136.2539,36.12534],[136.2539,36.12562],[136.25421,36.12569],[136.2542,36.12535],[136.25418,36.12534]]]}},{"type":"Feature","properties":{"pid":"dfabb4ff-a0df-4bc9-810e-56cafd57dae5","full":4.1},"geometry":{"type":"Polygon","coordinates":[[[136.25247,36.12556],[136.25247,36.12557],[136.25249,36.12562],[136.2525,36.12576],[136.25296,36.12575],[136.25298,36.12554],[136.25247,36.12556]]]}},{"type":"Feature","properties":{"pid":"b65519fd-3b60-4059-9064-4aba0960b15a","full":1.4},"geometry":{"type":"Polygon","coordinates":[[[136.25245,36.12555],[136.25276,36.12555],[136.25275,36.12541],[136.25274,36.12539],[136.25245,36.12539],[136.25245,36.12555]]]}},{"type":"Feature","properties":{"pid":"decbcc17-8058-43e7-99bf-07f23dc6823e","full":4.0},"geometry":{"type":"Polygon","coordinates":[[[136.25276,36.12577],[136.25276,36.12597],[136.25275,36.12597],[136.25274,36.12617],[136.25302,36.12619],[136.25301,36.12593],[136.25296,36.12593],[136.25296,36.12577],[136.25276,36.12577]]]}},{"type":"Feature","properties":{"pid":"68f344ab-131d-430f-90cf-9fcbbd238b1e","full":2.9},"geometry":{"type":"Polygon","coordinates":[[[136.25233,36.12503],[136.25233,36.12525],[136.25266,36.12525],[136.25266,36.12503],[136.25233,36.12503]]]}},{"type":"Feature","properties":{"pid":"8b70f2d5-c72e-4801-b4e2-6e9dfc24b1b9","full":7.3},"geometry":{"type":"Polygon","coordinates":[[[136.25267,36.12525],[136.25268,36.12526],[136.25268,36.12527],[136.25291,36.12527],[136.25291,36.12459],[136.25267,36.1246],[136.25267,36.12525]]]}},{"type":"Feature","properties":{"pid":"cfcff13e-f39c-463d-a09c-51f69a3e012c","full":14.7},"geometry":{"type":"Polygon","coordinates":[[[136.25267,36.1246],[136.25211,36.1246],[136.25212,36.12502],[136.25267,36.12502],[136.25267,36.1246]]]}},{"type":"Feature","properties":{"pid":"7f452eea-d19d-4082-83a0-7bc1c99b9a3a","full":12.6},"geometry":{"type":"Polygon","coordinates":[[[136.25032,36.12389],[136.25011,36.12389],[136.25011,36.12392],[136.25008,36.12392],[136.25008,36.12389],[136.24981,36.12389],[136.24981,36.12422],[136.25009,36.12431],[136.25033,36.12438],[136.25032,36.12389]]]}},{"type":"Feature","properties":{"pid":"e99ca38b-1c60-404b-bcd4-684ca1ba387b","full":11.0},"geometry":{"type":"Polygon","coordinates":[[[136.25085,36.12528],[136.25085,36.12461],[136.25042,36.12461],[136.25042,36.12501],[136.25043,36.12501],[136.25043,36.12504],[136.25074,36.12504],[136.25075,36.12525],[136.25077,36.12526],[136.25077,36.12528],[136.25085,36.12528]]]}},{"type":"Feature","properties":{"pid":"243f5d78-41e8-4715-83fa-7aa970192304","full":13.8},"geometry":{"type":"Polygon","coordinates":[[[136.25033,36.1246],[136.25033,36.12457],[136.24968,36.12481],[136.24968,36.12485],[136.24969,36.12488],[136.24982,36.12513],[136.24995,36.12512],[136.24995,36.1251],[136.24997,36.1251],[136.24997,36.12504],[136.24998,36.12504],[136.25034,36.12502],[136.25033,36.1246]]]}},{"type":"Feature","properties":{"pid":"e7bf4f4c-7e83-4004-a1a6-d82936aa62ef","full":3.9},"geometry":{"type":"Polygon","coordinates":[[[136.25103,36.1254],[136.25081,36.1254],[136.25081,36.12576],[136.25098,36.12587],[136.251,36.12587],[136.25102,36.12585],[136.25103,36.12585],[136.25103,36.1254]]]}},{"type":"Feature","properties":{"pid":"75aaa085-ba6f-4bf7-96cc-3069db4dc2d7","full":18.7},"geometry":{"type":"Polygon","coordinates":[[[136.25105,36.12585],[136.25107,36.12585],[136.25108,36.12587],[136.25116,36.12585],[136.25162,36.12564],[136.25207,36.12558],[136.25206,36.12539],[136.25104,36.12539],[136.25105,36.12585]]]}},{"type":"Feature","properties":{"pid":"cd32f721-9474-4abe-b9dc-ebe99f6524a7","full":2.2},"geometry":{"type":"Polygon","coordinates":[[[136.25071,36.12876],[136.25081,36.12851],[136.25064,36.12849],[136.25061,36.12852],[136.25054,36.12861],[136.2504,36.12875],[136.25041,36.12877],[136.25069,36.12878],[136.25071,36.12876]]]}},{"type":"Feature","properties":{"pid":"d9c62019-88e6-4596-b718-a4f66f6f9afd","full":2.5},"geometry":{"type":"Polygon","coordinates":[[[136.25069,36.12885],[136.25067,36.12884],[136.25035,36.12883],[136.25021,36.12902],[136.25066,36.12901],[136.25069,36.12885]]]}},{"type":"Feature","properties":{"pid":"e438a2aa-1e00-4a9a-b94e-b43f960a1254","full":1.8},"geometry":{"type":"Polygon","coordinates":[[[136.25115,36.13034],[136.25125,36.13031],[136.25131,36.13027],[136.25148,36.13016],[136.25134,36.13004],[136.25105,36.13025],[136.25115,36.13034]]]}},{"type":"Feature","properties":{"pid":"28b279e1-7c48-4291-898a-f0432a0ff662","full":0.9},"geometry":{"type":"Polygon","coordinates":[[[136.25029,36.13083],[136.25035,36.13069],[136.25013,36.13062],[136.25007,36.1308],[136.25029,36.13083]]]}}],"precision":5}