{"type":"FeatureCollection","features":[{"type":"Feature","properties":{"pid":"13979f05-6320-4df8-bf40-976af9dbbd8b"},"geometry":{"type":"Polygon","coordinates":[[[135.90126130838811,35.540775150886276],[135.9012002187519,35.53996318008385],[135.90094004749076,35.539981455993974],[135.90100954147889,35.54078805023506],[135.90126130838811,35.540775150886276]]]}},{"type":"Feature","properties":{"pid":"d9321dba-d1af-4940-b48e-5095521b2e16"},"geometry":{"type":"Polygon","coordinates":[[[135.90081372966432,35.53999080187213],[135.90062961808016,35.53999652812026],[135.90070103686975,35.5408032113476],[135.90088110759,35.54079518312287],[135.90081372966432,35.53999080187213]]]}},{"type":"Feature","properties":{"pid":"a63f3458-9cf8-44b7-a6d5-6acf4a3b5203"},"geometry":{"type":"Polygon","coordinates":[[[135.90307113463336,35.53986761075483],[135.90249733510157,35.53989642256839],[135.90256054393234,35.54070540954828],[135.9031407048642,35.54066969105601],[135.90307113463336,35.53986761075483]]]}},{"type":"Feature","properties":{"pid":"6dbb8bc5-aa6d-4254-9bf2-1c4494b5dde4"},"geometry":{"type":"Polygon","coordinates":[[[135.9035774662639,35.54064549163917],[135.9035062394419,35.53984110419384],[135.9032086294298,35.53985882980365],[135.90327360998532,35.54066510882786],[135.9035774662639,35.54064549163917]]]}},{"type":"Feature","properties":{"pid":"ad4ad408-6528-4b8f-9c30-20790d679653"},"geometry":{"type":"Polygon","coordinates":[[[135.90236630905844,35.53990590990729],[135.9021010269381,35.539920326554146],[135.90216483669633,35.54072468247962],[135.90242537813717,35.540713232628065],[135.90236630905844,35.53990590990729]]]}},{"type":"Feature","properties":{"pid":"c196fd83-ebad-4b76-aeb6-788870f8dcd4"},"geometry":{"type":"Polygon","coordinates":[[[135.90166862451107,35.540750595270744],[135.9019148735602,35.540736513484944],[135.90185165951095,35.53993424932115],[135.90161374701518,35.5399456446935],[135.90166862451107,35.540750595270744]]]}},{"type":"Feature","properties":{"pid":"bc3678de-f22c-461f-ba2f-791d52087f84"},"geometry":{"type":"Polygon","coordinates":[[[135.9014855448092,35.539947136584644],[135.90132635705908,35.53995479042308],[135.90138749914033,35.540767431605595],[135.9015467347948,35.54075866342802],[135.9014855448092,35.539947136584644]]]}},{"type":"Feature","properties":{"pid":"91186c81-61f6-4bbc-a13b-b002d1390348"},"geometry":{"type":"Polygon","coordinates":[[[135.90159644473422,35.53977711568731],[135.90182068541532,35.53976982080342],[135.9017587377308,35.538974380276876],[135.90153136133418,35.53898496027222],[135.90159644473422,35.53977711568731]]]}},{"type":"Feature","properties":{"pid":"c3bfea7b-3daa-422e-a46a-9a55424e1cd8"},"geometry":{"type":"Polygon","coordinates":[[[135.9012259945044,35.53979234324646],[135.90147025780573,35.53977984337695],[135.9014071296476,35.53899060125551],[135.9011644609739,35.53900012339698],[135.9012259945044,35.53979234324646]]]}},{"type":"Feature","properties":{"pid":"c9ba5944-c8f8-4757-8cb8-b88878be6dbc"},"geometry":{"type":"Polygon","coordinates":[[[135.90229032364863,35.53974449815341],[135.90221649119104,35.53894786524493],[135.9020059310118,35.538957873949784],[135.9020717134196,35.53975936910441],[135.90229032364863,35.53974449815341]]]}},{"type":"Feature","properties":{"pid":"85dbbd80-59be-45ba-a973-ba92eb80d82a"},"geometry":{"type":"Polygon","coordinates":[[[135.9032768301617,35.53969042493823],[135.90321200192574,35.538886106284615],[135.90301984629534,35.53889874930799],[135.9030832200198,35.53969889374641],[135.9032768301617,35.53969042493823]]]}},{"type":"Feature","properties":{"pid":"06d36c8d-140e-4449-9911-4d711466271e"},"geometry":{"type":"Polygon","coordinates":[[[135.90340423216716,35.539678920887205],[135.9036558925063,35.539668324008424],[135.9035920293116,35.53887008080318],[135.90334021870842,35.53888291123062],[135.90340423216716,35.539678920887205]]]}},{"type":"Feature","properties":{"pid":"28c94893-dc30-461b-a7a2-96f0042763de"},"geometry":{"type":"Polygon","coordinates":[[[135.90295477386076,35.53970687021282],[135.9028873473486,35.53890440163218],[135.9027178790452,35.53891683222851],[135.90278295871707,35.53971502325686],[135.90295477386076,35.53970687021282]]]}},{"type":"Feature","properties":{"pid":"85a0a90f-b3c8-4f8f-87e4-1a0bfa004194"},"geometry":{"type":"Polygon","coordinates":[[[135.9026559148296,35.53972236056565],[135.90259017390176,35.53892170847559],[135.90234871829205,35.5389364537424],[135.9024184679325,35.5397321869688],[135.9026559148296,35.53972236056565]]]}},{"type":"Feature","properties":{"pid":"43bbb6c2-2ab0-4e44-be7c-c83283049126"},"geometry":{"type":"Polygon","coordinates":[[[135.90310655038286,35.53792643704465],[135.9031567894113,35.53873616598596],[135.90337765683498,35.53872425621406],[135.90331174566995,35.53791541421838],[135.90310655038286,35.53792643704465]]]}},{"type":"Feature","properties":{"pid":"2b31dc00-512e-4b3a-9767-01e577fec866"},"geometry":{"type":"Polygon","coordinates":[[[135.9038631179283,35.53869631704377],[135.9038038884759,35.53789628623396],[135.90343907106748,35.53791196829594],[135.9035029374554,35.53871461932705],[135.9038631179283,35.53869631704377]]]}},{"type":"Feature","properties":{"pid":"ceda5d21-f1d8-4e7d-b475-077f9aafe99d"},"geometry":{"type":"Polygon","coordinates":[[[135.90303485994863,35.538742725001214],[135.90298519687093,35.537933206850695],[135.90281731359997,35.537945108999835],[135.90287583134983,35.53874915316665],[135.90303485994863,35.538742725001214]]]}},{"type":"Feature","properties":{"pid":"d0361d09-296f-47f5-a383-ecc04d4e23b5"},"geometry":{"type":"Polygon","coordinates":[[[135.90267968574344,35.53796005538946],[135.9025983010034,35.53796491672043],[135.90265658847173,35.5387640682198],[135.90274860197786,35.53875802134555],[135.90267968574344,35.53796005538946]]]}},{"type":"Feature","properties":{"pid":"5a1a40e0-9d31-428a-a46f-ded548d92115"},"geometry":{"type":"Polygon","coordinates":[[[135.90192546121858,35.53799429143527],[135.90199290363412,35.53880239382968],[135.90221701144716,35.53878938840363],[135.90214440898015,35.5379822126167],[135.90192546121858,35.53799429143527]]]}},{"type":"Feature","properties":{"pid":"bb405425-e35c-49c5-b385-c84cddf9d9df"},"geometry":{"type":"Polygon","coordinates":[[[135.9024648226905,35.53797291059825],[135.90227597844213,35.537982882173395],[135.90234293489533,35.53878453615115],[135.90252543493926,35.538771311668334],[135.9024648226905,35.53797291059825]]]}},{"type":"Feature","properties":{"pid":"b92b0ae6-07fa-461d-b3d4-3e8823c8bf40"},"geometry":{"type":"Polygon","coordinates":[[[135.90133447287454,35.538027097639386],[135.90113782707655,35.53803766626346],[135.9012012244288,35.538840708941905],[135.9013934126924,35.53883259885986],[135.90133447287454,35.538027097639386]]]}},{"type":"Feature","properties":{"pid":"d3b84f04-fe59-4327-a870-a50e21b078e9"},"geometry":{"type":"Polygon","coordinates":[[[135.90152726365523,35.53882760979777],[135.90174025442707,35.538817192249184],[135.90167478071416,35.53801952072668],[135.90146634842384,35.53802786806349],[135.90152726365523,35.53882760979777]]]}},{"type":"Feature","properties":{"pid":"277bcfaa-1026-4573-adda-157cb1e65d4c"},"geometry":{"type":"Polygon","coordinates":[[[135.90013779835212,35.53888905578713],[135.90040127472375,35.53888851400743],[135.90033815084342,35.5380809643744],[135.90000017248326,35.53810648593305],[135.90013779835212,35.53888905578713]]]}},{"type":"Feature","properties":{"pid":"9283c6bc-a0ef-4a69-9fc0-6b837adaf98a"},"geometry":{"type":"Polygon","coordinates":[[[135.90067197705412,35.538060925741654],[135.90047154289846,35.53807336099877],[135.90052781460554,35.53888483837515],[135.90073535616636,35.53887370031253],[135.90067197705412,35.538060925741654]]]}},{"type":"Feature","properties":{"pid":"ca8713fc-2786-4848-83de-813e7d2b8945"},"geometry":{"type":"Polygon","coordinates":[[[135.90100416193752,35.53804293015076],[135.90080582286905,35.538055905594994],[135.90086928992918,35.538861851175184],[135.90107055100856,35.53885301548318],[135.90100416193752,35.53804293015076]]]}},{"type":"Feature","properties":{"pid":"e90025ce-4c8a-4886-b157-8192dfdb6e18"},"geometry":{"type":"Polygon","coordinates":[[[135.90072988398893,35.53981824412163],[135.90109970453207,35.53980011358883],[135.90103662305148,35.53900456416927],[135.90066032368637,35.5390268891709],[135.90072988398893,35.53981824412163]]]}},{"type":"Feature","properties":{"pid":"c89733db-1402-43df-aa78-31a073c98871"},"geometry":{"type":"Polygon","coordinates":[[[135.90052209089887,35.53904615420551],[135.9001720465811,35.539076385885686],[135.90029578634727,35.53985315266738],[135.90059442216509,35.53982667905335],[135.90052209089887,35.53904615420551]]]}},{"type":"Feature","properties":{"pid":"bb3ec359-8abb-449e-892f-878cddea712a"},"geometry":{"type":"Polygon","coordinates":[[[135.9007433930628,35.5369451858158],[135.90091708584205,35.53693628279613],[135.90085060663912,35.53612536473809],[135.90067811519327,35.53613691130856],[135.9007433930628,35.5369451858158]]]}},{"type":"Feature","properties":{"pid":"607e18d5-9e02-45ad-b407-3b08591aeac8"},"geometry":{"type":"Polygon","coordinates":[[[135.90097174929403,35.53611750345824],[135.90103845501122,35.53692966519143],[135.90124872612225,35.536917632142995],[135.9011839419249,35.536104715626976],[135.90097174929403,35.53611750345824]]]}},{"type":"Feature","properties":{"pid":"15a19465-c5f6-412d-b1b2-71e52fad725c"},"geometry":{"type":"Polygon","coordinates":[[[135.90111154326254,35.53787745880085],[135.90120305247606,35.53787119349932],[135.90115022115447,35.537073814239584],[135.90103862131224,35.537079208360836],[135.90111154326254,35.53787745880085]]]}},{"type":"Feature","properties":{"pid":"7b257488-717f-431c-99ee-f6dffe682337"},"geometry":{"type":"Polygon","coordinates":[[[135.9007894179209,35.53789917324938],[135.90097660723177,35.53788628140319],[135.90090787141395,35.53708663121903],[135.90071688544177,35.53709589594199],[135.9007894179209,35.53789917324938]]]}},{"type":"Feature","properties":{"pid":"68fab96c-c00e-4cea-a6c7-e1b1859bc0dc"},"geometry":{"type":"Polygon","coordinates":[[[135.89990175394286,35.537160552603204],[135.89988078508952,35.53742483826421],[135.89996552060117,35.537947672067055],[135.90032214479368,35.5379265675621],[135.90024693049608,35.537131548173015],[135.89990175394286,35.537160552603204]]]}},{"type":"Feature","properties":{"pid":"2b9c39b4-bfa4-4aa6-9c9c-edb7b10b0e15"},"geometry":{"type":"Polygon","coordinates":[[[135.90065496499327,35.53790720308662],[135.9005896742996,35.53710372988624],[135.90038306505414,35.537120156409344],[135.900449173963,35.53791914440323],[135.90065496499327,35.53790720308662]]]}},{"type":"Feature","properties":{"pid":"d75c1140-7cd5-4a87-b8d1-50dbe877e320"},"geometry":{"type":"Polygon","coordinates":[[[135.90133207117375,35.537862206712035],[135.90165238486662,35.537846603947905],[135.90159113383572,35.537059505016735],[135.90128229682784,35.537076533367575],[135.90133207117375,35.537862206712035]]]}},{"type":"Feature","properties":{"pid":"48a14baf-df1c-4153-a728-274d2b053d06"},"geometry":{"type":"Polygon","coordinates":[[[135.90204194351563,35.537041478012824],[135.9018693295598,35.53705426999709],[135.90193190142685,35.53782740832734],[135.9021476172781,35.53781751241526],[135.90208062733075,35.53706766979873],[135.90204194351563,35.537041478012824]]]}},{"type":"Feature","properties":{"pid":"fbffcf31-b093-45f6-9175-ee548dc38056"},"geometry":{"type":"Polygon","coordinates":[[[135.90242901973627,35.53702177668904],[135.9022144109144,35.537033840299635],[135.90228285502215,35.5378102155666],[135.90251071409762,35.537795675276996],[135.90244832623074,35.53704945637683],[135.90242901973627,35.53702177668904]]]}},{"type":"Feature","properties":{"pid":"0f6ab7b4-3ae6-4d6c-9628-647066e0679c"},"geometry":{"type":"Polygon","coordinates":[[[135.90337370451624,35.53697451707393],[135.90318721109895,35.53698640916357],[135.90324594179114,35.53775172347031],[135.90345766934533,35.53773766875145],[135.9033929382989,35.53699494467935],[135.90337370451624,35.53697451707393]]]}},{"type":"Feature","properties":{"pid":"25495135-4d46-40ff-96ab-9bec6bed92f7"},"geometry":{"type":"Polygon","coordinates":[[[135.90372510209454,35.53695977988896],[135.90352634807246,35.536970778488865],[135.9035915629315,35.53773187082736],[135.90379532912164,35.53771954320534],[135.90372510209454,35.53695977988896]]]}},{"type":"Feature","properties":{"pid":"b74db9b0-e95f-4ab2-9a59-94034e136c00"},"geometry":{"type":"Polygon","coordinates":[[[135.90311998935275,35.5377600783575],[135.9030573978904,35.53699179749496],[135.9028741368457,35.53699839258891],[135.90293184740295,35.53776720503418],[135.90311998935275,35.5377600783575]]]}},{"type":"Feature","properties":{"pid":"b36997f7-2c7e-4498-9db9-5b2bc72f5a96"},"geometry":{"type":"Polygon","coordinates":[[[135.9027456090357,35.537043134832324],[135.90271275174615,35.53701011904589],[135.90258500513318,35.53701697573022],[135.9026457724976,35.53778508248815],[135.90280581387105,35.537777516622235],[135.9027456090357,35.537043134832324]]]}},{"type":"Feature","properties":{"pid":"9315444a-3ecc-4dc3-b2b1-7a6300c0323a"},"geometry":{"type":"Polygon","coordinates":[[[135.90343952731766,35.535988953309065],[135.90350531588376,35.536793802073205],[135.90369903482286,35.5367838122023],[135.9036342583279,35.535979196822446],[135.90343952731766,35.535988953309065]]]}},{"type":"Feature","properties":{"pid":"ae80763a-359f-4448-b2fe-79bedc98fb14"},"geometry":{"type":"Polygon","coordinates":[[[135.90317508670154,35.53681169744679],[135.9033719797186,35.536800683544485],[135.9033063839353,35.535995445193066],[135.9031130909997,35.53600260827399],[135.90317508670154,35.53681169744679]]]}},{"type":"Feature","properties":{"pid":"b700cf2a-d14f-4a89-b3f1-e0532fc0c438"},"geometry":{"type":"Polygon","coordinates":[[[135.90297923913633,35.53600814984639],[135.90260711203484,35.536028043903194],[135.90267283989917,35.53682671733438],[135.90304828705962,35.53681717027635],[135.90297923913633,35.53600814984639]]]}},{"type":"Feature","properties":{"pid":"42342881-8193-4a41-bf88-f5f7177e63ad"},"geometry":{"type":"Polygon","coordinates":[[[135.9024687129758,35.53603814028533],[135.90212477406047,35.53606409798061],[135.9021890402954,35.53686246380884],[135.90253790976408,35.53683581173658],[135.9024687129758,35.53603814028533]]]}},{"type":"Feature","properties":{"pid":"f7a73d20-35a7-4bee-b443-8eecc7324c2c"},"geometry":{"type":"Polygon","coordinates":[[[135.90185274476974,35.53688590173663],[135.90206510353454,35.536871362483886],[135.90199357560155,35.5360609127158],[135.90177997422683,35.53607081409801],[135.90185274476974,35.53688590173663]]]}},{"type":"Feature","properties":{"pid":"d5ce01a9-e1ff-4685-8047-caa7c8c47e5c"},"geometry":{"type":"Polygon","coordinates":[[[135.90130867916596,35.53609859357119],[135.90137344783227,35.5369104494083],[135.90157778755267,35.53689861574661],[135.90151170562487,35.53609045189622],[135.90130867916596,35.53609859357119]]]}},{"type":"Feature","properties":{"pid":"d87f78f1-11e6-494d-942a-b4fd40d24e11"},"geometry":{"type":"Polygon","coordinates":[[[135.90135367034114,35.535312816053015],[135.90139875446962,35.53588512753307],[135.90149483136304,35.53587927939496],[135.9014490969526,35.53530692519921],[135.90135367034114,35.535312816053015]]]}},{"type":"Feature","properties":{"pid":"8d0be7ee-0f41-40b7-9cf6-99ce34a92c82"},"geometry":{"type":"Polygon","coordinates":[[[135.90197501305113,35.535911344420875],[135.90191051879782,35.53509392687285],[135.9016870629532,35.53510604259573],[135.90175522016833,35.5359242157448],[135.90197501305113,35.535911344420875]]]}},{"type":"Feature","properties":{"pid":"68055d4f-600f-4ddc-89a9-11f137c27878"},"geometry":{"type":"Polygon","coordinates":[[[135.90210470861837,35.535902262396725],[135.9023019639455,35.53589106104084],[135.9022337611877,35.5350773964076],[135.90204280710628,35.53508793313439],[135.90210470861837,35.535902262396725]]]}},{"type":"Feature","properties":{"pid":"0c70cdca-4cf6-450c-8894-3e99a22eaf8c"},"geometry":{"type":"Polygon","coordinates":[[[135.9033582818486,35.53501405324706],[135.903422955558,35.53581675586088],[135.90362111061242,35.5358075748809],[135.9035531171999,35.535004513144315],[135.9033582818486,35.53501405324706]]]}},{"type":"Feature","properties":{"pid":"13b3a5c6-00d1-434f-a7a5-700848b50c05"},"geometry":{"type":"Polygon","coordinates":[[[135.90302442487575,35.5350340494189],[135.90309689352202,35.535836242825205],[135.90329288371788,35.535826755238126],[135.90322444144573,35.535023345082],[135.90302442487575,35.5350340494189]]]}},{"type":"Feature","properties":{"pid":"d02b4721-ae50-491e-a133-d6194f966af3"},"geometry":{"type":"Polygon","coordinates":[[[135.90283468271343,35.53585169047481],[135.9029646604702,35.5358461603948],[135.9028964488611,35.535042382069676],[135.90277773600292,35.535051032982835],[135.90283468271343,35.53585169047481]]]}},{"type":"Feature","properties":{"pid":"b120e4a3-2d54-42f8-8bc8-935077a7250e"},"geometry":{"type":"Polygon","coordinates":[[[135.90235867111184,35.53506808613],[135.9024240540977,35.53587905275876],[135.9027076970465,35.53586370355106],[135.9026455810263,35.53505710088873],[135.90235867111184,35.53506808613]]]}},{"type":"Feature","properties":{"pid":"0fd73514-5b10-49c2-8e1c-44a498a42e99"},"geometry":{"type":"Polygon","coordinates":[[[135.90205102447982,35.5348814357081],[135.90221896140284,35.53487404363138],[135.90215155430624,35.53405567642428],[135.90197810021084,35.53406572411048],[135.90205102447982,35.5348814357081]]]}},{"type":"Feature","properties":{"pid":"7e192bd4-b5dc-45d5-bb4a-74dc6f5447f9"},"geometry":{"type":"Polygon","coordinates":[[[135.9014369302945,35.5350816640206],[135.90133598696278,35.535088326577515],[135.90134602493262,35.53521575493593],[135.9014424510482,35.53520902170708],[135.9014369302945,35.5350816640206]]]}},{"type":"Feature","properties":{"pid":"d2b032ad-ca33-4b4e-8493-e0f217c7c7dc"},"geometry":{"type":"Polygon","coordinates":[[[135.90167006109485,35.53490862535633],[135.90190742688463,35.53489096914059],[135.90183420920707,35.534079621754415],[135.90160018846555,35.534087346284934],[135.90167006109485,35.53490862535633]]]}},{"type":"Feature","properties":{"pid":"b7d7cb89-804b-4d12-bd89-3d59d3c47a6c"},"geometry":{"type":"Polygon","coordinates":[[[135.90138860073705,35.53461141267671],[135.90136824926512,35.53437718242511],[135.9009945562621,35.534397669419086],[135.90086629697927,35.534641106618416],[135.90138860073705,35.53461141267671]]]}},{"type":"Feature","properties":{"pid":"d57bcc6d-52ba-4a8a-b29c-5f9e844a6306"},"geometry":{"type":"Polygon","coordinates":[[[135.90141634545242,35.53493056169675],[135.90139753450723,35.53471419082709],[135.90081535363979,35.53474724347318],[135.90071185196686,35.53496521900891],[135.90141634545242,35.53493056169675]]]}},{"type":"Feature","properties":{"pid":"67658d55-dd55-4e88-957a-95901c393a96"},"geometry":{"type":"Polygon","coordinates":[[[135.90093510322072,35.53511154845496],[135.9010058254861,35.535909055752896],[135.9012710343357,35.53589290321834],[135.9012093809881,35.5350963121464],[135.90093510322072,35.53511154845496]]]}},{"type":"Feature","properties":{"pid":"c9d64349-e1d8-4377-8b2b-f4059bd14a11"},"geometry":{"type":"Polygon","coordinates":[[[135.90071458295998,35.53512379669302],[135.90077722045788,35.53592297492256],[135.90087324126992,35.5359171293158],[135.90080567195386,35.53511873772972],[135.90071458295998,35.53512379669302]]]}},{"type":"Feature","properties":{"pid":"1c1cdf02-7a3f-427c-abc2-4a3f259f73b4"},"geometry":{"type":"Polygon","coordinates":[[[135.90047854500244,35.535386919580525],[135.90021807643168,35.53596739925495],[135.90050100055228,35.53594221583149],[135.90047854500244,35.535386919580525]]]}},{"type":"Feature","properties":{"pid":"02c09e78-7417-4be6-a264-53944ef61f4f"},"geometry":{"type":"Polygon","coordinates":[[[135.8998496784715,35.533329507593706],[135.9005806015277,35.533526946920624],[135.9006837443345,35.53314884900836],[135.89999612378782,35.532965378906525],[135.8998496784715,35.533329507593706]]]}},{"type":"Feature","properties":{"pid":"c18d2de8-5599-41f6-ad5c-1129081b48ec"},"geometry":{"type":"Polygon","coordinates":[[[135.90003648954482,35.532863524233605],[135.90069271810717,35.533040073508104],[135.90067962885283,35.53277184743187],[135.90013881091258,35.532603265544864],[135.90003648954482,35.532863524233605]]]}},{"type":"Feature","properties":{"pid":"e11b548a-211a-40db-b840-823ca567b917"},"geometry":{"type":"Polygon","coordinates":[[[135.89974190525197,35.53360321679073],[135.9004486406505,35.533795364517246],[135.9005353417985,35.53363106290558],[135.8998081753537,35.53343886366948],[135.89974190525197,35.53360321679073]]]}},{"type":"Feature","properties":{"pid":"bff20d28-4124-4345-b934-d093dc494e4a"},"geometry":{"type":"Polygon","coordinates":[[[135.8996387427226,35.53386599384882],[135.9003202260498,35.534042999767294],[135.90039946893359,35.53389396710278],[135.8997026023693,35.53370501166987],[135.8996387427226,35.53386599384882]]]}},{"type":"Feature","properties":{"pid":"313766c1-9f21-4505-ac9f-aa388dc84a03"},"geometry":{"type":"Polygon","coordinates":[[[135.90098551338096,35.53430323629054],[135.9013597584772,35.534279951044496],[135.90134442078948,35.53410505189798],[135.90110970459432,35.5341241352924],[135.90098551338096,35.53430323629054]]]}},{"type":"Feature","properties":{"pid":"d52ceddf-e122-4979-893a-faa88132d45f"},"geometry":{"type":"Polygon","coordinates":[[[135.90158625625202,35.53389417366948],[135.90181132328797,35.53387991785723],[135.9017658426938,35.53334134916644],[135.9015415479438,35.53337032944512],[135.90158625625202,35.53389417366948]]]}},{"type":"Feature","properties":{"pid":"0a4f6cf3-88c3-486c-8144-6981dea34ddc"},"geometry":{"type":"Polygon","coordinates":[[[135.90210461047172,35.53330082233896],[135.90190244473234,35.53332269080412],[135.90194512088885,35.53387189055001],[135.9021437312787,35.533858530907004],[135.90210461047172,35.53330082233896]]]}},{"type":"Feature","properties":{"pid":"d767ef83-0d13-4465-97df-9d60aed26da1"},"geometry":{"type":"Polygon","coordinates":[[[135.90228369104818,35.53404877019591],[135.90234883943933,35.534869260043116],[135.90254727859156,35.53485899886355],[135.90247871882573,35.53403941985775],[135.90228369104818,35.53404877019591]]]}},{"type":"Feature","properties":{"pid":"8b559965-c399-4e4c-bbdb-5a22a1746d59"},"geometry":{"type":"Polygon","coordinates":[[[135.9026126829665,35.534030099102026],[135.90267777696806,35.53484749956956],[135.90274590539633,35.534843676392654],[135.9026729916211,35.53402723648606],[135.9026126829665,35.534030099102026]]]}},{"type":"Feature","properties":{"pid":"fe5f7fb3-42f9-4f13-88e9-ff2c861c93b7"},"geometry":{"type":"Polygon","coordinates":[[[135.90315332081425,35.53481967153127],[135.90308947632352,35.534005178030654],[135.90295491910848,35.534010960009745],[135.90301618845191,35.53482655442471],[135.90315332081425,35.53481967153127]]]}},{"type":"Feature","properties":{"pid":"f04ca889-379d-40b1-898f-ceaf7ee71272"},"geometry":{"type":"Polygon","coordinates":[[[135.9032766813423,35.5348150022536],[135.90328595201032,35.534814712824684],[135.90320896612147,35.534000085593725],[135.9032766813423,35.5348150022536]]]}},{"type":"Feature","properties":{"pid":"abbef294-8ded-4aac-af5a-6bf7c59b3306"},"geometry":{"type":"Polygon","coordinates":[[[135.90340654086378,35.53480867794794],[135.9035394647579,35.5347999939413],[135.90347602509115,35.53398976773822],[135.9033409003271,35.53399483746822],[135.90340654086378,35.53480867794794]]]}},{"type":"Feature","properties":{"pid":"8745550a-93e8-4af9-8e62-90a23bff047a"},"geometry":{"type":"Polygon","coordinates":[[[135.90254191347364,35.53324913244539],[135.9025963841891,35.533833954613876],[135.90279294771403,35.533822306835305],[135.90274632562284,35.53322896888502],[135.90254191347364,35.53324913244539]]]}},{"type":"Feature","properties":{"pid":"75f8697d-e134-48db-a353-61c153cbc97f"},"geometry":{"type":"Polygon","coordinates":[[[135.90293243305186,35.53320087350925],[135.9028787430695,35.533213762425696],[135.90292282421913,35.533815923940764],[135.90298130313903,35.533813506409274],[135.90293243305186,35.53320087350925]]]}},{"type":"Feature","properties":{"pid":"9f2aefdb-8ce5-4177-916b-6296873bc5c4"},"geometry":{"type":"Polygon","coordinates":[[[135.90307813668184,35.5331860599869],[135.90305226273912,35.533194876755886],[135.90309976239197,35.53380852369173],[135.9031307242938,35.533807194783954],[135.90307813668184,35.5331860599869]]]}},{"type":"Feature","properties":{"pid":"0b973427-49a9-47cb-ad00-f80607ab620c"},"geometry":{"type":"Polygon","coordinates":[[[135.9032104568151,35.53316901534453],[135.90325543486276,35.533801094785716],[135.90345704330824,35.5337896126181],[135.90339836218112,35.533150220150496],[135.9032104568151,35.53316901534453]]]}},{"type":"Feature","properties":{"pid":"2114db5c-9583-4128-b17c-d3f98eb40811"},"geometry":{"type":"Polygon","coordinates":[[[135.90352471170877,35.53313367207323],[135.9035934571574,35.533787305776215],[135.90379893311558,35.533776994975064],[135.9037491781229,35.53311210239089],[135.90352471170877,35.53313367207323]]]}},{"type":"Feature","properties":{"pid":"ebca8f25-3c96-4733-8586-3a26e3e2df88"},"geometry":{"type":"Polygon","coordinates":[[[135.90207847909247,35.53312211480056],[135.90194824141238,35.532322484676314],[135.90173248337246,35.53234210315466],[135.90185064679474,35.53314566196815],[135.90207847909247,35.53312211480056]]]}},{"type":"Feature","properties":{"pid":"0a749dc6-3509-4058-b450-996c0aa6ff20"},"geometry":{"type":"Polygon","coordinates":[[[135.90235720457548,35.53384853748921],[135.90230855925955,35.5332792648074],[135.9022320781436,35.533287388299186],[135.90227351123005,35.533852356371156],[135.90235720457548,35.53384853748921]]]}},{"type":"Feature","properties":{"pid":"99ac03b3-9c51-4314-9eae-e3b6c0fe5f56"},"geometry":{"type":"Polygon","coordinates":[[[135.90140547405423,35.5324144069832],[135.90147496867257,35.532715230278754],[135.90152485628593,35.533183602881735],[135.90172477960044,35.533160350635015],[135.90160778478707,35.53236121845394],[135.9015003889527,35.532373478919624],[135.90147119064343,35.53240657045631],[135.90140547405423,35.5324144069832]]]}},{"type":"Feature","properties":{"pid":"f67214e4-c1a4-4230-9fdc-093aa7bd3105"},"geometry":{"type":"Polygon","coordinates":[[[135.9014780917075,35.53221418121517],[135.9013229028426,35.53142477914804],[135.90092555367556,35.53147755704772],[135.9012951416429,35.53217444443275],[135.90136727492603,35.532221394826884],[135.9014780917075,35.53221418121517]]]}},{"type":"Feature","properties":{"pid":"5a1cc62a-fc86-4906-b5ee-946725ae462a"},"geometry":{"type":"Polygon","coordinates":[[[135.9023975759694,35.53307896418573],[135.90225546678099,35.53228418268283],[135.90208076153087,35.53230190647012],[135.902204888872,35.53310303089644],[135.9023975759694,35.53307896418573]]]}},{"type":"Feature","properties":{"pid":"ec9315a6-5e3b-4c3a-9ec2-5715fc2e9f06"},"geometry":{"type":"Polygon","coordinates":[[[135.9023876340038,35.532271249736084],[135.9025257597617,35.53305907658792],[135.90273270415463,35.53303733074156],[135.90259170021466,35.53224094275293],[135.9023876340038,35.532271249736084]]]}},{"type":"Feature","properties":{"pid":"cfd94b24-63aa-4189-b85a-faaf762a74a0"},"geometry":{"type":"Polygon","coordinates":[[[135.9028531219384,35.5330277837175],[135.90305122258846,35.53299870411154],[135.90292470683463,35.53220312708819],[135.90282983376053,35.53221255334657],[135.9028335199281,35.53225064719443],[135.90281571870426,35.53227703424608],[135.90272450563594,35.53229523522242],[135.9028531219384,35.5330277837175]]]}},{"type":"Feature","properties":{"pid":"b4497587-3e74-48cd-8a41-53f1ad103fdd"},"geometry":{"type":"Polygon","coordinates":[[[135.90321530359742,35.53297510516954],[135.90307838652092,35.53218429103597],[135.9030555696433,35.532186421182686],[135.90317749387842,35.53297853608898],[135.90321530359742,35.53297510516954]]]}},{"type":"Feature","properties":{"pid":"e884c1b1-1cf4-4476-95ab-1184c20ee209"},"geometry":{"type":"Polygon","coordinates":[[[135.90334252254402,35.53296146689111],[135.90337049224124,35.53295871624084],[135.90330865176557,35.532580003153896],[135.90324030656262,35.53216994406613],[135.9032128791816,35.5321732163672],[135.90334252254402,35.53296146689111]]]}},{"type":"Feature","properties":{"pid":"920d29f5-c1e0-4f85-91d2-0aca55b59ef2"},"geometry":{"type":"Polygon","coordinates":[[[135.90336335122112,35.53215120036586],[135.90350199226032,35.532948414132],[135.90371502069115,35.532924116008516],[135.90356513516033,35.53212949295445],[135.90336335122112,35.53215120036586]]]}},{"type":"Feature","properties":{"pid":"6cf2303d-f933-4514-93f5-6fe19151cf20"},"geometry":{"type":"Polygon","coordinates":[[[135.90268286911322,35.53206114813347],[135.90287749162962,35.532038639212736],[135.90272381786716,35.53124611486184],[135.90253160395363,35.53126810032649],[135.90268286911322,35.53206114813347]]]}},{"type":"Feature","properties":{"pid":"8d7cf740-eae1-4665-ab93-25c80484d4e7"},"geometry":{"type":"Polygon","coordinates":[[[135.90306936527332,35.531199943958704],[135.90285737449432,35.53122880293645],[135.90301212221172,35.53202764253286],[135.90322962903105,35.531999846304274],[135.90306936527332,35.531199943958704]]]}},{"type":"Feature","properties":{"pid":"8e8fa63d-4f21-4457-86f8-164425da5581"},"geometry":{"type":"Polygon","coordinates":[[[135.9033621841257,35.53198011116395],[135.90352673809866,35.53196141407919],[135.9033700550619,35.53116029128052],[135.9032033205987,35.531183286466934],[135.9033621841257,35.53198011116395]]]}},{"type":"Feature","properties":{"pid":"a64e8a91-dcf1-4a0a-bddd-602ed08c3ea1"},"geometry":{"type":"Polygon","coordinates":[[[135.90219627853907,35.53131273517957],[135.9023482987113,35.53210277108407],[135.9025464342922,35.53207988692352],[135.9023965644327,35.53128518512789],[135.90219627853907,35.53131273517957]]]}},{"type":"Feature","properties":{"pid":"a070aecc-3b70-4964-a641-3346abe8334e"},"geometry":{"type":"Polygon","coordinates":[[[135.90202385887778,35.532143443279764],[135.90221818660112,35.53211780405764],[135.9020678714965,35.53132637415806],[135.90187318775176,35.53135390405785],[135.90202385887778,35.532143443279764]]]}},{"type":"Feature","properties":{"pid":"a533e135-6ed4-406f-b528-fbfdb52543ca"},"geometry":{"type":"Polygon","coordinates":[[[135.90173298025368,35.53217768131002],[135.90189480358822,35.53215632955453],[135.90174441947207,35.53137088524772],[135.90157461796275,35.53139188480237],[135.90173298025368,35.53217768131002]]]}},{"type":"Feature","properties":{"pid":"16c983ca-2bc1-421a-8666-8065077ab26c"},"geometry":{"type":"Polygon","coordinates":[[[135.9007151586968,35.531075334318594],[135.90084552490407,35.531322119641246],[135.90106303895905,35.53129730639698],[135.90094614116583,35.53071052791886],[135.90077709386554,35.53089469085408],[135.9007151586968,35.531075334318594]]]}},{"type":"Feature","properties":{"pid":"729a629a-60ca-40cc-a567-0cf51414d7d5"},"geometry":{"type":"Polygon","coordinates":[[[135.90030949233756,35.52945658136092],[135.90072007762916,35.52940454548808],[135.90067068463037,35.52914760383379],[135.90042296642076,35.52932501637508],[135.90030949233756,35.52945658136092]]]}},{"type":"Feature","properties":{"pid":"8622cade-2e93-40cd-93da-b754f9a354c1"},"geometry":{"type":"Polygon","coordinates":[[[135.90078600760899,35.52906951225912],[135.90084680691703,35.52938921524164],[135.90102999179155,35.5293678293224],[135.90095366280693,35.528971027222404],[135.90078600760899,35.52906951225912]]]}},{"type":"Feature","properties":{"pid":"5bee685b-addf-4a65-a199-c24e21765e42"},"geometry":{"type":"Polygon","coordinates":[[[135.90066754243534,35.53041899767621],[135.9005158574286,35.52957918338719],[135.90049885563923,35.52958109926129],[135.90066754243534,35.53041899767621]]]}},{"type":"Feature","properties":{"pid":"76292d98-a8d6-4286-bf1c-769b4d60fb7a"},"geometry":{"type":"Polygon","coordinates":[[[135.9010661432223,35.5295082506083],[135.90064100288862,35.52956415988759],[135.90079351659782,35.53036308802497],[135.90119193447862,35.53016437256464],[135.9010661432223,35.5295082506083]]]}},{"type":"Feature","properties":{"pid":"44458b77-542c-40d4-b09e-091f78ab4397"},"geometry":{"type":"Polygon","coordinates":[[[135.90037464104697,35.529598628517874],[135.90022026116085,35.5296188074563],[135.9002145792047,35.52968614661465],[135.9003035331785,35.52985005746127],[135.90035730074507,35.530001422220344],[135.90046035260832,35.53051242733239],[135.90054620953734,35.53047462388563],[135.90037464104697,35.529598628517874]]]}},{"type":"Feature","properties":{"pid":"95a0c24e-7583-408e-9b01-41adfd02b975"},"geometry":{"type":"Polygon","coordinates":[[[135.90119242576185,35.53128266426504],[135.90145179579372,35.53125174704927],[135.90130798795497,35.53051396792224],[135.90106503693838,35.53062816885056],[135.90119242576185,35.53128266426504]]]}},{"type":"Feature","properties":{"pid":"92bafcc7-a7c8-4c6c-8865-449dd0b2cbbd"},"geometry":{"type":"Polygon","coordinates":[[[135.90142906889054,35.530472675677245],[135.90158158173517,35.53123595489845],[135.90173681940567,35.53121683353659],[135.90158023300052,35.530433288742856],[135.90142906889054,35.530472675677245]]]}},{"type":"Feature","properties":{"pid":"32c492a2-dfbf-403e-a986-593a76246ba1"},"geometry":{"type":"Polygon","coordinates":[[[135.9020543487091,35.531175629609315],[135.90191221700695,35.53038730018978],[135.90171387095452,35.530412224140996],[135.9018617672504,35.53120006857345],[135.9020543487091,35.531175629609315]]]}},{"type":"Feature","properties":{"pid":"564fb754-87c0-474a-9df8-b9a71e622264"},"geometry":{"type":"Polygon","coordinates":[[[135.90218773764028,35.5311540829337],[135.90236560974952,35.53113248223808],[135.90222537729736,35.53036119233227],[135.9020482053075,35.530375663573395],[135.90218773764028,35.5311540829337]]]}},{"type":"Feature","properties":{"pid":"85478c79-2057-4e6c-a2cf-a309d6922a59"},"geometry":{"type":"Polygon","coordinates":[[[135.90271873723984,35.531080803784604],[135.9025675224079,35.53032354185976],[135.90235520599,35.53034204051338],[135.90249754627868,35.53110948188658],[135.90271873723984,35.531080803784604]]]}},{"type":"Feature","properties":{"pid":"c8165eea-e62f-4f7b-bfd9-86c5cf438b8d"},"geometry":{"type":"Polygon","coordinates":[[[135.9026923320192,35.530290032087244],[135.90284728819307,35.53106964190171],[135.90304183892897,35.531043890101365],[135.9028758119966,35.530262073353434],[135.9026923320192,35.530290032087244]]]}},{"type":"Feature","properties":{"pid":"0d67f714-f421-424b-bcab-db75841ad178"},"geometry":{"type":"Polygon","coordinates":[[[135.9034077644449,35.53020387270667],[135.90338960073902,35.53021743433059],[135.90353958978804,35.530986215822615],[135.90377951271248,35.530952338077],[135.90362203932688,35.53017964776404],[135.9034077644449,35.53020387270667]]]}},{"type":"Feature","properties":{"pid":"c40b6526-2467-43af-b342-72cf7e80bc69"},"geometry":{"type":"Polygon","coordinates":[[[135.90317226915292,35.53102855538446],[135.90335760301843,35.531008825652656],[135.90334348137515,35.53092102162816],[135.90319899820693,35.530232357856626],[135.90301258475478,35.53024708448421],[135.90317226915292,35.53102855538446]]]}},{"type":"Feature","properties":{"pid":"9f91f226-4cc3-4f1d-85f3-75b8ff8fd12b"},"geometry":{"type":"Polygon","coordinates":[[[135.90268901520446,35.52932030450775],[135.90242410519318,35.529351072258635],[135.9025409376789,35.52993991625677],[135.90281589545214,35.529915875587335],[135.90268901520446,35.52932030450775]]]}},{"type":"Feature","properties":{"pid":"feb1ae22-d2a4-4fc5-bc6c-017274ec3724"},"geometry":{"type":"Polygon","coordinates":[[[135.90332984769535,35.52984890413567],[135.90356266175047,35.529816253374165],[135.90344901831958,35.529222891614175],[135.9032112794791,35.529251940234325],[135.90332984769535,35.52984890413567]]]}},{"type":"Feature","properties":{"pid":"78bdec4f-b8f7-4ed2-bbb4-cc0d8b5d04d4"},"geometry":{"type":"Polygon","coordinates":[[[135.90294548139494,35.52990765877905],[135.90314797219105,35.52987514606371],[135.9030225184702,35.52927557347159],[135.90281893756162,35.52930525780523],[135.90294548139494,35.52990765877905]]]}},{"type":"Feature","properties":{"pid":"b7c7f832-d99e-409f-b8ac-98d642081831"},"geometry":{"type":"Polygon","coordinates":[[[135.9022925049844,35.529368035063065],[135.90217019867524,35.52938422352573],[135.90228713152763,35.529982382668955],[135.90241237103308,35.52996309009468],[135.9022925049844,35.529368035063065]]]}},{"type":"Feature","properties":{"pid":"d3dcd16b-b377-49ae-a6c9-1b336cecae22"},"geometry":{"type":"Polygon","coordinates":[[[135.90203982542164,35.52939783652147],[135.9016846202386,35.529441757793776],[135.90179554440985,35.53004037266883],[135.90215622147701,35.52999899422745],[135.90203982542164,35.52939783652147]]]}},{"type":"Feature","properties":{"pid":"3bb8d4a0-f7d4-4952-b29b-523511ae0a00"},"geometry":{"type":"Polygon","coordinates":[[[135.90155584429104,35.529463170972235],[135.9014409901258,35.529478299640445],[135.90155361841005,35.53008338223092],[135.90166715657304,35.530063885564715],[135.90155584429104,35.529463170972235]]]}},{"type":"Feature","properties":{"pid":"89d35e54-7deb-42f5-b9b0-6f0b29181da7"},"geometry":{"type":"Polygon","coordinates":[[[135.90142879085974,35.530105425553735],[135.90131197153045,35.529489514201515],[135.90119962261556,35.52950287209025],[135.90132390899748,35.530125108544524],[135.90142879085974,35.530105425553735]]]}},{"type":"Feature","properties":{"pid":"20086a24-53c9-4023-94c7-5f7709c932f6"},"geometry":{"type":"Polygon","coordinates":[[[135.9015001812394,35.52861115964957],[135.90123196533915,35.52879380267565],[135.9013220535979,35.52932619910592],[135.90164117620145,35.52929002068067],[135.9015001812394,35.52861115964957]]]}},{"type":"Feature","properties":{"pid":"8d78afab-b469-4e39-a749-c8c9806ad3e1"},"geometry":{"type":"Polygon","coordinates":[[[135.90215833891875,35.52815343197201],[135.90201777449082,35.52825104327916],[135.90221399656204,35.52921242697362],[135.90235740137996,35.529197250330846],[135.90215833891875,35.52815343197201]]]}},{"type":"Feature","properties":{"pid":"8124de36-2b31-4087-987a-0d0a04af7505"},"geometry":{"type":"Polygon","coordinates":[[[135.9020744010007,35.52923417003261],[135.90189245127726,35.52834497400845],[135.90161949796646,35.528529632654845],[135.90177862304833,35.52927181488015],[135.9020744010007,35.52923417003261]]]}},{"type":"Feature","properties":{"pid":"923f6558-115a-4f02-bdd6-23550af7ad1d"},"geometry":{"type":"Polygon","coordinates":[[[135.90301914786343,35.528285196061944],[135.90317260388568,35.52909311097134],[135.90338882161396,35.529066246499696],[135.9032306088374,35.528260688261916],[135.90301914786343,35.528285196061944]]]}},{"type":"Feature","properties":{"pid":"99afb8e9-e194-441e-b20c-05779311bee2"},"geometry":{"type":"Polygon","coordinates":[[[135.90352331905288,35.529050592119205],[135.90369790263136,35.52903021844262],[135.90355473969373,35.52822092155791],[135.90337424154617,35.528239942999775],[135.90352331905288,35.529050592119205]]]}},{"type":"Feature","properties":{"pid":"fe58618b-46d8-4b0a-99f2-f1557f8831f9"},"geometry":{"type":"Polygon","coordinates":[[[135.9027311809268,35.52774779039469],[135.9025774711164,35.527851619651564],[135.90282140869556,35.52913685541805],[135.9029887950688,35.52912032083829],[135.9027311809268,35.52774779039469]]]}},{"type":"Feature","properties":{"pid":"15c5f664-aa5a-4919-b4c7-e778b39c7e23"},"geometry":{"type":"Polygon","coordinates":[[[135.9024444718377,35.52795280026799],[135.90229190038892,35.52806501936523],[135.90250103676823,35.529178947444045],[135.90267543230198,35.52915810452243],[135.9024444718377,35.52795280026799]]]}},{"type":"Feature","properties":{"pid":"314876b5-b945-4efe-b949-aaeec6121d3f"},"geometry":{"type":"Polygon","coordinates":[[[135.9028991706568,35.52766837720383],[135.90299099747426,35.52814046592934],[135.90339155684933,35.528091735538325],[135.90325383557587,35.52734995812584],[135.90303607211365,35.527561013841925],[135.9028991706568,35.52766837720383]]]}},{"type":"Feature","properties":{"pid":"9974c81d-b3a5-47d6-b6c3-c6d35c0bf17f"},"geometry":{"type":"Polygon","coordinates":[[[135.9034481402457,35.52726674945487],[135.90337326213088,35.5272751953198],[135.90351049817383,35.528040285554404],[135.90355914398071,35.52806237692459],[135.90360212607987,35.52805566188764],[135.9034481402457,35.52726674945487]]]}},{"type":"Feature","properties":{"pid":"1bfcc650-85a3-4ddd-b822-40f10a536ca1"},"geometry":{"type":"Polygon","coordinates":[[[135.90153446370664,35.527904790748714],[135.9015133462642,35.527653368585305],[135.90124730802805,35.52767422666395],[135.90129111838095,35.528072770983826],[135.90153446370664,35.527904790748714]]]}},{"type":"Feature","properties":{"pid":"44a8370d-632d-4b59-a522-3ac3e6041e69"},"geometry":{"type":"Polygon","coordinates":[[[135.90181690657738,35.52762700542584],[135.90164734009858,35.527642730820524],[135.90165962259013,35.52782354278755],[135.90182960666607,35.527712998931385],[135.90181690657738,35.52762700542584]]]}},{"type":"Feature","properties":{"pid":"c184af29-5ba9-424a-afd6-a748acced141"},"geometry":{"type":"Polygon","coordinates":[[[135.9017970703222,35.52752556542783],[135.9017859081313,35.52744805665665],[135.90080728212513,35.52751684686871],[135.90081583727206,35.52759789849784],[135.9017970703222,35.52752556542783]]]}},{"type":"Feature","properties":{"pid":"ef9fdf54-263f-4610-b177-df274288d725"},"geometry":{"type":"Polygon","coordinates":[[[135.89966868967971,35.52772885731746],[135.90064209356706,35.52766359374538],[135.90062508527498,35.52749478259462],[135.89963103024812,35.527563104087754],[135.899646946172,35.52771037851147],[135.89966868967971,35.52772885731746]]]}},{"type":"Feature","properties":{"pid":"c58066a1-30bc-4156-862c-4a8fb155f4a5"},"geometry":{"type":"Polygon","coordinates":[[[135.90067120778926,35.527937931897654],[135.90065206749733,35.52776259980608],[135.89965978920517,35.527829675870166],[135.89967918747868,35.52801076034927],[135.90067120778926,35.527937931897654]]]}},{"type":"Feature","properties":{"pid":"a3dfcb12-c874-4f3b-8778-50928d0e5c2a"},"geometry":{"type":"Polygon","coordinates":[[[135.89972423152184,35.52845319714619],[135.9007191464962,35.528388743756274],[135.90068440323756,35.52804129689935],[135.89968519160908,35.528113855570645],[135.89972423152184,35.52845319714619]]]}},{"type":"Feature","properties":{"pid":"ef473756-f5dd-4b9b-abd1-4bc4e9d2d898"},"geometry":{"type":"Polygon","coordinates":[[[135.9008275703134,35.527701939424084],[135.9008805259555,35.52835888374709],[135.90117338688765,35.52815819574732],[135.90112085163696,35.52768335781335],[135.9008275703134,35.527701939424084]]]}},{"type":"Feature","properties":{"pid":"64efb84b-d4f3-4379-8074-792af4cf3ee3"},"geometry":{"type":"Polygon","coordinates":[[[135.90110738633754,35.52888035247624],[135.90106735644522,35.528906687815294],[135.9011548230916,35.52934961266031],[135.90118913855903,35.52934563394772],[135.90110738633754,35.52888035247624]]]}},{"type":"Feature","properties":{"pid":"3f8dadc9-ab8c-41dd-8711-064bd005817c"},"geometry":{"type":"Polygon","coordinates":[[[135.89973661098773,35.52855993559831],[135.89974527800538,35.528616123640376],[135.90009794226475,35.52859374035633],[135.90060145136076,35.52855449797211],[135.90068750688624,35.52849364975012],[135.89973661098773,35.52855993559831]]]}},{"type":"Feature","properties":{"pid":"f7a43e1e-2c8a-46d9-9e12-df53d54f247b"},"geometry":{"type":"Polygon","coordinates":[[[135.89952665887904,35.526572152977664],[135.89955853194425,35.52658945546403],[135.90051680565898,35.52652332597153],[135.9005011457947,35.52636526859223],[135.89951228326814,35.52643266215132],[135.89952665887904,35.526572152977664]]]}},{"type":"Feature","properties":{"pid":"27381e10-b243-47b7-910c-ec638ceec57a"},"geometry":{"type":"Polygon","coordinates":[[[135.9006181512487,35.52581162567238],[135.9006359265715,35.525978584115535],[135.90161897250593,35.5259114526257],[135.90159898697195,35.525743984580856],[135.9006181512487,35.52581162567238]]]}},{"type":"Feature","properties":{"pid":"61fe94b4-b689-4453-9aa0-1bf44b5e466f"},"geometry":{"type":"Polygon","coordinates":[[[135.901645420043,35.52617672201037],[135.90162584588782,35.52601367474932],[135.90064973653998,35.52608303064615],[135.90066815311746,35.52624869197719],[135.901645420043,35.52617672201037]]]}},{"type":"Feature","properties":{"pid":"6921994e-1bc7-4e13-9184-9b1b1527aef5"},"geometry":{"type":"Polygon","coordinates":[[[135.8995812949348,35.5267968693529],[135.900541733761,35.52672979488853],[135.90051435681585,35.5266920242567],[135.89954614897835,35.52676126904779],[135.8995812949348,35.5267968693529]]]}},{"type":"Feature","properties":{"pid":"faeec7aa-57d3-4e70-9bbd-2f1b26d1f781"},"geometry":{"type":"Polygon","coordinates":[[[135.8995724759577,35.526985084855966],[135.89960768439659,35.52702012209564],[135.9005662188538,35.526952403804124],[135.90055270220026,35.52682766868078],[135.89956129364117,35.52689744313006],[135.8995724759577,35.526985084855966]]]}},{"type":"Feature","properties":{"pid":"eeab8a8d-b9d8-4574-a06f-b42cd3b3c4de"},"geometry":{"type":"Polygon","coordinates":[[[135.89961700149914,35.52743375970705],[135.8996574567454,35.52745826060382],[135.90061486480388,35.52739333173205],[135.9005769434528,35.527052117546845],[135.89958530585614,35.52712310071032],[135.89961700149914,35.52743375970705]]]}},{"type":"Feature","properties":{"pid":"cc8813fb-969e-431f-bd20-fa8dbfafac3f"},"geometry":{"type":"Polygon","coordinates":[[[135.90177051382346,35.52734770861054],[135.90174969622507,35.52715164375961],[135.9007837337849,35.527213952837585],[135.90080057841308,35.527409503943296],[135.90177051382346,35.52734770861054]]]}},{"type":"Feature","properties":{"pid":"c3682c4b-2126-426a-b2b6-7ed28c00bf22"},"geometry":{"type":"Polygon","coordinates":[[[135.90173750521,35.52704984103023],[135.90171820122933,35.52688059013608],[135.90074976007287,35.52694932161796],[135.9007667553425,35.5271136484885],[135.90173750521,35.52704984103023]]]}},{"type":"Feature","properties":{"pid":"57112c1f-3b1a-4cde-8fac-987669963f66"},"geometry":{"type":"Polygon","coordinates":[[[135.90074895638108,35.52667475279821],[135.900718874409,35.5267029326432],[135.90073645917138,35.5268511784481],[135.90170412104828,35.52677884599264],[135.90168337686723,35.5266149096887],[135.90074895638108,35.52667475279821]]]}},{"type":"Feature","properties":{"pid":"6bbbfc70-e7e1-4b3f-83c9-a1648436ab62"},"geometry":{"type":"Polygon","coordinates":[[[135.90188119715665,35.52659437806412],[135.90189866940983,35.52682845772175],[135.90289464546711,35.526757975887136],[135.90296296791792,35.526668351965384],[135.90274817077764,35.526567658456564],[135.90244377425557,35.526556397103256],[135.90188119715665,35.52659437806412]]]}},{"type":"Feature","properties":{"pid":"296ff4ab-0087-4ec4-99b0-bc26e94df8b0"},"geometry":{"type":"Polygon","coordinates":[[[135.90275061110808,35.52697235784923],[135.90282622026965,35.52686162678891],[135.90190686286573,35.526926956052186],[135.90191791711368,35.52702795099727],[135.90275061110808,35.52697235784923]]]}},{"type":"Feature","properties":{"pid":"833499c3-c34d-413c-87aa-8668bd03de25"},"geometry":{"type":"Polygon","coordinates":[[[135.90193488520114,35.527129300966735],[135.90198811099637,35.52761124739973],[135.90262039349028,35.527161384016615],[135.90267209539743,35.527078364498806],[135.90193488520114,35.527129300966735]]]}},{"type":"Feature","properties":{"pid":"701bce66-73c0-4419-a1fc-cecba21259a0"},"geometry":{"type":"Polygon","coordinates":[[[135.90299894215627,35.5260448447593],[135.9030320715142,35.526353690340116],[135.90320753486677,35.526406876158006],[135.903278257416,35.52634350296371],[135.90351977567354,35.52600664006965],[135.90299894215627,35.5260448447593]]]}},{"type":"Feature","properties":{"pid":"87c5a822-a656-4ca4-bc62-d193aeaff41e"},"geometry":{"type":"Polygon","coordinates":[[[135.90359506723277,35.52590161718272],[135.90377153759889,35.52565383513724],[135.90296284650742,35.525713289267024],[135.9029880119308,35.52594294713878],[135.90359506723277,35.52590161718272]]]}},{"type":"Feature","properties":{"pid":"a8018b13-65a4-47c0-9154-361bad91e2aa"},"geometry":{"type":"Polygon","coordinates":[[[135.9017989482548,35.525899248988935],[135.90279177137828,35.525830643627515],[135.90277380779906,35.52565797761984],[135.90178520119568,35.52573076713819],[135.9017989482548,35.525899248988935]]]}},{"type":"Feature","properties":{"pid":"be6fb935-9e70-4dea-a143-d3f928205943"},"geometry":{"type":"Polygon","coordinates":[[[135.90281852293165,35.52609467869893],[135.90280177970078,35.52592939785123],[135.90181117283905,35.525999095715186],[135.90182922902443,35.52616833220081],[135.90281852293165,35.52609467869893]]]}},{"type":"Feature","properties":{"pid":"3291b5b5-25dc-49f8-848b-3196423d2ec8"},"geometry":{"type":"Polygon","coordinates":[[[135.9018398917919,35.526268277062464],[135.9018575033269,35.526433357599416],[135.90284428681764,35.52634896481005],[135.9028292830915,35.52620088849336],[135.9018398917919,35.526268277062464]]]}},{"type":"Feature","properties":{"pid":"ab474008-2fd0-4dc9-90c5-c6b78bb6f921"},"geometry":{"type":"Polygon","coordinates":[[[135.90067948254668,35.52635064152552],[135.9006964776756,35.526503640324286],[135.9007118034604,35.5265138487108],[135.9016694979972,35.526436938031736],[135.90165480971288,35.5262813163911],[135.90067948254668,35.52635064152552]]]}},{"type":"Feature","properties":{"pid":"eac62044-46fe-482e-b70b-fcd55cbdf869"},"geometry":{"type":"Polygon","coordinates":[[[135.90270734153023,35.52502230944283],[135.90268961771622,35.52485280214805],[135.9017043246805,35.52492252768715],[135.90172124566092,35.525091589413535],[135.90270734153023,35.52502230944283]]]}},{"type":"Feature","properties":{"pid":"1434b7e1-7f8b-4441-849c-d4c4a1bdfdeb"},"geometry":{"type":"Polygon","coordinates":[[[135.90273555602758,35.525292130236686],[135.90271777070112,35.5251220492158],[135.90173108230587,35.52518988197127],[135.90174825426394,35.52536150854169],[135.90273555602758,35.525292130236686]]]}},{"type":"Feature","properties":{"pid":"4f464b61-c8e8-4aac-ba19-b6a0e53a8750"},"geometry":{"type":"Polygon","coordinates":[[[135.90276370250737,35.52556131074466],[135.902746113218,35.5253930945582],[135.90175823948147,35.525461308495004],[135.90177501418893,35.525628948318065],[135.90276370250737,35.52556131074466]]]}},{"type":"Feature","properties":{"pid":"9facacb3-157f-4ef5-8018-358b9c85bb61"},"geometry":{"type":"Polygon","coordinates":[[[135.90365939013643,35.52536945058559],[135.90292965831685,35.52542098662132],[135.90294740755985,35.52557729677364],[135.90373734042035,35.525524988229485],[135.90365939013643,35.52536945058559]]]}},{"type":"Feature","properties":{"pid":"521e32ff-6d84-4d5e-92b5-279b5f66e715"},"geometry":{"type":"Polygon","coordinates":[[[135.90361149694075,35.5252738743061],[135.90360369599932,35.52525830543764],[135.9029168845878,35.52530848987378],[135.90291837002414,35.52532157328689],[135.90361149694075,35.5252738743061]]]}},{"type":"Feature","properties":{"pid":"2d3aeac3-de68-4b5b-a16c-858732918a48"},"geometry":{"type":"Polygon","coordinates":[[[135.90335026135887,35.524735751449285],[135.90286011080846,35.52477107965364],[135.90290988244357,35.525203106852324],[135.90356005832174,35.52515838171044],[135.90335026135887,35.524735751449285]]]}},{"type":"Feature","properties":{"pid":"ea7246ba-7cce-46dc-ac57-03cc70ae9b15"},"geometry":{"type":"Polygon","coordinates":[[[135.90330670020538,35.52463577802348],[135.90301634440542,35.52404472859542],[135.90278494436862,35.52406145663992],[135.90284811935925,35.52466700348639],[135.90330670020538,35.52463577802348]]]}},{"type":"Feature","properties":{"pid":"15ed0a87-4f6b-4863-91b8-871fe7d8c2b2"},"geometry":{"type":"Polygon","coordinates":[[[135.90160092131777,35.52400182041818],[135.9026480735996,35.52392491359966],[135.90294456713414,35.523904749689656],[135.9028633798304,35.52375373560701],[135.90158526054455,35.52384363838949],[135.90160092131777,35.52400182041818]]]}},{"type":"Feature","properties":{"pid":"591c8adf-58e7-4a21-b256-8ba59538d1cc"},"geometry":{"type":"Polygon","coordinates":[[[135.90262745178234,35.52425426587032],[135.9026036416913,35.52402971939778],[135.9016147639346,35.524098795515584],[135.90163676131425,35.52432761602134],[135.90262745178234,35.52425426587032]]]}},{"type":"Feature","properties":{"pid":"8c93f7b8-c959-45e9-a9cb-30741a5abff9"},"geometry":{"type":"Polygon","coordinates":[[[135.90166164400165,35.52455119128372],[135.9026506030724,35.52447959937301],[135.90263960827815,35.52436013760342],[135.90164850749977,35.52442815989455],[135.90166164400165,35.52455119128372]]]}},{"type":"Feature","properties":{"pid":"9f94977d-e92c-4b6f-9e3d-a6083f749383"},"geometry":{"type":"Polygon","coordinates":[[[135.90169367620703,35.52481989003153],[135.90267894386494,35.52475070819168],[135.90266162943053,35.52458510254896],[135.90167653017622,35.52465462624857],[135.90169367620703,35.52481989003153]]]}},{"type":"Feature","properties":{"pid":"4db56b8f-0aa6-4f60-b25c-c40735610093"},"geometry":{"type":"Polygon","coordinates":[[[135.90141289159368,35.523944424988855],[135.9004351761747,35.52401425988519],[135.900442782232,35.524088737409286],[135.90142146102275,35.52402154871525],[135.90141289159368,35.523944424988855]]]}},{"type":"Feature","properties":{"pid":"c9a778c2-0769-47d4-8d43-6a0a2ba145ef"},"geometry":{"type":"Polygon","coordinates":[[[135.9014489892009,35.52428689180716],[135.9014295820416,35.524126020454254],[135.90045358774492,35.52419459184353],[135.90046913062577,35.52435536009523],[135.9014489892009,35.52428689180716]]]}},{"type":"Feature","properties":{"pid":"c7c5bc36-9792-458c-acf3-0faee4134f50"},"geometry":{"type":"Polygon","coordinates":[[[135.9014797533153,35.52455758320783],[135.90146006607648,35.52439187863065],[135.90048527595442,35.5244624786853],[135.90050724632192,35.524624356348376],[135.9014797533153,35.52455758320783]]]}},{"type":"Feature","properties":{"pid":"0dac9391-bc6b-4f37-ac24-a5ea6f3935ae"},"geometry":{"type":"Polygon","coordinates":[[[135.9015062063889,35.52482978019392],[135.90149044292605,35.52466376241262],[135.90051580144728,35.524729793227905],[135.90053395466407,35.524896164099815],[135.9015062063889,35.52482978019392]]]}},{"type":"Feature","properties":{"pid":"dca8295f-b121-4440-b5a9-1fddf3fd9bc0"},"geometry":{"type":"Polygon","coordinates":[[[135.90152933817794,35.52510258421983],[135.9015128717129,35.52493247753129],[135.9005446804446,35.5250002548853],[135.9005594441244,35.52517031484525],[135.90152933817794,35.52510258421983]]]}},{"type":"Feature","properties":{"pid":"9bd53e8b-58bb-4640-9b5a-e37ee6ec680f"},"geometry":{"type":"Polygon","coordinates":[[[135.90156414041147,35.52536725344624],[135.90154146131604,35.52519945602246],[135.9005680649135,35.525266606335684],[135.90058596089563,35.52543666612332],[135.90156414041147,35.52536725344624]]]}},{"type":"Feature","properties":{"pid":"e085fe84-a96e-4338-b1b6-b9a46d003248"},"geometry":{"type":"Polygon","coordinates":[[[135.90059445610973,35.525539294221765],[135.90060898067983,35.52571237876078],[135.9015914610051,35.525643470771165],[135.9015745038533,35.52547000098591],[135.90059445610973,35.525539294221765]]]}},{"type":"Feature","properties":{"pid":"aca4645d-bfdf-4a2d-8fd6-554bccf9e0d1"},"geometry":{"type":"Polygon","coordinates":[[[135.91009298991392,35.52609017165835],[135.91018085620894,35.526099071939605],[135.9101473093181,35.525869245327506],[135.9100716045327,35.52587529396869],[135.91009298991392,35.52609017165835]]]}},{"type":"Feature","properties":{"pid":"4f3f9153-1207-4438-9f21-627ef64b1496"},"geometry":{"type":"Polygon","coordinates":[[[135.91051037744438,35.5262219462326],[135.91038882971714,35.526231552105614],[135.91040030270187,35.52635205682917],[135.91052484901365,35.52634735924039],[135.91051037744438,35.5262219462326]]]}},{"type":"Feature","properties":{"pid":"7ba7913b-e63f-4672-8259-11156cb3688d"},"geometry":{"type":"Polygon","coordinates":[[[135.9096695111855,35.52610088146581],[135.9097982375636,35.526120827544425],[135.9097808838734,35.526053294024095],[135.90967961811006,35.52605208641691],[135.9096695111855,35.52610088146581]]]}},{"type":"Feature","properties":{"pid":"47b9ba52-c4c7-4374-bdc2-70c12afbb363"},"geometry":{"type":"Polygon","coordinates":[[[135.90978668105708,35.52627445712432],[135.90984326778255,35.526221564570356],[135.90957470637835,35.52618985561191],[135.90956974022092,35.52620569110277],[135.90969167844986,35.52627999416059],[135.90978668105708,35.52627445712432]]]}},{"type":"Feature","properties":{"pid":"2bd5605f-f53d-4ca2-86f1-9c5d6f5bf863"},"geometry":{"type":"Polygon","coordinates":[[[135.91003306251,35.52532540326275],[135.91017772688235,35.5253058764784],[135.91018673372585,35.52524097796977],[135.9100477079726,35.52524180333069],[135.91003306251,35.52532540326275]]]}},{"type":"Feature","properties":{"pid":"b944e6d2-7c91-4ff3-bc8d-2beb0af1897f"},"geometry":{"type":"Polygon","coordinates":[[[135.9105090819782,35.52523884003381],[135.91048795761657,35.52531217970369],[135.91056694893518,35.52530900151873],[135.91059213102596,35.525236213427206],[135.9105090819782,35.52523884003381]]]}},{"type":"Feature","properties":{"pid":"27452e81-8cc0-46f6-8580-bd025e50dec8"},"geometry":{"type":"Polygon","coordinates":[[[135.9100723791881,35.52393022062956],[135.91001675668676,35.52410399123173],[135.9100463433183,35.52411012268339],[135.91010017543388,35.52405681194493],[135.91026028633073,35.52404261895712],[135.91024609009864,35.52397122557744],[135.9100723791881,35.52393022062956]]]}},{"type":"Feature","properties":{"pid":"586311e8-aba1-4c05-b7f5-fc2a84a5062e"},"geometry":{"type":"Polygon","coordinates":[[[135.90971289531203,35.52433686346158],[135.90980938755288,35.52434687975044],[135.9098535191341,35.52414359255451],[135.9099388407018,35.52389846021642],[135.90981535886667,35.5238782378225],[135.90971289531203,35.52433686346158]]]}},{"type":"Feature","properties":{"pid":"31cf1b41-2f10-4550-ae72-106a18480f81"},"geometry":{"type":"Polygon","coordinates":[[[135.90909365955463,35.5240862367183],[135.9091974680202,35.52411929115407],[135.90922370699977,35.5238094038992],[135.90923844149742,35.5237817270828],[135.90927658944688,35.5237674710768],[135.9095532348583,35.52378059865722],[135.9095869915385,35.523683172966244],[135.90931002333528,35.52365665316966],[135.90911999991988,35.52365790895081],[135.90909365955463,35.5240862367183]]]}},{"type":"Feature","properties":{"pid":"2f4d1a3e-1689-4854-a1b6-c1ac437838d3"},"geometry":{"type":"Polygon","coordinates":[[[135.9087464578944,35.52433430735087],[135.90888619184597,35.52435871093089],[135.9089566411917,35.52418518669009],[135.90893428289561,35.524147513400436],[135.90895363170708,35.52364948705779],[135.908796684145,35.523640591980985],[135.9087464578944,35.52433430735087]]]}},{"type":"Feature","properties":{"pid":"4d4534bf-511e-4fb0-864c-fe62f5e4a992"},"geometry":{"type":"Polygon","coordinates":[[[135.90822581346006,35.524321919125406],[135.90826039976108,35.52432431343328],[135.9082975401962,35.5236314486314],[135.90825856104232,35.52362732168334],[135.90822581346006,35.524321919125406]]]}},{"type":"Feature","properties":{"pid":"a93bc606-31ba-411c-9fa2-f0f22088af6f"},"geometry":{"type":"Polygon","coordinates":[[[135.90858712819679,35.52433205646925],[135.9086281560471,35.52364188561832],[135.90843579011528,35.52363482081083],[135.90840275548985,35.52432318870708],[135.90858712819679,35.52433205646925]]]}},{"type":"Feature","properties":{"pid":"255f0762-0031-4b76-84e4-9c5a37da8531"},"geometry":{"type":"Polygon","coordinates":[[[135.90807728161076,35.524309350916674],[135.90809321783448,35.52430936338849],[135.9080966901672,35.52427846007562],[135.908127151194,35.52362363732013],[135.90811312197303,35.523623262456795],[135.90807728161076,35.524309350916674]]]}},{"type":"Feature","properties":{"pid":"4a5b92da-c8c5-4d6d-844a-9f29792d1f30"},"geometry":{"type":"Polygon","coordinates":[[[135.90773748916462,35.52428917231215],[135.9078001105586,35.52431496812931],[135.90792882294798,35.524318270723604],[135.90796365183223,35.523616369853336],[135.90777165806546,35.52361111284594],[135.90773748916462,35.52428917231215]]]}},{"type":"Feature","properties":{"pid":"2d4ed167-1937-4c6a-89c6-4e34dae94617"},"geometry":{"type":"Polygon","coordinates":[[[135.9084538128922,35.52482206206092],[135.90859364698966,35.52483723278395],[135.90867161706373,35.524711022390356],[135.9087720391989,35.524486591700196],[135.908622714077,35.52450503180256],[135.90846312208868,35.52450280031901],[135.9084538128922,35.52482206206092]]]}},{"type":"Feature","properties":{"pid":"d5f81dc3-fde9-4e2f-9bd4-8dbdcb9a3d53"},"geometry":{"type":"Polygon","coordinates":[[[135.90844704379413,35.52505420898491],[135.9084893192267,35.52504304124386],[135.90854546587238,35.52493323796426],[135.9084508654862,35.524923147163896],[135.90844704379413,35.52505420898491]]]}},{"type":"Feature","properties":{"pid":"1505cfe5-94fa-462c-a4a3-fcb42c9e4bc3"},"geometry":{"type":"Polygon","coordinates":[[[135.90867407570548,35.52503546502916],[135.9087865455634,35.525042857346044],[135.90880105609645,35.52497969976538],[135.90871124654734,35.52496595521489],[135.90867407570548,35.52503546502916]]]}},{"type":"Feature","properties":{"pid":"b02dafdf-982f-4ef7-b822-5ef5b7e166e0"},"geometry":{"type":"Polygon","coordinates":[[[135.90768946273502,35.52547561243338],[135.9078601765994,35.52548056908185],[135.90786581317352,35.52521162812231],[135.90769731598834,35.52521310376783],[135.90768946273502,35.52547561243338]]]}},{"type":"Feature","properties":{"pid":"e2c24e99-4ae9-4690-8b3c-1f59591c0a87"},"geometry":{"type":"Polygon","coordinates":[[[135.9080728857701,35.52506459905564],[135.9082945046333,35.52504895267342],[135.90831837178592,35.52448792882889],[135.9080884932006,35.52448506872538],[135.9080728857701,35.52506459905564]]]}},{"type":"Feature","properties":{"pid":"85972682-6152-4a2e-a744-ac07022c8b18"},"geometry":{"type":"Polygon","coordinates":[[[135.90772386762424,35.52449718007351],[135.90770002302528,35.52506009055281],[135.90793355239865,35.52505325896247],[135.9079489931761,35.52447831633039],[135.90780739400884,35.524478109541995],[135.90772386762424,35.52449718007351]]]}},{"type":"Feature","properties":{"pid":"8a916b0f-cc7c-4fb2-82f3-ff62cde94c11"},"geometry":{"type":"Polygon","coordinates":[[[135.90720855372055,35.52445094686945],[135.90718953916428,35.52504436528609],[135.90749278632703,35.525043938768626],[135.9075236309995,35.52445989771599],[135.90720855372055,35.52445094686945]]]}},{"type":"Feature","properties":{"pid":"70b2094d-99f1-4a9e-af43-b94ff5ce61a5"},"geometry":{"type":"Polygon","coordinates":[[[135.90705223095048,35.52444774779229],[135.9070399624556,35.525039885210525],[135.90705694581257,35.52503959597787],[135.90707192245597,35.52444799194485],[135.90705223095048,35.52444774779229]]]}},{"type":"Feature","properties":{"pid":"c64d0f5b-1e71-4b11-aeeb-febc3b4fecb4"},"geometry":{"type":"Polygon","coordinates":[[[135.9071530427546,35.52577810607602],[135.9074660950701,35.52578833548009],[135.907488766007,35.52520919395116],[135.90717961062558,35.52519077764997],[135.9071530427546,35.52577810607602]]]}},{"type":"Feature","properties":{"pid":"ce6f3086-8a12-4e66-8e85-8ef57cf8f956"},"geometry":{"type":"Polygon","coordinates":[[[135.90701181919465,35.52577857049544],[135.90704129797888,35.52519667979857],[135.90674203900818,35.52518024158035],[135.9067117778633,35.52577329670587],[135.90701181919465,35.52577857049544]]]}},{"type":"Feature","properties":{"pid":"a13ffa87-5ee3-43e2-9827-3b69a3191672"},"geometry":{"type":"Polygon","coordinates":[[[135.90657229504617,35.52577256171617],[135.90660189600345,35.525193160945825],[135.90630444567878,35.52518053302919],[135.90627806550918,35.525762302007365],[135.90657229504617,35.52577256171617]]]}},{"type":"Feature","properties":{"pid":"ee40ec72-f495-47d2-a467-03cb77c030b2"},"geometry":{"type":"Polygon","coordinates":[[[135.90688143242235,35.52504225412721],[135.9068980657846,35.524445435115325],[135.90676366260337,35.52444274765238],[135.90675580829242,35.52504268892085],[135.90688143242235,35.52504225412721]]]}},{"type":"Feature","properties":{"pid":"acb13d9b-03b1-4124-8133-557f07e37e21"},"geometry":{"type":"Polygon","coordinates":[[[135.90663092845497,35.52444073016244],[135.90632687115672,35.524431124984375],[135.9063030213909,35.52503378686479],[135.90662488244064,35.52503625807047],[135.90663092845497,35.52444073016244]]]}},{"type":"Feature","properties":{"pid":"b6f9ae2c-e8a4-45e1-9e04-bc4af87bc5a6"},"geometry":{"type":"Polygon","coordinates":[[[135.90721111239904,35.524302860441146],[135.90751615509274,35.524309061577256],[135.90756618280554,35.523607149378435],[135.90724715970723,35.52358599102],[135.90721111239904,35.524302860441146]]]}},{"type":"Feature","properties":{"pid":"f86bf643-2b0f-4da6-a16d-5586b37663b6"},"geometry":{"type":"Polygon","coordinates":[[[135.90705988606146,35.524295020115694],[135.90710368074286,35.52359017133899],[135.90681130269869,35.523574812506375],[135.9067799489575,35.52428723855676],[135.90705988606146,35.524295020115694]]]}},{"type":"Feature","properties":{"pid":"93abb68c-739d-4704-8849-f72f6a9b7b3b"},"geometry":{"type":"Polygon","coordinates":[[[135.9066412972483,35.52428683868868],[135.90666716011316,35.52357718161165],[135.90638277065733,35.52355877311327],[135.90633482600066,35.52427912183586],[135.9066412972483,35.52428683868868]]]}},{"type":"Feature","properties":{"pid":"b38c425a-aeea-4623-8452-b72d2daaf223"},"geometry":{"type":"Polygon","coordinates":[[[135.9058824485169,35.52426636054152],[135.9061902994341,35.524275991376065],[135.90623820423005,35.52356516463594],[135.9059303558903,35.52355553379037],[135.9058824485169,35.52426636054152]]]}},{"type":"Feature","properties":{"pid":"70a8caf5-8ef2-427c-ada1-13e11d1a5f95"},"geometry":{"type":"Polygon","coordinates":[[[135.90540811053037,35.525002461067885],[135.9054231183124,35.52501538316099],[135.90570904313344,35.52501879711729],[135.90572813144075,35.524414857198316],[135.90542907661913,35.524410179432614],[135.90540811053037,35.525002461067885]]]}},{"type":"Feature","properties":{"pid":"7e63fb16-f94a-4003-8f12-bdcfd843b0ab"},"geometry":{"type":"Polygon","coordinates":[[[135.9051098831244,35.524999302587425],[135.90528228515083,35.5250072385337],[135.90530431890525,35.52440778436409],[135.9051291519627,35.52440474805705],[135.9051098831244,35.524999302587425]]]}},{"type":"Feature","properties":{"pid":"b620a78d-6d94-4212-9770-6fb6f38fe081"},"geometry":{"type":"Polygon","coordinates":[[[135.90532546286917,35.52425295105845],[135.9057411895614,35.524267759776585],[135.90579193476964,35.523551540599684],[135.9053603934136,35.52353307594533],[135.90532546286917,35.52425295105845]]]}},{"type":"Feature","properties":{"pid":"094cbae9-4a9c-4952-bd6d-c031f01cdf38"},"geometry":{"type":"Polygon","coordinates":[[[135.9042360760933,35.524229914914315],[135.90436238386394,35.52392738433742],[135.9044316184246,35.52381926777336],[135.90397449020213,35.52378745434044],[135.9039851320262,35.52395767410684],[135.9042360760933,35.524229914914315]]]}},{"type":"Feature","properties":{"pid":"c9b4276f-cb95-4b0a-a4b6-4153325b5096"},"geometry":{"type":"Polygon","coordinates":[[[135.90457098374554,35.524980391465675],[135.90459733127273,35.524999044216315],[135.90469585296202,35.525001757065965],[135.90471139151683,35.52441383952029],[135.90463797617062,35.524470108655315],[135.9045763278252,35.5245807896928],[135.90456241420853,35.52466030959068],[135.90457098374554,35.524980391465675]]]}},{"type":"Feature","properties":{"pid":"44330a55-1253-471c-9f43-e7dcef8dba10"},"geometry":{"type":"Polygon","coordinates":[[[135.90483100328996,35.5243993325288],[135.90481636687437,35.52500453210188],[135.904988033633,35.525007552057076],[135.90500700078135,35.52440257146238],[135.90483100328996,35.5243993325288]]]}},{"type":"Feature","properties":{"pid":"6ca687c9-05e7-4efc-8e16-433c32b6ab67"},"geometry":{"type":"Polygon","coordinates":[[[135.9039046988996,35.52455065194473],[135.90376026285884,35.52459859219647],[135.9040373633105,35.52515223460453],[135.90405170868593,35.52493558490211],[135.904019204911,35.524750710793015],[135.90396899967854,35.52461775663997],[135.9039046988996,35.52455065194473]]]}},{"type":"Feature","properties":{"pid":"a46d7793-8e07-4462-8ef2-efe271e6d6a7"},"geometry":{"type":"Polygon","coordinates":[[[135.9043209416751,35.52571925624486],[135.90481957381093,35.525728242651596],[135.90483640482998,35.525145924316085],[135.90457250336186,35.525139647889105],[135.90456793031896,35.52520268601267],[135.90452492479025,35.525230525469375],[135.9045202457261,35.525322653625146],[135.9043677754469,35.52559806396963],[135.9043209416751,35.52571925624486]]]}},{"type":"Feature","properties":{"pid":"4779c8b3-c2d1-46b1-8a77-6276c0675b82"},"geometry":{"type":"Polygon","coordinates":[[[135.90495027532367,35.52572530895517],[135.90526401035385,35.52573200138792],[135.9052860543003,35.52515480010477],[135.9049627870703,35.525148416169934],[135.90495027532367,35.52572530895517]]]}},{"type":"Feature","properties":{"pid":"544ebf6c-cdd3-4a75-b9da-5598c7e6e560"},"geometry":{"type":"Polygon","coordinates":[[[135.9053866713917,35.52574045884735],[135.90568372395583,35.52575053799834],[135.90570044226158,35.52516972619686],[135.90540394548805,35.52515838187543],[135.9053866713917,35.52574045884735]]]}},{"type":"Feature","properties":{"pid":"fe9f442a-8107-4e33-9ebe-53914f42f319"},"geometry":{"type":"Polygon","coordinates":[[[135.90619137092634,35.52442354749827],[135.9058737403256,35.52442140515932],[135.90583953959498,35.52502638095523],[135.90616421514332,35.52503037725791],[135.90619137092634,35.52442354749827]]]}},{"type":"Feature","properties":{"pid":"75ab5d2c-bbe7-47cd-91b4-49b3ef3e9884"},"geometry":{"type":"Polygon","coordinates":[[[135.9061366185485,35.52576160176343],[135.90616619274445,35.525177663588686],[135.90583639730426,35.525165856564605],[135.90581640367998,35.525751197411154],[135.9061366185485,35.52576160176343]]]}},{"type":"Feature","properties":{"pid":"b5aa5bde-4ea4-4cd1-8130-e2c86c7649a1"},"geometry":{"type":"Polygon","coordinates":[[[135.90583249294917,35.52649022320506],[135.90612944654902,35.526484670721345],[135.90614363348695,35.52591005159056],[135.9058367196938,35.525908771781026],[135.90583249294917,35.52649022320506]]]}},{"type":"Feature","properties":{"pid":"6171f28a-aa15-446e-9015-7eebecd2a46d"},"geometry":{"type":"Polygon","coordinates":[[[135.90570834336177,35.52590269761224],[135.90538151614714,35.52589171888661],[135.90536711915576,35.52648174252107],[135.90569411739878,35.52648350269338],[135.90570834336177,35.52590269761224]]]}},{"type":"Feature","properties":{"pid":"0248ee1c-5b1a-40fa-a92b-3c417c673ec4"},"geometry":{"type":"Polygon","coordinates":[[[135.90510339593789,35.52647871907546],[135.9052380608478,35.52647770712257],[135.9052538388563,35.5258871100777],[135.90509035123702,35.52588354437599],[135.90507384817204,35.52645195392531],[135.90510339593789,35.52647871907546]]]}},{"type":"Feature","properties":{"pid":"e0ec8464-43d0-497c-b0e2-44b99070f781"},"geometry":{"type":"Polygon","coordinates":[[[135.904089434215,35.526078894336436],[135.90391485082205,35.5263463930731],[135.90382712873216,35.52647962911418],[135.90430317217454,35.526506724150174],[135.904089434215,35.526078894336436]]]}},{"type":"Feature","properties":{"pid":"ef79c9b3-941d-4ccc-a58c-b55eb7078535"},"geometry":{"type":"Polygon","coordinates":[[[135.90466867854096,35.52647910505116],[135.9049453662876,35.52648059155567],[135.90496394119936,35.52588085120297],[135.90438730767733,35.52586994850523],[135.90466867854096,35.52647910505116]]]}},{"type":"Feature","properties":{"pid":"5d37601c-3826-4114-a6fe-d2c5e69fd3a5"},"geometry":{"type":"Polygon","coordinates":[[[135.9042728571107,35.52700204896584],[135.9043664167927,35.52699027232089],[135.90435112439852,35.526926809802156],[135.90430274080325,35.526868057446286],[135.90423805274398,35.52683248898412],[135.9042728571107,35.52700204896584]]]}},{"type":"Feature","properties":{"pid":"2f134771-debd-4b79-89d7-4088296e8c98"},"geometry":{"type":"Polygon","coordinates":[[[135.90411409544257,35.52682813343],[135.90378527350538,35.52681453586388],[135.90356961719206,35.52684428134451],[135.90339946065146,35.52710677922643],[135.90414890670223,35.52701412415547],[135.90411409544257,35.52682813343]]]}},{"type":"Feature","properties":{"pid":"8c8db12b-b752-49d5-9157-df229aad95f6"},"geometry":{"type":"Polygon","coordinates":[[[135.90489827162654,35.526835662305544],[135.90502816327353,35.52715150180043],[135.90519890209444,35.527486401669854],[135.90522049154288,35.526837723581586],[135.90489827162654,35.526835662305544]]]}},{"type":"Feature","properties":{"pid":"586c9691-b4fa-4a61-8eda-6712f61103a2"},"geometry":{"type":"Polygon","coordinates":[[[135.90564982143047,35.52749668133843],[135.905668968481,35.52683042024012],[135.9053631325108,35.5268128827524],[135.9053382767777,35.527492463277476],[135.90564982143047,35.52749668133843]]]}},{"type":"Feature","properties":{"pid":"45108bd7-e3cb-45e2-8c19-f362e0e3dd50"},"geometry":{"type":"Polygon","coordinates":[[[135.9060860726552,35.5275095019034],[135.90611642773874,35.52682401682352],[135.9058180341288,35.52680564873497],[135.90579189256908,35.52749841084663],[135.9060860726552,35.5275095019034]]]}},{"type":"Feature","properties":{"pid":"1d23ba46-8d2d-4639-99b4-0b542e8541c6"},"geometry":{"type":"Polygon","coordinates":[[[135.90653694339204,35.52751629191353],[135.90656537629334,35.52682913963776],[135.90627086791056,35.52681034530234],[135.90623320581054,35.527505124252066],[135.90653694339204,35.52751629191353]]]}},{"type":"Feature","properties":{"pid":"37e74021-b395-4f6d-98a4-c958cc7c0c86"},"geometry":{"type":"Polygon","coordinates":[[[135.90697976319305,35.52751322057538],[135.9070012553904,35.52682941305197],[135.9067101809305,35.526817209025566],[135.90668112791496,35.527508151128536],[135.90697976319305,35.52751322057538]]]}},{"type":"Feature","properties":{"pid":"aa777352-44be-490c-840b-ce22db6190c8"},"geometry":{"type":"Polygon","coordinates":[[[135.90712499473554,35.5275033979075],[135.90738337457006,35.527511993206765],[135.90742721070725,35.526858259323014],[135.90738166793972,35.526825538253505],[135.9071478797167,35.526829147482545],[135.90712499473554,35.5275033979075]]]}},{"type":"Feature","properties":{"pid":"de85ce57-0e1e-4639-b167-1f6acf4c62e4"},"geometry":{"type":"Polygon","coordinates":[[[135.90670337454205,35.52650259318265],[135.90701509565187,35.52649983663874],[135.90702290382742,35.52592824846814],[135.9067224955118,35.52592560981826],[135.90670337454205,35.52650259318265]]]}},{"type":"Feature","properties":{"pid":"c581d209-f6a6-4d3a-928e-e198dd35864a"},"geometry":{"type":"Polygon","coordinates":[[[135.90626223790886,35.526500374095114],[135.9065464803022,35.52649465053887],[135.90657115666332,35.525916969119315],[135.90628128701687,35.525914749155135],[135.90626223790886,35.526500374095114]]]}},{"type":"Feature","properties":{"pid":"27348867-3b9b-4669-996e-e8d72499c76b"},"geometry":{"type":"Polygon","coordinates":[[[135.90714761218766,35.52651327725335],[135.90742163919558,35.526504396903945],[135.90745358927927,35.526240691035966],[135.9074623770823,35.52593323281577],[135.90716000564274,35.52592948792789],[135.90714761218766,35.52651327725335]]]}},{"type":"Feature","properties":{"pid":"8bef8edc-edee-409a-9f20-537d31af76fd"},"geometry":{"type":"Polygon","coordinates":[[[135.90765026767826,35.52615745082178],[135.9076436957617,35.52625095465286],[135.90771801566336,35.52625165432378],[135.90771794865987,35.52622160144693],[135.90776102479686,35.52616097958128],[135.90765026767826,35.52615745082178]]]}},{"type":"Feature","properties":{"pid":"be019c92-ff19-49a5-b0d2-ca6caf259c60"},"geometry":{"type":"Polygon","coordinates":[[[135.90766113543876,35.52605779058812],[135.90784281328763,35.52606248240865],[135.90791774110957,35.525953413098534],[135.90776134396285,35.52594158739246],[135.90766266544685,35.52596362033427],[135.90766113543876,35.52605779058812]]]}},{"type":"Feature","properties":{"pid":"0353daa8-97e4-4052-a2dd-d38e79075e88"},"geometry":{"type":"Polygon","coordinates":[[[135.90762102270008,35.52728803691497],[135.90805961023793,35.52730857690626],[135.90799647927093,35.527250388252256],[135.9077042055347,35.527177432329204],[135.90762094885312,35.5271772512673],[135.90762102270008,35.52728803691497]]]}},{"type":"Feature","properties":{"pid":"386d2b18-e4f4-4890-b989-226fb845733b"},"geometry":{"type":"Polygon","coordinates":[[[135.90832478694787,35.52764984837967],[135.908322502744,35.52769119127733],[135.90848790511214,35.5276983673413],[135.9084920436412,35.52767241104708],[135.90832478694787,35.52764984837967]]]}},{"type":"Feature","properties":{"pid":"5ea0ddfb-66fd-44da-ade0-917d61670789"},"geometry":{"type":"Polygon","coordinates":[[[135.9081231453269,35.52741669875317],[135.9076204802804,35.52738891353374],[135.9076190985531,35.527523538642214],[135.90814411150438,35.52754456352129],[135.90813984764907,35.527452908308874],[135.9081231453269,35.52741669875317]]]}},{"type":"Feature","properties":{"pid":"6f6f278c-ff97-400a-a36d-d5fbd70d31d5"},"geometry":{"type":"Polygon","coordinates":[[[135.908030368258,35.52833128445517],[135.90809695226227,35.528332484838764],[135.90812315711017,35.52769260605299],[135.90804585294498,35.52769199363389],[135.908030368258,35.52833128445517]]]}},{"type":"Feature","properties":{"pid":"7eb7610a-9576-4748-9c4e-977577d54113"},"geometry":{"type":"Polygon","coordinates":[[[135.90757441449716,35.52831533404121],[135.90790309780652,35.528313562696525],[135.9079142601232,35.527684872733325],[135.90760641351008,35.527684068939976],[135.90757441449716,35.52831533404121]]]}},{"type":"Feature","properties":{"pid":"8cd35a97-29fc-4e83-a38c-660ef7933a9b"},"geometry":{"type":"Polygon","coordinates":[[[135.90824351954157,35.52785790395299],[135.90822322180333,35.528335150430266],[135.90852079797983,35.528335583040295],[135.90859943782337,35.52830494761377],[135.9085604018434,35.528183074032235],[135.90841927380177,35.52804828610399],[135.90835640300222,35.52785998562037],[135.90824351954157,35.52785790395299]]]}},{"type":"Feature","properties":{"pid":"996076e1-e4b2-4af7-a60a-5ed41a60fcba"},"geometry":{"type":"Polygon","coordinates":[[[135.90826526011926,35.52906078813637],[135.90843898422312,35.52906533190825],[135.90844634996142,35.52868549330731],[135.90851670585502,35.52857246004886],[135.9083648995677,35.52850193632999],[135.90828748250746,35.528497859068715],[135.90826526011926,35.52906078813637]]]}},{"type":"Feature","properties":{"pid":"b651c2c0-e10c-4cfa-a54e-625d3ba8cc87"},"geometry":{"type":"Polygon","coordinates":[[[135.90803444825363,35.52848591394564],[135.90802695651766,35.529051199298394],[135.90813544277424,35.52905186873712],[135.9081572980776,35.52849214710039],[135.90803444825363,35.52848591394564]]]}},{"type":"Feature","properties":{"pid":"a2d34d7d-e220-4937-96e8-b05aac9e298b"},"geometry":{"type":"Polygon","coordinates":[[[135.9078839020225,35.52904518256848],[135.90789897450642,35.528499790771214],[135.90758453392408,35.52848776322615],[135.90756872889418,35.52903487856129],[135.9078839020225,35.52904518256848]]]}},{"type":"Feature","properties":{"pid":"bb3c69c9-5d3f-4171-995a-148d9367c45a"},"geometry":{"type":"Polygon","coordinates":[[[135.90691813279932,35.52847005095302],[135.90688693940965,35.52848642538592],[135.9068841774785,35.52900980123896],[135.90734386231122,35.529036064101],[135.90737511536992,35.52901297264896],[135.90737337635377,35.52849234985561],[135.90691813279932,35.52847005095302]]]}},{"type":"Feature","properties":{"pid":"7577c99b-4352-464a-8e82-a474b5cbddaa"},"geometry":{"type":"Polygon","coordinates":[[[135.90662762550858,35.52902580031265],[135.9067282359668,35.52902683187115],[135.90674325804727,35.52847816325687],[135.9066736070974,35.52847408413311],[135.90663793854762,35.52849349179322],[135.90662762550858,35.52902580031265]]]}},{"type":"Feature","properties":{"pid":"35e112dd-1ad8-471e-969e-69423bcf4e42"},"geometry":{"type":"Polygon","coordinates":[[[135.9061952784234,35.52846981131197],[135.90618489477106,35.52902561185528],[135.90648917816176,35.52903153757557],[135.90649922972258,35.528469552204584],[135.90622422421012,35.52845188808917],[135.9061952784234,35.52846981131197]]]}},{"type":"Feature","properties":{"pid":"efd3f62d-3548-4976-a0f3-a8b2fe96ae45"},"geometry":{"type":"Polygon","coordinates":[[[135.90618899800626,35.52826019630235],[135.9062156139477,35.52828827920282],[135.90651531363136,35.52828704526945],[135.90652488479918,35.527654399097095],[135.90620614206415,35.527647075939356],[135.90618899800626,35.52826019630235]]]}},{"type":"Feature","properties":{"pid":"3f3bdbd1-8fab-4dbd-88b8-1014239f9e68"},"geometry":{"type":"Polygon","coordinates":[[[135.90667072275278,35.52829831866022],[135.90694578482731,35.528295888620164],[135.90696045548646,35.52766152157099],[135.90665265787496,35.52765578627158],[135.90664486450873,35.528273507896444],[135.90667072275278,35.52829831866022]]]}},{"type":"Feature","properties":{"pid":"5cb7416c-a07f-48c5-840c-9bd09d949464"},"geometry":{"type":"Polygon","coordinates":[[[135.90707531027007,35.528288682292704],[135.907097860543,35.52830440054154],[135.90738787047354,35.52830521560907],[135.90739930404098,35.527670646627975],[135.90709402321687,35.52766499790166],[135.90707531027007,35.528288682292704]]]}},{"type":"Feature","properties":{"pid":"6d286bb4-b97f-4211-9039-7ace74ff5c8a"},"geometry":{"type":"Polygon","coordinates":[[[135.90599326352333,35.52827393862445],[135.90606167197376,35.52827928594359],[135.90607704089692,35.5276441527785],[135.90601326128103,35.52764273760858],[135.90599326352333,35.52827393862445]]]}},{"type":"Feature","properties":{"pid":"6a177d52-f108-408f-b98b-ef41cef6c7e2"},"geometry":{"type":"Polygon","coordinates":[[[135.90575140870598,35.52826925145476],[135.90586859993027,35.528279791731244],[135.90588886852188,35.52764006244198],[135.90576900351243,35.527637588037564],[135.90575140870598,35.52826925145476]]]}},{"type":"Feature","properties":{"pid":"a8271eab-377e-4b47-8967-298866030b29"},"geometry":{"type":"Polygon","coordinates":[[[135.90564322851384,35.52763570556448],[135.90520611603748,35.52763827669438],[135.9054149825849,35.52820168168411],[135.90545270051646,35.52826571662612],[135.9056265570357,35.528262989128045],[135.90564322851384,35.52763570556448]]]}},{"type":"Feature","properties":{"pid":"5bd443ad-4d01-4285-b9ee-f0f2a8dedfcc"},"geometry":{"type":"Polygon","coordinates":[[[135.9043489115377,35.52796349199282],[135.90453488143444,35.527941924526004],[135.90438432214452,35.527154531217064],[135.90420873798763,35.52718034653529],[135.9043489115377,35.52796349199282]]]}},{"type":"Feature","properties":{"pid":"f81c789b-d5fa-4080-9040-0a7aae7b5ac5"},"geometry":{"type":"Polygon","coordinates":[[[135.9045243350561,35.52713805020939],[135.90451357429393,35.527140325285984],[135.90466453273518,35.52791243501414],[135.90484571777364,35.52789424125671],[135.90473832568688,35.527612204076775],[135.9045243350561,35.52713805020939]]]}},{"type":"Feature","properties":{"pid":"7f4b7e6b-7395-4e34-9a30-9e8f0b9307dd"},"geometry":{"type":"Polygon","coordinates":[[[135.9038734369422,35.52721283249557],[135.9040135629104,35.52800532879864],[135.90421797035162,35.52797930234519],[135.9040641444549,35.527193471841905],[135.9038734369422,35.52721283249557]]]}},{"type":"Feature","properties":{"pid":"ff1168e5-e79c-4d57-800c-e5c713d35acd"},"geometry":{"type":"Polygon","coordinates":[[[135.90374073805188,35.52803960048579],[135.90388325745093,35.52801953723013],[135.90373759061046,35.5272279039656],[135.90358446003495,35.52724837720575],[135.90374073805188,35.52803960048579]]]}},{"type":"Feature","properties":{"pid":"43afa6b3-898e-4f56-84d3-36d241bfb353"},"geometry":{"type":"Polygon","coordinates":[[[135.90472911501192,35.52807169800419],[135.90486864165933,35.52887235826826],[135.90518117142938,35.52883986351885],[135.90505015659153,35.528518913199704],[135.90501072113744,35.52832947585841],[135.9049170710007,35.52805012098026],[135.90472911501192,35.52807169800419]]]}},{"type":"Feature","properties":{"pid":"0acd67e7-4da1-4a8d-98ea-ae816e778034"},"geometry":{"type":"Polygon","coordinates":[[[135.90453864958255,35.52809573162836],[135.90468252457637,35.528904502667906],[135.9047422226159,35.52889741642862],[135.90459851112095,35.52808902810209],[135.90453864958255,35.52809573162836]]]}},{"type":"Feature","properties":{"pid":"a82b2888-3d3c-41de-918c-83610a14a265"},"geometry":{"type":"Polygon","coordinates":[[[135.90437851142337,35.52894197456454],[135.90454384682369,35.52892047055524],[135.90441119966826,35.52811575597323],[135.90422640574965,35.528135508599895],[135.90437851142337,35.52894197456454]]]}},{"type":"Feature","properties":{"pid":"424283e3-7fef-4cba-9287-dea09e1c55bb"},"geometry":{"type":"Polygon","coordinates":[[[135.9037000195644,35.52820405923177],[135.90384587996712,35.529008755494885],[135.9039236899682,35.52899967006481],[135.90376923693742,35.52819287430524],[135.9037000195644,35.52820405923177]]]}},{"type":"Feature","properties":{"pid":"61edc4a3-bfb5-401d-b1d2-5b923cfec5d4"},"geometry":{"type":"Polygon","coordinates":[[[135.90405466300712,35.52898273915521],[135.90425369330762,35.52895778320053],[135.90409830116542,35.52815007740034],[135.90389833787378,35.528174417898214],[135.90405466300712,35.52898273915521]]]}},{"type":"Feature","properties":{"pid":"3f8a1b6c-08e1-4cc5-a094-14999876151f"},"geometry":{"type":"Polygon","coordinates":[[[135.9054946265012,35.528424801588365],[135.9056661992514,35.52890237684067],[135.9056824126204,35.52890486453897],[135.90569665650057,35.52843173780862],[135.9054946265012,35.528424801588365]]]}},{"type":"Feature","properties":{"pid":"3814f7db-4c56-41b1-9626-c5a7b2079d31"},"geometry":{"type":"Polygon","coordinates":[[[135.9058159032839,35.528450575500585],[135.90580262057395,35.528933333741065],[135.90604534530362,35.529000700124456],[135.9060600456484,35.52846183225116],[135.90582780363732,35.528440660252016],[135.9058159032839,35.528450575500585]]]}},{"type":"Feature","properties":{"pid":"3201fd3c-20c9-430b-914e-d6b021aa679d"},"geometry":{"type":"Polygon","coordinates":[[[135.90572226213774,35.529224985537496],[135.9057612834292,35.529382696306925],[135.90596971630242,35.52934561497652],[135.90596320083384,35.52931829799584],[135.90588945204482,35.529272312437946],[135.90572226213774,35.529224985537496]]]}},{"type":"Feature","properties":{"pid":"1ebd2a1e-1ca8-4361-8303-8283b95d58a4"},"geometry":{"type":"Polygon","coordinates":[[[135.90599260597827,35.52944153433552],[135.9057928404968,35.52947791766742],[135.9058139096101,35.52955359990943],[135.90601229531418,35.52952404248741],[135.90599260597827,35.52944153433552]]]}},{"type":"Feature","properties":{"pid":"ee87a0e8-7082-438c-9b04-78b5c6e07738"},"geometry":{"type":"Polygon","coordinates":[[[135.9051755087312,35.52901243948663],[135.9052857275545,35.52961070201413],[135.90543982253251,35.529585033901625],[135.9053864712547,35.52946462394932],[135.90524132521418,35.52900352547115],[135.9051755087312,35.52901243948663]]]}},{"type":"Feature","properties":{"pid":"bb7a0d59-06ce-4967-b451-9feddc470a54"},"geometry":{"type":"Polygon","coordinates":[[[135.9045744467632,35.52908992682551],[135.90468958557645,35.529681607191854],[135.90516095515386,35.52962580182493],[135.9050508911121,35.52902247913292],[135.9045744467632,35.52908992682551]]]}},{"type":"Feature","properties":{"pid":"fc99e38c-22eb-43ca-a36a-8335552d7058"},"geometry":{"type":"Polygon","coordinates":[[[135.90358701190314,35.5292059798873],[135.90370071815073,35.52980020827205],[135.90414805396284,35.52975817140499],[135.90402139936833,35.52914827344071],[135.90358701190314,35.5292059798873]]]}},{"type":"Feature","properties":{"pid":"462f63fa-a0cf-40af-ae18-ea1b6765b863"},"geometry":{"type":"Polygon","coordinates":[[[135.90415942833374,35.52913842079355],[135.90427582355989,35.52973939787896],[135.90456160916372,35.52970331636355],[135.90444473940045,35.5290992373403],[135.90415942833374,35.52913842079355]]]}},{"type":"Feature","properties":{"pid":"2cc84284-8e34-4189-a81f-d53351c6c700"},"geometry":{"type":"Polygon","coordinates":[[[135.9047209788541,35.53003157861372],[135.90488513071068,35.53080737379939],[135.90506900746186,35.53078479450806],[135.90491205235196,35.530012075330205],[135.9047209788541,35.53003157861372]]]}},{"type":"Feature","properties":{"pid":"cc331744-58bc-416b-8b06-ba890011ada1"},"geometry":{"type":"Polygon","coordinates":[[[135.90442692088118,35.530076720942006],[135.90457973633897,35.53084888339838],[135.9047581444794,35.53082451741973],[135.9045907368132,35.530046815810955],[135.90445289164657,35.530059500336606],[135.90442692088118,35.530076720942006]]]}},{"type":"Feature","properties":{"pid":"2babb66e-0b5e-4c3c-95af-8ba00afc2602"},"geometry":{"type":"Polygon","coordinates":[[[135.90420700365024,35.53089289050459],[135.90445562553512,35.53086456592084],[135.9042948870633,35.53008463856515],[135.90405417865168,35.53011920398131],[135.90420700365024,35.53089289050459]]]}},{"type":"Feature","properties":{"pid":"3df4e67f-0a5c-4cc5-9188-5b8633d8202e"},"geometry":{"type":"Polygon","coordinates":[[[135.9040768652232,35.53091046903499],[135.9039195805694,35.53014089234294],[135.90375434400352,35.53016264934852],[135.90390914321142,35.53093081815938],[135.9040768652232,35.53091046903499]]]}},{"type":"Feature","properties":{"pid":"d9217121-b11f-4194-bb5a-8fc043fc181d"},"geometry":{"type":"Polygon","coordinates":[[[135.90506451067398,35.529986592549704],[135.90504690070298,35.53000382997016],[135.90519988405865,35.53076839013431],[135.90550195498926,35.53073293180757],[135.90534161335134,35.52993536534918],[135.90506451067398,35.529986592549704]]]}},{"type":"Feature","properties":{"pid":"ebd82d97-c41d-4d68-82ec-acae8d2648b6"},"geometry":{"type":"Polygon","coordinates":[[[135.90547123386108,35.52992049084169],[135.9056287910433,35.53071357557394],[135.90575342232606,35.53069839332639],[135.90553670488708,35.52991860057727],[135.90547123386108,35.52992049084169]]]}},{"type":"Feature","properties":{"pid":"82dc1834-cd4f-4fd2-b5e4-edf9391b9133"},"geometry":{"type":"Polygon","coordinates":[[[135.90589957652642,35.5298798772071],[135.9060161650541,35.53032182474632],[135.90604225813203,35.53031622589707],[135.90592632319513,35.52987505789383],[135.90589957652642,35.5298798772071]]]}},{"type":"Feature","properties":{"pid":"71136186-a284-41d4-a3e4-e734e67e6247"},"geometry":{"type":"Polygon","coordinates":[[[135.90609240072698,35.52984851491902],[135.90620885215895,35.53029072196029],[135.90635357733575,35.53026588455239],[135.9062439355299,35.529818230921286],[135.90609240072698,35.52984851491902]]]}},{"type":"Feature","properties":{"pid":"d5c5ce6e-3bee-4018-8a59-bc467158a4e7"},"geometry":{"type":"Polygon","coordinates":[[[135.906147211607,35.53090853187278],[135.90617514875882,35.53090417533583],[135.90611604666785,35.5306789521687],[135.9060870646648,35.53068420940303],[135.906147211607,35.53090853187278]]]}},{"type":"Feature","properties":{"pid":"67fcde73-5492-4658-a4b1-aa3eedf3aa1f"},"geometry":{"type":"Polygon","coordinates":[[[135.90636839680968,35.530407486322034],[135.90625242092315,35.53042596908241],[135.90635575105892,35.53087597960047],[135.90648761975575,35.530851030686996],[135.90636839680968,35.530407486322034]]]}},{"type":"Feature","properties":{"pid":"effad1b0-811f-4679-930c-8a39e668ae2a"},"geometry":{"type":"Polygon","coordinates":[[[135.90666295036795,35.53081368724884],[135.90655750691874,35.53037593746769],[135.906492824412,35.530387277784],[135.9066065910805,35.53082774570927],[135.90666295036795,35.53081368724884]]]}},{"type":"Feature","properties":{"pid":"034cd1aa-e86b-4dcc-8ce1-3aafdc0967bc"},"geometry":{"type":"Polygon","coordinates":[[[135.90669104325096,35.53034985573851],[135.90667568961743,35.53035196145757],[135.9067895643153,35.530788480954605],[135.90680118833805,35.53078755771684],[135.90669104325096,35.53034985573851]]]}},{"type":"Feature","properties":{"pid":"3938c4d5-41db-41e1-ae54-b57206841705"},"geometry":{"type":"Polygon","coordinates":[[[135.9069262982584,35.53076842377016],[135.90725063587092,35.53070976763875],[135.90714034782377,35.53026933803783],[135.90681509438218,35.53032785835695],[135.9069262982584,35.53076842377016]]]}},{"type":"Feature","properties":{"pid":"9ddd0784-608e-4e15-9708-1b3d55511b00"},"geometry":{"type":"Polygon","coordinates":[[[135.90715973968503,35.5299888562312],[135.9071992571743,35.53015915217753],[135.9072401011011,35.530163833361684],[135.9072677072966,35.53019117401573],[135.90734337893372,35.53052066958671],[135.90739872729745,35.530510910764086],[135.9072706783294,35.5299992201692],[135.90715973968503,35.5299888562312]]]}},{"type":"Feature","properties":{"pid":"0956591d-f9bb-4152-9411-5f5669356906"},"geometry":{"type":"Polygon","coordinates":[[[135.90750342239198,35.529998886412905],[135.9074505431379,35.53001909338398],[135.9075183815398,35.53029799332649],[135.90765485656433,35.530280724351286],[135.90763584606165,35.529986415985256],[135.90750342239198,35.529998886412905]]]}},{"type":"Feature","properties":{"pid":"72ba78c6-1dea-456c-81d1-59ec2cc05c46"},"geometry":{"type":"Polygon","coordinates":[[[135.9064608278256,35.52978243747511],[135.9063715875342,35.52979718994733],[135.9064793260013,35.53024241636099],[135.9065739346969,35.530225977605724],[135.9064608278256,35.52978243747511]]]}},{"type":"Feature","properties":{"pid":"24804b7a-77b5-4236-b699-b86aa6fc13b6"},"geometry":{"type":"Polygon","coordinates":[[[135.90682132349028,35.53018422165426],[135.9067328115631,35.5298082059486],[135.9066792240235,35.529778980790795],[135.9065929161823,35.52978050595987],[135.9066989597,35.530205571118096],[135.90682132349028,35.53018422165426]]]}},{"type":"Feature","properties":{"pid":"2cbddb4d-0c53-4110-806a-2d6f6983dc8f"},"geometry":{"type":"Polygon","coordinates":[[[135.90642539319248,35.52934364454597],[135.90661455432905,35.529456170865984],[135.90691413417102,35.52949630685292],[135.9069242005141,35.529181372605066],[135.90645197841823,35.52917260127789],[135.90642539319248,35.52934364454597]]]}},{"type":"Feature","properties":{"pid":"bf732edc-14fb-4d22-b489-eed619659b92"},"geometry":{"type":"Polygon","coordinates":[[[135.90694742527762,35.5301645374105],[135.90706865605586,35.53014368299123],[135.9070196452158,35.529943994936986],[135.90688187987678,35.529889547761556],[135.90694742527762,35.5301645374105]]]}},{"type":"Feature","properties":{"pid":"d16316e5-1bbd-494b-84a1-bfab019258e5"},"geometry":{"type":"Polygon","coordinates":[[[135.9075434942162,35.5294421836032],[135.90758753646477,35.529441170229475],[135.90759278381964,35.529206798798434],[135.9075520366292,35.52920638649386],[135.9075434942162,35.5294421836032]]]}},{"type":"Feature","properties":{"pid":"6e21fbe6-240c-4d5b-9a17-7f20b9d55d16"},"geometry":{"type":"Polygon","coordinates":[[[135.90800352869874,35.529213479938484],[135.9079896510144,35.52962142884495],[135.90819410980544,35.52962383105775],[135.90816362586975,35.529211484297726],[135.90800352869874,35.529213479938484]]]}},{"type":"Feature","properties":{"pid":"79583947-19ab-4d04-ad14-e4e21b03ebc5"},"geometry":{"type":"Polygon","coordinates":[[[135.90834738191458,35.52947429812968],[135.90837120548278,35.52948243807406],[135.90841925666368,35.52946169534564],[135.9084467383859,35.52941714310977],[135.9084548889116,35.529388264676676],[135.9084199338882,35.52937493222209],[135.90840394163214,35.529346797900565],[135.90843623634143,35.529217875970566],[135.90835142529718,35.529214878685224],[135.90834738191458,35.52947429812968]]]}},{"type":"Feature","properties":{"pid":"c51c03c3-4d8c-4143-9e4a-d788a05008e0"},"geometry":{"type":"Polygon","coordinates":[[[135.90818864838008,35.53015459207874],[135.90829958768492,35.53014127097564],[135.9082948265483,35.53005605346028],[135.9082408379532,35.530048177782525],[135.90818864838008,35.53015459207874]]]}},{"type":"Feature","properties":{"pid":"0f5b91cb-77a0-4d56-a2fc-1331ce2de8f5"},"geometry":{"type":"Polygon","coordinates":[[[135.90777102313828,35.52998610841582],[135.90778662088206,35.53025482099394],[135.90787217221637,35.53022852454215],[135.9078690613592,35.529994915351324],[135.90777102313828,35.52998610841582]]]}},{"type":"Feature","properties":{"pid":"1fbd0d59-89ec-4667-98fe-9caa00e37ebe"},"geometry":{"type":"Polygon","coordinates":[[[135.90797339220947,35.530326110609536],[135.90802211171518,35.53061696600448],[135.9080906355711,35.530616288000466],[135.90801671593678,35.5303129359894],[135.90797339220947,35.530326110609536]]]}},{"type":"Feature","properties":{"pid":"9dc7c206-c627-42e1-a027-55733488f5a3"},"geometry":{"type":"Polygon","coordinates":[[[135.9079028743258,35.5306237309361],[135.90789104936357,35.530554821168295],[135.90776743747915,35.53056044861506],[135.90777169877438,35.53062603169026],[135.9079028743258,35.5306237309361]]]}},{"type":"Feature","properties":{"pid":"fe23e372-67a8-4d64-ab24-5179b887aa1b"},"geometry":{"type":"Polygon","coordinates":[[[135.90754791490593,35.530412011187146],[135.90760523342195,35.530649493676655],[135.90765032638427,35.53064176941368],[135.90765303092562,35.53039784744938],[135.90754791490593,35.530412011187146]]]}},{"type":"Feature","properties":{"pid":"c68076f2-054a-4364-9b85-3a1d50f6e175"},"geometry":{"type":"Polygon","coordinates":[[[135.90987758522334,35.53017396181451],[135.90993938603862,35.53019555202139],[135.9099749286012,35.53011542198182],[135.90991689525302,35.53008826440238],[135.90987758522334,35.53017396181451]]]}},{"type":"Feature","properties":{"pid":"538bbaa1-c17e-46cc-99d4-b61acc3c9cc0"},"geometry":{"type":"Polygon","coordinates":[[[135.91053922059322,35.530643094710214],[135.91063844618085,35.53063711859435],[135.91075314828905,35.530658709887994],[135.91079855112636,35.53068512430795],[135.91090671774876,35.53069366955795],[135.91092567767353,35.53058039874488],[135.91055425571722,35.530557615947906],[135.91053922059322,35.530643094710214]]]}},{"type":"Feature","properties":{"pid":"1819ba6a-97a6-40b1-8930-f19572972817"},"geometry":{"type":"Polygon","coordinates":[[[135.91032036515935,35.52993401108438],[135.9103295588754,35.52995428379142],[135.91039567186897,35.52997827545039],[135.91043600151016,35.530100996834726],[135.91048705279584,35.530123297691844],[135.9105383026167,35.53011796527308],[135.9105181268118,35.52991436108325],[135.91035678575895,35.52991960200227],[135.91032036515935,35.52993401108438]]]}},{"type":"Feature","properties":{"pid":"2d908f98-cddb-4e4e-a6ca-d96277796a70"},"geometry":{"type":"Polygon","coordinates":[[[135.9101871667448,35.52984177206739],[135.91023246440685,35.529827658224804],[135.91022657902104,35.529672952759555],[135.91017569627522,35.52967277016354],[135.9101871667448,35.52984177206739]]]}},{"type":"Feature","properties":{"pid":"55e95a02-3163-45c3-a431-dc3a3eaf2ab8"},"geometry":{"type":"Polygon","coordinates":[[[135.91064089652943,35.52986154749286],[135.9106430962122,35.53003099688824],[135.9106634414532,35.53008031325547],[135.9109956133592,35.530066731638705],[135.91091532747095,35.52997863516935],[135.91076149719936,35.52997934017387],[135.9107285992847,35.52996697815048],[135.91071217087514,35.52994060270751],[135.91070701784085,35.529842696183316],[135.91064089652943,35.52986154749286]]]}},{"type":"Feature","properties":{"pid":"08dcc03a-f2d9-42b9-8b16-785d33ee36e1"},"geometry":{"type":"Polygon","coordinates":[[[135.9101348654206,35.5294564868409],[135.9101577055338,35.529539382913846],[135.9102475595036,35.52953875022743],[135.91025279658368,35.529481421583334],[135.91030182682502,35.52945907208018],[135.91029419322416,35.52942667137761],[135.9101348654206,35.5294564868409]]]}},{"type":"Feature","properties":{"pid":"a6d7411e-25a3-4072-a1bc-30ebe9749c9a"},"geometry":{"type":"Polygon","coordinates":[[[135.91007948587767,35.529271035027854],[135.9101054135148,35.529360431428366],[135.91033887010545,35.52931078967611],[135.91037671264914,35.529324086179344],[135.91039713761276,35.52936043972848],[135.91050176733842,35.52935320696083],[135.91051224170167,35.52930188651309],[135.91054261787448,35.529278666758096],[135.91007948587767,35.529271035027854]]]}},{"type":"Feature","properties":{"pid":"4d610575-b101-43c6-b3f2-35ecd661c10f"},"geometry":{"type":"Polygon","coordinates":[[[135.90939887346164,35.52913075365492],[135.90939040891234,35.52932838566719],[135.90956684931672,35.529331288814824],[135.90958108021863,35.52928257924955],[135.9095822437838,35.529141316224056],[135.90939887346164,35.52913075365492]]]}},{"type":"Feature","properties":{"pid":"e126ce50-f4ca-44df-bbfa-01d27e2034c8"},"geometry":{"type":"Polygon","coordinates":[[[135.9100705815395,35.529871288702296],[135.91005670179598,35.52967234306468],[135.90989878771066,35.52967246404707],[135.90991550415788,35.52987472569001],[135.9100705815395,35.529871288702296]]]}},{"type":"Feature","properties":{"pid":"b0571582-de54-4ca9-88b8-c36227a87a3a"},"geometry":{"type":"Polygon","coordinates":[[[135.90923433006492,35.52966270951273],[135.90937834737292,35.52972761258404],[135.9094762016806,35.5298348936087],[135.90946897141686,35.529663011677016],[135.90923433006492,35.52966270951273]]]}},{"type":"Feature","properties":{"pid":"2bd81511-24a2-4219-b491-5e90fa40683e"},"geometry":{"type":"Polygon","coordinates":[[[135.9090222415647,35.52953483965386],[135.90924350146344,35.529535449273354],[135.9092452018434,35.52943476890648],[135.90906512599338,35.52943055462298],[135.90903533351727,35.52940523744984],[135.9090327347448,35.529363464889805],[135.909019444897,35.529364264798325],[135.9090222415647,35.52953483965386]]]}},{"type":"Feature","properties":{"pid":"83a38a68-d31c-46aa-97ae-a7d972a728f3"},"geometry":{"type":"Polygon","coordinates":[[[135.9092603861457,35.52933041674183],[135.90927004023254,35.529123815805775],[135.90915786905265,35.529122659293805],[135.90916031782854,35.529332156123175],[135.9092603861457,35.52933041674183]]]}},{"type":"Feature","properties":{"pid":"70e92ab7-ea6a-4aed-baef-4c03644ac225"},"geometry":{"type":"Polygon","coordinates":[[[135.90926648647164,35.528978539087454],[135.90938345183213,35.52897465275442],[135.9093848160626,35.52884339416366],[135.9092634837344,35.52884451271522],[135.90926648647164,35.528978539087454]]]}},{"type":"Feature","properties":{"pid":"8e3582f8-01cf-4905-9b37-526f5e300171"},"geometry":{"type":"Polygon","coordinates":[[[135.9097068523277,35.529249841067525],[135.90990205907346,35.52923029005524],[135.90994245583522,35.529172478968825],[135.90994132698225,35.52902127102982],[135.90980069302083,35.52901512579849],[135.90970976630618,35.529095959307575],[135.9097068523277,35.529249841067525]]]}},{"type":"Feature","properties":{"pid":"bc00c198-3b25-4aeb-9759-f0142b0847a7"},"geometry":{"type":"Polygon","coordinates":[[[135.90977131499042,35.52866095076802],[135.90981924987122,35.52886375311236],[135.90999622883496,35.528865769320284],[135.90999454108842,35.528657553877366],[135.90977131499042,35.52866095076802]]]}},{"type":"Feature","properties":{"pid":"20845869-c03e-48c2-9a00-816820c7b072"},"geometry":{"type":"Polygon","coordinates":[[[135.90951475604814,35.528970324989345],[135.90959469672808,35.52896813151771],[135.90965789900423,35.52891627139139],[135.90964211326366,35.52884122054821],[135.90951535571807,35.52884291160711],[135.90951475604814,35.528970324989345]]]}},{"type":"Feature","properties":{"pid":"ef2487d8-32be-4646-a45e-2a32f691cc6c"},"geometry":{"type":"Polygon","coordinates":[[[135.9093082549201,35.52874022496887],[135.90962646250833,35.52873760588558],[135.90959437104732,35.52860052484319],[135.90930451285146,35.52859984332376],[135.9093082549201,35.52874022496887]]]}},{"type":"Feature","properties":{"pid":"6d64301b-e2ce-4900-956d-01c7e61f505c"},"geometry":{"type":"Polygon","coordinates":[[[135.9090024732176,35.52758495201574],[135.9090158670514,35.527750021356],[135.9090926279422,35.52775653983203],[135.90913263603017,35.52769246187688],[135.9090024732176,35.52758495201574]]]}},{"type":"Feature","properties":{"pid":"38b5dd77-4a16-4156-ae76-ad666e179e47"},"geometry":{"type":"Polygon","coordinates":[[[135.9103024893849,35.52830965055399],[135.9103070783828,35.52844217410324],[135.91014658574488,35.528578687165094],[135.91014826477013,35.5286116869433],[135.9104411675576,35.52860552566629],[135.91035653919576,35.52831129567119],[135.9103024893849,35.52830965055399]]]}},{"type":"Feature","properties":{"pid":"63214b0b-24bb-4f2b-98d8-fa0fc59b76fb"},"geometry":{"type":"Polygon","coordinates":[[[135.91038981002814,35.52870921375378],[135.9103959070379,35.5288802205136],[135.91049723141037,35.52887821128994],[135.91046417800843,35.528708154088164],[135.91038981002814,35.52870921375378]]]}},{"type":"Feature","properties":{"pid":"f9289f52-41c7-4095-b011-0b2bd061cff1"},"geometry":{"type":"Polygon","coordinates":[[[135.91015616052493,35.528885168206166],[135.9102705652364,35.52888235041198],[135.91026732398387,35.52870925013856],[135.91015191249846,35.528712190047955],[135.91015616052493,35.528885168206166]]]}},{"type":"Feature","properties":{"pid":"3a8b725c-de00-4a06-92d9-5f00ea4ef812"},"geometry":{"type":"Polygon","coordinates":[[[135.91010993665859,35.52904265843679],[135.9101039776913,35.52916171782189],[135.91044099853056,35.529180555839034],[135.9105587530969,35.52917158627066],[135.91055640204377,35.52911273851798],[135.9105209888584,35.52907966188427],[135.91050517529698,35.52903870653953],[135.91010993665859,35.52904265843679]]]}},{"type":"Feature","properties":{"pid":"73d7b415-6cd9-438b-a5b3-30b417382bf2"},"geometry":{"type":"Polygon","coordinates":[[[135.9088369973933,35.53418242943789],[135.908974530998,35.53417161489728],[135.9089302876763,35.53397551581846],[135.9089518188826,35.533856194557686],[135.90897279205404,35.533818927938384],[135.90896417627238,35.533639302319536],[135.90877872688444,35.5336530651413],[135.9088369973933,35.53418242943789]]]}},{"type":"Feature","properties":{"pid":"96feea1f-a8ba-4558-8ef0-81e27462ef41"},"geometry":{"type":"Polygon","coordinates":[[[135.9091870650048,35.53349651283752],[135.90935406095014,35.53347731979991],[135.90931119489474,35.53325125426775],[135.90917649686511,35.53323935978706],[135.9091870650048,35.53349651283752]]]}},{"type":"Feature","properties":{"pid":"ebfa75e5-0288-4105-be9b-2975d965a3a7"},"geometry":{"type":"Polygon","coordinates":[[[135.9088382228362,35.53197501226677],[135.90882247940422,35.53245130307873],[135.90889362673076,35.53245682761254],[135.90903132676254,35.53201323507035],[135.90904025552086,35.5319228751781],[135.90886223048975,35.53190566779511],[135.9088382228362,35.53197501226677]]]}},{"type":"Feature","properties":{"pid":"48c05863-1f7f-44ad-a4e2-bc3d3f4e8ef1"},"geometry":{"type":"Polygon","coordinates":[[[135.90810914491638,35.53164277696615],[135.9082117608806,35.53164592379191],[135.90820762862805,35.53152746401878],[135.90818158203405,35.53152798389514],[135.90818215826417,35.53156882026012],[135.9081649733312,35.53159488940147],[135.90810814727928,35.531608017699185],[135.90810914491638,35.53164277696615]]]}},{"type":"Feature","properties":{"pid":"f8a002aa-b49a-4b36-a8bc-14ee042c297c"},"geometry":{"type":"Polygon","coordinates":[[[135.90785836520476,35.53158421268657],[135.90787068807177,35.53163985111464],[135.9079880005267,35.53163906121348],[135.90798611634145,35.53157981025336],[135.90785836520476,35.53158421268657]]]}},{"type":"Feature","properties":{"pid":"a7639f2e-1b70-486d-8069-f710246f5978"},"geometry":{"type":"Polygon","coordinates":[[[135.90863835859358,35.532425686452264],[135.90870349268025,35.5324333054401],[135.9087071216524,35.532332052795475],[135.9086411268358,35.53233112215751],[135.90863835859358,35.532425686452264]]]}},{"type":"Feature","properties":{"pid":"28c70f51-7189-4f80-b37d-48d4cadfa46c"},"geometry":{"type":"Polygon","coordinates":[[[135.90787271607326,35.53235466272767],[135.90779723479739,35.53234712550028],[135.90780625944208,35.53242159971507],[135.9079110735402,35.532421194587585],[135.90787271607326,35.53235466272767]]]}},{"type":"Feature","properties":{"pid":"56e12242-30c2-46d0-abcd-e6d32f41c587"},"geometry":{"type":"Polygon","coordinates":[[[135.90776502518025,35.53224003063004],[135.90787831149285,35.53225032056392],[135.90787718914734,35.532037591390214],[135.90768688845287,35.53203594246139],[135.90776502518025,35.53224003063004]]]}},{"type":"Feature","properties":{"pid":"10c3d786-3401-4fe9-93f2-8fe26a49fe6d"},"geometry":{"type":"Polygon","coordinates":[[[135.90796045972866,35.5317611709889],[135.9079572680384,35.53187528725189],[135.90810519988077,35.531879278261705],[135.9081553339794,35.53190384248854],[135.90822073020558,35.531904115747444],[135.90821953735602,35.53177343993741],[135.90796045972866,35.5317611709889]]]}},{"type":"Feature","properties":{"pid":"61665bff-fdb3-4f0a-835d-6f6f21ff6b54"},"geometry":{"type":"Polygon","coordinates":[[[135.90760782494735,35.53183684733204],[135.90765992109476,35.53193685759514],[135.90784225181565,35.53193922081989],[135.90783771077756,35.531776101839355],[135.9076693474946,35.5318091240123],[135.90760782494735,35.53183684733204]]]}},{"type":"Feature","properties":{"pid":"2c1ae0cd-1bfd-45b5-8315-59eff3d13bf4"},"geometry":{"type":"Polygon","coordinates":[[[135.90689097271442,35.53185767583062],[135.9069361644913,35.53195030470299],[135.90704026147284,35.531946916516084],[135.9070081576862,35.53187749729139],[135.90706025176686,35.53182003818259],[135.90704187644374,35.53180015076005],[135.90689097271442,35.53185767583062]]]}},{"type":"Feature","properties":{"pid":"c569bcfc-c1f9-4a1c-99e2-6fc5cc2d959c"},"geometry":{"type":"Polygon","coordinates":[[[135.9071870184082,35.53228454734317],[135.9072453207664,35.53234148045176],[135.90734347741557,35.53239297157468],[135.90751749922669,35.532410360886885],[135.90751402214175,35.53233433881992],[135.90759076721596,35.53230705196565],[135.90755730265212,35.53221890292222],[135.9074948372595,35.53221031764783],[135.9071870184082,35.53228454734317]]]}},{"type":"Feature","properties":{"pid":"82ee2650-af3d-47ed-9377-462e5888f88f"},"geometry":{"type":"Polygon","coordinates":[[[135.90669557656895,35.53235754373187],[135.90685419618205,35.53237650000325],[135.90693219757244,35.532402545331344],[135.9070229071,35.53240698969332],[135.9070046615306,35.53237346043151],[135.90669557656895,35.53235754373187]]]}},{"type":"Feature","properties":{"pid":"be274303-8526-495c-9368-44cb43eee908"},"geometry":{"type":"Polygon","coordinates":[[[135.9066348827544,35.53253844929263],[135.9067247332596,35.53253451543732],[135.90672275083293,35.53246479320401],[135.90661100994848,35.53245914819811],[135.9066348827544,35.53253844929263]]]}},{"type":"Feature","properties":{"pid":"dfab58c2-f1a6-4562-b883-ddf372dcb1b9"},"geometry":{"type":"Polygon","coordinates":[[[135.9069970531442,35.530919827268775],[135.90707043819054,35.53122359048915],[135.90721589214786,35.53122163327355],[135.90711928523007,35.53089818486245],[135.9069970531442,35.530919827268775]]]}},{"type":"Feature","properties":{"pid":"ce9ee58f-902f-409c-87d0-fe85abf73643"},"geometry":{"type":"Polygon","coordinates":[[[135.90680132356496,35.53132800772585],[135.90686460982496,35.53125446098863],[135.90694742496757,35.53123664246513],[135.9068771529309,35.530937722725405],[135.90672247673123,35.530966381522106],[135.90680132356496,35.53132800772585]]]}},{"type":"Feature","properties":{"pid":"4e913db1-b02b-4499-a3c3-9fe045a0093c"},"geometry":{"type":"Polygon","coordinates":[[[135.90663451630746,35.53111303265553],[135.9064098776768,35.531154022755196],[135.90651294551088,35.531514088897],[135.90670755908624,35.531439690813095],[135.90663451630746,35.53111303265553]]]}},{"type":"Feature","properties":{"pid":"3c3496fd-0ec2-4dcb-a17a-4025ed17466d"},"geometry":{"type":"Polygon","coordinates":[[[135.90638056299488,35.53102728207247],[135.90638807140684,35.53105688346115],[135.90660611301595,35.531015337618975],[135.90659946883827,35.53098667607027],[135.90638056299488,35.53102728207247]]]}},{"type":"Feature","properties":{"pid":"b0919bdc-4647-4085-8825-306f27ba2f0d"},"geometry":{"type":"Polygon","coordinates":[[[135.90554232921133,35.53089336319253],[135.90559279956878,35.53114647232683],[135.90576972173966,35.531123704132696],[135.90571214734058,35.53087123363374],[135.90554232921133,35.53089336319253]]]}},{"type":"Feature","properties":{"pid":"58d3e459-0336-4dea-9d8e-d99f436bdef2"},"geometry":{"type":"Polygon","coordinates":[[[135.90579030821743,35.53121890446428],[135.90561189130096,35.53124221761798],[135.90562519482557,35.5313089344896],[135.90579306304662,35.53128657075044],[135.90579030821743,35.53121890446428]]]}},{"type":"Feature","properties":{"pid":"0c7d48a2-6601-42ce-9336-45f00251ab19"},"geometry":{"type":"Polygon","coordinates":[[[135.9057073687214,35.53170499588951],[135.90587999883073,35.5316758386254],[135.90584342687495,35.53138411011796],[135.90564728579668,35.53140856199115],[135.9057073687214,35.53170499588951]]]}},{"type":"Feature","properties":{"pid":"84014d19-b64b-4292-93e7-7d096070f48e"},"geometry":{"type":"Polygon","coordinates":[[[135.90505617945377,35.531786303224294],[135.9052319492194,35.5317673844486],[135.90508617246346,35.53094533438038],[135.904912828027,35.53096468125196],[135.90505617945377,35.531786303224294]]]}},{"type":"Feature","properties":{"pid":"9e369908-d4af-4626-a18c-9b1e8c96fd06"},"geometry":{"type":"Polygon","coordinates":[[[135.90521351093307,35.53093304733167],[135.90536843001212,35.53175890529371],[135.90556941501853,35.53172737731335],[135.9054140580522,35.53090558481467],[135.90521351093307,35.53093304733167]]]}},{"type":"Feature","properties":{"pid":"da21e247-6c5c-481b-8bc6-99a9148f782b"},"geometry":{"type":"Polygon","coordinates":[[[135.90432502752728,35.531871123477494],[135.9044380903435,35.53185866275213],[135.9042809917909,35.531045328222504],[135.90416460294384,35.53105876378245],[135.90432502752728,35.531871123477494]]]}},{"type":"Feature","properties":{"pid":"3caac50e-3660-499e-a6eb-5fc563e611ff"},"geometry":{"type":"Polygon","coordinates":[[[135.90390644759697,35.53109517971661],[135.90406709721415,35.5319033602162],[135.90419564769732,35.5318870194561],[135.9040363933063,35.5310775177029],[135.90390644759697,35.53109517971661]]]}},{"type":"Feature","properties":{"pid":"834f768e-ace8-476f-a47e-44414354be03"},"geometry":{"type":"Polygon","coordinates":[[[135.9035668709435,35.53113615674712],[135.90372685655808,35.53194474206141],[135.90393808055447,35.53191657957622],[135.90377492966283,35.53110949809822],[135.9035668709435,35.53113615674712]]]}},{"type":"Feature","properties":{"pid":"3ad4779c-6a74-494f-b8ed-196e2b29b34f"},"geometry":{"type":"Polygon","coordinates":[[[135.90442666301092,35.531022976379205],[135.90440367386464,35.53102595871572],[135.9045657333967,35.53184069717771],[135.9045815208186,35.53183942743843],[135.90442666301092,35.531022976379205]]]}},{"type":"Feature","properties":{"pid":"1a2ef365-7236-4ac3-af41-94b63a2e2973"},"geometry":{"type":"Polygon","coordinates":[[[135.9047328300631,35.531823264321616],[135.9049291598181,35.53179896817369],[135.90477956955513,35.53098054612383],[135.90458426813385,35.53100614110853],[135.9047328300631,35.531823264321616]]]}},{"type":"Feature","properties":{"pid":"a0d18e3f-ce90-4653-9abe-779a2d3a54c8"},"geometry":{"type":"Polygon","coordinates":[[[135.9042358792733,35.53285370794968],[135.90442113127426,35.53283222864734],[135.90428461766214,35.53204837507521],[135.9041036766438,35.532068331192356],[135.9042358792733,35.53285370794968]]]}},{"type":"Feature","properties":{"pid":"62247633-0ceb-4d4d-8271-67b9dec835cd"},"geometry":{"type":"Polygon","coordinates":[[[135.9037443298048,35.53210691470513],[135.90387891920938,35.532902644359204],[135.9041062678962,35.53287017564836],[135.90396846339638,35.53208261186814],[135.9037443298048,35.53210691470513]]]}},{"type":"Feature","properties":{"pid":"b7854320-2915-4f9b-a5a8-6104248c4ab1"},"geometry":{"type":"Polygon","coordinates":[[[135.90441555403922,35.532031145999994],[135.90455073859476,35.532821420828576],[135.9047546542423,35.53279609578492],[135.9046158740161,35.53201325373465],[135.90441555403922,35.532031145999994]]]}},{"type":"Feature","properties":{"pid":"3b934e41-336f-4d5d-bc0a-24e6e09c66c2"},"geometry":{"type":"Polygon","coordinates":[[[135.9047545751748,35.53199510050187],[135.9048931965202,35.53278023734269],[135.9050675637823,35.532759345286465],[135.90492438879846,35.531978680111784],[135.9047545751748,35.53199510050187]]]}},{"type":"Feature","properties":{"pid":"5aca3ace-53c2-4e8b-828b-0504048205a4"},"geometry":{"type":"Polygon","coordinates":[[[135.90539947802165,35.53191713561467],[135.90553367932014,35.53270483138029],[135.90573051876171,35.532684199794794],[135.9055932958428,35.53189892263425],[135.90539947802165,35.53191713561467]]]}},{"type":"Feature","properties":{"pid":"9a1543d2-2a7c-40ff-bec2-e1c2cd06374c"},"geometry":{"type":"Polygon","coordinates":[[[135.90505383373073,35.53195848875652],[135.90520302084545,35.532744240065384],[135.9053993149629,35.532721255263844],[135.90526844345828,35.531937093711846],[135.90505383373073,35.53195848875652]]]}},{"type":"Feature","properties":{"pid":"31155318-1196-492a-a5bf-b0e3b5ab1e18"},"geometry":{"type":"Polygon","coordinates":[[[135.90584295261252,35.53241056689495],[135.90611625904543,35.532390380175556],[135.90599173262038,35.53208891512927],[135.90579290593305,35.53211017082192],[135.90584295261252,35.53241056689495]]]}},{"type":"Feature","properties":{"pid":"8848c1d7-d266-4b99-aefb-b8c387852d01"},"geometry":{"type":"Polygon","coordinates":[[[135.9057794805402,35.532013734236834],[135.90594924212633,35.53199541732758],[135.9058959612691,35.53187790875726],[135.90577211147578,35.53188538497747],[135.9057794805402,35.532013734236834]]]}},{"type":"Feature","properties":{"pid":"10bfc6ed-d3e4-4518-8bfa-c79fc29dfcb7"},"geometry":{"type":"Polygon","coordinates":[[[135.90615113345416,35.53248614622357],[135.90585983977053,35.53250775591645],[135.90588706944945,35.53266107813309],[135.90619459900952,35.53262452403061],[135.90615113345416,35.53248614622357]]]}},{"type":"Feature","properties":{"pid":"86d7e549-1e6c-4a23-99e9-9992d790522a"},"geometry":{"type":"Polygon","coordinates":[[[135.90597707364532,35.532854476096375],[135.90588724613156,35.532864026210234],[135.90595706084665,35.53365184052997],[135.9060539367709,35.53364576524586],[135.90597707364532,35.532854476096375]]]}},{"type":"Feature","properties":{"pid":"4ad65763-0c59-4bf5-bafa-93d0f3a11330"},"geometry":{"type":"Polygon","coordinates":[[[135.90576796088274,35.532876654450526],[135.9055582259527,35.53290110398682],[135.90561861029443,35.53367079108655],[135.90583734432767,35.533658883510036],[135.90576796088274,35.532876654450526]]]}},{"type":"Feature","properties":{"pid":"5d544ed5-3786-4673-a057-1aa9b5ef7426"},"geometry":{"type":"Polygon","coordinates":[[[135.9054350492851,35.532914670691284],[135.9052274148052,35.53293616090329],[135.9053016539207,35.53369089988396],[135.90549748482985,35.5336780229204],[135.9054350492851,35.532914670691284]]]}},{"type":"Feature","properties":{"pid":"3a283089-1922-4928-98ab-f2d9629972b9"},"geometry":{"type":"Polygon","coordinates":[[[135.90506415282283,35.532957066503336],[135.9051272134375,35.53370264556465],[135.90516600282143,35.533699682869674],[135.90510281941013,35.53295168303537],[135.90506415282283,35.532957066503336]]]}},{"type":"Feature","properties":{"pid":"51e0e33d-9f31-4a8c-b3b2-137828f235da"},"geometry":{"type":"Polygon","coordinates":[[[135.90413125431957,35.53306621283532],[135.90393417882896,35.53308542336036],[135.90399590057655,35.53376134767457],[135.9041895206326,35.533750982667634],[135.90413125431957,35.53306621283532]]]}},{"type":"Feature","properties":{"pid":"a41b55bb-1571-495d-b96e-46a24e0a30cd"},"geometry":{"type":"Polygon","coordinates":[[[135.90451632316015,35.53372761676105],[135.90446252502778,35.53302402366148],[135.90426597972262,35.53304948582465],[135.90432200065268,35.53374122851538],[135.90451632316015,35.53372761676105]]]}},{"type":"Feature","properties":{"pid":"8d45b972-06b6-4e29-8136-51303cc1d2b2"},"geometry":{"type":"Polygon","coordinates":[[[135.90458031318522,35.533011002402596],[135.90463840900412,35.533719596148416],[135.90484319651839,35.53371241637285],[135.90479378948513,35.53299265392763],[135.90458031318522,35.533011002402596]]]}},{"type":"Feature","properties":{"pid":"49deca71-0449-4204-8a00-791b8ab158e1"},"geometry":{"type":"Polygon","coordinates":[[[135.90492393586578,35.53297347070803],[135.90497089373983,35.533710056594124],[135.9050022125277,35.533709057673676],[135.90494332457,35.5329714288554],[135.90492393586578,35.53297347070803]]]}},{"type":"Feature","properties":{"pid":"fa01a19a-e5c3-4083-b489-f8e225f23f15"},"geometry":{"type":"Polygon","coordinates":[[[135.90360969787667,35.53397817496727],[135.90367112633785,35.53478428921873],[135.90387492716172,35.5347755964182],[135.90380021335338,35.533969896098526],[135.90360969787667,35.53397817496727]]]}},{"type":"Feature","properties":{"pid":"53c9e644-192c-4b99-89c5-b4640af74976"},"geometry":{"type":"Polygon","coordinates":[[[135.9040043755841,35.53395796977586],[135.90407338572584,35.53476187189715],[135.90411660243714,35.53475971401924],[135.9040504776543,35.53395627998385],[135.9040043755841,35.53395796977586]]]}},{"type":"Feature","properties":{"pid":"1beeaa1b-5ece-493b-9e90-6e2cd21108c1"},"geometry":{"type":"Polygon","coordinates":[[[135.9042052835568,35.53395030675382],[135.90417755754558,35.53395127383969],[135.9042366871245,35.53475240699037],[135.90427325248973,35.53475019284167],[135.9042052835568,35.53395030675382]]]}},{"type":"Feature","properties":{"pid":"d683917e-214e-4336-8b26-1447b37c448c"},"geometry":{"type":"Polygon","coordinates":[[[135.90439415186347,35.53474188484046],[135.90459142516863,35.53472846570113],[135.9045262325197,35.53393337594938],[135.90432642736988,35.533944455874995],[135.90439415186347,35.53474188484046]]]}},{"type":"Feature","properties":{"pid":"4ca71897-ea02-47c6-aa19-ce9a31f59f23"},"geometry":{"type":"Polygon","coordinates":[[[135.9049207325349,35.534710418533436],[135.90485785788835,35.53391488392421],[135.90465405302356,35.53392457362128],[135.9047190450286,35.53472030024387],[135.9049207325349,35.534710418533436]]]}},{"type":"Feature","properties":{"pid":"0929dc5b-6e17-4258-b3a7-18ba8bdee330"},"geometry":{"type":"Polygon","coordinates":[[[135.90525669235302,35.5346862579058],[135.90519981483837,35.53389325848574],[135.90498750581196,35.53390338582254],[135.90505150187317,35.534696562907286],[135.90525669235302,35.5346862579058]]]}},{"type":"Feature","properties":{"pid":"799ce349-0ed3-47b4-9e6b-eea72ebb22bc"},"geometry":{"type":"Polygon","coordinates":[[[135.90532208721876,35.53388749432971],[135.90537904835026,35.53467536208547],[135.90558426515742,35.53466307130282],[135.9055176251196,35.53387840720378],[135.90532208721876,35.53388749432971]]]}},{"type":"Feature","properties":{"pid":"30481bfb-c8fc-4979-b9f0-a1705d940518"},"geometry":{"type":"Polygon","coordinates":[[[135.90585205379517,35.533864940403795],[135.90565299513437,35.53387454832096],[135.90571711842796,35.53465962351286],[135.90591334634632,35.53464692536181],[135.90585205379517,35.533864940403795]]]}},{"type":"Feature","properties":{"pid":"1f5d8f5b-b864-4ff2-be91-1140277e2fcb"},"geometry":{"type":"Polygon","coordinates":[[[135.90604225250902,35.53464238999862],[135.9062669704742,35.53461993559437],[135.90634721070356,35.53462649801951],[135.90628138728488,35.5338482900788],[135.9059866375343,35.53385873836833],[135.90604225250902,35.53464238999862]]]}},{"type":"Feature","properties":{"pid":"fdfd3dc3-27de-4463-8226-589812572fca"},"geometry":{"type":"Polygon","coordinates":[[[135.90641432681875,35.533840922588865],[135.9064774837247,35.534622492589016],[135.90671635391925,35.534610552494144],[135.90654816433005,35.53383327828967],[135.90641432681875,35.533840922588865]]]}},{"type":"Feature","properties":{"pid":"e7230483-39e6-42a4-8e0f-c0b990552d37"},"geometry":{"type":"Polygon","coordinates":[[[135.9070496106716,35.534066731064044],[135.90711321741628,35.53433003192589],[135.90716689251053,35.53432608494825],[135.9071303678646,35.53408035017797],[135.9070496106716,35.534066731064044]]]}},{"type":"Feature","properties":{"pid":"9e9206c3-7425-42bc-9384-475caafc8eaa"},"geometry":{"type":"Polygon","coordinates":[[[135.90724638610655,35.53398179790675],[135.90750917823905,35.533968333628195],[135.90750815517333,35.53392488278669],[135.9075341639809,35.5338964359566],[135.90768918536003,35.53387758129523],[135.90767607377157,35.53375772376287],[135.90722375420083,35.53379502781207],[135.90724638610655,35.53398179790675]]]}},{"type":"Feature","properties":{"pid":"ba164741-068d-4f58-88dd-2ed795bcfbe3"},"geometry":{"type":"Polygon","coordinates":[[[135.9062801922093,35.53363526082001],[135.9064711847928,35.53362282780377],[135.90647294727606,35.53356918840976],[135.90638131723924,35.53315214370275],[135.9062731265404,35.532825757239195],[135.90621524313298,35.53282996359884],[135.9062801922093,35.53363526082001]]]}},{"type":"Feature","properties":{"pid":"ef467066-cbfc-4980-9e0f-d552100a0aa3"},"geometry":{"type":"Polygon","coordinates":[[[135.9066862576857,35.532709791388484],[135.90672095295704,35.532835232088985],[135.9067084178667,35.53288339538162],[135.90676860818962,35.53307729934302],[135.9068753145361,35.53306664782616],[135.90682974328274,35.53269590180296],[135.9066862576857,35.532709791388484]]]}},{"type":"Feature","properties":{"pid":"027f4efb-4709-4433-9f02-88bf48ad6304"},"geometry":{"type":"Polygon","coordinates":[[[135.90731503649303,35.532589682767586],[135.90735619560365,35.533012156294376],[135.90736807222376,35.53301162489607],[135.90731503649303,35.532589682767586]]]}},{"type":"Feature","properties":{"pid":"ff46a4bf-0ea7-4986-bacb-bf38af7b42ff"},"geometry":{"type":"Polygon","coordinates":[[[135.90704260863203,35.5331944234765],[135.90684469375884,35.53321413416297],[135.90686501464498,35.533273074393],[135.90704994771562,35.53325820209808],[135.90704260863203,35.5331944234765]]]}},{"type":"Feature","properties":{"pid":"9bd3b59b-bc16-487e-a83e-6bf0cdd958bf"},"geometry":{"type":"Polygon","coordinates":[[[135.90709390733343,35.533636478069084],[135.90706376034345,35.53335484177997],[135.90689935095043,35.53337004596105],[135.9069635488908,35.53364688553821],[135.90709390733343,35.533636478069084]]]}},{"type":"Feature","properties":{"pid":"d673276e-4078-4318-945d-6ff15d3fd065"},"geometry":{"type":"Polygon","coordinates":[[[135.90752716103404,35.53316309445355],[135.907189587358,35.53318543485196],[135.90724142787096,35.53362018253837],[135.9075784785091,35.53359046466387],[135.90752716103404,35.53316309445355]]]}},{"type":"Feature","properties":{"pid":"16d27bdd-3d52-43da-b15b-0233cb64fee1"},"geometry":{"type":"Polygon","coordinates":[[[135.9082429178392,35.53347908999466],[135.90803687343663,35.53349575402854],[135.9080435835291,35.53355547632099],[135.90825158821283,35.53353752731825],[135.9082429178392,35.53347908999466]]]}},{"type":"Feature","properties":{"pid":"4d14c44d-2c05-4afb-846a-121e98524317"},"geometry":{"type":"Polygon","coordinates":[[[135.90798740510445,35.53312589943476],[135.90802383474565,35.533396201444184],[135.90823258442674,35.53337706492847],[135.90820292981417,35.53311506307283],[135.90798740510445,35.53312589943476]]]}},{"type":"Feature","properties":{"pid":"329ee2fb-81e0-45e7-8654-e9416864bbfb"},"geometry":{"type":"Polygon","coordinates":[[[135.90791644617835,35.53356754960298],[135.90786382574146,35.53313204483966],[135.90765942913674,35.53315302227858],[135.90770909060703,35.533583532542465],[135.90791644617835,35.53356754960298]]]}},{"type":"Feature","properties":{"pid":"f85710e2-2502-4976-b600-80eeb458e186"},"geometry":{"type":"Polygon","coordinates":[[[135.90758215136114,35.53259076286796],[135.90763688383595,35.53299973231327],[135.90767250218897,35.532996562835336],[135.9076322187136,35.53259301355376],[135.90758215136114,35.53259076286796]]]}},{"type":"Feature","properties":{"pid":"b161e9e4-4795-4845-9c08-14321e2ef2fa"},"geometry":{"type":"Polygon","coordinates":[[[135.9078499015527,35.53298001210856],[135.90781172451034,35.53260380276552],[135.90776028135733,35.53260131829346],[135.9077975426221,35.53298345567642],[135.9078499015527,35.53298001210856]]]}},{"type":"Feature","properties":{"pid":"10ca7791-2552-4695-aeb9-69f87169264f"},"geometry":{"type":"Polygon","coordinates":[[[135.90797288898872,35.532968527620206],[135.90819864167952,35.532948909712644],[135.90815704712008,35.53260729887042],[135.9079357464333,35.53260748328853],[135.90797288898872,35.532968527620206]]]}},{"type":"Feature","properties":{"pid":"50c27a84-ee6f-4fb7-afb8-d3179128d928"},"geometry":{"type":"Polygon","coordinates":[[[135.90835397380735,35.53260209943756],[135.90838780619785,35.532937795132256],[135.90858316064404,35.53291757420971],[135.90854376151057,35.53261132886451],[135.90835397380735,35.53260209943756]]]}},{"type":"Feature","properties":{"pid":"c5344fd4-8a3f-4320-a771-0f3a50ed3765"},"geometry":{"type":"Polygon","coordinates":[[[135.90879970628416,35.533490422851024],[135.90884689147157,35.53348762235836],[135.90879728681415,35.53304162378412],[135.90875241008877,35.53304627879627],[135.90879970628416,35.533490422851024]]]}},{"type":"Feature","properties":{"pid":"4cfc9f74-4f1b-449f-97d4-f7877a28d692"},"geometry":{"type":"Polygon","coordinates":[[[135.90862613359863,35.53306265046245],[135.90840796061437,35.53307874525761],[135.90846001016837,35.53352260676041],[135.9086730301657,35.53350043982117],[135.90862613359863,35.53306265046245]]]}},{"type":"Feature","properties":{"pid":"042b9039-20a0-4dda-ad50-f84ecafdc9ca"},"geometry":{"type":"Polygon","coordinates":[[[135.90851560616528,35.53367828147453],[135.90847444220225,35.53368074226616],[135.90849922787254,35.53395312811644],[135.90854199243586,35.533949324364244],[135.90851560616528,35.53367828147453]]]}},{"type":"Feature","properties":{"pid":"36691493-c832-4245-9196-404443245214"},"geometry":{"type":"Polygon","coordinates":[[[135.90814509774003,35.53422773339454],[135.90833631747486,35.53421047911883],[135.90827251151703,35.53370815338934],[135.90807935377578,35.533722316944434],[135.90814509774003,35.53422773339454]]]}},{"type":"Feature","properties":{"pid":"62ec3b75-e92b-40a7-add5-685ca7be5a9c"},"geometry":{"type":"Polygon","coordinates":[[[135.9080083750401,35.534243608491764],[135.90794983200556,35.533734448612314],[135.90781439031082,35.533747367923496],[135.90787715412043,35.53424353775737],[135.9080083750401,35.534243608491764]]]}},{"type":"Feature","properties":{"pid":"26b0858f-1f98-4054-a8dd-2a6051b75081"},"geometry":{"type":"Polygon","coordinates":[[[135.9086699874144,35.53463140786702],[135.90894678414142,35.534612134847464],[135.90896479754133,35.534345079954335],[135.90864444620448,35.53437362807546],[135.9086699874144,35.53463140786702]]]}},{"type":"Feature","properties":{"pid":"b10265ea-68b2-45c5-bcce-79fdd311f339"},"geometry":{"type":"Polygon","coordinates":[[[135.9082216231226,35.5345287603099],[135.9081906055346,35.53453208498058],[135.90824728070845,35.534914479863474],[135.9082713380499,35.53491266324213],[135.9082216231226,35.5345287603099]]]}},{"type":"Feature","properties":{"pid":"89640a67-add0-4b88-8ce5-7a3089501e75"},"geometry":{"type":"Polygon","coordinates":[[[135.90833728496557,35.53439087524729],[135.908399920845,35.53489995043325],[135.90841846050552,35.53489917720004],[135.9083592055464,35.5343893471323],[135.90833728496557,35.53439087524729]]]}},{"type":"Feature","properties":{"pid":"c84cf90e-d1ed-4b20-8993-4312e92a71f1"},"geometry":{"type":"Polygon","coordinates":[[[135.90646676428352,35.53581770405082],[135.90653673881178,35.536615418923525],[135.90674981160413,35.53659807765081],[135.906773468953,35.53579597281598],[135.90646676428352,35.53581770405082]]]}},{"type":"Feature","properties":{"pid":"30834e80-e36e-4a11-8042-a845e7908502"},"geometry":{"type":"Polygon","coordinates":[[[135.90639395019977,35.53661666449354],[135.90632837047568,35.53583152450478],[135.9062010471106,35.535836204261045],[135.90627870386223,35.536621850222],[135.90639395019977,35.53661666449354]]]}},{"type":"Feature","properties":{"pid":"8e7445f7-9a74-4ca7-b7af-abe951d40fb8"},"geometry":{"type":"Polygon","coordinates":[[[135.90647359667327,35.53484999669476],[135.9063918874144,35.53485344862274],[135.90645219367673,35.535654359966955],[135.90654167626383,35.535652882159056],[135.90647359667327,35.53484999669476]]]}},{"type":"Feature","properties":{"pid":"2dd8fc87-73c7-476e-b42a-13f25cc3d3c5"},"geometry":{"type":"Polygon","coordinates":[[[135.90667132599003,35.53564402535158],[135.90677387588147,35.53563804562754],[135.9067640829811,35.53523066306597],[135.90672939451696,35.53487185006707],[135.90669752466906,35.534848748562304],[135.90661374990177,35.53484578989256],[135.90667132599003,35.53564402535158]]]}},{"type":"Feature","properties":{"pid":"504c7de7-53fd-42c5-a240-98e84470e989"},"geometry":{"type":"Polygon","coordinates":[[[135.9063174350482,35.535660831135665],[135.90625661473047,35.534858759260345],[135.90606928973966,35.53486899409478],[135.90612732805408,35.53566430746335],[135.9063174350482,35.535660831135665]]]}},{"type":"Feature","properties":{"pid":"620b8318-e00b-44a9-b793-62ef99b22d65"},"geometry":{"type":"Polygon","coordinates":[[[135.905731689847,35.53488435117179],[135.90579036500105,35.5356852137835],[135.90588403839067,35.53567909489738],[135.9058328237801,35.53488030228927],[135.905731689847,35.53488435117179]]]}},{"type":"Feature","properties":{"pid":"1c6940f3-6370-479e-9b34-2be5e6fcb399"},"geometry":{"type":"Polygon","coordinates":[[[135.9054414952515,35.53489972200466],[135.90540799220656,35.53492509865289],[135.90546155524115,35.53569687781684],[135.9056562629548,35.53568830986498],[135.90559738512232,35.53488822063591],[135.9054414952515,35.53489972200466]]]}},{"type":"Feature","properties":{"pid":"6c4ff0bb-c967-4954-b7ba-a9f0d1915e6c"},"geometry":{"type":"Polygon","coordinates":[[[135.9052695269016,35.534908980339225],[135.9050792932414,35.53491845790511],[135.9051390943043,35.535712842351344],[135.9053360752849,35.53570335318435],[135.9052695269016,35.534908980339225]]]}},{"type":"Feature","properties":{"pid":"465277b8-e2a7-49b3-a7f7-d2d5463f1339"},"geometry":{"type":"Polygon","coordinates":[[[135.90452220717702,35.53574198431273],[135.9046769997807,35.535736388023544],[135.90461366125243,35.53495053693967],[135.9044624836315,35.534965329607196],[135.90452220717702,35.53574198431273]]]}},{"type":"Feature","properties":{"pid":"916797ec-ea53-42dc-94f3-b092e3d2bf08"},"geometry":{"type":"Polygon","coordinates":[[[135.9047375012954,35.53493638868822],[135.90480397181832,35.53572899747372],[135.90500860947515,35.535719130824056],[135.90494210838466,35.534925473105254],[135.9047375012954,35.53493638868822]]]}},{"type":"Feature","properties":{"pid":"bcbe4746-777a-482e-86c7-afacb7b0540b"},"geometry":{"type":"Polygon","coordinates":[[[135.90406934111147,35.53497568970385],[135.90414222312745,35.535769421676676],[135.9044004802982,35.535756857000344],[135.90433406744148,35.53496213397578],[135.90406934111147,35.53497568970385]]]}},{"type":"Feature","properties":{"pid":"411c410e-7d69-4a59-9692-5da9d5beea93"},"geometry":{"type":"Polygon","coordinates":[[[135.90368638142786,35.53499536826029],[135.90374942511068,35.53579942594136],[135.90396256895843,35.53578793491112],[135.90388614869806,35.53498669336253],[135.90368638142786,35.53499536826029]]]}},{"type":"Feature","properties":{"pid":"fdff5200-412b-45e4-a8fa-492a497293a4"},"geometry":{"type":"Polygon","coordinates":[[[135.90611823860942,35.53663811026182],[135.9060533396987,35.535842051364476],[135.9058402976736,35.53585152589471],[135.90590388384686,35.53665118708671],[135.90611823860942,35.53663811026182]]]}},{"type":"Feature","properties":{"pid":"ff6fbb08-2c17-4ae0-bfb9-27cad8ed2988"},"geometry":{"type":"Polygon","coordinates":[[[135.90549135228395,35.535872897538916],[135.90556660393275,35.53665623030395],[135.90575583630726,35.53664390583424],[135.90568791315303,35.535858748999175],[135.90549135228395,35.535872897538916]]]}},{"type":"Feature","properties":{"pid":"3f97b49e-5457-4c25-896f-e1ace42619d0"},"geometry":{"type":"Polygon","coordinates":[[[135.9053569209137,35.535884330519835],[135.905168436945,35.53590371527986],[135.9052205386936,35.53668384554773],[135.9054222919946,35.53666642668524],[135.9053569209137,35.535884330519835]]]}},{"type":"Feature","properties":{"pid":"b9b9d3f6-b5e3-418b-b435-23649a5a0f4f"},"geometry":{"type":"Polygon","coordinates":[[[135.90483177302545,35.53591374451945],[135.9048970967974,35.53670479358038],[135.90507001762867,35.53669550770471],[135.90502131813142,35.535910736390285],[135.90483177302545,35.53591374451945]]]}},{"type":"Feature","properties":{"pid":"ce21a595-4378-4a7d-a749-a51d3289643f"},"geometry":{"type":"Polygon","coordinates":[[[135.90444101245868,35.53593724021814],[135.90451309178698,35.536717631996],[135.90476332535488,35.5367072280285],[135.90470000877139,35.53592185677538],[135.90444101245868,35.53593724021814]]]}},{"type":"Feature","properties":{"pid":"09b01e6e-5d31-46a1-ba02-dae20596b867"},"geometry":{"type":"Polygon","coordinates":[[[135.90415479690157,35.53595066574174],[135.9042160428601,35.53675303167257],[135.90438155930747,35.536742500832155],[135.90431596992275,35.53594049686468],[135.90415479690157,35.53595066574174]]]}},{"type":"Feature","properties":{"pid":"ec1e243b-b3fb-408c-b63d-5d614de84f6a"},"geometry":{"type":"Polygon","coordinates":[[[135.90383208191847,35.53677695026885],[135.90403532577565,35.536765899630566],[135.90396747179523,35.535962427223296],[135.9037685371916,35.53597243957278],[135.90383208191847,35.53677695026885]]]}},{"type":"Feature","properties":{"pid":"3fb6ba44-a0ef-4c88-8340-11189b49946c"},"geometry":{"type":"Polygon","coordinates":[[[135.90491488959464,35.53688642919929],[135.9049762953749,35.5376605642526],[135.9050723816552,35.53765485346],[135.90500324505481,35.53688706942049],[135.90491488959464,35.53688642919929]]]}},{"type":"Feature","properties":{"pid":"627ff7b1-eba2-4dba-8cbe-63f8bb73767d"},"geometry":{"type":"Polygon","coordinates":[[[135.90431756609698,35.537692572358225],[135.9048388326575,35.537669285625896],[135.90477768073893,35.536901043297156],[135.90427117410172,35.536931241190395],[135.90431756609698,35.537692572358225]]]}},{"type":"Feature","properties":{"pid":"aa0e295c-7e56-4410-a337-de997bd0206c"},"geometry":{"type":"Polygon","coordinates":[[[135.90392735306574,35.53770902858278],[135.90410210927107,35.53769837792379],[135.90403057161396,35.536942080011976],[135.90385823944322,35.536955011214644],[135.90392735306574,35.53770902858278]]]}},{"type":"Feature","properties":{"pid":"eeaaa1d0-7a65-45a3-a971-9572f4b8b8d7"},"geometry":{"type":"Polygon","coordinates":[[[135.90527789547318,35.53764448024497],[135.90522839784768,35.53686667179621],[135.9051430936364,35.53687262921909],[135.90520534785762,35.537647902122146],[135.90527789547318,35.53764448024497]]]}},{"type":"Feature","properties":{"pid":"c8d1b99a-a944-419f-b8ce-aa31810cc95c"},"geometry":{"type":"Polygon","coordinates":[[[135.9054374402222,35.53686223404119],[135.9053798766623,35.53686218903143],[135.9054310295532,35.53763387238011],[135.90549761821939,35.53763192733542],[135.9054374402222,35.53686223404119]]]}},{"type":"Feature","properties":{"pid":"3cecaaf1-923b-4acd-b642-93973f56d256"},"geometry":{"type":"Polygon","coordinates":[[[135.90583116420854,35.53761232796547],[135.90577093970634,35.53684679501181],[135.90558206635257,35.53684664706998],[135.905643110211,35.537624801575916],[135.90583116420854,35.53761232796547]]]}},{"type":"Feature","properties":{"pid":"b1e69e4d-49b4-4d07-9937-8461e74c3087"},"geometry":{"type":"Polygon","coordinates":[[[135.90591084846892,35.53682935906222],[135.9059659745629,35.53760455827718],[135.9061711753295,35.53759005006152],[135.90612311281666,35.53682381003103],[135.90591084846892,35.53682935906222]]]}},{"type":"Feature","properties":{"pid":"ec053161-a7eb-49aa-8303-1412b3bd9f3d"},"geometry":{"type":"Polygon","coordinates":[[[135.90662224879895,35.537563644542914],[135.90669016245715,35.537564287426115],[135.90670902570278,35.537217305087644],[135.90659855177765,35.5372177468135],[135.90662224879895,35.537563644542914]]]}},{"type":"Feature","properties":{"pid":"a4c6bba0-f3e5-4b17-aa79-f7c6a5754f68"},"geometry":{"type":"Polygon","coordinates":[[[135.9064944158687,35.537567075828306],[135.90643019361212,35.536805889263775],[135.90626538877953,35.536813027918846],[135.9063165170127,35.53757997481248],[135.9064944158687,35.537567075828306]]]}},{"type":"Feature","properties":{"pid":"fbad33c8-f52d-4048-a7c6-734222691c4a"},"geometry":{"type":"Polygon","coordinates":[[[135.9067146450317,35.537113928837826],[135.90673289910575,35.53677815237454],[135.90656503748679,35.536781115645645],[135.90659178461564,35.53711481872192],[135.9067146450317,35.537113928837826]]]}},{"type":"Feature","properties":{"pid":"196b015f-ad4a-4d87-b9be-baa9ed4defd7"},"geometry":{"type":"Polygon","coordinates":[[[135.9088113738668,35.53512883424912],[135.9088946518146,35.53511816285322],[135.90889454781,35.53502883069242],[135.90881193436223,35.53503770491109],[135.9088113738668,35.53512883424912]]]}},{"type":"Feature","properties":{"pid":"0e670504-30b2-4640-8b49-a19190e068d7"},"geometry":{"type":"Polygon","coordinates":[[[135.91205509088417,35.53988171596973],[135.9123294441597,35.539869772425035],[135.91233715162457,35.53985130865297],[135.91205102269942,35.53986128133884],[135.91205509088417,35.53988171596973]]]}},{"type":"Feature","properties":{"pid":"4b9800a6-009c-4909-8407-6d5bc206d08a"},"geometry":{"type":"Polygon","coordinates":[[[135.90826221356602,35.53851884382824],[135.9082972858696,35.538672028021615],[135.90854149339742,35.538699578946634],[135.90860510138947,35.5384603594349],[135.9084091173732,35.53847466440169],[135.90826221356602,35.53851884382824]]]}},{"type":"Feature","properties":{"pid":"7f648717-4603-4ea7-996b-2d5ca2597628"},"geometry":{"type":"Polygon","coordinates":[[[135.90758684752493,35.538894769960194],[135.90767477610277,35.539452949326325],[135.9077146408694,35.53945087524533],[135.90763518223773,35.538889594089845],[135.90758684752493,35.538894769960194]]]}},{"type":"Feature","properties":{"pid":"5640d80e-4568-4c38-b7b3-5a6964e52ae3"},"geometry":{"type":"Polygon","coordinates":[[[135.90745107999803,35.53893157623655],[135.9071857170923,35.53893718761532],[135.90728586761867,35.539415670218794],[135.90731941844436,35.53946725746169],[135.9075139663288,35.53945978059487],[135.90745107999803,35.53893157623655]]]}},{"type":"Feature","properties":{"pid":"7c59765f-828b-43fe-8556-aba2a0f25b79"},"geometry":{"type":"Polygon","coordinates":[[[135.9065534371718,35.53869560581593],[135.90662605904305,35.539498532530985],[135.90681342128252,35.53949215362678],[135.9067479557114,35.538688142852095],[135.9065534371718,35.53869560581593]]]}},{"type":"Feature","properties":{"pid":"e80e5ad5-fa15-443a-8b56-26dcfeaefe1e"},"geometry":{"type":"Polygon","coordinates":[[[135.90621732354214,35.538719461803026],[135.90619238189882,35.53874368596669],[135.9062626539763,35.539523332841576],[135.9064934656527,35.53951429954456],[135.90641745647892,35.53870436979679],[135.90621732354214,35.538719461803026]]]}},{"type":"Feature","properties":{"pid":"734ac61d-426f-47ef-9a91-cddf707a0080"},"geometry":{"type":"Polygon","coordinates":[[[135.90721180422113,35.53875559695761],[135.90723857427193,35.538782083684524],[135.90731832094968,35.538770787307],[135.90727868141843,35.53852126167757],[135.90718615501532,35.53854840715928],[135.90721180422113,35.53875559695761]]]}},{"type":"Feature","properties":{"pid":"e9a37a42-821f-4536-9039-f177fbf4e433"},"geometry":{"type":"Polygon","coordinates":[[[135.9062316377263,35.53855977953994],[135.90642456662513,35.53854350460041],[135.90635832828337,35.53775011570127],[135.90617343886075,35.53776284974394],[135.9062316377263,35.53855977953994]]]}},{"type":"Feature","properties":{"pid":"4fe07fbd-ad06-4664-be65-9de56bbc95d1"},"geometry":{"type":"Polygon","coordinates":[[[135.90651209867704,35.53773950506523],[135.90657144136583,35.538532662442776],[135.906669681195,35.53852774993472],[135.90661473501362,35.53810637101166],[135.90659832613875,35.53773402176543],[135.90651209867704,35.53773950506523]]]}},{"type":"Feature","properties":{"pid":"d4258ff4-0f90-40b1-978d-781548fb1d47"},"geometry":{"type":"Polygon","coordinates":[[[135.90590294150195,35.53857764587106],[135.90609877768455,35.53856288894878],[135.90602922216195,35.5377643306045],[135.90584365796857,35.537780381889974],[135.90590294150195,35.53857764587106]]]}},{"type":"Feature","properties":{"pid":"9d9bc367-1f44-4875-b46b-e9357173c731"},"geometry":{"type":"Polygon","coordinates":[[[135.90571635951716,35.537790344646716],[135.90550754945548,35.53780040025153],[135.90556453729207,35.53859829250209],[135.90577372376023,35.53858203371889],[135.90571635951716,35.537790344646716]]]}},{"type":"Feature","properties":{"pid":"055c6174-a8cc-4806-8b2b-c44d79bd3075"},"geometry":{"type":"Polygon","coordinates":[[[135.90536543970146,35.53780173049797],[135.9051756907864,35.53781225911778],[135.90523990238788,35.53861797532572],[135.9054351403699,35.538606921203424],[135.90536543970146,35.53780173049797]]]}},{"type":"Feature","properties":{"pid":"2da0b81c-21e2-43f3-936d-8da76a9595ac"},"geometry":{"type":"Polygon","coordinates":[[[135.90504010880116,35.537821501230816],[135.90484868870885,35.53783801025471],[135.9049187273149,35.538636102232395],[135.90510726109272,35.538625685765744],[135.90504010880116,35.537821501230816]]]}},{"type":"Feature","properties":{"pid":"80383b7a-a718-4c89-9bf8-31a97e80aee5"},"geometry":{"type":"Polygon","coordinates":[[[135.90470739388687,35.53784893056327],[135.9044046416385,35.53787038937552],[135.90447337604664,35.538649560494285],[135.90478137169305,35.538639657002776],[135.90470739388687,35.53784893056327]]]}},{"type":"Feature","properties":{"pid":"8dfbc0bf-9b60-4e32-a5f8-57202199abbb"},"geometry":{"type":"Polygon","coordinates":[[[135.90399497146117,35.53868680772722],[135.90418926417678,35.538675273208874],[135.90411474451523,35.53788017132415],[135.90392921743694,35.53789076783936],[135.90399497146117,35.53868680772722]]]}},{"type":"Feature","properties":{"pid":"08911573-6f52-496c-b5e0-541d6174d8d1"},"geometry":{"type":"Polygon","coordinates":[[[135.9045379170929,35.53961562119926],[135.90512385830954,35.53958591371812],[135.90505520859702,35.53878265663413],[135.9044726576648,35.53880959224882],[135.9045379170929,35.53961562119926]]]}},{"type":"Feature","properties":{"pid":"aa1f7872-d0e5-485d-9010-55faf142dd45"},"geometry":{"type":"Polygon","coordinates":[[[135.90378411486495,35.53965989204419],[135.903901353108,35.53965384141654],[135.90383494790723,35.538855551940635],[135.90372159865063,35.53886250973681],[135.90378411486495,35.53965989204419]]]}},{"type":"Feature","properties":{"pid":"78c98fb7-7e9b-4bb0-8bfd-ae23ec7335cd"},"geometry":{"type":"Polygon","coordinates":[[[135.9042040368683,35.53883913905502],[135.90397250923994,35.5388469001795],[135.90402535446833,35.5396378743979],[135.9042741956871,35.53961944171396],[135.9042040368683,35.53883913905502]]]}},{"type":"Feature","properties":{"pid":"2ab76a6f-777e-4284-8f9a-f09044bc6dee"},"geometry":{"type":"Polygon","coordinates":[[[135.90520430810597,35.53877417206179],[135.9051879965738,35.538788153900825],[135.90525415607542,35.53957643361712],[135.90550058918518,35.53956061548423],[135.90543794916042,35.53875990805395],[135.90520430810597,35.53877417206179]]]}},{"type":"Feature","properties":{"pid":"672b6b36-9193-4796-bd18-756e3ef4ef96"},"geometry":{"type":"Polygon","coordinates":[[[135.90559307971316,35.53875242276564],[135.9055635938356,35.53878000777217],[135.9056312739069,35.53955328484471],[135.9058113772965,35.5395478103053],[135.90575453749767,35.53874735167339],[135.90559307971316,35.53875242276564]]]}},{"type":"Feature","properties":{"pid":"59d81444-9251-4089-8584-3917e69416d1"},"geometry":{"type":"Polygon","coordinates":[[[135.90591706007135,35.53873571207545],[135.9058823947205,35.53874888144986],[135.90593855049192,35.539540090331805],[135.90613683961894,35.53953200394187],[135.9060670051109,35.53873375475784],[135.90591706007135,35.53873571207545]]]}},{"type":"Feature","properties":{"pid":"8056f403-3131-4d6f-9736-f37d9567617f"},"geometry":{"type":"Polygon","coordinates":[[[135.90584514644635,35.539711415467494],[135.90563769921607,35.53972478386154],[135.9057030741782,35.54053115022206],[135.90590517371334,35.54051911693049],[135.90584514644635,35.539711415467494]]]}},{"type":"Feature","properties":{"pid":"eaf9a66f-d669-4e21-b562-0223bf339da4"},"geometry":{"type":"Polygon","coordinates":[[[135.90616240892777,35.53970325745431],[135.9059723993558,35.5397078592971],[135.90603562964856,35.54051221767133],[135.90623385637414,35.54050031846417],[135.90616240892777,35.53970325745431]]]}},{"type":"Feature","properties":{"pid":"fd1e1189-28dc-4fde-8944-afa8b59e4f49"},"geometry":{"type":"Polygon","coordinates":[[[135.90519437392584,35.53974742483002],[135.90497601115345,35.539759762128604],[135.90504419711664,35.54056845901607],[135.90526304172897,35.54055534653286],[135.90519437392584,35.53974742483002]]]}},{"type":"Feature","properties":{"pid":"9e49a925-e5b2-4f4c-a6f2-717ab2cab5b7"},"geometry":{"type":"Polygon","coordinates":[[[135.90551837289314,35.53973225219772],[135.90531513125356,35.53973978970486],[135.90538170235794,35.540548512442435],[135.9055833179593,35.54053824945341],[135.90551837289314,35.53973225219772]]]}},{"type":"Feature","properties":{"pid":"c082c4e0-8f4c-4b33-a1ea-1223ba063838"},"geometry":{"type":"Polygon","coordinates":[[[135.90463005916396,35.540592572335505],[135.9049157041863,35.5405765108069],[135.90484908121175,35.53976938781971],[135.90456747873378,35.53978992333453],[135.90463005916396,35.540592572335505]]]}},{"type":"Feature","properties":{"pid":"e9443636-706f-47f2-b035-82c9de31d9f8"},"geometry":{"type":"Polygon","coordinates":[[[135.9041580911541,35.54061709083113],[135.90435702902485,35.540606327249854],[135.9042828683972,35.53980422184409],[135.9040931538162,35.53981276388966],[135.9041580911541,35.54061709083113]]]}},{"type":"Feature","properties":{"pid":"9d2cfd47-3476-489b-8e73-a3ed5b58b5bf"},"geometry":{"type":"Polygon","coordinates":[[[135.9040339480281,35.54062379382731],[135.90396779658923,35.53981977517477],[135.90363935728377,35.53983697855716],[135.90370901064884,35.540639615740716],[135.9040339480281,35.54062379382731]]]}},{"type":"Feature","properties":{"pid":"9b20d1f6-7bbd-4df4-9610-374e49938cc9"},"geometry":{"type":"Polygon","coordinates":[[[135.90637259389015,35.54049278075035],[135.90659170103373,35.54047988388171],[135.90650903873353,35.53967282484246],[135.90630310844378,35.539685755212666],[135.90637259389015,35.54049278075035]]]}},{"type":"Feature","properties":{"pid":"f2821376-d9bf-4355-abad-2a8cb0d16f42"},"geometry":{"type":"Polygon","coordinates":[[[135.9066479960032,35.53967538874042],[135.90672343789277,35.5404608430828],[135.90691393171562,35.54046158230635],[135.90680473499438,35.53966785183582],[135.9066479960032,35.53967538874042]]]}},{"type":"Feature","properties":{"pid":"d463326a-9228-4a2b-813d-bd74dc16799a"},"geometry":{"type":"Polygon","coordinates":[[[135.90708425054862,35.53985165636079],[135.90715918467848,35.54048162045432],[135.90732679119768,35.54047765131279],[135.90711965101679,35.53997809742883],[135.90708425054862,35.53985165636079]]]}},{"type":"Feature","properties":{"pid":"3df1214d-cb06-4864-96bf-86ca6137c48c"},"geometry":{"type":"Polygon","coordinates":[[[135.90733826449022,35.539624163877704],[135.90760954395375,35.54037805941168],[135.90774092470744,35.540327289747346],[135.9074994391874,35.53961773637954],[135.90733826449022,35.539624163877704]]]}},{"type":"Feature","properties":{"pid":"58d40d08-5a4d-4cbf-b6e1-874c11519912"},"geometry":{"type":"Polygon","coordinates":[[[135.90765270280178,35.53961073033229],[135.90788767127734,35.540292561517944],[135.90800698683805,35.54024885979324],[135.90777755695638,35.539603012663584],[135.90765270280178,35.53961073033229]]]}}]}