{"type":"FeatureCollection","features":[{"type":"Feature","properties":{"pid":"ab00c0f5-ef01-44f9-9f4c-b2617d6bbdb5","full":53.3},"geometry":{"type":"Polygon","coordinates":[[[136.20192,35.97333],[136.20095,35.97371],[136.20097,35.97387],[136.20112,35.97416],[136.20119,35.97428],[136.20197,35.97397],[136.20227,35.97384],[136.20192,35.97333]]]}},{"type":"Feature","properties":{"pid":"82dc7d6b-8f65-4001-86ca-ac6fd80540ed","full":8.8},"geometry":{"type":"Polygon","coordinates":[[[136.20338,35.97051],[136.20362,35.97042],[136.20367,35.97014],[136.20358,35.97],[136.20316,35.97017],[136.20338,35.97051]]]}},{"type":"Feature","properties":{"pid":"4728998a-6b65-4dfc-96aa-e39858268de3","full":14.2},"geometry":{"type":"Polygon","coordinates":[[[136.20316,35.97017],[136.20277,35.97033],[136.20279,35.97036],[136.20267,35.97041],[136.20272,35.97051],[136.20274,35.97058],[136.20274,35.97073],[136.20272,35.97076],[136.20274,35.97077],[136.20337,35.97051],[136.20316,35.97017]]]}},{"type":"Feature","properties":{"pid":"f5642a58-0204-4ced-8664-5125e46b0c0d","full":56.6},"geometry":{"type":"Polygon","coordinates":[[[136.20356,35.97051],[136.20268,35.97085],[136.20267,35.97086],[136.20259,35.97095],[136.20247,35.97114],[136.20248,35.97127],[136.20273,35.97168],[136.20327,35.97146],[136.2033,35.97144],[136.20335,35.97126],[136.20341,35.97106],[136.20358,35.97051],[136.20356,35.97051]]]}},{"type":"Feature","properties":{"pid":"6fc9f9d2-a54b-4a2c-955a-3e6032463c0a","full":1.7},"geometry":{"type":"Polygon","coordinates":[[[136.2023,35.97192],[136.20213,35.97199],[136.20231,35.97228],[136.20247,35.97222],[136.2023,35.97192]]]}},{"type":"Feature","properties":{"pid":"4e01514d-356f-495c-9cf1-fb02d625db80","full":5.9},"geometry":{"type":"Polygon","coordinates":[[[136.20237,35.97241],[136.20201,35.97256],[136.20219,35.97286],[136.20238,35.97279],[136.20245,35.97255],[136.20237,35.97241]]]}},{"type":"Feature","properties":{"pid":"4dd301c0-34ee-402f-bd6d-8f44b2ce8c9a","full":7.9},"geometry":{"type":"Polygon","coordinates":[[[136.20187,35.97301],[136.20209,35.97338],[136.20224,35.97332],[136.20237,35.97285],[136.20235,35.97282],[136.20187,35.97301]]]}},{"type":"Feature","properties":{"pid":"388aa24a-8b8c-4efc-aa80-d1d4d3f436a4","full":46.5},"geometry":{"type":"Polygon","coordinates":[[[136.20093,35.97368],[136.20191,35.97329],[136.2019,35.97327],[136.20192,35.97326],[136.2016,35.97273],[136.20131,35.97286],[136.20121,35.97295],[136.20118,35.97297],[136.20077,35.97308],[136.20075,35.97317],[136.20093,35.97368]]]}},{"type":"Feature","properties":{"pid":"3ac73195-fcc4-40ce-99f0-198bbbe6df2a","full":2.2},"geometry":{"type":"Polygon","coordinates":[[[136.20044,35.97264],[136.20039,35.9728],[136.20079,35.97284],[136.20081,35.97268],[136.20044,35.97264]]]}},{"type":"Feature","properties":{"pid":"1575f526-5cba-4b34-8f74-acdf79bb3e75","full":3.3},"geometry":{"type":"Polygon","coordinates":[[[136.20081,35.97267],[136.20085,35.97252],[136.20085,35.97248],[136.20058,35.97237],[136.20048,35.97254],[136.20044,35.97263],[136.20081,35.97267]]]}},{"type":"Feature","properties":{"pid":"9b803e60-9d74-41d5-aeb7-f4ac2b56b35d","full":2.5},"geometry":{"type":"Polygon","coordinates":[[[136.2006,35.97236],[136.20086,35.97247],[136.20099,35.97241],[136.2008,35.97213],[136.20077,35.97214],[136.20069,35.97222],[136.2006,35.97236]]]}},{"type":"Feature","properties":{"pid":"c936a105-c096-4f6c-846c-38653527bf8b","full":9.3},"geometry":{"type":"Polygon","coordinates":[[[136.20147,35.97171],[136.20133,35.97174],[136.20113,35.97182],[136.20137,35.97222],[136.2014,35.97222],[136.2017,35.97211],[136.2017,35.97209],[136.2017,35.97208],[136.20147,35.97171]]]}},{"type":"Feature","properties":{"pid":"ba60242b-473d-4444-86da-df0106892eed","full":3.2},"geometry":{"type":"Polygon","coordinates":[[[136.20174,35.97209],[136.2019,35.97202],[136.20167,35.97164],[136.20148,35.97171],[136.20171,35.97208],[136.20173,35.97207],[136.20174,35.97209]]]}},{"type":"Feature","properties":{"pid":"f22b0b31-c442-40f9-83c4-041f249a895f","full":3.4},"geometry":{"type":"Polygon","coordinates":[[[136.2021,35.97194],[136.20186,35.97155],[136.20167,35.97163],[136.2019,35.97201],[136.20192,35.972],[136.20192,35.97201],[136.2021,35.97194]]]}},{"type":"Feature","properties":{"pid":"c32baba4-a859-423d-b52b-3acf86189059","full":3.1},"geometry":{"type":"Polygon","coordinates":[[[136.20226,35.97188],[136.20225,35.97187],[136.20227,35.97185],[136.20204,35.97147],[136.20186,35.97155],[136.2021,35.97194],[136.20226,35.97188]]]}},{"type":"Feature","properties":{"pid":"068ebb49-8706-4867-9a68-783f6a61373d","full":3.7},"geometry":{"type":"Polygon","coordinates":[[[136.20247,35.97179],[136.20218,35.97132],[136.20205,35.97147],[136.20227,35.97185],[136.2023,35.97185],[136.2023,35.97186],[136.20247,35.97179]]]}},{"type":"Feature","properties":{"pid":"6e43667c-e09e-4703-adb8-706778e9e132","full":1.7},"geometry":{"type":"Polygon","coordinates":[[[136.20248,35.97179],[136.20259,35.97175],[136.20257,35.97173],[136.2026,35.97172],[136.20233,35.97128],[136.20229,35.97119],[136.20218,35.97131],[136.20248,35.97179]]]}},{"type":"Feature","properties":{"pid":"7676fe91-1c79-4115-91d2-8e85ed5f5c26","full":7.1},"geometry":{"type":"Polygon","coordinates":[[[136.20322,35.96961],[136.2029,35.96911],[136.20264,35.96915],[136.20299,35.9697],[136.20322,35.96961]]]}},{"type":"Feature","properties":{"pid":"030f6e6a-ba49-4bef-8498-c46d8cd64372","full":20.2},"geometry":{"type":"Polygon","coordinates":[[[136.20299,35.9697],[136.20264,35.96915],[136.20225,35.96918],[136.20219,35.96922],[136.20222,35.96927],[136.20258,35.96987],[136.20299,35.9697]]]}},{"type":"Feature","properties":{"pid":"80793554-34d1-406f-818b-db472f24c373","full":5.0},"geometry":{"type":"Polygon","coordinates":[[[136.20257,35.96987],[136.20235,35.9695],[136.20217,35.96958],[136.20225,35.96988],[136.2023,35.96998],[136.20257,35.96987]]]}},{"type":"Feature","properties":{"pid":"7d144005-bfd2-4520-8337-272d13d422da","full":2.4},"geometry":{"type":"Polygon","coordinates":[[[136.20301,35.96887],[136.20223,35.969],[136.20221,35.9691],[136.20226,35.96912],[136.20308,35.96898],[136.20309,35.96897],[136.20301,35.96887]]]}},{"type":"Feature","properties":{"pid":"1be6c3b7-1553-4232-98fe-4fdc4ad30c78","full":5.2},"geometry":{"type":"Polygon","coordinates":[[[136.2029,35.9687],[136.20225,35.96882],[136.20223,35.96899],[136.20301,35.96886],[136.2029,35.9687]]]}},{"type":"Feature","properties":{"pid":"9cd5caf9-6ee9-478c-9ff5-d71e0aabd6a3","full":9.9},"geometry":{"type":"Polygon","coordinates":[[[136.20274,35.96841],[136.20226,35.96849],[136.20227,35.96862],[136.20225,35.96881],[136.20289,35.9687],[136.20274,35.96841]]]}},{"type":"Feature","properties":{"pid":"12811de8-a2e0-4748-8663-fe679884c610","full":0.7},"geometry":{"type":"Polygon","coordinates":[[[136.2015,35.96935],[136.20172,35.96927],[136.20166,35.96914],[136.20146,35.96918],[136.2015,35.96935]]]}},{"type":"Feature","properties":{"pid":"92681355-4f99-4747-a457-43102f86b720","full":2.5},"geometry":{"type":"Polygon","coordinates":[[[136.20252,35.96773],[136.20224,35.96777],[136.20223,35.9678],[136.20221,35.96781],[136.20217,35.96795],[136.2022,35.96798],[136.20254,35.96793],[136.20252,35.96773]]]}},{"type":"Feature","properties":{"pid":"27569919-5caf-46ba-bf8b-b39f22cd1feb","full":1.0},"geometry":{"type":"Polygon","coordinates":[[[136.2025,35.96831],[136.20269,35.96828],[136.20262,35.96801],[136.20257,35.96798],[136.20251,35.96799],[136.2025,35.96801],[136.20247,35.96802],[136.2025,35.96811],[136.2025,35.96831]]]}},{"type":"Feature","properties":{"pid":"8cb8c6fc-57bd-4bcc-9abc-572206a2d77b","full":56.4},"geometry":{"type":"Polygon","coordinates":[[[136.20343,35.96764],[136.20407,35.9676],[136.20409,35.96749],[136.20411,35.96694],[136.20408,35.9666],[136.20382,35.96661],[136.20382,35.96663],[136.20378,35.96663],[136.20378,35.96662],[136.20327,35.96664],[136.20327,35.96666],[136.20325,35.96667],[136.20334,35.9669],[136.20338,35.96706],[136.20343,35.96764]]]}},{"type":"Feature","properties":{"pid":"81eb9fa1-dc0b-43b4-bdcf-f6950f5de8f2","full":24.6},"geometry":{"type":"Polygon","coordinates":[[[136.20475,35.96763],[136.20519,35.96761],[136.2051,35.96655],[136.2048,35.96655],[136.20478,35.96726],[136.20475,35.96763]]]}},{"type":"Feature","properties":{"pid":"85bdbba6-f2eb-4563-b304-961ba5e31641","full":4.0},"geometry":{"type":"Polygon","coordinates":[[[136.2052,35.96784],[136.20474,35.96786],[136.20472,35.96806],[136.20522,35.96804],[136.2052,35.96784]]]}},{"type":"Feature","properties":{"pid":"4bd740a4-d0e6-4e80-8782-005e1791205c","full":4.3},"geometry":{"type":"Polygon","coordinates":[[[136.20519,35.96764],[136.20516,35.96764],[136.20516,35.96762],[136.20475,35.96764],[136.20474,35.96785],[136.2052,35.96783],[136.20519,35.96764]]]}},{"type":"Feature","properties":{"pid":"f74332b3-a0e9-49d2-bcb3-f35cc677c578","full":30.7},"geometry":{"type":"Polygon","coordinates":[[[136.20467,35.96892],[136.20529,35.96889],[136.20526,35.96854],[136.20524,35.96852],[136.20524,35.9685],[136.20526,35.9685],[136.20523,35.96811],[136.20521,35.9681],[136.20476,35.96812],[136.20467,35.96892]]]}},{"type":"Feature","properties":{"pid":"fdbbbb7f-4bb4-4448-b933-c1d334217503","full":12.5},"geometry":{"type":"Polygon","coordinates":[[[136.20531,35.96912],[136.20464,35.96916],[136.20459,35.96946],[136.20533,35.96942],[136.20531,35.96912]]]}},{"type":"Feature","properties":{"pid":"4730a344-f0fa-4a50-98da-b80c0b1995c1","full":2.7},"geometry":{"type":"Polygon","coordinates":[[[136.2053,35.96899],[136.20528,35.96899],[136.20528,35.96898],[136.20465,35.96901],[136.20464,35.96915],[136.20531,35.96912],[136.2053,35.96899]]]}},{"type":"Feature","properties":{"pid":"4cce6b73-5086-4303-9512-afa3e692ffa4","full":6.5},"geometry":{"type":"Polygon","coordinates":[[[136.20322,35.96961],[136.20349,35.96951],[136.20317,35.9691],[136.20291,35.96911],[136.20322,35.96961]]]}},{"type":"Feature","properties":{"pid":"aa0f46df-aef5-4710-8516-6e899c5048ef","full":20.6},"geometry":{"type":"Polygon","coordinates":[[[136.20275,35.96986],[136.20295,35.97019],[136.20356,35.96995],[136.20366,35.96988],[136.20363,35.96966],[136.20353,35.96955],[136.20275,35.96986]]]}},{"type":"Feature","properties":{"pid":"19461ec7-4d43-4f75-a5cb-024d6ad0badf","full":11.3},"geometry":{"type":"Polygon","coordinates":[[[136.20533,35.96945],[136.20531,35.96945],[136.2053,35.96943],[136.20459,35.96947],[136.20459,35.96949],[136.2046,35.96954],[136.20472,35.96975],[136.20536,35.96971],[136.20533,35.96945]]]}},{"type":"Feature","properties":{"pid":"c84f3668-58b5-4642-af3e-824127589848","full":4.8},"geometry":{"type":"Polygon","coordinates":[[[136.20535,35.96972],[136.20472,35.96975],[136.20484,35.96994],[136.20537,35.9699],[136.20535,35.96972]]]}},{"type":"Feature","properties":{"pid":"c01aed7e-ae95-4976-b331-b2188d4078a8","full":3.7},"geometry":{"type":"Polygon","coordinates":[[[136.20484,35.96998],[136.20497,35.97018],[136.20539,35.97014],[136.20537,35.96996],[136.20484,35.96998]]]}},{"type":"Feature","properties":{"pid":"f6231a82-a09c-46a2-9c21-5a421f846d3a","full":10.9},"geometry":{"type":"Polygon","coordinates":[[[136.20633,35.97006],[136.20548,35.97011],[136.2055,35.97032],[136.20552,35.97032],[136.20553,35.97034],[136.20625,35.9703],[136.20629,35.97029],[136.20634,35.97026],[136.20633,35.97006]]]}},{"type":"Feature","properties":{"pid":"258b9d72-02d0-4cec-a914-10843c3897a9","full":47.7},"geometry":{"type":"Polygon","coordinates":[[[136.20716,35.96932],[136.20633,35.96935],[136.2064,35.97025],[136.20715,35.96997],[136.20717,35.96995],[136.20716,35.96932]]]}},{"type":"Feature","properties":{"pid":"3e54ab02-f31f-49e1-8e99-e1cf535da15c","full":39.2},"geometry":{"type":"Polygon","coordinates":[[[136.20628,35.96945],[136.20543,35.9695],[136.20543,35.96952],[136.2054,35.96952],[136.20543,35.96993],[136.20547,35.96992],[136.20548,35.9701],[136.20633,35.97005],[136.20628,35.96945]]]}},{"type":"Feature","properties":{"pid":"d7934663-a3be-4acf-b6b1-5bfb004e8df6","full":1.2},"geometry":{"type":"Polygon","coordinates":[[[136.20627,35.96933],[136.20539,35.96938],[136.2054,35.96949],[136.20628,35.96944],[136.20627,35.96933]]]}},{"type":"Feature","properties":{"pid":"a0b8ad3e-eea0-4607-93de-9393b01b9837","full":13.2},"geometry":{"type":"Polygon","coordinates":[[[136.20625,35.96907],[136.20537,35.96911],[136.20539,35.96937],[136.20627,35.96932],[136.20625,35.96907]]]}},{"type":"Feature","properties":{"pid":"44bc7d8c-a5a3-4e66-84e9-95e52fcab9f4","full":10.1},"geometry":{"type":"Polygon","coordinates":[[[136.20623,35.96885],[136.20535,35.96888],[136.20537,35.9691],[136.20626,35.96906],[136.20623,35.96885]]]}},{"type":"Feature","properties":{"pid":"7d41a82f-655b-4f42-80b5-29590ac4a0ac","full":10.3},"geometry":{"type":"Polygon","coordinates":[[[136.20621,35.96861],[136.20534,35.96865],[136.20535,35.96887],[136.20624,35.96884],[136.20621,35.96861]]]}},{"type":"Feature","properties":{"pid":"59e998d9-01e7-479c-a4fc-302614890c84","full":32.7},"geometry":{"type":"Polygon","coordinates":[[[136.20714,35.96877],[136.20628,35.96882],[136.20633,35.96934],[136.20716,35.96931],[136.20715,35.96879],[136.20714,35.96878],[136.20714,35.96877]]]}},{"type":"Feature","properties":{"pid":"54388191-b922-4059-86ce-92e4085df7bb","full":42.2},"geometry":{"type":"Polygon","coordinates":[[[136.20833,35.96846],[136.2083,35.96846],[136.2083,35.96844],[136.20725,35.96847],[136.20727,35.96899],[136.20835,35.96897],[136.20833,35.96846]]]}},{"type":"Feature","properties":{"pid":"e1240cb7-5b61-4718-af04-00f4fafe9ac6","full":39.3},"geometry":{"type":"Polygon","coordinates":[[[136.20726,35.969],[136.2073,35.96963],[136.20779,35.96962],[136.20806,35.96936],[136.20817,35.96928],[136.2083,35.96922],[136.20834,35.96918],[136.20835,35.969],[136.20832,35.969],[136.20831,35.96898],[136.20726,35.969]]]}},{"type":"Feature","properties":{"pid":"4fa8f539-a934-4afb-8c76-ac143179ac9d","full":3.7},"geometry":{"type":"Polygon","coordinates":[[[136.2073,35.96964],[136.2073,35.9699],[136.20733,35.96991],[136.20735,35.96993],[136.20759,35.96983],[136.20779,35.96963],[136.2073,35.96964]]]}},{"type":"Feature","properties":{"pid":"20833b2a-6078-4a10-831d-3e4f653bc0b8","full":20.6},"geometry":{"type":"Polygon","coordinates":[[[136.21017,35.96831],[136.20939,35.96831],[136.20938,35.96833],[136.20936,35.96833],[136.20938,35.96873],[136.20988,35.96872],[136.21003,35.96868],[136.21012,35.96868],[136.21013,35.96845],[136.21017,35.96831]]]}},{"type":"Feature","properties":{"pid":"5435ab1f-b45b-4db2-b2eb-457dc35829c0","full":35.3},"geometry":{"type":"Polygon","coordinates":[[[136.20842,35.9686],[136.20844,35.96905],[136.20843,35.96919],[136.20846,35.96922],[136.20906,35.96914],[136.20931,35.96898],[136.20929,35.96859],[136.20842,35.9686]]]}},{"type":"Feature","properties":{"pid":"7e007075-d3a5-43a9-9e35-95d4eb5343d2","full":1.6},"geometry":{"type":"Polygon","coordinates":[[[136.20838,35.96801],[136.20924,35.96798],[136.20923,35.96791],[136.2092,35.9679],[136.2092,35.96787],[136.20838,35.9679],[136.20838,35.96801]]]}},{"type":"Feature","properties":{"pid":"7de86ccb-eb75-4972-b1f2-aab82659f86d","full":16.3},"geometry":{"type":"Polygon","coordinates":[[[136.20836,35.96752],[136.20837,35.96783],[136.20838,35.96784],[136.20919,35.96782],[136.20921,35.9678],[136.20917,35.96759],[136.20914,35.9675],[136.20836,35.96752]]]}},{"type":"Feature","properties":{"pid":"356044fe-b9fc-4f06-ba60-4e8f1eb5e024","full":9.7},"geometry":{"type":"Polygon","coordinates":[[[136.20838,35.96802],[136.20839,35.96823],[136.20928,35.9682],[136.20924,35.96799],[136.20838,35.96802]]]}},{"type":"Feature","properties":{"pid":"df65006b-6eea-421f-be4c-783dcd10ea71","full":21.0},"geometry":{"type":"Polygon","coordinates":[[[136.20839,35.96824],[136.20842,35.9686],[136.20929,35.96858],[136.20928,35.96821],[136.20839,35.96824]]]}},{"type":"Feature","properties":{"pid":"64924294-23bc-4854-abeb-1254beb67211","full":19.1},"geometry":{"type":"Polygon","coordinates":[[[136.20936,35.9683],[136.21017,35.9683],[136.21021,35.96806],[136.20986,35.96806],[136.20986,35.96788],[136.20934,35.96787],[136.20934,35.9679],[136.20932,35.96791],[136.20936,35.9683]]]}},{"type":"Feature","properties":{"pid":"a1b33ac4-85c6-48b7-ac60-e083cf5d2401","full":27.0},"geometry":{"type":"Polygon","coordinates":[[[136.21041,35.96792],[136.21037,35.96808],[136.21033,35.9684],[136.21033,35.96862],[136.21043,35.96859],[136.21061,35.96856],[136.21091,35.96854],[136.21098,35.96792],[136.21043,35.96789],[136.21041,35.96792]]]}},{"type":"Feature","properties":{"pid":"06c1ec46-e484-4c6f-bfa6-bd1848f6690e","full":11.8},"geometry":{"type":"Polygon","coordinates":[[[136.20971,35.96747],[136.20965,35.96779],[136.20968,35.9678],[136.20967,35.96782],[136.21023,35.96782],[136.21027,35.96781],[136.21031,35.96751],[136.20971,35.96747]]]}},{"type":"Feature","properties":{"pid":"6ab0fe00-3cd9-4d6a-8f59-c0aaa589a23d","full":2.6},"geometry":{"type":"Polygon","coordinates":[[[136.20925,35.96762],[136.2093,35.96782],[136.20959,35.96782],[136.20962,35.96759],[136.20925,35.96762]]]}},{"type":"Feature","properties":{"pid":"24867690-5b3b-4fbc-8af4-02204ef70db9","full":5.4},"geometry":{"type":"Polygon","coordinates":[[[136.20975,35.96727],[136.20971,35.96747],[136.21031,35.9675],[136.21034,35.96732],[136.21032,35.96732],[136.21032,35.9673],[136.20975,35.96727]]]}},{"type":"Feature","properties":{"pid":"33f5a91a-e4d2-4198-9397-f36ed88d637b","full":3.0},"geometry":{"type":"Polygon","coordinates":[[[136.20837,35.96714],[136.20834,35.96714],[136.20835,35.96727],[136.20911,35.96723],[136.2091,35.9671],[136.20837,35.96712],[136.20837,35.96714]]]}},{"type":"Feature","properties":{"pid":"b9618276-e3a2-4a25-88ff-663a385d1fc3","full":10.2},"geometry":{"type":"Polygon","coordinates":[[[136.20834,35.9673],[136.20836,35.96751],[136.20913,35.96749],[136.20912,35.96744],[136.20911,35.96724],[136.20837,35.96727],[136.20836,35.9673],[136.20834,35.9673]]]}},{"type":"Feature","properties":{"pid":"259f03a3-aa54-4f3e-ac93-cc646db12683","full":28.7},"geometry":{"type":"Polygon","coordinates":[[[136.20835,35.96653],[136.20835,35.96655],[136.20832,35.96655],[136.20834,35.96711],[136.20905,35.96708],[136.20908,35.96704],[136.20899,35.96667],[136.20896,35.96662],[136.2089,35.96655],[136.20887,35.96647],[136.20835,35.96653]]]}},{"type":"Feature","properties":{"pid":"ea8b492f-cc6b-4930-ab23-3fe4c0bfafd8","full":3.0},"geometry":{"type":"Polygon","coordinates":[[[136.20828,35.96689],[136.20715,35.96691],[136.20716,35.96703],[136.20828,35.967],[136.20828,35.96689]]]}},{"type":"Feature","properties":{"pid":"2732458c-7deb-4f8a-8288-8de9d75f52f9","full":2.2},"geometry":{"type":"Polygon","coordinates":[[[136.20828,35.96679],[136.20825,35.96679],[136.20825,35.96677],[136.20714,35.96679],[136.20715,35.9669],[136.20829,35.96688],[136.20828,35.96679]]]}},{"type":"Feature","properties":{"pid":"f3fdca95-9675-476f-8f78-7be2da3be8b5","full":11.0},"geometry":{"type":"Polygon","coordinates":[[[136.20719,35.96734],[136.20721,35.96754],[136.20831,35.96751],[136.2083,35.96733],[136.20827,35.96733],[136.20827,35.96731],[136.20719,35.96734]]]}},{"type":"Feature","properties":{"pid":"ee23648f-0f0b-4729-9d7c-4acb5dce0202","full":9.6},"geometry":{"type":"Polygon","coordinates":[[[136.20829,35.96703],[136.20826,35.96703],[136.20826,35.96701],[136.20717,35.96704],[136.20718,35.96723],[136.20829,35.96719],[136.20829,35.96703]]]}},{"type":"Feature","properties":{"pid":"2cdbeacc-2b00-4eec-87cd-110cd400a58e","full":1.3},"geometry":{"type":"Polygon","coordinates":[[[136.20829,35.9672],[136.20718,35.96723],[136.20719,35.96733],[136.20827,35.9673],[136.20827,35.96729],[136.2083,35.96729],[136.20829,35.9672]]]}},{"type":"Feature","properties":{"pid":"ab92758d-1f87-4326-ba8f-a92c722fddae","full":23.1},"geometry":{"type":"Polygon","coordinates":[[[136.20831,35.96751],[136.20721,35.96755],[136.20723,35.96784],[136.20726,35.96784],[136.20726,35.96787],[136.2083,35.96784],[136.20831,35.96751]]]}},{"type":"Feature","properties":{"pid":"2166cce4-fbec-42c8-a30f-9ca52d89630c","full":42.7},"geometry":{"type":"Polygon","coordinates":[[[136.20725,35.96846],[136.2083,35.96843],[136.20831,35.96841],[136.20833,35.96841],[136.20832,35.96792],[136.20828,35.96792],[136.20827,35.9679],[136.20725,35.96792],[136.20725,35.96846]]]}},{"type":"Feature","properties":{"pid":"a8724ff6-21de-4c0c-b90e-f9e27d4c0614","full":11.4},"geometry":{"type":"Polygon","coordinates":[[[136.20711,35.96771],[136.20619,35.96776],[136.20621,35.96799],[136.2071,35.96795],[136.20713,35.96791],[136.20711,35.96771]]]}},{"type":"Feature","properties":{"pid":"cc39f875-c121-4e94-9046-b63b26bda4da","full":53.5},"geometry":{"type":"Polygon","coordinates":[[[136.20628,35.96882],[136.20715,35.96876],[136.20714,35.96834],[136.20712,35.96834],[136.20712,35.96832],[136.20714,35.9683],[136.20713,35.96799],[136.20621,35.96804],[136.20628,35.96882]]]}},{"type":"Feature","properties":{"pid":"3361ebb1-c565-45ca-9df1-2a62a3569d90","full":35.5},"geometry":{"type":"Polygon","coordinates":[[[136.20533,35.96864],[136.20621,35.9686],[136.20617,35.96806],[136.20614,35.96804],[136.2053,35.96809],[136.20533,35.96864]]]}},{"type":"Feature","properties":{"pid":"81388d1c-fd35-431d-9a77-6d4f8bb58227","full":9.2},"geometry":{"type":"Polygon","coordinates":[[[136.20616,35.96778],[136.20528,35.96782],[136.2053,35.96803],[136.20617,35.96799],[136.20616,35.96778]]]}},{"type":"Feature","properties":{"pid":"6aedcf75-c104-4410-b337-c51ad32a651b","full":34.9},"geometry":{"type":"Polygon","coordinates":[[[136.20611,35.96722],[136.20523,35.96726],[136.20528,35.96781],[136.20616,35.96777],[136.20611,35.96722]]]}},{"type":"Feature","properties":{"pid":"336055f6-211f-462e-9169-960c6ee5e613","full":58.4},"geometry":{"type":"Polygon","coordinates":[[[136.20704,35.96689],[136.20614,35.96694],[136.20619,35.96775],[136.20711,35.96771],[136.20704,35.96689]]]}},{"type":"Feature","properties":{"pid":"7b07007f-c81b-4444-bf05-9b5cb81825af","full":9.8},"geometry":{"type":"Polygon","coordinates":[[[136.20614,35.96693],[136.20704,35.96688],[136.20702,35.96666],[136.20612,35.96673],[136.20614,35.96693]]]}},{"type":"Feature","properties":{"pid":"efd6506a-85da-4a8a-a894-c064e85fd637","full":57.5},"geometry":{"type":"Polygon","coordinates":[[[136.20604,35.96637],[136.20516,35.96642],[136.20523,35.96726],[136.20611,35.96722],[136.20604,35.96637]]]}},{"type":"Feature","properties":{"pid":"aab35879-683e-4f6c-92b7-740c55701259","full":30.2},"geometry":{"type":"Polygon","coordinates":[[[136.20701,35.96665],[136.20698,35.9662],[136.20607,35.96624],[136.20612,35.96672],[136.20701,35.96665]]]}},{"type":"Feature","properties":{"pid":"c0ed0386-33cf-4a7a-ba0d-f8408316df95","full":14.8},"geometry":{"type":"Polygon","coordinates":[[[136.20607,35.96624],[136.20698,35.96619],[136.20696,35.96594],[136.20693,35.96594],[136.20693,35.96592],[136.20606,35.96596],[136.20604,35.96598],[136.20607,35.96624]]]}},{"type":"Feature","properties":{"pid":"bce45df3-7e88-4193-aa2d-62e3fb49a5bf","full":70.2},"geometry":{"type":"Polygon","coordinates":[[[136.20516,35.96642],[136.20604,35.96637],[136.20602,35.96594],[136.20615,35.96594],[136.20611,35.96545],[136.2051,35.96549],[136.20511,35.96587],[136.20516,35.96642]]]}},{"type":"Feature","properties":{"pid":"44378522-71c2-427b-b46e-dbefa8ebee30","full":10.2},"geometry":{"type":"Polygon","coordinates":[[[136.20655,35.96542],[136.20659,35.9659],[136.20692,35.96589],[136.20693,35.96587],[136.20696,35.96586],[136.20692,35.9654],[136.20655,35.96542]]]}},{"type":"Feature","properties":{"pid":"1ba7ec9f-efca-4cb8-9f21-5982042099fa","full":26.8},"geometry":{"type":"Polygon","coordinates":[[[136.2084,35.96603],[136.20823,35.96605],[136.2082,35.96594],[136.2078,35.96599],[136.20775,35.96602],[136.20756,35.96605],[136.20736,35.96607],[136.20719,35.96575],[136.20702,35.96581],[136.20703,35.96592],[136.20708,35.96591],[136.20711,35.96631],[136.20713,35.96631],[136.20713,35.96632],[136.20845,35.96629],[136.20846,35.96627],[136.2084,35.96603]]]}},{"type":"Feature","properties":{"pid":"0d204ec5-7293-479a-800f-a8175991b596","full":12.1},"geometry":{"type":"Polygon","coordinates":[[[136.20827,35.96656],[136.20713,35.96658],[136.20714,35.96679],[136.20825,35.96677],[136.20825,35.96675],[136.20828,35.96675],[136.20827,35.96656]]]}},{"type":"Feature","properties":{"pid":"392fb910-bbd4-43fe-a672-bb39523a03d8","full":12.4},"geometry":{"type":"Polygon","coordinates":[[[136.20712,35.96658],[136.20828,35.96655],[136.20826,35.96636],[136.20824,35.96634],[136.20713,35.96637],[136.2071,35.96638],[136.20712,35.96658]]]}},{"type":"Feature","properties":{"pid":"ded92b57-6b54-4ecf-8a54-13789de2926d","full":3.1},"geometry":{"type":"Polygon","coordinates":[[[136.20833,35.96652],[136.20886,35.96646],[136.20879,35.9663],[136.20858,35.96633],[136.20833,35.96634],[136.20832,35.96636],[136.20833,35.96652]]]}},{"type":"Feature","properties":{"pid":"1daec86e-34c9-4ac0-b6f5-340a78f6b789","full":3.1},"geometry":{"type":"Polygon","coordinates":[[[136.20984,35.96671],[136.21042,35.96673],[136.21045,35.96654],[136.20987,35.96651],[136.20985,35.9666],[136.21003,35.9666],[136.21003,35.96667],[136.20985,35.96667],[136.20984,35.96671]]]}},{"type":"Feature","properties":{"pid":"006b2e9d-2713-4e4b-839d-758c89805752","full":6.4},"geometry":{"type":"Polygon","coordinates":[[[136.20987,35.96651],[136.21046,35.96654],[136.2105,35.96632],[136.2099,35.96628],[136.20987,35.96651]]]}},{"type":"Feature","properties":{"pid":"04d900d2-f98d-4534-b170-79d64a1b11f4","full":8.2},"geometry":{"type":"Polygon","coordinates":[[[136.21003,35.96553],[136.2106,35.96556],[136.21063,35.96536],[136.21059,35.96535],[136.21059,35.96533],[136.21034,35.96532],[136.21035,35.96522],[136.21009,35.96521],[136.21008,35.96522],[136.21006,35.96522],[136.21003,35.96553]]]}},{"type":"Feature","properties":{"pid":"e9f12f83-0c85-4fab-985c-3695a6b58374","full":2.7},"geometry":{"type":"Polygon","coordinates":[[[136.2096,35.96449],[136.20961,35.96455],[136.20964,35.96455],[136.20964,35.96456],[136.20976,35.96458],[136.20978,35.9646],[136.21005,35.96462],[136.21006,35.96461],[136.21012,35.96461],[136.21015,35.96448],[136.21013,35.96448],[136.21011,35.96445],[136.20984,35.96443],[136.20983,35.96441],[136.20974,35.9644],[136.20972,35.96449],[136.2096,35.96449]]]}},{"type":"Feature","properties":{"pid":"ac548daf-95d5-477b-8310-bcb7572dc698","full":24.0},"geometry":{"type":"Polygon","coordinates":[[[136.21014,35.96477],[136.2107,35.9648],[136.21078,35.96416],[136.21075,35.96416],[136.21074,35.96415],[136.21025,35.96413],[136.21021,35.96446],[136.21014,35.96477]]]}},{"type":"Feature","properties":{"pid":"0f4000b3-e369-4305-9b4a-920f00f620bd","full":80.9},"geometry":{"type":"Polygon","coordinates":[[[136.2098,35.96292],[136.20976,35.96383],[136.20978,35.96385],[136.21023,35.96384],[136.21082,35.96385],[136.21091,35.96296],[136.2109,35.96294],[136.20983,35.9629],[136.20983,35.96292],[136.2098,35.96292]]]}},{"type":"Feature","properties":{"pid":"9d07f5e8-4a90-418c-927c-3647079256b8","full":7.8},"geometry":{"type":"Polygon","coordinates":[[[136.20913,35.96328],[136.20912,35.96339],[136.20917,35.96344],[136.20919,35.96344],[136.20926,35.96357],[136.20968,35.96357],[136.20969,35.96329],[136.20913,35.96328]]]}},{"type":"Feature","properties":{"pid":"ac870737-0392-4e9d-b351-013ea2303c59","full":0.7},"geometry":{"type":"Polygon","coordinates":[[[136.20874,35.96384],[136.20877,35.96402],[136.20896,35.964],[136.20893,35.96382],[136.20874,35.96384]]]}},{"type":"Feature","properties":{"pid":"de8a37c3-1e71-4a15-b0e3-f6f8fb2f17b0","full":3.3},"geometry":{"type":"Polygon","coordinates":[[[136.20834,35.96362],[136.20837,35.96379],[136.20841,35.96382],[136.20873,35.96378],[136.20876,35.96375],[136.20873,35.96359],[136.20871,35.96359],[136.2087,35.96358],[136.20834,35.96362]]]}},{"type":"Feature","properties":{"pid":"90025b79-56a0-46fc-9e4b-80d81447c89d","full":3.1},"geometry":{"type":"Polygon","coordinates":[[[136.20857,35.96359],[136.20852,35.96325],[136.20832,35.96327],[136.20829,35.96329],[136.20834,35.96361],[136.20857,35.96359]]]}},{"type":"Feature","properties":{"pid":"244c0fe1-0289-4eec-803b-2f85e0678cee","full":1.4},"geometry":{"type":"Polygon","coordinates":[[[136.20819,35.96309],[136.20801,35.9631],[136.20805,35.96338],[136.20824,35.96337],[136.20819,35.96309]]]}},{"type":"Feature","properties":{"pid":"aaf38f5c-de27-4111-a56c-ee723fde9b1f","full":1.6},"geometry":{"type":"Polygon","coordinates":[[[136.20832,35.96391],[136.20829,35.96392],[136.20828,35.96389],[136.20792,35.96393],[136.20794,35.96405],[136.20798,35.96407],[136.2083,35.96404],[136.20834,35.96401],[136.20832,35.96391]]]}},{"type":"Feature","properties":{"pid":"c5fb86a0-87df-4118-9c15-b75420b758a0","full":2.8},"geometry":{"type":"Polygon","coordinates":[[[136.20336,35.96426],[136.20307,35.96427],[136.20308,35.96451],[136.20344,35.9645],[136.20342,35.96443],[136.2034,35.96441],[136.20337,35.96439],[136.20336,35.96435],[136.20336,35.96426]]]}},{"type":"Feature","properties":{"pid":"4fcb12f0-324c-4a76-8c4c-5dbab2c3eaf7","full":7.5},"geometry":{"type":"Polygon","coordinates":[[[136.20347,35.9645],[136.20309,35.96452],[136.2031,35.96477],[136.20388,35.96473],[136.20388,35.96472],[136.2039,35.96472],[136.20389,35.96448],[136.20377,35.96449],[136.20377,35.96458],[136.20351,35.9646],[136.20347,35.9645]]]}},{"type":"Feature","properties":{"pid":"3d016a56-1a53-4598-b882-b531142a5759","full":1.0},"geometry":{"type":"Polygon","coordinates":[[[136.20329,35.96478],[136.2031,35.96478],[136.20312,35.965],[136.2033,35.96499],[136.20329,35.96478]]]}},{"type":"Feature","properties":{"pid":"33091826-5249-4cad-9e7e-079a40555d18","full":0.5},"geometry":{"type":"Polygon","coordinates":[[[136.20371,35.96489],[136.20379,35.96488],[136.20382,35.96497],[136.20392,35.96497],[136.2039,35.96475],[136.2037,35.96476],[136.20371,35.96489]]]}},{"type":"Feature","properties":{"pid":"0e51c9ba-970a-4200-9ffc-28edb28e8bbc","full":3.3},"geometry":{"type":"Polygon","coordinates":[[[136.20473,35.96517],[136.20474,35.96548],[136.20501,35.96548],[136.20498,35.96516],[136.20473,35.96517]]]}},{"type":"Feature","properties":{"pid":"fbf14acc-7882-4c3e-aaa7-be88950f49c7","full":6.1},"geometry":{"type":"Polygon","coordinates":[[[136.20506,35.96604],[136.20501,35.9655],[136.20478,35.9655],[136.2048,35.96605],[136.20506,35.96604]]]}},{"type":"Feature","properties":{"pid":"7582c3c5-1481-4172-a5e7-64b522bdd5c4","full":6.2},"geometry":{"type":"Polygon","coordinates":[[[136.2048,35.96605],[136.2048,35.96634],[136.20479,35.96651],[136.20509,35.9665],[136.20506,35.96604],[136.2048,35.96605]]]}},{"type":"Feature","properties":{"pid":"3a749bb3-4146-4dd3-b35e-84ad3cf66fca","full":18.2},"geometry":{"type":"Polygon","coordinates":[[[136.20389,35.96656],[136.20383,35.96557],[136.20351,35.96559],[136.20359,35.96657],[136.20389,35.96656]]]}},{"type":"Feature","properties":{"pid":"4d2226ba-290a-44f5-bd20-16cec6e3f2b2","full":8.3},"geometry":{"type":"Polygon","coordinates":[[[136.2039,35.96656],[136.20407,35.96655],[136.20402,35.96605],[136.20411,35.96604],[136.2041,35.96556],[136.20384,35.96557],[136.2039,35.96656]]]}},{"type":"Feature","properties":{"pid":"e671922c-5cf0-4155-ada3-0f6026cf7a38","full":17.7},"geometry":{"type":"Polygon","coordinates":[[[136.20358,35.96657],[136.2035,35.96559],[136.20314,35.96561],[136.20322,35.96659],[136.20358,35.96657]],[[136.2033,35.9664],[136.20344,35.96637],[136.20347,35.96647],[136.20333,35.9665],[136.2033,35.9664]]]}},{"type":"Feature","properties":{"pid":"a5b28234-db72-4423-aad8-761946c58d64","full":10.3},"geometry":{"type":"Polygon","coordinates":[[[136.2036,35.96554],[136.20399,35.96552],[136.20395,35.96506],[136.20375,35.96506],[136.20375,35.96509],[136.2037,35.96509],[136.2037,35.96506],[136.20357,35.96507],[136.2036,35.96554]]]}},{"type":"Feature","properties":{"pid":"a457035a-3287-46a7-8fa5-a263a8dc4431","full":3.8},"geometry":{"type":"Polygon","coordinates":[[[136.20355,35.96507],[136.20334,35.96507],[136.20338,35.96555],[136.20359,35.96554],[136.20355,35.96507]]]}},{"type":"Feature","properties":{"pid":"ba59e3d6-b082-4d91-9f69-2be0bf05407a","full":24.6},"geometry":{"type":"Polygon","coordinates":[[[136.20337,35.96555],[136.20334,35.96509],[136.20294,35.96512],[136.20248,35.96518],[136.20264,35.96559],[136.20337,35.96555]]]}},{"type":"Feature","properties":{"pid":"30c44a58-5fe4-4ff8-8b97-cfa9213ae56b","full":16.0},"geometry":{"type":"Polygon","coordinates":[[[136.20314,35.96561],[136.20264,35.96564],[136.20274,35.96594],[136.20276,35.96598],[136.20283,35.96608],[136.20313,35.96644],[136.20321,35.96657],[136.20314,35.96561]]]}},{"type":"Feature","properties":{"pid":"761e4e3c-8d24-4e05-b5dc-34c5d06de781","full":18.4},"geometry":{"type":"Polygon","coordinates":[[[136.20094,35.96481],[136.20124,35.96477],[136.20086,35.96378],[136.20056,35.96387],[136.20094,35.96481]]]}},{"type":"Feature","properties":{"pid":"729e3791-c06c-4fc4-a4b9-092a35f78417","full":18.1},"geometry":{"type":"Polygon","coordinates":[[[136.20302,35.96456],[136.2023,35.96459],[136.20235,35.96478],[136.20241,35.9649],[136.20246,35.96499],[136.203,35.96499],[136.203,35.96497],[136.20304,35.96497],[136.20302,35.96456]]]}},{"type":"Feature","properties":{"pid":"4c910527-d661-429c-9a14-c0cb93f446d2","full":14.4},"geometry":{"type":"Polygon","coordinates":[[[136.20299,35.96417],[136.20296,35.96417],[136.20296,35.96415],[136.20222,35.96419],[136.20226,35.96444],[136.2023,35.96458],[136.20302,35.96455],[136.20299,35.96417]],[[136.20247,35.96443],[136.20244,35.96433],[136.20258,35.96429],[136.20262,35.96439],[136.20247,35.96443]]]}},{"type":"Feature","properties":{"pid":"83d7fc0f-a0b4-41c3-95cf-2102a3d5f94f","full":16.3},"geometry":{"type":"Polygon","coordinates":[[[136.20296,35.96379],[136.20228,35.96383],[136.20222,35.96405],[136.20222,35.96418],[136.20299,35.96415],[136.20296,35.96379]]]}},{"type":"Feature","properties":{"pid":"37ddf6a2-14ad-4af8-9ee8-d21553fca9bd","full":17.2},"geometry":{"type":"Polygon","coordinates":[[[136.20228,35.96383],[136.20297,35.96379],[136.20293,35.96332],[136.20253,35.96334],[136.20243,35.96347],[136.20236,35.96359],[136.20228,35.96383]]]}},{"type":"Feature","properties":{"pid":"e5e5dfba-30e6-4c72-8e16-2b401b817491","full":43.3},"geometry":{"type":"Polygon","coordinates":[[[136.20031,35.9639],[136.2009,35.96373],[136.20055,35.96286],[136.19994,35.96303],[136.20031,35.9639]]]}},{"type":"Feature","properties":{"pid":"0aa89af5-eaed-42ba-b9e3-700133bef16e","full":66.7},"geometry":{"type":"Polygon","coordinates":[[[136.20093,35.96482],[136.20055,35.96387],[136.19963,35.96413],[136.19964,35.96415],[136.19962,35.96416],[136.19985,35.96466],[136.20012,35.96458],[136.20028,35.96497],[136.20075,35.96496],[136.20077,35.96484],[136.20093,35.96482]]]}},{"type":"Feature","properties":{"pid":"1d45fba5-ada0-4106-8aa5-3c6627aadc25","full":11.9},"geometry":{"type":"Polygon","coordinates":[[[136.20016,35.96541],[136.1999,35.9654],[136.19985,35.96577],[136.20036,35.96581],[136.20038,35.96572],[136.20031,35.96571],[136.20041,35.96527],[136.20019,35.96529],[136.20016,35.96541]]]}},{"type":"Feature","properties":{"pid":"4f12a0f9-1bc7-4b65-9f89-56fb3f1f297a","full":2.5},"geometry":{"type":"Polygon","coordinates":[[[136.19986,35.96578],[136.19986,35.96579],[136.19984,35.96579],[136.19982,35.96586],[136.19997,35.96586],[136.19996,35.96598],[136.2003,35.96601],[136.20036,35.96582],[136.19986,35.96578]]]}},{"type":"Feature","properties":{"pid":"ca949954-d7c0-420a-9b68-0289d53e362e","full":2.3},"geometry":{"type":"Polygon","coordinates":[[[136.19987,35.96956],[136.20022,35.96959],[136.20025,35.96941],[136.19989,35.96937],[136.19987,35.96956]]]}},{"type":"Feature","properties":{"pid":"7d4d9809-751d-42e0-9545-fec27e06f98e","full":35.4},"geometry":{"type":"Polygon","coordinates":[[[136.19967,35.9621],[136.20003,35.96296],[136.20054,35.96282],[136.20019,35.96195],[136.19967,35.9621]]]}},{"type":"Feature","properties":{"pid":"7ba1c936-c379-4012-ad38-ef367e3df8fb","full":10.4},"geometry":{"type":"Polygon","coordinates":[[[136.20023,35.96192],[136.20037,35.96188],[136.20018,35.96098],[136.19988,35.96106],[136.19988,35.96108],[136.20023,35.96192]]]}},{"type":"Feature","properties":{"pid":"5cb3b687-d2dc-4d57-b81b-ad77d30e731d","full":20.4},"geometry":{"type":"Polygon","coordinates":[[[136.20019,35.95863],[136.20067,35.95853],[136.20066,35.9585],[136.2007,35.95849],[136.20056,35.958],[136.19998,35.9581],[136.20019,35.95863]]]}},{"type":"Feature","properties":{"pid":"a39fd583-d8f9-4315-b0ab-8486584546dd","full":39.8},"geometry":{"type":"Polygon","coordinates":[[[136.19962,35.95723],[136.19996,35.95806],[136.2005,35.95798],[136.2005,35.95795],[136.20053,35.95794],[136.20021,35.95709],[136.19962,35.95723]]]}},{"type":"Feature","properties":{"pid":"34676638-f8e0-4026-97ee-0dadc916c39c","full":6.9},"geometry":{"type":"Polygon","coordinates":[[[136.20802,35.95727],[136.208,35.9574],[136.20801,35.95743],[136.20918,35.95752],[136.20919,35.95736],[136.20802,35.95727]]]}},{"type":"Feature","properties":{"pid":"3cc4fe93-c868-4e2d-ab92-3ded79944513","full":12.2},"geometry":{"type":"Polygon","coordinates":[[[136.20916,35.95768],[136.20801,35.9576],[136.20802,35.95779],[136.20804,35.95781],[136.20911,35.95789],[136.20914,35.95788],[136.20916,35.95768]]]}},{"type":"Feature","properties":{"pid":"bee9ef9a-912e-41a3-8725-cb4d1b99d1ae","full":25.3},"geometry":{"type":"Polygon","coordinates":[[[136.21031,35.95763],[136.20925,35.95753],[136.20921,35.95788],[136.20923,35.95789],[136.21027,35.95798],[136.21031,35.95763]]]}},{"type":"Feature","properties":{"pid":"e070f332-03c2-4364-bd3f-2256d7f70c07","full":8.2},"geometry":{"type":"Polygon","coordinates":[[[136.2104,35.95744],[136.2093,35.95737],[136.20929,35.95739],[136.20927,35.9574],[136.20925,35.95753],[136.21038,35.95762],[136.2104,35.95744]]]}},{"type":"Feature","properties":{"pid":"084f6772-b189-42ac-9eac-a1b122e092bc","full":21.6},"geometry":{"type":"Polygon","coordinates":[[[136.21043,35.95713],[136.20933,35.95706],[136.20932,35.95708],[136.2093,35.95708],[136.20928,35.95736],[136.2104,35.95743],[136.21043,35.95713]]]}},{"type":"Feature","properties":{"pid":"a8804d7c-e6da-4125-871d-53bd59858d17","full":45.1},"geometry":{"type":"Polygon","coordinates":[[[136.20914,35.95849],[136.21026,35.95858],[136.21033,35.95807],[136.21031,35.95807],[136.21032,35.95804],[136.20921,35.95796],[136.2092,35.95798],[136.20914,35.95849]]]}},{"type":"Feature","properties":{"pid":"f0f48410-260e-4c3c-b93d-cff93eed61cd","full":21.5},"geometry":{"type":"Polygon","coordinates":[[[136.21026,35.95858],[136.20914,35.9585],[136.20911,35.9588],[136.21022,35.95888],[136.21026,35.95858]]]}},{"type":"Feature","properties":{"pid":"46074b29-fc77-42cf-aa00-46ae487cdafd","full":45.7},"geometry":{"type":"Polygon","coordinates":[[[136.21014,35.95967],[136.2102,35.95912],[136.20908,35.95904],[136.20902,35.95955],[136.20904,35.95955],[136.20905,35.95958],[136.21014,35.95967]]]}},{"type":"Feature","properties":{"pid":"197d4119-a370-47c9-9484-e6339af5a8f3","full":13.6},"geometry":{"type":"Polygon","coordinates":[[[136.21022,35.95889],[136.2091,35.95881],[136.20908,35.95901],[136.2091,35.95902],[136.2091,35.95903],[136.2102,35.95911],[136.21022,35.95889]]]}},{"type":"Feature","properties":{"pid":"7654eeb0-5c3d-4f06-a12f-f15860ec82f7","full":15.8},"geometry":{"type":"Polygon","coordinates":[[[136.20809,35.95904],[136.20811,35.95933],[136.20894,35.9594],[136.20894,35.95938],[136.20897,35.95938],[136.20901,35.9591],[136.20809,35.95904]]]}},{"type":"Feature","properties":{"pid":"86cd882e-a802-44fe-bf24-5c4097127b47","full":5.5},"geometry":{"type":"Polygon","coordinates":[[[136.2081,35.95934],[136.20811,35.9595],[136.20893,35.95957],[136.20893,35.95955],[136.20895,35.95956],[136.20897,35.95941],[136.2081,35.95934]]]}},{"type":"Feature","properties":{"pid":"ecd56909-0b08-469b-bce7-8908b1279eec","full":30.1},"geometry":{"type":"Polygon","coordinates":[[[136.20806,35.95859],[136.20808,35.95903],[136.20901,35.9591],[136.20906,35.95865],[136.20806,35.95859]]]}},{"type":"Feature","properties":{"pid":"3fa174bf-6720-429b-9fa0-62ee97402298","full":14.9},"geometry":{"type":"Polygon","coordinates":[[[136.20804,35.95818],[136.20805,35.95843],[136.20904,35.9585],[136.20905,35.95848],[136.20908,35.95849],[136.2091,35.95826],[136.20804,35.95818]]]}},{"type":"Feature","properties":{"pid":"28a714c1-af6c-4fc4-9edf-bac0dee786e1","full":4.3},"geometry":{"type":"Polygon","coordinates":[[[136.20806,35.95844],[136.20806,35.95858],[136.20906,35.95865],[136.20907,35.95851],[136.20806,35.95844]]]}},{"type":"Feature","properties":{"pid":"42936ee8-3997-4b17-b696-9f98aa8c2dcc","full":20.4},"geometry":{"type":"Polygon","coordinates":[[[136.20804,35.95817],[136.20907,35.95825],[136.20907,35.95822],[136.20911,35.95822],[136.20913,35.95797],[136.2091,35.95795],[136.20805,35.95787],[136.20803,35.95788],[136.20804,35.95817]]]}},{"type":"Feature","properties":{"pid":"28aff3fe-39ae-42f4-8205-224865d90bfc","full":22.0},"geometry":{"type":"Polygon","coordinates":[[[136.20708,35.95783],[136.20735,35.9582],[136.20737,35.9582],[136.20739,35.95821],[136.20789,35.95797],[136.20788,35.95764],[136.20786,35.95753],[136.20771,35.95753],[136.20767,35.95757],[136.20757,35.95764],[136.20749,35.95767],[136.20722,35.95776],[136.20708,35.95783]]]}},{"type":"Feature","properties":{"pid":"360ec861-dfb6-4e46-a044-c50a22ee5e0e","full":10.8},"geometry":{"type":"Polygon","coordinates":[[[136.20703,35.95838],[136.20736,35.95823],[136.20707,35.95783],[136.20673,35.95799],[136.20699,35.95837],[136.20701,35.95836],[136.20703,35.95838]]]}},{"type":"Feature","properties":{"pid":"3978ba14-3f16-472f-a7a4-8bc495a26548","full":4.0},"geometry":{"type":"Polygon","coordinates":[[[136.20719,35.95889],[136.20738,35.95881],[136.2071,35.95842],[136.20708,35.95843],[136.20706,35.95841],[136.2069,35.95848],[136.20719,35.95889]]]}},{"type":"Feature","properties":{"pid":"21372588-2280-491b-8444-953fd3f83c79","full":24.7},"geometry":{"type":"Polygon","coordinates":[[[136.20739,35.9588],[136.20792,35.95855],[136.20789,35.95806],[136.20787,35.95806],[136.20785,35.95804],[136.20709,35.9584],[136.20739,35.9588]]]}},{"type":"Feature","properties":{"pid":"8ec7697b-ea69-4c36-ac88-85f79f21d380","full":4.3},"geometry":{"type":"Polygon","coordinates":[[[136.20756,35.95876],[136.20783,35.95915],[136.20785,35.95914],[136.20786,35.95916],[136.20796,35.95911],[136.20793,35.95873],[136.20781,35.95879],[136.20773,35.95868],[136.20756,35.95876]]]}},{"type":"Feature","properties":{"pid":"4ffb2e05-810a-4b1a-83dd-53652ffcf713","full":25.2},"geometry":{"type":"Polygon","coordinates":[[[136.20717,35.95949],[136.20784,35.95917],[136.20755,35.95877],[136.20688,35.95908],[136.20717,35.95949]]]}},{"type":"Feature","properties":{"pid":"568eda20-287e-400a-b7ce-799643c66653","full":12.2},"geometry":{"type":"Polygon","coordinates":[[[136.20682,35.95907],[136.20718,35.95889],[136.2069,35.95849],[136.20652,35.95867],[136.20665,35.95885],[136.20682,35.95907]]]}},{"type":"Feature","properties":{"pid":"f1802fe7-cf93-4f94-b9d6-027b5d5ae36c","full":3.2},"geometry":{"type":"Polygon","coordinates":[[[136.20662,35.95917],[136.20633,35.95878],[136.20615,35.95885],[136.20645,35.95925],[136.20662,35.95917]]]}},{"type":"Feature","properties":{"pid":"934a31ee-9c5f-428c-9860-4436f2668563","full":14.1},"geometry":{"type":"Polygon","coordinates":[[[136.20688,35.95908],[136.20645,35.95928],[136.20676,35.95968],[136.20717,35.95949],[136.20688,35.95908]]]}},{"type":"Feature","properties":{"pid":"e9e7ab57-ab9f-4808-9ad9-5c95f6bda253","full":40.2},"geometry":{"type":"Polygon","coordinates":[[[136.20579,35.95957],[136.20643,35.95926],[136.20587,35.95852],[136.20538,35.95924],[136.20549,35.95935],[136.20555,35.95932],[136.20579,35.95957]]]}},{"type":"Feature","properties":{"pid":"6bf24a46-fb87-4aa7-b49a-36713ad52732","full":3.4},"geometry":{"type":"Polygon","coordinates":[[[136.20687,35.95845],[136.20658,35.95805],[136.20641,35.95814],[136.20669,35.95854],[136.20687,35.95845]]]}},{"type":"Feature","properties":{"pid":"cba88b57-707b-4e0e-9e9e-7446ec93e24f","full":1.5},"geometry":{"type":"Polygon","coordinates":[[[136.20672,35.95799],[136.20659,35.95805],[136.20686,35.95843],[136.20688,35.95843],[136.20689,35.95844],[136.207,35.95839],[136.20672,35.95799]]]}},{"type":"Feature","properties":{"pid":"af6c0848-eead-4eb0-b885-1c8e8dd51efb","full":20.8},"geometry":{"type":"Polygon","coordinates":[[[136.20589,35.95778],[136.20586,35.95703],[136.20551,35.95704],[136.20552,35.95719],[136.2055,35.9572],[136.20547,35.95802],[136.20589,35.95778]]]}},{"type":"Feature","properties":{"pid":"b933bf24-29eb-4d2e-869c-06d67a843ba2","full":15.6},"geometry":{"type":"Polygon","coordinates":[[[136.206,35.95703],[136.20603,35.95769],[136.20654,35.95731],[136.20653,35.95701],[136.206,35.95703]]]}},{"type":"Feature","properties":{"pid":"9da74a2d-30e2-4c5d-90fc-820f02e9484f","full":18.7},"geometry":{"type":"Polygon","coordinates":[[[136.20526,35.95813],[136.20545,35.95803],[136.20549,35.9572],[136.20502,35.95727],[136.20522,35.95812],[136.20526,35.95813]]]}},{"type":"Feature","properties":{"pid":"a7f0139d-f42c-4770-ae5a-68d079db76d9","full":17.2},"geometry":{"type":"Polygon","coordinates":[[[136.20501,35.95728],[136.2047,35.95733],[136.20491,35.95822],[136.20494,35.95823],[136.20512,35.9582],[136.20521,35.95815],[136.20501,35.95728]]]}},{"type":"Feature","properties":{"pid":"0546c3ea-444c-479b-960f-6a4defb6afce","full":18.4},"geometry":{"type":"Polygon","coordinates":[[[136.20469,35.95733],[136.20436,35.95738],[136.20457,35.95827],[136.20462,35.95828],[136.20489,35.95823],[136.20469,35.95733]]]}},{"type":"Feature","properties":{"pid":"0285c97d-8792-4f23-861c-2cf9b26c3cbf","full":19.0},"geometry":{"type":"Polygon","coordinates":[[[136.20191,35.95775],[136.20168,35.95683],[136.20166,35.95684],[136.20165,35.95681],[136.20136,35.95686],[136.20158,35.95781],[136.20191,35.95775]]]}},{"type":"Feature","properties":{"pid":"70c74636-b980-40ac-8cce-0fcdf9895963","full":17.1},"geometry":{"type":"Polygon","coordinates":[[[136.20127,35.95786],[136.20157,35.95781],[136.20135,35.95689],[136.20133,35.95689],[136.20132,35.95687],[136.20105,35.95692],[136.20127,35.95786]]]}},{"type":"Feature","properties":{"pid":"44d4bc5d-4501-4364-b8f1-6ee542a594df","full":53.4},"geometry":{"type":"Polygon","coordinates":[[[136.20104,35.95691],[136.20029,35.95704],[136.20026,35.95707],[136.20063,35.95797],[136.20126,35.95786],[136.20104,35.95691]]]}},{"type":"Feature","properties":{"pid":"8bd8ae92-a751-4287-be28-7f87ac899692","full":10.7},"geometry":{"type":"Polygon","coordinates":[[[136.20224,35.9577],[136.20202,35.9568],[136.20198,35.9568],[136.20197,35.95678],[136.20179,35.95681],[136.202,35.95773],[136.20224,35.9577]]]}},{"type":"Feature","properties":{"pid":"34ba9f38-6339-4739-b434-0a29a0d4b3ab","full":4.5},"geometry":{"type":"Polygon","coordinates":[[[136.20225,35.9577],[136.20239,35.95767],[136.20239,35.95765],[136.20241,35.95764],[136.20217,35.95675],[136.20202,35.95677],[136.20225,35.9577]]]}},{"type":"Feature","properties":{"pid":"06e0de1e-75b8-4574-8efb-c3c85fd0f21f","full":8.6},"geometry":{"type":"Polygon","coordinates":[[[136.20192,35.95779],[136.20171,35.95782],[136.20192,35.95871],[136.20214,35.95867],[136.20192,35.95779]]]}},{"type":"Feature","properties":{"pid":"7842d121-9673-4fd1-afce-eafd4e3703de","full":34.4},"geometry":{"type":"Polygon","coordinates":[[[136.20215,35.95867],[136.20269,35.95858],[136.20243,35.9577],[136.20193,35.95779],[136.20215,35.95867]]]}},{"type":"Feature","properties":{"pid":"bcf2783a-3f7f-49af-b3c1-988269279d13","full":67.3},"geometry":{"type":"Polygon","coordinates":[[[136.20064,35.95799],[136.20089,35.95887],[136.20179,35.95873],[136.20158,35.95784],[136.20064,35.95799]]]}},{"type":"Feature","properties":{"pid":"85a09cf0-b30a-4332-bade-16988281a85d","full":10.3},"geometry":{"type":"Polygon","coordinates":[[[136.20071,35.95852],[136.2002,35.95864],[136.20031,35.95891],[136.2004,35.95889],[136.20042,35.95895],[136.20072,35.95892],[136.20081,35.95888],[136.20071,35.95852]]]}},{"type":"Feature","properties":{"pid":"2f9b7f61-3057-4938-91f7-ef648c652f87","full":20.1},"geometry":{"type":"Polygon","coordinates":[[[136.20041,35.95915],[136.20065,35.95991],[136.20099,35.95984],[136.20077,35.95898],[136.20075,35.95899],[136.20071,35.95901],[136.20042,35.95908],[136.20041,35.95915]]]}},{"type":"Feature","properties":{"pid":"e4bda605-6eaa-4f81-8ba9-4f3eadc6ee16","full":6.6},"geometry":{"type":"Polygon","coordinates":[[[136.20249,35.95961],[136.20226,35.95871],[136.20208,35.95874],[136.2023,35.95964],[136.20249,35.95961]]]}},{"type":"Feature","properties":{"pid":"3dcdcef5-8362-458f-bdf9-b647ffbee720","full":9.1},"geometry":{"type":"Polygon","coordinates":[[[136.20249,35.95961],[136.20271,35.95958],[136.20248,35.95868],[136.20227,35.95871],[136.20249,35.95961]]]}},{"type":"Feature","properties":{"pid":"5fbdc9ec-f90b-4b72-aa78-26386538fe55","full":17.2},"geometry":{"type":"Polygon","coordinates":[[[136.20407,35.95936],[136.20386,35.95847],[136.20354,35.95852],[136.20375,35.95941],[136.20407,35.95936]]]}},{"type":"Feature","properties":{"pid":"e111b69b-b970-4c63-8fc3-ee0355a178ee","full":32.7},"geometry":{"type":"Polygon","coordinates":[[[136.20408,35.95936],[136.20442,35.95931],[136.20445,35.95888],[136.20447,35.95878],[136.20456,35.95856],[136.20452,35.95837],[136.20387,35.95847],[136.20408,35.95936]]]}},{"type":"Feature","properties":{"pid":"2e604e0e-a6bb-4211-b009-958b922e2bc1","full":5.9},"geometry":{"type":"Polygon","coordinates":[[[136.20375,35.95941],[136.20354,35.95852],[136.20333,35.95855],[136.20359,35.95944],[136.20375,35.95941]]]}},{"type":"Feature","properties":{"pid":"9b8a578b-46fb-4b40-8d94-14d747d0ba0b","full":7.9},"geometry":{"type":"Polygon","coordinates":[[[136.20327,35.95756],[136.20306,35.95759],[136.20331,35.95848],[136.20351,35.95845],[136.20327,35.95756]]]}},{"type":"Feature","properties":{"pid":"2e2bfd79-faa5-4e6f-9cb2-16584b36926e","full":0.8},"geometry":{"type":"Polygon","coordinates":[[[136.20341,35.95754],[136.20328,35.95756],[136.20351,35.95846],[136.20362,35.95844],[136.20341,35.95754]]]}},{"type":"Feature","properties":{"pid":"ce2108f6-63d0-4bb6-8348-e7e9abcc617d","full":9.1},"geometry":{"type":"Polygon","coordinates":[[[136.20385,35.9584],[136.20364,35.9575],[136.20342,35.95753],[136.20362,35.95841],[136.20364,35.95841],[136.20365,35.95844],[136.20385,35.9584]]]}},{"type":"Feature","properties":{"pid":"af151a3f-0466-46a1-8c58-be9d2cf713cf","full":17.9},"geometry":{"type":"Polygon","coordinates":[[[136.20396,35.95745],[136.20364,35.9575],[136.20386,35.9584],[136.20418,35.95835],[136.20396,35.95745]]]}},{"type":"Feature","properties":{"pid":"b339033b-33fd-4223-aed0-63128e2eaa51","full":17.7},"geometry":{"type":"Polygon","coordinates":[[[136.20419,35.95835],[136.20449,35.9583],[136.2045,35.95828],[136.20429,35.9574],[136.20397,35.95745],[136.20419,35.95835]]]}},{"type":"Feature","properties":{"pid":"dba4381d-3ee2-4bfc-9670-5ffe5cdb3421","full":6.9},"geometry":{"type":"Polygon","coordinates":[[[136.20563,35.95962],[136.20548,35.95953],[136.20545,35.95954],[136.20522,35.96039],[136.20544,35.9604],[136.20563,35.95962]]]}},{"type":"Feature","properties":{"pid":"2d4534ce-b03a-4ab9-8a03-fff4a14b0646","full":3.1},"geometry":{"type":"Polygon","coordinates":[[[136.20499,35.95985],[136.20525,35.95986],[136.20525,35.95984],[136.20528,35.95985],[136.20537,35.95952],[136.20536,35.95944],[136.20529,35.95939],[136.20499,35.95985]]]}},{"type":"Feature","properties":{"pid":"6eccfec1-a8c0-4412-a343-7dec584ba16f","full":12.9},"geometry":{"type":"Polygon","coordinates":[[[136.20498,35.95985],[136.20466,35.96032],[136.20462,35.96039],[136.20511,35.9604],[136.20512,35.96039],[136.20514,35.96038],[136.20527,35.95987],[136.20498,35.95985]]]}},{"type":"Feature","properties":{"pid":"1b92aca2-f9d9-44a4-80d0-2e9ad4c29ba8","full":18.5},"geometry":{"type":"Polygon","coordinates":[[[136.20421,35.96098],[136.20411,35.96114],[136.20414,35.96129],[136.20511,35.96132],[136.2051,35.96102],[136.20421,35.96098]]]}},{"type":"Feature","properties":{"pid":"20143354-2796-44dc-9835-99354342fb91","full":12.7},"geometry":{"type":"Polygon","coordinates":[[[136.20439,35.96072],[136.20421,35.96098],[136.20509,35.96101],[136.20509,35.961],[136.20511,35.961],[136.20513,35.96074],[136.20439,35.96072]]]}},{"type":"Feature","properties":{"pid":"340d9b6e-31bd-4a24-832a-63af9364df23","full":11.0},"geometry":{"type":"Polygon","coordinates":[[[136.20439,35.96071],[136.20509,35.96073],[136.20513,35.96071],[136.20513,35.96043],[136.2046,35.96041],[136.20439,35.96071]]]}},{"type":"Feature","properties":{"pid":"a187e769-4d0b-4743-af82-7236e4285b46","full":6.6},"geometry":{"type":"Polygon","coordinates":[[[136.20317,35.96132],[136.2033,35.96114],[136.20329,35.96084],[136.20327,35.96072],[136.20329,35.96065],[136.20328,35.9606],[136.20327,35.96053],[136.20324,35.96051],[136.203,35.96055],[136.20307,35.9609],[136.20317,35.96132]]]}},{"type":"Feature","properties":{"pid":"67071a1c-432d-4ed1-90bb-8f0afb74e1b7","full":2.2},"geometry":{"type":"Polygon","coordinates":[[[136.20375,35.95943],[136.2036,35.95946],[136.20385,35.96031],[136.20394,35.96018],[136.20375,35.95943]]]}},{"type":"Feature","properties":{"pid":"4bb9325f-8141-49fe-b0fb-34d215973e74","full":19.9},"geometry":{"type":"Polygon","coordinates":[[[136.20394,35.96017],[136.20406,35.95999],[136.20417,35.95993],[136.20438,35.95962],[136.20442,35.95934],[136.20376,35.95943],[136.20394,35.96017]]]}},{"type":"Feature","properties":{"pid":"693deb0f-3580-4bcf-94a5-4b65a2673d9c","full":25.9},"geometry":{"type":"Polygon","coordinates":[[[136.20281,35.96052],[136.20325,35.96046],[136.20298,35.95955],[136.20259,35.95961],[136.20281,35.96052]]]}},{"type":"Feature","properties":{"pid":"be85496a-363c-43a1-a3a5-7220de113792","full":3.9},"geometry":{"type":"Polygon","coordinates":[[[136.20222,35.95967],[136.20244,35.96057],[136.2026,35.96055],[136.20237,35.95964],[136.20222,35.95967]]]}},{"type":"Feature","properties":{"pid":"5348371a-70d7-4098-aba6-4a0a7da2f136","full":4.8},"geometry":{"type":"Polygon","coordinates":[[[136.20227,35.9606],[136.20244,35.96057],[136.20221,35.95966],[136.20205,35.95969],[136.20227,35.9606]]]}},{"type":"Feature","properties":{"pid":"efc38751-b4dd-41f0-8358-d775ecfa8a2a","full":16.8},"geometry":{"type":"Polygon","coordinates":[[[136.20195,35.96065],[136.20226,35.9606],[136.20204,35.95969],[136.20173,35.95975],[136.20195,35.96065]]]}},{"type":"Feature","properties":{"pid":"3c1b9230-fed2-4856-841d-bde0a507e732","full":24.1},"geometry":{"type":"Polygon","coordinates":[[[136.20066,35.95995],[136.20089,35.96083],[136.20128,35.96076],[136.20106,35.95987],[136.20066,35.95995]]]}},{"type":"Feature","properties":{"pid":"7b5082e6-1269-4b2f-ac1c-376014553732","full":44.4},"geometry":{"type":"Polygon","coordinates":[[[136.20174,35.95983],[136.20173,35.95979],[136.2017,35.95977],[136.20109,35.95988],[136.20128,35.96072],[136.2013,35.96073],[136.20131,35.96075],[136.20194,35.96065],[136.20174,35.95983]]]}},{"type":"Feature","properties":{"pid":"e8f1a490-7133-482a-b39b-03c13ba75972","full":15.1},"geometry":{"type":"Polygon","coordinates":[[[136.20091,35.96088],[136.20092,35.9609],[136.20089,35.9609],[136.20112,35.96177],[136.20141,35.96172],[136.20123,35.96093],[136.20108,35.96095],[136.20105,35.96085],[136.20091,35.96088]]]}},{"type":"Feature","properties":{"pid":"22e284a9-be66-42d3-8181-978cd95b98d0","full":21.0},"geometry":{"type":"Polygon","coordinates":[[[136.20142,35.96172],[136.20176,35.96166],[136.20178,35.96165],[136.20157,35.96077],[136.20121,35.96082],[136.20142,35.96172]]]}},{"type":"Feature","properties":{"pid":"78605871-d11b-4341-a49d-bdb16b215496","full":18.1},"geometry":{"type":"Polygon","coordinates":[[[136.20216,35.96161],[136.20195,35.96071],[136.20162,35.96076],[136.20184,35.96166],[136.20216,35.96161]]]}},{"type":"Feature","properties":{"pid":"52bb1366-97b4-4dfc-b5fa-04ed8c200469","full":18.6},"geometry":{"type":"Polygon","coordinates":[[[136.20217,35.96161],[136.20249,35.96156],[136.20229,35.96065],[136.20196,35.9607],[136.20217,35.96161]]]}},{"type":"Feature","properties":{"pid":"e54f54d7-d1ec-4e03-b778-a4ce2a4b341e","full":47.8},"geometry":{"type":"Polygon","coordinates":[[[136.20317,35.96132],[136.203,35.96064],[136.20298,35.96058],[136.20295,35.96056],[136.20291,35.96056],[136.2023,35.96065],[136.20251,35.96155],[136.20305,35.96147],[136.20317,35.96132]]]}},{"type":"Feature","properties":{"pid":"8045695f-e4cc-4673-b3c4-7d4b22abed05","full":45.2},"geometry":{"type":"Polygon","coordinates":[[[136.20188,35.96168],[136.20188,35.9617],[136.20185,35.9617],[136.20207,35.96257],[136.20227,35.96253],[136.20292,35.96161],[136.2029,35.96152],[136.20188,35.96168]]]}},{"type":"Feature","properties":{"pid":"6c9e5b03-8237-4373-93c5-bb49a7c70c25","full":46.8},"geometry":{"type":"Polygon","coordinates":[[[136.20112,35.9618],[136.20135,35.96269],[136.202,35.96259],[136.20202,35.96256],[136.20179,35.9617],[136.20112,35.9618]]]}},{"type":"Feature","properties":{"pid":"ebc40c4c-69a4-44f9-b288-14b6edb31f17","full":48.4},"geometry":{"type":"Polygon","coordinates":[[[136.20421,35.96149],[136.20427,35.96172],[136.20438,35.96231],[136.20502,35.96232],[136.20503,35.96231],[136.20507,35.9623],[136.2051,35.96152],[136.20421,35.96149]]]}},{"type":"Feature","properties":{"pid":"1bead715-680c-4c69-b12b-3fb2391ada63","full":7.7},"geometry":{"type":"Polygon","coordinates":[[[136.20414,35.9613],[136.2042,35.96149],[136.20507,35.96151],[136.20507,35.96149],[136.2051,35.96149],[136.20511,35.96133],[136.20414,35.9613]]]}},{"type":"Feature","properties":{"pid":"44cca13c-4f97-4c39-a4c6-5dbf0604ecf8","full":49.2},"geometry":{"type":"Polygon","coordinates":[[[136.20433,35.96236],[136.20435,35.96239],[136.20437,35.96244],[136.20444,35.9628],[136.20454,35.96342],[136.20485,35.96354],[136.20488,35.96354],[136.205,35.96352],[136.205,35.9635],[136.20503,35.96349],[136.20506,35.96238],[136.20433,35.96236]]]}},{"type":"Feature","properties":{"pid":"dc95942c-f29d-4732-916a-38e4b7184ad7","full":21.8},"geometry":{"type":"Polygon","coordinates":[[[136.20548,35.96238],[136.20514,35.96237],[136.2051,35.96347],[136.20512,35.9635],[136.20541,35.96343],[136.20548,35.96238]]]}},{"type":"Feature","properties":{"pid":"5a49aab6-6928-481c-9ef1-45b9ac0acf8c","full":20.8},"geometry":{"type":"Polygon","coordinates":[[[136.20585,35.96324],[136.20623,35.96328],[136.20625,35.9624],[136.20587,35.96239],[136.20585,35.96324]]]}},{"type":"Feature","properties":{"pid":"a8e5503d-bcf0-487f-a14f-6359ceea0642","full":24.9},"geometry":{"type":"Polygon","coordinates":[[[136.20584,35.96324],[136.20587,35.96242],[136.20582,35.9624],[136.20581,35.96239],[136.20548,35.96238],[136.20542,35.96343],[136.20553,35.9634],[136.20561,35.96337],[136.20574,35.96327],[136.2058,35.96325],[136.20584,35.96324]]]}},{"type":"Feature","properties":{"pid":"7d5abd5a-1c48-464b-b09a-a791faf85e92","full":3.0},"geometry":{"type":"Polygon","coordinates":[[[136.20793,35.96254],[136.20791,35.96232],[136.20788,35.96232],[136.20787,35.96229],[136.20754,35.96231],[136.20755,35.96249],[136.20767,35.96248],[136.20767,35.96252],[136.20779,35.96251],[136.2078,35.96255],[136.20793,35.96254]]]}},{"type":"Feature","properties":{"pid":"33a1aea0-6158-4a25-95cf-9cf4e79717a1","full":5.2},"geometry":{"type":"Polygon","coordinates":[[[136.2081,35.96134],[136.20793,35.96132],[136.20783,35.96174],[136.20785,35.96181],[136.20802,35.96186],[136.20813,35.96184],[136.20824,35.96181],[136.20826,35.96179],[136.20818,35.9616],[136.20809,35.9616],[136.20809,35.96154],[136.20801,35.96154],[136.20802,35.96141],[136.20812,35.9614],[136.2081,35.96134]]]}},{"type":"Feature","properties":{"pid":"104a5b15-f06b-417a-ba07-6ea380f14fba","full":0.6},"geometry":{"type":"Polygon","coordinates":[[[136.20669,35.96195],[136.20671,35.96208],[136.20687,35.96206],[136.20688,35.96213],[136.20701,35.96211],[136.20697,35.96205],[136.20695,35.96201],[136.20693,35.96182],[136.20689,35.96182],[136.20689,35.96186],[136.20684,35.96186],[136.20684,35.96193],[136.20669,35.96195]]]}},{"type":"Feature","properties":{"pid":"135126f4-efbe-43bb-96c3-ffa39f74aa26","full":3.2},"geometry":{"type":"Polygon","coordinates":[[[136.20652,35.96236],[136.20652,35.96213],[136.20653,35.96213],[136.20653,35.96211],[136.20657,35.9621],[136.20657,35.96204],[136.20651,35.96204],[136.20652,35.96199],[136.20631,35.96198],[136.20628,35.96235],[136.20652,35.96236]]]}},{"type":"Feature","properties":{"pid":"ad2bb3f1-3ef2-49f9-8b4f-0328c67d48b6","full":18.1},"geometry":{"type":"Polygon","coordinates":[[[136.20516,35.96206],[136.20515,35.96232],[136.20517,35.96233],[136.20626,35.96235],[136.20628,35.96208],[136.20516,35.96206]]]}},{"type":"Feature","properties":{"pid":"fc117d48-9693-4ee2-b6e2-fe0bf23fcdf6","full":13.9},"geometry":{"type":"Polygon","coordinates":[[[136.20517,35.96182],[136.20516,35.96204],[136.20518,35.96204],[136.20518,35.96206],[136.20628,35.96208],[136.2063,35.96185],[136.20517,35.96182]]]}},{"type":"Feature","properties":{"pid":"8ac233cb-fda4-4512-8310-76848007c391","full":22.6},"geometry":{"type":"Polygon","coordinates":[[[136.20517,35.96153],[136.20517,35.96182],[136.2063,35.96185],[136.20633,35.96154],[136.20519,35.96151],[136.20519,35.96153],[136.20517,35.96153]]]}},{"type":"Feature","properties":{"pid":"8996e40d-c961-4609-b95b-f8cbab0508ae","full":27.5},"geometry":{"type":"Polygon","coordinates":[[[136.20518,35.96117],[136.20518,35.9615],[136.20633,35.96153],[136.20633,35.96126],[136.20631,35.96117],[136.20521,35.96115],[136.20521,35.96117],[136.20518,35.96117]]]}},{"type":"Feature","properties":{"pid":"677ebdf8-a8e7-4c61-9e33-b6498548481b","full":26.0},"geometry":{"type":"Polygon","coordinates":[[[136.2052,35.96079],[136.20519,35.96115],[136.20632,35.96116],[136.20628,35.96082],[136.2052,35.96079]]]}},{"type":"Feature","properties":{"pid":"b1d50a4d-b293-459c-b2d4-bdf02492f0e8","full":25.0},"geometry":{"type":"Polygon","coordinates":[[[136.2052,35.96078],[136.20628,35.9608],[136.20625,35.96059],[136.20626,35.96055],[136.20632,35.96045],[136.20526,35.96043],[136.20526,35.96045],[136.20522,35.96045],[136.2052,35.96078]]]}},{"type":"Feature","properties":{"pid":"6adbc322-2205-4ad2-bc56-a0810dbf96cd","full":11.4},"geometry":{"type":"Polygon","coordinates":[[[136.20584,35.96041],[136.20635,35.96042],[136.20645,35.96025],[136.20596,35.95987],[136.20584,35.96041]]]}},{"type":"Feature","properties":{"pid":"c249f469-7329-4aa2-a4a1-c5108249cd94","full":14.6},"geometry":{"type":"Polygon","coordinates":[[[136.20595,35.95987],[136.20564,35.95963],[136.20545,35.9604],[136.20582,35.96041],[136.20595,35.95987]]]}},{"type":"Feature","properties":{"pid":"84a75cf6-21ac-4170-aadb-e53078b20630","full":23.3},"geometry":{"type":"Polygon","coordinates":[[[136.20575,35.95961],[136.20617,35.95994],[136.20619,35.95995],[136.20673,35.9597],[136.20644,35.95929],[136.20575,35.95961]]]}},{"type":"Feature","properties":{"pid":"1725778c-5de6-48cc-b20d-8e11b4d3a93a","full":19.9},"geometry":{"type":"Polygon","coordinates":[[[136.20643,35.9599],[136.20673,35.96032],[136.20726,35.96007],[136.20695,35.95965],[136.20643,35.9599]]]}},{"type":"Feature","properties":{"pid":"33c916c0-eae3-4e88-8773-4d80445a75e5","full":1.1},"geometry":{"type":"Polygon","coordinates":[[[136.20653,35.96025],[136.20662,35.9602],[136.20642,35.95993],[136.2064,35.95994],[136.20638,35.95992],[136.20623,35.95999],[136.20642,35.96015],[136.20643,35.96017],[136.20653,35.96025]]]}},{"type":"Feature","properties":{"pid":"9e73648c-fd68-4a4b-b501-b73c96f7d8cf","full":3.1},"geometry":{"type":"Polygon","coordinates":[[[136.20692,35.96025],[136.20719,35.96061],[136.20736,35.96054],[136.2071,35.96016],[136.20692,35.96025]]]}},{"type":"Feature","properties":{"pid":"8875c447-f18e-45eb-bae2-fa07fca0c8c3","full":21.3},"geometry":{"type":"Polygon","coordinates":[[[136.20813,35.96087],[136.20814,35.96101],[136.20856,35.96101],[136.20856,35.96135],[136.20885,35.96135],[136.20904,35.96098],[136.2091,35.96084],[136.20814,35.96073],[136.20813,35.96087]]]}},{"type":"Feature","properties":{"pid":"a527916f-fe27-401b-9e09-8adfdb8488c8","full":12.7},"geometry":{"type":"Polygon","coordinates":[[[136.20885,35.9614],[136.20931,35.96143],[136.20932,35.96142],[136.20935,35.96142],[136.20936,35.96127],[136.20939,35.96087],[136.20912,35.96084],[136.20906,35.96099],[136.20897,35.96117],[136.20885,35.9614]]]}},{"type":"Feature","properties":{"pid":"09966c65-85bb-4f3d-beec-024b1aa3f18b","full":12.9},"geometry":{"type":"Polygon","coordinates":[[[136.20893,35.96036],[136.20889,35.96068],[136.2089,35.9607],[136.2095,35.96077],[136.20953,35.96041],[136.20893,35.96036]]]}},{"type":"Feature","properties":{"pid":"87f5a0e3-37fb-4a9a-8f02-96319bb84453","full":1.7},"geometry":{"type":"Polygon","coordinates":[[[136.20814,35.96033],[136.20815,35.96044],[136.20882,35.9605],[136.20882,35.96048],[136.20884,35.96047],[136.20885,35.96038],[136.20814,35.96033]]]}},{"type":"Feature","properties":{"pid":"37367e7e-b8ff-449a-9d08-f8ef62088ac0","full":2.2},"geometry":{"type":"Polygon","coordinates":[[[136.20884,35.96037],[136.20884,35.96035],[136.20886,35.96034],[136.20886,35.96024],[136.20814,35.96019],[136.20814,35.96032],[136.20884,35.96037]]]}},{"type":"Feature","properties":{"pid":"2a4289e7-3b4e-4fd5-af33-f0a9fa930ec0","full":17.4},"geometry":{"type":"Polygon","coordinates":[[[136.20811,35.95951],[136.20811,35.95985],[136.20889,35.95991],[136.20889,35.95989],[136.20891,35.95989],[136.20895,35.95958],[136.20811,35.95951]]]}},{"type":"Feature","properties":{"pid":"cb7bbfc9-ac58-4797-a047-2fecdd921f7c","full":14.5},"geometry":{"type":"Polygon","coordinates":[[[136.21004,35.96044],[136.21007,35.96021],[136.209,35.96013],[136.20895,35.96014],[136.20893,35.96035],[136.21004,35.96044]]]}},{"type":"Feature","properties":{"pid":"350e528f-a007-4641-85e3-d59688a8b862","full":43.9},"geometry":{"type":"Polygon","coordinates":[[[136.20901,35.95959],[136.20896,35.96008],[136.209,35.96012],[136.21007,35.9602],[136.21013,35.95968],[136.20901,35.95959]]]}},{"type":"Feature","properties":{"pid":"445d0124-a46a-45d9-b79e-962e588b61dd","full":49.8},"geometry":{"type":"Polygon","coordinates":[[[136.21014,35.96025],[136.21007,35.96077],[136.21007,35.9608],[136.21008,35.96082],[136.21117,35.96094],[136.21123,35.96034],[136.21014,35.96025]]]}},{"type":"Feature","properties":{"pid":"71bf4fd9-0268-4baa-9488-821ccccce6db","full":36.0},"geometry":{"type":"Polygon","coordinates":[[[136.21109,35.96146],[136.21114,35.96101],[136.2101,35.9609],[136.21009,35.96092],[136.21007,35.96092],[136.21001,35.96137],[136.21109,35.96146]]]}},{"type":"Feature","properties":{"pid":"57af4641-b724-463a-aba8-99a8dd52a156","full":9.1},"geometry":{"type":"Polygon","coordinates":[[[136.20998,35.96157],[136.21107,35.96165],[136.21109,35.96146],[136.21,35.96139],[136.20998,35.96157]]]}},{"type":"Feature","properties":{"pid":"36cf0e54-bb96-4385-a529-6255a38e899c","full":19.2},"geometry":{"type":"Polygon","coordinates":[[[136.20998,35.96157],[136.20994,35.96183],[136.20998,35.96186],[136.21103,35.96193],[136.21107,35.96165],[136.20998,35.96157]]]}},{"type":"Feature","properties":{"pid":"4543d924-a6a5-4abd-9784-4cf1c42e7320","full":13.5},"geometry":{"type":"Polygon","coordinates":[[[136.20991,35.96213],[136.21101,35.9622],[136.21102,35.96198],[136.20996,35.9619],[136.20996,35.96192],[136.20993,35.96192],[136.20991,35.96213]]]}},{"type":"Feature","properties":{"pid":"2cd1a5bf-9093-4152-987c-ac7fb9ef56fd","full":9.5},"geometry":{"type":"Polygon","coordinates":[[[136.20981,35.96224],[136.20985,35.9619],[136.20941,35.96186],[136.20939,35.96187],[136.20933,35.96221],[136.20981,35.96224]]]}},{"type":"Feature","properties":{"pid":"8e9ed0b7-03b3-44da-a5c0-9b121c52f438","full":1.7},"geometry":{"type":"Polygon","coordinates":[[[136.20894,35.96178],[136.20929,35.96181],[136.20932,35.96179],[136.20933,35.96165],[136.20901,35.96164],[136.20901,35.96159],[136.20894,35.96159],[136.20894,35.96178]]]}},{"type":"Feature","properties":{"pid":"a0ca7927-27d3-483c-8421-13f2d2979119","full":5.2},"geometry":{"type":"Polygon","coordinates":[[[136.20893,35.96178],[136.20894,35.96159],[136.20931,35.96159],[136.20931,35.96158],[136.20933,35.96158],[136.20934,35.96144],[136.20885,35.9614],[136.20875,35.96158],[136.20868,35.96175],[136.20869,35.96175],[136.2087,35.96177],[136.20893,35.96178]]]}},{"type":"Feature","properties":{"pid":"b2f345be-1677-41ad-9f82-bdd02462905c","full":3.2},"geometry":{"type":"Polygon","coordinates":[[[136.20829,35.96162],[136.20831,35.96167],[136.20835,35.96176],[136.20864,35.96176],[136.20874,35.96154],[136.20884,35.96139],[136.20881,35.96138],[136.20854,35.96138],[136.20856,35.96161],[136.20829,35.96162]]]}},{"type":"Feature","properties":{"pid":"f5c0bb8a-538d-4ea4-8e40-5eddb38d3eb5","full":12.7},"geometry":{"type":"Polygon","coordinates":[[[136.20879,35.96203],[136.20883,35.96216],[136.20885,35.96229],[136.20879,35.9623],[136.2088,35.96232],[136.20889,35.96232],[136.2089,35.96237],[136.20909,35.96235],[136.20923,35.96236],[136.20927,35.96216],[136.20925,35.96216],[136.20925,35.96213],[136.20928,35.96213],[136.20931,35.96187],[136.20929,35.96187],[136.20897,35.96184],[136.20896,35.96192],[136.20893,35.96196],[136.20885,35.96196],[136.20881,35.96197],[136.20879,35.96203]]]}},{"type":"Feature","properties":{"pid":"315a6034-4479-4459-bd62-72834d3f9584","full":1.6},"geometry":{"type":"Polygon","coordinates":[[[136.20812,35.96258],[136.20817,35.96277],[136.20852,35.96275],[136.20846,35.96263],[136.20838,35.96264],[136.20836,35.96257],[136.20829,35.96258],[136.20829,35.96257],[136.20812,35.96258]]]}},{"type":"Feature","properties":{"pid":"56d4dcfc-cf37-42b0-ad0d-6dcc7dbf9771","full":0.8},"geometry":{"type":"Polygon","coordinates":[[[136.20886,35.96278],[136.20915,35.9628],[136.20917,35.96279],[136.20919,35.96267],[136.20918,35.96267],[136.20918,35.96266],[136.20886,35.96267],[136.20886,35.96278]]]}},{"type":"Feature","properties":{"pid":"072a0972-fa92-42d7-b1a2-71c7edd29b6d","full":4.8},"geometry":{"type":"Polygon","coordinates":[[[136.20938,35.96317],[136.2097,35.96318],[136.20972,35.96291],[136.20917,35.96288],[136.20916,35.96301],[136.20936,35.96302],[136.20938,35.96317]]]}},{"type":"Feature","properties":{"pid":"6f197b5b-b6c9-4a0e-9a57-04be4b2234c6","full":11.4},"geometry":{"type":"Polygon","coordinates":[[[136.2093,35.96241],[136.20925,35.96279],[136.20927,35.96281],[136.20973,35.96284],[136.20979,35.96245],[136.2093,35.96241]]]}},{"type":"Feature","properties":{"pid":"3bbd5d3d-8a27-49a0-8999-6b92e544f69c","full":4.0},"geometry":{"type":"Polygon","coordinates":[[[136.20979,35.96244],[136.20981,35.96225],[136.20933,35.96221],[136.2093,35.96241],[136.20979,35.96244]]]}},{"type":"Feature","properties":{"pid":"73ca8b6e-52e1-47fa-ab23-4b96984ea071","full":2.5},"geometry":{"type":"Polygon","coordinates":[[[136.20985,35.96247],[136.21097,35.96255],[136.21098,35.96243],[136.20987,35.96235],[136.20985,35.96247]]]}},{"type":"Feature","properties":{"pid":"b3738414-6dee-4098-aafb-a5491f1960b9","full":12.5},"geometry":{"type":"Polygon","coordinates":[[[136.20987,35.96234],[136.21098,35.96243],[136.211,35.96221],[136.20991,35.96213],[136.20987,35.96234]]]}},{"type":"Feature","properties":{"pid":"6307d632-a724-4aab-a7fe-66544b2256a2","full":27.1},"geometry":{"type":"Polygon","coordinates":[[[136.20985,35.96247],[136.20981,35.96282],[136.20984,35.96282],[136.20984,35.96284],[136.21093,35.96289],[136.21097,35.96255],[136.20985,35.96247]]]}},{"type":"Feature","properties":{"pid":"4fc61dfc-5496-45cb-b302-9afcca54a6ba","full":38.5},"geometry":{"type":"Polygon","coordinates":[[[136.21184,35.96203],[136.21153,35.96201],[136.21151,35.96219],[136.21116,35.96217],[136.21107,35.96289],[136.21169,35.96294],[136.2117,35.96292],[136.21172,35.96291],[136.21184,35.96203]]]}},{"type":"Feature","properties":{"pid":"2d2fc5bc-a51d-4327-8340-a9e57656fedc","full":43.9},"geometry":{"type":"Polygon","coordinates":[[[136.21242,35.96299],[136.21303,35.96303],[136.21305,35.96301],[136.21315,35.96214],[136.2125,35.96209],[136.2124,35.96297],[136.21242,35.96299]]]}},{"type":"Feature","properties":{"pid":"5abd978d-ba0f-45d9-aa5f-bfa0c22395e4","full":43.4},"geometry":{"type":"Polygon","coordinates":[[[136.21249,35.96209],[136.21185,35.96203],[136.21174,35.96294],[136.21236,35.96298],[136.21238,35.96296],[136.21249,35.96209]]]}},{"type":"Feature","properties":{"pid":"f230d702-504e-4432-b9e6-92d31256428f","full":6.5},"geometry":{"type":"Polygon","coordinates":[[[136.21281,35.96114],[136.21263,35.96113],[136.21263,35.96116],[136.21262,35.96116],[136.21251,35.96203],[136.2127,35.96204],[136.21281,35.96114]]]}},{"type":"Feature","properties":{"pid":"b5ae6a4f-b8d7-4f3b-80c3-0aa50d698975","full":28.4},"geometry":{"type":"Polygon","coordinates":[[[136.21271,35.96204],[136.21315,35.96207],[136.21315,35.96206],[136.21317,35.96206],[136.21327,35.9612],[136.21326,35.96118],[136.21282,35.96114],[136.21271,35.96204]]]}},{"type":"Feature","properties":{"pid":"32d35289-72c8-4049-bb1f-ca4431a5b154","full":44.9},"geometry":{"type":"Polygon","coordinates":[[[136.2126,35.96112],[136.21196,35.96107],[136.21185,35.96198],[136.21251,35.96203],[136.21261,35.96116],[136.2126,35.96115],[136.2126,35.96112]]]}},{"type":"Feature","properties":{"pid":"a7e902f2-688f-4382-b6f3-b5fe14754072","full":29.0},"geometry":{"type":"Polygon","coordinates":[[[136.21183,35.96197],[136.21192,35.96135],[136.21127,35.9613],[136.21119,35.96192],[136.21122,35.96192],[136.21121,35.96194],[136.21183,35.96197]]]}},{"type":"Feature","properties":{"pid":"86a38bc8-df5b-4151-b5d1-00e0275ae810","full":2.0},"geometry":{"type":"Polygon","coordinates":[[[136.21156,35.96132],[136.21159,35.96105],[136.21142,35.96103],[136.21141,35.96114],[136.21129,35.96114],[136.21127,35.96129],[136.21156,35.96132]]]}},{"type":"Feature","properties":{"pid":"8dcb7e56-094c-40eb-be2d-8aec36f46b7d","full":4.4},"geometry":{"type":"Polygon","coordinates":[[[136.21192,35.96134],[136.21195,35.96107],[136.2116,35.96104],[136.21157,35.96132],[136.21192,35.96134]]]}},{"type":"Feature","properties":{"pid":"1ef45a92-d5ad-4717-8813-5d2f89c513d6","full":46.8},"geometry":{"type":"Polygon","coordinates":[[[136.21197,35.961],[136.21198,35.96099],[136.212,35.96098],[136.2121,35.9601],[136.21143,35.96005],[136.21131,35.96095],[136.21197,35.961]]]}},{"type":"Feature","properties":{"pid":"24c2fa4b-f1bb-43da-9594-705156a59c0f","full":18.5},"geometry":{"type":"Polygon","coordinates":[[[136.21123,35.96032],[136.21127,35.96006],[136.21017,35.95997],[136.21014,35.96025],[136.2112,35.96033],[136.21121,35.96032],[136.21123,35.96032]]]}},{"type":"Feature","properties":{"pid":"a5d99109-8615-4fa6-a5b1-ff83e60d430b","full":26.1},"geometry":{"type":"Polygon","coordinates":[[[136.21127,35.96003],[136.21131,35.9597],[136.2102,35.95961],[136.21017,35.95996],[136.21124,35.96005],[136.21125,35.96003],[136.21127,35.96003]]]}},{"type":"Feature","properties":{"pid":"2a3f470f-9149-4623-8cc4-313aaf96515a","full":44.4},"geometry":{"type":"Polygon","coordinates":[[[136.21219,35.95915],[136.21211,35.96008],[136.21274,35.96012],[136.21283,35.95919],[136.21219,35.95915]]]}},{"type":"Feature","properties":{"pid":"7c3da910-76c5-4f95-9d9d-75975ba65a1e","full":61.9},"geometry":{"type":"Polygon","coordinates":[[[136.21275,35.96012],[136.21358,35.96019],[136.21369,35.95926],[136.21285,35.9592],[136.21275,35.96012]]]}},{"type":"Feature","properties":{"pid":"d9b56e75-cad1-4a72-8c5b-6c90afc35554","full":25.9},"geometry":{"type":"Polygon","coordinates":[[[136.21304,35.96109],[136.21315,35.96018],[136.21272,35.96014],[136.21262,35.96106],[136.21304,35.96109]]]}},{"type":"Feature","properties":{"pid":"3e036a56-6a1c-4da6-a688-c8ea75060e00","full":41.2},"geometry":{"type":"Polygon","coordinates":[[[136.21203,35.96101],[136.21258,35.96106],[136.21259,35.96103],[136.21261,35.96103],[136.21271,35.96014],[136.21211,35.9601],[136.212,35.96099],[136.21203,35.96099],[136.21203,35.96101]]]}},{"type":"Feature","properties":{"pid":"5274882f-b852-47d3-9c79-38614b2ae6b3","full":6.7},"geometry":{"type":"Polygon","coordinates":[[[136.21419,35.96117],[136.21429,35.96026],[136.2141,35.96025],[136.214,35.96112],[136.21403,35.96113],[136.21403,35.96116],[136.21419,35.96117]]]}},{"type":"Feature","properties":{"pid":"894c394c-4505-475f-b026-345434831360","full":19.8},"geometry":{"type":"Polygon","coordinates":[[[136.21419,35.96117],[136.21453,35.9612],[136.21453,35.96118],[136.21455,35.96118],[136.21465,35.96029],[136.2143,35.96026],[136.21419,35.96117]]]}},{"type":"Feature","properties":{"pid":"be7eb976-492b-4d5b-91b7-c523ef3995df","full":28.0},"geometry":{"type":"Polygon","coordinates":[[[136.21399,35.96116],[136.21409,35.96025],[136.21367,35.96021],[136.21366,35.96024],[136.21364,35.96024],[136.21354,35.96112],[136.21399,35.96116]]]}},{"type":"Feature","properties":{"pid":"106278c6-6c00-45e9-a857-b20a3e575ef3","full":25.3},"geometry":{"type":"Polygon","coordinates":[[[136.21305,35.96109],[136.21347,35.96112],[136.21357,35.96021],[136.21316,35.96018],[136.21305,35.96109]]]}},{"type":"Feature","properties":{"pid":"9327a9b8-1d28-4b6a-a41c-1cb9a3c22577","full":17.9},"geometry":{"type":"Polygon","coordinates":[[[136.21398,35.9602],[136.21407,35.95929],[136.21375,35.95927],[136.21365,35.96017],[136.21398,35.9602]]]}},{"type":"Feature","properties":{"pid":"7375e4d4-3c37-4bf6-a042-ae12416a075c","full":1.0},"geometry":{"type":"Polygon","coordinates":[[[136.21399,35.9602],[136.21411,35.96021],[136.21421,35.9593],[136.21408,35.95929],[136.21399,35.9602]]]}},{"type":"Feature","properties":{"pid":"f757f454-43bd-48d2-ba4b-2a863640adb5","full":44.1},"geometry":{"type":"Polygon","coordinates":[[[136.21411,35.96021],[136.21476,35.96026],[136.21486,35.95935],[136.21422,35.9593],[136.21411,35.96021]]]}},{"type":"Feature","properties":{"pid":"ad94b1a4-1594-4a3a-8d32-afec94c8f167","full":42.7},"geometry":{"type":"Polygon","coordinates":[[[136.21478,35.96026],[136.21537,35.96031],[136.21537,35.96029],[136.21541,35.96029],[136.21551,35.95941],[136.21488,35.95935],[136.21478,35.96026]]]}},{"type":"Feature","properties":{"pid":"5403c145-ca65-4aab-9be5-e0846bb69a32","full":26.6},"geometry":{"type":"Polygon","coordinates":[[[136.21579,35.9613],[136.2158,35.96128],[136.21582,35.96126],[136.21592,35.96039],[136.21549,35.96036],[136.21538,35.96126],[136.2154,35.96127],[136.21579,35.9613]]]}},{"type":"Feature","properties":{"pid":"2fbce56d-67f8-4a72-a22f-59fc864595a5","full":5.4},"geometry":{"type":"Polygon","coordinates":[[[136.21483,35.96122],[136.21495,35.96032],[136.21476,35.9603],[136.21467,35.96117],[136.21469,35.96118],[136.21468,35.96122],[136.21483,35.96122]]]}},{"type":"Feature","properties":{"pid":"cba4e125-59d5-4fe1-903d-224e695c558c","full":28.4},"geometry":{"type":"Polygon","coordinates":[[[136.21484,35.96122],[136.21529,35.96126],[136.2153,35.96124],[136.2154,35.96035],[136.21496,35.96032],[136.21484,35.96122]]]}},{"type":"Feature","properties":{"pid":"0e037d6f-554c-49d9-b1ea-ac8e494f0532","full":62.5},"geometry":{"type":"Polygon","coordinates":[[[136.21528,35.96222],[136.21531,35.96223],[136.21531,35.96225],[136.21616,35.96231],[136.21625,35.96145],[136.21622,35.96145],[136.21622,35.96141],[136.21544,35.96135],[136.21538,35.96138],[136.21528,35.96222]]]}},{"type":"Feature","properties":{"pid":"e40831a0-575b-4e2d-984c-04b9f6041f40","full":18.7},"geometry":{"type":"Polygon","coordinates":[[[136.21499,35.96131],[136.21466,35.96129],[136.21466,35.96132],[136.21464,35.96131],[136.21455,35.96219],[136.21489,35.96221],[136.21499,35.96131]]]}},{"type":"Feature","properties":{"pid":"ce2588fa-e2bd-4770-8a33-d23ffd144374","full":17.0},"geometry":{"type":"Polygon","coordinates":[[[136.21489,35.96221],[136.21519,35.96223],[136.21521,35.96223],[136.21531,35.96134],[136.2153,35.96133],[136.215,35.96131],[136.21489,35.96221]]]}},{"type":"Feature","properties":{"pid":"f09377c1-715f-4fdb-a6e7-5c088e75e53d","full":26.6},"geometry":{"type":"Polygon","coordinates":[[[136.21461,35.96128],[136.2142,35.96125],[136.2141,35.96215],[136.21454,35.96219],[136.21463,35.96131],[136.21461,35.96131],[136.21461,35.96128]]]}},{"type":"Feature","properties":{"pid":"604758da-ace1-4ecd-b296-168432b8a5d6","full":7.5},"geometry":{"type":"Polygon","coordinates":[[[136.21419,35.96124],[136.21399,35.96123],[136.21389,35.96213],[136.21409,35.96215],[136.21419,35.96124]]]}},{"type":"Feature","properties":{"pid":"59e79199-a105-4613-ae90-67b93a3ae67f","full":45.5},"geometry":{"type":"Polygon","coordinates":[[[136.21388,35.96214],[136.21397,35.96126],[136.21395,35.96126],[136.21394,35.96122],[136.21334,35.96118],[136.21332,35.9612],[136.21322,35.96209],[136.21388,35.96214]]]}},{"type":"Feature","properties":{"pid":"516a9e8b-6734-4e08-bc63-d192528705fc","full":44.2},"geometry":{"type":"Polygon","coordinates":[[[136.21453,35.96224],[136.21388,35.9622],[136.21378,35.96307],[136.2138,35.96308],[136.2138,35.9631],[136.21442,35.96315],[136.21453,35.96224]]]}},{"type":"Feature","properties":{"pid":"a9adc795-2da0-464c-98a6-1aabea10cc5a","full":13.8},"geometry":{"type":"Polygon","coordinates":[[[136.21349,35.96217],[136.21324,35.96215],[136.21323,35.96217],[136.21321,35.96217],[136.21311,35.96303],[136.21312,35.96306],[136.21339,35.96308],[136.21349,35.96217]]]}},{"type":"Feature","properties":{"pid":"7f3fcf13-f1b9-4974-8e06-0537592ec289","full":21.5},"geometry":{"type":"Polygon","coordinates":[[[136.21386,35.9622],[136.21349,35.96217],[136.2134,35.96307],[136.21374,35.9631],[136.21374,35.96307],[136.21377,35.96307],[136.21386,35.9622]]]}},{"type":"Feature","properties":{"pid":"0dda974d-5ba3-4b62-b235-73470d61cbb9","full":46.6},"geometry":{"type":"Polygon","coordinates":[[[136.21446,35.96316],[136.21508,35.96321],[136.21512,35.96319],[136.2152,35.96232],[136.21517,35.96231],[136.21516,35.96229],[136.21454,35.96224],[136.21444,35.96313],[136.21447,35.96313],[136.21446,35.96316]]]}},{"type":"Feature","properties":{"pid":"15e6e54a-aa3d-4718-8d5f-92808a0b5c9b","full":45.6},"geometry":{"type":"Polygon","coordinates":[[[136.21592,35.96235],[136.21526,35.9623],[136.21516,35.96319],[136.21518,35.96321],[136.21579,35.96326],[136.21579,35.96325],[136.21582,35.96325],[136.21592,35.96235]]]}},{"type":"Feature","properties":{"pid":"0125ef1e-7888-417a-b932-a28e5c992412","full":9.4},"geometry":{"type":"Polygon","coordinates":[[[136.21583,35.96326],[136.21606,35.96328],[136.21616,35.96238],[136.21594,35.96236],[136.21583,35.96326]]]}},{"type":"Feature","properties":{"pid":"6927d0c6-5acc-4fd2-9208-214f12984c91","full":11.8},"geometry":{"type":"Polygon","coordinates":[[[136.21632,35.96242],[136.21622,35.96328],[136.21625,35.96328],[136.21626,35.9633],[136.21647,35.96331],[136.21658,35.96242],[136.21635,35.96239],[136.21634,35.96242],[136.21632,35.96242]]]}},{"type":"Feature","properties":{"pid":"17d0e3c2-145e-4f60-9eaf-da7e926e0858","full":33.0},"geometry":{"type":"Polygon","coordinates":[[[136.21652,35.96331],[136.21699,35.96334],[136.2171,35.96243],[136.21659,35.96239],[136.21648,35.96329],[136.21652,35.96329],[136.21652,35.96331]]]}},{"type":"Feature","properties":{"pid":"c37e1150-2c6d-48f8-86a5-cfe8460735c8","full":13.0},"geometry":{"type":"Polygon","coordinates":[[[136.21648,35.96143],[136.21647,35.96148],[136.21643,35.96147],[136.21634,35.9623],[136.21637,35.9623],[136.21636,35.96233],[136.2166,35.96234],[136.21671,35.96147],[136.21668,35.96147],[136.21668,35.96145],[136.21648,35.96143]]]}},{"type":"Feature","properties":{"pid":"34b51fa3-37c7-4163-8347-35032eb11378","full":76.4},"geometry":{"type":"Polygon","coordinates":[[[136.21775,35.96243],[136.21779,35.96207],[136.21784,35.96154],[136.2177,35.96152],[136.21769,35.96158],[136.21765,35.96158],[136.21764,35.9617],[136.21742,35.96168],[136.21743,35.96151],[136.21674,35.96145],[136.21674,35.96146],[136.21672,35.96147],[136.21661,35.96234],[136.21775,35.96243]]]}},{"type":"Feature","properties":{"pid":"098ea6ea-ca2a-4375-b847-b8a8a1b07b7a","full":26.9},"geometry":{"type":"Polygon","coordinates":[[[136.21819,35.96246],[136.2183,35.96157],[136.21786,35.96154],[136.21776,35.96243],[136.21819,35.96246]]]}},{"type":"Feature","properties":{"pid":"d96e46ff-e8f3-4959-a1dd-798255cf8ffb","full":33.4},"geometry":{"type":"Polygon","coordinates":[[[136.21706,35.96335],[136.2175,35.96338],[136.21751,35.96337],[136.21752,35.96336],[136.21763,35.96247],[136.21711,35.96243],[136.21701,35.96333],[136.21705,35.96333],[136.21706,35.96335]]]}},{"type":"Feature","properties":{"pid":"7141ce45-50c5-4c79-8ebd-14a0fc672035","full":13.0},"geometry":{"type":"Polygon","coordinates":[[[136.21764,35.96248],[136.21753,35.96339],[136.21778,35.96341],[136.21778,35.96339],[136.2178,35.96339],[136.2179,35.9625],[136.21764,35.96248]]]}},{"type":"Feature","properties":{"pid":"d5a5d53e-6dd8-4308-a02a-1d65f203250a","full":9.4},"geometry":{"type":"Polygon","coordinates":[[[136.21791,35.9625],[136.21781,35.9634],[136.21784,35.96339],[136.21784,35.96341],[136.21804,35.96343],[136.21813,35.96252],[136.21791,35.9625]]]}},{"type":"Feature","properties":{"pid":"aa16e8c8-2f30-4953-9b25-c4b307b21227","full":5.8},"geometry":{"type":"Polygon","coordinates":[[[136.21804,35.96343],[136.21823,35.96344],[136.21832,35.96253],[136.21814,35.96252],[136.21804,35.96343]]]}},{"type":"Feature","properties":{"pid":"cc9382ed-d35c-4057-9fa5-0826f67c365e","full":11.0},"geometry":{"type":"Polygon","coordinates":[[[136.21823,35.96344],[136.21847,35.96346],[136.21857,35.96256],[136.21832,35.96253],[136.21823,35.96344]]]}},{"type":"Feature","properties":{"pid":"a1a5745e-1e7a-47a9-a097-f90e0cae4b5f","full":7.2},"geometry":{"type":"Polygon","coordinates":[[[136.21848,35.96346],[136.2186,35.96347],[136.21865,35.96295],[136.21885,35.96297],[136.21894,35.96259],[136.21858,35.96256],[136.21848,35.96346]]]}},{"type":"Feature","properties":{"pid":"d8198c72-f63e-4059-90f6-9a7c20b14c8c","full":33.3},"geometry":{"type":"Polygon","coordinates":[[[136.21989,35.96228],[136.22003,35.96238],[136.22014,35.96203],[136.22018,35.96191],[136.22022,35.96173],[136.21936,35.96166],[136.21925,35.96212],[136.21989,35.96228]]]}},{"type":"Feature","properties":{"pid":"4f07e248-42f9-4765-a4c0-e508b8298f31","full":7.9},"geometry":{"type":"Polygon","coordinates":[[[136.21981,35.96161],[136.21985,35.96128],[136.21941,35.96125],[136.21937,35.96158],[136.21981,35.96161]]]}},{"type":"Feature","properties":{"pid":"df6d6ea0-bd63-4d30-af85-95bc1f2e4cee","full":32.7},"geometry":{"type":"Polygon","coordinates":[[[136.2185,35.96249],[136.21892,35.96252],[136.21896,35.9625],[136.21917,35.96165],[136.21914,35.96163],[136.21864,35.96158],[136.21863,35.9616],[136.2186,35.96161],[136.2185,35.96249]]]}},{"type":"Feature","properties":{"pid":"90ecc8f2-c319-4741-a40a-828ec07d99b7","full":14.5},"geometry":{"type":"Polygon","coordinates":[[[136.21858,35.96158],[136.21831,35.96156],[136.2182,35.96246],[136.21849,35.96248],[136.21859,35.96161],[136.21858,35.9616],[136.21858,35.96158]]]}},{"type":"Feature","properties":{"pid":"3b56ea78-dd70-4bfd-8abc-e573691e35a5","full":13.1},"geometry":{"type":"Polygon","coordinates":[[[136.21869,35.96153],[136.21894,35.96155],[136.21894,35.96153],[136.21896,35.96153],[136.21907,35.96064],[136.2188,35.96061],[136.21869,35.96153]]]}},{"type":"Feature","properties":{"pid":"eeaf62a1-2cd4-4367-b58e-8eb7bf96c45a","full":44.5},"geometry":{"type":"Polygon","coordinates":[[[136.21804,35.96148],[136.21868,35.96153],[136.21879,35.96061],[136.21815,35.96057],[136.21804,35.96148]]]}},{"type":"Feature","properties":{"pid":"554c1346-652e-4e47-b19b-1c2b7a8944ab","full":8.8},"geometry":{"type":"Polygon","coordinates":[[[136.21898,35.96155],[136.21915,35.96156],[136.21918,35.96156],[136.21919,35.96153],[136.21928,35.96067],[136.21924,35.96065],[136.21907,35.96064],[136.21896,35.96153],[136.21898,35.96153],[136.21898,35.96155]]]}},{"type":"Feature","properties":{"pid":"1468d097-0921-4b8a-87ec-a81081cc5f8f","full":32.8},"geometry":{"type":"Polygon","coordinates":[[[136.21981,35.96161],[136.22027,35.96164],[136.22027,35.96152],[136.22023,35.96136],[136.22002,35.96101],[136.21997,35.96089],[136.21992,35.9607],[136.21948,35.96067],[136.21941,35.96125],[136.21985,35.96128],[136.21981,35.96161]]]}},{"type":"Feature","properties":{"pid":"6008a4bc-cf7f-479d-b73f-2b36b472cf43","full":10.1},"geometry":{"type":"Polygon","coordinates":[[[136.2199,35.96025],[136.21956,35.96022],[136.21955,35.96025],[136.21952,35.96025],[136.21948,35.96067],[136.21992,35.96069],[136.21989,35.96053],[136.2199,35.96025]]]}},{"type":"Feature","properties":{"pid":"99b2bf1a-0e7c-4c10-babc-3ba7eccf71b1","full":9.9},"geometry":{"type":"Polygon","coordinates":[[[136.21952,35.96022],[136.2199,35.96024],[136.2199,35.95999],[136.21994,35.95975],[136.21961,35.95973],[136.21961,35.95975],[136.21959,35.95975],[136.21952,35.96022]]]}},{"type":"Feature","properties":{"pid":"b9b5b55d-3dfc-4744-b697-eb96d343dba4","full":28.1},"geometry":{"type":"Polygon","coordinates":[[[136.21883,35.96058],[136.21928,35.96061],[136.2194,35.95971],[136.21894,35.95967],[136.21883,35.96058]]]}},{"type":"Feature","properties":{"pid":"70257dfe-1392-434e-b87d-438f9381cfe0","full":17.2},"geometry":{"type":"Polygon","coordinates":[[[136.21882,35.96057],[136.21893,35.95967],[136.21861,35.95965],[136.2185,35.96055],[136.21882,35.96057]]]}},{"type":"Feature","properties":{"pid":"0bdb3c62-f2df-4672-aa39-1b665d825cce","full":19.4},"geometry":{"type":"Polygon","coordinates":[[[136.21849,35.96055],[136.2186,35.95964],[136.21827,35.95962],[136.21826,35.95964],[136.21824,35.95964],[136.21815,35.96052],[136.21849,35.96055]]]}},{"type":"Feature","properties":{"pid":"5a685e9f-c6fc-4693-9ba3-1dc5b3093482","full":21.8},"geometry":{"type":"Polygon","coordinates":[[[136.21728,35.96045],[136.21736,35.95955],[136.21699,35.95951],[136.2169,35.96042],[136.21728,35.96045]]]}},{"type":"Feature","properties":{"pid":"3da7f6bb-05aa-406d-b50d-4dac737a2510","full":23.6},"geometry":{"type":"Polygon","coordinates":[[[136.21768,35.96048],[136.21778,35.95958],[136.21737,35.95955],[136.21729,35.96045],[136.21768,35.96048]]]}},{"type":"Feature","properties":{"pid":"57302f36-291b-4f8d-b540-3106cabdd181","full":28.1},"geometry":{"type":"Polygon","coordinates":[[[136.21821,35.95961],[136.21779,35.95958],[136.21768,35.96048],[136.21814,35.96052],[136.21823,35.95964],[136.21822,35.95963],[136.21821,35.95961]]]}},{"type":"Feature","properties":{"pid":"38595e23-9035-450a-bd59-4a1b277c08c8","full":45.5},"geometry":{"type":"Polygon","coordinates":[[[136.21742,35.96143],[136.21803,35.96148],[136.21814,35.96057],[136.21747,35.96051],[136.21738,35.96137],[136.21742,35.96143]]]}},{"type":"Feature","properties":{"pid":"206519b6-07a0-4a45-96df-b138549cd7bb","full":20.5},"geometry":{"type":"Polygon","coordinates":[[[136.21705,35.9614],[136.21737,35.96142],[136.21747,35.96051],[136.21711,35.96048],[136.21702,35.96136],[136.21705,35.9614]]]}},{"type":"Feature","properties":{"pid":"bf90e611-7fa4-4c7a-93a2-9b062ce3fd1e","full":10.3},"geometry":{"type":"Polygon","coordinates":[[[136.21648,35.96136],[136.21666,35.96137],[136.21667,35.96135],[136.21669,35.96133],[136.21679,35.96046],[136.21656,35.96044],[136.21645,35.96133],[136.21647,35.96133],[136.21648,35.96136]]]}},{"type":"Feature","properties":{"pid":"a80f78b3-c36b-4c8b-93ed-596f289e32a0","full":16.4},"geometry":{"type":"Polygon","coordinates":[[[136.21672,35.96138],[136.217,35.96139],[136.2171,35.96048],[136.2168,35.96046],[136.21669,35.96133],[136.21672,35.96134],[136.21672,35.96138]]]}},{"type":"Feature","properties":{"pid":"06b13607-8a62-43bd-b6a3-327d5e7a8924","full":20.0},"geometry":{"type":"Polygon","coordinates":[[[136.21639,35.96046],[136.21606,35.96043],[136.21605,35.96049],[136.21602,35.96049],[136.21594,35.96119],[136.21595,35.96132],[136.21629,35.96134],[136.21639,35.96046]]]}},{"type":"Feature","properties":{"pid":"ed5a2236-9b74-4659-82ef-24a8bff30062","full":17.0},"geometry":{"type":"Polygon","coordinates":[[[136.21689,35.96042],[136.21698,35.95951],[136.21667,35.95951],[136.21656,35.9604],[136.21689,35.96042]]]}},{"type":"Feature","properties":{"pid":"a44b9762-1576-4445-b842-b729d617c5dd","full":14.3},"geometry":{"type":"Polygon","coordinates":[[[136.2165,35.95951],[136.21647,35.95951],[136.21647,35.95948],[136.21621,35.95946],[136.21621,35.95948],[136.2162,35.95948],[136.21611,35.96035],[136.21639,35.96038],[136.2165,35.95951]]]}},{"type":"Feature","properties":{"pid":"9a8562db-5856-44fe-94bc-7cbb9124d2d5","full":35.0},"geometry":{"type":"Polygon","coordinates":[[[136.21558,35.95962],[136.21555,35.9598],[136.2155,35.96031],[136.2161,35.96035],[136.21619,35.95948],[136.21619,35.95946],[136.21584,35.95944],[136.21583,35.95957],[136.21573,35.95963],[136.21558,35.95962]]]}},{"type":"Feature","properties":{"pid":"5fb98659-9071-4508-8d00-aff65018984c","full":9.4},"geometry":{"type":"Polygon","coordinates":[[[136.21629,35.95939],[136.21632,35.95939],[136.21632,35.95941],[136.21651,35.95942],[136.21662,35.95851],[136.21639,35.9585],[136.21629,35.95939]]]}},{"type":"Feature","properties":{"pid":"01f79459-4588-4c2c-a744-639724376ad8","full":27.9},"geometry":{"type":"Polygon","coordinates":[[[136.2168,35.95852],[136.2168,35.95856],[136.21677,35.95856],[136.21667,35.95944],[136.21712,35.95948],[136.21722,35.95856],[136.2168,35.95852]]]}},{"type":"Feature","properties":{"pid":"dc1fc528-ea67-4579-a3a8-803788510570","full":47.0},"geometry":{"type":"Polygon","coordinates":[[[136.21638,35.95849],[136.21572,35.95844],[136.2156,35.95934],[136.21561,35.95936],[136.21627,35.95941],[136.21638,35.95849]]]}},{"type":"Feature","properties":{"pid":"b5df1432-4b36-4dcb-ab09-b81be52ce707","full":47.5},"geometry":{"type":"Polygon","coordinates":[[[136.21641,35.95844],[136.21651,35.95758],[136.21649,35.95757],[136.21649,35.95755],[136.21583,35.9575],[136.21582,35.95751],[136.21572,35.95839],[136.21641,35.95844]]]}},{"type":"Feature","properties":{"pid":"f6fa7335-beef-4876-a46e-e727d504c129","full":7.2},"geometry":{"type":"Polygon","coordinates":[[[136.21643,35.95846],[136.21663,35.95847],[136.21673,35.95758],[136.21656,35.95756],[136.21656,35.95759],[136.21653,35.95759],[136.21643,35.95846]]]}},{"type":"Feature","properties":{"pid":"97941568-baa6-4626-aae0-6d70cd0d31eb","full":64.6},"geometry":{"type":"Polygon","coordinates":[[[136.2177,35.95855],[136.21781,35.95768],[136.21778,35.95767],[136.21778,35.95765],[136.21691,35.95759],[136.2168,35.95846],[136.21683,35.95846],[136.21682,35.95849],[136.21689,35.95849],[136.2177,35.95855]]]}},{"type":"Feature","properties":{"pid":"58e7f3cd-1b18-4e63-a0fd-c9bd093c96aa","full":11.2},"geometry":{"type":"Polygon","coordinates":[[[136.21797,35.95857],[136.21807,35.95767],[136.21782,35.95766],[136.21772,35.95855],[136.21797,35.95857]]]}},{"type":"Feature","properties":{"pid":"98ae156c-3049-4ed1-bcd4-10af75eae50e","full":17.1},"geometry":{"type":"Polygon","coordinates":[[[136.21837,35.95772],[136.21837,35.95769],[136.21807,35.95767],[136.21798,35.95857],[136.2183,35.9586],[136.21839,35.95772],[136.21837,35.95772]]]}},{"type":"Feature","properties":{"pid":"26ba6a7d-5ed1-48ea-a4c4-f9f727829ea7","full":8.0},"geometry":{"type":"Polygon","coordinates":[[[136.21803,35.95955],[136.21815,35.95862],[136.21794,35.9586],[136.21783,35.95953],[136.21803,35.95955]]]}},{"type":"Feature","properties":{"pid":"12ea4d00-5661-4327-a95d-b524ad7fcfae","full":9.2},"geometry":{"type":"Polygon","coordinates":[[[136.21783,35.95953],[136.21793,35.9586],[136.21771,35.95859],[136.21761,35.95951],[136.21783,35.95953]]]}},{"type":"Feature","properties":{"pid":"47dba907-5ed9-4a72-87d0-1561378398c1","full":20.9},"geometry":{"type":"Polygon","coordinates":[[[136.21749,35.95951],[136.21758,35.95859],[136.21723,35.95856],[136.21713,35.95948],[136.21749,35.95951]]]}},{"type":"Feature","properties":{"pid":"a8e22b91-43cd-4f8e-942a-bc0ffa5bbf61","full":33.4},"geometry":{"type":"Polygon","coordinates":[[[136.21865,35.9596],[136.21866,35.95957],[136.21867,35.95957],[136.21879,35.95867],[136.21828,35.95863],[136.21817,35.95956],[136.21865,35.9596]]]}},{"type":"Feature","properties":{"pid":"111213ee-4e12-41ae-a5a2-aae30ce19e73","full":15.4},"geometry":{"type":"Polygon","coordinates":[[[136.21897,35.95962],[136.21908,35.95869],[136.2188,35.95867],[136.21868,35.95957],[136.2187,35.95958],[136.21869,35.9596],[136.21897,35.95962]]]}},{"type":"Feature","properties":{"pid":"6fc3cdb6-4d4d-4211-b63c-6127986186d4","full":28.0},"geometry":{"type":"Polygon","coordinates":[[[136.21898,35.95962],[136.21938,35.95965],[136.21942,35.95963],[136.21953,35.95873],[136.21909,35.95869],[136.21898,35.95962]]]}},{"type":"Feature","properties":{"pid":"caefcfdb-8423-4bad-b74e-012354468644","full":17.4},"geometry":{"type":"Polygon","coordinates":[[[136.2202,35.95906],[136.21968,35.95902],[136.2196,35.95965],[136.21962,35.95965],[136.21962,35.95968],[136.21995,35.95971],[136.22,35.95943],[136.22007,35.95933],[136.2202,35.95906]]]}},{"type":"Feature","properties":{"pid":"492d06c0-fb19-4a2f-b052-a07038ceb1f5","full":9.1},"geometry":{"type":"Polygon","coordinates":[[[136.22026,35.95875],[136.21971,35.95871],[136.21968,35.95901],[136.2202,35.95905],[136.22026,35.95875]]]}},{"type":"Feature","properties":{"pid":"4c8e447d-65e7-4a05-b2b7-2099b7913c4d","full":3.1},"geometry":{"type":"Polygon","coordinates":[[[136.22069,35.95842],[136.21976,35.95835],[136.21974,35.95848],[136.22057,35.95855],[136.22069,35.95842]]]}},{"type":"Feature","properties":{"pid":"d95648f5-b2f2-485a-a7a1-627c9ebb68ee","full":6.8},"geometry":{"type":"Polygon","coordinates":[[[136.22056,35.95856],[136.21974,35.95848],[136.21972,35.95871],[136.22027,35.95875],[136.22029,35.95867],[136.22046,35.95869],[136.22056,35.95856]]]}},{"type":"Feature","properties":{"pid":"08af884d-0242-4299-92e4-213a02e3a586","full":9.0},"geometry":{"type":"Polygon","coordinates":[[[136.22087,35.95824],[136.2198,35.95816],[136.21979,35.95817],[136.21977,35.95817],[136.21976,35.95835],[136.2207,35.95842],[136.22087,35.95824]]]}},{"type":"Feature","properties":{"pid":"4e7d3a02-212c-4146-8cf5-add3191dca21","full":25.7},"geometry":{"type":"Polygon","coordinates":[[[136.21978,35.95815],[136.22088,35.95823],[136.22097,35.95814],[136.221,35.95792],[136.22098,35.95791],[136.21982,35.95781],[136.21978,35.95815]]]}},{"type":"Feature","properties":{"pid":"a5ad3294-03d1-45a4-aecb-be1731554bb8","full":30.7},"geometry":{"type":"Polygon","coordinates":[[[136.21903,35.95865],[136.21952,35.95871],[136.21961,35.95779],[136.21914,35.95776],[136.21903,35.95865]]]}},{"type":"Feature","properties":{"pid":"57470a49-2b3c-4c7c-ab63-edfe1894b0a0","full":19.9},"geometry":{"type":"Polygon","coordinates":[[[136.21865,35.95862],[136.21876,35.95772],[136.2184,35.9577],[136.21831,35.9586],[136.21865,35.95862]]]}},{"type":"Feature","properties":{"pid":"28ecf9da-7451-4b05-934b-7bf2cfff54b7","full":20.0},"geometry":{"type":"Polygon","coordinates":[[[136.21902,35.95865],[136.21913,35.95778],[136.21911,35.95777],[136.2191,35.95775],[136.21877,35.95773],[136.21866,35.95862],[136.21902,35.95865]]]}},{"type":"Feature","properties":{"pid":"f0872bd7-d365-4706-81f1-d7cfc4582130","full":10.5},"geometry":{"type":"Polygon","coordinates":[[[136.21892,35.95768],[136.21903,35.95677],[136.2188,35.95675],[136.21868,35.95763],[136.2187,35.95764],[136.2187,35.95767],[136.21892,35.95768]]]}},{"type":"Feature","properties":{"pid":"3838906e-f541-40f7-9e71-ea462f90b662","full":48.2},"geometry":{"type":"Polygon","coordinates":[[[136.21892,35.95766],[136.21895,35.95765],[136.21895,35.95768],[136.21962,35.95773],[136.21972,35.95682],[136.21904,35.95677],[136.21892,35.95766]]]}},{"type":"Feature","properties":{"pid":"a190ab01-207c-47d1-82c8-93eac8907895","full":25.6},"geometry":{"type":"Polygon","coordinates":[[[136.21984,35.9574],[136.21981,35.95769],[136.21983,35.95772],[136.22097,35.95781],[136.221,35.9578],[136.22105,35.9575],[136.22102,35.9575],[136.22102,35.95749],[136.21984,35.9574]]]}},{"type":"Feature","properties":{"pid":"77920a5c-1d5e-4456-9617-6d423420975c","full":31.5},"geometry":{"type":"Polygon","coordinates":[[[136.22106,35.95746],[136.22109,35.95712],[136.22105,35.95712],[136.22106,35.9571],[136.21988,35.95702],[136.21984,35.95739],[136.22102,35.95748],[136.22103,35.95746],[136.22106,35.95746]]]}},{"type":"Feature","properties":{"pid":"dff0f467-4b07-4f3e-b11c-860a0980191c","full":58.5},"geometry":{"type":"Polygon","coordinates":[[[136.21304,35.95729],[136.21295,35.95819],[136.21378,35.95825],[136.21379,35.95823],[136.21381,35.95823],[136.21389,35.95751],[136.2137,35.95749],[136.21371,35.95734],[136.21304,35.95729]]]}},{"type":"Feature","properties":{"pid":"b55db614-fd8d-4fbc-95db-b66cf67395ec","full":4.7},"geometry":{"type":"Polygon","coordinates":[[[136.21404,35.95826],[136.21415,35.95737],[136.21398,35.95736],[136.21387,35.95823],[136.21389,35.95823],[136.2139,35.95826],[136.21404,35.95826]]]}},{"type":"Feature","properties":{"pid":"1940c827-ffc2-4b66-8296-b8ff44945cbb","full":44.0},"geometry":{"type":"Polygon","coordinates":[[[136.21499,35.95834],[136.21564,35.95839],[136.21574,35.95749],[136.2151,35.95744],[136.21499,35.95834]]]}},{"type":"Feature","properties":{"pid":"441a774c-0041-4447-8354-ac54620d3129","full":25.8},"geometry":{"type":"Polygon","coordinates":[[[136.21456,35.95831],[136.21498,35.95834],[136.21509,35.95744],[136.21466,35.95741],[136.21456,35.95831]]]}},{"type":"Feature","properties":{"pid":"79c5af7f-100b-4801-b890-e28aceae8f3a","full":32.7},"geometry":{"type":"Polygon","coordinates":[[[136.21563,35.95844],[136.21512,35.9584],[136.21502,35.95931],[136.21552,35.95935],[136.21563,35.95844]]]}},{"type":"Feature","properties":{"pid":"21c55da1-f3ef-4a10-b03e-0fe6c3971e25","full":11.1},"geometry":{"type":"Polygon","coordinates":[[[136.21476,35.95929],[136.21499,35.95931],[136.2151,35.9584],[136.21485,35.95838],[136.21475,35.95926],[136.21477,35.95927],[136.21476,35.95929]]]}},{"type":"Feature","properties":{"pid":"5e435432-cd2a-4279-81d3-2c91278f82db","full":10.1},"geometry":{"type":"Polygon","coordinates":[[[136.21451,35.95927],[136.21472,35.95928],[136.21473,35.95927],[136.21474,35.95926],[136.21484,35.95838],[136.2146,35.95836],[136.21451,35.95927]]]}},{"type":"Feature","properties":{"pid":"f2733b03-5bba-40b9-8c13-139b75d08663","full":24.5},"geometry":{"type":"Polygon","coordinates":[[[136.2141,35.95923],[136.21451,35.95927],[136.2146,35.95836],[136.2142,35.95832],[136.2141,35.95923]]]}},{"type":"Feature","properties":{"pid":"c1b5d38e-7e96-4b25-a7bc-7f8204ef10d0","full":17.6},"geometry":{"type":"Polygon","coordinates":[[[136.21409,35.95923],[136.21419,35.95832],[136.21387,35.9583],[136.21377,35.95919],[136.2138,35.95919],[136.21379,35.95921],[136.21409,35.95923]]]}},{"type":"Feature","properties":{"pid":"86bf43a5-5ff1-45d7-93b2-4d096581e439","full":65.1},"geometry":{"type":"Polygon","coordinates":[[[136.21292,35.95822],[136.21281,35.95913],[136.2137,35.95921],[136.21381,35.95829],[136.21292,35.95822]]]}},{"type":"Feature","properties":{"pid":"f2be5078-7f4a-4d91-9ef9-64dc8b89f53d","full":8.9},"geometry":{"type":"Polygon","coordinates":[[[136.21433,35.95829],[136.21455,35.9583],[136.21466,35.95741],[136.21446,35.95739],[136.21446,35.95742],[136.21443,35.95742],[136.21433,35.95829]]]}},{"type":"Feature","properties":{"pid":"6f9a9af6-cc4b-4e70-a2c3-d00d93914a5b","full":12.8},"geometry":{"type":"Polygon","coordinates":[[[136.21431,35.95829],[136.21442,35.95742],[136.2144,35.95741],[136.2144,35.95739],[136.21415,35.95737],[136.21404,35.95827],[136.21431,35.95829]]]}},{"type":"Feature","properties":{"pid":"d261d4db-84f6-4fe7-8c9c-ac0697cdf5d5","full":28.3},"geometry":{"type":"Polygon","coordinates":[[[136.2122,35.95818],[136.21209,35.95906],[136.21213,35.95906],[136.21213,35.9591],[136.21255,35.95912],[136.21265,35.95822],[136.2122,35.95818]]]}},{"type":"Feature","properties":{"pid":"008eba87-ba64-4367-ab50-55f2775ae306","full":9.8},"geometry":{"type":"Polygon","coordinates":[[[136.21267,35.95822],[136.21257,35.9591],[136.21261,35.9591],[136.21261,35.95913],[136.2128,35.95914],[136.2129,35.95824],[136.21267,35.95822]]]}},{"type":"Feature","properties":{"pid":"f4799d09-3553-4a0a-ab99-9b18fe8dd980","full":47.1},"geometry":{"type":"Polygon","coordinates":[[[136.21219,35.95915],[136.21153,35.9591],[136.21143,35.96003],[136.2121,35.96008],[136.21219,35.95915]]]}},{"type":"Feature","properties":{"pid":"f724daed-4cd3-40bb-9500-6e6c801511e3","full":48.3},"geometry":{"type":"Polygon","coordinates":[[[136.21135,35.95911],[136.21028,35.95904],[136.2102,35.9596],[136.21127,35.95969],[136.21128,35.95968],[136.21131,35.95968],[136.21137,35.95912],[136.21135,35.95913],[136.21135,35.95911]]]}},{"type":"Feature","properties":{"pid":"42700444-7599-47b0-bb4e-282edb3d72e1","full":16.5},"geometry":{"type":"Polygon","coordinates":[[[136.21031,35.95877],[136.21028,35.95903],[136.21135,35.95911],[136.21135,35.95909],[136.21138,35.9591],[136.21141,35.95886],[136.21031,35.95877]]]}},{"type":"Feature","properties":{"pid":"bd9449c5-847c-41b5-8816-0072fcf29593","full":61.1},"geometry":{"type":"Polygon","coordinates":[[[136.21031,35.95876],[136.21141,35.95885],[136.21148,35.95815],[136.21041,35.95806],[136.2104,35.95807],[136.21039,35.95807],[136.21031,35.95876]]]}},{"type":"Feature","properties":{"pid":"c649d342-0743-4e79-b121-38d4165c6a27","full":34.3},"geometry":{"type":"Polygon","coordinates":[[[136.21165,35.95813],[136.21155,35.95905],[136.21204,35.95908],[136.21205,35.95905],[136.21207,35.95906],[136.21218,35.95818],[136.21165,35.95813]]]}},{"type":"Feature","properties":{"pid":"bc18a4d8-6f8b-42bd-880c-1e9962ea531e","full":30.9},"geometry":{"type":"Polygon","coordinates":[[[136.21155,35.95767],[136.21044,35.95759],[136.2104,35.95796],[136.21041,35.95797],[136.21042,35.95799],[136.2115,35.95807],[136.21155,35.95767]]]}},{"type":"Feature","properties":{"pid":"eb6cc722-e680-4578-8894-f0ebfcd37a56","full":17.5},"geometry":{"type":"Polygon","coordinates":[[[136.21158,35.95741],[136.21047,35.95732],[136.21044,35.95758],[136.21155,35.95767],[136.21158,35.95741]]]}},{"type":"Feature","properties":{"pid":"bffa2ebc-abc1-43ce-80a6-1a0ae1f63b4e","full":4.0},"geometry":{"type":"Polygon","coordinates":[[[136.2116,35.95726],[136.21049,35.95719],[136.21047,35.95731],[136.21153,35.9574],[136.21154,35.95737],[136.21158,35.95738],[136.2116,35.95726]]]}},{"type":"Feature","properties":{"pid":"d69e055f-4458-4613-a4b6-0f42d2b8c413","full":41.5},"geometry":{"type":"Polygon","coordinates":[[[136.21227,35.95814],[136.21238,35.95725],[136.21236,35.95725],[136.21236,35.95723],[136.21175,35.95719],[136.21166,35.95808],[136.21227,35.95814]]]}},{"type":"Feature","properties":{"pid":"58dde1a9-648c-4b29-a051-34406af0a05c","full":44.5},"geometry":{"type":"Polygon","coordinates":[[[136.21229,35.95814],[136.21293,35.95819],[136.21304,35.95729],[136.21242,35.95724],[136.2124,35.95725],[136.21238,35.95725],[136.21229,35.95814]]]}},{"type":"Feature","properties":{"pid":"bd8fbd2e-8e8c-4de3-93d0-b68f3a462cbb","full":24.1},"geometry":{"type":"Polygon","coordinates":[[[136.22243,35.95875],[136.22326,35.95876],[136.22327,35.9586],[136.22341,35.95836],[136.2234,35.95834],[136.22243,35.95836],[136.22243,35.95875]]]}},{"type":"Feature","properties":{"pid":"b12e0881-86e6-4719-a244-bec08bb4a8a9","full":86.0},"geometry":{"type":"Polygon","coordinates":[[[136.22131,35.95975],[136.22133,35.95975],[136.22134,35.95977],[136.22235,35.95977],[136.22238,35.95837],[136.2222,35.95837],[136.22222,35.95868],[136.22177,35.9587],[136.22166,35.95879],[136.22132,35.95914],[136.22131,35.95975]]]}},{"type":"Feature","properties":{"pid":"f2575736-84db-4766-921c-88e91768f279","full":21.6},"geometry":{"type":"Polygon","coordinates":[[[136.22242,35.95939],[136.22241,35.95975],[136.22244,35.95975],[136.22244,35.95978],[136.22324,35.95979],[136.22325,35.9594],[136.22242,35.95939]]]}},{"type":"Feature","properties":{"pid":"9bb6aa76-7abf-490f-bf4f-1614677de76f","full":2.1},"geometry":{"type":"Polygon","coordinates":[[[136.22242,35.95926],[136.22242,35.95938],[136.22325,35.95939],[136.22325,35.95929],[136.22323,35.95929],[136.22323,35.95927],[136.22242,35.95926]]]}},{"type":"Feature","properties":{"pid":"b47442be-fe51-44ab-9f58-32f6e0239adc","full":29.6},"geometry":{"type":"Polygon","coordinates":[[[136.22243,35.95875],[136.22242,35.95925],[136.22323,35.95927],[136.22324,35.95926],[136.22326,35.95926],[136.22326,35.95877],[136.22243,35.95875]]]}},{"type":"Feature","properties":{"pid":"04f54d20-26e6-47d7-9a63-4f6076fa249d","full":43.5},"geometry":{"type":"Polygon","coordinates":[[[136.22335,35.9591],[136.22333,35.95979],[136.22417,35.9598],[136.22417,35.95911],[136.22335,35.9591]]]}},{"type":"Feature","properties":{"pid":"9b63a3a8-9056-4a32-b22b-dfeac9d2031c","full":27.6},"geometry":{"type":"Polygon","coordinates":[[[136.22424,35.95907],[136.22423,35.95949],[136.22514,35.9595],[136.22514,35.95948],[136.22517,35.95948],[136.22518,35.95907],[136.22424,35.95907]]]}},{"type":"Feature","properties":{"pid":"002df6c5-f1d7-454a-bcab-eb59a87bdd59","full":33.3},"geometry":{"type":"Polygon","coordinates":[[[136.22424,35.95906],[136.22516,35.95907],[136.22516,35.95905],[136.22518,35.95905],[136.22519,35.95856],[136.22425,35.95858],[136.22424,35.95906]]]}},{"type":"Feature","properties":{"pid":"ba4e08e4-167d-4ec8-9084-9c1b2ada53e2","full":23.1},"geometry":{"type":"Polygon","coordinates":[[[136.22418,35.95911],[136.22419,35.95869],[136.22336,35.95868],[136.22335,35.95909],[136.22418,35.95911]]]}},{"type":"Feature","properties":{"pid":"51a6a540-d603-44db-8952-8eef1154593a","full":1.6},"geometry":{"type":"Polygon","coordinates":[[[136.22419,35.95869],[136.22419,35.95859],[136.22376,35.9586],[136.22376,35.95853],[136.22343,35.95853],[136.22336,35.95863],[136.22336,35.95868],[136.22419,35.95869]]]}},{"type":"Feature","properties":{"pid":"294c0bab-6c54-4d9c-891c-bb92923af156","full":4.9},"geometry":{"type":"Polygon","coordinates":[[[136.22433,35.95812],[136.22443,35.95812],[136.22443,35.95826],[136.22466,35.95825],[136.22466,35.95793],[136.22455,35.95792],[136.22455,35.95786],[136.22431,35.95787],[136.22433,35.95812]]]}},{"type":"Feature","properties":{"pid":"b27d2d09-8b78-403a-b079-c8ed28548f2f","full":32.6},"geometry":{"type":"Polygon","coordinates":[[[136.22421,35.96031],[136.2242,35.96079],[136.2251,35.9608],[136.22511,35.96079],[136.22513,35.96079],[136.22514,35.96032],[136.22421,35.96031]]]}},{"type":"Feature","properties":{"pid":"9ec4212a-a59b-45d7-b932-58024fa31e69","full":22.8},"geometry":{"type":"Polygon","coordinates":[[[136.22419,35.9608],[136.22419,35.96118],[136.22512,35.96119],[136.22512,35.96099],[136.22509,35.96099],[136.2251,35.96093],[136.22513,35.96093],[136.22513,35.96081],[136.22419,35.9608]]]}},{"type":"Feature","properties":{"pid":"b3a3ae2b-cbd8-41c1-a6fe-5f3b7b91b779","full":18.4},"geometry":{"type":"Polygon","coordinates":[[[136.22419,35.96119],[136.22418,35.9615],[136.22509,35.96151],[136.2251,35.9615],[136.22511,35.96149],[136.22512,35.96119],[136.22419,35.96119]]]}},{"type":"Feature","properties":{"pid":"48de045c-b62b-4560-82a4-c840aae29b13","full":37.3},"geometry":{"type":"Polygon","coordinates":[[[136.22414,35.9608],[136.2233,35.96079],[136.22328,35.96139],[136.22412,35.9614],[136.22414,35.9608]]]}},{"type":"Feature","properties":{"pid":"7ceb7a04-c620-4bbe-8d3c-353bf4e50a74","full":11.1},"geometry":{"type":"Polygon","coordinates":[[[136.22415,35.96055],[136.22331,35.96054],[136.2233,35.96076],[136.22331,35.96076],[136.22333,35.96078],[136.22414,35.96079],[136.22415,35.96055]]]}},{"type":"Feature","properties":{"pid":"44f4d58c-dee2-42a0-889a-6deb45cb0458","full":5.2},"geometry":{"type":"Polygon","coordinates":[[[136.22331,35.96039],[136.22331,35.96053],[136.22415,35.96054],[136.22415,35.96039],[136.22333,35.96037],[136.22333,35.96038],[136.22331,35.96039]]]}},{"type":"Feature","properties":{"pid":"359f4731-186c-40da-8316-5d4bd9d6e67e","full":31.9},"geometry":{"type":"Polygon","coordinates":[[[136.22331,35.96035],[136.22333,35.96035],[136.22333,35.96036],[136.22415,35.96038],[136.22417,35.95986],[136.22415,35.95986],[136.22413,35.95985],[136.22332,35.95984],[136.22331,35.96035]]]}},{"type":"Feature","properties":{"pid":"b53916bf-21fe-4515-b15f-68d6d354870c","full":3.5},"geometry":{"type":"Polygon","coordinates":[[[136.22421,35.96017],[136.22421,35.9603],[136.22514,35.96031],[136.22514,35.96018],[136.22421,35.96017]]]}},{"type":"Feature","properties":{"pid":"3d671785-6733-44d5-bd4e-ca8a185887a8","full":17.9},"geometry":{"type":"Polygon","coordinates":[[[136.22421,35.96017],[136.22514,35.96018],[136.22515,35.95987],[136.22422,35.95986],[136.22421,35.96017]]]}},{"type":"Feature","properties":{"pid":"a459955f-453b-4015-ac1f-710554e433ae","full":18.7},"geometry":{"type":"Polygon","coordinates":[[[136.22423,35.95949],[136.22422,35.95979],[136.22426,35.95981],[136.22515,35.95982],[136.22516,35.95981],[136.22517,35.95951],[136.22423,35.95949]]]}},{"type":"Feature","properties":{"pid":"c81eac0d-daf9-4299-8a1f-ede82764a830","full":36.7},"geometry":{"type":"Polygon","coordinates":[[[136.22239,35.96042],[136.2232,35.96043],[136.22321,35.96042],[136.22323,35.96042],[136.22324,35.95984],[136.22243,35.95982],[136.22243,35.95984],[136.22241,35.95984],[136.22239,35.96042]]]}},{"type":"Feature","properties":{"pid":"f9c369f1-d2e6-41d3-94a9-6706272b5942","full":1.7},"geometry":{"type":"Polygon","coordinates":[[[136.22125,35.9598],[136.22125,35.95954],[136.22106,35.95953],[136.22101,35.9598],[136.22125,35.9598]]]}},{"type":"Feature","properties":{"pid":"8a7453ff-052b-4445-b227-d883630cc3fb","full":3.6},"geometry":{"type":"Polygon","coordinates":[[[136.22124,35.96014],[136.22125,35.95981],[136.22101,35.9598],[136.22095,35.96014],[136.22124,35.96014]]]}},{"type":"Feature","properties":{"pid":"960d5c56-83e6-4402-9915-56512fb265e2","full":3.9},"geometry":{"type":"Polygon","coordinates":[[[136.22095,35.96015],[136.22093,35.96029],[136.22093,35.96044],[136.22123,35.96044],[136.22124,35.96014],[136.22095,35.96015]]]}},{"type":"Feature","properties":{"pid":"49ecb7c3-51f4-44f3-9b1a-9be6944ef539","full":19.6},"geometry":{"type":"Polygon","coordinates":[[[136.2213,35.96026],[136.2213,35.96056],[136.22232,35.96057],[136.22233,35.96027],[136.2213,35.96026]]]}},{"type":"Feature","properties":{"pid":"59365d06-8df4-4d44-be63-75ee09e86247","full":32.2},"geometry":{"type":"Polygon","coordinates":[[[136.2213,35.96025],[136.22233,35.96026],[136.22235,35.95982],[136.2213,35.95982],[136.2213,35.96025]]]}},{"type":"Feature","properties":{"pid":"ce7457e7-0e7b-4b37-b262-fc8f9addbda5","full":15.1},"geometry":{"type":"Polygon","coordinates":[[[136.22231,35.96103],[136.22232,35.96077],[136.22132,35.96076],[136.22132,35.96078],[136.2213,35.96078],[136.2213,35.96102],[136.22231,35.96103]]]}},{"type":"Feature","properties":{"pid":"c6efdcc6-25c9-47d4-881c-8270d0c9f624","full":8.7},"geometry":{"type":"Polygon","coordinates":[[[136.22129,35.96059],[136.2213,35.96074],[136.22132,35.96074],[136.22132,35.96075],[136.22232,35.96076],[136.22232,35.96057],[136.22131,35.96057],[136.22131,35.96059],[136.22129,35.96059]]]}},{"type":"Feature","properties":{"pid":"26791c51-3266-4260-9f0a-b17e6fb6a229","full":1.9},"geometry":{"type":"Polygon","coordinates":[[[136.22093,35.96045],[136.22097,35.96065],[136.22123,35.96065],[136.22123,35.96045],[136.22093,35.96045]]]}},{"type":"Feature","properties":{"pid":"27ac1d2b-586c-464f-9bbf-4b396f6c5a45","full":1.3},"geometry":{"type":"Polygon","coordinates":[[[136.22097,35.96065],[136.22104,35.96082],[136.22119,35.961],[136.22122,35.961],[136.22123,35.96066],[136.22097,35.96065]]]}},{"type":"Feature","properties":{"pid":"bfdc2f10-3baf-48c6-a530-97eff8b1dc8a","full":7.9},"geometry":{"type":"Polygon","coordinates":[[[136.22136,35.96103],[136.22138,35.96121],[136.2223,35.96122],[136.22231,35.96104],[136.22136,35.96103]]]}},{"type":"Feature","properties":{"pid":"5e1bcb3d-5172-4bda-b63c-e0f2403e3c3c","full":8.9},"geometry":{"type":"Polygon","coordinates":[[[136.22321,35.96105],[136.22238,35.96104],[136.22236,35.96125],[136.22316,35.96127],[136.22316,35.96125],[136.2232,35.96125],[136.22321,35.96105]]]}},{"type":"Feature","properties":{"pid":"bbd7ac9d-225b-4630-bf4c-b5551eaaf919","full":18.1},"geometry":{"type":"Polygon","coordinates":[[[136.22238,35.96077],[136.22321,35.96078],[136.22322,35.96046],[136.2232,35.96046],[136.22319,35.96044],[136.22239,35.96042],[136.22238,35.96077]]]}},{"type":"Feature","properties":{"pid":"d7c5a431-bc45-402e-b1da-9979bfab4234","full":12.2},"geometry":{"type":"Polygon","coordinates":[[[136.22321,35.96078],[136.22238,35.96078],[136.22237,35.96103],[136.22321,35.96104],[136.22321,35.96078]]]}},{"type":"Feature","properties":{"pid":"d0f6f003-4202-4e5b-85a3-6132a7d2f60a","full":15.0},"geometry":{"type":"Polygon","coordinates":[[[136.22234,35.96209],[136.22314,35.9621],[136.22314,35.96208],[136.22318,35.96209],[136.22318,35.9618],[136.22235,35.96179],[136.22234,35.96209]]]}},{"type":"Feature","properties":{"pid":"2bd4adcf-289d-4af4-9236-d00cedf9d905","full":26.4},"geometry":{"type":"Polygon","coordinates":[[[136.22236,35.96126],[136.22236,35.96171],[136.22319,35.96172],[136.2232,35.96127],[136.22236,35.96126]]]}},{"type":"Feature","properties":{"pid":"90d4d07e-7713-48de-9a8e-8627f1843802","full":27.6},"geometry":{"type":"Polygon","coordinates":[[[136.22228,35.96123],[136.22138,35.96122],[136.2214,35.96137],[136.22143,35.96141],[136.22149,35.96168],[136.22227,35.9617],[136.22228,35.96123]]]}},{"type":"Feature","properties":{"pid":"ed3dc8a2-1efe-4413-81c1-1c61d7ff5e23","full":7.3},"geometry":{"type":"Polygon","coordinates":[[[136.22145,35.96213],[136.22144,35.96231],[136.22148,35.96231],[136.22148,35.96232],[136.22227,35.96234],[136.22228,35.96215],[136.22145,35.96213]]]}},{"type":"Feature","properties":{"pid":"631b4c14-7e11-4faa-8a6f-c2a0392dfb3a","full":18.1},"geometry":{"type":"Polygon","coordinates":[[[136.22145,35.96212],[136.22228,35.96214],[136.22229,35.96184],[136.22226,35.96184],[136.22226,35.96179],[136.22148,35.96179],[136.22145,35.96186],[136.22145,35.96212]]]}},{"type":"Feature","properties":{"pid":"342cea04-246d-46b7-b06d-7706af79a143","full":8.5},"geometry":{"type":"Polygon","coordinates":[[[136.22144,35.96235],[136.22144,35.96254],[136.22227,35.96255],[136.22227,35.96234],[136.22148,35.96233],[136.22148,35.96235],[136.22144,35.96235]]]}},{"type":"Feature","properties":{"pid":"f16ebb81-d767-42d3-a6cb-4326c290f9c4","full":9.1},"geometry":{"type":"Polygon","coordinates":[[[136.22091,35.96303],[136.2213,35.96303],[136.22131,35.96302],[136.22133,35.96302],[136.22133,35.96258],[136.22131,35.96258],[136.22131,35.96255],[136.22134,35.96255],[136.22134,35.96213],[136.22131,35.96213],[136.22127,35.9622],[136.22115,35.9625],[136.22091,35.96303]]]}},{"type":"Feature","properties":{"pid":"e5a4cc60-bff6-40a5-9e9e-b41320aeabf0","full":29.3},"geometry":{"type":"Polygon","coordinates":[[[136.22227,35.96255],[136.22144,35.96254],[136.22143,35.96302],[136.22146,35.96302],[136.22146,35.96305],[136.22226,35.96305],[136.22227,35.96255]]]}},{"type":"Feature","properties":{"pid":"9392f454-2a8f-4510-82a5-ea49f87946cd","full":17.9},"geometry":{"type":"Polygon","coordinates":[[[136.22232,35.96306],[136.22316,35.96307],[136.22316,35.96275],[136.22312,35.96275],[136.22312,35.96273],[136.22233,35.96272],[136.22232,35.96306]]]}},{"type":"Feature","properties":{"pid":"1dbce52e-434e-446e-8603-60c6fec60a4e","full":38.3},"geometry":{"type":"Polygon","coordinates":[[[136.22234,35.96209],[136.22232,35.96271],[136.22312,35.96272],[136.22313,35.96271],[136.22316,35.96271],[136.22317,35.96211],[136.22234,35.96209]]]}},{"type":"Feature","properties":{"pid":"67203589-7ad8-430a-a197-781483788d31","full":39.1},"geometry":{"type":"Polygon","coordinates":[[[136.22321,35.96305],[136.22325,35.96305],[136.22325,35.96307],[136.22395,35.96308],[136.22396,35.96236],[136.22326,35.96234],[136.22326,35.96237],[136.22323,35.96237],[136.22321,35.96305]]]}},{"type":"Feature","properties":{"pid":"9345233e-4c28-42d6-872d-56b734d9ed25","full":188.0},"geometry":{"type":"Polygon","coordinates":[[[136.224,35.96181],[136.22397,35.96382],[136.22505,35.96382],[136.22507,35.96381],[136.2251,35.96184],[136.224,35.96181]]]}},{"type":"Feature","properties":{"pid":"a3955614-89f0-4100-a113-f359b6abaf1a","full":27.4},"geometry":{"type":"Polygon","coordinates":[[[136.22323,35.96234],[136.22396,35.96235],[136.22397,35.96181],[136.22327,35.9618],[136.22326,35.96182],[136.22324,35.96191],[136.22323,35.96234]]]}},{"type":"Feature","properties":{"pid":"37650cb2-28da-4c92-b6e6-a7ab5060c877","full":17.4},"geometry":{"type":"Polygon","coordinates":[[[136.22412,35.9614],[136.22328,35.9614],[136.22328,35.96157],[136.22331,35.96157],[136.22331,35.96161],[136.22328,35.96161],[136.22327,35.96172],[136.22411,35.96174],[136.22412,35.9614]]]}},{"type":"Feature","properties":{"pid":"67e66e8b-04f5-46e8-9110-1209d21699eb","full":12.2},"geometry":{"type":"Polygon","coordinates":[[[136.22418,35.96151],[136.22417,35.96174],[136.2251,35.96176],[136.22511,35.96153],[136.22509,35.96153],[136.22509,35.96151],[136.22418,35.96151]]]}},{"type":"Feature","properties":{"pid":"af181ffb-abf4-4a78-ab4d-6a8203ab9ac6","full":37.8},"geometry":{"type":"Polygon","coordinates":[[[136.22382,35.96746],[136.22386,35.96676],[136.22312,35.96674],[136.2231,35.96745],[136.22382,35.96746]]]}},{"type":"Feature","properties":{"pid":"11f647ba-25e4-43ee-a2f2-1da7f4907adb","full":172.4},"geometry":{"type":"Polygon","coordinates":[[[136.22386,35.96861],[136.22496,35.96861],[136.225,35.96681],[136.22497,35.96678],[136.2239,35.96676],[136.22386,35.96861]]]}},{"type":"Feature","properties":{"pid":"e11dd890-038e-47bc-9d6d-75d3d627495a","full":135.2},"geometry":{"type":"Polygon","coordinates":[[[136.22496,35.96864],[136.22386,35.96863],[136.22382,35.96983],[136.22413,35.96983],[136.22413,35.97015],[136.2242,35.9702],[136.22478,35.97021],[136.22488,35.97015],[136.22493,35.97014],[136.22496,35.96864]]]}},{"type":"Feature","properties":{"pid":"6bed2f29-4db2-4db1-a855-075dd20045b9","full":37.4},"geometry":{"type":"Polygon","coordinates":[[[136.22307,35.96891],[136.2238,35.96891],[136.2238,35.96886],[136.22372,35.96886],[136.22372,35.96872],[136.2238,35.96872],[136.2238,35.96819],[136.22313,35.96818],[136.22312,35.96821],[136.22308,35.96821],[136.22307,35.96891]]]}},{"type":"Feature","properties":{"pid":"eece21b5-f7bf-4b35-adca-74504e80153c","full":45.5},"geometry":{"type":"Polygon","coordinates":[[[136.22217,35.96888],[136.22302,35.9689],[136.22303,35.96818],[136.22219,35.96817],[136.22217,35.96888]]]}},{"type":"Feature","properties":{"pid":"48dde6f8-f3ad-42f6-8f8c-f1b2522cf72e","full":41.9},"geometry":{"type":"Polygon","coordinates":[[[136.22217,35.9689],[136.22216,35.96942],[136.22295,35.96972],[136.22295,35.9697],[136.22298,35.9697],[136.22301,35.96891],[136.22217,35.9689]]]}},{"type":"Feature","properties":{"pid":"8bff2611-1aaf-4fcc-b2b6-c678bbfc51e2","full":14.3},"geometry":{"type":"Polygon","coordinates":[[[136.22307,35.96924],[136.22379,35.96925],[136.22379,35.96892],[136.22307,35.96892],[136.22306,35.96909],[136.22307,35.96924]]]}},{"type":"Feature","properties":{"pid":"37ccec86-8d27-42a7-86d9-e73cbdac6446","full":9.1},"geometry":{"type":"Polygon","coordinates":[[[136.22306,35.96949],[136.22378,35.9695],[136.22378,35.96925],[136.22306,35.96925],[136.22306,35.96949]]]}},{"type":"Feature","properties":{"pid":"891009e4-ac2a-4c28-9cda-96772d53f829","full":7.8},"geometry":{"type":"Polygon","coordinates":[[[136.22306,35.96971],[136.22378,35.96972],[136.22378,35.9695],[136.22306,35.96949],[136.22306,35.96971]]]}},{"type":"Feature","properties":{"pid":"df981113-ecd1-4070-9c16-ed76f77a9c6d","full":54.7},"geometry":{"type":"Polygon","coordinates":[[[136.22129,35.96838],[136.22129,35.96907],[136.22209,35.96939],[136.2221,35.96938],[136.22214,35.9684],[136.22129,35.96838]]]}},{"type":"Feature","properties":{"pid":"5f97bc56-2b8d-42b2-8fe4-076132da75dd","full":19.2},"geometry":{"type":"Polygon","coordinates":[[[136.22215,35.96817],[136.22214,35.96781],[136.22133,35.9678],[136.22133,35.96782],[136.22131,35.96782],[136.22129,35.96815],[136.22215,35.96817]]]}},{"type":"Feature","properties":{"pid":"ea06adbc-fb16-411e-89f8-9e7e2383fc6e","full":18.9},"geometry":{"type":"Polygon","coordinates":[[[136.22214,35.9678],[136.22215,35.96745],[136.22132,35.96744],[136.22131,35.96779],[136.22214,35.9678]]]}},{"type":"Feature","properties":{"pid":"3865a9bd-78d1-41f2-b4c6-7fd5b0dc3509","full":9.1},"geometry":{"type":"Polygon","coordinates":[[[136.22214,35.96839],[136.22214,35.96818],[136.22132,35.96816],[136.22131,35.96818],[136.22129,35.96818],[136.22129,35.96838],[136.22214,35.96839]]]}},{"type":"Feature","properties":{"pid":"f2f888a6-b3d4-4a1c-9fc2-87e148f2e36e","full":37.9},"geometry":{"type":"Polygon","coordinates":[[[136.22381,35.96818],[136.22382,35.96747],[136.22311,35.96746],[136.22309,35.96817],[136.22381,35.96818]]]}},{"type":"Feature","properties":{"pid":"08980640-b4b2-4cf7-8dbb-1e51f123822a","full":96.8},"geometry":{"type":"Polygon","coordinates":[[[136.22226,35.96673],[136.22225,35.96676],[136.22223,35.96676],[136.22219,35.96816],[136.22303,35.96817],[136.22306,35.96674],[136.22226,35.96673]]]}},{"type":"Feature","properties":{"pid":"4024d20c-feba-424c-a29f-47b6c201cab0","full":44.0},"geometry":{"type":"Polygon","coordinates":[[[136.22132,35.96743],[136.22215,35.96744],[136.22216,35.96675],[136.22213,35.96675],[136.22213,35.96674],[136.22134,35.96673],[136.22132,35.96743]]]}},{"type":"Feature","properties":{"pid":"74b3d776-30d9-4892-99a0-14fc22e1e0c6","full":44.9},"geometry":{"type":"Polygon","coordinates":[[[136.22135,35.96594],[136.22133,35.96664],[136.22136,35.96665],[136.22216,35.96665],[136.22219,35.96595],[136.22135,35.96594]]]}},{"type":"Feature","properties":{"pid":"d4296aa8-73d4-44de-9ec3-4a971a185e77","full":10.8},"geometry":{"type":"Polygon","coordinates":[[[136.22219,35.96594],[136.22219,35.9657],[136.22138,35.96569],[136.22138,35.96572],[136.22135,35.96573],[136.22135,35.96593],[136.22219,35.96594]]]}},{"type":"Feature","properties":{"pid":"2acfd9f6-8d36-4aeb-9fb2-87fc7e38c95d","full":10.4},"geometry":{"type":"Polygon","coordinates":[[[136.2222,35.96547],[136.2222,35.96523],[136.22141,35.96522],[136.22141,35.96525],[136.22137,35.96525],[136.22136,35.96546],[136.2222,35.96547]]]}},{"type":"Feature","properties":{"pid":"5bc2e22c-44f4-46af-a507-e1a03a267663","full":20.2},"geometry":{"type":"Polygon","coordinates":[[[136.2222,35.96523],[136.22222,35.96486],[136.22141,35.96485],[136.2214,35.96487],[136.22137,35.96487],[136.22137,35.96521],[136.2222,35.96523]]]}},{"type":"Feature","properties":{"pid":"e542929d-8830-4eed-bb85-8aa028544812","full":9.9},"geometry":{"type":"Polygon","coordinates":[[[136.22136,35.96569],[136.22219,35.9657],[136.2222,35.96547],[136.22138,35.96547],[136.22138,35.96549],[136.22136,35.96549],[136.22136,35.96569]]]}},{"type":"Feature","properties":{"pid":"c16976ad-769c-4ab5-aae5-7ba62e37297d","full":45.4},"geometry":{"type":"Polygon","coordinates":[[[136.22227,35.96522],[136.22225,35.96594],[136.22308,35.96595],[136.2231,35.96523],[136.22227,35.96522]]]}},{"type":"Feature","properties":{"pid":"4fd60359-6925-44da-b5e8-3e3e25fc71ca","full":44.4},"geometry":{"type":"Polygon","coordinates":[[[136.22225,35.96595],[136.22223,35.96665],[136.22306,35.96667],[136.22308,35.96596],[136.22225,35.96595]]]}},{"type":"Feature","properties":{"pid":"4d123753-791d-4bf0-ad7f-baf6f70abcd6","full":37.5},"geometry":{"type":"Polygon","coordinates":[[[136.22314,35.96597],[136.22313,35.96667],[136.22385,35.96668],[136.22387,35.96598],[136.22314,35.96597]]]}},{"type":"Feature","properties":{"pid":"7e2112a8-678a-47d8-96dc-846b41a486dc","full":139.3},"geometry":{"type":"Polygon","coordinates":[[[136.22394,35.96516],[136.22391,35.96668],[136.22496,35.96669],[136.225,35.96667],[136.22503,35.96518],[136.22394,35.96516]]]}},{"type":"Feature","properties":{"pid":"bd724cd2-c218-4710-9685-3b8f4a3719a2","full":16.3},"geometry":{"type":"Polygon","coordinates":[[[136.22395,35.9649],[136.22394,35.96515],[136.22503,35.96517],[136.22504,35.96491],[136.22395,35.9649]]]}},{"type":"Feature","properties":{"pid":"c4b2749c-4575-4c74-a24d-5ee7f16c0193","full":20.2},"geometry":{"type":"Polygon","coordinates":[[[136.22314,35.96596],[136.22387,35.96598],[136.22388,35.96556],[136.22315,35.96555],[136.22314,35.96596]]]}},{"type":"Feature","properties":{"pid":"881d43e1-c159-42fc-8886-efea5b10e0cf","full":13.2},"geometry":{"type":"Polygon","coordinates":[[[136.22389,35.96525],[136.22316,35.96524],[136.22316,35.96552],[136.2232,35.96552],[136.2232,35.96554],[136.22389,35.96555],[136.22389,35.96525]]]}},{"type":"Feature","properties":{"pid":"3a94c0e3-3e7f-41fa-a5e6-a7612f093491","full":38.0},"geometry":{"type":"Polygon","coordinates":[[[136.22317,35.96522],[136.22319,35.96522],[136.22319,35.96523],[136.22389,35.96524],[136.22391,35.96454],[136.22321,35.96453],[136.22321,35.96454],[136.22318,35.96454],[136.22317,35.96522]]]}},{"type":"Feature","properties":{"pid":"a63f5ba5-66b6-4671-9c4f-15d533b83361","full":36.3},"geometry":{"type":"Polygon","coordinates":[[[136.22391,35.96453],[136.22392,35.96386],[136.2232,35.96385],[136.22319,35.96386],[136.22318,35.96452],[136.22391,35.96453]]]}},{"type":"Feature","properties":{"pid":"ab8b6d6d-0c3e-4617-bc18-525078130f84","full":52.1},"geometry":{"type":"Polygon","coordinates":[[[136.22396,35.96448],[136.22505,35.9645],[136.22507,35.96389],[136.22506,35.96388],[136.22397,35.96386],[136.22396,35.96448]]]}},{"type":"Feature","properties":{"pid":"59739a59-eca7-4593-b8d2-61a861c38e77","full":29.5},"geometry":{"type":"Polygon","coordinates":[[[136.22396,35.96449],[136.22394,35.96488],[136.22504,35.9649],[136.22505,35.96451],[136.22396,35.96449]]]}},{"type":"Feature","properties":{"pid":"6c07dca3-9088-4830-b0b1-973425555f6b","full":20.8},"geometry":{"type":"Polygon","coordinates":[[[136.22319,35.96378],[136.2232,35.9638],[136.22389,35.96381],[136.2239,35.96378],[136.22392,35.96378],[136.22394,35.96338],[136.22324,35.96337],[136.22324,35.96338],[136.2232,35.96338],[136.22319,35.96378]]]}},{"type":"Feature","properties":{"pid":"01ab68f7-4347-4591-b5ad-cf54c5a0c231","full":12.7},"geometry":{"type":"Polygon","coordinates":[[[136.2232,35.96335],[136.22324,35.96336],[136.22324,35.96337],[136.22394,35.96338],[136.22395,35.96308],[136.22325,35.96307],[136.22325,35.96309],[136.22321,35.96309],[136.2232,35.96335]]]}},{"type":"Feature","properties":{"pid":"65249814-3801-4e2b-9175-a3ef3cc52e56","full":45.7},"geometry":{"type":"Polygon","coordinates":[[[136.22232,35.96307],[136.2223,35.96378],[136.22314,35.96379],[136.22316,35.96308],[136.22232,35.96307]]]}},{"type":"Feature","properties":{"pid":"7966b784-d3d9-4a5e-9dc8-f91071076687","full":92.9},"geometry":{"type":"Polygon","coordinates":[[[136.2223,35.96384],[136.22227,35.96522],[136.2231,35.96523],[136.22312,35.96384],[136.2223,35.96384]]]}},{"type":"Feature","properties":{"pid":"b3f1c1a6-ae93-4ae6-8cae-658b70abdd5c","full":41.9},"geometry":{"type":"Polygon","coordinates":[[[136.22222,35.96451],[136.22224,35.96384],[136.22141,35.96383],[136.22139,35.9645],[136.22222,35.96451]]]}},{"type":"Feature","properties":{"pid":"a7c020a3-8426-446b-b721-27a953ff3a36","full":18.1},"geometry":{"type":"Polygon","coordinates":[[[136.22221,35.96485],[136.22222,35.96451],[136.22143,35.9645],[136.22142,35.96452],[136.22139,35.96453],[136.22138,35.96484],[136.22221,35.96485]]]}},{"type":"Feature","properties":{"pid":"8459c021-5203-4dd0-a056-f9d432956da0","full":44.2},"geometry":{"type":"Polygon","coordinates":[[[136.22143,35.96306],[136.22141,35.96376],[136.22221,35.96377],[136.22221,35.96376],[136.22224,35.96376],[136.22226,35.96306],[136.22143,35.96306]]]}},{"type":"Feature","properties":{"pid":"dd78aabb-98b5-45ab-b26f-c47d0c239c09","full":11.7},"geometry":{"type":"Polygon","coordinates":[[[136.22065,35.96349],[136.22129,35.9635],[136.22129,35.96349],[136.2213,35.96348],[136.22132,35.96314],[136.22086,35.96313],[136.22082,35.96323],[136.22078,35.9633],[136.22065,35.96349]]]}},{"type":"Feature","properties":{"pid":"a13d64e2-9d1a-4801-b965-e92f144f3831","full":10.5},"geometry":{"type":"Polygon","coordinates":[[[136.22064,35.9635],[136.22044,35.96375],[136.2213,35.96376],[136.2213,35.96351],[136.22064,35.9635]]]}},{"type":"Feature","properties":{"pid":"f2237d7f-498d-4279-a403-68814fead981","full":16.2},"geometry":{"type":"Polygon","coordinates":[[[136.22129,35.96414],[136.2213,35.96382],[136.2205,35.96381],[136.22049,35.96384],[136.22047,35.96385],[136.22047,35.96413],[136.22129,35.96414]]]}},{"type":"Feature","properties":{"pid":"74ba8910-1020-4524-97cb-4e6cd29d4024","full":39.6},"geometry":{"type":"Polygon","coordinates":[[[136.21955,35.96519],[136.22038,35.9652],[136.22039,35.96449],[136.21991,35.96449],[136.21991,35.96454],[136.21983,35.96459],[136.21979,35.96452],[136.21956,35.96484],[136.21955,35.96519]]]}},{"type":"Feature","properties":{"pid":"990ecddd-625b-494a-b5b5-f205efe7c670","full":9.2},"geometry":{"type":"Polygon","coordinates":[[[136.22039,35.96448],[136.2204,35.96383],[136.22038,35.96383],[136.21995,35.96436],[136.21983,35.96448],[136.22039,35.96448]]]}},{"type":"Feature","properties":{"pid":"1fa5c856-999f-48f9-950e-8b8cdb45300f","full":17.9},"geometry":{"type":"Polygon","coordinates":[[[136.22129,35.96446],[136.22129,35.96414],[136.22047,35.96414],[136.22046,35.96448],[136.22126,35.96448],[136.22127,35.96446],[136.22129,35.96446]]]}},{"type":"Feature","properties":{"pid":"28236f63-f710-4eb6-ad4d-28798d081de4","full":14.3},"geometry":{"type":"Polygon","coordinates":[[[136.22128,35.96477],[136.22128,35.9645],[136.22046,35.96449],[136.22045,35.96478],[136.22125,35.96479],[136.22126,35.96477],[136.22128,35.96477]]]}},{"type":"Feature","properties":{"pid":"4974b993-6fc6-4f09-aa32-3b3063d7648f","full":23.0},"geometry":{"type":"Polygon","coordinates":[[[136.22125,35.96521],[136.22126,35.96519],[136.22127,35.96519],[136.22128,35.9648],[136.22045,35.96478],[136.22044,35.9652],[136.22125,35.96521]]]}},{"type":"Feature","properties":{"pid":"a018725d-7a5a-4c6e-9360-11f5f3a85158","full":20.3},"geometry":{"type":"Polygon","coordinates":[[[136.21953,35.96558],[136.22037,35.96558],[136.22038,35.96522],[136.21955,35.9652],[136.21953,35.96558]]]}},{"type":"Feature","properties":{"pid":"39927f01-a639-4a34-8b3c-459165177b43","full":16.7},"geometry":{"type":"Polygon","coordinates":[[[136.21954,35.96591],[136.22036,35.96592],[136.22037,35.96559],[136.21953,35.96559],[136.21954,35.96591]]]}},{"type":"Feature","properties":{"pid":"7d197102-296c-423b-b349-05863b95a369","full":20.1},"geometry":{"type":"Polygon","coordinates":[[[136.22125,35.96559],[136.22126,35.96521],[136.22045,35.9652],[136.22043,35.96558],[136.22125,35.96559]]]}},{"type":"Feature","properties":{"pid":"56e5f526-aa87-422c-89c4-6d2d19170fa5","full":17.3},"geometry":{"type":"Polygon","coordinates":[[[136.22043,35.96592],[136.22125,35.96592],[136.22125,35.96559],[136.22043,35.96559],[136.22043,35.96592]]]}},{"type":"Feature","properties":{"pid":"79bc80ec-90f5-4f9f-a9b9-1b222addd37a","full":40.3},"geometry":{"type":"Polygon","coordinates":[[[136.22106,35.96595],[136.22047,35.96593],[136.22046,35.96597],[136.22043,35.96597],[136.22042,35.96663],[136.22118,35.96665],[136.22123,35.96663],[136.22124,35.9661],[136.22106,35.9661],[136.22106,35.96595]]]}},{"type":"Feature","properties":{"pid":"89bdae83-a401-42d7-a8c8-9cdf08af821d","full":29.4},"geometry":{"type":"Polygon","coordinates":[[[136.22035,35.96614],[136.21953,35.96612],[136.21951,35.96662],[136.22034,35.96663],[136.22035,35.96614]]]}},{"type":"Feature","properties":{"pid":"1452af29-7211-46a3-a5d9-9a32cd5bf1cc","full":6.3},"geometry":{"type":"Polygon","coordinates":[[[136.21953,35.9661],[136.22035,35.9661],[136.22036,35.96593],[136.21954,35.96592],[136.21953,35.9661]]]}},{"type":"Feature","properties":{"pid":"976afb80-ab65-49f1-81ec-0625e85a0ce5","full":34.6},"geometry":{"type":"Polygon","coordinates":[[[136.21862,35.96614],[136.21942,35.96615],[136.21942,35.96613],[136.21946,35.96613],[136.21947,35.96558],[136.21872,35.96558],[136.21863,35.96563],[136.21862,35.96614]]]}},{"type":"Feature","properties":{"pid":"900762ca-a993-4aba-96a9-7d0cc9a56ded","full":0.8},"geometry":{"type":"Polygon","coordinates":[[[136.2186,35.9665],[136.21861,35.96659],[136.21884,35.96661],[136.2194,35.96662],[136.21941,35.9666],[136.21944,35.9666],[136.21944,35.96652],[136.2186,35.9665]]]}},{"type":"Feature","properties":{"pid":"26f6ab58-c9f5-4052-a7e5-fb276bda2946","full":19.1},"geometry":{"type":"Polygon","coordinates":[[[136.21945,35.96652],[136.21945,35.96616],[136.21861,35.96615],[136.2186,35.96649],[136.21945,35.96652]]]}},{"type":"Feature","properties":{"pid":"7aa6401c-4a19-4a4d-b6e9-ffa15b231ca3","full":12.9},"geometry":{"type":"Polygon","coordinates":[[[136.21947,35.96557],[136.21948,35.96494],[136.21944,35.96497],[136.21915,35.96523],[136.21896,35.96537],[136.21873,35.96553],[136.21875,35.96556],[136.21873,35.96557],[136.21947,35.96557]]]}},{"type":"Feature","properties":{"pid":"908e2bd5-8251-4231-8711-877e008d35b0","full":3.8},"geometry":{"type":"Polygon","coordinates":[[[136.218,35.96597],[136.21857,35.96597],[136.21858,35.96562],[136.218,35.96597]]]}},{"type":"Feature","properties":{"pid":"9b1b17e3-20af-4435-b75f-f9b760029331","full":4.8},"geometry":{"type":"Polygon","coordinates":[[[136.21777,35.96614],[136.21857,35.96616],[136.21857,35.96598],[136.21799,35.96597],[136.21777,35.96614]]]}},{"type":"Feature","properties":{"pid":"fea02355-541a-4798-bfab-44ce2643bd25","full":21.1},"geometry":{"type":"Polygon","coordinates":[[[136.21777,35.96615],[136.21773,35.96619],[136.2177,35.96648],[136.21851,35.96659],[136.21854,35.96659],[136.21857,35.96617],[136.21777,35.96615]]]}},{"type":"Feature","properties":{"pid":"ba9d8076-2240-4494-8b0a-a4ff99a62ba9","full":36.6},"geometry":{"type":"Polygon","coordinates":[[[136.21587,35.96625],[136.21631,35.96628],[136.21639,35.96599],[136.2165,35.96557],[136.21653,35.9655],[136.21658,35.96544],[136.21666,35.96536],[136.21665,35.96533],[136.21664,35.96532],[136.21598,35.96527],[136.21587,35.96625]]]}},{"type":"Feature","properties":{"pid":"e2b54cd1-9e0e-4143-9014-7e5b7b586970","full":59.2},"geometry":{"type":"Polygon","coordinates":[[[136.21608,35.96521],[136.21612,35.96524],[136.21677,35.96528],[136.21692,35.9652],[136.21703,35.96439],[136.21619,35.96433],[136.21618,35.96438],[136.21608,35.96521]]]}},{"type":"Feature","properties":{"pid":"25145b25-636b-46bc-b886-7d4c9ca6e288","full":9.0},"geometry":{"type":"Polygon","coordinates":[[[136.21693,35.96517],[136.21696,35.96517],[136.21697,35.96519],[136.2172,35.96505],[136.21728,35.96441],[136.21703,35.96439],[136.21693,35.96517]]]}},{"type":"Feature","properties":{"pid":"124d9b6b-dac8-4c73-8bea-626a2e08abac","full":18.6},"geometry":{"type":"Polygon","coordinates":[[[136.21721,35.96505],[136.21769,35.96479],[136.21816,35.9645],[136.21815,35.96449],[136.21813,35.96448],[136.21729,35.96441],[136.21721,35.96505]]]}},{"type":"Feature","properties":{"pid":"3c32a2da-4fc3-467a-825c-035eb9161573","full":44.5},"geometry":{"type":"Polygon","coordinates":[[[136.21713,35.96341],[136.21708,35.96379],[136.21703,35.96431],[136.21769,35.96436],[136.21778,35.96346],[136.21713,35.96341]]]}},{"type":"Feature","properties":{"pid":"186426b7-cddb-436d-b101-64110cb659bf","full":51.6},"geometry":{"type":"Polygon","coordinates":[[[136.2177,35.96436],[136.21827,35.96441],[136.21828,35.9644],[136.21868,35.96356],[136.21866,35.96356],[136.21866,35.96353],[136.21782,35.96347],[136.21781,35.96349],[136.21778,35.96349],[136.2177,35.96436]]]}},{"type":"Feature","properties":{"pid":"0a31e64a-1937-4401-a3e7-b01e7ab0378a","full":43.5},"geometry":{"type":"Polygon","coordinates":[[[136.21637,35.96426],[136.21702,35.9643],[136.21712,35.96341],[136.2165,35.96336],[136.21649,35.96338],[136.21647,35.96338],[136.21637,35.96426]]]}},{"type":"Feature","properties":{"pid":"fc07d73a-fd45-4024-b89f-1daed3adc7fe","full":11.6},"geometry":{"type":"Polygon","coordinates":[[[136.21624,35.96338],[136.21621,35.96338],[136.21611,35.96422],[136.21613,35.96423],[136.21613,35.96424],[136.21636,35.96426],[136.21647,35.96336],[136.21624,35.96334],[136.21624,35.96338]]]}},{"type":"Feature","properties":{"pid":"75f94609-2b33-4854-b837-8bde79684145","full":45.6},"geometry":{"type":"Polygon","coordinates":[[[136.21432,35.9641],[136.21498,35.96415],[136.21509,35.96329],[136.21507,35.96328],[136.21506,35.96325],[136.21444,35.9632],[136.21443,35.96322],[136.21442,35.96323],[136.21432,35.9641]]]}},{"type":"Feature","properties":{"pid":"ef9fa232-36f8-4f9d-b6bd-b021c2f34682","full":64.3},"geometry":{"type":"Polygon","coordinates":[[[136.21595,35.96423],[136.21604,35.96339],[136.21596,35.96333],[136.21518,35.96326],[136.21514,35.96328],[136.21505,35.96415],[136.21507,35.96416],[136.21595,35.96423]]]}},{"type":"Feature","properties":{"pid":"bf4a0bff-2604-4eb6-812b-f11f2fb93379","full":61.0},"geometry":{"type":"Polygon","coordinates":[[[136.2158,35.9652],[136.2159,35.96431],[136.21507,35.96425],[136.21504,35.96427],[136.21493,35.96512],[136.21495,35.96514],[136.2158,35.9652]]]}},{"type":"Feature","properties":{"pid":"09b6e250-1a47-40a7-a271-23ee806e6d34","full":46.6},"geometry":{"type":"Polygon","coordinates":[[[136.21424,35.96509],[136.21485,35.96514],[136.21486,35.96511],[136.21488,35.96511],[136.21498,35.96423],[136.21431,35.96417],[136.21421,35.96506],[136.21424,35.96507],[136.21424,35.96509]]]}},{"type":"Feature","properties":{"pid":"d964471d-7d2b-4684-8bdb-2f2cd7398d50","full":45.5},"geometry":{"type":"Polygon","coordinates":[[[136.21357,35.96504],[136.21416,35.96509],[136.21416,35.96506],[136.2142,35.96505],[136.2143,35.96417],[136.21364,35.96412],[136.21354,35.96501],[136.21357,35.96501],[136.21357,35.96504]]]}},{"type":"Feature","properties":{"pid":"b6c44418-9f7e-4074-bd67-74fa786119e7","full":43.9},"geometry":{"type":"Polygon","coordinates":[[[136.2135,35.96503],[136.2135,35.96501],[136.21353,35.96501],[136.21363,35.96412],[136.21302,35.96408],[136.21301,35.9641],[136.21298,35.9641],[136.21288,35.96499],[136.2135,35.96503]]]}},{"type":"Feature","properties":{"pid":"dc36c8ff-1871-4756-a601-60ec036ecef7","full":17.2},"geometry":{"type":"Polygon","coordinates":[[[136.21394,35.96316],[136.21365,35.96314],[136.21364,35.96317],[136.21361,35.96316],[136.21352,35.96403],[136.21385,35.96406],[136.21394,35.96316]]]}},{"type":"Feature","properties":{"pid":"1b208774-377a-480b-b1ed-13f9f68ae866","full":19.5},"geometry":{"type":"Polygon","coordinates":[[[136.2143,35.96319],[136.21395,35.96317],[136.21386,35.96406],[136.21421,35.96409],[136.2143,35.96319]]]}},{"type":"Feature","properties":{"pid":"1be75653-0836-467e-9841-9536833273ce","full":31.9},"geometry":{"type":"Polygon","coordinates":[[[136.21361,35.96314],[136.21312,35.96311],[136.21312,35.96312],[136.21309,35.96313],[136.21301,35.96399],[136.21351,35.96403],[136.21361,35.96314]]]}},{"type":"Feature","properties":{"pid":"a8a4486c-62f4-4f1b-8e93-373b6bbe7585","full":44.2},"geometry":{"type":"Polygon","coordinates":[[[136.2123,35.96394],[136.21294,35.964],[136.21304,35.96312],[136.21302,35.96312],[136.21302,35.96309],[136.21241,35.96305],[136.2124,35.96308],[136.21239,35.96308],[136.2123,35.96394]]]}},{"type":"Feature","properties":{"pid":"067ecc37-0da6-46d0-99bc-6f6a3d38bca1","full":26.6},"geometry":{"type":"Polygon","coordinates":[[[136.21235,35.96305],[136.21194,35.96301],[136.21185,35.9639],[136.21228,35.96394],[136.21238,35.96308],[136.21235,35.96307],[136.21235,35.96305]]]}},{"type":"Feature","properties":{"pid":"79aac2a9-52ca-452d-b4bc-58a6aec450b5","full":8.6},"geometry":{"type":"Polygon","coordinates":[[[136.21193,35.96301],[136.21175,35.963],[136.21175,35.96303],[136.21171,35.96303],[136.21161,35.96389],[136.21183,35.9639],[136.21193,35.96301]]]}},{"type":"Feature","properties":{"pid":"09fd0f44-d13b-4ff4-b178-85e59167f953","full":26.8},"geometry":{"type":"Polygon","coordinates":[[[136.21169,35.96299],[136.21107,35.96295],[136.21099,35.96355],[136.21164,35.96359],[136.2117,35.96303],[136.21168,35.96302],[136.21169,35.96299]]]}},{"type":"Feature","properties":{"pid":"e3c164a0-1ca6-4656-9b2e-55905399bcbb","full":10.6},"geometry":{"type":"Polygon","coordinates":[[[136.211,35.96355],[136.21097,35.96382],[136.211,35.96382],[136.21102,35.96385],[136.2116,35.96389],[136.21164,35.9636],[136.211,35.96355]]]}},{"type":"Feature","properties":{"pid":"18d567dd-8444-48c9-8a30-c1bcd9765f93","full":40.1},"geometry":{"type":"Polygon","coordinates":[[[136.21153,35.96488],[136.21211,35.96492],[136.21221,35.96402],[136.21161,35.96397],[136.21151,35.96485],[136.21152,35.96485],[136.21153,35.96488]]]}},{"type":"Feature","properties":{"pid":"8f088395-e1bc-4e67-9373-dcb8d7d4ebf3","full":43.2},"geometry":{"type":"Polygon","coordinates":[[[136.21146,35.96487],[136.21149,35.96485],[136.2116,35.96397],[136.21096,35.96392],[136.21085,35.96481],[136.21086,35.96482],[136.21146,35.96487]]]}},{"type":"Feature","properties":{"pid":"670d0278-9a46-488e-8873-b797e8f2acc3","full":49.5},"geometry":{"type":"Polygon","coordinates":[[[136.21222,35.96402],[136.21212,35.9649],[136.21213,35.9649],[136.21213,35.96492],[136.2128,35.96498],[136.21281,35.96496],[136.21284,35.96495],[136.21293,35.96408],[136.21222,35.96402]]]}},{"type":"Feature","properties":{"pid":"a70ad593-f90a-48ae-816c-0284ec5c56bc","full":47.8},"geometry":{"type":"Polygon","coordinates":[[[136.21341,35.96606],[136.21352,35.96508],[136.21286,35.96503],[136.21277,35.96598],[136.21341,35.96606]]]}},{"type":"Feature","properties":{"pid":"9032eb45-e3db-44d8-9c0d-a85c13262356","full":46.3},"geometry":{"type":"Polygon","coordinates":[[[136.21206,35.96585],[136.21237,35.96587],[136.21237,35.96595],[136.21272,35.96599],[136.21283,35.96505],[136.21281,35.96503],[136.21279,35.96502],[136.21216,35.96497],[136.21206,35.96585]]]}},{"type":"Feature","properties":{"pid":"0505166e-9fa7-4ca0-939b-8d16f3fcde48","full":35.4},"geometry":{"type":"Polygon","coordinates":[[[136.21147,35.96494],[136.21147,35.96492],[136.21088,35.96488],[136.21086,35.96488],[136.21075,35.96562],[136.2114,35.96567],[136.21148,35.96495],[136.21147,35.96494]]]}},{"type":"Feature","properties":{"pid":"b73a5a9c-0eb9-4f3b-ba1f-945860072684","full":48.6},"geometry":{"type":"Polygon","coordinates":[[[136.21215,35.96497],[136.21151,35.96492],[136.21151,35.96494],[136.21149,35.96494],[136.21138,35.9659],[136.21206,35.96593],[136.21207,35.96587],[136.21205,35.96586],[136.21215,35.96497]]]}},{"type":"Feature","properties":{"pid":"fb7219f9-916b-4d85-8c04-0a92d885c288","full":1.7},"geometry":{"type":"Polygon","coordinates":[[[136.21139,35.96578],[136.21076,35.96573],[136.21076,35.96575],[136.21073,35.96575],[136.21072,35.96585],[136.21137,35.9659],[136.21139,35.96578]]]}},{"type":"Feature","properties":{"pid":"56e22f2b-8577-409b-8acc-3894fc04d0fa","full":36.7},"geometry":{"type":"Polygon","coordinates":[[[136.21125,35.96691],[136.21136,35.96598],[136.2107,35.96595],[136.21061,35.96647],[136.21076,35.96649],[136.21078,35.96644],[136.21109,35.96646],[136.21107,35.9666],[136.21102,35.96662],[136.21078,35.9666],[136.21078,35.96653],[136.21061,35.96652],[136.21056,35.96685],[136.21125,35.96691]]]}},{"type":"Feature","properties":{"pid":"5773cbb4-bcb4-477f-bf66-3692e8a2b250","full":46.8},"geometry":{"type":"Polygon","coordinates":[[[136.21126,35.96691],[136.21193,35.96697],[136.21203,35.96602],[136.21137,35.96598],[136.21126,35.96691]]]}},{"type":"Feature","properties":{"pid":"34ba6038-2da7-4120-8eb6-c4647826f0d8","full":46.6},"geometry":{"type":"Polygon","coordinates":[[[136.21194,35.96697],[136.21256,35.96701],[136.21259,35.96699],[136.21269,35.96608],[136.21204,35.96602],[136.21194,35.96697]]]}},{"type":"Feature","properties":{"pid":"c85f4415-9298-498c-a8f8-35f594d24f8d","full":30.3},"geometry":{"type":"Polygon","coordinates":[[[136.21311,35.96706],[136.21323,35.96614],[136.21276,35.96609],[136.21264,35.96699],[136.21267,35.96702],[136.21311,35.96706]]]}},{"type":"Feature","properties":{"pid":"f313b583-d81b-4b8f-a4aa-6c98b0ddccad","full":12.0},"geometry":{"type":"Polygon","coordinates":[[[136.21312,35.96706],[136.21336,35.96707],[136.21337,35.96705],[136.21339,35.96706],[136.21348,35.96617],[136.21324,35.96614],[136.21312,35.96706]]]}},{"type":"Feature","properties":{"pid":"433106c4-9f6c-4070-87a4-bce1ef00f677","full":13.9},"geometry":{"type":"Polygon","coordinates":[[[136.2134,35.96708],[136.21368,35.9671],[136.21378,35.96619],[136.21349,35.96617],[136.2134,35.96708]]]}},{"type":"Feature","properties":{"pid":"94bc6761-a243-41e9-ba9b-cebbc2ef96b8","full":8.5},"geometry":{"type":"Polygon","coordinates":[[[136.21368,35.9671],[136.2139,35.96712],[136.214,35.96621],[136.21379,35.96619],[136.21368,35.9671]]]}},{"type":"Feature","properties":{"pid":"a050e377-8490-460d-877f-53ecd1c25d29","full":49.3},"geometry":{"type":"Polygon","coordinates":[[[136.21342,35.96606],[136.21407,35.96612],[136.21418,35.96513],[136.21353,35.96508],[136.21342,35.96606]]]}},{"type":"Feature","properties":{"pid":"595eb029-9a11-4380-89ff-9484f1ed85a4","full":49.8},"geometry":{"type":"Polygon","coordinates":[[[136.21409,35.96612],[136.21471,35.96617],[136.21472,35.96616],[136.21474,35.96616],[136.21486,35.96518],[136.21422,35.96513],[136.21421,35.96515],[136.21419,35.96515],[136.21409,35.96612]]]}},{"type":"Feature","properties":{"pid":"c90991bb-70c1-4f7f-9d96-d235a15158eb","full":70.9},"geometry":{"type":"Polygon","coordinates":[[[136.21579,35.96526],[136.21492,35.96519],[136.2148,35.96616],[136.21483,35.96617],[136.21483,35.96618],[136.2157,35.96626],[136.21579,35.96526]]]}},{"type":"Feature","properties":{"pid":"792ef691-8d29-4878-ac1a-517d1f3bae6c","full":71.8},"geometry":{"type":"Polygon","coordinates":[[[136.21569,35.96636],[136.21471,35.96627],[136.21461,35.96718],[136.2156,35.96726],[136.21569,35.96636]]]}},{"type":"Feature","properties":{"pid":"96643485-0eec-4b9d-87ec-796c7edc246c","full":20.4},"geometry":{"type":"Polygon","coordinates":[[[136.21456,35.96724],[136.2145,35.96787],[136.21451,35.96788],[136.21552,35.96734],[136.21552,35.96731],[136.21456,35.96724]]]}},{"type":"Feature","properties":{"pid":"309a3d87-06b6-4f54-ad80-a8f00ec6e795","full":33.6},"geometry":{"type":"Polygon","coordinates":[[[136.21452,35.96723],[136.21396,35.96719],[136.21387,35.96809],[136.21401,35.9681],[136.21448,35.96789],[136.21452,35.96723]]]}},{"type":"Feature","properties":{"pid":"d2bfb032-6d9a-4dfb-8479-405621a59832","full":35.4},"geometry":{"type":"Polygon","coordinates":[[[136.21319,35.96804],[136.21374,35.96808],[136.21384,35.96718],[136.21329,35.96714],[136.21319,35.96804]]]}},{"type":"Feature","properties":{"pid":"79cf49a2-005b-41d2-9ac6-12910a06e56b","full":48.0},"geometry":{"type":"Polygon","coordinates":[[[136.21392,35.96712],[136.2146,35.96718],[136.2147,35.96627],[136.21401,35.96621],[136.21391,35.9671],[136.21393,35.96711],[136.21392,35.96712]]]}},{"type":"Feature","properties":{"pid":"95fdd9ab-998e-42a0-b383-73ba70124099","full":10.9},"geometry":{"type":"Polygon","coordinates":[[[136.21278,35.968],[136.21287,35.9671],[136.21264,35.96708],[136.21253,35.96799],[136.21278,35.968]]]}},{"type":"Feature","properties":{"pid":"d98a485c-4005-4ca8-8894-1da8597abf40","full":45.4},"geometry":{"type":"Polygon","coordinates":[[[136.21183,35.96794],[136.21248,35.96799],[136.21259,35.96708],[136.21193,35.96702],[136.21183,35.96794]]]}},{"type":"Feature","properties":{"pid":"65701bbb-c48f-4ca4-8999-60fd90d7409e","full":26.6},"geometry":{"type":"Polygon","coordinates":[[[136.21057,35.96741],[136.21068,35.96741],[136.21066,35.96753],[136.21117,35.96756],[136.21124,35.96697],[136.21056,35.96692],[136.21052,35.96735],[136.21057,35.96741]]]}},{"type":"Feature","properties":{"pid":"f7d221aa-4352-4a1d-8e66-7453fbde59dd","full":13.7},"geometry":{"type":"Polygon","coordinates":[[[136.21142,35.96791],[136.21153,35.967],[136.21125,35.96698],[136.21115,35.96786],[136.21116,35.96786],[136.21116,35.96789],[136.21142,35.96791]]]}},{"type":"Feature","properties":{"pid":"22580ea7-e5dc-4077-8043-d95c63c1c62f","full":21.9},"geometry":{"type":"Polygon","coordinates":[[[136.21178,35.96793],[136.21179,35.96791],[136.21182,35.9679],[136.21191,35.96702],[136.21154,35.967],[136.21144,35.96791],[136.21178,35.96793]]]}},{"type":"Feature","properties":{"pid":"70685d7b-45f0-400f-a10b-f29eadbddf12","full":13.1},"geometry":{"type":"Polygon","coordinates":[[[136.21117,35.96757],[136.21049,35.96754],[136.21045,35.96754],[136.21042,35.96779],[136.21046,35.96783],[136.21106,35.96788],[136.21114,35.96784],[136.21117,35.96757]]]}},{"type":"Feature","properties":{"pid":"13d19919-08d2-47c5-bda7-9c4dced871c5","full":41.2},"geometry":{"type":"Polygon","coordinates":[[[136.21137,35.96797],[136.2113,35.96801],[136.21127,35.96837],[136.2113,35.96842],[136.2115,35.96843],[136.21149,35.96857],[136.2122,35.96869],[136.21223,35.96839],[136.21225,35.96809],[136.2122,35.96802],[136.21137,35.96797]]]}},{"type":"Feature","properties":{"pid":"24cf3cc6-57e1-48d4-8cd0-a21df8af3e21","full":23.0},"geometry":{"type":"Polygon","coordinates":[[[136.21279,35.96801],[136.21315,35.96803],[136.21316,35.96802],[136.21318,35.96801],[136.21328,35.96714],[136.21288,35.9671],[136.21279,35.96801]]]}},{"type":"Feature","properties":{"pid":"c2912e57-23c6-4156-a463-5d94be646c21","full":52.9},"geometry":{"type":"Polygon","coordinates":[[[136.21241,35.96804],[136.21228,35.96809],[136.21222,35.96864],[136.21224,35.9687],[136.2124,35.96873],[136.21255,35.96873],[136.2127,35.96871],[136.2128,35.96869],[136.21344,35.96839],[136.21365,35.96828],[136.21367,35.96813],[136.21241,35.96804]]]}},{"type":"Feature","properties":{"pid":"674da444-f266-4989-8796-c77342d3ab48","full":3.9},"geometry":{"type":"Polygon","coordinates":[[[136.21298,35.97033],[136.21344,35.97029],[136.21342,35.97009],[136.21299,35.97012],[136.21298,35.97033]]]}},{"type":"Feature","properties":{"pid":"6bc09c53-d962-4b61-9c2e-c241ad5f800f","full":8.0},"geometry":{"type":"Polygon","coordinates":[[[136.21475,35.97024],[136.21504,35.97018],[136.21506,35.97016],[136.2149,35.96976],[136.21457,35.96985],[136.21462,35.97005],[136.21467,35.97004],[136.21475,35.97024]]]}},{"type":"Feature","properties":{"pid":"91343460-a5e3-4d11-8b3e-53fc25ee25e5","full":2.1},"geometry":{"type":"Polygon","coordinates":[[[136.21473,35.97025],[136.21466,35.97005],[136.21438,35.97012],[136.21445,35.97031],[136.21473,35.97025]]]}},{"type":"Feature","properties":{"pid":"6cfb6a6e-6421-4c61-8278-7744dd456d2b","full":7.7},"geometry":{"type":"Polygon","coordinates":[[[136.21591,35.97002],[136.2161,35.9705],[136.21632,35.97043],[136.21631,35.97041],[136.21634,35.9704],[136.21624,35.97013],[136.21634,35.9701],[136.21627,35.96995],[136.21623,35.96993],[136.21591,35.97002]]]}},{"type":"Feature","properties":{"pid":"375236bc-c0aa-4db5-bb12-d8b3eb7f54d6","full":0.6},"geometry":{"type":"Polygon","coordinates":[[[136.21618,35.96964],[136.21635,35.96959],[136.21626,35.96939],[136.21611,35.96943],[136.21618,35.96964]]]}},{"type":"Feature","properties":{"pid":"43e1a4b0-9360-46f5-beae-171fa5285f29","full":3.6},"geometry":{"type":"Polygon","coordinates":[[[136.21618,35.96964],[136.21627,35.96985],[136.21661,35.96976],[136.21659,35.96974],[136.21662,35.96973],[136.21655,35.96954],[136.21618,35.96964]]]}},{"type":"Feature","properties":{"pid":"7ac4e1dc-ba6d-43ac-a311-4d6edaca9109","full":1.0},"geometry":{"type":"Polygon","coordinates":[[[136.21684,35.97001],[136.217,35.96994],[136.21683,35.96973],[136.21667,35.9698],[136.21684,35.97001]]]}},{"type":"Feature","properties":{"pid":"71165dd2-c15a-4db8-8332-05b86084ffaf","full":9.3},"geometry":{"type":"Polygon","coordinates":[[[136.21712,35.96887],[136.21723,35.96886],[136.21746,35.96882],[136.21769,35.96875],[136.21761,35.96851],[136.21704,35.9686],[136.21704,35.96863],[136.21701,35.96863],[136.21704,35.96877],[136.21707,35.96883],[136.21712,35.96887]]]}},{"type":"Feature","properties":{"pid":"f6bb402c-d858-4e13-8dd6-c7485fed9b26","full":10.7},"geometry":{"type":"Polygon","coordinates":[[[136.21585,35.9664],[136.21576,35.96715],[136.2158,35.96715],[136.2158,35.96719],[136.21596,35.96706],[136.21622,35.96658],[136.21624,35.96651],[136.21622,35.96648],[136.21585,35.9664]]]}},{"type":"Feature","properties":{"pid":"4f6fe27b-668a-4c86-bbd5-465ba65e34ed","full":33.9},"geometry":{"type":"Polygon","coordinates":[[[136.2176,35.96718],[136.21854,35.96718],[136.21855,35.96667],[136.21769,35.96665],[136.21769,35.96666],[136.21767,35.96666],[136.2176,35.96718]]]}},{"type":"Feature","properties":{"pid":"5a494bda-c414-4de3-b23d-cb64688a3a63","full":3.0},"geometry":{"type":"Polygon","coordinates":[[[136.21728,35.96792],[136.21753,35.96786],[136.21758,35.96782],[136.21754,35.96763],[136.2172,35.9677],[136.21728,35.96792]]]}},{"type":"Feature","properties":{"pid":"7a8ac72a-f319-41c1-88e5-8759b0c00f4b","full":10.7},"geometry":{"type":"Polygon","coordinates":[[[136.21738,35.96829],[136.21751,35.96827],[136.21752,35.96824],[136.21768,35.96821],[136.21763,35.96802],[136.2175,35.96803],[136.21747,35.96793],[136.21696,35.96802],[136.21691,35.96808],[136.21698,35.96828],[136.217,35.96828],[136.21702,35.9683],[136.21736,35.96823],[136.21738,35.96829]]]}},{"type":"Feature","properties":{"pid":"8634a20f-dfab-4402-96a0-a0a1679872ec","full":2.7},"geometry":{"type":"Polygon","coordinates":[[[136.21776,35.96814],[136.21777,35.96822],[136.21798,35.96822],[136.21798,35.96832],[136.21823,35.96834],[136.2183,35.96811],[136.21778,35.96811],[136.21778,35.96813],[136.21776,35.96814]]]}},{"type":"Feature","properties":{"pid":"f3cc9a79-8ea2-4c2d-a902-ce9414b887c3","full":1.8},"geometry":{"type":"Polygon","coordinates":[[[136.21774,35.96809],[136.21777,35.96809],[136.21778,35.96811],[136.2183,35.96811],[136.21834,35.96798],[136.21771,35.96798],[136.21774,35.96809]]]}},{"type":"Feature","properties":{"pid":"84cfe2ff-5d22-47fc-9424-e53b3483e7b5","full":82.6},"geometry":{"type":"Polygon","coordinates":[[[136.21845,35.96784],[136.21828,35.96837],[136.21826,35.96844],[136.21826,35.96847],[136.21822,35.96875],[136.21825,35.96877],[136.21939,35.9688],[136.2194,35.9685],[136.21937,35.9685],[136.21937,35.96848],[136.2194,35.96848],[136.21941,35.96785],[136.21845,35.96784]]]}},{"type":"Feature","properties":{"pid":"545f92c0-3497-4b51-8d01-e1fd110e9b0a","full":26.7},"geometry":{"type":"Polygon","coordinates":[[[136.21941,35.96783],[136.21942,35.96741],[136.21859,35.9674],[136.21846,35.96783],[136.21937,35.96785],[136.21937,35.96783],[136.21941,35.96783]]]}},{"type":"Feature","properties":{"pid":"40aa3425-7f9f-49b1-8055-a0663a92f090","full":21.5},"geometry":{"type":"Polygon","coordinates":[[[136.21944,35.96707],[136.21945,35.96669],[136.21861,35.96667],[136.2186,35.96707],[136.21944,35.96707]]]}},{"type":"Feature","properties":{"pid":"71025208-6e0e-4b6c-b3d3-6b020d00dd92","full":16.7},"geometry":{"type":"Polygon","coordinates":[[[136.21942,35.96739],[136.21944,35.96708],[136.2186,35.96707],[136.2186,35.9674],[136.21938,35.9674],[136.21942,35.96739]]]}},{"type":"Feature","properties":{"pid":"b5ced3f6-28ff-4677-95c3-2e649960aaf8","full":9.4},"geometry":{"type":"Polygon","coordinates":[[[136.21948,35.96764],[136.2203,35.96765],[136.22031,35.96742],[136.21949,35.96742],[136.21948,35.96764]]]}},{"type":"Feature","properties":{"pid":"f61e9497-36c9-4ebd-9855-d93140503d27","full":44.4},"geometry":{"type":"Polygon","coordinates":[[[136.21949,35.96741],[136.22031,35.96742],[136.22033,35.96674],[136.2203,35.96674],[136.22029,35.96671],[136.21951,35.9667],[136.21949,35.96741]]]}},{"type":"Feature","properties":{"pid":"0dc50f9d-a358-409a-94c7-f48b34c4de3b","full":44.9},"geometry":{"type":"Polygon","coordinates":[[[136.22123,35.96742],[136.22123,35.96672],[136.22041,35.96671],[136.22038,35.96742],[136.22121,35.96743],[136.22121,35.96741],[136.22123,35.96742]]]}},{"type":"Feature","properties":{"pid":"9198e79a-bd0c-4661-9307-7041b5cb0526","full":31.0},"geometry":{"type":"Polygon","coordinates":[[[136.22037,35.96794],[136.22118,35.96795],[136.22119,35.96794],[136.22121,35.96794],[136.22122,35.96744],[136.22039,35.96742],[136.22037,35.96794]]]}},{"type":"Feature","properties":{"pid":"8592b505-cd36-468e-b7e2-3f1ae8a72282","full":30.9},"geometry":{"type":"Polygon","coordinates":[[[136.2203,35.96818],[136.2203,35.96765],[136.21948,35.96765],[136.21946,35.96816],[136.2203,35.96818]]]}},{"type":"Feature","properties":{"pid":"1b860ed7-6c0a-4276-bdd9-894d3abcba81","full":7.2},"geometry":{"type":"Polygon","coordinates":[[[136.22121,35.96811],[136.22121,35.96798],[136.22118,35.96798],[136.22118,35.96796],[136.22037,35.96795],[136.22037,35.96814],[136.22118,35.96815],[136.22119,35.96812],[136.22121,35.96811]]]}},{"type":"Feature","properties":{"pid":"d48ab560-2aaf-4acf-97dc-be215f22e1ec","full":48.1},"geometry":{"type":"Polygon","coordinates":[[[136.22037,35.96815],[136.22037,35.96882],[136.22038,35.96885],[136.22065,35.96888],[136.22084,35.96892],[136.22117,35.96903],[136.2212,35.96818],[136.22118,35.96818],[136.22118,35.96815],[136.22037,35.96815]]]}},{"type":"Feature","properties":{"pid":"5471682d-42f4-4562-903e-1bc49243a76d","full":37.8},"geometry":{"type":"Polygon","coordinates":[[[136.21947,35.9682],[136.21946,35.9688],[136.22029,35.96884],[136.2203,35.96822],[136.21947,35.9682]]]}},{"type":"Feature","properties":{"pid":"09b4493f-bb97-480f-81c5-3ad62447a34c","full":1.7},"geometry":{"type":"Polygon","coordinates":[[[136.22099,35.9704],[136.22083,35.97033],[136.22081,35.97033],[136.22066,35.97055],[136.22066,35.97057],[136.22082,35.97064],[136.22099,35.9704]]]}},{"type":"Feature","properties":{"pid":"65b5ee36-a545-46ca-9d77-507bba1c365d","full":8.6},"geometry":{"type":"Polygon","coordinates":[[[136.21498,35.97077],[136.21506,35.97077],[136.2151,35.97027],[136.21507,35.97023],[136.21465,35.97034],[136.21463,35.97036],[136.21466,35.97065],[136.21493,35.97062],[136.21498,35.97077]]]}},{"type":"Feature","properties":{"pid":"cb0ab5f4-4244-4779-8a78-76170370b5d6","full":4.3},"geometry":{"type":"Polygon","coordinates":[[[136.21465,35.97067],[136.21467,35.97094],[136.2147,35.97097],[136.215,35.97095],[136.21492,35.97063],[136.21465,35.97067]]]}},{"type":"Feature","properties":{"pid":"9cc835be-0fef-4a84-be63-e4193f9c80bb","full":3.3},"geometry":{"type":"Polygon","coordinates":[[[136.21313,35.97082],[136.21315,35.97105],[136.21349,35.97103],[136.2135,35.971],[136.21349,35.9708],[136.21313,35.97082]]]}},{"type":"Feature","properties":{"pid":"4986d8a4-8658-4df9-9b6d-e0d5402d60ef","full":0.5},"geometry":{"type":"Polygon","coordinates":[[[136.21387,35.97076],[136.21356,35.97078],[136.21357,35.97089],[136.21388,35.97088],[136.21387,35.97076]]]}},{"type":"Feature","properties":{"pid":"2a6fcf42-8ec3-4a77-bba9-e13711f525e5","full":20.9},"geometry":{"type":"Polygon","coordinates":[[[136.21391,35.97075],[136.21412,35.97074],[136.21414,35.97098],[136.21456,35.97097],[136.21458,35.97094],[136.21454,35.97036],[136.2145,35.97035],[136.21393,35.97048],[136.21391,35.97049],[136.21391,35.97075]]]}},{"type":"Feature","properties":{"pid":"52110f31-d444-47f0-9086-96bb5ffe527c","full":0.8},"geometry":{"type":"Polygon","coordinates":[[[136.21421,35.97015],[136.21427,35.97035],[136.21444,35.97031],[136.21438,35.97012],[136.21421,35.97015]]]}},{"type":"Feature","properties":{"pid":"23532584-517f-47d4-998b-0ee0b5f20b9a","full":2.9},"geometry":{"type":"Polygon","coordinates":[[[136.21426,35.97035],[136.2142,35.97016],[136.21383,35.97024],[136.2139,35.97043],[136.21426,35.97035]]]}},{"type":"Feature","properties":{"pid":"da9c36b7-53b1-4e32-a779-8c0f9bd90fbc","full":4.9},"geometry":{"type":"Polygon","coordinates":[[[136.21344,35.9703],[136.21291,35.97034],[136.21293,35.97054],[136.21343,35.97052],[136.21346,35.97049],[136.21344,35.9703]]]}},{"type":"Feature","properties":{"pid":"70484d1e-a776-476f-a390-af704e3b433a","full":5.5},"geometry":{"type":"Polygon","coordinates":[[[136.21261,35.97084],[136.21314,35.97081],[136.21313,35.9706],[136.2131,35.97059],[136.21262,35.97062],[136.21259,35.97064],[136.21261,35.97084]]]}},{"type":"Feature","properties":{"pid":"20ef5d77-3f22-4933-9fe8-9702499be631","full":6.0},"geometry":{"type":"Polygon","coordinates":[[[136.22098,35.97071],[136.22134,35.97088],[136.22138,35.97087],[136.2215,35.97066],[136.22149,35.97065],[136.22149,35.97063],[136.22114,35.97047],[136.22098,35.97071]]]}},{"type":"Feature","properties":{"pid":"71e26ef4-06a0-41c3-b299-115b49b1a682","full":1.0},"geometry":{"type":"Polygon","coordinates":[[[136.22114,35.97047],[136.221,35.9704],[136.22083,35.97065],[136.22097,35.97071],[136.22114,35.97047]]]}},{"type":"Feature","properties":{"pid":"de8e1e4f-6e67-4e25-8010-c5978e8ea67a","full":1.1},"geometry":{"type":"Polygon","coordinates":[[[136.22138,35.97052],[136.22147,35.97038],[136.22123,35.97027],[136.22114,35.97041],[136.22138,35.97052]]]}},{"type":"Feature","properties":{"pid":"98128410-68f8-4ebb-ab30-5362fd82d056","full":2.2},"geometry":{"type":"Polygon","coordinates":[[[136.22177,35.97029],[136.2216,35.97059],[136.22196,35.9706],[136.22196,35.97055],[136.22189,35.97055],[136.22191,35.97039],[136.22193,35.97035],[136.22177,35.97029]]]}},{"type":"Feature","properties":{"pid":"69c4ecd8-a665-46c8-a0fc-65399267d7b3","full":0.9},"geometry":{"type":"Polygon","coordinates":[[[136.22143,35.97089],[136.22144,35.9709],[136.22162,35.97077],[136.22182,35.97078],[136.22182,35.97064],[136.22158,35.97063],[136.22156,35.97064],[136.22143,35.97089]]]}}],"precision":5}