{"type":"FeatureCollection","features":[{"type":"Feature","properties":{"pid":"76b0c3a4-4537-4d0e-b818-275517bf6422"},"geometry":{"type":"Polygon","coordinates":[[[136.27470175196163,36.141732147887424],[136.27474901418077,36.14172934864386],[136.2747057517832,36.14135335223073],[136.274684947775,36.141354970152534],[136.27465919971124,36.14146590904974],[136.27470175196163,36.141732147887424]]]}},{"type":"Feature","properties":{"pid":"30b40815-8a71-4684-a5bc-2b863ad6bd8c"},"geometry":{"type":"Polygon","coordinates":[[[136.27433624447596,36.142869906772795],[136.27463994373636,36.14286753486536],[136.27463974243835,36.14280982839385],[136.27433499148975,36.14281553729766],[136.27433624447596,36.142869906772795]]]}},{"type":"Feature","properties":{"pid":"f657aa3b-c776-48b3-8d18-3a0cce889a45"},"geometry":{"type":"Polygon","coordinates":[[[136.27245549211978,36.14218245676154],[136.2728820811556,36.14215486361932],[136.27289383901896,36.14212462074376],[136.27287839716038,36.1421121655063],[136.27245960513096,36.14212929720299],[136.27245549211978,36.14218245676154]]]}},{"type":"Feature","properties":{"pid":"cefc798f-264a-4c83-955d-4071e81747d7"},"geometry":{"type":"Polygon","coordinates":[[[136.2721952298602,36.14305075365747],[136.27293447680012,36.143008412659775],[136.27293435134735,36.14297221342265],[136.27291539182932,36.14295646318367],[136.27220500030737,36.14301529231441],[136.2721952298602,36.14305075365747]]]}},{"type":"Feature","properties":{"pid":"1dce089f-43a4-42ff-bd18-85aa727dba98"},"geometry":{"type":"Polygon","coordinates":[[[136.2743422017832,36.14304408746708],[136.27464376254338,36.14304506069918],[136.27464280099463,36.14302787842054],[136.27434169104092,36.14302689560655],[136.2743422017832,36.14304408746708]]]}},{"type":"Feature","properties":{"pid":"f9085ea5-0030-4084-8723-79afc628971b"},"geometry":{"type":"Polygon","coordinates":[[[136.27435951117698,36.14337383677935],[136.27465940894538,36.14337981390184],[136.27464843612026,36.1431443531056],[136.2743485595042,36.1431433743201],[136.27435951117698,36.14337383677935]]]}},{"type":"Feature","properties":{"pid":"2009472e-6771-4f0f-92ab-1840f1d7250f"},"geometry":{"type":"Polygon","coordinates":[[[136.27466825086628,36.1451354242948],[136.27489208651966,36.14515327886716],[136.2749142083697,36.144878767542394],[136.27469971144524,36.144860457777796],[136.27466825086628,36.1451354242948]]]}},{"type":"Feature","properties":{"pid":"d347333b-4fda-4e6c-966e-5d78004e6ef7"},"geometry":{"type":"Polygon","coordinates":[[[136.27388768880962,36.1443331655034],[136.27406767665678,36.144348616537535],[136.2740926776511,36.144333511764344],[136.27412619038034,36.14407246170444],[136.27392518765438,36.14405344717685],[136.27388768880962,36.1443331655034]]]}},{"type":"Feature","properties":{"pid":"fed686c6-a889-47ca-8ec1-208b8f1a81f3"},"geometry":{"type":"Polygon","coordinates":[[[136.27356384960183,36.144638647301484],[136.27374295825405,36.144654023383374],[136.27374948553097,36.14456529683927],[136.27357367953016,36.14455282805563],[136.27356384960183,36.144638647301484]]]}},{"type":"Feature","properties":{"pid":"8679c88d-3bce-4bd5-be49-709f4d9f4197"},"geometry":{"type":"Polygon","coordinates":[[[136.27336554980357,36.14435112714377],[136.27341108751935,36.144355865458934],[136.27344383955605,36.144028061534925],[136.2734197708522,36.144024864203296],[136.27337716149628,36.14411474088086],[136.27336554980357,36.14435112714377]]]}},{"type":"Feature","properties":{"pid":"e1ca4273-14c5-439a-b441-394cbb7bc876"},"geometry":{"type":"Polygon","coordinates":[[[136.27422602869623,36.145175948605264],[136.27453414487397,36.14519976010902],[136.27455093158832,36.145045145704785],[136.2742428158161,36.14502133492056],[136.27422602869623,36.145175948605264]]]}},{"type":"Feature","properties":{"pid":"fc2350f5-4e03-4ca0-a66e-93ac2c93aa3e"},"geometry":{"type":"Polygon","coordinates":[[[136.27421575917575,36.14529611434219],[136.27452081873867,36.1453175858454],[136.27452248543457,36.14530223528451],[136.2742172912988,36.14527853599584],[136.27421575917575,36.14529611434219]]]}},{"type":"Feature","properties":{"pid":"20f93d0e-c83a-436f-a854-03eec9126f47"},"geometry":{"type":"Polygon","coordinates":[[[136.27415022049874,36.145912600075896],[136.27480861140083,36.14594439662518],[136.27481505516513,36.145868222629865],[136.274156987126,36.14583259111656],[136.27415022049874,36.145912600075896]]]}},{"type":"Feature","properties":{"pid":"7ed79849-a6d3-4cc7-adb4-5524fb37fdbe"},"geometry":{"type":"Polygon","coordinates":[[[136.27444431191122,36.146348284179936],[136.27460850402562,36.14634692581644],[136.27463059035261,36.14613768181553],[136.27411156984456,36.14609254121898],[136.27410774113335,36.146127802687545],[136.27443682308433,36.146163795160845],[136.27445231546125,36.146192472980026],[136.27444431191122,36.146348284179936]]]}},{"type":"Feature","properties":{"pid":"f4445248-8595-4c4b-892c-b6428d5c7be4"},"geometry":{"type":"Polygon","coordinates":[[[136.27409403795536,36.14637106991992],[136.27432164557962,36.14635661277562],[136.27432776167583,36.146243056377834],[136.27410013329148,36.14622665839776],[136.27409403795536,36.14637106991992]]]}},{"type":"Feature","properties":{"pid":"efa8e319-95df-4525-a317-ef60a3b5b48e"},"geometry":{"type":"Polygon","coordinates":[[[136.2737363662968,36.14729813861421],[136.27376649486635,36.147317188366806],[136.27391557837942,36.14733248976906],[136.2739123627294,36.147237714467835],[136.27387265251338,36.14720284333758],[136.27373191871504,36.14720951051648],[136.2737363662968,36.14729813861421]]]}},{"type":"Feature","properties":{"pid":"7a0133be-f6c0-4b58-8fd7-7dc289809dc7"},"geometry":{"type":"Polygon","coordinates":[[[136.27456685994073,36.14576093329527],[136.27482374879756,36.14577454732854],[136.27483110079095,36.14569550810073],[136.2745752917805,36.14567535236448],[136.27456685994073,36.14576093329527]]]}},{"type":"Feature","properties":{"pid":"58092a7b-98ce-4919-a874-1dce668790fb"},"geometry":{"type":"Polygon","coordinates":[[[136.2734390231387,36.14786018360372],[136.27383654073373,36.14785575143712],[136.27383503025328,36.147782432669736],[136.27344702533918,36.14779368163164],[136.2734390231387,36.14786018360372]]]}},{"type":"Feature","properties":{"pid":"57e645a3-6891-42cd-8df4-42226de5674d"},"geometry":{"type":"Polygon","coordinates":[[[136.27389923659737,36.147680839204476],[136.2739854084009,36.147676864119994],[136.27398313794544,36.14753545349998],[136.2739294044397,36.14753003153204],[136.27389923659737,36.147680839204476]]]}},{"type":"Feature","properties":{"pid":"609e9dd8-8bb3-499e-b3ba-1961ce14235b"},"geometry":{"type":"Polygon","coordinates":[[[136.27371983763422,36.147681624612034],[136.2737587860141,36.14768270527859],[136.2737943732445,36.147511225308975],[136.2737541641123,36.14750648760985],[136.27371983763422,36.147681624612034]]]}},{"type":"Feature","properties":{"pid":"ee9a7679-20c5-44e7-ab08-c0bbdeba0d4e"},"geometry":{"type":"Polygon","coordinates":[[[136.27351600105058,36.1475348850512],[136.27361090080854,36.147540164879345],[136.2736222262554,36.14748702667528],[136.27351908231975,36.14747531615163],[136.27351600105058,36.1475348850512]]]}},{"type":"Feature","properties":{"pid":"2d21506d-9888-4ab9-baeb-170d81b14262"},"geometry":{"type":"Polygon","coordinates":[[[136.2741367193179,36.15552245892228],[136.2743388686397,36.15550875588704],[136.27431320847592,36.155291159372126],[136.27412081987916,36.15530560949073],[136.2741367193179,36.15552245892228]]]}},{"type":"Feature","properties":{"pid":"98d83647-6ae4-497d-857f-dab3abbed724"},"geometry":{"type":"Polygon","coordinates":[[[136.2530215130669,36.15710432119271],[136.25304869912617,36.15712424985453],[136.2538905331012,36.157166260679936],[136.25395438896803,36.15634509500435],[136.25307313365818,36.15630559073754],[136.2530215130669,36.15710432119271]]]}},{"type":"Feature","properties":{"pid":"cf3f4227-d992-4e96-8164-41c9d3a90843"},"geometry":{"type":"Polygon","coordinates":[[[136.25272826253382,36.15626710153957],[136.25268981668424,36.15662562616301],[136.25256114864538,36.15710037596596],[136.25282296557234,36.15711391780537],[136.25284247265353,36.15709991621382],[136.25290146979975,36.15627491028665],[136.25272826253382,36.15626710153957]]]}},{"type":"Feature","properties":{"pid":"a9da5d23-3d75-4007-bd4e-b852c5705b93"},"geometry":{"type":"Polygon","coordinates":[[[136.25224690713418,36.156941614550156],[136.25238741932984,36.15626522937861],[136.25230192136954,36.15626162808971],[136.25224690713418,36.156941614550156]]]}},{"type":"Feature","properties":{"pid":"5fd5cfd8-db41-4b77-8442-816d4dcfc088"},"geometry":{"type":"Polygon","coordinates":[[[136.2518773355041,36.15623363085921],[136.25169529933805,36.15622578497729],[136.2516378807414,36.15704900298658],[136.25181523894835,36.157057456797155],[136.2518773355041,36.15623363085921]]]}},{"type":"Feature","properties":{"pid":"23fc56cf-ab42-4f74-aada-d33a3f1bd670"},"geometry":{"type":"Polygon","coordinates":[[[136.2517897794832,36.154744791631934],[136.25196498599666,36.15448943459724],[136.25157044891438,36.1543138989249],[136.2514340040364,36.15455408073817],[136.2517897794832,36.154744791631934]]]}},{"type":"Feature","properties":{"pid":"618b9032-6a6d-4b6d-8d97-36378eb45726"},"geometry":{"type":"Polygon","coordinates":[[[136.25247524039943,36.154711622695295],[136.25213155643164,36.154565061334],[136.25194880097095,36.154835310462545],[136.2524258222647,36.15510062246715],[136.25247524039943,36.154711622695295]]]}},{"type":"Feature","properties":{"pid":"6a9a2d6e-7594-46fb-af31-2e74b65672a3"},"geometry":{"type":"Polygon","coordinates":[[[136.2529418376391,36.15491059628086],[136.25292329824697,36.155073112615696],[136.25287273037043,36.15525922563592],[136.25283866952364,36.1553230454558],[136.25297234427129,36.155390955763764],[136.25322089566006,36.1550295959702],[136.2529418376391,36.15491059628086]]]}},{"type":"Feature","properties":{"pid":"7abf96fc-8319-4923-a4f3-b53645af38a6"},"geometry":{"type":"Polygon","coordinates":[[[136.2530660931166,36.15482377691748],[136.25383490503435,36.15516706865822],[136.25393979287085,36.15428729320451],[136.25356616250443,36.15411728787592],[136.25354571862334,36.154119561543794],[136.2530660931166,36.15482377691748]]]}},{"type":"Feature","properties":{"pid":"fc7fa319-9864-4b89-ad0f-7e9c22c9468f"},"geometry":{"type":"Polygon","coordinates":[[[136.25387800012996,36.15579559770197],[136.253897478999,36.15583500348742],[136.25432515867806,36.15604424636357],[136.25440718754797,36.155348456156865],[136.2539395994303,36.15531001753332],[136.25387800012996,36.15579559770197]]]}},{"type":"Feature","properties":{"pid":"ce988528-2962-4b5a-bd34-03b4e5f3dc5f"},"geometry":{"type":"Polygon","coordinates":[[[136.25331809110352,36.155088308581504],[136.25307766028118,36.15544362880625],[136.25376323509897,36.155772760426835],[136.25382262189603,36.15530200656589],[136.25376997801445,36.155294566049285],[136.25331809110352,36.155088308581504]]]}},{"type":"Feature","properties":{"pid":"3d1d897f-d5c5-4a8c-bb07-0ea9e63c62c6"},"geometry":{"type":"Polygon","coordinates":[[[136.25309091861905,36.156160983494004],[136.25310583682148,36.156175200572044],[136.2538599418763,36.15621540637444],[136.2531082885201,36.15585092873532],[136.25309091861905,36.156160983494004]]]}},{"type":"Feature","properties":{"pid":"375bad12-73d9-4b15-b69e-e92b1230b88d"},"geometry":{"type":"Polygon","coordinates":[[[136.25443845481968,36.15608283835212],[136.2544548151942,36.15610605866374],[136.25459386589316,36.156167489473916],[136.2547260450728,36.15619198687191],[136.25482016628678,36.15538550132182],[136.25452294362316,36.155359267372084],[136.25443845481968,36.15608283835212]]]}},{"type":"Feature","properties":{"pid":"b17a126c-f58f-4c2e-a585-531c4f45bbfc"},"geometry":{"type":"Polygon","coordinates":[[[136.25454299192853,36.15437613204832],[136.25406432379523,36.154312687551425],[136.25395598847018,36.15518477914681],[136.2544545445303,36.15522016006946],[136.25455309129853,36.15439295540137],[136.25454299192853,36.15437613204832]]]}},{"type":"Feature","properties":{"pid":"a6460720-747c-49f8-872a-fe415c70f1a1"},"geometry":{"type":"Polygon","coordinates":[[[136.25467970826634,36.154400557449584],[136.25457120662466,36.15522729073715],[136.2548335565189,36.155248544020054],[136.25489390035682,36.154863203268775],[136.25493431083177,36.15443604027278],[136.25467970826634,36.154400557449584]]]}},{"type":"Feature","properties":{"pid":"b5ca3a6c-85c4-4d02-8c71-e78be7bef0f1"},"geometry":{"type":"Polygon","coordinates":[[[136.25502340219973,36.15563316347162],[136.25504512579576,36.15567829950365],[136.25530323140413,36.15569716577131],[136.25539598897265,36.154889952434125],[136.25511725545104,36.154869062041776],[136.25502340219973,36.15563316347162]]]}},{"type":"Feature","properties":{"pid":"7a417bec-d51d-4149-8dda-e93e16cc2fa0"},"geometry":{"type":"Polygon","coordinates":[[[136.25567818129858,36.15572471946879],[136.25571415255044,36.15569998343171],[136.25581224103775,36.15491954238406],[136.2555187512662,36.154898915018386],[136.25542773855224,36.1557075605963],[136.25567818129858,36.15572471946879]]]}},{"type":"Feature","properties":{"pid":"49ad618a-180d-4b9d-a8bc-a124c583d488"},"geometry":{"type":"Polygon","coordinates":[[[136.25619239741303,36.15573098935617],[136.25623215326914,36.15577041718166],[136.2566162373664,36.15580109703922],[136.2567119857854,36.15499095299027],[136.2562838866111,36.15495696008204],[136.25619239741303,36.15573098935617]]]}},{"type":"Feature","properties":{"pid":"22eaa21f-88f2-45ea-865f-162f1154e2fd"},"geometry":{"type":"Polygon","coordinates":[[[136.25583582005595,36.155699019479435],[136.25585880824508,36.155741042478695],[136.25606959721435,36.15576054620638],[136.25616347555962,36.154945529298104],[136.25592961046593,36.15493013704869],[136.25583582005595,36.155699019479435]]]}},{"type":"Feature","properties":{"pid":"4931f9ef-624f-492a-97a0-df0cc98f9011"},"geometry":{"type":"Polygon","coordinates":[[[136.25498056214352,36.1558662431545],[136.25494038027176,36.15624608669716],[136.25632897415397,36.156350415937894],[136.25637294015394,36.15594216748786],[136.2550244675272,36.15584764283806],[136.25498056214352,36.1558662431545]]]}},{"type":"Feature","properties":{"pid":"e31543e7-67ad-45d0-a075-2c15213e3b13"},"geometry":{"type":"Polygon","coordinates":[[[136.2564912382923,36.15596712136946],[136.25644662734067,36.156350542305546],[136.2565909105016,36.156326574373274],[136.25663502452286,36.15596032033002],[136.25651382174087,36.15595233827523],[136.2564912382923,36.15596712136946]]]}},{"type":"Feature","properties":{"pid":"e917772f-9699-45c5-a718-871d080819e6"},"geometry":{"type":"Polygon","coordinates":[[[136.25402984296736,36.157142317451644],[136.25405711361952,36.15717113892339],[136.25505455919077,36.157216590234555],[136.2550949674949,36.15661223809158],[136.25460671077795,36.156580186204714],[136.25440286382167,36.15652556656213],[136.25408392413487,36.15638877628465],[136.25402984296736,36.157142317451644]]]}},{"type":"Feature","properties":{"pid":"0617f29c-b6e5-422b-826b-7a875f3b6912"},"geometry":{"type":"Polygon","coordinates":[[[136.25517157568294,36.15722339661263],[136.255389966773,36.157231278956196],[136.25542450930527,36.15663398154953],[136.2552914783964,36.15662176271429],[136.25527341805437,36.15667464297973],[136.2552100325702,36.15668692171141],[136.25517157568294,36.15722339661263]]]}},{"type":"Feature","properties":{"pid":"dcfe34ee-d3b1-4973-b8b0-e36bd811bfb1"},"geometry":{"type":"Polygon","coordinates":[[[136.25857155671972,36.15684282616553],[136.25859155464462,36.157139285499085],[136.25866545823044,36.15713939282264],[136.25865662710802,36.15702037317768],[136.25862837066464,36.156987846198696],[136.25861815784145,36.15684225340075],[136.25857155671972,36.15684282616553]]]}},{"type":"Feature","properties":{"pid":"62e4ac79-fa9e-41c5-8656-0219fb794248"},"geometry":{"type":"Polygon","coordinates":[[[136.2591866358135,36.15592143234095],[136.25914272974214,36.15662815716669],[136.25924501573454,36.156614717665846],[136.25928918113794,36.15591862619049],[136.2591866358135,36.15592143234095]]]}},{"type":"Feature","properties":{"pid":"d021eb2d-67f2-4aeb-9efd-d855622789a3"},"geometry":{"type":"Polygon","coordinates":[[[136.25906277797966,36.155914662511606],[136.25886574975073,36.155907398849315],[136.25881470302272,36.15664927555],[136.25894482175417,36.15665659040319],[136.2590268708905,36.156644235724755],[136.25906277797966,36.155914662511606]]]}},{"type":"Feature","properties":{"pid":"b35440eb-f0a3-4578-aaa9-4040b5768318"},"geometry":{"type":"Polygon","coordinates":[[[136.25857332614711,36.15664370178986],[136.2587009481952,36.15664580429518],[136.2587520139786,36.15590406728236],[136.25862460802097,36.1558998119587],[136.25857332614711,36.15664370178986]]]}},{"type":"Feature","properties":{"pid":"cf2ce574-acd8-410c-a510-c78ec0afa93d"},"geometry":{"type":"Polygon","coordinates":[[[136.2584191026587,36.156269765702866],[136.25847067357324,36.15646744048534],[136.25850140011227,36.15589751505715],[136.25844014827257,36.155895509019985],[136.2584191026587,36.156269765702866]]]}},{"type":"Feature","properties":{"pid":"9d69980f-0289-48d8-b8fc-1ce759e18be3"},"geometry":{"type":"Polygon","coordinates":[[[136.2583245272427,36.15661892515664],[136.2582765834593,36.15636598361197],[136.25807886365612,36.156388047159396],[136.25808522108096,36.15654335752566],[136.2582509432761,36.15654938911108],[136.25828036913484,36.15657378374312],[136.2582882497657,36.156620879081146],[136.2583245272427,36.15661892515664]]]}},{"type":"Feature","properties":{"pid":"31941c7b-299e-428d-82d0-9f43c2c9dc69"},"geometry":{"type":"Polygon","coordinates":[[[136.25777946804772,36.15641661176608],[136.25770743206985,36.1564221667694],[136.25770876090152,36.156782752402826],[136.2577889648194,36.15677213953158],[136.25777946804772,36.15641661176608]]]}},{"type":"Feature","properties":{"pid":"d86ad5e9-b0d1-4fa9-93ad-5178a2e51507"},"geometry":{"type":"Polygon","coordinates":[[[136.2578941004664,36.15640769577856],[136.2579053609215,36.15675795938331],[136.25798945015381,36.156750336623496],[136.25795967518835,36.15640090960596],[136.2578941004664,36.15640769577856]]]}},{"type":"Feature","properties":{"pid":"cd3ebdbc-8169-43d4-97f5-1207b9eca732"},"geometry":{"type":"Polygon","coordinates":[[[136.2581614513586,36.15712324067196],[136.25815329169558,36.15685760550809],[136.25772116076533,36.156913243293815],[136.25772879366752,36.1571264744245],[136.2581614513586,36.15712324067196]]]}},{"type":"Feature","properties":{"pid":"f5cf3fb9-1159-4e62-ad79-d39c7017e062"},"geometry":{"type":"Polygon","coordinates":[[[136.2569963765929,36.157132817545],[136.25755590019065,36.15712439704853],[136.25755355580185,36.1568894254717],[136.25698994529972,36.156901891714],[136.2569963765929,36.157132817545]]]}},{"type":"Feature","properties":{"pid":"e5bf1df0-d96f-4570-8c8b-d4ad0bd8d2eb"},"geometry":{"type":"Polygon","coordinates":[[[136.2575528050215,36.15678718919439],[136.25754797694782,36.15643572785071],[136.25707284427895,36.15647258300892],[136.2569653700611,36.15652859223266],[136.2569820031217,36.156797673659284],[136.2575528050215,36.15678718919439]]]}},{"type":"Feature","properties":{"pid":"76ca6fd8-8528-4b0d-8788-1f6123a2bd05"},"geometry":{"type":"Polygon","coordinates":[[[136.25671282066855,36.15628083744915],[136.25686097825874,36.1562180349245],[136.25713548084357,36.15599610733476],[136.25675494939983,36.15597030433652],[136.25671282066855,36.15628083744915]]]}},{"type":"Feature","properties":{"pid":"9df5995e-5a00-44d5-a352-e230e0aa8791"},"geometry":{"type":"Polygon","coordinates":[[[136.25793270461867,36.1558878520822],[136.2578089649609,36.15588628540652],[136.25735625330168,36.15631091449491],[136.25792084665378,36.156264910389986],[136.2579447258147,36.15590144291343],[136.25793270461867,36.1558878520822]]]}},{"type":"Feature","properties":{"pid":"13dd4770-f7e1-4022-aade-4a57ce06e815"},"geometry":{"type":"Polygon","coordinates":[[[136.25674296807034,36.15578092638756],[136.2567738742212,36.155808706307475],[136.2572430255379,36.155837400082916],[136.25761720981018,36.15547013667923],[136.2576721058804,36.15506451137233],[136.256833471302,36.15499902537979],[136.25674296807034,36.15578092638756]]]}},{"type":"Feature","properties":{"pid":"bd32f23f-f9cc-49cb-ae88-e39e689d086a"},"geometry":{"type":"Polygon","coordinates":[[[136.25702071626105,36.154066566663495],[136.2569965688265,36.15408141840772],[136.25690722005484,36.15486422522941],[136.25767970098102,36.154931664165424],[136.2577738848108,36.154124832978184],[136.25702071626105,36.154066566663495]]]}},{"type":"Feature","properties":{"pid":"c6d0d8f4-9d63-461f-a567-1223771ef928"},"geometry":{"type":"Polygon","coordinates":[[[136.2578932595347,36.15494844714852],[136.25798183683239,36.15414152120578],[136.257970874199,36.15414070172666],[136.2578667521437,36.15494645182171],[136.2578932595347,36.15494844714852]]]}},{"type":"Feature","properties":{"pid":"0808d1af-f9c4-41f3-a412-24d15ae05f82"},"geometry":{"type":"Polygon","coordinates":[[[136.2581073385982,36.15510094225435],[136.25785326170376,36.15508418406076],[136.257818969106,36.15537010868849],[136.2581073385982,36.15510094225435]]]}},{"type":"Feature","properties":{"pid":"e9711ccf-d792-4c10-b7c9-a26bee05fc6c"},"geometry":{"type":"Polygon","coordinates":[[[136.25881419081782,36.15444632492373],[136.2589261163118,36.15434268987646],[136.25893299193643,36.154212681277656],[136.25809810295684,36.15415167188847],[136.25801356098458,36.15495521934574],[136.25821814289955,36.15497262303408],[136.25876116916487,36.15446108712025],[136.25881419081782,36.15444632492373]]]}},{"type":"Feature","properties":{"pid":"676f5da7-cd46-4094-ba06-8396320c91f7"},"geometry":{"type":"Polygon","coordinates":[[[136.25903596075244,36.15474113037686],[136.25951188228615,36.15475236277949],[136.25952547124214,36.1542757320321],[136.25939431617454,36.154401636090725],[136.25903596075244,36.15474113037686]]]}},{"type":"Feature","properties":{"pid":"bb366008-14ba-4db8-bc44-d1c7cf9649cd"},"geometry":{"type":"Polygon","coordinates":[[[136.2585848462172,36.15573362815701],[136.25877850214945,36.15574494710474],[136.25883723317494,36.15493229706019],[136.2586256175088,36.15512982414139],[136.2585848462172,36.15573362815701]]]}},{"type":"Feature","properties":{"pid":"f3892ad0-5f80-4c03-81b1-b371eacf3d5f"},"geometry":{"type":"Polygon","coordinates":[[[136.25889805880794,36.15575162089185],[136.2593362913218,36.15576587892004],[136.25940403824399,36.15489390312428],[136.2589606831775,36.1548828120139],[136.25889805880794,36.15575162089185]]]}},{"type":"Feature","properties":{"pid":"8fbc8220-c695-4591-aa20-3024a6471580"},"geometry":{"type":"Polygon","coordinates":[[[136.25799114682658,36.155726270119395],[136.2584636611274,36.15573362777524],[136.25849523328785,36.15525391657499],[136.2580847742798,36.15564100008195],[136.25799114682658,36.155726270119395]]]}},{"type":"Feature","properties":{"pid":"95707bf1-195b-4c5d-a5b5-0c4f8820671f"},"geometry":{"type":"Polygon","coordinates":[[[136.25806590829285,36.155888515191435],[136.25803894538828,36.15625439514262],[136.25830166583225,36.156231477254764],[136.25831943688712,36.15589630256257],[136.25806590829285,36.155888515191435]]]}},{"type":"Feature","properties":{"pid":"4ec51216-917c-4fc4-a5f6-02f9b14ff985"},"geometry":{"type":"Polygon","coordinates":[[[136.25995163236274,36.15645233027139],[136.26012477149814,36.156411565568206],[136.26015905811883,36.15593838317374],[136.25998352634795,36.155936707054444],[136.25995163236274,36.15645233027139]]]}},{"type":"Feature","properties":{"pid":"267ca7d7-a0b7-4cf8-868c-2db6d559bacc"},"geometry":{"type":"Polygon","coordinates":[[[136.2602441228555,36.15637322115171],[136.26033117438357,36.156341970847],[136.26035301124006,36.15594330949774],[136.26027443040806,36.155942383496274],[136.2602441228555,36.15637322115171]]]}},{"type":"Feature","properties":{"pid":"53d15051-f867-4fb2-bf92-a9fee81542d9"},"geometry":{"type":"Polygon","coordinates":[[[136.26014295070067,36.155767776861474],[136.26015398799177,36.1557827315689],[136.26030765819533,36.15579158750933],[136.26036873243098,36.15491507513318],[136.26019847563347,36.15491018237373],[136.26014295070067,36.155767776861474]]]}},{"type":"Feature","properties":{"pid":"367c9964-5861-46d7-8ca7-3c1f88a9925b"},"geometry":{"type":"Polygon","coordinates":[[[136.25992677565995,36.155781450041786],[136.26002289846605,36.15578611718585],[136.2600813468339,36.15490782594361],[136.25999122569627,36.15490550001113],[136.25992677565995,36.155781450041786]]]}},{"type":"Feature","properties":{"pid":"d775db77-728a-491e-b627-f08d8ccbb221"},"geometry":{"type":"Polygon","coordinates":[[[136.25945362494,36.155767381054424],[136.25980983492693,36.15578115119286],[136.25987402278264,36.15490409127279],[136.2595191300333,36.15489664452428],[136.25945362494,36.155767381054424]]]}},{"type":"Feature","properties":{"pid":"d4d4e346-cd98-44e3-8792-7e7f61454f08"},"geometry":{"type":"Polygon","coordinates":[[[136.2615414225368,36.155799212770916],[136.26156079560823,36.155827615338204],[136.26163139883616,36.155831599375915],[136.26168908487855,36.15580907408258],[136.2617185001634,36.15494961691222],[136.26156620214732,36.154945970029615],[136.2615414225368,36.155799212770916]]]}},{"type":"Feature","properties":{"pid":"5e5696c7-6027-4d1a-9b0f-2cd3d5b0cc12"},"geometry":{"type":"Polygon","coordinates":[[[136.26119944130954,36.15579693593857],[136.26122153652184,36.15581752269785],[136.2614192979891,36.15582067223024],[136.2614501697956,36.15494318226618],[136.26122890214833,36.15493735777219],[136.26119944130954,36.15579693593857]]]}},{"type":"Feature","properties":{"pid":"49376a73-2980-4aa1-93f2-5833ac110dd3"},"geometry":{"type":"Polygon","coordinates":[[[136.26098543218137,36.155811554482675],[136.26108094474637,36.155815759912706],[136.26111047147552,36.15493556242761],[136.26108095638318,36.154934954479614],[136.26105929700694,36.15555698348022],[136.26098543218137,36.155811554482675]]]}},{"type":"Feature","properties":{"pid":"2d584a60-517d-4e02-9f8b-de17c0364cb9"},"geometry":{"type":"Polygon","coordinates":[[[136.2604253912879,36.155784683666326],[136.26043846286262,36.15579875266532],[136.2605796515679,36.155801392127614],[136.2606152891898,36.15532416207994],[136.26065691806855,36.155305792018744],[136.26087879059833,36.15531278110001],[136.26089496774293,36.154930717404376],[136.2604834400472,36.154918337763306],[136.2604253912879,36.155784683666326]]]}},{"type":"Feature","properties":{"pid":"a43e9c11-f159-4605-b181-f23b702932ba"},"geometry":{"type":"Polygon","coordinates":[[[136.26169700267445,36.15618568681402],[136.26161548950364,36.156019911051594],[136.26131887617925,36.156148823556386],[136.2613977002477,36.15629325279651],[136.26169700267445,36.15618568681402]]]}},{"type":"Feature","properties":{"pid":"a1cb02d1-4f0e-4eb6-9a98-806ce93e4dee"},"geometry":{"type":"Polygon","coordinates":[[[136.25983137875411,36.15648224263982],[136.25986755422744,36.15593632581843],[136.2594084122124,36.15592100984156],[136.25936168136764,36.15659968342469],[136.25983137875411,36.15648224263982]]]}},{"type":"Feature","properties":{"pid":"dd3a0bcd-d697-40a1-a24b-e2e6f7c8ad90"},"geometry":{"type":"Polygon","coordinates":[[[136.2718499470209,36.15593591416392],[136.27186740511226,36.155960634641],[136.27225909931596,36.1559585095609],[136.27226253660982,36.1557397193176],[136.2722312402618,36.15570810166217],[136.27185646192643,36.15571389523277],[136.2718499470209,36.15593591416392]]]}},{"type":"Feature","properties":{"pid":"e5e8bfaf-f026-4a32-b6a3-00bf66b945ff"},"geometry":{"type":"Polygon","coordinates":[[[136.26231328959636,36.15733399373857],[136.26241739676396,36.15733747816648],[136.26251791291344,36.15685854677692],[136.2624505756035,36.156983592047716],[136.26241164841056,36.15712484944073],[136.26231328959636,36.15733399373857]]]}},{"type":"Feature","properties":{"pid":"ca8cf504-05ad-433d-831f-1c8d7d2a179d"},"geometry":{"type":"Polygon","coordinates":[[[136.26253858414358,36.15733977736989],[136.2625928546801,36.1573440176638],[136.26267693688382,36.15681624623119],[136.26264451444567,36.156821074678895],[136.26253858414358,36.15733977736989]]]}},{"type":"Feature","properties":{"pid":"a5f06c1f-eec4-4096-aa46-8ae0a35236fd"},"geometry":{"type":"Polygon","coordinates":[[[136.26271229929185,36.15734015433723],[136.2627605196248,36.157350129885664],[136.26282778488067,36.15679334262115],[136.26279969163912,36.15679866524482],[136.26271229929185,36.15734015433723]]]}},{"type":"Feature","properties":{"pid":"538440b7-0d86-4331-bcce-89edfc582423"},"geometry":{"type":"Polygon","coordinates":[[[136.26259443044856,36.156699699480974],[136.2629613151062,36.156645077824265],[136.26298125528731,36.15641485501671],[136.2630029097533,36.156386085051636],[136.26292424113217,36.15627703500604],[136.26262122726203,36.156438244515144],[136.26268313559885,36.15653155451262],[136.26259443044856,36.156699699480974]]]}},{"type":"Feature","properties":{"pid":"822c8c66-ae17-4ce1-9e58-44376a17b93d"},"geometry":{"type":"Polygon","coordinates":[[[136.2618055742102,36.15575611394005],[136.26198029457748,36.15567182454524],[136.26200679065334,36.15495492316656],[136.26183321389271,36.15495190656138],[136.2618055742102,36.15575611394005]]]}},{"type":"Feature","properties":{"pid":"71c78b16-1bb9-46a3-9ae3-33db89ec8fef"},"geometry":{"type":"Polygon","coordinates":[[[136.26363662265666,36.15617819728587],[136.26370115426062,36.15617773858346],[136.2637105491057,36.155864326820186],[136.26364253395585,36.15588578779147],[136.26363662265666,36.15617819728587]]]}},{"type":"Feature","properties":{"pid":"587d3382-7cfe-43f5-9201-48a7e8186fff"},"geometry":{"type":"Polygon","coordinates":[[[136.2632492685171,36.15527951211619],[136.26377533046053,36.15527203381344],[136.2637739721327,36.155193094808595],[136.26322818558,36.15518966902013],[136.2632492685171,36.15527951211619]]]}},{"type":"Feature","properties":{"pid":"ae676fc5-79ef-4e52-8f93-6f2fa9e16878"},"geometry":{"type":"Polygon","coordinates":[[[136.2627921643067,36.155336778675654],[136.26305416550213,36.155323870687056],[136.26299057181754,36.15498106372017],[136.26280697200033,36.15497545087627],[136.2627921643067,36.155336778675654]]]}},{"type":"Feature","properties":{"pid":"3e04da2f-45a6-46cd-a22a-9f979f18ed28"},"geometry":{"type":"Polygon","coordinates":[[[136.26248237302522,36.155447958808274],[136.2626726148452,36.155378755928574],[136.26269261759515,36.154971997191225],[136.26250279274646,36.15496799397492],[136.26248237302522,36.155447958808274]]]}},{"type":"Feature","properties":{"pid":"8bd78d5b-999d-4c23-913e-2458b896ab9f"},"geometry":{"type":"Polygon","coordinates":[[[136.26228302971163,36.15553208383456],[136.26236325131998,36.15550094870786],[136.26238712180353,36.15496655620829],[136.26230742035477,36.15496604345454],[136.26228302971163,36.15553208383456]]]}},{"type":"Feature","properties":{"pid":"2e51d4e4-b6fe-4815-b2c3-fed7d9a214c8"},"geometry":{"type":"Polygon","coordinates":[[[136.26209797153413,36.15560532632029],[136.26216498061456,36.155577162208075],[136.26219216537473,36.15496169492591],[136.26212262868816,36.15495889677158],[136.26209797153413,36.15560532632029]]]}},{"type":"Feature","properties":{"pid":"997e837e-0efe-4dbc-9d9f-860fd70d2bc4"},"geometry":{"type":"Polygon","coordinates":[[[136.26193800650185,36.15480908325122],[136.2620998764782,36.154813058586214],[136.26212736722542,36.15396230796502],[136.26195480449394,36.15395782252623],[136.26193800650185,36.15480908325122]]]}},{"type":"Feature","properties":{"pid":"6d9188cd-cfef-4099-bf08-8db06eee8f5e"},"geometry":{"type":"Polygon","coordinates":[[[136.26221560713788,36.1548144775801],[136.262346190313,36.154817585277314],[136.26237395567628,36.15396976903553],[136.2622442482779,36.15396719725199],[136.26221560713788,36.1548144775801]]]}},{"type":"Feature","properties":{"pid":"f96ae466-c7f7-4d40-8b30-2f6408ebe4f3"},"geometry":{"type":"Polygon","coordinates":[[[136.2624648901361,36.15482035477657],[136.26270535079388,36.15482671383903],[136.26273915848273,36.15398910074409],[136.26248960784076,36.15397949937477],[136.2624648901361,36.15482035477657]]]}},{"type":"Feature","properties":{"pid":"6be3c8d6-f66b-4446-b682-cc91696ed2a5"},"geometry":{"type":"Polygon","coordinates":[[[136.26282040199845,36.15482982180808],[136.26297688059157,36.154830957582824],[136.26298569984147,36.15449987297856],[136.26307208241568,36.15400254444477],[136.26285476584226,36.153994077367436],[136.26282040199845,36.15482982180808]]]}},{"type":"Feature","properties":{"pid":"4de87ee7-d8cd-45f7-a19c-1d46e6f15bc1"},"geometry":{"type":"Polygon","coordinates":[[[136.26226481500734,36.15378840286894],[136.26229618294894,36.153801684484506],[136.2622970782,36.15312584061225],[136.2622860146089,36.15312604571383],[136.26226481500734,36.15378840286894]]]}},{"type":"Feature","properties":{"pid":"bf1182c8-c9c0-4acf-9829-dec6dd2613ce"},"geometry":{"type":"Polygon","coordinates":[[[136.262152446988,36.15312846818435],[136.2621461371314,36.153783467372826],[136.26217084280572,36.15312780793932],[136.262152446988,36.15312846818435]]]}},{"type":"Feature","properties":{"pid":"2716a684-a99f-4c24-9c5c-2009a440de7f"},"geometry":{"type":"Polygon","coordinates":[[[136.2619114724399,36.15376720258937],[136.26193343915563,36.153791404704464],[136.26201492578684,36.1537945723927],[136.2620376708301,36.153129677720976],[136.26193209049555,36.153129908883045],[136.2619114724399,36.15376720258937]]]}},{"type":"Feature","properties":{"pid":"7473cb42-91f5-4212-a186-33e8f83253ce"},"geometry":{"type":"Polygon","coordinates":[[[136.26284306549903,36.15237464792891],[136.26216390812473,36.152350895821016],[136.26215994721372,36.15238120363968],[136.26284008970052,36.15240301129255],[136.26284306549903,36.15237464792891]]]}},{"type":"Feature","properties":{"pid":"f62b8f7c-7757-4047-8fdd-f09eebce171d"},"geometry":{"type":"Polygon","coordinates":[[[136.26222284907092,36.15200321632726],[136.26217514522193,36.15225729386537],[136.26285209582906,36.15227480234582],[136.26287207514633,36.152061899644934],[136.26222284907092,36.15200321632726]]]}},{"type":"Feature","properties":{"pid":"e156802c-7797-4a8e-8642-06295a759791"},"geometry":{"type":"Polygon","coordinates":[[[136.26223654037102,36.15184489902906],[136.2622332559428,36.151909748478154],[136.26288607083205,36.15196969217093],[136.26289810643158,36.15191013348087],[136.26223654037102,36.15184489902906]]]}},{"type":"Feature","properties":{"pid":"21b62cad-d5c1-44a0-a35f-160a63c88ed0"},"geometry":{"type":"Polygon","coordinates":[[[136.26205900990487,36.15219411472911],[136.2621026225977,36.15197994378356],[136.2621129657717,36.151855374016336],[136.2620734027699,36.15185582164309],[136.26205900990487,36.15219411472911]]]}},{"type":"Feature","properties":{"pid":"d249ce36-b340-42a3-a0bf-a72d283bbeee"},"geometry":{"type":"Polygon","coordinates":[[[136.2620872678926,36.151756497768204],[136.2621821481915,36.15174314280795],[136.26231176034614,36.15175553020514],[136.26236154082352,36.15150472082128],[136.2620872678926,36.151756497768204]]]}},{"type":"Feature","properties":{"pid":"2416539f-0814-4043-8dd7-6f43cdf97032"},"geometry":{"type":"Polygon","coordinates":[[[136.26196540751252,36.15135091604684],[136.2619888399741,36.151348491740066],[136.26214189959714,36.151205704500924],[136.26204615161296,36.150503761785785],[136.26184298878266,36.150521712882565],[136.26196540751252,36.15135091604684]]]}},{"type":"Feature","properties":{"pid":"5c9c1929-32b8-4862-8a5c-1b5b737a9b1a"},"geometry":{"type":"Polygon","coordinates":[[[136.26262270916575,36.15178549746101],[136.26291664377825,36.151815968781385],[136.26297479113057,36.15151646900184],[136.26270646131468,36.15141682375651],[136.26262270916575,36.15178549746101]]]}},{"type":"Feature","properties":{"pid":"a9271d5c-fee8-4712-bfa0-5dab7e054dbb"},"geometry":{"type":"Polygon","coordinates":[[[136.2624277249195,36.15176729958749],[136.26250339645077,36.15177441726241],[136.26259716112028,36.15137536919858],[136.26253418529384,36.15135373255366],[136.2625033881548,36.1513815125735],[136.2624277249195,36.15176729958749]]]}},{"type":"Feature","properties":{"pid":"e09bc417-9051-4c07-9d48-122a3c3edb04"},"geometry":{"type":"Polygon","coordinates":[[[136.26534618562616,36.15263456670092],[136.2657144708311,36.15265371638647],[136.2657159838748,36.15262182887482],[136.26534787066615,36.15260567368109],[136.26534618562616,36.15263456670092]]]}},{"type":"Feature","properties":{"pid":"a01ae4e4-0b86-4682-bf99-577f3a47c5b8"},"geometry":{"type":"Polygon","coordinates":[[[136.26535609914737,36.15250836275739],[136.26571875376624,36.15252891599001],[136.2657268634762,36.15236814347715],[136.2653618223303,36.152351195745084],[136.26538088195713,36.152416480328],[136.26535814132782,36.15245293160314],[136.26535609914737,36.15250836275739]]]}},{"type":"Feature","properties":{"pid":"a9503a4a-011b-4e06-bb77-7840f5095e14"},"geometry":{"type":"Polygon","coordinates":[[[136.26679881828773,36.15346406703233],[136.26691175375828,36.15348001817525],[136.26693427860178,36.153378808117495],[136.2668182372497,36.15336365873507],[136.26679881828773,36.15346406703233]]]}},{"type":"Feature","properties":{"pid":"58d802f5-5ac7-43d1-94c7-0375570e2542"},"geometry":{"type":"Polygon","coordinates":[[[136.26632276404092,36.15328666709716],[136.26634861062604,36.15328720850467],[136.2663574982653,36.153075801940105],[136.2663316520825,36.15307526053746],[136.26632276404092,36.15328666709716]]]}},{"type":"Feature","properties":{"pid":"63ff0809-4994-4551-8084-07735dc89d6d"},"geometry":{"type":"Polygon","coordinates":[[[136.26527290895282,36.15400564498151],[136.26537190179215,36.15401873043696],[136.2653746879404,36.153923836714206],[136.2652748089739,36.153922558166784],[136.26527290895282,36.15400564498151]]]}},{"type":"Feature","properties":{"pid":"8ed2c9ca-24c5-4d91-99b0-70a073c16b59"},"geometry":{"type":"Polygon","coordinates":[[[136.26627698978663,36.154055283949475],[136.26644726654018,36.15406137645549],[136.26647066315505,36.15394026650152],[136.2662841238119,36.15392779146918],[136.26627698978663,36.154055283949475]]]}},{"type":"Feature","properties":{"pid":"d274f0f6-4af2-4004-9107-778c7a0e1487"},"geometry":{"type":"Polygon","coordinates":[[[136.26689179466854,36.15368366500022],[136.26711690862726,36.15371201531272],[136.26712736756218,36.15369422331505],[136.26710556199816,36.1536776638793],[136.26689992793797,36.15364681229997],[136.26689179466854,36.15368366500022]]]}},{"type":"Feature","properties":{"pid":"6d70eb74-b91b-4c79-b01b-5d23bb9c2295"},"geometry":{"type":"Polygon","coordinates":[[[136.2673706969407,36.153440783362626],[136.26756456030125,36.15346855558644],[136.2675901979938,36.153311846572244],[136.26742089575464,36.15328718217561],[136.26740024822718,36.15329966310886],[136.2673706969407,36.153440783362626]]]}},{"type":"Feature","properties":{"pid":"587ed44f-db13-4dd4-aecf-3665675171ef"},"geometry":{"type":"Polygon","coordinates":[[[136.26716722524102,36.15289001908789],[136.26728481350045,36.1528896515165],[136.26729298237547,36.15267038075089],[136.26717523672497,36.15266819527621],[136.26716722524102,36.15289001908789]]]}},{"type":"Feature","properties":{"pid":"f2c1732e-2132-479d-b551-dc5488c58be1"},"geometry":{"type":"Polygon","coordinates":[[[136.26737948782753,36.151877660683176],[136.26752925794335,36.15185274632654],[136.26749749576487,36.151652829149185],[136.26735432635465,36.15165966036104],[136.26737948782753,36.151877660683176]]]}},{"type":"Feature","properties":{"pid":"11a8b913-1e2d-40a5-be72-a704763e9895"},"geometry":{"type":"Polygon","coordinates":[[[136.26728911516904,36.15138603809473],[136.26729949098467,36.151442561087805],[136.26746444751785,36.15143276973654],[136.2674013287378,36.15114285150308],[136.26733102521217,36.15113973186203],[136.26731832899802,36.15135281270759],[136.26728911516904,36.15138603809473]]]}},{"type":"Feature","properties":{"pid":"eb9b9f2a-c9b7-4349-a49b-cbf34b78784a"},"geometry":{"type":"Polygon","coordinates":[[[136.26805554934865,36.148053616404646],[136.26824892424997,36.14804846555414],[136.2682700991221,36.147939883106474],[136.26806138214678,36.14795014494448],[136.26805554934865,36.148053616404646]]]}},{"type":"Feature","properties":{"pid":"c5797954-3c9f-4336-ac0f-fe99b13ccb3c"},"geometry":{"type":"Polygon","coordinates":[[[136.26654364207667,36.14743711230444],[136.2666542377728,36.14743083473813],[136.26664266937294,36.14730610257985],[136.26653370425683,36.147315816932334],[136.26654364207667,36.14743711230444]]]}},{"type":"Feature","properties":{"pid":"1466e934-b786-4cc7-9fc5-051f717a80ab"},"geometry":{"type":"Polygon","coordinates":[[[136.264373695447,36.147621469306266],[136.26440003260652,36.147735024114546],[136.26461076090044,36.14769713178787],[136.26464687327382,36.1476682190105],[136.26463744924683,36.14760200717668],[136.264373695447,36.147621469306266]]]}},{"type":"Feature","properties":{"pid":"a8136d50-453d-4beb-98c2-1495e9bfa276"},"geometry":{"type":"Polygon","coordinates":[[[136.26530372657368,36.148586807008805],[136.26538047709204,36.14858551046364],[136.26537870757784,36.14844491661197],[136.2653015355799,36.148445087787955],[136.26530372657368,36.148586807008805]]]}},{"type":"Feature","properties":{"pid":"02143479-8903-4f05-a2b5-0817e71affb1"},"geometry":{"type":"Polygon","coordinates":[[[136.26529075359798,36.149116913925994],[136.2653840904498,36.14911594973477],[136.26538297637046,36.149046096183525],[136.26528969482123,36.14904630293068],[136.26529075359798,36.149116913925994]]]}},{"type":"Feature","properties":{"pid":"e653733d-cb3b-4777-8b69-d76d8ed47efd"},"geometry":{"type":"Polygon","coordinates":[[[136.26526576908185,36.15094342536963],[136.26531967651607,36.15094804901805],[136.26535301647831,36.15092518144793],[136.2653491215325,36.15065595196475],[136.26525434864143,36.15064094249609],[136.26526576908185,36.15094342536963]]]}},{"type":"Feature","properties":{"pid":"320af32f-efa0-4545-b51e-b1ffa5ffb733"},"geometry":{"type":"Polygon","coordinates":[[[136.2634023006242,36.15015554378892],[136.2634273492203,36.150153140902354],[136.26344202517103,36.15012959734094],[136.26334644767314,36.14946365918431],[136.26329768066708,36.1494687400546],[136.2634023006242,36.15015554378892]]]}},{"type":"Feature","properties":{"pid":"69b62b6d-8f0f-4795-8ec1-8fbb758219f5"},"geometry":{"type":"Polygon","coordinates":[[[136.26261619874415,36.150428512606204],[136.2625920514429,36.150448686026465],[136.2626297072615,36.15072357128639],[136.2627399320778,36.15071748344989],[136.26292117426,36.150551846979326],[136.2631415292889,36.15042788143718],[136.2633088593575,36.1503695151733],[136.26261619874415,36.150428512606204]]]}},{"type":"Feature","properties":{"pid":"11316468-b763-4990-b350-ff9dff7f2ced"},"geometry":{"type":"Polygon","coordinates":[[[136.26224481967617,36.15110887303763],[136.2624704348557,36.15089744911825],[136.2624152198153,36.15048819818046],[136.26239047861185,36.150472699712054],[136.26216089498806,36.150494070718594],[136.26224481967617,36.15110887303763]]]}},{"type":"Feature","properties":{"pid":"126aafad-d4a9-4945-9944-68cd60c8b19d"},"geometry":{"type":"Polygon","coordinates":[[[136.26212052715897,36.150271498691986],[136.262349589925,36.150250463155686],[136.26224986098788,36.1495758311514],[136.26201774842767,36.149596403392174],[136.26212052715897,36.150271498691986]]]}},{"type":"Feature","properties":{"pid":"39d8861f-3458-4b14-bf9c-cfd082738720"},"geometry":{"type":"Polygon","coordinates":[[[136.262512081766,36.14954234082205],[136.26249454190832,36.14956244838505],[136.26250711117737,36.149645689635754],[136.26276309371448,36.14962743078323],[136.26281363202506,36.14965449342824],[136.26289929983187,36.15020185244421],[136.2632894232156,36.15016592851391],[136.26318455548503,36.14947962061833],[136.262512081766,36.14954234082205]]]}},{"type":"Feature","properties":{"pid":"d2ac87f0-272c-4af0-8fa1-436b216eb2a0"},"geometry":{"type":"Polygon","coordinates":[[[136.26175871791224,36.14948963156584],[136.2622291516695,36.14944123180773],[136.26211073117943,36.14862476572646],[136.2616369937768,36.1486419881303],[136.26175871791224,36.14948963156584]]]}},{"type":"Feature","properties":{"pid":"1e48a6fc-73eb-46f1-93da-6d2a32366c56"},"geometry":{"type":"Polygon","coordinates":[[[136.2626611170108,36.14862091609597],[136.26277001468713,36.14939159499686],[136.26285204186397,36.14938399500721],[136.26274130723405,36.148619610022344],[136.2626611170108,36.14862091609597]]]}},{"type":"Feature","properties":{"pid":"f96b865c-5186-45db-93b1-faf75fe5eb11"},"geometry":{"type":"Polygon","coordinates":[[[136.2624783201816,36.149409422212656],[136.26265602095722,36.14940209812351],[136.26254545918763,36.14862046883475],[136.26236330241193,36.148620932578105],[136.2624783201816,36.149409422212656]]]}},{"type":"Feature","properties":{"pid":"a34af71f-58b3-49b2-8c4a-ed9bc5af26b1"},"geometry":{"type":"Polygon","coordinates":[[[136.26285726988564,36.148619045115154],[136.26296926424644,36.149373526335786],[136.26332485526754,36.14933874538374],[136.263219041835,36.14862186565619],[136.26285726988564,36.148619045115154]]]}},{"type":"Feature","properties":{"pid":"a99de534-fc64-4e64-94a1-68f7efe0afe7"},"geometry":{"type":"Polygon","coordinates":[[[136.26423491576134,36.148689202814005],[136.26430554815252,36.148688137503626],[136.26430684252023,36.14849632099122],[136.26422844300131,36.14849839242753],[136.26423491576134,36.148689202814005]]]}},{"type":"Feature","properties":{"pid":"f027533b-8915-4ccb-9dd3-ee3fb0ccc994"},"geometry":{"type":"Polygon","coordinates":[[[136.26429016808592,36.14825074906322],[136.26391186704475,36.14827538390225],[136.26387194899365,36.14824886905765],[136.2638566349667,36.14815536903895],[136.26383357022857,36.14815849439218],[136.26388081520875,36.14836295503144],[136.264296648027,36.1483329255939],[136.26429016808592,36.14825074906322]]]}},{"type":"Feature","properties":{"pid":"c7906131-2394-4e05-b061-9fe279de897e"},"geometry":{"type":"Polygon","coordinates":[[[136.26322824438518,36.147633086318734],[136.26327096662592,36.14793059386974],[136.2635586102384,36.14788465389441],[136.2635172292959,36.1476003884552],[136.26322824438518,36.147633086318734]]]}},{"type":"Feature","properties":{"pid":"ab814091-8f40-41b4-97bd-cdbfd1da3771"},"geometry":{"type":"Polygon","coordinates":[[[136.2628471335431,36.14844657199377],[136.2629249912359,36.1484474749945],[136.26285477685818,36.147931587381834],[136.26281355102847,36.14766860936393],[136.26272686109485,36.14767708756818],[136.2628471335431,36.14844657199377]]]}},{"type":"Feature","properties":{"pid":"42b30946-7f14-4630-85c7-0556a1d390a5"},"geometry":{"type":"Polygon","coordinates":[[[136.2622145461446,36.14772804498428],[136.26219946777624,36.147743368962715],[136.26233327208115,36.1484455180806],[136.26273028260036,36.14844411600028],[136.26261154483646,36.14768857444181],[136.2622145461446,36.14772804498428]]]}},{"type":"Feature","properties":{"pid":"bb84f140-9ebe-4766-ad5e-6c5774b8fc86"},"geometry":{"type":"Polygon","coordinates":[[[136.26059386613503,36.14746687486109],[136.26058295130454,36.147466689814074],[136.26054589768296,36.147773076943],[136.26063764193228,36.14776437084528],[136.26059386613503,36.14746687486109]]]}},{"type":"Feature","properties":{"pid":"5fab2012-77fb-4287-9b32-74a1df4911d0"},"geometry":{"type":"Polygon","coordinates":[[[136.26082802414746,36.147866329352546],[136.26081495717088,36.14810619240812],[136.26093074649495,36.14812625217043],[136.26089195442245,36.147862144218664],[136.26082802414746,36.147866329352546]]]}},{"type":"Feature","properties":{"pid":"36b5404a-11cd-423f-a70f-5b4084fe2abf"},"geometry":{"type":"Polygon","coordinates":[[[136.26143021154098,36.14780270928026],[136.26105353521046,36.14784138704423],[136.2611563370883,36.14848776812323],[136.2615099232,36.14848205931207],[136.2615235582402,36.14846769008842],[136.26143021154098,36.14780270928026]]]}},{"type":"Feature","properties":{"pid":"7f767d9a-7bd8-4ef6-b745-74d586efc508"},"geometry":{"type":"Polygon","coordinates":[[[136.26154348086112,36.14779224396651],[136.26164316529145,36.148468557939765],[136.26208543576547,36.14845552403293],[136.26194884559038,36.14775413084197],[136.26154348086112,36.14779224396651]]]}},{"type":"Feature","properties":{"pid":"20ce6d34-eccc-4feb-831e-1019f9aabf53"},"geometry":{"type":"Polygon","coordinates":[[[136.2616446491959,36.14950185864592],[136.26152279073966,36.148647132930456],[136.2611778451971,36.14866424873353],[136.2610610390582,36.149367578043616],[136.26109637108112,36.14938075559279],[136.26111472198207,36.14940687935089],[136.26109648617378,36.149553189540136],[136.2616446491959,36.14950185864592]]]}},{"type":"Feature","properties":{"pid":"6553bf84-122b-474c-affa-c7a6da8403b4"},"geometry":{"type":"Polygon","coordinates":[[[136.2605633033793,36.14861750888685],[136.26054712789818,36.148631698340054],[136.2605662604394,36.14878941215398],[136.26095863366132,36.148780980052486],[136.26096463139274,36.14870802672095],[136.26086528506963,36.14869011156755],[136.26083691624575,36.14866764459531],[136.2606788695006,36.14864968151703],[136.2606452794117,36.14862340719439],[136.2605633033793,36.14861750888685]]]}},{"type":"Feature","properties":{"pid":"dd43d1c8-36ca-40e4-a7a2-7493f1bd4c63"},"geometry":{"type":"Polygon","coordinates":[[[136.25890063998918,36.14781275805663],[136.25882714062675,36.14823198908113],[136.25895562983473,36.14825787562401],[136.2590296828941,36.14782854880588],[136.25890063998918,36.14781275805663]]]}},{"type":"Feature","properties":{"pid":"b114348a-9181-4681-931d-08923e7a7543"},"geometry":{"type":"Polygon","coordinates":[[[136.25840868855576,36.147784666822616],[136.2584360665118,36.14780314712245],[136.25844377749388,36.147832426125696],[136.2583593156558,36.148132862745385],[136.2586472442405,36.148192839267445],[136.2588233856011,36.147109860499334],[136.25880533181848,36.147097797544404],[136.2584835318839,36.147128434574235],[136.25840868855576,36.147784666822616]]]}},{"type":"Feature","properties":{"pid":"0b43fa41-f3fa-4409-aad4-582529121105"},"geometry":{"type":"Polygon","coordinates":[[[136.2582038599063,36.14715586767946],[136.25818068605537,36.14718219257223],[136.25811574167452,36.14774720400528],[136.25829120144545,36.1477683711666],[136.2583626893306,36.147140947855696],[136.2582038599063,36.14715586767946]]]}},{"type":"Feature","properties":{"pid":"852d375b-f688-4081-934e-ff75b7422eaa"},"geometry":{"type":"Polygon","coordinates":[[[136.2566875526481,36.147567504740444],[136.25674379309666,36.14756835666687],[136.2571933071494,36.14784367046461],[136.25723526327624,36.14767086844163],[136.2572767215225,36.14765309538156],[136.25737205294146,36.14766336912847],[136.25742102658762,36.14723978751113],[136.25661818575608,36.14731476742117],[136.25660192924164,36.1475155130207],[136.2566875526481,36.147567504740444]]]}},{"type":"Feature","properties":{"pid":"868aa80b-5278-448e-acae-e1ad599be525"},"geometry":{"type":"Polygon","coordinates":[[[136.25790951707776,36.149047064867794],[136.2579240302435,36.14903284012502],[136.25801335599823,36.148265105736925],[136.2579348578351,36.1482500386175],[136.2578414433239,36.149042927426954],[136.25790951707776,36.149047064867794]]]}},{"type":"Feature","properties":{"pid":"79cc232f-83a0-4e15-ab76-bbe6e2d1ce49"},"geometry":{"type":"Polygon","coordinates":[[[136.25749525198438,36.1490003657084],[136.25751490300573,36.149018747200756],[136.25772399990808,36.149036106961695],[136.25782091801054,36.148228208792645],[136.25758979551426,36.14817943129655],[136.25749525198438,36.1490003657084]]]}},{"type":"Feature","properties":{"pid":"6298dc4c-8a62-482c-9f1b-9adcb3ee1896"},"geometry":{"type":"Polygon","coordinates":[[[136.25737438328963,36.148979293662116],[136.25747664455412,36.148156212489546],[136.25746873968717,36.14815460300367],[136.25737438328963,36.148979293662116]]]}},{"type":"Feature","properties":{"pid":"574ed158-db6a-49ec-b5e1-60def802af74"},"geometry":{"type":"Polygon","coordinates":[[[136.25701364547837,36.14898090983281],[136.2571106733562,36.148168719515304],[136.25695179428,36.148157970842234],[136.25685712183073,36.14896963613327],[136.25701364547837,36.14898090983281]]]}},{"type":"Feature","properties":{"pid":"5767a0e8-061a-4af5-b7cc-a2f8acbd21fd"},"geometry":{"type":"Polygon","coordinates":[[[136.2571301901707,36.148986910920705],[136.2572559765391,36.14900282413853],[136.25735816175893,36.14813180527959],[136.25731024461555,36.14812222765998],[136.25728519824185,36.1481712324762],[136.25722608050884,36.148178311285506],[136.2571301901707,36.148986910920705]]]}},{"type":"Feature","properties":{"pid":"bb17a15f-3b77-45d7-af98-31e10545de0e"},"geometry":{"type":"Polygon","coordinates":[[[136.2582304126135,36.14905439336959],[136.25824359293395,36.14907259601393],[136.25856350427557,36.14909789945918],[136.2585862203718,36.148921879527165],[136.25861175716503,36.148387075226246],[136.25831073257285,36.14832805684395],[136.2582304126135,36.14905439336959]]]}},{"type":"Feature","properties":{"pid":"98eba2d3-961e-4e3d-a60d-a39c8a4ffe93"},"geometry":{"type":"Polygon","coordinates":[[[136.2580410844559,36.149032877105135],[136.25806359847886,36.14905619520336],[136.25811389724524,36.14905946963472],[136.25819562643036,36.148306680286936],[136.25812770738446,36.148290825813405],[136.2580410844559,36.149032877105135]]]}},{"type":"Feature","properties":{"pid":"8e5aefea-1dfa-4a01-82a8-f30edb6bb95f"},"geometry":{"type":"Polygon","coordinates":[[[136.25901494744926,36.14945810636253],[136.2587277811656,36.149451882981914],[136.25872543825878,36.14949883632976],[136.25901655759813,36.1495100911013],[136.25901494744926,36.14945810636253]]]}},{"type":"Feature","properties":{"pid":"e97b0d74-4d81-4b33-a4a1-ff1992f83de6"},"geometry":{"type":"Polygon","coordinates":[[[136.25796857260667,36.15002898737786],[136.25847875242377,36.150064167746315],[136.2585065068246,36.150042842296486],[136.2585568294887,36.14926052480246],[136.25806502081335,36.149221829473056],[136.25796857260667,36.15002898737786]]]}},{"type":"Feature","properties":{"pid":"1af7f5dd-64d2-4816-8fcd-1b1efcabdd2d"},"geometry":{"type":"Polygon","coordinates":[[[136.25677993590668,36.14993663277173],[136.25687247011618,36.149129357390315],[136.25683494169508,36.149126386848216],[136.25674020071463,36.14993352534045],[136.25677993590668,36.14993663277173]]]}},{"type":"Feature","properties":{"pid":"905ec7a7-7246-424e-b4f4-f366fec87532"},"geometry":{"type":"Polygon","coordinates":[[[136.25694508999266,36.1499489582253],[136.25703921580003,36.149143177370895],[136.25698993028408,36.14913932545531],[136.2569009296792,36.149945728738345],[136.25694508999266,36.1499489582253]]]}},{"type":"Feature","properties":{"pid":"563b5ee3-36f6-4f78-9930-a0c352dc236d"},"geometry":{"type":"Polygon","coordinates":[[[136.2577089019109,36.14919454634932],[136.25716127018768,36.14915387805112],[136.25707027615584,36.149954286361],[136.25762044580244,36.149997994452974],[136.2577089019109,36.14919454634932]]]}},{"type":"Feature","properties":{"pid":"fd371d37-f359-4335-9818-0431bd1b0ee6"},"geometry":{"type":"Polygon","coordinates":[[[136.25785154696987,36.15001856545376],[136.25794543884177,36.14921483947012],[136.25792379110067,36.14921378915201],[136.2579165125249,36.14925453719608],[136.25789409131264,36.14927824112116],[136.25781839792748,36.14928221439529],[136.25773734149072,36.15001064951707],[136.25785154696987,36.15001856545376]]]}},{"type":"Feature","properties":{"pid":"7275c6ca-c7cf-418e-bf65-63921df7fa73"},"geometry":{"type":"Polygon","coordinates":[[[136.25818398225692,36.15031834098609],[136.25821033798877,36.150304169373435],[136.2582150200572,36.15025710651083],[136.25772720281492,36.15021800459886],[136.2577163928805,36.15030560098666],[136.25818398225692,36.15031834098609]]]}},{"type":"Feature","properties":{"pid":"2305f15f-1e42-49be-b0b9-f75010dce4f6"},"geometry":{"type":"Polygon","coordinates":[[[136.25816988736386,36.15043037578774],[136.25819596753843,36.15041293806078],[136.25770572159948,36.150399136029506],[136.25770389119722,36.150417079186845],[136.25816988736386,36.15043037578774]]]}},{"type":"Feature","properties":{"pid":"f84a38f9-5961-4385-a032-422fcd620f9a"},"geometry":{"type":"Polygon","coordinates":[[[136.25649839029023,36.150892960405564],[136.25651878594877,36.15091178432314],[136.25710652373513,36.15095605247499],[136.25719671733097,36.15019919824253],[136.2565817510139,36.15015198692251],[136.25649839029023,36.150892960405564]]]}},{"type":"Feature","properties":{"pid":"9548e280-d805-4dbf-b21d-57c0c10c0080"},"geometry":{"type":"Polygon","coordinates":[[[136.2572262082012,36.15095496474392],[136.25742782223006,36.15098161011365],[136.25753495935302,36.150808758578115],[136.2575973984822,36.15023073972502],[136.25731245958036,36.150208721844606],[136.2572262082012,36.15095496474392]]]}},{"type":"Feature","properties":{"pid":"f4784c53-c1de-4477-bb9f-58e08093b8b9"},"geometry":{"type":"Polygon","coordinates":[[[136.25768900158735,36.15056301088869],[136.2581828130531,36.150566916110556],[136.2581867823882,36.15052629953395],[136.2576945710229,36.150511494909146],[136.25768900158735,36.15056301088869]]]}},{"type":"Feature","properties":{"pid":"1e12fccd-0f5e-42fc-bdab-e93c712e9e26"},"geometry":{"type":"Polygon","coordinates":[[[136.26172290353418,36.15030710110599],[136.26200488560153,36.15028213212279],[136.26190300693784,36.14960606385544],[136.26159931052123,36.149638529715965],[136.2616964060592,36.15028776086569],[136.26172290353418,36.15030710110599]]]}},{"type":"Feature","properties":{"pid":"54223e3d-d6b5-4201-b4ea-ee51b9e9d685"},"geometry":{"type":"Polygon","coordinates":[[[136.26082750774123,36.1503754702758],[136.2615850968378,36.15032022871012],[136.26148466194093,36.149649586017816],[136.26100499679183,36.149697258425576],[136.26082750774123,36.1503754702758]]]}},{"type":"Feature","properties":{"pid":"137a622e-5920-4db7-99bf-cb535f891d05"},"geometry":{"type":"Polygon","coordinates":[[[136.26166187735765,36.15053718823624],[136.26177711849132,36.151361912644546],[136.26184602723868,36.1513628582886],[136.26173059170853,36.15053132263304],[136.26166187735765,36.15053718823624]]]}},{"type":"Feature","properties":{"pid":"2beab3d5-caa8-43d3-84cc-594dfe284518"},"geometry":{"type":"Polygon","coordinates":[[[136.2615439477409,36.150547844753945],[136.26152131308885,36.1505495319839],[136.26162825858663,36.15138272648161],[136.2616538610001,36.151380357603045],[136.2615439477409,36.150547844753945]]]}},{"type":"Feature","properties":{"pid":"0c5cc0a9-9b4a-4ba8-91bf-4c66fa9e7e5a"},"geometry":{"type":"Polygon","coordinates":[[[136.26144069906422,36.150842312768795],[136.2614141997113,36.15084441961958],[136.26148971450405,36.15139655169669],[136.26150714726157,36.15139488701245],[136.26144069906422,36.150842312768795]]]}},{"type":"Feature","properties":{"pid":"9614c91c-b9c9-4706-83b8-1f4a84207be8"},"geometry":{"type":"Polygon","coordinates":[[[136.26125531691167,36.15057647679963],[136.26120992308384,36.150580513947226],[136.2613223576814,36.151406054893165],[136.26137463103112,36.151406958415954],[136.26125531691167,36.15057647679963]]]}},{"type":"Feature","properties":{"pid":"3b9152b7-6d4f-4d11-bbde-e140cff3041a"},"geometry":{"type":"Polygon","coordinates":[[[136.26187626186552,36.15152213920261],[136.261463848979,36.15156337641256],[136.26150231639343,36.151835018989054],[136.26164192262587,36.15169894028338],[136.2617026894788,36.1516777591912],[136.26187626186552,36.15152213920261]]]}},{"type":"Feature","properties":{"pid":"2f627e37-fece-4087-ba88-6b3f576faa01"},"geometry":{"type":"Polygon","coordinates":[[[136.26087896452879,36.151454552015046],[136.26120940264667,36.15142266062464],[136.26109540456036,36.150589759593956],[136.26075909618777,36.15060852552841],[136.26087896452879,36.151454552015046]]]}},{"type":"Feature","properties":{"pid":"9cc12415-d634-402d-a94f-4b9f8f10e63f"},"geometry":{"type":"Polygon","coordinates":[[[136.26008418810653,36.150612468078826],[136.2603973889044,36.15150324647172],[136.26071419296505,36.15146942861219],[136.26070287634676,36.151386110433656],[136.26059371358843,36.15140165522954],[136.26056458566606,36.15138312516978],[136.26054505213745,36.15133953861664],[136.26055506484406,36.15117550295121],[136.26059236206797,36.15115298854512],[136.26067112829924,36.15115621611324],[136.26059679959246,36.15068035662863],[136.26008418810653,36.150612468078826]]]}},{"type":"Feature","properties":{"pid":"34b9a4ee-824e-43d1-97d7-a00bdea209eb"},"geometry":{"type":"Polygon","coordinates":[[[136.2602261323871,36.15168414927439],[136.2607360472033,36.15163230819577],[136.26073404210123,36.15161996416812],[136.26022045388746,36.15166797605659],[136.2602261323871,36.15168414927439]]]}},{"type":"Feature","properties":{"pid":"432d8bb5-1032-487f-8c77-e9f92398b8f4"},"geometry":{"type":"Polygon","coordinates":[[[136.26026642939033,36.151774343290136],[136.26028428291954,36.151793033055384],[136.2607518902714,36.151748769894546],[136.26074886132028,36.15172658236268],[136.26026642939033,36.151774343290136]]]}},{"type":"Feature","properties":{"pid":"ef28e122-129c-4c47-9d01-61e2fc8ed093"},"geometry":{"type":"Polygon","coordinates":[[[136.2602745147709,36.15245905747835],[136.26046858653405,36.15234599593678],[136.26023505813913,36.15237812933023],[136.2602745147709,36.15245905747835]]]}},{"type":"Feature","properties":{"pid":"f54a5b28-d813-41ae-9958-2bd9b6d73bc7"},"geometry":{"type":"Polygon","coordinates":[[[136.26055935275363,36.152419530241794],[136.26032192321716,36.15255509912233],[136.26035968718304,36.152626197325475],[136.26059279293943,36.15245929709766],[136.26055935275363,36.152419530241794]]]}},{"type":"Feature","properties":{"pid":"93773898-ab10-4435-9723-f2e05e32ecc4"},"geometry":{"type":"Polygon","coordinates":[[[136.26062837995707,36.152214937027836],[136.26070933983468,36.152307842766255],[136.26082614514158,36.1522959513361],[136.26080993507205,36.15219836637938],[136.26062837995707,36.152214937027836]]]}},{"type":"Feature","properties":{"pid":"846258a6-6f31-4932-9a70-fea2b914c0d2"},"geometry":{"type":"Polygon","coordinates":[[[136.26077402321795,36.15192494923696],[136.26040748490843,36.15196232048703],[136.26043676308927,36.15199415714119],[136.26077946183204,36.1519613758027],[136.26077402321795,36.15192494923696]]]}},{"type":"Feature","properties":{"pid":"98bf9190-62ee-4b18-815b-910e25d0fefa"},"geometry":{"type":"Polygon","coordinates":[[[136.26099849237218,36.151604429648486],[136.26089830612312,36.15161269486981],[136.26099756150032,36.152309126988364],[136.2610931984654,36.1522276170727],[136.26099849237218,36.151604429648486]]]}},{"type":"Feature","properties":{"pid":"8c5217cb-c511-4763-bc34-44f3c5cc9f6e"},"geometry":{"type":"Polygon","coordinates":[[[136.26111335719088,36.15159269285289],[136.26119249047403,36.15212890922392],[136.26139956071896,36.151933784082885],[136.26134685919266,36.15157060112953],[136.26111335719088,36.15159269285289]]]}},{"type":"Feature","properties":{"pid":"c8a64a0f-a2ff-4459-8248-bca75c5abb18"},"geometry":{"type":"Polygon","coordinates":[[[136.26183215673282,36.15231862179764],[136.2618424323534,36.15206045275821],[136.2616875198114,36.15220468959672],[136.26168432121094,36.15231475343138],[136.26183215673282,36.15231862179764]]]}},{"type":"Feature","properties":{"pid":"f9b9eac5-4cd3-42e9-bd44-795bc710f121"},"geometry":{"type":"Polygon","coordinates":[[[136.2616938914444,36.152977772269765],[136.26196749594286,36.152984206293745],[136.26198594283284,36.15248213304817],[136.26197428503576,36.15246785481267],[136.26171250403394,36.15246147669601],[136.2616938914444,36.152977772269765]]]}},{"type":"Feature","properties":{"pid":"1c45bc00-78e8-4ce6-b403-f0d41ca753a7"},"geometry":{"type":"Polygon","coordinates":[[[136.26159364010866,36.15245776166006],[136.26142945822255,36.15245507522342],[136.2611203182204,36.152763546027465],[136.26114236490264,36.152964407606085],[136.26158009355822,36.152974496728824],[136.26159364010866,36.15245776166006]]]}},{"type":"Feature","properties":{"pid":"76f5335f-2956-47e2-bb50-7c72ad204735"},"geometry":{"type":"Polygon","coordinates":[[[136.26078815658022,36.15376956378352],[136.26092505017826,36.15378367670722],[136.26090990683133,36.15328961787393],[136.26088233370305,36.152968020003385],[136.26081012976687,36.153031868255496],[136.26078815658022,36.15376956378352]]]}},{"type":"Feature","properties":{"pid":"b1c85b1b-7146-4026-9765-e23a1882dc81"},"geometry":{"type":"Polygon","coordinates":[[[136.26117048862386,36.15377726185379],[136.261505077547,36.15378550012875],[136.2615303854368,36.15311686997315],[136.26108946766962,36.15310565943066],[136.2611129091597,36.15374952117079],[136.26117048862386,36.15377726185379]]]}},{"type":"Feature","properties":{"pid":"5ca4defb-1d35-43cf-babf-f71405dd05bf"},"geometry":{"type":"Polygon","coordinates":[[[136.26178333295616,36.15330399211256],[136.26179332327237,36.153126910718925],[136.26167456476526,36.15312745672352],[136.26166942744032,36.15329992483837],[136.26178333295616,36.15330399211256]]]}},{"type":"Feature","properties":{"pid":"ac29894d-097b-4766-a32d-5d4a7127b421"},"geometry":{"type":"Polygon","coordinates":[[[136.2618199742248,36.154806039336734],[136.26184161968345,36.153958382164205],[136.26172759910708,36.15395391230435],[136.26169750593232,36.15480350343697],[136.2618199742248,36.154806039336734]]]}},{"type":"Feature","properties":{"pid":"4fb629a6-7a87-4677-8c06-7fdcc939e07a"},"geometry":{"type":"Polygon","coordinates":[[[136.26142474974225,36.15479759564153],[136.26158326944037,36.15480205267986],[136.26161089905384,36.15394969568739],[136.26145316439585,36.15394725810331],[136.26142474974225,36.15479759564153]]]}},{"type":"Feature","properties":{"pid":"473b57a4-ef2b-459c-9df9-246fd5e19d0a"},"geometry":{"type":"Polygon","coordinates":[[[136.26130836083811,36.15479173840925],[136.2613385980007,36.153955296364515],[136.26111641790203,36.15393843719829],[136.26109020382958,36.15478468292892],[136.26130836083811,36.15479173840925]]]}},{"type":"Feature","properties":{"pid":"98e51f95-ec61-4faf-8342-7dccc9a7bd53"},"geometry":{"type":"Polygon","coordinates":[[[136.26072309230614,36.1539301456613],[136.26068982588552,36.15478207770065],[136.2608988763722,36.154784415885445],[136.26092952027963,36.15393347609019],[136.26072309230614,36.1539301456613]]]}},{"type":"Feature","properties":{"pid":"d9d67d9d-00c3-4bf5-b5f9-5888013b3419"},"geometry":{"type":"Polygon","coordinates":[[[136.26056068781526,36.15392408194048],[136.2605313333762,36.15477721215634],[136.2605759278513,36.15477801532504],[136.26060803035224,36.1539262648644],[136.26056068781526,36.15392408194048]]]}},{"type":"Feature","properties":{"pid":"f3fec07c-354c-4ffa-a19c-2bf8f0e7466c"},"geometry":{"type":"Polygon","coordinates":[[[136.26027233076368,36.153907855098616],[136.2602526351889,36.15476916624367],[136.26041555665304,36.1547744254096],[136.26044440973737,36.1539218347114],[136.26027233076368,36.153907855098616]]]}},{"type":"Feature","properties":{"pid":"2c91b240-cb69-46bc-b2c7-af5343321f24"},"geometry":{"type":"Polygon","coordinates":[[[136.26014854182833,36.15390575092134],[136.2601097226236,36.153905085912356],[136.26007915253794,36.154763799988416],[136.26013535328272,36.154765290242985],[136.26014854182833,36.15390575092134]]]}},{"type":"Feature","properties":{"pid":"8f00806b-7143-41dc-833b-4ed2fb47879e"},"geometry":{"type":"Polygon","coordinates":[[[136.25964319701487,36.15416289668895],[136.25962826692577,36.154753614621384],[136.25996286527902,36.15476091033262],[136.2599881846005,36.15391290058377],[136.25990986507054,36.15390874289582],[136.25964319701487,36.15416289668895]]]}},{"type":"Feature","properties":{"pid":"dd8ba1e0-d9e0-4138-a870-05afe72b4590"},"geometry":{"type":"Polygon","coordinates":[[[136.2595999697772,36.1536576230191],[136.25978665170874,36.153485455641196],[136.25972636954117,36.153190028051604],[136.25945843871443,36.15322478270335],[136.25958177651708,36.153475504019],[136.2595999697772,36.1536576230191]]]}},{"type":"Feature","properties":{"pid":"256be0cf-1fba-4b20-985e-1275dcf272ae"},"geometry":{"type":"Polygon","coordinates":[[[136.2600504418531,36.153765470454715],[136.26067040297417,36.153775366361955],[136.26069083069189,36.1531452281283],[136.26026726116177,36.15354089547194],[136.2600504418531,36.153765470454715]]]}},{"type":"Feature","properties":{"pid":"a47e4faf-63b9-4217-a00a-5fd64327d7ba"},"geometry":{"type":"Polygon","coordinates":[[[136.25988606330867,36.15338864710922],[136.26015096444783,36.153139980219784],[136.26015000480263,36.153137860578425],[136.2598414350381,36.15317692023226],[136.25988606330867,36.15338864710922]]]}},{"type":"Feature","properties":{"pid":"ecb4b2bf-869c-4d89-b306-5ead7db2dc94"},"geometry":{"type":"Polygon","coordinates":[[[136.2604101788584,36.1527151526296],[136.26047796612647,36.15284153553764],[136.26071829675118,36.152611889108655],[136.26065723421416,36.15253728516196],[136.2604101788584,36.1527151526296]]]}},{"type":"Feature","properties":{"pid":"979b9bad-a3bc-4501-bec1-045a101eb9ca"},"geometry":{"type":"Polygon","coordinates":[[[136.25985134853008,36.15242137951708],[136.2601424419053,36.15300706934431],[136.2602741020318,36.15298905449026],[136.26035654183252,36.152915301359975],[136.26008089500186,36.15239584184967],[136.25985134853008,36.15242137951708]]]}},{"type":"Feature","properties":{"pid":"e383c1dc-3b98-443f-880c-1600c01e3642"},"geometry":{"type":"Polygon","coordinates":[[[136.25973407440466,36.15244351666511],[136.259476856811,36.152472037129726],[136.25976663740843,36.153053598364856],[136.2600237006421,36.15302324864992],[136.25973407440466,36.15244351666511]]]}},{"type":"Feature","properties":{"pid":"2c6dc330-39f2-46b5-b911-5898f05d423b"},"geometry":{"type":"Polygon","coordinates":[[[136.25909838778276,36.15251544102226],[136.25939327404004,36.153101571247944],[136.25964763439168,36.15306680914817],[136.25936116304553,36.15248578587658],[136.25909838778276,36.15251544102226]]]}},{"type":"Feature","properties":{"pid":"345c80c5-e1d3-4192-9413-dd153fbcb217"},"geometry":{"type":"Polygon","coordinates":[[[136.25811414210395,36.15280474017433],[136.25809245071287,36.15300902335229],[136.25884298073805,36.15306989739508],[136.25861481642815,36.152854758296456],[136.25811414210395,36.15280474017433]]]}},{"type":"Feature","properties":{"pid":"a4900a9d-3211-4328-8956-f377bcf988c1"},"geometry":{"type":"Polygon","coordinates":[[[136.2586468951201,36.15399908493858],[136.25919560181782,36.154039182537474],[136.25942404040103,36.15382552151735],[136.2594275571193,36.15374494297703],[136.2593690391402,36.153756968523886],[136.25932989459722,36.15374360601646],[136.2592118574548,36.1535623128312],[136.2592327758739,36.15351818222373],[136.25938674959863,36.15345671659834],[136.25927742768351,36.15323861786648],[136.25874437652936,36.153200087211594],[136.2586468951201,36.15399908493858]]]}},{"type":"Feature","properties":{"pid":"b90452d9-cd90-4192-86a1-b2ba6029f7a8"},"geometry":{"type":"Polygon","coordinates":[[[136.25807283472412,36.15316406251242],[136.25798176700008,36.153952767197886],[136.25852975605488,36.15399556830225],[136.25862815427104,36.15319209171161],[136.25829141332838,36.15316468756015],[136.25807283472412,36.15316406251242]]]}},{"type":"Feature","properties":{"pid":"3548f373-cc37-4150-8555-b20d3563ed5e"},"geometry":{"type":"Polygon","coordinates":[[[136.25689368251884,36.15385558471237],[136.25691484729631,36.15387563301262],[136.25780840587862,36.15394219156965],[136.25790140607867,36.153132962280296],[136.25699182422443,36.153059351594095],[136.25689368251884,36.15385558471237]]]}},{"type":"Feature","properties":{"pid":"bc41ee76-c760-498a-8d1d-97ade210a9b0"},"geometry":{"type":"Polygon","coordinates":[[[136.25715582250479,36.15212585460441],[136.25705593912798,36.1529322587857],[136.25726907293554,36.15294940267022],[136.25736329726067,36.15213924332096],[136.25715582250479,36.15212585460441]]]}},{"type":"Feature","properties":{"pid":"57c02d12-ee95-4ebf-abbc-0838d63de519"},"geometry":{"type":"Polygon","coordinates":[[[136.25738618638374,36.1529580044702],[136.2579144717597,36.15299779161009],[136.25800759496013,36.15219292826646],[136.25747958178707,36.15215495691035],[136.25738618638374,36.1529580044702]]]}},{"type":"Feature","properties":{"pid":"47961b51-6c4e-48c5-9229-8280a4c6e665"},"geometry":{"type":"Polygon","coordinates":[[[136.2584502247162,36.15269776121758],[136.2583564371554,36.15253263487707],[136.2581550285558,36.152521536600034],[136.2581381986896,36.15266442128294],[136.2584502247162,36.15269776121758]]]}},{"type":"Feature","properties":{"pid":"2e913625-d0aa-412d-9365-acb617b03643"},"geometry":{"type":"Polygon","coordinates":[[[136.25776543559323,36.151586004924866],[136.2575034332327,36.15114865357637],[136.25687491508046,36.151099363733394],[136.2567803742997,36.15191042920405],[136.25772629665587,36.15198434089986],[136.25776543559323,36.151586004924866]]]}},{"type":"Feature","properties":{"pid":"49c42863-4f80-43a1-b1b8-e8b17dc3206f"},"geometry":{"type":"Polygon","coordinates":[[[136.25666541262672,36.1519022017459],[136.2567572273705,36.151110972871386],[136.25673212866343,36.151087822158026],[136.25642765638847,36.151063637679606],[136.25633017946151,36.15187546149479],[136.25666541262672,36.1519022017459]]]}},{"type":"Feature","properties":{"pid":"aa8f25eb-af4b-4121-a497-a3270244e48d"},"geometry":{"type":"Polygon","coordinates":[[[136.25592558623632,36.15103179320599],[136.25582791720063,36.15183768669443],[136.2562157344524,36.1518660090532],[136.2563115451068,36.1510551306146],[136.25592558623632,36.15103179320599]]]}},{"type":"Feature","properties":{"pid":"2d477f05-e28d-40cc-954f-edac236f928d"},"geometry":{"type":"Polygon","coordinates":[[[136.25571260616232,36.15182831018035],[136.2557404199955,36.15158429602643],[136.25561117603567,36.15157743391036],[136.25559320392688,36.151550792656316],[136.25559554397194,36.15148606963616],[136.25564190502217,36.15144773079614],[136.25575422908386,36.15146314671508],[136.25580438715718,36.15102309926927],[136.25554484537062,36.150995922831385],[136.25545592886158,36.15180826840565],[136.25571260616232,36.15182831018035]]]}},{"type":"Feature","properties":{"pid":"baf51871-8d04-4830-8e60-d2b1d5f68b93"},"geometry":{"type":"Polygon","coordinates":[[[136.25426363206228,36.15171858375495],[136.25453332196616,36.15173766900875],[136.25462980306787,36.15093133489065],[136.25436381307983,36.150907683627565],[136.25426363206228,36.15171858375495]]]}},{"type":"Feature","properties":{"pid":"1005efbf-9f17-4035-b678-b147b746c9fa"},"geometry":{"type":"Polygon","coordinates":[[[136.2546519605843,36.15174675839108],[136.25523613698005,36.151789649075106],[136.2553325848651,36.15098034271349],[136.25474933092366,36.15093737314414],[136.2546519605843,36.15174675839108]]]}},{"type":"Feature","properties":{"pid":"adce2819-e4ca-4f43-9fa2-f195c800e049"},"geometry":{"type":"Polygon","coordinates":[[[136.25444593064114,36.15272785225852],[136.2551267156094,36.15278147400096],[136.25522630441938,36.15197516309285],[136.25454131038094,36.15192491316592],[136.25444593064114,36.15272785225852]]]}},{"type":"Feature","properties":{"pid":"1baede40-4bfb-403c-952b-6f0816822a58"},"geometry":{"type":"Polygon","coordinates":[[[136.25602045640824,36.15285487437057],[136.2561161056298,36.15204216518935],[136.25608906833497,36.15204007775434],[136.25599418707208,36.15285277174065],[136.25602045640824,36.15285487437057]]]}},{"type":"Feature","properties":{"pid":"0aa686c0-042e-4cc5-b46b-b2a0629376f3"},"geometry":{"type":"Polygon","coordinates":[[[136.25587643149046,36.15284573430861],[136.25597305998517,36.15204753960019],[136.25595653328187,36.15202941228503],[136.25541409192886,36.151988432319264],[136.2553204381149,36.15279654207551],[136.25587643149046,36.15284573430861]]]}},{"type":"Feature","properties":{"pid":"6ca6ea96-9dc9-4b02-a262-e896862b3ca9"},"geometry":{"type":"Polygon","coordinates":[[[136.2562740859094,36.15287393166089],[136.25637192013386,36.1520741207531],[136.25635695795037,36.15206024626282],[136.25623119627627,36.1520513503538],[136.25613737446878,36.1528613548392],[136.2562740859094,36.15287393166089]]]}},{"type":"Feature","properties":{"pid":"c55c4d2a-4572-44d3-94fe-1f4df9c300e7"},"geometry":{"type":"Polygon","coordinates":[[[136.25694053633808,36.15292303562425],[136.25703814057553,36.152117475226795],[136.25648778799925,36.15207037023284],[136.25639011800388,36.15288301933469],[136.25694053633808,36.15292303562425]]]}},{"type":"Feature","properties":{"pid":"66ec6d04-d4f1-449d-90c3-e74460db9c64"},"geometry":{"type":"Polygon","coordinates":[[[136.25552743015535,36.15374629149978],[136.25554424178915,36.15376207283854],[136.25575603550948,36.153777390319206],[136.25584879701242,36.15297276775489],[136.25562275216856,36.15295680875781],[136.25552743015535,36.15374629149978]]]}},{"type":"Feature","properties":{"pid":"e236cc46-dee4-47f0-a5a7-06851d27b767"},"geometry":{"type":"Polygon","coordinates":[[[136.255873513584,36.153777246580695],[136.25588596619036,36.15378923004956],[136.25637613746505,36.153826424975094],[136.25646812553836,36.153021218271725],[136.25596558337645,36.15298303587927],[136.255873513584,36.153777246580695]]]}},{"type":"Feature","properties":{"pid":"bbda2c2f-2f99-4cab-b112-12e0808e2fc6"},"geometry":{"type":"Polygon","coordinates":[[[136.25649029308275,36.15383618106309],[136.25677688777952,36.15385416976843],[136.25687681597842,36.15305345602462],[136.25658366462824,36.15303138223159],[136.25649029308275,36.15383618106309]]]}},{"type":"Feature","properties":{"pid":"56fa8cec-7005-4bb1-9712-6054ec623bb4"},"geometry":{"type":"Polygon","coordinates":[[[136.25685328157567,36.154056477452386],[136.25623944426616,36.1540076214747],[136.25613560247663,36.154804218300164],[136.25679043431725,36.15485500550595],[136.25687822223495,36.154076034356095],[136.25685328157567,36.154056477452386]]]}},{"type":"Feature","properties":{"pid":"2eaa0648-7e2a-49e7-8609-f12ffab81e0b"},"geometry":{"type":"Polygon","coordinates":[[[136.25607117462854,36.153990805503916],[136.25573823181003,36.15396544326312],[136.25564726077337,36.15476552128418],[136.2560111183379,36.15479569705321],[136.25610852007557,36.15402629748336],[136.25607117462854,36.153990805503916]]]}},{"type":"Feature","properties":{"pid":"af7a9e78-4cba-434f-a69d-872bb538b3d5"},"geometry":{"type":"Polygon","coordinates":[[[136.25536675454524,36.15393486308401],[136.2551904695559,36.15392003665416],[136.25510077905955,36.154723465835616],[136.25552760055004,36.15475954998683],[136.25561889462946,36.153956068836294],[136.25553922916902,36.15394936878618],[136.2555334871759,36.153990226108675],[136.25551382374115,36.15401097284563],[136.25541581615656,36.15401595051451],[136.25536885532665,36.1539895450315],[136.25536675454524,36.15393486308401]]]}},{"type":"Feature","properties":{"pid":"2625abef-555c-458f-971d-e1ce31c67c89"},"geometry":{"type":"Polygon","coordinates":[[[136.25481221490122,36.15392808720714],[136.25479143370936,36.15395926448764],[136.25475249677305,36.15396936714871],[136.25471860395044,36.154248360295114],[136.25494738046817,36.15428043855526],[136.25498976533152,36.15393064830652],[136.25496260457817,36.15391009740549],[136.2549570593358,36.153882523064105],[136.25482015501103,36.15385790726978],[136.25481221490122,36.15392808720714]]]}},{"type":"Feature","properties":{"pid":"0940cf17-d224-4bcb-b218-cc972f383cd0"},"geometry":{"type":"Polygon","coordinates":[[[136.2543572399715,36.153551075542524],[136.25437641935375,36.153589799239],[136.25501697405932,36.15371984714244],[136.25511340839753,36.15291897701032],[136.25455064162512,36.15287996874456],[136.25447227898377,36.15319757023093],[136.2543572399715,36.153551075542524]]]}},{"type":"Feature","properties":{"pid":"aef68684-5c06-4705-97be-8de91d87e348"},"geometry":{"type":"Polygon","coordinates":[[[136.2552133356024,36.153714664749614],[136.25524015104386,36.15373967415048],[136.25540803335736,36.153755711637736],[136.25550445294678,36.15294761230353],[136.25530120612092,36.1529305092753],[136.2552133356024,36.153714664749614]]]}},{"type":"Feature","properties":{"pid":"867586ca-1d5e-44b0-bee2-da35bd9f24b4"},"geometry":{"type":"Polygon","coordinates":[[[136.2544359060924,36.152871433402254],[136.2538760043083,36.152826403353636],[136.25380837169496,36.15287341762453],[136.25424813542324,36.15310784875788],[136.25433366710706,36.15312335868093],[136.25438001804537,36.15309850353999],[136.2544359060924,36.152871433402254]]]}},{"type":"Feature","properties":{"pid":"ef595c08-d335-40f7-9cb7-8cb6a517af55"},"geometry":{"type":"Polygon","coordinates":[[[136.25318398491802,36.152937442924355],[136.2533758184109,36.15286626898004],[136.25357022267195,36.15279416374524],[136.2531904297429,36.152764523683025],[136.25318398491802,36.152937442924355]]]}},{"type":"Feature","properties":{"pid":"8de46eb4-ea52-4448-a7f7-cf019db5b0d0"},"geometry":{"type":"Polygon","coordinates":[[[136.25316651718674,36.15310760888289],[136.25345054455045,36.1532454381211],[136.25360813003795,36.15294287382137],[136.25316651718674,36.15310760888289]]]}},{"type":"Feature","properties":{"pid":"c0cd00f0-4f41-4759-8779-e2a8925d2be7"},"geometry":{"type":"Polygon","coordinates":[[[136.2537148657394,36.15332779480696],[136.2537677992429,36.15337056687744],[136.25397372193444,36.153084105228054],[136.2538380303438,36.1530094719828],[136.2537148657394,36.15332779480696]]]}},{"type":"Feature","properties":{"pid":"a4e79857-ff57-48fa-be83-bd49444b6685"},"geometry":{"type":"Polygon","coordinates":[[[136.2530052320119,36.15443864261289],[136.25329949101683,36.15399973657684],[136.25304770900198,36.15389080811055],[136.25299376666445,36.154415408632794],[136.2530052320119,36.15443864261289]]]}},{"type":"Feature","properties":{"pid":"da5363aa-e29a-4cdd-8632-56416b9cfd91"},"geometry":{"type":"Polygon","coordinates":[[[136.25296164621952,36.15469948008672],[136.25296196199403,36.154781609681],[136.25344730899414,36.154061909758845],[136.2534032670242,36.15404375021486],[136.25296164621952,36.15469948008672]]]}},{"type":"Feature","properties":{"pid":"63952eab-fdde-4753-87dc-ff1e9887e05b"},"geometry":{"type":"Polygon","coordinates":[[[136.25263138433053,36.1546171103506],[136.25274393384174,36.153763381059896],[136.25270704946004,36.15375078251855],[136.2522476337298,36.154446655945634],[136.25263138433053,36.1546171103506]]]}},{"type":"Feature","properties":{"pid":"e99885d3-0626-4b29-a562-8f4ba48947b9"},"geometry":{"type":"Polygon","coordinates":[[[136.25203553333085,36.1543675126936],[136.2525208033826,36.15365730960804],[136.25191104280574,36.15338738893499],[136.25175924810506,36.15397011547298],[136.25163637013972,36.154192152869],[136.25203553333085,36.1543675126936]]]}},{"type":"Feature","properties":{"pid":"9ce3bc7f-74d4-445e-88e3-6daaffcbfff1"},"geometry":{"type":"Polygon","coordinates":[[[136.25281859370435,36.15314828769981],[136.2520548800209,36.15274762326839],[136.25194791793547,36.153215227584454],[136.25258686728054,36.153504406711555],[136.25281859370435,36.15314828769981]]]}},{"type":"Feature","properties":{"pid":"c1882d6f-ae99-4019-91c3-9f74398809b2"},"geometry":{"type":"Polygon","coordinates":[[[136.25243662020375,36.15269632743331],[136.25287325297302,36.152930019520454],[136.25288867149212,36.15272898966467],[136.25243662020375,36.15269632743331]]]}},{"type":"Feature","properties":{"pid":"6f0391d4-3da9-4921-8be0-656340137733"},"geometry":{"type":"Polygon","coordinates":[[[136.25217031853447,36.15257311292195],[136.25221263940097,36.1525575183794],[136.25263049108338,36.15259315132832],[136.25271862888934,36.15177902082088],[136.25228776554357,36.151748475891075],[136.25210976711148,36.152537976866846],[136.25217031853447,36.15257311292195]]]}},{"type":"Feature","properties":{"pid":"62647bb4-f2ad-4af8-80c9-f9d5bafa24f1"},"geometry":{"type":"Polygon","coordinates":[[[136.25276087083625,36.15258531316985],[136.25290401593696,36.15259670055442],[136.25295443983447,36.151790460022205],[136.25284931578517,36.151781130309615],[136.25276087083625,36.15258531316985]]]}},{"type":"Feature","properties":{"pid":"6ecf7d59-9dbb-4837-902c-4351d579d586"},"geometry":{"type":"Polygon","coordinates":[[[136.25321702003603,36.15263659501302],[136.25327823671813,36.15264139608932],[136.25338032254604,36.15183180366381],[136.25326157784306,36.15182268923108],[136.25326044998292,36.1521305917499],[136.25321702003603,36.15263659501302]]]}},{"type":"Feature","properties":{"pid":"825f5798-d9d6-485b-895b-6790b0d27b8c"},"geometry":{"type":"Polygon","coordinates":[[[136.25432633021975,36.152718372939894],[136.2544209663861,36.15191126023904],[136.25400070712644,36.15188016931538],[136.25390086655136,36.152687541786385],[136.25432633021975,36.152718372939894]]]}},{"type":"Feature","properties":{"pid":"3acddd53-d136-4178-a49b-942b2aa7450e"},"geometry":{"type":"Polygon","coordinates":[[[136.25340184800564,36.15265065490775],[136.2537144094269,36.152675703935806],[136.25380798937712,36.15186519534116],[136.25350008606293,36.15184360907957],[136.25340184800564,36.15265065490775]]]}},{"type":"Feature","properties":{"pid":"67051508-5fa3-4484-8227-6f43c30411d0"},"geometry":{"type":"Polygon","coordinates":[[[136.25359378491186,36.151663296162866],[136.253687864624,36.15086191800315],[136.2535794972815,36.15084326530654],[136.25348106100665,36.15165418914074],[136.25359378491186,36.151663296162866]]]}},{"type":"Feature","properties":{"pid":"58b872d1-98e6-465f-865a-22dcf74750cb"},"geometry":{"type":"Polygon","coordinates":[[[136.25371138088582,36.15167427387162],[136.2538307935756,36.15168304060819],[136.25392806658874,36.150869676731055],[136.25380541661806,36.150861523544854],[136.25371138088582,36.15167427387162]]]}},{"type":"Feature","properties":{"pid":"38750b68-3f8b-43a0-a920-0f073e0acaa4"},"geometry":{"type":"Polygon","coordinates":[[[136.25401803895016,36.15169849677042],[136.25414842558524,36.15170903920879],[136.25423544486807,36.150895402434216],[136.25411806576943,36.15088742696626],[136.25401803895016,36.15169849677042]]]}},{"type":"Feature","properties":{"pid":"8ca1842f-bf11-4796-9809-f7db2339ae03"},"geometry":{"type":"Polygon","coordinates":[[[136.253266466179,36.151638608846824],[136.25336415754376,36.15164659611847],[136.25345465806026,36.15083123139578],[136.25331832983989,36.15082295536841],[136.25331326709147,36.15111335486201],[136.2533434933559,36.15118339305308],[136.25332348194343,36.15124391642516],[136.253296777193,36.15127046144278],[136.25336703382376,36.15149098100726],[136.2533516580237,36.15159043982191],[136.253266466179,36.151638608846824]]]}},{"type":"Feature","properties":{"pid":"c3d8e24f-0d28-4195-bff9-bb7785c8d97c"},"geometry":{"type":"Polygon","coordinates":[[[136.25229326375913,36.15158165512812],[136.2528977160286,36.15164214532384],[136.25293084709202,36.150786939571454],[136.2525013182882,36.150760428848365],[136.25229326375913,36.15158165512812]]]}},{"type":"Feature","properties":{"pid":"5976c77a-9474-4cf9-95af-a6fb7ab3833f"},"geometry":{"type":"Polygon","coordinates":[[[136.252570424793,36.150605793532364],[136.25280135764282,36.15062411203401],[136.25282721706074,36.15060892981552],[136.25291582475697,36.149886026273975],[136.25276752115855,36.149872509249995],[136.25272493991392,36.149901028105894],[136.252570424793,36.150605793532364]]]}},{"type":"Feature","properties":{"pid":"d451c281-c217-4dd4-b925-c5cc14944742"},"geometry":{"type":"Polygon","coordinates":[[[136.25295758620345,36.14962470110509],[136.25292512701304,36.14880868703431],[136.25283454756504,36.14880194962013],[136.2527526510569,36.149582478142406],[136.25280855342115,36.14961519115766],[136.25295758620345,36.14962470110509]]]}},{"type":"Feature","properties":{"pid":"e22d4ff5-b3ac-429e-baf9-8ab4febe48e6"},"geometry":{"type":"Polygon","coordinates":[[[136.25358300760922,36.1488875538184],[136.25326289579235,36.14885253574874],[136.2533159824053,36.14967692853418],[136.25347961212134,36.14968796899934],[136.25358300760922,36.1488875538184]]]}},{"type":"Feature","properties":{"pid":"64121fab-db6c-47d1-ab42-179fb399dc74"},"geometry":{"type":"Polygon","coordinates":[[[136.2538295080381,36.14890423059035],[136.25370864093753,36.1488841832722],[136.25361256288375,36.14969471407151],[136.2537333673832,36.14970422036708],[136.2538295080381,36.14890423059035]]]}},{"type":"Feature","properties":{"pid":"d7a6e256-3549-4638-a9d6-8938a1ae6ef7"},"geometry":{"type":"Polygon","coordinates":[[[136.25422440380555,36.149736179248336],[136.25431210380432,36.14894232394481],[136.2539479325759,36.148909100732894],[136.25385402759147,36.149713470884194],[136.25422440380555,36.149736179248336]]]}},{"type":"Feature","properties":{"pid":"59999736-b048-4e96-9203-b4aa42fcc194"},"geometry":{"type":"Polygon","coordinates":[[[136.25342979648096,36.150655432964186],[136.2534429553542,36.1506755769454],[136.2539451524411,36.15071116291115],[136.25402533522433,36.14998880062251],[136.25351628639748,36.14993837544786],[136.25342979648096,36.150655432964186]]]}},{"type":"Feature","properties":{"pid":"25b328d2-c6f0-4dcc-af2c-5a6f10e00444"},"geometry":{"type":"Polygon","coordinates":[[[136.25294674643453,36.15062381627744],[136.25299023220902,36.15062656167694],[136.25298912303978,36.15028119614187],[136.25294674643453,36.15062381627744]]]}},{"type":"Feature","properties":{"pid":"0d9298f6-fe9c-4799-84d7-4bbc2645af52"},"geometry":{"type":"Polygon","coordinates":[[[136.25331842417654,36.150583847022396],[136.2533951493934,36.149928652441666],[136.25330434548957,36.1499223289608],[136.25331842417654,36.150583847022396]]]}},{"type":"Feature","properties":{"pid":"9ee6ca2d-36f8-4def-b6cf-d98d24ce02ba"},"geometry":{"type":"Polygon","coordinates":[[[136.25413031777055,36.15072550189108],[136.2547323179747,36.15076119018965],[136.25481467409472,36.15005240415344],[136.2542194818387,36.150004999497405],[136.25413031777055,36.15072550189108]]]}},{"type":"Feature","properties":{"pid":"99371ba1-aaf0-4d95-9c21-0f91b6b77d3f"},"geometry":{"type":"Polygon","coordinates":[[[136.2548463188328,36.150774752178876],[136.25535564460017,36.15081645455623],[136.25544027902984,36.15010247096384],[136.25493024406572,36.150062644682514],[136.2548463188328,36.150774752178876]]]}},{"type":"Feature","properties":{"pid":"d157c417-3d19-4d88-b5a3-986ba3a91c31"},"geometry":{"type":"Polygon","coordinates":[[[136.25563965250112,36.15013747325268],[136.25555310772128,36.150842117773905],[136.2557241977985,36.15085280938589],[136.25581759142756,36.150113702527705],[136.2556852200235,36.1501107770799],[136.25563965250112,36.15013747325268]]]}},{"type":"Feature","properties":{"pid":"a3780478-382d-40be-bca5-f847dd4923ec"},"geometry":{"type":"Polygon","coordinates":[[[136.2558412854061,36.150851158592104],[136.2559164050855,36.15086439864027],[136.2560066317373,36.15012076473442],[136.25593159960508,36.15011790331812],[136.2558412854061,36.150851158592104]]]}},{"type":"Feature","properties":{"pid":"0903d57b-c4dc-4ac2-a847-747cb2a32b32"},"geometry":{"type":"Polygon","coordinates":[[[136.25603430531828,36.15085490266108],[136.2560532982014,36.150875584492425],[136.25638027459726,36.15089941037379],[136.25646682764594,36.15014593586214],[136.2561226610394,36.1501285784718],[136.25603430531828,36.15085490266108]]]}},{"type":"Feature","properties":{"pid":"4f3f7ccb-25d2-4504-b4df-ca11608d18ce"},"geometry":{"type":"Polygon","coordinates":[[[136.25621495389228,36.14989894278916],[136.25631754531955,36.14909162076129],[136.2563130506596,36.149087847160196],[136.25621495389228,36.14989894278916]]]}},{"type":"Feature","properties":{"pid":"5320e050-2755-4a19-9629-4657666928fe"},"geometry":{"type":"Polygon","coordinates":[[[136.25643515537328,36.14910371024632],[136.2563385425106,36.14990947910155],[136.25641978612168,36.14991541793061],[136.25651309143336,36.14910369956455],[136.25643515537328,36.14910371024632]]]}},{"type":"Feature","properties":{"pid":"2b9db98a-f4d0-4482-8d85-0b7cf53656cc"},"geometry":{"type":"Polygon","coordinates":[[[136.255720757653,36.14986567966104],[136.25609596177952,36.149890981253684],[136.25618959192425,36.14907918990263],[136.2560410963171,36.14906850730579],[136.25602904869106,36.14917693373933],[136.2559938774913,36.14920727406259],[136.25579843721292,36.14920292174989],[136.255720757653,36.14986567966104]]]}},{"type":"Feature","properties":{"pid":"f291dc91-5c8a-4e66-8d1c-8220d98bfaf2"},"geometry":{"type":"Polygon","coordinates":[[[136.25533556808816,36.149821927343844],[136.2554861609796,36.14983178237322],[136.25557992084532,36.149028159231506],[136.25543250422598,36.1490196136723],[136.25533556808816,36.149821927343844]]]}},{"type":"Feature","properties":{"pid":"91e478d8-e19f-4e92-8db1-ff9d404f95db"},"geometry":{"type":"Polygon","coordinates":[[[136.2550355165366,36.149800578404154],[136.2551299079698,36.14899947054923],[136.25489698729461,36.14898112274859],[136.25480184895625,36.149785730599206],[136.2550355165366,36.149800578404154]]]}},{"type":"Feature","properties":{"pid":"9a26e4d4-b59c-475e-bae2-fbf400d52533"},"geometry":{"type":"Polygon","coordinates":[[[136.2551569030521,36.14981012880666],[136.25521083702662,36.149813554230604],[136.25530785179606,36.14902211968784],[136.25529651772263,36.14901146380218],[136.25525489716532,36.14900724010222],[136.2551569030521,36.14981012880666]]]}},{"type":"Feature","properties":{"pid":"4b5c146c-6ceb-42f3-9db4-d054611d7a89"},"geometry":{"type":"Polygon","coordinates":[[[136.25443717932868,36.14894294184416],[136.25434541135047,36.14975037929136],[136.25467755912547,36.149776730917075],[136.2547701890783,36.148975504177095],[136.25443717932868,36.14894294184416]]]}},{"type":"Feature","properties":{"pid":"55ed8fc3-be60-4bc2-beb9-bb5c9dee6244"},"geometry":{"type":"Polygon","coordinates":[[[136.2561931865827,36.14891339100604],[136.25620401207368,36.1489238906817],[136.25630035091496,36.14810327485036],[136.25628677198966,36.14810217468058],[136.2561931865827,36.14891339100604]]]}},{"type":"Feature","properties":{"pid":"53e27568-26fc-43e3-9868-6c1bfae2e0df"},"geometry":{"type":"Polygon","coordinates":[[[136.25632095829226,36.14893233355065],[136.25635156150528,36.148922687618004],[136.25644468114658,36.148115301625474],[136.25641449255832,36.14811303758345],[136.25632095829226,36.14893233355065]]]}},{"type":"Feature","properties":{"pid":"2f0c73c3-2cb9-4afd-a7cd-05a8dc7324e8"},"geometry":{"type":"Polygon","coordinates":[[[136.25646542987818,36.14893416657077],[136.2567381963172,36.148960465688226],[136.25683229422302,36.14814949649312],[136.25655924418137,36.148126034101615],[136.25646542987818,36.14893416657077]]]}},{"type":"Feature","properties":{"pid":"fc06ab7f-5608-418e-9a09-cb8df3a9bc33"},"geometry":{"type":"Polygon","coordinates":[[[136.25606903978812,36.1489122528539],[136.25617329557207,36.148098315918936],[136.25594060171227,36.14808080122041],[136.25584505443058,36.14889351931165],[136.25606903978812,36.1489122528539]]]}},{"type":"Feature","properties":{"pid":"e8c62525-1500-45b7-b6d1-54d10563509c"},"geometry":{"type":"Polygon","coordinates":[[[136.2566300728393,36.147730533356246],[136.25658161321147,36.147701845222386],[136.25654599978134,36.147999742687986],[136.25661461531618,36.14800606042664],[136.2566470529337,36.147761203437916],[136.2566300728393,36.147730533356246]]]}},{"type":"Feature","properties":{"pid":"75b7db8d-66bb-478b-a714-bb55a688efc8"},"geometry":{"type":"Polygon","coordinates":[[[136.256231697829,36.147483673291894],[136.25604945086806,36.14737102478908],[136.25602045358397,36.14737332746825],[136.2559525666683,36.14795375483627],[136.25619175452053,36.1479707328353],[136.2562460301225,36.14750761207771],[136.256231697829,36.147483673291894]]]}},{"type":"Feature","properties":{"pid":"5c9665c8-ba6a-49a4-9558-8167ab950699"},"geometry":{"type":"Polygon","coordinates":[[[136.25635578416274,36.14756139953475],[136.25630573771116,36.14797770399606],[136.25643162645616,36.147989493534645],[136.2564735684155,36.14763866341043],[136.25635578416274,36.14756139953475]]]}},{"type":"Feature","properties":{"pid":"a7129469-0e77-4b2a-9993-d545ba041312"},"geometry":{"type":"Polygon","coordinates":[[[136.25469373012527,36.147812386523135],[136.2546328999976,36.14780644376709],[136.25460505093193,36.147776128819075],[136.25462061518127,36.14751063685865],[136.25386229797374,36.14758071811094],[136.25384065857943,36.147785038258185],[136.25471396120648,36.14785427630489],[136.25469373012527,36.147812386523135]]]}},{"type":"Feature","properties":{"pid":"9d18e9e4-e6d0-43de-92d8-85fc576cd64f"},"geometry":{"type":"Polygon","coordinates":[[[136.25323746711862,36.14764926393877],[136.25325097652166,36.14773372866305],[136.25370834688587,36.147768410498216],[136.25372911696385,36.14760233939503],[136.25323746711862,36.14764926393877]]]}},{"type":"Feature","properties":{"pid":"3878bba4-f976-4ff5-a31c-7abd6a2e4b77"},"geometry":{"type":"Polygon","coordinates":[[[136.25402054402886,36.14793130377879],[136.2539266165358,36.1487437723947],[136.25422230606642,36.14876819973911],[136.2543210467642,36.147956450443736],[136.25402054402886,36.14793130377879]]]}},{"type":"Feature","properties":{"pid":"cb22056e-1e29-4295-b9ec-6dc5f951d6cb"},"geometry":{"type":"Polygon","coordinates":[[[136.25373054823197,36.14869789102048],[136.25375359506788,36.148727592454065],[136.25380581726048,36.14873223121206],[136.25390027273622,36.14792216794603],[136.2538241050287,36.147915653493705],[136.25373054823197,36.14869789102048]]]}},{"type":"Feature","properties":{"pid":"c880d36f-7845-47c4-8934-e865b4bb226d"},"geometry":{"type":"Polygon","coordinates":[[[136.25346666278816,36.14870207892163],[136.25358580375874,36.148712245287946],[136.25361156449014,36.14869213957322],[136.2537029164524,36.14790455674189],[136.2535599024274,36.147892101419195],[136.25346666278816,36.14870207892163]]]}},{"type":"Feature","properties":{"pid":"516fb800-f9f5-4edc-9662-b2fc4c31bc25"},"geometry":{"type":"Polygon","coordinates":[[[136.25325525241325,36.147868657510735],[136.2532844611957,36.14868774579118],[136.25334580184173,36.14869281605187],[136.2534390249574,36.147882991082234],[136.25325525241325,36.147868657510735]]]}},{"type":"Feature","properties":{"pid":"105d6c27-7dec-487d-8995-da4a589385b6"},"geometry":{"type":"Polygon","coordinates":[[[136.2528902751447,36.14830207555257],[136.25285488206362,36.14863951991108],[136.2529110395176,36.148642756944625],[136.2528902751447,36.14830207555257]]]}},{"type":"Feature","properties":{"pid":"aa66d0bf-7cf7-4399-9221-86516be790c2"},"geometry":{"type":"Polygon","coordinates":[[[136.25002606212175,36.14973274254039],[136.25076835732125,36.15011702563391],[136.25107523364392,36.149737122387265],[136.2506206923627,36.14973036283378],[136.25002606212175,36.14973274254039]]]}},{"type":"Feature","properties":{"pid":"fbae8561-8fd5-45f5-a150-083c0c718706"},"geometry":{"type":"Polygon","coordinates":[[[136.25061878189177,36.15054768982961],[136.25097376796248,36.15073532450478],[136.25108695734153,36.15024298900612],[136.2508876025224,36.15020274644204],[136.25061878189177,36.15054768982961]]]}},{"type":"Feature","properties":{"pid":"9331a4bf-0d89-4197-8e08-56c43f5c4d0a"},"geometry":{"type":"Polygon","coordinates":[[[136.24970395058713,36.14995118741977],[136.25054025887934,36.15040282079848],[136.25070395762762,36.15019723950784],[136.24986081382713,36.14976196769555],[136.24970395058713,36.14995118741977]]]}},{"type":"Feature","properties":{"pid":"4d00f69e-1927-4818-9a48-9e7b6583ece3"},"geometry":{"type":"Polygon","coordinates":[[[136.25036294542136,36.152346142455315],[136.25067030674973,36.151960675942334],[136.24983216154618,36.15150741722396],[136.249526852427,36.15189281718916],[136.25036294542136,36.152346142455315]]]}},{"type":"Feature","properties":{"pid":"8159f6b3-fe85-45f3-a8ef-4230e34fbfa6"},"geometry":{"type":"Polygon","coordinates":[[[136.25021607148872,36.15103600207503],[136.24994246984446,36.15138878108482],[136.25072733455474,36.15180954822977],[136.25083575030888,36.151363841030175],[136.25021607148872,36.15103600207503]]]}},{"type":"Feature","properties":{"pid":"a3ca2434-30e9-4597-a4c5-119305602427"},"geometry":{"type":"Polygon","coordinates":[[[136.25028053068027,36.15095581413801],[136.25058997525096,36.151120707060194],[136.25085623871092,36.151262275067424],[136.25089724649482,36.151073070356006],[136.25040513385338,36.15081081810847],[136.25028053068027,36.15095581413801]]]}},{"type":"Feature","properties":{"pid":"5f6e238d-f945-4005-a284-484fdace42ac"},"geometry":{"type":"Polygon","coordinates":[[[136.25201054181198,36.15182639140348],[136.25208054773643,36.151507434763445],[136.25106001173862,36.15135170447334],[136.25098972739414,36.15166658459428],[136.25201054181198,36.15182639140348]]]}},{"type":"Feature","properties":{"pid":"7e206823-8bf6-4788-8f8d-ecc6cc3f4f50"},"geometry":{"type":"Polygon","coordinates":[[[136.25199273896135,36.15191902653585],[136.2509711926523,36.15176063555525],[136.25093596789853,36.15192040720822],[136.2518538407878,36.15242315085103],[136.25186686705675,36.152422492792155],[136.25199273896135,36.15191902653585]]]}},{"type":"Feature","properties":{"pid":"9eddd0e4-a99a-4f7c-ab1f-5f4a36852776"},"geometry":{"type":"Polygon","coordinates":[[[136.25056539430784,36.15237207702774],[136.2504895016094,36.15247440969184],[136.25110231211656,36.15280629399815],[136.25119870158244,36.152690158433465],[136.25059158317643,36.152365899652956],[136.25056539430784,36.15237207702774]]]}},{"type":"Feature","properties":{"pid":"29a4de5a-6fb7-494f-bcaf-d0c70decd0a1"},"geometry":{"type":"Polygon","coordinates":[[[136.2506467223803,36.15228039065414],[136.25126292223396,36.152612022635225],[136.25143057879845,36.15239885575374],[136.25082520409762,36.15207476298287],[136.2506467223803,36.15228039065414]]]}},{"type":"Feature","properties":{"pid":"52e1489b-e872-4bbf-be62-65be05e057cb"},"geometry":{"type":"Polygon","coordinates":[[[136.251821802343,36.15258891949927],[136.25158263488856,36.15245191519531],[136.2509185049213,36.1532578597575],[136.2515809144681,36.153610968078084],[136.251821802343,36.15258891949927]]]}},{"type":"Feature","properties":{"pid":"9c4c3d1b-e4a2-43e0-9bc2-c7a309d60e9c"},"geometry":{"type":"Polygon","coordinates":[[[136.25082725677686,36.15336887225653],[136.25149108117864,36.15372922384479],[136.25151720583912,36.153689788056994],[136.25085349942577,36.15333550264065],[136.25082725677686,36.15336887225653]]]}},{"type":"Feature","properties":{"pid":"f547b3ba-b4f0-474f-90f8-e45a0edcc66d"},"geometry":{"type":"Polygon","coordinates":[[[136.25047468758135,36.15356871962671],[136.25090095045272,36.15304317511771],[136.2502811257505,36.152714189570645],[136.24985664618316,36.15323916868545],[136.25047468758135,36.15356871962671]]]}},{"type":"Feature","properties":{"pid":"76cde216-87a2-4def-b903-746712cb1085"},"geometry":{"type":"Polygon","coordinates":[[[136.25036514085642,36.15262402902843],[136.250369923586,36.15265020362908],[136.25096463567007,36.152966771127836],[136.2510327969527,36.15288553547976],[136.25042241998807,36.152555531540635],[136.25036514085642,36.15262402902843]]]}},{"type":"Feature","properties":{"pid":"97d79dc3-404a-448b-9e0d-213e613e64de"},"geometry":{"type":"Polygon","coordinates":[[[136.25039354673297,36.153899812762916],[136.25031411785764,36.15399761644321],[136.2511042529457,36.154419898573096],[136.25112149141276,36.1544177794063],[136.25118162133546,36.15433601406613],[136.25039354673297,36.153899812762916]]]}},{"type":"Feature","properties":{"pid":"93632021-36c3-4ece-8d8e-249d2bf70e8a"},"geometry":{"type":"Polygon","coordinates":[[[136.25076176783452,36.15344539310811],[136.25045726218787,36.15382217201502],[136.25124111793664,36.15424754740926],[136.25145507685642,36.1538833318275],[136.25146901278544,36.15383234424927],[136.25076176783452,36.15344539310811]]]}},{"type":"Feature","properties":{"pid":"84440743-bbbc-452d-83ef-d75ca4ef753e"},"geometry":{"type":"Polygon","coordinates":[[[136.25043803278592,36.15506680613756],[136.25089609198074,36.15508827156233],[136.2509168275233,36.154921736277615],[136.25098019933966,36.15476584340726],[136.25048724387614,36.15450672816402],[136.25043803278592,36.15506680613756]]]}},{"type":"Feature","properties":{"pid":"858dacc0-65a0-4766-b139-bcde424f393c"},"geometry":{"type":"Polygon","coordinates":[[[136.25037696192013,36.15603335566004],[136.25081614333374,36.1560581785957],[136.25088357558573,36.15523434136465],[136.25043588706734,36.15520746415638],[136.25037696192013,36.15603335566004]]]}},{"type":"Feature","properties":{"pid":"c7776f53-a41a-4717-8034-5f03e41b9e86"},"geometry":{"type":"Polygon","coordinates":[[[136.24993370724576,36.15602396676818],[136.25018771729785,36.156036368853236],[136.25025364893622,36.15520245276574],[136.24999462170288,36.15518830037484],[136.24993370724576,36.15602396676818]]]}},{"type":"Feature","properties":{"pid":"c67472ef-1921-4530-be6d-d9bf6fe1c3b4"},"geometry":{"type":"Polygon","coordinates":[[[136.25004276483526,36.155044241561285],[136.2502758165357,36.155058291707086],[136.25032497455754,36.15442441765786],[136.25009928671216,36.15430622964939],[136.25004276483526,36.155044241561285]]]}},{"type":"Feature","properties":{"pid":"6d9fb30a-a0ae-49d5-86fa-f8db9047bace"},"geometry":{"type":"Polygon","coordinates":[[[136.24981940938545,36.15695600759745],[136.25011080653502,36.156971615755154],[136.25017242422297,36.15615273607753],[136.2498830308826,36.15614195818691],[136.24981940938545,36.15695600759745]]]}},{"type":"Feature","properties":{"pid":"3843a84a-6fdc-4c62-bc67-ee157e5568d7"},"geometry":{"type":"Polygon","coordinates":[[[136.25029837473065,36.15698046024387],[136.25075542438924,36.15700181726485],[136.25080943328095,36.15617743238806],[136.25035800862807,36.15615940138814],[136.25029837473065,36.15698046024387]]]}},{"type":"Feature","properties":{"pid":"f8fd27e7-2390-47c5-a2a7-ee801ebfacd1"},"geometry":{"type":"Polygon","coordinates":[[[136.25150145654925,36.157042778667495],[136.25156500505932,36.156212582227745],[136.25105172484817,36.15618823252052],[136.2509842339282,36.15701418286059],[136.25150145654925,36.157042778667495]]]}},{"type":"Feature","properties":{"pid":"74b35804-ce76-4aef-b532-edf9e7d005e5"},"geometry":{"type":"Polygon","coordinates":[[[136.25122267591271,36.141981858169444],[136.2513310495463,36.1426812826793],[136.25148827310727,36.1426717542746],[136.25157311849372,36.142630732254176],[136.25149143672743,36.142033272000276],[136.25145835060476,36.14199126971838],[136.25134252713906,36.14196980799874],[136.25122267591271,36.141981858169444]]]}},{"type":"Feature","properties":{"pid":"e130fd84-004b-464d-ae1d-ca9f0c9ecf69"},"geometry":{"type":"Polygon","coordinates":[[[136.25110802199737,36.141992277000796],[136.25093340382952,36.14201109473324],[136.25103503986315,36.14270724060288],[136.25121765972978,36.142689531368305],[136.25110802199737,36.141992277000796]]]}},{"type":"Feature","properties":{"pid":"c5e4d98f-eb55-4533-a2fc-e5bcc7838947"},"geometry":{"type":"Polygon","coordinates":[[[136.25161330576853,36.14315392087471],[136.25104628578597,36.14318879557414],[136.25108260770625,36.143450396184704],[136.2512047786372,36.14357408515396],[136.25166061728711,36.14346982588846],[136.25161330576853,36.14315392087471]]]}},{"type":"Feature","properties":{"pid":"986d4aa0-abcd-4e47-843a-ca96d4a2329b"},"geometry":{"type":"Polygon","coordinates":[[[136.25045810620196,36.14340080457435],[136.25048048431066,36.14337745753354],[136.25046104859103,36.14324245030512],[136.25020676985446,36.14326447221779],[136.25023103864848,36.14343338510075],[136.25045810620196,36.14340080457435]]]}},{"type":"Feature","properties":{"pid":"d93fd696-ba88-40f9-8c0b-184c8d7025e5"},"geometry":{"type":"Polygon","coordinates":[[[136.25093279423587,36.14319796615308],[136.25088016471688,36.14320221895047],[136.25089887987716,36.14332385518457],[136.25094978846937,36.14331946762779],[136.25093279423587,36.14319796615308]]]}},{"type":"Feature","properties":{"pid":"d053ecb6-45b0-44a3-a578-2f93dc9f4287"},"geometry":{"type":"Polygon","coordinates":[[[136.25019597247524,36.1428082688268],[136.2503952330097,36.142792623493655],[136.25031929094516,36.14222127166271],[136.25025267674013,36.142225991443766],[136.250215164932,36.14221000368535],[136.25018951308823,36.14208918869695],[136.25009026673064,36.14209921906785],[136.25019597247524,36.1428082688268]]]}},{"type":"Feature","properties":{"pid":"b4fc1bea-8b65-43e7-9ab5-1add200299ed"},"geometry":{"type":"Polygon","coordinates":[[[136.25051873136388,36.145757346403926],[136.2510667724052,36.14570314714206],[136.25094773801584,36.144895979202786],[136.25047286568503,36.144946590122416],[136.2504953197063,36.14511549766924],[136.25047719816163,36.145141664169266],[136.25043869975184,36.145153480151244],[136.25051873136388,36.145757346403926]]]}},{"type":"Feature","properties":{"pid":"0594dd9a-b71b-42c8-88e1-642bf0d50096"},"geometry":{"type":"Polygon","coordinates":[[[136.2510700827839,36.14488671886422],[136.25118019830234,36.145685416045836],[136.25166487254776,36.145642089708026],[136.25155792509878,36.144841273514864],[136.2510700827839,36.14488671886422]]]}},{"type":"Feature","properties":{"pid":"cf8ff92a-9fbf-41af-ad1b-0c7bed6531f2"},"geometry":{"type":"Polygon","coordinates":[[[136.25166343389196,36.14581155684215],[136.2514197740237,36.14582840965932],[136.25153807408944,36.1466421875049],[136.25178184448006,36.146614997614726],[136.25166343389196,36.14581155684215]]]}},{"type":"Feature","properties":{"pid":"ebc5dcbf-d53c-427f-ad15-8dfdcceb50a1"},"geometry":{"type":"Polygon","coordinates":[[[136.25130386237706,36.1458407248823],[136.25106510413963,36.14586651903195],[136.25118902894525,36.14667189193633],[136.25142278059263,36.14665015074642],[136.25130386237706,36.1458407248823]]]}},{"type":"Feature","properties":{"pid":"9e5758f9-4b91-46eb-985c-816149906499"},"geometry":{"type":"Polygon","coordinates":[[[136.25174835681602,36.14750204940448],[136.2517767349773,36.14753834716902],[136.25180617468266,36.1475436898589],[136.25168995245434,36.14675859335558],[136.25148872728275,36.14678017801885],[136.25153787136483,36.147121781130004],[136.25168597389597,36.147175074474156],[136.25171025570668,36.147197471967985],[136.25174835681602,36.14750204940448]]]}},{"type":"Feature","properties":{"pid":"1f8742b3-756b-422b-89f9-acd602d0ca04"},"geometry":{"type":"Polygon","coordinates":[[[136.25231480377016,36.14747885221024],[136.25220345718523,36.14670252428805],[136.25180415640767,36.14674609273738],[136.25192219949028,36.14755489436175],[136.25221338194788,36.1475256238145],[136.25224028426695,36.14748641098913],[136.25231480377016,36.14747885221024]]]}},{"type":"Feature","properties":{"pid":"4286eb29-0d7f-415e-8e11-c8a51fc152fa"},"geometry":{"type":"Polygon","coordinates":[[[136.2524434250884,36.147499039893034],[136.25247207074898,36.14749626421391],[136.25248837766392,36.147465211847596],[136.2523806022313,36.14668122894948],[136.25232507354917,36.14668773085252],[136.2524434250884,36.147499039893034]]]}},{"type":"Feature","properties":{"pid":"039b8c4b-ecb3-42e2-81be-84baa8aaff58"},"geometry":{"type":"Polygon","coordinates":[[[136.25212752706955,36.14575908248098],[136.25203671015447,36.14576753031587],[136.25215878993188,36.14657644553659],[136.25225185868442,36.146568912807055],[136.25212752706955,36.14575908248098]]]}},{"type":"Feature","properties":{"pid":"2d8c6d81-925b-4dfd-bbcc-8b6924ba407d"},"geometry":{"type":"Polygon","coordinates":[[[136.25192242956686,36.14577903285286],[136.25178056652157,36.14580359154781],[136.25189388107083,36.14660401087297],[136.2520396249454,36.146587734945086],[136.25192242956686,36.14577903285286]]]}},{"type":"Feature","properties":{"pid":"9d600773-3c73-481a-968d-ac22f53dbe70"},"geometry":{"type":"Polygon","coordinates":[[[136.25226097371728,36.14574516457567],[136.2523690579835,36.14655979427415],[136.25253662136768,36.14654783154442],[136.25241100309498,36.14572946509208],[136.25226097371728,36.14574516457567]]]}},{"type":"Feature","properties":{"pid":"eb3a912d-31c4-4f4f-a005-bc5f59b87962"},"geometry":{"type":"Polygon","coordinates":[[[136.25346473377476,36.14563027935233],[136.2533366491657,36.14563997329692],[136.25345834123547,36.146459607716515],[136.25359390386146,36.146446965902214],[136.25346473377476,36.14563027935233]]]}},{"type":"Feature","properties":{"pid":"a4497b42-cdc8-4104-bfe4-c88307185150"},"geometry":{"type":"Polygon","coordinates":[[[136.25360508465425,36.14561423450937],[136.2535907542986,36.14562911289173],[136.25371444949718,36.14643390303882],[136.2546285420649,36.14634449395241],[136.25451134391704,36.14552643994262],[136.25360508465425,36.14561423450937]]]}},{"type":"Feature","properties":{"pid":"50fa5950-e1a6-4e6d-9c1e-89c5e944dd47"},"geometry":{"type":"Polygon","coordinates":[[[136.25319535829072,36.146613970337455],[136.2529947531922,36.1466337369267],[136.25311380084017,36.14743841617888],[136.253283437997,36.147421789871515],[136.25330781295708,36.147392104470335],[136.25319535829072,36.146613970337455]]]}},{"type":"Feature","properties":{"pid":"6ad35054-c5f8-4831-b851-1d36fda978c7"},"geometry":{"type":"Polygon","coordinates":[[[136.25401004005573,36.14653337038607],[136.25376929797122,36.146555922408055],[136.25389157301194,36.147351110750776],[136.25410537102442,36.147328407219845],[136.25411687279507,36.14731539557199],[136.25401004005573,36.14653337038607]]]}},{"type":"Feature","properties":{"pid":"320e3e24-2ae0-4135-ba68-f3b1f5c5ca26"},"geometry":{"type":"Polygon","coordinates":[[[136.25570503998884,36.146795768683006],[136.25534755074247,36.146915682490835],[136.25534642687936,36.14721499531507],[136.2557555897917,36.147173212813],[136.25570503998884,36.146795768683006]]]}},{"type":"Feature","properties":{"pid":"acb82b6b-734e-4994-8388-0faeac803232"},"geometry":{"type":"Polygon","coordinates":[[[136.25645229772996,36.145354436683185],[136.25656802677406,36.146157027451395],[136.25668601385692,36.146145373591985],[136.25656281064022,36.14533340544559],[136.25645229772996,36.145354436683185]]]}},{"type":"Feature","properties":{"pid":"42a9627a-2a9c-47cf-b561-eb6b6dba4635"},"geometry":{"type":"Polygon","coordinates":[[[136.25633638162958,36.14535546337365],[136.256234830985,36.14537182770734],[136.2563556779595,36.14617363002557],[136.2564542304737,36.14616476107492],[136.25633638162958,36.14535546337365]]]}},{"type":"Feature","properties":{"pid":"9aae463d-e329-4247-84a5-92cbf751673a"},"geometry":{"type":"Polygon","coordinates":[[[136.2561187634396,36.14538259671389],[136.2560141616599,36.1453867886699],[136.256138114128,36.14619255313718],[136.25624110871163,36.14618348182988],[136.2561187634396,36.14538259671389]]]}},{"type":"Feature","properties":{"pid":"287110d3-258e-4934-be19-b221b9c87f74"},"geometry":{"type":"Polygon","coordinates":[[[136.25573138113057,36.14541385678796],[136.25583150519773,36.146058955596594],[136.25600076432113,36.146047831285046],[136.25589880097806,36.145397751548835],[136.25573138113057,36.14541385678796]]]}},{"type":"Feature","properties":{"pid":"5bb82842-9d89-4509-89c7-a443077a69f7"},"geometry":{"type":"Polygon","coordinates":[[[136.25493843007104,36.145484904562586],[136.2546281634654,36.145516105500086],[136.254748936981,36.14633165689856],[136.25506898793952,36.14629820074682],[136.25493843007104,36.145484904562586]]]}},{"type":"Feature","properties":{"pid":"447a99a3-859c-4b35-ab96-88c9913e9116"},"geometry":{"type":"Polygon","coordinates":[[[136.25507754854047,36.14547063871719],[136.25506339759306,36.14548533132137],[136.25518462837076,36.14628774846593],[136.25562493924355,36.14624136347559],[136.25550198894555,36.145433193356965],[136.25507754854047,36.14547063871719]]]}},{"type":"Feature","properties":{"pid":"3c6ee385-2a1b-4668-80a7-e0435c9a7b97"},"geometry":{"type":"Polygon","coordinates":[[[136.25438234577294,36.1453767336763],[136.25448117336668,36.14536665075244],[136.254358632297,36.14456335788117],[136.25425902181436,36.14457352263421],[136.25438234577294,36.1453767336763]]]}},{"type":"Feature","properties":{"pid":"f64fedf9-2e41-406d-a02d-804e0e6baf7a"},"geometry":{"type":"Polygon","coordinates":[[[136.2545985552787,36.145356608537845],[136.25548046210366,36.14527437424126],[136.25536552510192,36.144466357046625],[136.25447420355593,36.14455238630644],[136.2545985552787,36.145356608537845]]]}},{"type":"Feature","properties":{"pid":"8328aa43-02ec-46a8-a096-28f8b5ddb1e7"},"geometry":{"type":"Polygon","coordinates":[[[136.2564069011575,36.14436007480766],[136.25652409132903,36.14517476655262],[136.25654014449233,36.14517313565622],[136.2564173383569,36.144358934044256],[136.2564069011575,36.14436007480766]]]}},{"type":"Feature","properties":{"pid":"4fd84bd5-ceae-451c-bab6-c2bb356ac224"},"geometry":{"type":"Polygon","coordinates":[[[136.2561575738525,36.14438578782385],[136.2562790689723,36.14519820818049],[136.25638915829276,36.14518566242405],[136.25640454289896,36.14516873768308],[136.25629287093798,36.144372333675065],[136.2561575738525,36.14438578782385]]]}},{"type":"Feature","properties":{"pid":"9cc10100-3111-46b0-8a8c-010c3c6768ba"},"geometry":{"type":"Polygon","coordinates":[[[136.2560445793695,36.144397074694865],[136.25600365671642,36.14440137728466],[136.2561240186732,36.14520438864021],[136.25616625559658,36.145211034199335],[136.2560445793695,36.144397074694865]]]}},{"type":"Feature","properties":{"pid":"6bb7dc4a-2f2f-491e-9f2b-057630066146"},"geometry":{"type":"Polygon","coordinates":[[[136.25573723860543,36.145250655905855],[136.2560108131391,36.145226007488496],[136.25588888477176,36.14441322983159],[136.25559160860234,36.14444386786811],[136.2557103924139,36.145234658222925],[136.25573723860543,36.145250655905855]]]}},{"type":"Feature","properties":{"pid":"376f584e-dd41-46b0-bb44-b3b2c99aa1b4"},"geometry":{"type":"Polygon","coordinates":[[[136.25596692750005,36.14345098887212],[136.25608073058868,36.14426400202911],[136.25639802231703,36.14422979501224],[136.25627968843946,36.14342164532209],[136.25596692750005,36.14345098887212]]]}},{"type":"Feature","properties":{"pid":"2c363d5c-280e-430a-bd8d-45ee3ed6d52d"},"geometry":{"type":"Polygon","coordinates":[[[136.25573559937482,36.143475233225935],[136.25583208383154,36.14410929064734],[136.2559411306662,36.144099697960094],[136.2558475718321,36.14346491416223],[136.25573559937482,36.143475233225935]]]}},{"type":"Feature","properties":{"pid":"5bf46387-2371-459e-8c5e-f9d669f95851"},"geometry":{"type":"Polygon","coordinates":[[[136.25547229341046,36.14349915383237],[136.25545298391646,36.14352154528946],[136.2555715404713,36.14431431619118],[136.2557435029811,36.14429741862203],[136.25562195156567,36.14348381311225],[136.25547229341046,36.14349915383237]]]}},{"type":"Feature","properties":{"pid":"91a9b9a6-b258-4ed1-9421-f4fd8631ace1"},"geometry":{"type":"Polygon","coordinates":[[[136.25518610747187,36.14352794494525],[136.2551593972965,36.14355267335249],[136.25527721099618,36.144342191483226],[136.25534670367813,36.14433542079249],[136.25522443773264,36.14352398056475],[136.25518610747187,36.14352794494525]]]}},{"type":"Feature","properties":{"pid":"e2109732-8c5a-420e-825b-9ac78d06ab86"},"geometry":{"type":"Polygon","coordinates":[[[136.25434025032456,36.14360866436677],[136.25446444984772,36.14442730473455],[136.25516241134585,36.14435426472868],[136.25504214326378,36.14354155794663],[136.25434025032456,36.14360866436677]]]}},{"type":"Feature","properties":{"pid":"44152ee2-fb2a-4b63-a80c-f327b8358993"},"geometry":{"type":"Polygon","coordinates":[[[136.2539105291614,36.144481318873154],[136.25434219048776,36.144437041609905],[136.25422748604493,36.143634945902825],[136.2542068006832,36.14362191890835],[136.25379282110555,36.14366174794854],[136.2539105291614,36.144481318873154]]]}},{"type":"Feature","properties":{"pid":"bf8643eb-7e78-47b5-9b09-0978a2bded82"},"geometry":{"type":"Polygon","coordinates":[[[136.25321107951936,36.14454050052846],[136.25378856412098,36.144493212912614],[136.25366980752284,36.14368912269309],[136.2536540097673,36.14367934287032],[136.25309204317318,36.14373126102978],[136.25321107951936,36.14454050052846]]]}},{"type":"Feature","properties":{"pid":"406cbeb4-5a39-40eb-8e90-6fff4c062b6c"},"geometry":{"type":"Polygon","coordinates":[[[136.25167864913067,36.144836090185315],[136.25178434580272,36.14562507915281],[136.25238534543527,36.14556880877273],[136.25226124928963,36.14477557578704],[136.25167864913067,36.144836090185315]]]}},{"type":"Feature","properties":{"pid":"fd76b361-adb4-4696-ab01-9f283696458c"},"geometry":{"type":"Polygon","coordinates":[[[136.2526938428053,36.144588573091376],[136.25308798720766,36.14454908553338],[136.25296757783676,36.143732575845505],[136.2526365910818,36.14376527182064],[136.2525951294684,36.14408502155155],[136.2526938428053,36.144588573091376]]]}},{"type":"Feature","properties":{"pid":"673571aa-dbbd-4d0a-9e3c-0bc7554aabf1"},"geometry":{"type":"Polygon","coordinates":[[[136.25205561877266,36.143198492449365],[136.25190673585882,36.14314848462294],[136.2517328357817,36.14315118418412],[136.25178120019183,36.14347917402931],[136.25202068342384,36.14367428102191],[136.2521221089114,36.143664062975525],[136.25205561877266,36.143198492449365]]]}},{"type":"Feature","properties":{"pid":"23b11d5a-2fb8-498d-827b-8d76ef50f194"},"geometry":{"type":"Polygon","coordinates":[[[136.25283814729946,36.14359517748831],[136.25275533634812,36.142999271199855],[136.25249717278024,36.14302117709417],[136.25262107664147,36.143617853055346],[136.25283814729946,36.14359517748831]]]}},{"type":"Feature","properties":{"pid":"3cac592e-4740-483d-89c2-ce316563bbe3"},"geometry":{"type":"Polygon","coordinates":[[[136.25364439251413,36.14351475148801],[136.25401303410985,36.143479571705676],[136.25393746777377,36.14295841175231],[136.2535644935276,36.14300063313867],[136.25364439251413,36.14351475148801]]]}},{"type":"Feature","properties":{"pid":"58adb596-3285-4693-a196-989b26ffe47d"},"geometry":{"type":"Polygon","coordinates":[[[136.2541200129398,36.1429261721711],[136.2540503177927,36.14293778930399],[136.25412731376522,36.14346960661112],[136.25419478073246,36.14345079408572],[136.2541200129398,36.1429261721711]]]}},{"type":"Feature","properties":{"pid":"043a6f01-22df-42e6-a7b5-3d4f8a4a30fb"},"geometry":{"type":"Polygon","coordinates":[[[136.25344904712563,36.14300984236999],[136.25324511280445,36.143028988054205],[136.2533208327535,36.1435457764209],[136.25352292075243,36.143523616586066],[136.25344904712563,36.14300984236999]]]}},{"type":"Feature","properties":{"pid":"e1b58c61-8a79-46fd-8a1b-b4b0699e3e17"},"geometry":{"type":"Polygon","coordinates":[[[136.25312728203497,36.14303938920317],[136.25308284643836,36.143042554697956],[136.2529951022532,36.14308028230254],[136.25307027917478,36.143570927736384],[136.253201930895,36.14355717513873],[136.25312728203497,36.14303938920317]]]}},{"type":"Feature","properties":{"pid":"b1e867e3-41de-4492-800b-337909f919f1"},"geometry":{"type":"Polygon","coordinates":[[[136.25394062741236,36.14171959684506],[136.25336502431696,36.14177238795552],[136.25347549366802,36.142520858737065],[136.25405789344475,36.14246035918345],[136.2539648973307,36.141737830192824],[136.25394062741236,36.14171959684506]]]}},{"type":"Feature","properties":{"pid":"dce34f8f-1176-447c-b848-8d8df870bfe8"},"geometry":{"type":"Polygon","coordinates":[[[136.25324958819866,36.1417915889427],[136.2530279944133,36.141804472236295],[136.25314040720096,36.14252948518075],[136.2533547082026,36.14252722780688],[136.25324958819866,36.1417915889427]]]}},{"type":"Feature","properties":{"pid":"e602618c-4a28-4073-b4ab-69a43afa0aa7"},"geometry":{"type":"Polygon","coordinates":[[[136.2525988038109,36.141848052994234],[136.25270179355988,36.14253405292192],[136.2528036426719,36.14255967942011],[136.25301915852145,36.14254513291997],[136.25291207517245,36.14182108253796],[136.2525988038109,36.141848052994234]]]}},{"type":"Feature","properties":{"pid":"86a018f9-19d0-4876-82f2-934434ba4cfc"},"geometry":{"type":"Polygon","coordinates":[[[136.2523556880272,36.141868928771316],[136.25223224378553,36.141882357114554],[136.25220251916915,36.14192340083227],[136.25240268016387,36.142649961772555],[136.2524848747618,36.14265169691228],[136.25237462252701,36.141891855805824],[136.2523556880272,36.141868928771316]]]}},{"type":"Feature","properties":{"pid":"a589554b-6f06-42bc-ab15-50bda7188ecf"},"geometry":{"type":"Polygon","coordinates":[[[136.25173185344832,36.14191664354376],[136.25172799003596,36.14202206137494],[136.25183005560467,36.14269532644339],[136.25193032645794,36.1426846851593],[136.25173185344832,36.14191664354376]]]}},{"type":"Feature","properties":{"pid":"76bd5602-6b0a-4d81-a84c-4fe112ba82b1"},"geometry":{"type":"Polygon","coordinates":[[[136.25293605399375,36.14165566082939],[136.25281487084325,36.140845166972106],[136.25249594829066,36.140881714734554],[136.2526028264691,36.141688342647335],[136.25293605399375,36.14165566082939]]]}},{"type":"Feature","properties":{"pid":"d4eac6c3-a92a-401f-82ca-628e58a32ed8"},"geometry":{"type":"Polygon","coordinates":[[[136.25210607108798,36.14162796605342],[136.25222585333145,36.14172239562974],[136.25248275632651,36.14169977511748],[136.25237468442054,36.140894098357144],[136.2519501283966,36.140934588232476],[136.25199654711744,36.14125694824642],[136.25210607108798,36.14162796605342]]]}},{"type":"Feature","properties":{"pid":"d2034dd6-7897-44ee-bcb6-6bf730c82430"},"geometry":{"type":"Polygon","coordinates":[[[136.25379675142258,36.14158241115537],[136.25399205363166,36.14156328052073],[136.2538710761706,36.14073934206731],[136.2536565345743,36.140760577195],[136.25378145220822,36.141569830827095],[136.25379675142258,36.14158241115537]]]}},{"type":"Feature","properties":{"pid":"90afe72f-4d7b-4019-8659-45788d83bf73"},"geometry":{"type":"MultiPolygon","coordinates":[[[[136.25331866299135,36.14080463591126],[136.25332543862788,36.14079418302159],[136.25332723790842,36.14079170999147],[136.25331688560692,36.14079266041028],[136.25331866299135,36.14080463591126]]],[[[136.25341924212455,36.140783263275196],[136.2535011627941,36.14081916944937],[136.25352177486994,36.140853898277655],[136.2534492423743,36.14096579719524],[136.25340759127033,36.140972759268074],[136.2533396412615,36.140945981105304],[136.2534382550598,36.14161040325489],[136.25363842268507,36.1415919342592],[136.25366063710908,36.14156934089426],[136.2535423665352,36.140771959365246],[136.25341924212455,36.140783263275196]]]]}},{"type":"Feature","properties":{"pid":"19d8907b-5a6c-4d47-a6f5-074ef1fdd9ce"},"geometry":{"type":"Polygon","coordinates":[[[136.25312893037247,36.14164037606192],[136.25331856168899,36.14162260393289],[136.2532023621786,36.14080581002809],[136.25299458818787,36.14083038111999],[136.25311419601385,36.14162902294499],[136.25312893037247,36.14164037606192]]]}},{"type":"Feature","properties":{"pid":"884c35ed-2cc3-4143-85ed-21cf359f5cb2"},"geometry":{"type":"Polygon","coordinates":[[[136.25468256460022,36.142400133998116],[136.2545658283177,36.14166088416221],[136.25448734541666,36.14166894742623],[136.2545962897892,36.14240837951181],[136.25468256460022,36.142400133998116]]]}},{"type":"Feature","properties":{"pid":"d18ffb56-8853-41b4-a472-8437a821f404"},"geometry":{"type":"Polygon","coordinates":[[[136.25505281927738,36.14238252752482],[136.25493573061135,36.14162409147306],[136.2546844533927,36.14164809666393],[136.25480401278583,36.142402180673436],[136.25505281927738,36.14238252752482]]]}},{"type":"Feature","properties":{"pid":"3c6e3ece-56b6-4845-bf4f-723ef2086c4a"},"geometry":{"type":"Polygon","coordinates":[[[136.25410563732805,36.141543371975246],[136.25446736341001,36.14151433929398],[136.2543446643496,36.14069469532345],[136.25398978507755,36.14072896374974],[136.25410563732805,36.141543371975246]]]}},{"type":"Feature","properties":{"pid":"6cee6c9f-df43-40ca-8ffc-9afe168ba97c"},"geometry":{"type":"Polygon","coordinates":[[[136.2544648021158,36.14068271091992],[136.2545872789542,36.14150532777224],[136.25490175001949,36.14147679856662],[136.2549203220578,36.14145898877567],[136.25480047554322,36.14064978159957],[136.2544648021158,36.14068271091992]]]}},{"type":"Feature","properties":{"pid":"2b462701-e25c-40f4-8816-5365d72e160f"},"geometry":{"type":"Polygon","coordinates":[[[136.25510308470052,36.14144234318632],[136.25534737754452,36.141428490698345],[136.25522555688,36.140605007232494],[136.2549853141105,36.140627433220736],[136.25510308470052,36.14144234318632]]]}},{"type":"Feature","properties":{"pid":"54e7a989-daa7-4bab-a6d1-29490c123876"},"geometry":{"type":"Polygon","coordinates":[[[136.25546478121257,36.14140691070226],[136.25564113093031,36.14139545486222],[136.2555140866965,36.140582479869074],[136.25534539322277,36.140595559375775],[136.25546478121257,36.14140691070226]]]}},{"type":"Feature","properties":{"pid":"6ae16b92-4e5d-4f8f-8345-ba758d0c5a13"},"geometry":{"type":"Polygon","coordinates":[[[136.25585296248835,36.140546370862594],[136.2556345314126,36.14056976057082],[136.25575536354916,36.141384396879886],[136.2559752281338,36.14136453730694],[136.25595991760355,36.14124978055854],[136.25590364725252,36.141183450516806],[136.25590798667588,36.14115692051097],[136.2559383271139,36.141129805802095],[136.25585296248835,36.140546370862594]]]}},{"type":"Feature","properties":{"pid":"58a14247-7e50-47b6-ae70-d6c654201132"},"geometry":{"type":"Polygon","coordinates":[[[136.25605295081434,36.14106023866785],[136.2561034703646,36.141036612145435],[136.25614920162542,36.14104531334087],[136.25628325296958,36.1412060965354],[136.2562674843704,36.14124302020957],[136.25609303960712,36.14133869708224],[136.25609515540046,36.14135172923432],[136.2566361639212,36.14130110239675],[136.25651360346345,36.140479888594086],[136.25597662754143,36.140535569611245],[136.25605295081434,36.14106023866785]]]}},{"type":"Feature","properties":{"pid":"69dad0b2-222a-4811-a19d-86104fe35e4a"},"geometry":{"type":"Polygon","coordinates":[[[136.25586592616017,36.142313897665076],[136.2557491475539,36.14153934644176],[136.25512226663693,36.14160816221278],[136.25523304375693,36.142359545757245],[136.25586592616017,36.142313897665076]]]}},{"type":"Feature","properties":{"pid":"1fb1693f-10d3-4399-bdd4-5c5109f5fef0"},"geometry":{"type":"Polygon","coordinates":[[[136.2559819109531,36.14230443563428],[136.2561157897597,36.14229356163774],[136.25600127023054,36.14151505633291],[136.2558671624242,36.1415259775291],[136.2559819109531,36.14230443563428]]]}},{"type":"Feature","properties":{"pid":"1cd3b6af-b8e2-42e6-a96c-602d8aa83629"},"geometry":{"type":"Polygon","coordinates":[[[136.25644247057184,36.14226702817815],[136.25632329576177,36.1414836802146],[136.2561185223405,36.14150325047813],[136.25623056132494,36.14228424024642],[136.25644247057184,36.14226702817815]]]}},{"type":"Feature","properties":{"pid":"99fdc8b8-0110-40ff-bd28-12fded39d0cb"},"geometry":{"type":"Polygon","coordinates":[[[136.25409308868265,36.14169915583941],[136.2540832831631,36.14171638150144],[136.2541734904177,36.14244878640638],[136.25447761871382,36.142419721614395],[136.25436998055568,36.14167924432098],[136.25409308868265,36.14169915583941]]]}},{"type":"Feature","properties":{"pid":"6143199b-7cba-4200-9e77-a721554dc236"},"geometry":{"type":"Polygon","coordinates":[[[136.254853070256,36.1428569908654],[136.2547038136541,36.14287098225886],[136.25478470357635,36.143406883864536],[136.25492759751094,36.143392419829254],[136.254853070256,36.1428569908654]]]}},{"type":"Feature","properties":{"pid":"7c057901-1981-4983-b402-97bd2d72a0d0"},"geometry":{"type":"Polygon","coordinates":[[[136.25511939630326,36.14283203964106],[136.25497097293902,36.142845944855665],[136.25505166883875,36.14338831078426],[136.25520377436263,36.143362906417686],[136.25511939630326,36.14283203964106]]]}},{"type":"Feature","properties":{"pid":"52670886-ac9f-4de2-a3b1-889cf0cf651f"},"geometry":{"type":"Polygon","coordinates":[[[136.25431955061876,36.143444582777214],[136.25466174739492,36.14341672147219],[136.25458393347742,36.14288231552424],[136.25423946197526,36.142914880347114],[136.25431955061876,36.143444582777214]]]}},{"type":"Feature","properties":{"pid":"fb228d78-8945-4c93-80f7-9f2416d0da62"},"geometry":{"type":"Polygon","coordinates":[[[136.25541984682286,36.14333610905853],[136.25545837640118,36.143354593640545],[136.25600354608474,36.14330158181611],[136.25592522504095,36.14276978167351],[136.25534526524018,36.142821191517825],[136.25541984682286,36.14333610905853]]]}},{"type":"Feature","properties":{"pid":"2f4b1b75-36d3-4d28-aff1-c31e85ce8ced"},"geometry":{"type":"Polygon","coordinates":[[[136.256116537566,36.143285137159815],[136.25625801807243,36.143276062422835],[136.2561803484852,36.14274723948439],[136.25604066906223,36.142759547209494],[136.256116537566,36.143285137159815]]]}},{"type":"Feature","properties":{"pid":"3830d91e-48bc-4e4a-9af6-4cb6dd755627"},"geometry":{"type":"Polygon","coordinates":[[[136.2563230434559,36.14273467904129],[136.25630223819255,36.14273651030675],[136.25638077495083,36.143259957266096],[136.2564025890009,36.14326284598468],[136.2563230434559,36.14273467904129]]]}},{"type":"Feature","properties":{"pid":"9650f6e4-ebf6-4f76-8962-defcbcecabdd"},"geometry":{"type":"Polygon","coordinates":[[[136.25651653981814,36.1432509178185],[136.25660678188004,36.14324181044476],[136.25652941082438,36.142716513297096],[136.25643878475972,36.14272449099112],[136.25651653981814,36.1432509178185]]]}},{"type":"Feature","properties":{"pid":"897dae3c-9989-40e6-8654-21a6c7526467"},"geometry":{"type":"Polygon","coordinates":[[[136.25642293743493,36.14340823423928],[136.25640174721107,36.143433970493895],[136.25651930957355,36.14421740961872],[136.2568999889875,36.14418259407985],[136.2567793308964,36.143370143516606],[136.25642293743493,36.14340823423928]]]}},{"type":"Feature","properties":{"pid":"97806111-9368-449a-ab5d-57b423b4f499"},"geometry":{"type":"Polygon","coordinates":[[[136.25739360348186,36.14413607946797],[136.2572731939022,36.14332579844056],[136.25689390156035,36.143358532602505],[136.25701873914687,36.14417283370286],[136.25739360348186,36.14413607946797]]]}},{"type":"Feature","properties":{"pid":"70eaab5e-0b90-4cc7-ac7e-777f83b727ad"},"geometry":{"type":"Polygon","coordinates":[[[136.25672332739921,36.143228606590526],[136.2568935906447,36.14321242957684],[136.25681913951743,36.1426910086741],[136.2566441300713,36.14270641450051],[136.25672332739921,36.143228606590526]]]}},{"type":"Feature","properties":{"pid":"eecc385e-0643-46f9-9499-cf17e31c5647"},"geometry":{"type":"Polygon","coordinates":[[[136.25701024017943,36.14320266829825],[136.25724420997324,36.14317863300883],[136.25717224835813,36.14265992335916],[136.25693747836763,36.14268059135726],[136.25701024017943,36.14320266829825]]]}},{"type":"Feature","properties":{"pid":"00e74d7b-f271-4a75-bbee-062c1b752fdc"},"geometry":{"type":"Polygon","coordinates":[[[136.25750947633222,36.14412372021323],[136.25757463507716,36.144116984713094],[136.25745363276584,36.14330883090017],[136.25738876740527,36.14331518965466],[136.25750947633222,36.14412372021323]]]}},{"type":"Feature","properties":{"pid":"a0dcbccb-79b1-40d7-80f6-596e790375f3"},"geometry":{"type":"Polygon","coordinates":[[[136.25769064768272,36.14410333738042],[136.25838932398122,36.14403805614316],[136.25826601091725,36.14322924391998],[136.25756918788548,36.14329475596661],[136.25769064768272,36.14410333738042]]]}},{"type":"Feature","properties":{"pid":"1d50eabb-1496-462e-9030-8cb9fe0a7f80"},"geometry":{"type":"Polygon","coordinates":[[[136.25844089286895,36.14321359192582],[136.2585104590855,36.14369388286552],[136.25856672214573,36.14372054491686],[136.258584548299,36.14380535556607],[136.25864055794085,36.143832093975966],[136.2586681963369,36.14401212648925],[136.25899859428924,36.14397909981435],[136.2588849396839,36.14317150789378],[136.25844089286895,36.14321359192582]]]}},{"type":"Feature","properties":{"pid":"0708295e-79f7-4159-affe-b5c25031761e"},"geometry":{"type":"Polygon","coordinates":[[[136.25929596934046,36.14313173867963],[136.2589984716042,36.14316127443812],[136.25911426808983,36.143966153324406],[136.2594357587333,36.14393576653548],[136.25932341454543,36.14315510124562],[136.25929596934046,36.14313173867963]]]}},{"type":"Feature","properties":{"pid":"679e79de-e59a-467c-970f-0d8d2b2483c2"},"geometry":{"type":"Polygon","coordinates":[[[136.25843239506122,36.14259072188569],[136.25835260469782,36.14258998460676],[136.25842019825342,36.14304975670341],[136.25850117732904,36.14304248426586],[136.25843239506122,36.14259072188569]]]}},{"type":"Feature","properties":{"pid":"69cc9096-ad96-44e6-9450-1b274ce4ee7c"},"geometry":{"type":"Polygon","coordinates":[[[136.25892637012595,36.14260138863493],[136.25854950727023,36.14259180456662],[136.25861581946887,36.143035037890975],[136.25898442648042,36.142999508349284],[136.25892637012595,36.14260138863493]]]}},{"type":"Feature","properties":{"pid":"c2e4512e-c497-4bf3-99f5-96ca423269b6"},"geometry":{"type":"Polygon","coordinates":[[[136.25925057769444,36.14263997267394],[136.25904702564696,36.142623502879495],[136.25909953331316,36.14298783843119],[136.25929629377734,36.14296863825551],[136.25925057769444,36.14263997267394]]]}},{"type":"Feature","properties":{"pid":"46855cce-bafe-46a6-8afb-120f1a3873ee"},"geometry":{"type":"Polygon","coordinates":[[[136.25817048777907,36.14259397426105],[136.2572882200533,36.14265071736377],[136.2573607949115,36.14316513767769],[136.25822531500495,36.14308534070952],[136.25824346460237,36.14306842725029],[136.25817048777907,36.14259397426105]]]}},{"type":"Feature","properties":{"pid":"195ea589-adc1-498d-8dd4-e159772ef7a7"},"geometry":{"type":"Polygon","coordinates":[[[136.25646396364,36.14146913751622],[136.25644384061306,36.14149729900739],[136.2565588709722,36.142257573546026],[136.25710181152414,36.14220836340293],[136.25698715116795,36.141421591426706],[136.25646396364,36.14146913751622]]]}},{"type":"Feature","properties":{"pid":"22a526bc-632a-41ff-bdf1-f8fc574626bd"},"geometry":{"type":"Polygon","coordinates":[[[136.25810636474176,36.14212971989929],[136.2579872328642,36.14132756787069],[136.25775498489278,36.14135020846904],[136.25787036167665,36.1421414842036],[136.25810636474176,36.14212971989929]]]}},{"type":"Feature","properties":{"pid":"9d0f63c1-cf61-4f21-9b38-74065beab262"},"geometry":{"type":"Polygon","coordinates":[[[136.2572219700944,36.142197408278065],[136.2577513536265,36.14214963362227],[136.25763632582368,36.141360736546716],[136.2571023114476,36.14141037382273],[136.2572219700944,36.142197408278065]]]}},{"type":"Feature","properties":{"pid":"78ec5569-ca03-461e-b315-b232f2d69ba9"},"geometry":{"type":"Polygon","coordinates":[[[136.2567510944308,36.14129100498782],[136.25696433404153,36.14126981989717],[136.25684815424958,36.14044859042134],[136.25663298822013,36.14046962363702],[136.2567510944308,36.14129100498782]]]}},{"type":"Feature","properties":{"pid":"34e5bb5b-4532-45a3-9782-a68122fa64df"},"geometry":{"type":"Polygon","coordinates":[[[136.25696277427934,36.14043727145132],[136.25707946346455,36.14125027855572],[136.257110840547,36.14126168801249],[136.25796094039876,36.141172548238316],[136.2578454734924,36.14035624777506],[136.25696277427934,36.14043727145132]]]}},{"type":"Feature","properties":{"pid":"87e97e28-6dd9-44d5-b5f3-5eb50d8d2702"},"geometry":{"type":"Polygon","coordinates":[[[136.25819914389837,36.14114248048743],[136.25860932015988,36.14110575529845],[136.25849420980407,36.140292169447264],[136.25801916855983,36.1403374249565],[136.25810894358975,36.1409508572283],[136.25817270497566,36.14099011550703],[136.25819914389837,36.14114248048743]]]}},{"type":"Feature","properties":{"pid":"72f85f0e-2884-45de-a1a4-eff0c70b36aa"},"geometry":{"type":"Polygon","coordinates":[[[136.25875149069446,36.14109110137538],[136.25864548884135,36.14028062269414],[136.25860933748805,36.140284093279426],[136.2587262138577,36.14109375916675],[136.25875149069446,36.14109110137538]]]}},{"type":"Feature","properties":{"pid":"efa4dad6-edf6-4787-b299-9bd71a122712"},"geometry":{"type":"Polygon","coordinates":[[[136.2590728248857,36.14075657339753],[136.25909144382737,36.14105470200649],[136.2592599274937,36.14103850470587],[136.25924617448268,36.14079904689594],[136.2590728248857,36.14075657339753]]]}},{"type":"Feature","properties":{"pid":"b2d28fc7-42d2-402b-a247-3cb64343fae1"},"geometry":{"type":"Polygon","coordinates":[[[136.2587059288921,36.14125641150637],[136.25816187563782,36.14130694773045],[136.25828136810165,36.14210863770155],[136.2588216266495,36.14205985326445],[136.2587059288921,36.14125641150637]]]}},{"type":"Feature","properties":{"pid":"47728297-d123-4752-ae8a-5d16d7ff5601"},"geometry":{"type":"Polygon","coordinates":[[[136.25915770922643,36.14203254368466],[136.25904193108997,36.14122505631791],[136.25882290089245,36.141246371658376],[136.25893792933738,36.142050829233426],[136.25915770922643,36.14203254368466]]]}},{"type":"Feature","properties":{"pid":"583f4275-d903-41f9-968e-0aa77a7ca27e"},"geometry":{"type":"Polygon","coordinates":[[[136.2594922030748,36.142000873061924],[136.25937789996428,36.14119238800053],[136.25916127231477,36.14121449304002],[136.25927876970312,36.14202050269393],[136.2594922030748,36.142000873061924]]]}},{"type":"Feature","properties":{"pid":"254c7f6b-0e06-43a7-9c87-2c7deef757e0"},"geometry":{"type":"Polygon","coordinates":[[[136.26033928446134,36.14182823901335],[136.26035406731128,36.14191688924478],[136.26064658118787,36.14188953386846],[136.26064227066053,36.141796140565205],[136.26033928446134,36.14182823901335]]]}},{"type":"Feature","properties":{"pid":"f407713c-858a-4678-aad1-44dd95702237"},"geometry":{"type":"Polygon","coordinates":[[[136.26008465793845,36.141510660577495],[136.25989902647933,36.14152203611065],[136.25995934652997,36.141955620828746],[136.2601499525284,36.14193747005445],[136.26008465793845,36.141510660577495]]]}},{"type":"Feature","properties":{"pid":"bef4258e-f4e7-4ce5-9a38-750eb5a949dd"},"geometry":{"type":"Polygon","coordinates":[[[136.25977437979427,36.14150775733829],[136.2597487372341,36.14147854795699],[136.25974626558084,36.14140583606942],[136.25970240435686,36.141367480118035],[136.25967407671027,36.14128913798153],[136.25966140980228,36.1411572401845],[136.25950091942363,36.141174032511515],[136.25961543935765,36.141990153104125],[136.2598409602642,36.141967217832054],[136.25977437979427,36.14150775733829]]]}},{"type":"Feature","properties":{"pid":"02631aab-06cd-4091-871c-614a22a6f0ac"},"geometry":{"type":"Polygon","coordinates":[[[136.26071104188154,36.142856144504066],[136.2606871740129,36.14268992670013],[136.26064262363528,36.142689443083206],[136.26061395999977,36.142669814888244],[136.26059195275616,36.142561425543185],[136.26044919226715,36.142576955349256],[136.26049142138868,36.142857696522384],[136.26071104188154,36.142856144504066]]]}},{"type":"Feature","properties":{"pid":"2f447a46-23b0-4b8b-b20b-beb262c287ef"},"geometry":{"type":"Polygon","coordinates":[[[136.26063991924698,36.142345943311796],[136.2606849240742,36.14230247090354],[136.26065205749634,36.14202945231222],[136.2603698075649,36.142056106998474],[136.2604109257362,36.14233797247921],[136.26063991924698,36.142345943311796]]]}},{"type":"Feature","properties":{"pid":"5674da92-77c5-4657-97cc-712ed272465c"},"geometry":{"type":"Polygon","coordinates":[[[136.26020086948344,36.142302607497335],[136.2601669213319,36.14206732985342],[136.25984881232267,36.14209656542686],[136.25987917221875,36.14228570697851],[136.26020086948344,36.142302607497335]]]}},{"type":"Feature","properties":{"pid":"8919eabe-01fc-48c4-99a5-272839ebbf1c"},"geometry":{"type":"Polygon","coordinates":[[[136.25974266841462,36.142264465755396],[136.25972358563087,36.14210881447751],[136.2593080201076,36.14215068414938],[136.25932257903523,36.14221601113087],[136.25974266841462,36.142264465755396]]]}},{"type":"Feature","properties":{"pid":"c5357daa-8c53-46e8-9954-0e7fa8fe6856"},"geometry":{"type":"Polygon","coordinates":[[[136.2598087749955,36.14268999485638],[136.2593737072234,36.14265067990123],[136.25941634663323,36.14295745194701],[136.25984185321303,36.14291837845318],[136.2598087749955,36.14268999485638]]]}},{"type":"Feature","properties":{"pid":"fd841261-6115-48ed-aaa2-d72c478cd9fd"},"geometry":{"type":"Polygon","coordinates":[[[136.2601846452692,36.14270192403867],[136.26021026529997,36.142870208519156],[136.26028582321428,36.14286404062446],[136.2602621132962,36.142704888180276],[136.2601846452692,36.14270192403867]]]}},{"type":"Feature","properties":{"pid":"56689770-63fe-458c-8c81-8f46df3a2316"},"geometry":{"type":"Polygon","coordinates":[[[136.25953637564126,36.14381780645784],[136.25960286293116,36.14375175505916],[136.25950853376818,36.14310838573881],[136.2594351487414,36.14311583706339],[136.25953637564126,36.14381780645784]]]}},{"type":"Feature","properties":{"pid":"03e01396-4978-4611-8e63-5a6417a7a73f"},"geometry":{"type":"Polygon","coordinates":[[[136.25963416115235,36.14309580679111],[136.25971688265355,36.14373553497889],[136.2597758704518,36.14373577883116],[136.2598075021482,36.14375738693828],[136.25983027149016,36.14389733788689],[136.26043801123853,36.14383619736763],[136.26032070131427,36.14303703025122],[136.25963416115235,36.14309580679111]]]}},{"type":"Feature","properties":{"pid":"914b13df-244f-4b2e-a9a5-515eec099cfc"},"geometry":{"type":"Polygon","coordinates":[[[136.26044493129513,36.14304076865214],[136.26055867145442,36.14381999160122],[136.2607398267933,36.143801300444736],[136.2606268362879,36.1430400387237],[136.26044493129513,36.14304076865214]]]}},{"type":"Feature","properties":{"pid":"7bb4886d-896b-4a85-b0d0-18b3f522fe40"},"geometry":{"type":"Polygon","coordinates":[[[136.26084265677537,36.1441103783622],[136.26086927149933,36.14408988486307],[136.2609180232522,36.144082861552874],[136.26089842744116,36.14393157928992],[136.26057494729093,36.143961433050606],[136.26060169127751,36.14413542201751],[136.26084265677537,36.1441103783622]]]}},{"type":"Feature","properties":{"pid":"a9c47970-9b22-4fe4-bdc2-b0a69ce3fd29"},"geometry":{"type":"Polygon","coordinates":[[[136.26005475869746,36.14499976623711],[136.2601732381512,36.14580418493662],[136.26071458172916,36.145750077731705],[136.26058918152341,36.14495224872534],[136.26005475869746,36.14499976623711]]]}},{"type":"Feature","properties":{"pid":"e0213ed6-c6a1-4bc4-af15-ca64646fdade"},"geometry":{"type":"Polygon","coordinates":[[[136.2597231168195,36.145031355497956],[136.2598440543617,36.145836935418544],[136.2600592534925,36.1458152603455],[136.25994071652096,36.14501110197247],[136.2597231168195,36.145031355497956]]]}},{"type":"Feature","properties":{"pid":"18c8cd76-2aa6-4c79-b3c1-52905a17ca98"},"geometry":{"type":"Polygon","coordinates":[[[136.25959124775116,36.14504783447422],[136.25936442230653,36.1450671997487],[136.25948120325725,36.14587104496671],[136.25972910463838,36.14584830709074],[136.25961124860615,36.14506167760105],[136.25959124775116,36.14504783447422]]]}},{"type":"Feature","properties":{"pid":"62663258-fccb-43c8-bf55-22f259314a14"},"geometry":{"type":"Polygon","coordinates":[[[136.25955932559307,36.14488223930429],[136.2595830488022,36.144861361629154],[136.25946318594944,36.14406300504721],[136.25911913003767,36.14410011784385],[136.25924094895183,36.14491178760119],[136.25955932559307,36.14488223930429]]]}},{"type":"Feature","properties":{"pid":"67f5251a-cac3-4fe6-86d0-01d7cfdc774b"},"geometry":{"type":"Polygon","coordinates":[[[136.25970573791847,36.1448551367931],[136.25992345734528,36.14484529843639],[136.2598037362016,36.14403304940945],[136.25957978386077,36.14405151264535],[136.25970573791847,36.1448551367931]]]}},{"type":"Feature","properties":{"pid":"2795f49f-27a1-4550-8dae-42e15b0b553f"},"geometry":{"type":"Polygon","coordinates":[[[136.26004168543352,36.144833637772706],[136.260580105913,36.14478090753489],[136.2604599032527,36.1439720530745],[136.25991771056334,36.144023269485125],[136.26004168543352,36.144833637772706]]]}},{"type":"Feature","properties":{"pid":"736354fc-879c-4ace-bbac-6a5c4c81adb3"},"geometry":{"type":"Polygon","coordinates":[[[136.25871646310836,36.14496617101241],[136.25900879718174,36.144934655246125],[136.2588858403351,36.14412585724509],[136.258579887491,36.1441543238952],[136.25869658644754,36.14495018666105],[136.25871646310836,36.14496617101241]]]}},{"type":"Feature","properties":{"pid":"19f9ba7f-c013-4f55-9cc0-7715ddb5f887"},"geometry":{"type":"Polygon","coordinates":[[[136.25847751989636,36.14498706270177],[136.25853236984312,36.14498145961003],[136.25841016779242,36.14416601348446],[136.25833809151067,36.14417297971198],[136.2584563457705,36.14496635332567],[136.25847751989636,36.14498706270177]]]}},{"type":"Feature","properties":{"pid":"e010232e-d094-4ec2-ba29-e589b6cc6727"},"geometry":{"type":"Polygon","coordinates":[[[136.258331519982,36.144999814835344],[136.2583447751051,36.14499863168318],[136.25822269553885,36.14418403071586],[136.25820985686232,36.144185360560115],[136.258331519982,36.144999814835344]]]}},{"type":"Feature","properties":{"pid":"bd98627b-155a-448d-b157-ea700c164b85"},"geometry":{"type":"Polygon","coordinates":[[[136.25751722336904,36.145076656566104],[136.25753070938794,36.14506077391918],[136.25740926996517,36.144262217948324],[136.25732357545795,36.144269799685354],[136.25744458539756,36.14508397845228],[136.25751722336904,36.145076656566104]]]}},{"type":"Feature","properties":{"pid":"f10e6840-a8f8-467c-b515-543918a68b77"},"geometry":{"type":"Polygon","coordinates":[[[136.257652011087,36.14506579157184],[136.25776532631517,36.1450446583512],[136.257643922073,36.144240845138945],[136.25753061989732,36.14425072020574],[136.257652011087,36.14506579157184]]]}},{"type":"Feature","properties":{"pid":"a677f485-9aaf-4cb0-b111-11523c472c63"},"geometry":{"type":"Polygon","coordinates":[[[136.25667880682207,36.1451590775219],[136.25732548521057,36.14509894587111],[136.25720368428702,36.1442812321021],[136.25653903469816,36.144348787367754],[136.25665204388164,36.14513710482596],[136.25667880682207,36.1451590775219]]]}},{"type":"Feature","properties":{"pid":"bc790d30-cb2c-4cbc-a9fe-48f1813dfc40"},"geometry":{"type":"Polygon","coordinates":[[[136.2585547686457,36.145144579017675],[136.25849008032725,36.145159661718886],[136.258604444095,36.14595395487147],[136.2586716795165,36.14594686298804],[136.2585547686457,36.145144579017675]]]}},{"type":"Feature","properties":{"pid":"934f9acb-3238-4222-bc33-0f04bc0f073a"},"geometry":{"type":"Polygon","coordinates":[[[136.25872832769318,36.14512740645384],[136.2588486017328,36.14593439767658],[136.25912478985543,36.14590694315958],[136.25900760008088,36.145101991937395],[136.25872832769318,36.14512740645384]]]}},{"type":"Feature","properties":{"pid":"c246e999-232b-4c80-9c6e-6244f82f0779"},"geometry":{"type":"Polygon","coordinates":[[[136.25916726493426,36.14508587723559],[136.25913407483995,36.14511530720981],[136.25925150932443,36.14589388785773],[136.2593668603284,36.1458825950114],[136.25925058895893,36.145078133809506],[136.25916726493426,36.14508587723559]]]}},{"type":"Feature","properties":{"pid":"58cba6b5-fc17-47ef-bfe7-ba3b05c2aa87"},"geometry":{"type":"Polygon","coordinates":[[[136.25791136043924,36.14520008256212],[136.25803457958693,36.14600834441514],[136.25849006139842,36.14596647914204],[136.25837232555565,36.14515740675768],[136.25791136043924,36.14520008256212]]]}},{"type":"Feature","properties":{"pid":"70818538-eea1-4b5e-8afc-2cfe92770fc0"},"geometry":{"type":"Polygon","coordinates":[[[136.25779555078879,36.14521308861031],[136.2576769382272,36.14522664573492],[136.2577928157205,36.14603251839808],[136.25791883040125,36.14601989813956],[136.25779555078879,36.14521308861031]]]}},{"type":"Feature","properties":{"pid":"f2e36c12-ce1e-44e0-bb66-fb4c04e2fba7"},"geometry":{"type":"Polygon","coordinates":[[[136.257120662714,36.14609879449764],[136.2576759859102,36.14604345957085],[136.25754624024836,36.14523845809246],[136.25732296663958,36.14525900998388],[136.25735042758356,36.145424747035385],[136.25732207565045,36.14546565172149],[136.2570337558221,36.1454957269942],[136.257120662714,36.14609879449764]]]}},{"type":"Feature","properties":{"pid":"6cf6089a-080f-40f3-99d1-705755efa7c0"},"geometry":{"type":"Polygon","coordinates":[[[136.25690144825194,36.145300351215354],[136.25676693500304,36.14532082050835],[136.25688522343074,36.14612185799122],[136.2570052405108,36.146109045161005],[136.25691085389582,36.145458030757645],[136.25690144825194,36.145300351215354]]]}},{"type":"Feature","properties":{"pid":"f5fc32db-7f11-443b-889a-6fe822b8025c"},"geometry":{"type":"Polygon","coordinates":[[[136.25749718523102,36.14619710503884],[136.2576137086221,36.14696864582573],[136.2576416813135,36.14699465648846],[136.2578168698002,36.14698119801804],[136.25769418099307,36.146176937076596],[136.25749718523102,36.14619710503884]]]}},{"type":"Feature","properties":{"pid":"c4f2eb06-a8a9-414b-b555-e90f0b5be11f"},"geometry":{"type":"Polygon","coordinates":[[[136.2573832765051,36.14621233438386],[136.25716710062235,36.14623011858888],[136.25728573422697,36.147025897587504],[136.25748145921435,36.147007458738514],[136.25750015421676,36.146978059494664],[136.2573832765051,36.14621233438386]]]}},{"type":"Feature","properties":{"pid":"afcc15c7-2af2-4552-9903-96387eb97f64"},"geometry":{"type":"Polygon","coordinates":[[[136.2570537504571,36.14623915228195],[136.2570394905353,36.1462403766916],[136.25715660302671,36.1470213873912],[136.25717130821448,36.14703366698878],[136.2570537504571,36.14623915228195]]]}},{"type":"Feature","properties":{"pid":"598b9b4d-fbd9-4e43-a8f4-b116456d9bb9"},"geometry":{"type":"Polygon","coordinates":[[[136.25680935958954,36.14707331752446],[136.2568214981423,36.14707202717026],[136.25670822628638,36.14627211114108],[136.25668770340758,36.146274210114676],[136.25680935958954,36.14707331752446]]]}},{"type":"Feature","properties":{"pid":"2c3e496f-1828-4079-ab3d-4f1952ff3539"},"geometry":{"type":"Polygon","coordinates":[[[136.25694258720372,36.14706193985343],[136.2570366044262,36.147042641648575],[136.25692152411244,36.14625252824113],[136.256827157331,36.146261450574684],[136.25694258720372,36.14706193985343]]]}},{"type":"Feature","properties":{"pid":"93c18186-0d8b-4e37-a4d8-44e312d8a3b4"},"geometry":{"type":"Polygon","coordinates":[[[136.25794639393683,36.14696661280104],[136.25880811989995,36.14688547133633],[136.25868711397618,36.146080732233436],[136.2578172535847,36.1461673768719],[136.25794639393683,36.14696661280104]]]}},{"type":"Feature","properties":{"pid":"8945d602-e73c-490d-b3be-eb49ecf2188f"},"geometry":{"type":"Polygon","coordinates":[[[136.2601980061468,36.14593137990361],[136.26018708875648,36.145932427417016],[136.26029760452363,36.14670778212866],[136.2603101161986,36.14671070397345],[136.2601980061468,36.14593137990361]]]}},{"type":"Feature","properties":{"pid":"60b2d492-52f0-4baa-9927-3d40b09a50f8"},"geometry":{"type":"Polygon","coordinates":[[[136.2603916127294,36.14591358853359],[136.26031134499465,36.145921168408435],[136.26042769309862,36.14672865485331],[136.26047493565724,36.14672495897847],[136.26050120689277,36.146688652060334],[136.2603916127294,36.14591358853359]]]}},{"type":"Feature","properties":{"pid":"fff5e211-98c2-4f8d-a861-3795ef4e3484"},"geometry":{"type":"Polygon","coordinates":[[[136.26061776245197,36.146675983606414],[136.26067456027505,36.146703451351755],[136.2605577855855,36.145897418981846],[136.26050521644538,36.1459025115634],[136.26061776245197,36.146675983606414]]]}},{"type":"Feature","properties":{"pid":"3a56f540-c6b0-4328-bc73-0333a23bf99c"},"geometry":{"type":"Polygon","coordinates":[[[136.2607904918671,36.14669308507469],[136.26085774971355,36.14668645591455],[136.2607444392721,36.145879100247754],[136.26067542110437,36.14588506769911],[136.2607904918671,36.14669308507469]]]}},{"type":"Feature","properties":{"pid":"81011fc2-0d18-4536-adc9-b7f0ad044844"},"geometry":{"type":"Polygon","coordinates":[[[136.26115094115372,36.146635080338],[136.26120415563167,36.14661656563251],[136.26109587226568,36.14584619257736],[136.26103804626302,36.14585260802047],[136.26115094115372,36.146635080338]]]}},{"type":"Feature","properties":{"pid":"2384bc25-7d79-4b36-983d-d0bbc9d4b073"},"geometry":{"type":"Polygon","coordinates":[[[136.26097693450018,36.146675964746926],[136.2610339938582,36.14667063690564],[136.26092293679886,36.14586161197897],[136.26086170684633,36.14586732155021],[136.26097693450018,36.146675964746926]]]}},{"type":"Feature","properties":{"pid":"4277baad-8084-4759-a282-dfd4021db02f"},"geometry":{"type":"Polygon","coordinates":[[[136.26132507737984,36.14663759014511],[136.2613575222924,36.14663461175922],[136.26139798976686,36.14660334200368],[136.26129109522662,36.145824607771715],[136.2612086297131,36.145833871960455],[136.26132507737984,36.14663759014511]]]}},{"type":"Feature","properties":{"pid":"c90e21e7-90ba-42a0-ba2f-64a32247ad6a"},"geometry":{"type":"Polygon","coordinates":[[[136.26159594054337,36.146836363825116],[136.26069640250287,36.14692469909788],[136.26080875283165,36.147726588908974],[136.26171552897648,36.14763911827118],[136.26159594054337,36.146836363825116]]]}},{"type":"Feature","properties":{"pid":"81cfefd2-1b26-4369-a9e8-e1768c1f870e"},"geometry":{"type":"Polygon","coordinates":[[[136.261710539007,36.146826144151554],[136.26179713621036,36.147372185598876],[136.26189063718132,36.147359611339304],[136.26180918225037,36.14681535099562],[136.261710539007,36.146826144151554]]]}},{"type":"Feature","properties":{"pid":"865e2adf-0dc1-4144-a23c-24c9dc4a2cd7"},"geometry":{"type":"Polygon","coordinates":[[[136.2624464520287,36.1467729881027],[136.2625494274138,36.14755853649656],[136.26305182538636,36.14751383674897],[136.26294318058694,36.1467637988276],[136.26274438167542,36.146766300338726],[136.26269554492555,36.14679018228187],[136.2626200634197,36.14676976269821],[136.2624464520287,36.1467729881027]]]}},{"type":"Feature","properties":{"pid":"8aae8091-939a-4b23-992f-e331a758c097"},"geometry":{"type":"Polygon","coordinates":[[[136.2632860981831,36.146759253601275],[136.26327269202395,36.14677252373986],[136.26337613566136,36.14747965625655],[136.26350159482743,36.14746713157286],[136.2633919207909,36.146759444240175],[136.2632860981831,36.146759253601275]]]}},{"type":"Feature","properties":{"pid":"86aed173-0ea7-41a7-9bdf-36af140122e8"},"geometry":{"type":"Polygon","coordinates":[[[136.26356849519576,36.14676089090564],[136.26351039071727,36.14676023808035],[136.26362436264833,36.14745481041868],[136.26366338520398,36.14748751229987],[136.26372312366132,36.14782159707034],[136.26374242123805,36.14781936726481],[136.26358495858813,36.146776244585695],[136.26356849519576,36.14676089090564]]]}},{"type":"Feature","properties":{"pid":"23bdd718-4113-4163-994d-4c69f016147f"},"geometry":{"type":"Polygon","coordinates":[[[136.26370100184513,36.14676299556114],[136.26385606470265,36.14780293104857],[136.26399147735262,36.14778092832897],[136.26383729788841,36.14676110708286],[136.26370100184513,36.14676299556114]]]}},{"type":"Feature","properties":{"pid":"e7e3ac69-158b-4f19-bb31-ed53582fec5e"},"geometry":{"type":"Polygon","coordinates":[[[136.26376599145684,36.146089764831686],[136.26390440677793,36.14607634803708],[136.26382610870664,36.14558211111912],[136.26369963200494,36.14559280853987],[136.26376599145684,36.146089764831686]]]}},{"type":"Feature","properties":{"pid":"f9ffbf31-1efd-4ba2-a8c1-5a8edc66d3ae"},"geometry":{"type":"Polygon","coordinates":[[[136.2623845054013,36.14572159276914],[136.2625066956785,36.14655329898584],[136.26289418782463,36.146546742082315],[136.26290789026203,36.14653096491137],[136.26277978112716,36.14568126636612],[136.2623845054013,36.14572159276914]]]}},{"type":"Feature","properties":{"pid":"b469b094-e87f-42e0-ad59-11e47bd1c25c"},"geometry":{"type":"Polygon","coordinates":[[[136.26182103346562,36.14517387614695],[136.26188864562485,36.14563286687053],[136.2621987618984,36.14560343693368],[136.26213306440147,36.145145018621804],[136.26182103346562,36.14517387614695]]]}},{"type":"Feature","properties":{"pid":"4b7e258a-e1a3-4fce-9fc4-4cd61ac4f79e"},"geometry":{"type":"Polygon","coordinates":[[[136.26230366552457,36.14478087498651],[136.26242094322583,36.14558193579111],[136.2624951951794,36.14557459027914],[136.26237593827855,36.14477444800202],[136.26230366552457,36.14478087498651]]]}},{"type":"Feature","properties":{"pid":"b1d62495-2d30-454d-83b8-e1c851b145bd"},"geometry":{"type":"Polygon","coordinates":[[[136.2624902705143,36.1447640581005],[136.26260812494448,36.14556348266301],[136.26276198084238,36.14554887419105],[136.2626436224944,36.14474907259705],[136.2624902705143,36.1447640581005]]]}},{"type":"Feature","properties":{"pid":"00100bd7-a52f-49c8-a611-53e2bfa0d14d"},"geometry":{"type":"Polygon","coordinates":[[[136.2628907151546,36.144722759706085],[136.26279631742315,36.14473086571447],[136.26291334691112,36.145532673832456],[136.26301155970629,36.14552361325852],[136.2628907151546,36.144722759706085]]]}},{"type":"Feature","properties":{"pid":"de9619d6-4973-4382-ab84-f191346f0e7e"},"geometry":{"type":"Polygon","coordinates":[[[136.26217330541675,36.14380773149339],[136.26210401267008,36.143814514060395],[136.26222603638047,36.14462866297192],[136.26227630236696,36.144623723540214],[136.26228929430647,36.14460916502742],[136.26217330541675,36.14380773149339]]]}},{"type":"Feature","properties":{"pid":"04de185d-2a3d-4016-aea0-a98bef7f7d12"},"geometry":{"type":"Polygon","coordinates":[[[136.2622863000069,36.14379761865792],[136.2624036326925,36.14459273076168],[136.26242492340802,36.144608312202514],[136.2626191101845,36.144588427489744],[136.26250401023182,36.14377876637762],[136.2622863000069,36.14379761865792]]]}},{"type":"Feature","properties":{"pid":"523a95bf-c390-4acf-830d-258ab383e01a"},"geometry":{"type":"Polygon","coordinates":[[[136.2629150259147,36.14373487201436],[136.2626549664382,36.143760295116266],[136.2627705653493,36.144578868393275],[136.2630150302509,36.14455445790537],[136.26303469326044,36.14453391899496],[136.2629150259147,36.14373487201436]]]}},{"type":"Feature","properties":{"pid":"e075a9cb-b804-49de-9ce5-796ba0f06b67"},"geometry":{"type":"Polygon","coordinates":[[[136.26381981545984,36.14421366913402],[136.2638493260787,36.144201144319716],[136.2637493991174,36.14400810404656],[136.26371360261027,36.144024839320934],[136.26381981545984,36.14421366913402]]]}},{"type":"Feature","properties":{"pid":"de24967c-c11b-45ac-94b3-b35a180a5d36"},"geometry":{"type":"Polygon","coordinates":[[[136.26367373399063,36.144434636663355],[136.26374234072196,36.14460372467314],[136.2640396995424,36.1444836001366],[136.26395183674416,36.14431575845627],[136.26367373399063,36.144434636663355]]]}},{"type":"Feature","properties":{"pid":"022c7f2c-94ac-4be6-b1da-96f073968d92"},"geometry":{"type":"Polygon","coordinates":[[[136.2639271152768,36.144636552200765],[136.26394316166946,36.14466903523334],[136.26409089145574,36.144603845755206],[136.26408572292294,36.14457103392335],[136.2639271152768,36.144636552200765]]]}},{"type":"Feature","properties":{"pid":"b6ddde60-a977-4fee-a50e-2eb9d9ca00a2"},"geometry":{"type":"Polygon","coordinates":[[[136.26415083938977,36.14516686172869],[136.26418121998947,36.14516201103747],[136.26417297341905,36.145107984159154],[136.264074037567,36.14482106218451],[136.2640286061425,36.1448271526059],[136.26415083938977,36.14516686172869]]]}},{"type":"Feature","properties":{"pid":"4712d604-ff60-4d85-bf26-67b9bf00243a"},"geometry":{"type":"Polygon","coordinates":[[[136.2639635860709,36.14519654874247],[136.26402777511393,36.14518528629972],[136.2639028665559,36.144842497796574],[136.26384566269732,36.14485081571427],[136.2639635860709,36.14519654874247]]]}},{"type":"Feature","properties":{"pid":"db78ce97-a773-4c5f-9bbf-ec3e8f42f800"},"geometry":{"type":"Polygon","coordinates":[[[136.26327770418885,36.14468448505327],[136.26300964988303,36.14471685160996],[136.26312644894367,36.14551184802489],[136.26339471311556,36.145485461678234],[136.26327770418885,36.14468448505327]]]}},{"type":"Feature","properties":{"pid":"76f8a5b5-1520-4ceb-80be-b6334d0955af"},"geometry":{"type":"Polygon","coordinates":[[[136.26339166015893,36.14467436701333],[136.26350855418477,36.145474549438404],[136.2637862333189,36.1454469725319],[136.26379740089013,36.14542947241529],[136.2635478418166,36.144660180492785],[136.26339166015893,36.14467436701333]]]}},{"type":"Feature","properties":{"pid":"fc6d2a42-1bc9-4c79-945d-01ee690faaa0"},"geometry":{"type":"Polygon","coordinates":[[[136.2640714341043,36.14560536489054],[136.26425841297882,36.14558108665955],[136.26424481238794,36.14551465800619],[136.26405870597446,36.14553907049058],[136.2640714341043,36.14560536489054]]]}},{"type":"Feature","properties":{"pid":"d02e3b48-43cc-403b-b84c-cd1d263d2774"},"geometry":{"type":"Polygon","coordinates":[[[136.2651497210568,36.14557810615638],[136.2652062787406,36.14557165095029],[136.26516593302014,36.145343829874335],[136.2651266629484,36.145346465477544],[136.2651497210568,36.14557810615638]]]}},{"type":"Feature","properties":{"pid":"093d35aa-1d21-444a-aeaa-8472db2b6261"},"geometry":{"type":"Polygon","coordinates":[[[136.26650101539343,36.14424388561856],[136.2669834762165,36.14415593773308],[136.26696251951196,36.144021095101174],[136.26693606514064,36.144011374420394],[136.26645478765136,36.14411408897035],[136.26650101539343,36.14424388561856]]]}},{"type":"Feature","properties":{"pid":"9db74c26-8072-4ab5-8439-e7b3894c4e95"},"geometry":{"type":"Polygon","coordinates":[[[136.26647362672404,36.14564955635169],[136.2664565967242,36.14554808551276],[136.26640618448684,36.14555268704858],[136.26642212754734,36.14565470506293],[136.26647362672404,36.14564955635169]]]}},{"type":"Feature","properties":{"pid":"fe13bc60-fe21-47d0-b78b-10fa7d0a30f9"},"geometry":{"type":"Polygon","coordinates":[[[136.2704120699049,36.14489689291765],[136.27082438520551,36.14494231527383],[136.2708252413204,36.14489893067345],[136.2704359352448,36.14486035492494],[136.2704120699049,36.14489689291765]]]}},{"type":"Feature","properties":{"pid":"5569d80f-9ecb-442d-9d24-cef0efce7bf4"},"geometry":{"type":"Polygon","coordinates":[[[136.2709425832345,36.14495536785367],[136.27113543705295,36.1449721265765],[136.27113648243943,36.14491820429846],[136.2709433175414,36.14490359426488],[136.2709425832345,36.14495536785367]]]}},{"type":"Feature","properties":{"pid":"e52665d2-ea49-40db-9df0-5a09760d22c4"},"geometry":{"type":"Polygon","coordinates":[[[136.2707174616053,36.144781819219695],[136.27114178623137,36.14481956560765],[136.27114617369554,36.144793531025044],[136.27071882810688,36.14475646637652],[136.2707174616053,36.144781819219695]]]}},{"type":"Feature","properties":{"pid":"9eb83901-c1ec-4d44-8723-c84679f4a595"},"geometry":{"type":"Polygon","coordinates":[[[136.2676995417624,36.14537112065856],[136.26771050362706,36.145441903487],[136.26792432078173,36.14540881969098],[136.2679061761376,36.14534176267353],[136.2676995417624,36.14537112065856]]]}},{"type":"Feature","properties":{"pid":"68a19a1c-aa6d-43d9-8474-fdae92914f70"},"geometry":{"type":"Polygon","coordinates":[[[136.26798634395254,36.144683271754445],[136.26804110173617,36.14467316953211],[136.26801446908186,36.14456421966009],[136.26792632704786,36.14458204231752],[136.26793622470026,36.14463425071053],[136.26798634395254,36.144683271754445]]]}},{"type":"Feature","properties":{"pid":"15da08f7-16ae-4100-88a2-ca4dfd2a354b"},"geometry":{"type":"Polygon","coordinates":[[[136.27177246363055,36.14330017901186],[136.27199775712384,36.14329621964475],[136.2720230058365,36.14322102682515],[136.2717474844071,36.1432200898584],[136.27177246363055,36.14330017901186]]]}},{"type":"Feature","properties":{"pid":"299ddc3b-e60e-4067-9f69-583c2153d1a3"},"geometry":{"type":"Polygon","coordinates":[[[136.27172390937105,36.1431131930106],[136.27204735956894,36.14311431952378],[136.27207082795647,36.143021406449165],[136.27169997628988,36.14302224877038],[136.27172390937105,36.1431131930106]]]}},{"type":"Feature","properties":{"pid":"db455f34-c050-4ded-85f6-b02f9d27b2fb"},"geometry":{"type":"Polygon","coordinates":[[[136.2711149545676,36.14257575557715],[136.27157935879288,36.14254945713617],[136.27111446158506,36.14255977184547],[136.2711149545676,36.14257575557715]]]}},{"type":"Feature","properties":{"pid":"a2d36e49-dad6-40f9-97f7-8664c8b214e2"},"geometry":{"type":"Polygon","coordinates":[[[136.27169481560657,36.14291338485472],[136.27208025629213,36.14291429682388],[136.2720766349703,36.14288573139154],[136.27170078894042,36.142886584236216],[136.27169481560657,36.14291338485472]]]}},{"type":"Feature","properties":{"pid":"6fb0b671-a84c-4f6b-abe1-23de9daec3b4"},"geometry":{"type":"Polygon","coordinates":[[[136.26962469640654,36.14136357409139],[136.27003526142616,36.141353586845014],[136.27007818201483,36.14129255135373],[136.26989270533264,36.141281611646434],[136.2698568083539,36.14126335224685],[136.26983796818735,36.14102725179982],[136.26954155365976,36.141092845918735],[136.26962469640654,36.14136357409139]]]}},{"type":"Feature","properties":{"pid":"61a033b0-07b5-40f7-b267-39b6ccc04e48"},"geometry":{"type":"Polygon","coordinates":[[[136.27056592932396,36.14071923457896],[136.27050913903733,36.140722072869266],[136.2705116376982,36.14084359261277],[136.27075825626028,36.14093313521908],[136.27079360400725,36.14082879137637],[136.2706186359069,36.14077006026844],[136.27056592932396,36.14071923457896]]]}},{"type":"Feature","properties":{"pid":"d814cdfc-8925-4258-b5e1-838cc7690205"},"geometry":{"type":"Polygon","coordinates":[[[136.26938174413678,36.1411275506851],[136.26945032446474,36.1413675948867],[136.26950107235126,36.14136744832791],[136.2694245782611,36.14111740947261],[136.26938174413678,36.1411275506851]]]}},{"type":"Feature","properties":{"pid":"dea0a696-5b36-4579-8b34-0c7d9025d622"},"geometry":{"type":"Polygon","coordinates":[[[136.268980327268,36.141187907649915],[136.26899511188932,36.14137121616626],[136.26910407343237,36.14136638321703],[136.2690515096417,36.14117832699399],[136.268980327268,36.141187907649915]]]}},{"type":"Feature","properties":{"pid":"bf71ea05-8dd7-466b-8edd-0cb6372db272"},"geometry":{"type":"Polygon","coordinates":[[[136.26876355408936,36.142039502180424],[136.26897120578178,36.14203666402427],[136.26900957661263,36.14200958165627],[136.269187672932,36.142002742982235],[136.2691818408113,36.14187281432144],[136.26875490471735,36.14188574354388],[136.26876355408936,36.142039502180424]]]}},{"type":"Feature","properties":{"pid":"0fb3fcdd-db34-493d-b5fc-f1f0941419f3"},"geometry":{"type":"Polygon","coordinates":[[[136.26881345424516,36.141015630542306],[136.268844716038,36.14137887536031],[136.26887447945833,36.141377499902454],[136.2688531875621,36.1411598886254],[136.26881345424516,36.141015630542306]]]}},{"type":"Feature","properties":{"pid":"7767dcc9-c697-415e-93b5-815e13d72cc7"},"geometry":{"type":"Polygon","coordinates":[[[136.26846237036742,36.141022404803515],[136.26849647983622,36.14138830107452],[136.2686240160876,36.14137922729085],[136.26864320586313,36.14135071151701],[136.26871880197152,36.14131538887793],[136.26869559843254,36.14101402597878],[136.26846237036742,36.141022404803515]]]}},{"type":"Feature","properties":{"pid":"9635f7a8-9af4-452b-b9ff-1da8b541c0bc"},"geometry":{"type":"Polygon","coordinates":[[[136.26824797834539,36.14135585548659],[136.268278601685,36.14133641512982],[136.26837010327233,36.141327623135574],[136.26834237078813,36.14102583663873],[136.26806692028973,36.14103736979509],[136.26809761942692,36.141359351018245],[136.26824797834539,36.14135585548659]]]}},{"type":"Feature","properties":{"pid":"e3e190aa-b562-476e-b999-870212bc0d54"},"geometry":{"type":"Polygon","coordinates":[[[136.26772727087885,36.14019546458641],[136.26783752410236,36.14090646784534],[136.26810266811813,36.1408974678811],[136.2679941003951,36.14016987989738],[136.26772727087885,36.14019546458641]]]}},{"type":"Feature","properties":{"pid":"59442048-707c-4031-aff9-769f30f02517"},"geometry":{"type":"Polygon","coordinates":[[[136.2674554364341,36.14021540849061],[136.26756436753274,36.14091705605985],[136.26771796001222,36.14091114427531],[136.2676047067331,36.14020252878008],[136.2674554364341,36.14021540849061]]]}},{"type":"Feature","properties":{"pid":"8ead9761-b196-4a2a-8399-59acf3dbecd6"},"geometry":{"type":"Polygon","coordinates":[[[136.2672118790905,36.14023917381165],[136.26731742511674,36.14092458924248],[136.26744437041808,36.14092083630761],[136.26733079610912,36.14022766291804],[136.2672118790905,36.14023917381165]]]}},{"type":"Feature","properties":{"pid":"de375892-32fe-40bb-b0d8-0d18b350f9f4"},"geometry":{"type":"Polygon","coordinates":[[[136.26707356124027,36.14025480572478],[136.2671815560386,36.14093035931146],[136.26719675536762,36.1409295196468],[136.26709408004072,36.14025244898974],[136.26707356124027,36.14025480572478]]]}},{"type":"Feature","properties":{"pid":"c4ef21c2-d8eb-4a49-95d5-244ceeb021e5"},"geometry":{"type":"Polygon","coordinates":[[[136.2667489706137,36.14028937993918],[136.2668484099653,36.140958103491585],[136.26706124240343,36.14093920242572],[136.26695866397858,36.14026695594613],[136.2667489706137,36.14028937993918]]]}},{"type":"Feature","properties":{"pid":"3d89ae22-f7a6-4233-948d-1b6c79b36eb8"},"geometry":{"type":"Polygon","coordinates":[[[136.26668488107606,36.14067418298711],[136.26651398120774,36.14068910910053],[136.2665629322589,36.14098618634919],[136.26672920394122,36.140969398463405],[136.26668488107606,36.14067418298711]]]}},{"type":"Feature","properties":{"pid":"717d74c2-149e-4d00-81b9-0df55748b46b"},"geometry":{"type":"Polygon","coordinates":[[[136.26508513763335,36.141328917074354],[136.26504882285386,36.14133546811113],[136.26532199100774,36.14152223028979],[136.26533971965128,36.14151209992311],[136.26508513763335,36.141328917074354]]]}},{"type":"Feature","properties":{"pid":"a3ad88e1-912e-409a-9442-bc228e044e78"},"geometry":{"type":"Polygon","coordinates":[[[136.2652075937388,36.141291986765516],[136.26540931279308,36.14143757883355],[136.26545734423303,36.141380440734956],[136.26542159818018,36.14127787051585],[136.2652075937388,36.141291986765516]]]}},{"type":"Feature","properties":{"pid":"557a37a7-2dfb-462d-8380-8b0fa906df34"},"geometry":{"type":"Polygon","coordinates":[[[136.26623035753016,36.1415198342574],[136.26658310714805,36.14150850468939],[136.2665770779267,36.14139675358398],[136.2662260484495,36.14141465669896],[136.26623035753016,36.1415198342574]]]}},{"type":"Feature","properties":{"pid":"229d86d2-31d1-451b-9ea3-f93a9c36c2d1"},"geometry":{"type":"Polygon","coordinates":[[[136.26621214431725,36.14120840238069],[136.2662199737754,36.141313272843036],[136.2665696505451,36.141297017149455],[136.26655917214185,36.141182443905464],[136.26621214431725,36.14120840238069]]]}},{"type":"Feature","properties":{"pid":"e24f03a1-7086-4e98-bc73-16540dd3fe9e"},"geometry":{"type":"Polygon","coordinates":[[[136.2667416507666,36.14118925881429],[136.2667438404775,36.1412411273512],[136.2670896154438,36.14122098396112],[136.2670856057788,36.1411623076944],[136.2667416507666,36.14118925881429]]]}},{"type":"Feature","properties":{"pid":"e92e5ca1-b65e-4c25-91c6-38cf64c5a0f4"},"geometry":{"type":"Polygon","coordinates":[[[136.2671098503742,36.141433300706545],[136.26710816068066,36.141417398572685],[136.26675445308447,36.14143782038596],[136.26675513016906,36.14145120632049],[136.2671098503742,36.141433300706545]]]}},{"type":"Feature","properties":{"pid":"4697112f-e42f-4580-b938-454dca0a07e3"},"geometry":{"type":"Polygon","coordinates":[[[136.26682239175588,36.142131044997015],[136.26698661888278,36.142126207887905],[136.26697933785218,36.14199795605501],[136.26691550068665,36.14199623866116],[136.26688568969573,36.141978908831625],[136.266871596633,36.14186417582063],[136.2668061413804,36.14186769368071],[136.26682239175588,36.142131044997015]]]}},{"type":"Feature","properties":{"pid":"87f9da50-f941-4eb3-9e3e-47611a52929c"},"geometry":{"type":"Polygon","coordinates":[[[136.2659420314671,36.14330198738913],[136.26625831031737,36.14326462288059],[136.26618649737222,36.14290603745179],[136.26615940567854,36.142890375445866],[136.26577872889138,36.142914097655805],[136.26579093728546,36.14308843795268],[136.2659420314671,36.14330198738913]]]}},{"type":"Feature","properties":{"pid":"1c6f59a3-1c2f-47c8-8fb1-612b0a77d398"},"geometry":{"type":"Polygon","coordinates":[[[136.26463358088242,36.143347745754696],[136.26492236639208,36.14325431759002],[136.26487127525684,36.1431037260714],[136.2645400737338,36.143207190332845],[136.26463358088242,36.143347745754696]]]}},{"type":"Feature","properties":{"pid":"8d69796b-5b14-45ac-913b-689ea284a7a3"},"geometry":{"type":"Polygon","coordinates":[[[136.26446607483373,36.143122381993564],[136.26490123510104,36.14298844911777],[136.2649185543039,36.142964100315325],[136.26489793116855,36.1428579335098],[136.26438760695174,36.14294754226233],[136.26439910202782,36.14301284779732],[136.26446607483373,36.143122381993564]]]}},{"type":"Feature","properties":{"pid":"e44897a4-5c8c-4c83-ae63-e105033a1065"},"geometry":{"type":"Polygon","coordinates":[[[136.26523049852767,36.14260981271671],[136.26555656211008,36.14259271461599],[136.26554327052943,36.14244626332053],[136.2652202261224,36.14245934056447],[136.26523049852767,36.14260981271671]]]}},{"type":"Feature","properties":{"pid":"11c05c92-591c-4b1c-b9f6-cefb385697ad"},"geometry":{"type":"Polygon","coordinates":[[[136.2651182922586,36.14193144111445],[136.26513124669995,36.142227265246184],[136.26519226647935,36.14222511175248],[136.2651692095441,36.14193033679069],[136.2651182922586,36.14193144111445]]]}},{"type":"Feature","properties":{"pid":"1d5ed9d7-b084-4a64-9a80-eccc491cfe1f"},"geometry":{"type":"Polygon","coordinates":[[[136.26455140514332,36.14226207033912],[136.26486932404953,36.14224964574007],[136.26485829204705,36.142056015811],[136.2646406879364,36.142165173511636],[136.26454807627513,36.1421370334977],[136.26455140514332,36.14226207033912]]]}},{"type":"Feature","properties":{"pid":"c7111280-ebe1-4e1d-9533-1396569dcce6"},"geometry":{"type":"Polygon","coordinates":[[[136.26365300678088,36.143904243752985],[136.2637165949905,36.143876089143596],[136.26338175420423,36.143326957314265],[136.26365300678088,36.143904243752985]]]}},{"type":"Feature","properties":{"pid":"b63d6028-b332-4416-990b-2e2df7fd2d6a"},"geometry":{"type":"Polygon","coordinates":[[[136.26349059763444,36.14397487562035],[136.26354174065526,36.14395630472188],[136.2632649877714,36.14337381127448],[136.26322193503432,36.14339035989408],[136.26349059763444,36.14397487562035]]]}},{"type":"Feature","properties":{"pid":"eb75d017-cad2-4603-a9b4-bd5b21cbc27d"},"geometry":{"type":"Polygon","coordinates":[[[136.26269969585428,36.14290472435756],[136.262805024703,36.14361139188201],[136.26286942181287,36.14360605182392],[136.26276956047874,36.142899373328774],[136.26269969585428,36.14290472435756]]]}},{"type":"Feature","properties":{"pid":"2da49244-6457-4bfb-bc77-aa1ec213275b"},"geometry":{"type":"Polygon","coordinates":[[[136.26261731425325,36.14313195559052],[136.26256332547592,36.143140345503085],[136.26263446134243,36.143627909813446],[136.26268931912392,36.14362268439417],[136.26261731425325,36.14313195559052]]]}},{"type":"Feature","properties":{"pid":"1559fc73-c966-46c6-9874-84211f87497b"},"geometry":{"type":"Polygon","coordinates":[[[136.26291004881173,36.14308765581084],[136.26298457974266,36.14359621852731],[136.2631369028902,36.143582594172834],[136.26304861025392,36.14339238838248],[136.26293695538976,36.14308549042292],[136.26291004881173,36.14308765581084]]]}},{"type":"Feature","properties":{"pid":"4fd1ddf5-e9aa-44e5-865c-9421ff4421cd"},"geometry":{"type":"Polygon","coordinates":[[[136.26153866915888,36.14326147300527],[136.2616106776818,36.143729985767145],[136.26219961915612,36.14367245140429],[136.26209635210054,36.14295764237563],[136.26169976768492,36.142991938198755],[136.26172236389286,36.14322527148702],[136.26168438419387,36.14324859868095],[136.26153866915888,36.14326147300527]]]}},{"type":"Feature","properties":{"pid":"e261cabd-32ed-43ba-b2ca-5673111b4475"},"geometry":{"type":"Polygon","coordinates":[[[136.26231606373787,36.14366073974391],[136.26248645573608,36.14364344882021],[136.2623852634515,36.14293390922119],[136.26221184452956,36.14294896028142],[136.26231606373787,36.14366073974391]]]}},{"type":"Feature","properties":{"pid":"f6d2c721-7209-40c4-9ca4-714f763c9ad9"},"geometry":{"type":"Polygon","coordinates":[[[136.26219941262514,36.142654083028624],[136.26242744612307,36.142650844050635],[136.26241599050473,36.14257454921235],[136.2621846230461,36.14257641537542],[136.26219941262514,36.142654083028624]]]}},{"type":"Feature","properties":{"pid":"52ed82cb-be3d-40f4-b7ce-fc41cb82d304"},"geometry":{"type":"Polygon","coordinates":[[[136.2633453795842,36.141001083260775],[136.26343000964292,36.14098902693452],[136.2633771731154,36.14063935217364],[136.26329987823212,36.14064853390598],[136.2633453795842,36.141001083260775]]]}},{"type":"Feature","properties":{"pid":"570ac3a7-d2ae-496e-bc6e-2316f1691146"},"geometry":{"type":"Polygon","coordinates":[[[136.26405547107836,36.14082515461752],[136.2641071601013,36.14117192724484],[136.26415377304292,36.14119484724693],[136.26433796919233,36.141182371803524],[136.26428351425776,36.14080226092373],[136.26405547107836,36.14082515461752]]]}},{"type":"Feature","properties":{"pid":"ba410529-490e-45ba-8253-5ce495612ade"},"geometry":{"type":"Polygon","coordinates":[[[136.26404160876857,36.1407304985837],[136.26426869636245,36.14070680787179],[136.26425452553585,36.14062033949667],[136.26423417190566,36.14060657906971],[136.26402770052132,36.14062760051673],[136.26404160876857,36.1407304985837]]]}},{"type":"Feature","properties":{"pid":"4201b52c-0bb1-4542-a81c-7552100e8d71"},"geometry":{"type":"Polygon","coordinates":[[[136.26318618392872,36.141233189577875],[136.26311456619172,36.140666930479874],[136.26288101914724,36.14068529269231],[136.2629507962137,36.14125270331498],[136.26318618392872,36.141233189577875]]]}}]}