system:index,area_m2,count,crop,date,full,mean,name,valid_frac,.geo
20250119T014001_20250119T014003_T53SPA_0,3020,28,コシヒカリ 原種,2025-01-19,28,0.5546844433291274,A1,1.0,"{""type"":""MultiPoint"",""coordinates"":[]}"
20250119T014001_20250119T014003_T53SPA_1,2950,28,はねうまもち 系統・原原原種・原原種,2025-01-19,21,0.3398460000183274,A2,1.3333333333333333,"{""type"":""MultiPoint"",""coordinates"":[]}"
20250119T014001_20250119T014003_T53SPA_2,1740,14,県大3号・はねうまもち 系統・原原原種・原原種,2025-01-19,7,0.21963299546732784,A3,2.0,"{""type"":""MultiPoint"",""coordinates"":[]}"
20250119T014001_20250119T014003_T53SPA_3,1440,18,"カグラモチ 原原種・原種（A4-1+A4-2, 幅19m）",2025-01-19,14,0.38036159035899975,A4,1.2857142857142858,"{""type"":""MultiPoint"",""coordinates"":[]}"
20250119T014001_20250119T014003_T53SPA_4,2189,26,"越南315号・系統・イクヒカリ（A5-1〜3, 幅28m）",2025-01-19,14,0.31331997452376237,A5,1.8571428571428572,"{""type"":""MultiPoint"",""coordinates"":[]}"
20250119T014001_20250119T014003_T53SPA_5,3830,40,コシヒカリ 原種,2025-01-19,27,0.3907947930822197,B1,1.4814814814814814,"{""type"":""MultiPoint"",""coordinates"":[]}"
20250119T014001_20250119T014003_T53SPA_6,4120,50,コシヒカリ 原原種・原種,2025-01-19,36,0.3101635240580285,B2,1.3888888888888888,"{""type"":""MultiPoint"",""coordinates"":[]}"
20250119T014001_20250119T014003_T53SPA_7,3000,29,コシヒカリ 原種,2025-01-19,27,0.3806447464751337,B3,1.0740740740740742,"{""type"":""MultiPoint"",""coordinates"":[]}"
20250119T014001_20250119T014003_T53SPA_8,2420,17,ファイバースノウ 系統・原原原種・原原種,2025-01-19,12,0.6352871000625286,B4,1.4166666666666667,"{""type"":""MultiPoint"",""coordinates"":[]}"
20250119T014001_20250119T014003_T53SPA_9,4040,32,あきさかり 原種,2025-01-19,35,0.5178695088646882,C1,0.9142857142857143,"{""type"":""MultiPoint"",""coordinates"":[]}"
20250119T014001_20250119T014003_T53SPA_10,3960,32,ハナエチゼン 原種,2025-01-19,28,0.22919930143033224,C2,1.1428571428571428,"{""type"":""MultiPoint"",""coordinates"":[]}"
20250119T014001_20250119T014003_T53SPA_11,1810,20,休耕,2025-01-19,15,0.47172169409932596,C3,1.3333333333333333,"{""type"":""MultiPoint"",""coordinates"":[]}"
20250119T014001_20250119T014003_T53SPA_12,1870,16,越南315号 原種,2025-01-19,12,0.3025978262413564,C4,1.3333333333333333,"{""type"":""MultiPoint"",""coordinates"":[]}"
20250119T014001_20250119T014003_T53SPA_13,3610,42,キヌヒカリ 原原種・原種,2025-01-19,30,0.4177859889690498,C5,1.4,"{""type"":""MultiPoint"",""coordinates"":[]}"
20250119T014001_20250119T014003_T53SPA_14,1090,15,休耕,2025-01-19,6,0.4301586938815685,C6,2.5,"{""type"":""MultiPoint"",""coordinates"":[]}"
20250119T014001_20250119T014003_T53SPA_15,3560,36,いちほまれ 原種,2025-01-19,30,0.28561251428648116,D1,1.2,"{""type"":""MultiPoint"",""coordinates"":[]}"
20250119T014001_20250119T014003_T53SPA_16,1080,12,休耕,2025-01-19,6,0.37916218791676753,D2,2.0,"{""type"":""MultiPoint"",""coordinates"":[]}"
20250119T014001_20250119T014003_T53SPV_0,3020,28,コシヒカリ 原種,2025-01-19,28,0.5582977020160914,A1,1.0,"{""type"":""MultiPoint"",""coordinates"":[]}"
20250119T014001_20250119T014003_T53SPV_1,2950,28,はねうまもち 系統・原原原種・原原種,2025-01-19,21,0.3414848814040717,A2,1.3333333333333333,"{""type"":""MultiPoint"",""coordinates"":[]}"
20250119T014001_20250119T014003_T53SPV_2,1740,14,県大3号・はねうまもち 系統・原原原種・原原種,2025-01-19,7,0.21948481208295523,A3,2.0,"{""type"":""MultiPoint"",""coordinates"":[]}"
20250119T014001_20250119T014003_T53SPV_3,1440,18,"カグラモチ 原原種・原種（A4-1+A4-2, 幅19m）",2025-01-19,14,0.3816977420906189,A4,1.2857142857142858,"{""type"":""MultiPoint"",""coordinates"":[]}"
20250119T014001_20250119T014003_T53SPV_4,2189,26,"越南315号・系統・イクヒカリ（A5-1〜3, 幅28m）",2025-01-19,14,0.31451094824024617,A5,1.8571428571428572,"{""type"":""MultiPoint"",""coordinates"":[]}"
20250119T014001_20250119T014003_T53SPV_5,3830,40,コシヒカリ 原種,2025-01-19,27,0.3937667555697527,B1,1.4814814814814814,"{""type"":""MultiPoint"",""coordinates"":[]}"
20250119T014001_20250119T014003_T53SPV_6,4120,50,コシヒカリ 原原種・原種,2025-01-19,36,0.31141406927109316,B2,1.3888888888888888,"{""type"":""MultiPoint"",""coordinates"":[]}"
20250119T014001_20250119T014003_T53SPV_7,3000,29,コシヒカリ 原種,2025-01-19,27,0.3827758462830823,B3,1.0740740740740742,"{""type"":""MultiPoint"",""coordinates"":[]}"
20250119T014001_20250119T014003_T53SPV_8,2420,17,ファイバースノウ 系統・原原原種・原原種,2025-01-19,12,0.6391526237213536,B4,1.4166666666666667,"{""type"":""MultiPoint"",""coordinates"":[]}"
20250119T014001_20250119T014003_T53SPV_9,4040,32,あきさかり 原種,2025-01-19,35,0.5205467782755467,C1,0.9142857142857143,"{""type"":""MultiPoint"",""coordinates"":[]}"
20250119T014001_20250119T014003_T53SPV_10,3960,32,ハナエチゼン 原種,2025-01-19,28,0.2285430459082516,C2,1.1428571428571428,"{""type"":""MultiPoint"",""coordinates"":[]}"
20250119T014001_20250119T014003_T53SPV_11,1810,20,休耕,2025-01-19,15,0.47488751448083777,C3,1.3333333333333333,"{""type"":""MultiPoint"",""coordinates"":[]}"
20250119T014001_20250119T014003_T53SPV_12,1870,16,越南315号 原種,2025-01-19,12,0.3025943373747215,C4,1.3333333333333333,"{""type"":""MultiPoint"",""coordinates"":[]}"
20250119T014001_20250119T014003_T53SPV_13,3610,42,キヌヒカリ 原原種・原種,2025-01-19,30,0.4204054457965626,C5,1.4,"{""type"":""MultiPoint"",""coordinates"":[]}"
20250119T014001_20250119T014003_T53SPV_14,1090,15,休耕,2025-01-19,6,0.43346676046703503,C6,2.5,"{""type"":""MultiPoint"",""coordinates"":[]}"
20250119T014001_20250119T014003_T53SPV_15,3560,36,いちほまれ 原種,2025-01-19,30,0.28556192717068785,D1,1.2,"{""type"":""MultiPoint"",""coordinates"":[]}"
20250119T014001_20250119T014003_T53SPV_16,1080,12,休耕,2025-01-19,6,0.3818208719391663,D2,2.0,"{""type"":""MultiPoint"",""coordinates"":[]}"
20250124T013849_20250124T013847_T53SPA_2,1740,8,県大3号・はねうまもち 系統・原原原種・原原種,2025-01-24,7,0.23989229404796092,A3,1.1428571428571428,"{""type"":""MultiPoint"",""coordinates"":[]}"
20250124T013849_20250124T013847_T53SPA_3,1440,18,"カグラモチ 原原種・原種（A4-1+A4-2, 幅19m）",2025-01-24,14,0.3452963505707883,A4,1.2857142857142858,"{""type"":""MultiPoint"",""coordinates"":[]}"
20250124T013849_20250124T013847_T53SPA_4,2189,26,"越南315号・系統・イクヒカリ（A5-1〜3, 幅28m）",2025-01-24,14,0.28855757230565265,A5,1.8571428571428572,"{""type"":""MultiPoint"",""coordinates"":[]}"
20250124T013849_20250124T013847_T53SPA_6,4120,38,コシヒカリ 原原種・原種,2025-01-24,36,0.2935580110483244,B2,1.0555555555555556,"{""type"":""MultiPoint"",""coordinates"":[]}"
20250124T013849_20250124T013847_T53SPA_7,3000,29,コシヒカリ 原種,2025-01-24,27,0.3529084386408801,B3,1.0740740740740742,"{""type"":""MultiPoint"",""coordinates"":[]}"
20250124T013849_20250124T013847_T53SPA_8,2420,17,ファイバースノウ 系統・原原原種・原原種,2025-01-24,12,0.5843545749600119,B4,1.4166666666666667,"{""type"":""MultiPoint"",""coordinates"":[]}"
20250124T013849_20250124T013847_T53SPA_11,1810,12,休耕,2025-01-24,15,0.4474030097115024,C3,0.8,"{""type"":""MultiPoint"",""coordinates"":[]}"
20250124T013849_20250124T013847_T53SPA_12,1870,16,越南315号 原種,2025-01-24,12,0.3035216461468921,C4,1.3333333333333333,"{""type"":""MultiPoint"",""coordinates"":[]}"
20250124T013849_20250124T013847_T53SPA_13,3610,42,キヌヒカリ 原原種・原種,2025-01-24,30,0.3763541899712351,C5,1.4,"{""type"":""MultiPoint"",""coordinates"":[]}"
20250124T013849_20250124T013847_T53SPA_14,1090,15,休耕,2025-01-24,6,0.4100525504617666,C6,2.5,"{""type"":""MultiPoint"",""coordinates"":[]}"
20250124T013849_20250124T013847_T53SPA_15,3560,36,いちほまれ 原種,2025-01-24,30,0.2828672810482858,D1,1.2,"{""type"":""MultiPoint"",""coordinates"":[]}"
20250124T013849_20250124T013847_T53SPA_16,1080,12,休耕,2025-01-24,6,0.3715154683866126,D2,2.0,"{""type"":""MultiPoint"",""coordinates"":[]}"
20250124T013849_20250124T013847_T53SPV_2,1740,8,県大3号・はねうまもち 系統・原原原種・原原種,2025-01-24,7,0.23526063193982777,A3,1.1428571428571428,"{""type"":""MultiPoint"",""coordinates"":[]}"
20250124T013849_20250124T013847_T53SPV_3,1440,18,"カグラモチ 原原種・原種（A4-1+A4-2, 幅19m）",2025-01-24,14,0.33728795208450624,A4,1.2857142857142858,"{""type"":""MultiPoint"",""coordinates"":[]}"
20250124T013849_20250124T013847_T53SPV_4,2189,26,"越南315号・系統・イクヒカリ（A5-1〜3, 幅28m）",2025-01-24,14,0.27877899673300893,A5,1.8571428571428572,"{""type"":""MultiPoint"",""coordinates"":[]}"
20250124T013849_20250124T013847_T53SPV_6,4120,38,コシヒカリ 原原種・原種,2025-01-24,36,0.2832228501744479,B2,1.0555555555555556,"{""type"":""MultiPoint"",""coordinates"":[]}"
20250124T013849_20250124T013847_T53SPV_7,3000,29,コシヒカリ 原種,2025-01-24,27,0.3403452601788224,B3,1.0740740740740742,"{""type"":""MultiPoint"",""coordinates"":[]}"
20250124T013849_20250124T013847_T53SPV_8,2420,17,ファイバースノウ 系統・原原原種・原原種,2025-01-24,12,0.5744860704235633,B4,1.4166666666666667,"{""type"":""MultiPoint"",""coordinates"":[]}"
20250124T013849_20250124T013847_T53SPV_11,1810,12,休耕,2025-01-24,15,0.4377612503271122,C3,0.8,"{""type"":""MultiPoint"",""coordinates"":[]}"
20250124T013849_20250124T013847_T53SPV_12,1870,16,越南315号 原種,2025-01-24,12,0.296194333478898,C4,1.3333333333333333,"{""type"":""MultiPoint"",""coordinates"":[]}"
20250124T013849_20250124T013847_T53SPV_13,3610,42,キヌヒカリ 原原種・原種,2025-01-24,30,0.3661588293513827,C5,1.4,"{""type"":""MultiPoint"",""coordinates"":[]}"
20250124T013849_20250124T013847_T53SPV_14,1090,15,休耕,2025-01-24,6,0.39898401806029954,C6,2.5,"{""type"":""MultiPoint"",""coordinates"":[]}"
20250124T013849_20250124T013847_T53SPV_15,3560,36,いちほまれ 原種,2025-01-24,30,0.2772685197718547,D1,1.2,"{""type"":""MultiPoint"",""coordinates"":[]}"
20250124T013849_20250124T013847_T53SPV_16,1080,12,休耕,2025-01-24,6,0.3606833633294492,D2,2.0,"{""type"":""MultiPoint"",""coordinates"":[]}"
20250310T013711_20250310T013718_T53SPA_0,3020,28,コシヒカリ 原種,2025-03-10,28,0.4962893224079767,A1,1.0,"{""type"":""MultiPoint"",""coordinates"":[]}"
20250310T013711_20250310T013718_T53SPA_1,2950,28,はねうまもち 系統・原原原種・原原種,2025-03-10,21,0.3294208395490113,A2,1.3333333333333333,"{""type"":""MultiPoint"",""coordinates"":[]}"
20250310T013711_20250310T013718_T53SPA_2,1740,14,県大3号・はねうまもち 系統・原原原種・原原種,2025-03-10,7,0.19744586012110713,A3,2.0,"{""type"":""MultiPoint"",""coordinates"":[]}"
20250310T013711_20250310T013718_T53SPA_3,1440,18,"カグラモチ 原原種・原種（A4-1+A4-2, 幅19m）",2025-03-10,14,0.33238706409545443,A4,1.2857142857142858,"{""type"":""MultiPoint"",""coordinates"":[]}"
20250310T013711_20250310T013718_T53SPA_4,2189,26,"越南315号・系統・イクヒカリ（A5-1〜3, 幅28m）",2025-03-10,14,0.2628376518461802,A5,1.8571428571428572,"{""type"":""MultiPoint"",""coordinates"":[]}"
20250310T013711_20250310T013718_T53SPA_5,3830,40,コシヒカリ 原種,2025-03-10,27,0.37625972382733375,B1,1.4814814814814814,"{""type"":""MultiPoint"",""coordinates"":[]}"
20250310T013711_20250310T013718_T53SPA_6,4120,50,コシヒカリ 原原種・原種,2025-03-10,36,0.31897639653007004,B2,1.3888888888888888,"{""type"":""MultiPoint"",""coordinates"":[]}"
20250310T013711_20250310T013718_T53SPA_7,3000,29,コシヒカリ 原種,2025-03-10,27,0.426973726969117,B3,1.0740740740740742,"{""type"":""MultiPoint"",""coordinates"":[]}"
20250310T013711_20250310T013718_T53SPA_8,2420,17,ファイバースノウ 系統・原原原種・原原種,2025-03-10,12,0.5066946605553945,B4,1.4166666666666667,"{""type"":""MultiPoint"",""coordinates"":[]}"
20250310T013711_20250310T013718_T53SPA_9,4040,32,あきさかり 原種,2025-03-10,35,0.4134610119766073,C1,0.9142857142857143,"{""type"":""MultiPoint"",""coordinates"":[]}"
20250310T013711_20250310T013718_T53SPA_10,3960,32,ハナエチゼン 原種,2025-03-10,28,0.18900518707552327,C2,1.1428571428571428,"{""type"":""MultiPoint"",""coordinates"":[]}"
20250310T013711_20250310T013718_T53SPA_11,1810,20,休耕,2025-03-10,15,0.44817050310408557,C3,1.3333333333333333,"{""type"":""MultiPoint"",""coordinates"":[]}"
20250310T013711_20250310T013718_T53SPA_12,1870,16,越南315号 原種,2025-03-10,12,0.2560767623148248,C4,1.3333333333333333,"{""type"":""MultiPoint"",""coordinates"":[]}"
20250310T013711_20250310T013718_T53SPA_13,3610,42,キヌヒカリ 原原種・原種,2025-03-10,30,0.41802851266459184,C5,1.4,"{""type"":""MultiPoint"",""coordinates"":[]}"
20250310T013711_20250310T013718_T53SPA_14,1090,15,休耕,2025-03-10,6,0.3605729755987119,C6,2.5,"{""type"":""MultiPoint"",""coordinates"":[]}"
20250310T013711_20250310T013718_T53SPA_15,3560,36,いちほまれ 原種,2025-03-10,30,0.25088821439343967,D1,1.2,"{""type"":""MultiPoint"",""coordinates"":[]}"
20250310T013711_20250310T013718_T53SPA_16,1080,12,休耕,2025-03-10,6,0.29855587053612836,D2,2.0,"{""type"":""MultiPoint"",""coordinates"":[]}"
20250310T013711_20250310T013718_T53SPV_0,3020,28,コシヒカリ 原種,2025-03-10,28,0.4801145124337857,A1,1.0,"{""type"":""MultiPoint"",""coordinates"":[]}"
20250310T013711_20250310T013718_T53SPV_1,2950,28,はねうまもち 系統・原原原種・原原種,2025-03-10,21,0.32043710838333006,A2,1.3333333333333333,"{""type"":""MultiPoint"",""coordinates"":[]}"
20250310T013711_20250310T013718_T53SPV_2,1740,14,県大3号・はねうまもち 系統・原原原種・原原種,2025-03-10,7,0.2022382355336347,A3,2.0,"{""type"":""MultiPoint"",""coordinates"":[]}"
20250310T013711_20250310T013718_T53SPV_3,1440,18,"カグラモチ 原原種・原種（A4-1+A4-2, 幅19m）",2025-03-10,14,0.32733164675588344,A4,1.2857142857142858,"{""type"":""MultiPoint"",""coordinates"":[]}"
20250310T013711_20250310T013718_T53SPV_4,2189,26,"越南315号・系統・イクヒカリ（A5-1〜3, 幅28m）",2025-03-10,14,0.25978489430075974,A5,1.8571428571428572,"{""type"":""MultiPoint"",""coordinates"":[]}"
20250310T013711_20250310T013718_T53SPV_5,3830,40,コシヒカリ 原種,2025-03-10,27,0.3648623960947723,B1,1.4814814814814814,"{""type"":""MultiPoint"",""coordinates"":[]}"
20250310T013711_20250310T013718_T53SPV_6,4120,50,コシヒカリ 原原種・原種,2025-03-10,36,0.31140219393967966,B2,1.3888888888888888,"{""type"":""MultiPoint"",""coordinates"":[]}"
20250310T013711_20250310T013718_T53SPV_7,3000,29,コシヒカリ 原種,2025-03-10,27,0.4030986174777879,B3,1.0740740740740742,"{""type"":""MultiPoint"",""coordinates"":[]}"
20250310T013711_20250310T013718_T53SPV_8,2420,17,ファイバースノウ 系統・原原原種・原原種,2025-03-10,12,0.49192688557208686,B4,1.4166666666666667,"{""type"":""MultiPoint"",""coordinates"":[]}"
20250310T013711_20250310T013718_T53SPV_9,4040,32,あきさかり 原種,2025-03-10,35,0.40752586065820096,C1,0.9142857142857143,"{""type"":""MultiPoint"",""coordinates"":[]}"
20250310T013711_20250310T013718_T53SPV_10,3960,32,ハナエチゼン 原種,2025-03-10,28,0.19441642790759658,C2,1.1428571428571428,"{""type"":""MultiPoint"",""coordinates"":[]}"
20250310T013711_20250310T013718_T53SPV_11,1810,20,休耕,2025-03-10,15,0.4364053202377797,C3,1.3333333333333333,"{""type"":""MultiPoint"",""coordinates"":[]}"
20250310T013711_20250310T013718_T53SPV_12,1870,16,越南315号 原種,2025-03-10,12,0.2578014642825024,C4,1.3333333333333333,"{""type"":""MultiPoint"",""coordinates"":[]}"
20250310T013711_20250310T013718_T53SPV_13,3610,42,キヌヒカリ 原原種・原種,2025-03-10,30,0.4024630409583125,C5,1.4,"{""type"":""MultiPoint"",""coordinates"":[]}"
20250310T013711_20250310T013718_T53SPV_14,1090,15,休耕,2025-03-10,6,0.3538065434251722,C6,2.5,"{""type"":""MultiPoint"",""coordinates"":[]}"
20250310T013711_20250310T013718_T53SPV_15,3560,36,いちほまれ 原種,2025-03-10,30,0.2535069949474832,D1,1.2,"{""type"":""MultiPoint"",""coordinates"":[]}"
20250310T013711_20250310T013718_T53SPV_16,1080,12,休耕,2025-03-10,6,0.29389248260966083,D2,2.0,"{""type"":""MultiPoint"",""coordinates"":[]}"
20250404T013649_20250404T013650_T53SPV_5,3830,19,コシヒカリ 原種,2025-04-04,27,0.20454641055301326,B1,0.7037037037037037,"{""type"":""MultiPoint"",""coordinates"":[]}"
20250404T013649_20250404T013650_T53SPV_6,4120,45,コシヒカリ 原原種・原種,2025-04-04,36,0.12135084416439508,B2,1.25,"{""type"":""MultiPoint"",""coordinates"":[]}"
20250404T013649_20250404T013650_T53SPV_11,1810,20,休耕,2025-04-04,15,0.35000395707084764,C3,1.3333333333333333,"{""type"":""MultiPoint"",""coordinates"":[]}"
20250404T013649_20250404T013650_T53SPV_12,1870,13,越南315号 原種,2025-04-04,12,0.20970508668032095,C4,1.0833333333333333,"{""type"":""MultiPoint"",""coordinates"":[]}"
20250404T013649_20250404T013650_T53SPV_15,3560,27,いちほまれ 原種,2025-04-04,30,0.218867152051872,D1,0.9,"{""type"":""MultiPoint"",""coordinates"":[]}"
20250404T013649_20250404T013650_T53SPV_16,1080,9,休耕,2025-04-04,6,0.18214427562307617,D2,1.5,"{""type"":""MultiPoint"",""coordinates"":[]}"
20250409T013711_20250409T014521_T53SPA_0,3020,28,コシヒカリ 原種,2025-04-09,28,0.29146858747852644,A1,1.0,"{""type"":""MultiPoint"",""coordinates"":[]}"
20250409T013711_20250409T014521_T53SPA_1,2950,28,はねうまもち 系統・原原原種・原原種,2025-04-09,21,0.24873238976657142,A2,1.3333333333333333,"{""type"":""MultiPoint"",""coordinates"":[]}"
20250409T013711_20250409T014521_T53SPA_2,1740,14,県大3号・はねうまもち 系統・原原原種・原原種,2025-04-09,7,0.13768357694853778,A3,2.0,"{""type"":""MultiPoint"",""coordinates"":[]}"
20250409T013711_20250409T014521_T53SPA_3,1440,18,"カグラモチ 原原種・原種（A4-1+A4-2, 幅19m）",2025-04-09,14,0.36805190652775704,A4,1.2857142857142858,"{""type"":""MultiPoint"",""coordinates"":[]}"
20250409T013711_20250409T014521_T53SPA_4,2189,26,"越南315号・系統・イクヒカリ（A5-1〜3, 幅28m）",2025-04-09,14,0.24026116046143692,A5,1.8571428571428572,"{""type"":""MultiPoint"",""coordinates"":[]}"
20250409T013711_20250409T014521_T53SPA_5,3830,40,コシヒカリ 原種,2025-04-09,27,0.38814450737843825,B1,1.4814814814814814,"{""type"":""MultiPoint"",""coordinates"":[]}"
20250409T013711_20250409T014521_T53SPA_6,4120,50,コシヒカリ 原原種・原種,2025-04-09,36,0.2841255307477708,B2,1.3888888888888888,"{""type"":""MultiPoint"",""coordinates"":[]}"
20250409T013711_20250409T014521_T53SPA_7,3000,29,コシヒカリ 原種,2025-04-09,27,0.35171708384005806,B3,1.0740740740740742,"{""type"":""MultiPoint"",""coordinates"":[]}"
20250409T013711_20250409T014521_T53SPA_8,2420,17,ファイバースノウ 系統・原原原種・原原種,2025-04-09,12,0.6276539815708392,B4,1.4166666666666667,"{""type"":""MultiPoint"",""coordinates"":[]}"
20250409T013711_20250409T014521_T53SPA_9,4040,32,あきさかり 原種,2025-04-09,35,0.5985346999033265,C1,0.9142857142857143,"{""type"":""MultiPoint"",""coordinates"":[]}"
20250409T013711_20250409T014521_T53SPA_10,3960,32,ハナエチゼン 原種,2025-04-09,28,0.23811508671609252,C2,1.1428571428571428,"{""type"":""MultiPoint"",""coordinates"":[]}"
20250409T013711_20250409T014521_T53SPA_11,1810,20,休耕,2025-04-09,15,0.5030874108747568,C3,1.3333333333333333,"{""type"":""MultiPoint"",""coordinates"":[]}"
20250409T013711_20250409T014521_T53SPA_12,1870,16,越南315号 原種,2025-04-09,12,0.17472552240668046,C4,1.3333333333333333,"{""type"":""MultiPoint"",""coordinates"":[]}"
20250409T013711_20250409T014521_T53SPA_13,3610,42,キヌヒカリ 原原種・原種,2025-04-09,30,0.3529148637709135,C5,1.4,"{""type"":""MultiPoint"",""coordinates"":[]}"
20250409T013711_20250409T014521_T53SPA_14,1090,15,休耕,2025-04-09,6,0.4298149446311699,C6,2.5,"{""type"":""MultiPoint"",""coordinates"":[]}"
20250409T013711_20250409T014521_T53SPA_15,3560,36,いちほまれ 原種,2025-04-09,30,0.335418193963635,D1,1.2,"{""type"":""MultiPoint"",""coordinates"":[]}"
20250409T013711_20250409T014521_T53SPA_16,1080,12,休耕,2025-04-09,6,0.38692730768346395,D2,2.0,"{""type"":""MultiPoint"",""coordinates"":[]}"
20250409T013711_20250409T014521_T53SPV_0,3020,28,コシヒカリ 原種,2025-04-09,28,0.2915624097885279,A1,1.0,"{""type"":""MultiPoint"",""coordinates"":[]}"
20250409T013711_20250409T014521_T53SPV_1,2950,28,はねうまもち 系統・原原原種・原原種,2025-04-09,21,0.2515348835687834,A2,1.3333333333333333,"{""type"":""MultiPoint"",""coordinates"":[]}"
20250409T013711_20250409T014521_T53SPV_2,1740,14,県大3号・はねうまもち 系統・原原原種・原原種,2025-04-09,7,0.1446388931205336,A3,2.0,"{""type"":""MultiPoint"",""coordinates"":[]}"
20250409T013711_20250409T014521_T53SPV_3,1440,18,"カグラモチ 原原種・原種（A4-1+A4-2, 幅19m）",2025-04-09,14,0.36551458803766884,A4,1.2857142857142858,"{""type"":""MultiPoint"",""coordinates"":[]}"
20250409T013711_20250409T014521_T53SPV_4,2189,26,"越南315号・系統・イクヒカリ（A5-1〜3, 幅28m）",2025-04-09,14,0.24090198328789084,A5,1.8571428571428572,"{""type"":""MultiPoint"",""coordinates"":[]}"
20250409T013711_20250409T014521_T53SPV_5,3830,40,コシヒカリ 原種,2025-04-09,27,0.38415582245137564,B1,1.4814814814814814,"{""type"":""MultiPoint"",""coordinates"":[]}"
20250409T013711_20250409T014521_T53SPV_6,4120,50,コシヒカリ 原原種・原種,2025-04-09,36,0.2849536680550057,B2,1.3888888888888888,"{""type"":""MultiPoint"",""coordinates"":[]}"
20250409T013711_20250409T014521_T53SPV_7,3000,29,コシヒカリ 原種,2025-04-09,27,0.3479757386634069,B3,1.0740740740740742,"{""type"":""MultiPoint"",""coordinates"":[]}"
20250409T013711_20250409T014521_T53SPV_8,2420,17,ファイバースノウ 系統・原原原種・原原種,2025-04-09,12,0.6166726383367651,B4,1.4166666666666667,"{""type"":""MultiPoint"",""coordinates"":[]}"
20250409T013711_20250409T014521_T53SPV_9,4040,32,あきさかり 原種,2025-04-09,35,0.5895401107931965,C1,0.9142857142857143,"{""type"":""MultiPoint"",""coordinates"":[]}"
20250409T013711_20250409T014521_T53SPV_10,3960,32,ハナエチゼン 原種,2025-04-09,28,0.24197213705012308,C2,1.1428571428571428,"{""type"":""MultiPoint"",""coordinates"":[]}"
20250409T013711_20250409T014521_T53SPV_11,1810,20,休耕,2025-04-09,15,0.49590532746435145,C3,1.3333333333333333,"{""type"":""MultiPoint"",""coordinates"":[]}"
20250409T013711_20250409T014521_T53SPV_12,1870,16,越南315号 原種,2025-04-09,12,0.18094170454426178,C4,1.3333333333333333,"{""type"":""MultiPoint"",""coordinates"":[]}"
20250409T013711_20250409T014521_T53SPV_13,3610,42,キヌヒカリ 原原種・原種,2025-04-09,30,0.3517438288661482,C5,1.4,"{""type"":""MultiPoint"",""coordinates"":[]}"
20250409T013711_20250409T014521_T53SPV_14,1090,15,休耕,2025-04-09,6,0.42591140694638585,C6,2.5,"{""type"":""MultiPoint"",""coordinates"":[]}"
20250409T013711_20250409T014521_T53SPV_15,3560,36,いちほまれ 原種,2025-04-09,30,0.3367344389467273,D1,1.2,"{""type"":""MultiPoint"",""coordinates"":[]}"
20250409T013711_20250409T014521_T53SPV_16,1080,12,休耕,2025-04-09,6,0.3837114126076788,D2,2.0,"{""type"":""MultiPoint"",""coordinates"":[]}"
20250414T013659_20250414T013653_T53SPA_0,3020,28,コシヒカリ 原種,2025-04-14,28,0.3187053355341816,A1,1.0,"{""type"":""MultiPoint"",""coordinates"":[]}"
20250414T013659_20250414T013653_T53SPA_1,2950,28,はねうまもち 系統・原原原種・原原種,2025-04-14,21,0.2826298687833033,A2,1.3333333333333333,"{""type"":""MultiPoint"",""coordinates"":[]}"
20250414T013659_20250414T013653_T53SPA_2,1740,14,県大3号・はねうまもち 系統・原原原種・原原種,2025-04-14,7,0.17430440587635002,A3,2.0,"{""type"":""MultiPoint"",""coordinates"":[]}"
20250414T013659_20250414T013653_T53SPA_3,1440,18,"カグラモチ 原原種・原種（A4-1+A4-2, 幅19m）",2025-04-14,14,0.43571297424775524,A4,1.2857142857142858,"{""type"":""MultiPoint"",""coordinates"":[]}"
20250414T013659_20250414T013653_T53SPA_4,2189,26,"越南315号・系統・イクヒカリ（A5-1〜3, 幅28m）",2025-04-14,14,0.3056658257157288,A5,1.8571428571428572,"{""type"":""MultiPoint"",""coordinates"":[]}"
20250414T013659_20250414T013653_T53SPA_5,3830,40,コシヒカリ 原種,2025-04-14,27,0.45119287875911507,B1,1.4814814814814814,"{""type"":""MultiPoint"",""coordinates"":[]}"
20250414T013659_20250414T013653_T53SPA_6,4120,50,コシヒカリ 原原種・原種,2025-04-14,36,0.18539944704356912,B2,1.3888888888888888,"{""type"":""MultiPoint"",""coordinates"":[]}"
20250414T013659_20250414T013653_T53SPA_7,3000,29,コシヒカリ 原種,2025-04-14,27,0.38158671163040386,B3,1.0740740740740742,"{""type"":""MultiPoint"",""coordinates"":[]}"
20250414T013659_20250414T013653_T53SPA_8,2420,17,ファイバースノウ 系統・原原原種・原原種,2025-04-14,12,0.7011077011267853,B4,1.4166666666666667,"{""type"":""MultiPoint"",""coordinates"":[]}"
20250414T013659_20250414T013653_T53SPA_9,4040,32,あきさかり 原種,2025-04-14,35,0.6853037980579555,C1,0.9142857142857143,"{""type"":""MultiPoint"",""coordinates"":[]}"
20250414T013659_20250414T013653_T53SPA_10,3960,32,ハナエチゼン 原種,2025-04-14,28,0.11213501038077826,C2,1.1428571428571428,"{""type"":""MultiPoint"",""coordinates"":[]}"
20250414T013659_20250414T013653_T53SPA_11,1810,20,休耕,2025-04-14,15,0.22788738050842935,C3,1.3333333333333333,"{""type"":""MultiPoint"",""coordinates"":[]}"
20250414T013659_20250414T013653_T53SPA_12,1870,16,越南315号 原種,2025-04-14,12,0.19880460869216734,C4,1.3333333333333333,"{""type"":""MultiPoint"",""coordinates"":[]}"
20250414T013659_20250414T013653_T53SPA_13,3610,42,キヌヒカリ 原原種・原種,2025-04-14,30,0.4309121283846752,C5,1.4,"{""type"":""MultiPoint"",""coordinates"":[]}"
20250414T013659_20250414T013653_T53SPA_14,1090,15,休耕,2025-04-14,6,0.3686519558371301,C6,2.5,"{""type"":""MultiPoint"",""coordinates"":[]}"
20250414T013659_20250414T013653_T53SPA_15,3560,36,いちほまれ 原種,2025-04-14,30,0.41115418631432193,D1,1.2,"{""type"":""MultiPoint"",""coordinates"":[]}"
20250414T013659_20250414T013653_T53SPA_16,1080,12,休耕,2025-04-14,6,0.357021121616894,D2,2.0,"{""type"":""MultiPoint"",""coordinates"":[]}"
20250414T013659_20250414T013653_T53SPV_0,3020,28,コシヒカリ 原種,2025-04-14,28,0.31473841589887924,A1,1.0,"{""type"":""MultiPoint"",""coordinates"":[]}"
20250414T013659_20250414T013653_T53SPV_1,2950,28,はねうまもち 系統・原原原種・原原種,2025-04-14,21,0.27911445100064186,A2,1.3333333333333333,"{""type"":""MultiPoint"",""coordinates"":[]}"
20250414T013659_20250414T013653_T53SPV_2,1740,14,県大3号・はねうまもち 系統・原原原種・原原種,2025-04-14,7,0.180033928125325,A3,2.0,"{""type"":""MultiPoint"",""coordinates"":[]}"
20250414T013659_20250414T013653_T53SPV_3,1440,18,"カグラモチ 原原種・原種（A4-1+A4-2, 幅19m）",2025-04-14,14,0.42624640836858435,A4,1.2857142857142858,"{""type"":""MultiPoint"",""coordinates"":[]}"
20250414T013659_20250414T013653_T53SPV_4,2189,26,"越南315号・系統・イクヒカリ（A5-1〜3, 幅28m）",2025-04-14,14,0.30247484797228963,A5,1.8571428571428572,"{""type"":""MultiPoint"",""coordinates"":[]}"
20250414T013659_20250414T013653_T53SPV_5,3830,40,コシヒカリ 原種,2025-04-14,27,0.4376124269540978,B1,1.4814814814814814,"{""type"":""MultiPoint"",""coordinates"":[]}"
20250414T013659_20250414T013653_T53SPV_6,4120,50,コシヒカリ 原原種・原種,2025-04-14,36,0.19032688618483942,B2,1.3888888888888888,"{""type"":""MultiPoint"",""coordinates"":[]}"
20250414T013659_20250414T013653_T53SPV_7,3000,29,コシヒカリ 原種,2025-04-14,27,0.3712914612013068,B3,1.0740740740740742,"{""type"":""MultiPoint"",""coordinates"":[]}"
20250414T013659_20250414T013653_T53SPV_8,2420,17,ファイバースノウ 系統・原原原種・原原種,2025-04-14,12,0.6800583106763968,B4,1.4166666666666667,"{""type"":""MultiPoint"",""coordinates"":[]}"
20250414T013659_20250414T013653_T53SPV_9,4040,32,あきさかり 原種,2025-04-14,35,0.6669850783488073,C1,0.9142857142857143,"{""type"":""MultiPoint"",""coordinates"":[]}"
20250414T013659_20250414T013653_T53SPV_10,3960,32,ハナエチゼン 原種,2025-04-14,28,0.12258672892674942,C2,1.1428571428571428,"{""type"":""MultiPoint"",""coordinates"":[]}"
20250414T013659_20250414T013653_T53SPV_11,1810,20,休耕,2025-04-14,15,0.22898950231053924,C3,1.3333333333333333,"{""type"":""MultiPoint"",""coordinates"":[]}"
20250414T013659_20250414T013653_T53SPV_12,1870,16,越南315号 原種,2025-04-14,12,0.2019587052477544,C4,1.3333333333333333,"{""type"":""MultiPoint"",""coordinates"":[]}"
20250414T013659_20250414T013653_T53SPV_13,3610,42,キヌヒカリ 原原種・原種,2025-04-14,30,0.41895569719277287,C5,1.4,"{""type"":""MultiPoint"",""coordinates"":[]}"
20250414T013659_20250414T013653_T53SPV_14,1090,15,休耕,2025-04-14,6,0.36211804291572763,C6,2.5,"{""type"":""MultiPoint"",""coordinates"":[]}"
20250414T013659_20250414T013653_T53SPV_15,3560,36,いちほまれ 原種,2025-04-14,30,0.40733061090337624,D1,1.2,"{""type"":""MultiPoint"",""coordinates"":[]}"
20250414T013659_20250414T013653_T53SPV_16,1080,12,休耕,2025-04-14,6,0.35169048818436255,D2,2.0,"{""type"":""MultiPoint"",""coordinates"":[]}"
20250421T014111_20250421T014109_T53SPA_0,3020,28,コシヒカリ 原種,2025-04-21,28,0.29264103465172076,A1,1.0,"{""type"":""MultiPoint"",""coordinates"":[]}"
20250421T014111_20250421T014109_T53SPA_1,2950,28,はねうまもち 系統・原原原種・原原種,2025-04-21,21,0.1534233930233807,A2,1.3333333333333333,"{""type"":""MultiPoint"",""coordinates"":[]}"
20250421T014111_20250421T014109_T53SPA_2,1740,14,県大3号・はねうまもち 系統・原原原種・原原種,2025-04-21,7,0.13223529055333144,A3,2.0,"{""type"":""MultiPoint"",""coordinates"":[]}"
20250421T014111_20250421T014109_T53SPA_3,1440,18,"カグラモチ 原原種・原種（A4-1+A4-2, 幅19m）",2025-04-21,14,0.4315616659816374,A4,1.2857142857142858,"{""type"":""MultiPoint"",""coordinates"":[]}"
20250421T014111_20250421T014109_T53SPA_4,2189,26,"越南315号・系統・イクヒカリ（A5-1〜3, 幅28m）",2025-04-21,14,0.2902111899618412,A5,1.8571428571428572,"{""type"":""MultiPoint"",""coordinates"":[]}"
20250421T014111_20250421T014109_T53SPA_5,3830,40,コシヒカリ 原種,2025-04-21,27,0.4558318263318535,B1,1.4814814814814814,"{""type"":""MultiPoint"",""coordinates"":[]}"
20250421T014111_20250421T014109_T53SPA_6,4120,50,コシヒカリ 原原種・原種,2025-04-21,36,0.18856885342058688,B2,1.3888888888888888,"{""type"":""MultiPoint"",""coordinates"":[]}"
20250421T014111_20250421T014109_T53SPA_7,3000,29,コシヒカリ 原種,2025-04-21,27,0.21992138277888568,B3,1.0740740740740742,"{""type"":""MultiPoint"",""coordinates"":[]}"
20250421T014111_20250421T014109_T53SPA_8,2420,17,ファイバースノウ 系統・原原原種・原原種,2025-04-21,12,0.7409369287350696,B4,1.4166666666666667,"{""type"":""MultiPoint"",""coordinates"":[]}"
20250421T014111_20250421T014109_T53SPA_9,4040,32,あきさかり 原種,2025-04-21,35,0.28769351866788173,C1,0.9142857142857143,"{""type"":""MultiPoint"",""coordinates"":[]}"
20250421T014111_20250421T014109_T53SPA_10,3960,32,ハナエチゼン 原種,2025-04-21,28,0.14267081236179868,C2,1.1428571428571428,"{""type"":""MultiPoint"",""coordinates"":[]}"
20250421T014111_20250421T014109_T53SPA_11,1810,20,休耕,2025-04-21,15,0.1765943306766536,C3,1.3333333333333333,"{""type"":""MultiPoint"",""coordinates"":[]}"
20250421T014111_20250421T014109_T53SPA_12,1870,16,越南315号 原種,2025-04-21,12,0.156457470296583,C4,1.3333333333333333,"{""type"":""MultiPoint"",""coordinates"":[]}"
20250421T014111_20250421T014109_T53SPA_13,3610,42,キヌヒカリ 原原種・原種,2025-04-21,30,0.1877991265079942,C5,1.4,"{""type"":""MultiPoint"",""coordinates"":[]}"
20250421T014111_20250421T014109_T53SPA_14,1090,15,休耕,2025-04-21,6,0.3218246839962194,C6,2.5,"{""type"":""MultiPoint"",""coordinates"":[]}"
20250421T014111_20250421T014109_T53SPA_15,3560,36,いちほまれ 原種,2025-04-21,30,0.4452639755614844,D1,1.2,"{""type"":""MultiPoint"",""coordinates"":[]}"
20250421T014111_20250421T014109_T53SPA_16,1080,12,休耕,2025-04-21,6,0.3072088682141901,D2,2.0,"{""type"":""MultiPoint"",""coordinates"":[]}"
20250421T014111_20250421T014109_T53SPV_0,3020,28,コシヒカリ 原種,2025-04-21,28,0.2937147383106678,A1,1.0,"{""type"":""MultiPoint"",""coordinates"":[]}"
20250421T014111_20250421T014109_T53SPV_1,2950,28,はねうまもち 系統・原原原種・原原種,2025-04-21,21,0.1683295407423853,A2,1.3333333333333333,"{""type"":""MultiPoint"",""coordinates"":[]}"
20250421T014111_20250421T014109_T53SPV_2,1740,14,県大3号・はねうまもち 系統・原原原種・原原種,2025-04-21,7,0.1485300510097141,A3,2.0,"{""type"":""MultiPoint"",""coordinates"":[]}"
20250421T014111_20250421T014109_T53SPV_3,1440,18,"カグラモチ 原原種・原種（A4-1+A4-2, 幅19m）",2025-04-21,14,0.4237431997430212,A4,1.2857142857142858,"{""type"":""MultiPoint"",""coordinates"":[]}"
20250421T014111_20250421T014109_T53SPV_4,2189,26,"越南315号・系統・イクヒカリ（A5-1〜3, 幅28m）",2025-04-21,14,0.2928312802710267,A5,1.8571428571428572,"{""type"":""MultiPoint"",""coordinates"":[]}"
20250421T014111_20250421T014109_T53SPV_5,3830,40,コシヒカリ 原種,2025-04-21,27,0.44081671317866705,B1,1.4814814814814814,"{""type"":""MultiPoint"",""coordinates"":[]}"
20250421T014111_20250421T014109_T53SPV_6,4120,50,コシヒカリ 原原種・原種,2025-04-21,36,0.20066465718934856,B2,1.3888888888888888,"{""type"":""MultiPoint"",""coordinates"":[]}"
20250421T014111_20250421T014109_T53SPV_7,3000,29,コシヒカリ 原種,2025-04-21,27,0.22871068338608008,B3,1.0740740740740742,"{""type"":""MultiPoint"",""coordinates"":[]}"
20250421T014111_20250421T014109_T53SPV_8,2420,17,ファイバースノウ 系統・原原原種・原原種,2025-04-21,12,0.7093342158487248,B4,1.4166666666666667,"{""type"":""MultiPoint"",""coordinates"":[]}"
20250421T014111_20250421T014109_T53SPV_9,4040,32,あきさかり 原種,2025-04-21,35,0.2885680847085829,C1,0.9142857142857143,"{""type"":""MultiPoint"",""coordinates"":[]}"
20250421T014111_20250421T014109_T53SPV_10,3960,32,ハナエチゼン 原種,2025-04-21,28,0.15905131695176525,C2,1.1428571428571428,"{""type"":""MultiPoint"",""coordinates"":[]}"
20250421T014111_20250421T014109_T53SPV_11,1810,20,休耕,2025-04-21,15,0.1895969906712824,C3,1.3333333333333333,"{""type"":""MultiPoint"",""coordinates"":[]}"
20250421T014111_20250421T014109_T53SPV_12,1870,16,越南315号 原種,2025-04-21,12,0.17158777619016777,C4,1.3333333333333333,"{""type"":""MultiPoint"",""coordinates"":[]}"
20250421T014111_20250421T014109_T53SPV_13,3610,42,キヌヒカリ 原原種・原種,2025-04-21,30,0.20119442068303742,C5,1.4,"{""type"":""MultiPoint"",""coordinates"":[]}"
20250421T014111_20250421T014109_T53SPV_14,1090,15,休耕,2025-04-21,6,0.32332165809167585,C6,2.5,"{""type"":""MultiPoint"",""coordinates"":[]}"
20250421T014111_20250421T014109_T53SPV_15,3560,36,いちほまれ 原種,2025-04-21,30,0.43926227853129646,D1,1.2,"{""type"":""MultiPoint"",""coordinates"":[]}"
20250421T014111_20250421T014109_T53SPV_16,1080,12,休耕,2025-04-21,6,0.31008241144418786,D2,2.0,"{""type"":""MultiPoint"",""coordinates"":[]}"
20250511T014111_20250511T014710_T53SPA_0,3020,20,コシヒカリ 原種,2025-05-11,28,0.2635070362674352,A1,0.7142857142857143,"{""type"":""MultiPoint"",""coordinates"":[]}"
20250511T014111_20250511T014710_T53SPA_1,2950,28,はねうまもち 系統・原原原種・原原種,2025-05-11,21,0.17705758064391702,A2,1.3333333333333333,"{""type"":""MultiPoint"",""coordinates"":[]}"
20250511T014111_20250511T014710_T53SPA_2,1740,14,県大3号・はねうまもち 系統・原原原種・原原種,2025-05-11,7,0.21698875493021338,A3,2.0,"{""type"":""MultiPoint"",""coordinates"":[]}"
20250511T014111_20250511T014710_T53SPA_3,1440,18,"カグラモチ 原原種・原種（A4-1+A4-2, 幅19m）",2025-05-11,14,0.3802934225594377,A4,1.2857142857142858,"{""type"":""MultiPoint"",""coordinates"":[]}"
20250511T014111_20250511T014710_T53SPA_4,2189,26,"越南315号・系統・イクヒカリ（A5-1〜3, 幅28m）",2025-05-11,14,0.30618215486347433,A5,1.8571428571428572,"{""type"":""MultiPoint"",""coordinates"":[]}"
20250511T014111_20250511T014710_T53SPA_6,4120,50,コシヒカリ 原原種・原種,2025-05-11,36,0.20195623523372921,B2,1.3888888888888888,"{""type"":""MultiPoint"",""coordinates"":[]}"
20250511T014111_20250511T014710_T53SPA_7,3000,29,コシヒカリ 原種,2025-05-11,27,0.08385042554207896,B3,1.0740740740740742,"{""type"":""MultiPoint"",""coordinates"":[]}"
20250511T014111_20250511T014710_T53SPA_8,2420,17,ファイバースノウ 系統・原原原種・原原種,2025-05-11,12,0.7022955662627778,B4,1.4166666666666667,"{""type"":""MultiPoint"",""coordinates"":[]}"
20250511T014111_20250511T014710_T53SPA_9,4040,32,あきさかり 原種,2025-05-11,35,0.25977895773122983,C1,0.9142857142857143,"{""type"":""MultiPoint"",""coordinates"":[]}"
20250511T014111_20250511T014710_T53SPA_10,3960,32,ハナエチゼン 原種,2025-05-11,28,0.33304446411230376,C2,1.1428571428571428,"{""type"":""MultiPoint"",""coordinates"":[]}"
20250511T014111_20250511T014710_T53SPA_11,1810,20,休耕,2025-05-11,15,0.18505799084770624,C3,1.3333333333333333,"{""type"":""MultiPoint"",""coordinates"":[]}"
20250511T014111_20250511T014710_T53SPA_12,1870,16,越南315号 原種,2025-05-11,12,0.33927212204990476,C4,1.3333333333333333,"{""type"":""MultiPoint"",""coordinates"":[]}"
20250511T014111_20250511T014710_T53SPA_13,3610,42,キヌヒカリ 原原種・原種,2025-05-11,30,-0.0018540974058110162,C5,1.4,"{""type"":""MultiPoint"",""coordinates"":[]}"
20250511T014111_20250511T014710_T53SPA_14,1090,15,休耕,2025-05-11,6,0.25339241354182385,C6,2.5,"{""type"":""MultiPoint"",""coordinates"":[]}"
20250511T014111_20250511T014710_T53SPA_15,3560,36,いちほまれ 原種,2025-05-11,30,0.49938634311906305,D1,1.2,"{""type"":""MultiPoint"",""coordinates"":[]}"
20250511T014111_20250511T014710_T53SPA_16,1080,10,休耕,2025-05-11,6,0.2859149811849423,D2,1.6666666666666667,"{""type"":""MultiPoint"",""coordinates"":[]}"
20250519T013711_20250519T013708_T53SPA_0,3020,28,コシヒカリ 原種,2025-05-19,28,0.27068050962350204,A1,1.0,"{""type"":""MultiPoint"",""coordinates"":[]}"
20250519T013711_20250519T013708_T53SPA_1,2950,28,はねうまもち 系統・原原原種・原原種,2025-05-19,21,0.21050505417251583,A2,1.3333333333333333,"{""type"":""MultiPoint"",""coordinates"":[]}"
20250519T013711_20250519T013708_T53SPA_2,1740,14,県大3号・はねうまもち 系統・原原原種・原原種,2025-05-19,7,0.30649579794695847,A3,2.0,"{""type"":""MultiPoint"",""coordinates"":[]}"
20250519T013711_20250519T013708_T53SPA_3,1440,18,"カグラモチ 原原種・原種（A4-1+A4-2, 幅19m）",2025-05-19,14,0.35400518130291664,A4,1.2857142857142858,"{""type"":""MultiPoint"",""coordinates"":[]}"
20250519T013711_20250519T013708_T53SPA_4,2189,26,"越南315号・系統・イクヒカリ（A5-1〜3, 幅28m）",2025-05-19,14,0.32373627737353333,A5,1.8571428571428572,"{""type"":""MultiPoint"",""coordinates"":[]}"
20250519T013711_20250519T013708_T53SPA_5,3830,40,コシヒカリ 原種,2025-05-19,27,0.17024884622467037,B1,1.4814814814814814,"{""type"":""MultiPoint"",""coordinates"":[]}"
20250519T013711_20250519T013708_T53SPA_6,4120,50,コシヒカリ 原原種・原種,2025-05-19,36,0.26840401457969554,B2,1.3888888888888888,"{""type"":""MultiPoint"",""coordinates"":[]}"
20250519T013711_20250519T013708_T53SPA_7,3000,29,コシヒカリ 原種,2025-05-19,27,0.312290524672384,B3,1.0740740740740742,"{""type"":""MultiPoint"",""coordinates"":[]}"
20250519T013711_20250519T013708_T53SPA_8,2420,17,ファイバースノウ 系統・原原原種・原原種,2025-05-19,12,0.5880552234998179,B4,1.4166666666666667,"{""type"":""MultiPoint"",""coordinates"":[]}"
20250519T013711_20250519T013708_T53SPA_9,4040,32,あきさかり 原種,2025-05-19,35,0.1520404452963163,C1,0.9142857142857143,"{""type"":""MultiPoint"",""coordinates"":[]}"
20250519T013711_20250519T013708_T53SPA_10,3960,32,ハナエチゼン 原種,2025-05-19,28,0.2217620939668107,C2,1.1428571428571428,"{""type"":""MultiPoint"",""coordinates"":[]}"
20250519T013711_20250519T013708_T53SPA_11,1810,20,休耕,2025-05-19,15,-0.006206302955650985,C3,1.3333333333333333,"{""type"":""MultiPoint"",""coordinates"":[]}"
20250519T013711_20250519T013708_T53SPA_12,1870,16,越南315号 原種,2025-05-19,12,0.28154730290025487,C4,1.3333333333333333,"{""type"":""MultiPoint"",""coordinates"":[]}"
20250519T013711_20250519T013708_T53SPA_13,3610,42,キヌヒカリ 原原種・原種,2025-05-19,30,0.18987533017363284,C5,1.4,"{""type"":""MultiPoint"",""coordinates"":[]}"
20250519T013711_20250519T013708_T53SPA_14,1090,15,休耕,2025-05-19,6,0.2600522063721911,C6,2.5,"{""type"":""MultiPoint"",""coordinates"":[]}"
20250519T013711_20250519T013708_T53SPA_15,3560,36,いちほまれ 原種,2025-05-19,30,0.22943689320398372,D1,1.2,"{""type"":""MultiPoint"",""coordinates"":[]}"
20250519T013711_20250519T013708_T53SPA_16,1080,12,休耕,2025-05-19,6,0.2808061783900582,D2,2.0,"{""type"":""MultiPoint"",""coordinates"":[]}"
20250703T013659_20250703T013654_T53SPA_16,1080,9,休耕,2025-07-03,6,0.40626199683045644,D2,1.5,"{""type"":""MultiPoint"",""coordinates"":[]}"
20250708T013711_20250708T014329_T53SPA_0,3020,28,コシヒカリ 原種,2025-07-08,28,0.39619811759696616,A1,1.0,"{""type"":""MultiPoint"",""coordinates"":[]}"
20250708T013711_20250708T014329_T53SPA_1,2950,28,はねうまもち 系統・原原原種・原原種,2025-07-08,21,0.5680038265076097,A2,1.3333333333333333,"{""type"":""MultiPoint"",""coordinates"":[]}"
20250708T013711_20250708T014329_T53SPA_2,1740,14,県大3号・はねうまもち 系統・原原原種・原原種,2025-07-08,7,0.6634811274748192,A3,2.0,"{""type"":""MultiPoint"",""coordinates"":[]}"
20250708T013711_20250708T014329_T53SPA_3,1440,18,"カグラモチ 原原種・原種（A4-1+A4-2, 幅19m）",2025-07-08,14,0.38046430710085694,A4,1.2857142857142858,"{""type"":""MultiPoint"",""coordinates"":[]}"
20250708T013711_20250708T014329_T53SPA_4,2189,26,"越南315号・系統・イクヒカリ（A5-1〜3, 幅28m）",2025-07-08,14,0.6039527399450089,A5,1.8571428571428572,"{""type"":""MultiPoint"",""coordinates"":[]}"
20250708T013711_20250708T014329_T53SPA_5,3830,40,コシヒカリ 原種,2025-07-08,27,0.6093624298083116,B1,1.4814814814814814,"{""type"":""MultiPoint"",""coordinates"":[]}"
20250708T013711_20250708T014329_T53SPA_6,4120,50,コシヒカリ 原原種・原種,2025-07-08,36,0.5884909646076603,B2,1.3888888888888888,"{""type"":""MultiPoint"",""coordinates"":[]}"
20250708T013711_20250708T014329_T53SPA_7,3000,29,コシヒカリ 原種,2025-07-08,27,0.5783737173599853,B3,1.0740740740740742,"{""type"":""MultiPoint"",""coordinates"":[]}"
20250708T013711_20250708T014329_T53SPA_8,2420,17,ファイバースノウ 系統・原原原種・原原種,2025-07-08,12,0.32279339089663145,B4,1.4166666666666667,"{""type"":""MultiPoint"",""coordinates"":[]}"
20250708T013711_20250708T014329_T53SPA_9,4040,32,あきさかり 原種,2025-07-08,35,0.6969818418600475,C1,0.9142857142857143,"{""type"":""MultiPoint"",""coordinates"":[]}"
20250708T013711_20250708T014329_T53SPA_10,3960,32,ハナエチゼン 原種,2025-07-08,28,0.7152703553442223,C2,1.1428571428571428,"{""type"":""MultiPoint"",""coordinates"":[]}"
20250708T013711_20250708T014329_T53SPA_11,1810,20,休耕,2025-07-08,15,0.7247814253048565,C3,1.3333333333333333,"{""type"":""MultiPoint"",""coordinates"":[]}"
20250708T013711_20250708T014329_T53SPA_12,1870,16,越南315号 原種,2025-07-08,12,0.7018140044933601,C4,1.3333333333333333,"{""type"":""MultiPoint"",""coordinates"":[]}"
20250708T013711_20250708T014329_T53SPA_13,3610,42,キヌヒカリ 原原種・原種,2025-07-08,30,0.6513043760345801,C5,1.4,"{""type"":""MultiPoint"",""coordinates"":[]}"
20250708T013711_20250708T014329_T53SPA_14,1090,15,休耕,2025-07-08,6,0.5413428080601783,C6,2.5,"{""type"":""MultiPoint"",""coordinates"":[]}"
20250708T013711_20250708T014329_T53SPA_15,3560,36,いちほまれ 原種,2025-07-08,30,0.4612663331110714,D1,1.2,"{""type"":""MultiPoint"",""coordinates"":[]}"
20250708T013711_20250708T014329_T53SPA_16,1080,12,休耕,2025-07-08,6,0.6624532708791144,D2,2.0,"{""type"":""MultiPoint"",""coordinates"":[]}"
20250708T013711_20250708T014329_T53SPV_0,3020,28,コシヒカリ 原種,2025-07-08,28,0.39066695115732303,A1,1.0,"{""type"":""MultiPoint"",""coordinates"":[]}"
20250708T013711_20250708T014329_T53SPV_1,2950,28,はねうまもち 系統・原原原種・原原種,2025-07-08,21,0.5627389632851532,A2,1.3333333333333333,"{""type"":""MultiPoint"",""coordinates"":[]}"
20250708T013711_20250708T014329_T53SPV_2,1740,14,県大3号・はねうまもち 系統・原原原種・原原種,2025-07-08,7,0.6597619321063981,A3,2.0,"{""type"":""MultiPoint"",""coordinates"":[]}"
20250708T013711_20250708T014329_T53SPV_3,1440,18,"カグラモチ 原原種・原種（A4-1+A4-2, 幅19m）",2025-07-08,14,0.3728746983766915,A4,1.2857142857142858,"{""type"":""MultiPoint"",""coordinates"":[]}"
20250708T013711_20250708T014329_T53SPV_4,2189,26,"越南315号・系統・イクヒカリ（A5-1〜3, 幅28m）",2025-07-08,14,0.5992624263743995,A5,1.8571428571428572,"{""type"":""MultiPoint"",""coordinates"":[]}"
20250708T013711_20250708T014329_T53SPV_5,3830,40,コシヒカリ 原種,2025-07-08,27,0.6045599003613327,B1,1.4814814814814814,"{""type"":""MultiPoint"",""coordinates"":[]}"
20250708T013711_20250708T014329_T53SPV_6,4120,50,コシヒカリ 原原種・原種,2025-07-08,36,0.5830673430988704,B2,1.3888888888888888,"{""type"":""MultiPoint"",""coordinates"":[]}"
20250708T013711_20250708T014329_T53SPV_7,3000,29,コシヒカリ 原種,2025-07-08,27,0.572304195263697,B3,1.0740740740740742,"{""type"":""MultiPoint"",""coordinates"":[]}"
20250708T013711_20250708T014329_T53SPV_8,2420,17,ファイバースノウ 系統・原原原種・原原種,2025-07-08,12,0.31577146856131,B4,1.4166666666666667,"{""type"":""MultiPoint"",""coordinates"":[]}"
20250708T013711_20250708T014329_T53SPV_9,4040,32,あきさかり 原種,2025-07-08,35,0.693379315870957,C1,0.9142857142857143,"{""type"":""MultiPoint"",""coordinates"":[]}"
20250708T013711_20250708T014329_T53SPV_10,3960,32,ハナエチゼン 原種,2025-07-08,28,0.7120319610791495,C2,1.1428571428571428,"{""type"":""MultiPoint"",""coordinates"":[]}"
20250708T013711_20250708T014329_T53SPV_11,1810,20,休耕,2025-07-08,15,0.7219152306846816,C3,1.3333333333333333,"{""type"":""MultiPoint"",""coordinates"":[]}"
20250708T013711_20250708T014329_T53SPV_12,1870,16,越南315号 原種,2025-07-08,12,0.6984636946977241,C4,1.3333333333333333,"{""type"":""MultiPoint"",""coordinates"":[]}"
20250708T013711_20250708T014329_T53SPV_13,3610,42,キヌヒカリ 原原種・原種,2025-07-08,30,0.6464865280808102,C5,1.4,"{""type"":""MultiPoint"",""coordinates"":[]}"
20250708T013711_20250708T014329_T53SPV_14,1090,15,休耕,2025-07-08,6,0.5326453958756451,C6,2.5,"{""type"":""MultiPoint"",""coordinates"":[]}"
20250708T013711_20250708T014329_T53SPV_15,3560,36,いちほまれ 原種,2025-07-08,30,0.45386570309002355,D1,1.2,"{""type"":""MultiPoint"",""coordinates"":[]}"
20250708T013711_20250708T014329_T53SPV_16,1080,12,休耕,2025-07-08,6,0.6579813330090322,D2,2.0,"{""type"":""MultiPoint"",""coordinates"":[]}"
20250710T014121_20250710T014716_T53SPA_0,3020,28,コシヒカリ 原種,2025-07-10,28,0.4444396819941689,A1,1.0,"{""type"":""MultiPoint"",""coordinates"":[]}"
20250710T014121_20250710T014716_T53SPA_1,2950,28,はねうまもち 系統・原原原種・原原種,2025-07-10,21,0.6150376745882259,A2,1.3333333333333333,"{""type"":""MultiPoint"",""coordinates"":[]}"
20250710T014121_20250710T014716_T53SPA_2,1740,14,県大3号・はねうまもち 系統・原原原種・原原種,2025-07-10,7,0.6896182374642508,A3,2.0,"{""type"":""MultiPoint"",""coordinates"":[]}"
20250710T014121_20250710T014716_T53SPA_3,1440,18,"カグラモチ 原原種・原種（A4-1+A4-2, 幅19m）",2025-07-10,14,0.4328130584603816,A4,1.2857142857142858,"{""type"":""MultiPoint"",""coordinates"":[]}"
20250710T014121_20250710T014716_T53SPA_4,2189,26,"越南315号・系統・イクヒカリ（A5-1〜3, 幅28m）",2025-07-10,14,0.620497508434482,A5,1.8571428571428572,"{""type"":""MultiPoint"",""coordinates"":[]}"
20250710T014121_20250710T014716_T53SPA_5,3830,40,コシヒカリ 原種,2025-07-10,27,0.6412391973785223,B1,1.4814814814814814,"{""type"":""MultiPoint"",""coordinates"":[]}"
20250710T014121_20250710T014716_T53SPA_6,4120,50,コシヒカリ 原原種・原種,2025-07-10,36,0.6118294230450428,B2,1.3888888888888888,"{""type"":""MultiPoint"",""coordinates"":[]}"
20250710T014121_20250710T014716_T53SPA_7,3000,29,コシヒカリ 原種,2025-07-10,27,0.6406524744376407,B3,1.0740740740740742,"{""type"":""MultiPoint"",""coordinates"":[]}"
20250710T014121_20250710T014716_T53SPA_8,2420,17,ファイバースノウ 系統・原原原種・原原種,2025-07-10,12,0.3921345184907396,B4,1.4166666666666667,"{""type"":""MultiPoint"",""coordinates"":[]}"
20250710T014121_20250710T014716_T53SPA_9,4040,32,あきさかり 原種,2025-07-10,35,0.7233880198643098,C1,0.9142857142857143,"{""type"":""MultiPoint"",""coordinates"":[]}"
20250710T014121_20250710T014716_T53SPA_10,3960,32,ハナエチゼン 原種,2025-07-10,28,0.7146383052568694,C2,1.1428571428571428,"{""type"":""MultiPoint"",""coordinates"":[]}"
20250710T014121_20250710T014716_T53SPA_11,1810,20,休耕,2025-07-10,15,0.7355090676649021,C3,1.3333333333333333,"{""type"":""MultiPoint"",""coordinates"":[]}"
20250710T014121_20250710T014716_T53SPA_12,1870,16,越南315号 原種,2025-07-10,12,0.7060581323344254,C4,1.3333333333333333,"{""type"":""MultiPoint"",""coordinates"":[]}"
20250710T014121_20250710T014716_T53SPA_13,3610,42,キヌヒカリ 原原種・原種,2025-07-10,30,0.6853411779866418,C5,1.4,"{""type"":""MultiPoint"",""coordinates"":[]}"
20250710T014121_20250710T014716_T53SPA_14,1090,15,休耕,2025-07-10,6,0.5894948541350651,C6,2.5,"{""type"":""MultiPoint"",""coordinates"":[]}"
20250710T014121_20250710T014716_T53SPA_15,3560,36,いちほまれ 原種,2025-07-10,30,0.48221100500223607,D1,1.2,"{""type"":""MultiPoint"",""coordinates"":[]}"
20250710T014121_20250710T014716_T53SPA_16,1080,12,休耕,2025-07-10,6,0.6554769639464976,D2,2.0,"{""type"":""MultiPoint"",""coordinates"":[]}"
20250710T014121_20250710T014716_T53SPV_0,3020,28,コシヒカリ 原種,2025-07-10,28,0.44395437843891283,A1,1.0,"{""type"":""MultiPoint"",""coordinates"":[]}"
20250710T014121_20250710T014716_T53SPV_1,2950,28,はねうまもち 系統・原原原種・原原種,2025-07-10,21,0.5979425653549615,A2,1.3333333333333333,"{""type"":""MultiPoint"",""coordinates"":[]}"
20250710T014121_20250710T014716_T53SPV_2,1740,14,県大3号・はねうまもち 系統・原原原種・原原種,2025-07-10,7,0.6693452068504723,A3,2.0,"{""type"":""MultiPoint"",""coordinates"":[]}"
20250710T014121_20250710T014716_T53SPV_3,1440,18,"カグラモチ 原原種・原種（A4-1+A4-2, 幅19m）",2025-07-10,14,0.4326284750964041,A4,1.2857142857142858,"{""type"":""MultiPoint"",""coordinates"":[]}"
20250710T014121_20250710T014716_T53SPV_4,2189,26,"越南315号・系統・イクヒカリ（A5-1〜3, 幅28m）",2025-07-10,14,0.6063573280044792,A5,1.8571428571428572,"{""type"":""MultiPoint"",""coordinates"":[]}"
20250710T014121_20250710T014716_T53SPV_5,3830,40,コシヒカリ 原種,2025-07-10,27,0.6223255504274671,B1,1.4814814814814814,"{""type"":""MultiPoint"",""coordinates"":[]}"
20250710T014121_20250710T014716_T53SPV_6,4120,50,コシヒカリ 原原種・原種,2025-07-10,36,0.5945949588637076,B2,1.3888888888888888,"{""type"":""MultiPoint"",""coordinates"":[]}"
20250710T014121_20250710T014716_T53SPV_7,3000,29,コシヒカリ 原種,2025-07-10,27,0.6216269168137084,B3,1.0740740740740742,"{""type"":""MultiPoint"",""coordinates"":[]}"
20250710T014121_20250710T014716_T53SPV_8,2420,17,ファイバースノウ 系統・原原原種・原原種,2025-07-10,12,0.39736211568751917,B4,1.4166666666666667,"{""type"":""MultiPoint"",""coordinates"":[]}"
20250710T014121_20250710T014716_T53SPV_9,4040,32,あきさかり 原種,2025-07-10,35,0.7014065930640709,C1,0.9142857142857143,"{""type"":""MultiPoint"",""coordinates"":[]}"
20250710T014121_20250710T014716_T53SPV_10,3960,32,ハナエチゼン 原種,2025-07-10,28,0.6940348557262149,C2,1.1428571428571428,"{""type"":""MultiPoint"",""coordinates"":[]}"
20250710T014121_20250710T014716_T53SPV_11,1810,20,休耕,2025-07-10,15,0.7155881650971614,C3,1.3333333333333333,"{""type"":""MultiPoint"",""coordinates"":[]}"
20250710T014121_20250710T014716_T53SPV_12,1870,16,越南315号 原種,2025-07-10,12,0.6866171328376994,C4,1.3333333333333333,"{""type"":""MultiPoint"",""coordinates"":[]}"
20250710T014121_20250710T014716_T53SPV_13,3610,42,キヌヒカリ 原原種・原種,2025-07-10,30,0.666182360539821,C5,1.4,"{""type"":""MultiPoint"",""coordinates"":[]}"
20250710T014121_20250710T014716_T53SPV_14,1090,15,休耕,2025-07-10,6,0.5771121217521669,C6,2.5,"{""type"":""MultiPoint"",""coordinates"":[]}"
20250710T014121_20250710T014716_T53SPV_15,3560,36,いちほまれ 原種,2025-07-10,30,0.47904871541774025,D1,1.2,"{""type"":""MultiPoint"",""coordinates"":[]}"
20250710T014121_20250710T014716_T53SPV_16,1080,12,休耕,2025-07-10,6,0.6390800171806089,D2,2.0,"{""type"":""MultiPoint"",""coordinates"":[]}"
20250713T013659_20250713T014523_T53SPA_0,3020,28,コシヒカリ 原種,2025-07-13,28,0.46710074183613304,A1,1.0,"{""type"":""MultiPoint"",""coordinates"":[]}"
20250713T013659_20250713T014523_T53SPA_1,2950,28,はねうまもち 系統・原原原種・原原種,2025-07-13,21,0.6899899516627589,A2,1.3333333333333333,"{""type"":""MultiPoint"",""coordinates"":[]}"
20250713T013659_20250713T014523_T53SPA_2,1740,14,県大3号・はねうまもち 系統・原原原種・原原種,2025-07-13,7,0.7929237402789623,A3,2.0,"{""type"":""MultiPoint"",""coordinates"":[]}"
20250713T013659_20250713T014523_T53SPA_3,1440,18,"カグラモチ 原原種・原種（A4-1+A4-2, 幅19m）",2025-07-13,14,0.3919738521262815,A4,1.2857142857142858,"{""type"":""MultiPoint"",""coordinates"":[]}"
20250713T013659_20250713T014523_T53SPA_4,2189,26,"越南315号・系統・イクヒカリ（A5-1〜3, 幅28m）",2025-07-13,14,0.6245790245662013,A5,1.8571428571428572,"{""type"":""MultiPoint"",""coordinates"":[]}"
20250713T013659_20250713T014523_T53SPA_5,3830,40,コシヒカリ 原種,2025-07-13,27,0.743894714645046,B1,1.4814814814814814,"{""type"":""MultiPoint"",""coordinates"":[]}"
20250713T013659_20250713T014523_T53SPA_6,4120,50,コシヒカリ 原原種・原種,2025-07-13,36,0.7211089644324914,B2,1.3888888888888888,"{""type"":""MultiPoint"",""coordinates"":[]}"
20250713T013659_20250713T014523_T53SPA_7,3000,29,コシヒカリ 原種,2025-07-13,27,0.7445335789526824,B3,1.0740740740740742,"{""type"":""MultiPoint"",""coordinates"":[]}"
20250713T013659_20250713T014523_T53SPA_8,2420,17,ファイバースノウ 系統・原原原種・原原種,2025-07-13,12,0.3683561816986028,B4,1.4166666666666667,"{""type"":""MultiPoint"",""coordinates"":[]}"
20250713T013659_20250713T014523_T53SPA_9,4040,32,あきさかり 原種,2025-07-13,35,0.8447474749016615,C1,0.9142857142857143,"{""type"":""MultiPoint"",""coordinates"":[]}"
20250713T013659_20250713T014523_T53SPA_10,3960,32,ハナエチゼン 原種,2025-07-13,28,0.8153217926930512,C2,1.1428571428571428,"{""type"":""MultiPoint"",""coordinates"":[]}"
20250713T013659_20250713T014523_T53SPA_11,1810,20,休耕,2025-07-13,15,0.8256436933509077,C3,1.3333333333333333,"{""type"":""MultiPoint"",""coordinates"":[]}"
20250713T013659_20250713T014523_T53SPA_12,1870,16,越南315号 原種,2025-07-13,12,0.7955948459526291,C4,1.3333333333333333,"{""type"":""MultiPoint"",""coordinates"":[]}"
20250713T013659_20250713T014523_T53SPA_13,3610,42,キヌヒカリ 原原種・原種,2025-07-13,30,0.7828664692640556,C5,1.4,"{""type"":""MultiPoint"",""coordinates"":[]}"
20250713T013659_20250713T014523_T53SPA_14,1090,15,休耕,2025-07-13,6,0.6201846688127045,C6,2.5,"{""type"":""MultiPoint"",""coordinates"":[]}"
20250713T013659_20250713T014523_T53SPA_15,3560,36,いちほまれ 原種,2025-07-13,30,0.472782585261666,D1,1.2,"{""type"":""MultiPoint"",""coordinates"":[]}"
20250713T013659_20250713T014523_T53SPA_16,1080,12,休耕,2025-07-13,6,0.689647387973632,D2,2.0,"{""type"":""MultiPoint"",""coordinates"":[]}"
20250713T013659_20250713T014523_T53SPV_0,3020,28,コシヒカリ 原種,2025-07-13,28,0.46367117592915064,A1,1.0,"{""type"":""MultiPoint"",""coordinates"":[]}"
20250713T013659_20250713T014523_T53SPV_1,2950,28,はねうまもち 系統・原原原種・原原種,2025-07-13,21,0.6972632270440137,A2,1.3333333333333333,"{""type"":""MultiPoint"",""coordinates"":[]}"
20250713T013659_20250713T014523_T53SPV_2,1740,14,県大3号・はねうまもち 系統・原原原種・原原種,2025-07-13,7,0.8030743261929602,A3,2.0,"{""type"":""MultiPoint"",""coordinates"":[]}"
20250713T013659_20250713T014523_T53SPV_3,1440,18,"カグラモチ 原原種・原種（A4-1+A4-2, 幅19m）",2025-07-13,14,0.38303187331936916,A4,1.2857142857142858,"{""type"":""MultiPoint"",""coordinates"":[]}"
20250713T013659_20250713T014523_T53SPV_4,2189,26,"越南315号・系統・イクヒカリ（A5-1〜3, 幅28m）",2025-07-13,14,0.6272889865099847,A5,1.8571428571428572,"{""type"":""MultiPoint"",""coordinates"":[]}"
20250713T013659_20250713T014523_T53SPV_5,3830,40,コシヒカリ 原種,2025-07-13,27,0.7538517901783535,B1,1.4814814814814814,"{""type"":""MultiPoint"",""coordinates"":[]}"
20250713T013659_20250713T014523_T53SPV_6,4120,50,コシヒカリ 原原種・原種,2025-07-13,36,0.7314052551285426,B2,1.3888888888888888,"{""type"":""MultiPoint"",""coordinates"":[]}"
20250713T013659_20250713T014523_T53SPV_7,3000,29,コシヒカリ 原種,2025-07-13,27,0.7547593801621139,B3,1.0740740740740742,"{""type"":""MultiPoint"",""coordinates"":[]}"
20250713T013659_20250713T014523_T53SPV_8,2420,17,ファイバースノウ 系統・原原原種・原原種,2025-07-13,12,0.36057546788380185,B4,1.4166666666666667,"{""type"":""MultiPoint"",""coordinates"":[]}"
20250713T013659_20250713T014523_T53SPV_9,4040,32,あきさかり 原種,2025-07-13,35,0.8566785368631502,C1,0.9142857142857143,"{""type"":""MultiPoint"",""coordinates"":[]}"
20250713T013659_20250713T014523_T53SPV_10,3960,32,ハナエチゼン 原種,2025-07-13,28,0.8256077390141486,C2,1.1428571428571428,"{""type"":""MultiPoint"",""coordinates"":[]}"
20250713T013659_20250713T014523_T53SPV_11,1810,20,休耕,2025-07-13,15,0.834740251600906,C3,1.3333333333333333,"{""type"":""MultiPoint"",""coordinates"":[]}"
20250713T013659_20250713T014523_T53SPV_12,1870,16,越南315号 原種,2025-07-13,12,0.8048863147896502,C4,1.3333333333333333,"{""type"":""MultiPoint"",""coordinates"":[]}"
20250713T013659_20250713T014523_T53SPV_13,3610,42,キヌヒカリ 原原種・原種,2025-07-13,30,0.792284855808673,C5,1.4,"{""type"":""MultiPoint"",""coordinates"":[]}"
20250713T013659_20250713T014523_T53SPV_14,1090,15,休耕,2025-07-13,6,0.6222484534150466,C6,2.5,"{""type"":""MultiPoint"",""coordinates"":[]}"
20250713T013659_20250713T014523_T53SPV_15,3560,36,いちほまれ 原種,2025-07-13,30,0.4690262808440111,D1,1.2,"{""type"":""MultiPoint"",""coordinates"":[]}"
20250713T013659_20250713T014523_T53SPV_16,1080,12,休耕,2025-07-13,6,0.6947216471970606,D2,2.0,"{""type"":""MultiPoint"",""coordinates"":[]}"
20250723T013659_20250723T013653_T53SPA_0,3020,28,コシヒカリ 原種,2025-07-23,28,0.6561936115827448,A1,1.0,"{""type"":""MultiPoint"",""coordinates"":[]}"
20250723T013659_20250723T013653_T53SPA_1,2950,28,はねうまもち 系統・原原原種・原原種,2025-07-23,21,0.7600665733001227,A2,1.3333333333333333,"{""type"":""MultiPoint"",""coordinates"":[]}"
20250723T013659_20250723T013653_T53SPA_2,1740,14,県大3号・はねうまもち 系統・原原原種・原原種,2025-07-23,7,0.8173193445375949,A3,2.0,"{""type"":""MultiPoint"",""coordinates"":[]}"
20250723T013659_20250723T013653_T53SPA_3,1440,18,"カグラモチ 原原種・原種（A4-1+A4-2, 幅19m）",2025-07-23,14,0.45309210750749507,A4,1.2857142857142858,"{""type"":""MultiPoint"",""coordinates"":[]}"
20250723T013659_20250723T013653_T53SPA_4,2189,26,"越南315号・系統・イクヒカリ（A5-1〜3, 幅28m）",2025-07-23,14,0.5584367552982349,A5,1.8571428571428572,"{""type"":""MultiPoint"",""coordinates"":[]}"
20250723T013659_20250723T013653_T53SPA_5,3830,40,コシヒカリ 原種,2025-07-23,27,0.7831048633054188,B1,1.4814814814814814,"{""type"":""MultiPoint"",""coordinates"":[]}"
20250723T013659_20250723T013653_T53SPA_6,4120,50,コシヒカリ 原原種・原種,2025-07-23,36,0.7668746081372503,B2,1.3888888888888888,"{""type"":""MultiPoint"",""coordinates"":[]}"
20250723T013659_20250723T013653_T53SPA_7,3000,29,コシヒカリ 原種,2025-07-23,27,0.7780133908808604,B3,1.0740740740740742,"{""type"":""MultiPoint"",""coordinates"":[]}"
20250723T013659_20250723T013653_T53SPA_8,2420,17,ファイバースノウ 系統・原原原種・原原種,2025-07-23,12,0.3249969381859735,B4,1.4166666666666667,"{""type"":""MultiPoint"",""coordinates"":[]}"
20250723T013659_20250723T013653_T53SPA_9,4040,32,あきさかり 原種,2025-07-23,35,0.8643642717848598,C1,0.9142857142857143,"{""type"":""MultiPoint"",""coordinates"":[]}"
20250723T013659_20250723T013653_T53SPA_10,3960,32,ハナエチゼン 原種,2025-07-23,28,0.8024484395208147,C2,1.1428571428571428,"{""type"":""MultiPoint"",""coordinates"":[]}"
20250723T013659_20250723T013653_T53SPA_11,1810,20,休耕,2025-07-23,15,0.8407788333467265,C3,1.3333333333333333,"{""type"":""MultiPoint"",""coordinates"":[]}"
20250723T013659_20250723T013653_T53SPA_12,1870,16,越南315号 原種,2025-07-23,12,0.7698820497152352,C4,1.3333333333333333,"{""type"":""MultiPoint"",""coordinates"":[]}"
20250723T013659_20250723T013653_T53SPA_13,3610,42,キヌヒカリ 原原種・原種,2025-07-23,30,0.7987669757634559,C5,1.4,"{""type"":""MultiPoint"",""coordinates"":[]}"
20250723T013659_20250723T013653_T53SPA_14,1090,15,休耕,2025-07-23,6,0.6757307801638561,C6,2.5,"{""type"":""MultiPoint"",""coordinates"":[]}"
20250723T013659_20250723T013653_T53SPA_15,3560,36,いちほまれ 原種,2025-07-23,30,0.6943588929233171,D1,1.2,"{""type"":""MultiPoint"",""coordinates"":[]}"
20250723T013659_20250723T013653_T53SPA_16,1080,12,休耕,2025-07-23,6,0.7340413574889323,D2,2.0,"{""type"":""MultiPoint"",""coordinates"":[]}"
20250723T013659_20250723T013653_T53SPV_0,3020,28,コシヒカリ 原種,2025-07-23,28,0.6548047093284,A1,1.0,"{""type"":""MultiPoint"",""coordinates"":[]}"
20250723T013659_20250723T013653_T53SPV_1,2950,28,はねうまもち 系統・原原原種・原原種,2025-07-23,21,0.7579977896509831,A2,1.3333333333333333,"{""type"":""MultiPoint"",""coordinates"":[]}"
20250723T013659_20250723T013653_T53SPV_2,1740,14,県大3号・はねうまもち 系統・原原原種・原原種,2025-07-23,7,0.8157797794128456,A3,2.0,"{""type"":""MultiPoint"",""coordinates"":[]}"
20250723T013659_20250723T013653_T53SPV_3,1440,18,"カグラモチ 原原種・原種（A4-1+A4-2, 幅19m）",2025-07-23,14,0.4524693920337079,A4,1.2857142857142858,"{""type"":""MultiPoint"",""coordinates"":[]}"
20250723T013659_20250723T013653_T53SPV_4,2189,26,"越南315号・系統・イクヒカリ（A5-1〜3, 幅28m）",2025-07-23,14,0.55807942806795,A5,1.8571428571428572,"{""type"":""MultiPoint"",""coordinates"":[]}"
20250723T013659_20250723T013653_T53SPV_5,3830,40,コシヒカリ 原種,2025-07-23,27,0.7808065307625744,B1,1.4814814814814814,"{""type"":""MultiPoint"",""coordinates"":[]}"
20250723T013659_20250723T013653_T53SPV_6,4120,50,コシヒカリ 原原種・原種,2025-07-23,36,0.7648318012077823,B2,1.3888888888888888,"{""type"":""MultiPoint"",""coordinates"":[]}"
20250723T013659_20250723T013653_T53SPV_7,3000,29,コシヒカリ 原種,2025-07-23,27,0.7757773608892744,B3,1.0740740740740742,"{""type"":""MultiPoint"",""coordinates"":[]}"
20250723T013659_20250723T013653_T53SPV_8,2420,17,ファイバースノウ 系統・原原原種・原原種,2025-07-23,12,0.3249903670852024,B4,1.4166666666666667,"{""type"":""MultiPoint"",""coordinates"":[]}"
20250723T013659_20250723T013653_T53SPV_9,4040,32,あきさかり 原種,2025-07-23,35,0.8620931352511848,C1,0.9142857142857143,"{""type"":""MultiPoint"",""coordinates"":[]}"
20250723T013659_20250723T013653_T53SPV_10,3960,32,ハナエチゼン 原種,2025-07-23,28,0.8007351386979169,C2,1.1428571428571428,"{""type"":""MultiPoint"",""coordinates"":[]}"
20250723T013659_20250723T013653_T53SPV_11,1810,20,休耕,2025-07-23,15,0.8389235241994177,C3,1.3333333333333333,"{""type"":""MultiPoint"",""coordinates"":[]}"
20250723T013659_20250723T013653_T53SPV_12,1870,16,越南315号 原種,2025-07-23,12,0.7685604302002724,C4,1.3333333333333333,"{""type"":""MultiPoint"",""coordinates"":[]}"
20250723T013659_20250723T013653_T53SPV_13,3610,42,キヌヒカリ 原原種・原種,2025-07-23,30,0.7967796103454161,C5,1.4,"{""type"":""MultiPoint"",""coordinates"":[]}"
20250723T013659_20250723T013653_T53SPV_14,1090,15,休耕,2025-07-23,6,0.6739514618446041,C6,2.5,"{""type"":""MultiPoint"",""coordinates"":[]}"
20250723T013659_20250723T013653_T53SPV_15,3560,36,いちほまれ 原種,2025-07-23,30,0.6929399600830015,D1,1.2,"{""type"":""MultiPoint"",""coordinates"":[]}"
20250723T013659_20250723T013653_T53SPV_16,1080,12,休耕,2025-07-23,6,0.7319945356142661,D2,2.0,"{""type"":""MultiPoint"",""coordinates"":[]}"
20250728T013711_20250728T014353_T53SPA_0,3020,28,コシヒカリ 原種,2025-07-28,28,0.6259562462517678,A1,1.0,"{""type"":""MultiPoint"",""coordinates"":[]}"
20250728T013711_20250728T014353_T53SPA_1,2950,28,はねうまもち 系統・原原原種・原原種,2025-07-28,21,0.7999142742614023,A2,1.3333333333333333,"{""type"":""MultiPoint"",""coordinates"":[]}"
20250728T013711_20250728T014353_T53SPA_2,1740,14,県大3号・はねうまもち 系統・原原原種・原原種,2025-07-28,7,0.8172187762015665,A3,2.0,"{""type"":""MultiPoint"",""coordinates"":[]}"
20250728T013711_20250728T014353_T53SPA_3,1440,18,"カグラモチ 原原種・原種（A4-1+A4-2, 幅19m）",2025-07-28,14,0.45219199091276824,A4,1.2857142857142858,"{""type"":""MultiPoint"",""coordinates"":[]}"
20250728T013711_20250728T014353_T53SPA_4,2189,26,"越南315号・系統・イクヒカリ（A5-1〜3, 幅28m）",2025-07-28,14,0.5812819152934738,A5,1.8571428571428572,"{""type"":""MultiPoint"",""coordinates"":[]}"
20250728T013711_20250728T014353_T53SPA_5,3830,40,コシヒカリ 原種,2025-07-28,27,0.8106518452735091,B1,1.4814814814814814,"{""type"":""MultiPoint"",""coordinates"":[]}"
20250728T013711_20250728T014353_T53SPA_6,4120,50,コシヒカリ 原原種・原種,2025-07-28,36,0.7800725677090686,B2,1.3888888888888888,"{""type"":""MultiPoint"",""coordinates"":[]}"
20250728T013711_20250728T014353_T53SPA_7,3000,29,コシヒカリ 原種,2025-07-28,27,0.8095913651110205,B3,1.0740740740740742,"{""type"":""MultiPoint"",""coordinates"":[]}"
20250728T013711_20250728T014353_T53SPA_8,2420,17,ファイバースノウ 系統・原原原種・原原種,2025-07-28,12,0.34134638321538596,B4,1.4166666666666667,"{""type"":""MultiPoint"",""coordinates"":[]}"
20250728T013711_20250728T014353_T53SPA_9,4040,32,あきさかり 原種,2025-07-28,35,0.8777800936506666,C1,0.9142857142857143,"{""type"":""MultiPoint"",""coordinates"":[]}"
20250728T013711_20250728T014353_T53SPA_10,3960,32,ハナエチゼン 原種,2025-07-28,28,0.7904212088330318,C2,1.1428571428571428,"{""type"":""MultiPoint"",""coordinates"":[]}"
20250728T013711_20250728T014353_T53SPA_11,1810,20,休耕,2025-07-28,15,0.8472923585357899,C3,1.3333333333333333,"{""type"":""MultiPoint"",""coordinates"":[]}"
20250728T013711_20250728T014353_T53SPA_12,1870,16,越南315号 原種,2025-07-28,12,0.7380478189278719,C4,1.3333333333333333,"{""type"":""MultiPoint"",""coordinates"":[]}"
20250728T013711_20250728T014353_T53SPA_13,3610,42,キヌヒカリ 原原種・原種,2025-07-28,30,0.8243685618456871,C5,1.4,"{""type"":""MultiPoint"",""coordinates"":[]}"
20250728T013711_20250728T014353_T53SPA_14,1090,15,休耕,2025-07-28,6,0.6745968204641736,C6,2.5,"{""type"":""MultiPoint"",""coordinates"":[]}"
20250728T013711_20250728T014353_T53SPA_15,3560,36,いちほまれ 原種,2025-07-28,30,0.7645491877724482,D1,1.2,"{""type"":""MultiPoint"",""coordinates"":[]}"
20250728T013711_20250728T014353_T53SPA_16,1080,12,休耕,2025-07-28,6,0.7425390250413967,D2,2.0,"{""type"":""MultiPoint"",""coordinates"":[]}"
20250728T013711_20250728T014353_T53SPV_0,3020,28,コシヒカリ 原種,2025-07-28,28,0.6256311085676914,A1,1.0,"{""type"":""MultiPoint"",""coordinates"":[]}"
20250728T013711_20250728T014353_T53SPV_1,2950,28,はねうまもち 系統・原原原種・原原種,2025-07-28,21,0.7991522116757706,A2,1.3333333333333333,"{""type"":""MultiPoint"",""coordinates"":[]}"
20250728T013711_20250728T014353_T53SPV_2,1740,14,県大3号・はねうまもち 系統・原原原種・原原種,2025-07-28,7,0.8169055680723203,A3,2.0,"{""type"":""MultiPoint"",""coordinates"":[]}"
20250728T013711_20250728T014353_T53SPV_3,1440,18,"カグラモチ 原原種・原種（A4-1+A4-2, 幅19m）",2025-07-28,14,0.4516930897407095,A4,1.2857142857142858,"{""type"":""MultiPoint"",""coordinates"":[]}"
20250728T013711_20250728T014353_T53SPV_4,2189,26,"越南315号・系統・イクヒカリ（A5-1〜3, 幅28m）",2025-07-28,14,0.5808641415000124,A5,1.8571428571428572,"{""type"":""MultiPoint"",""coordinates"":[]}"
20250728T013711_20250728T014353_T53SPV_5,3830,40,コシヒカリ 原種,2025-07-28,27,0.809995274883322,B1,1.4814814814814814,"{""type"":""MultiPoint"",""coordinates"":[]}"
20250728T013711_20250728T014353_T53SPV_6,4120,50,コシヒカリ 原原種・原種,2025-07-28,36,0.7793920200537262,B2,1.3888888888888888,"{""type"":""MultiPoint"",""coordinates"":[]}"
20250728T013711_20250728T014353_T53SPV_7,3000,29,コシヒカリ 原種,2025-07-28,27,0.8090064895570198,B3,1.0740740740740742,"{""type"":""MultiPoint"",""coordinates"":[]}"
20250728T013711_20250728T014353_T53SPV_8,2420,17,ファイバースノウ 系統・原原原種・原原種,2025-07-28,12,0.3414367869615177,B4,1.4166666666666667,"{""type"":""MultiPoint"",""coordinates"":[]}"
20250728T013711_20250728T014353_T53SPV_9,4040,32,あきさかり 原種,2025-07-28,35,0.8772210122450014,C1,0.9142857142857143,"{""type"":""MultiPoint"",""coordinates"":[]}"
20250728T013711_20250728T014353_T53SPV_10,3960,32,ハナエチゼン 原種,2025-07-28,28,0.7899762136220713,C2,1.1428571428571428,"{""type"":""MultiPoint"",""coordinates"":[]}"
20250728T013711_20250728T014353_T53SPV_11,1810,20,休耕,2025-07-28,15,0.8464451797825646,C3,1.3333333333333333,"{""type"":""MultiPoint"",""coordinates"":[]}"
20250728T013711_20250728T014353_T53SPV_12,1870,16,越南315号 原種,2025-07-28,12,0.7377571362594353,C4,1.3333333333333333,"{""type"":""MultiPoint"",""coordinates"":[]}"
20250728T013711_20250728T014353_T53SPV_13,3610,42,キヌヒカリ 原原種・原種,2025-07-28,30,0.8235776720390894,C5,1.4,"{""type"":""MultiPoint"",""coordinates"":[]}"
20250728T013711_20250728T014353_T53SPV_14,1090,15,休耕,2025-07-28,6,0.6733361139276816,C6,2.5,"{""type"":""MultiPoint"",""coordinates"":[]}"
20250728T013711_20250728T014353_T53SPV_15,3560,36,いちほまれ 原種,2025-07-28,30,0.7641242676865322,D1,1.2,"{""type"":""MultiPoint"",""coordinates"":[]}"
20250728T013711_20250728T014353_T53SPV_16,1080,12,休耕,2025-07-28,6,0.7415139582730064,D2,2.0,"{""type"":""MultiPoint"",""coordinates"":[]}"
20250730T014111_20250730T014114_T53SPA_0,3020,28,コシヒカリ 原種,2025-07-30,28,0.6266457181787014,A1,1.0,"{""type"":""MultiPoint"",""coordinates"":[]}"
20250730T014111_20250730T014114_T53SPA_1,2950,28,はねうまもち 系統・原原原種・原原種,2025-07-30,21,0.7849351923392307,A2,1.3333333333333333,"{""type"":""MultiPoint"",""coordinates"":[]}"
20250730T014111_20250730T014114_T53SPA_2,1740,14,県大3号・はねうまもち 系統・原原原種・原原種,2025-07-30,7,0.796747605736687,A3,2.0,"{""type"":""MultiPoint"",""coordinates"":[]}"
20250730T014111_20250730T014114_T53SPA_3,1440,18,"カグラモチ 原原種・原種（A4-1+A4-2, 幅19m）",2025-07-30,14,0.44066137949718787,A4,1.2857142857142858,"{""type"":""MultiPoint"",""coordinates"":[]}"
20250730T014111_20250730T014114_T53SPA_4,2189,26,"越南315号・系統・イクヒカリ（A5-1〜3, 幅28m）",2025-07-30,14,0.5855026929729295,A5,1.8571428571428572,"{""type"":""MultiPoint"",""coordinates"":[]}"
20250730T014111_20250730T014114_T53SPA_5,3830,40,コシヒカリ 原種,2025-07-30,27,0.7937303948858455,B1,1.4814814814814814,"{""type"":""MultiPoint"",""coordinates"":[]}"
20250730T014111_20250730T014114_T53SPA_6,4120,50,コシヒカリ 原原種・原種,2025-07-30,36,0.7682662817523547,B2,1.3888888888888888,"{""type"":""MultiPoint"",""coordinates"":[]}"
20250730T014111_20250730T014114_T53SPA_7,3000,29,コシヒカリ 原種,2025-07-30,27,0.8172301418503028,B3,1.0740740740740742,"{""type"":""MultiPoint"",""coordinates"":[]}"
20250730T014111_20250730T014114_T53SPA_8,2420,17,ファイバースノウ 系統・原原原種・原原種,2025-07-30,12,0.3601024567649375,B4,1.4166666666666667,"{""type"":""MultiPoint"",""coordinates"":[]}"
20250730T014111_20250730T014114_T53SPA_9,4040,32,あきさかり 原種,2025-07-30,35,0.8761170666492045,C1,0.9142857142857143,"{""type"":""MultiPoint"",""coordinates"":[]}"
20250730T014111_20250730T014114_T53SPA_10,3960,32,ハナエチゼン 原種,2025-07-30,28,0.7573222723026475,C2,1.1428571428571428,"{""type"":""MultiPoint"",""coordinates"":[]}"
20250730T014111_20250730T014114_T53SPA_11,1810,20,休耕,2025-07-30,15,0.8513167477206002,C3,1.3333333333333333,"{""type"":""MultiPoint"",""coordinates"":[]}"
20250730T014111_20250730T014114_T53SPA_12,1870,16,越南315号 原種,2025-07-30,12,0.695798664638143,C4,1.3333333333333333,"{""type"":""MultiPoint"",""coordinates"":[]}"
20250730T014111_20250730T014114_T53SPA_13,3610,42,キヌヒカリ 原原種・原種,2025-07-30,30,0.8205693528071274,C5,1.4,"{""type"":""MultiPoint"",""coordinates"":[]}"
20250730T014111_20250730T014114_T53SPA_14,1090,15,休耕,2025-07-30,6,0.703727433826417,C6,2.5,"{""type"":""MultiPoint"",""coordinates"":[]}"
20250730T014111_20250730T014114_T53SPA_15,3560,36,いちほまれ 原種,2025-07-30,30,0.7810557243339289,D1,1.2,"{""type"":""MultiPoint"",""coordinates"":[]}"
20250730T014111_20250730T014114_T53SPA_16,1080,12,休耕,2025-07-30,6,0.7681435647907615,D2,2.0,"{""type"":""MultiPoint"",""coordinates"":[]}"
20250730T014111_20250730T014114_T53SPV_0,3020,28,コシヒカリ 原種,2025-07-30,28,0.6286410674722592,A1,1.0,"{""type"":""MultiPoint"",""coordinates"":[]}"
20250730T014111_20250730T014114_T53SPV_1,2950,28,はねうまもち 系統・原原原種・原原種,2025-07-30,21,0.7926595018149692,A2,1.3333333333333333,"{""type"":""MultiPoint"",""coordinates"":[]}"
20250730T014111_20250730T014114_T53SPV_2,1740,14,県大3号・はねうまもち 系統・原原原種・原原種,2025-07-30,7,0.8022730575737674,A3,2.0,"{""type"":""MultiPoint"",""coordinates"":[]}"
20250730T014111_20250730T014114_T53SPV_3,1440,18,"カグラモチ 原原種・原種（A4-1+A4-2, 幅19m）",2025-07-30,14,0.43650646611684407,A4,1.2857142857142858,"{""type"":""MultiPoint"",""coordinates"":[]}"
20250730T014111_20250730T014114_T53SPV_4,2189,26,"越南315号・系統・イクヒカリ（A5-1〜3, 幅28m）",2025-07-30,14,0.586308526521709,A5,1.8571428571428572,"{""type"":""MultiPoint"",""coordinates"":[]}"
20250730T014111_20250730T014114_T53SPV_5,3830,40,コシヒカリ 原種,2025-07-30,27,0.801550096161491,B1,1.4814814814814814,"{""type"":""MultiPoint"",""coordinates"":[]}"
20250730T014111_20250730T014114_T53SPV_6,4120,50,コシヒカリ 原原種・原種,2025-07-30,36,0.7754330505088892,B2,1.3888888888888888,"{""type"":""MultiPoint"",""coordinates"":[]}"
20250730T014111_20250730T014114_T53SPV_7,3000,29,コシヒカリ 原種,2025-07-30,27,0.826662717101899,B3,1.0740740740740742,"{""type"":""MultiPoint"",""coordinates"":[]}"
20250730T014111_20250730T014114_T53SPV_8,2420,17,ファイバースノウ 系統・原原原種・原原種,2025-07-30,12,0.3538438888776874,B4,1.4166666666666667,"{""type"":""MultiPoint"",""coordinates"":[]}"
20250730T014111_20250730T014114_T53SPV_9,4040,32,あきさかり 原種,2025-07-30,35,0.886326072019946,C1,0.9142857142857143,"{""type"":""MultiPoint"",""coordinates"":[]}"
20250730T014111_20250730T014114_T53SPV_10,3960,32,ハナエチゼン 原種,2025-07-30,28,0.7623871746770536,C2,1.1428571428571428,"{""type"":""MultiPoint"",""coordinates"":[]}"
20250730T014111_20250730T014114_T53SPV_11,1810,20,休耕,2025-07-30,15,0.859709639985908,C3,1.3333333333333333,"{""type"":""MultiPoint"",""coordinates"":[]}"
20250730T014111_20250730T014114_T53SPV_12,1870,16,越南315号 原種,2025-07-30,12,0.6992917117613633,C4,1.3333333333333333,"{""type"":""MultiPoint"",""coordinates"":[]}"
20250730T014111_20250730T014114_T53SPV_13,3610,42,キヌヒカリ 原原種・原種,2025-07-30,30,0.8289559595598041,C5,1.4,"{""type"":""MultiPoint"",""coordinates"":[]}"
20250730T014111_20250730T014114_T53SPV_14,1090,15,休耕,2025-07-30,6,0.7073648842519324,C6,2.5,"{""type"":""MultiPoint"",""coordinates"":[]}"
20250730T014111_20250730T014114_T53SPV_15,3560,36,いちほまれ 原種,2025-07-30,30,0.7864832673903013,D1,1.2,"{""type"":""MultiPoint"",""coordinates"":[]}"
20250730T014111_20250730T014114_T53SPV_16,1080,12,休耕,2025-07-30,6,0.7734840070470625,D2,2.0,"{""type"":""MultiPoint"",""coordinates"":[]}"
20250901T013649_20250901T014639_T53SPA_0,3020,28,コシヒカリ 原種,2025-09-01,28,0.8400095312658937,A1,1.0,"{""type"":""MultiPoint"",""coordinates"":[]}"
20250901T013649_20250901T014639_T53SPA_1,2950,28,はねうまもち 系統・原原原種・原原種,2025-09-01,21,0.2715204038073921,A2,1.3333333333333333,"{""type"":""MultiPoint"",""coordinates"":[]}"
20250901T013649_20250901T014639_T53SPA_2,1740,14,県大3号・はねうまもち 系統・原原原種・原原種,2025-09-01,7,0.29006586695762004,A3,2.0,"{""type"":""MultiPoint"",""coordinates"":[]}"
20250901T013649_20250901T014639_T53SPA_3,1440,18,"カグラモチ 原原種・原種（A4-1+A4-2, 幅19m）",2025-09-01,14,0.6877651246391474,A4,1.2857142857142858,"{""type"":""MultiPoint"",""coordinates"":[]}"
20250901T013649_20250901T014639_T53SPA_4,2189,26,"越南315号・系統・イクヒカリ（A5-1〜3, 幅28m）",2025-09-01,14,0.690349420974494,A5,1.8571428571428572,"{""type"":""MultiPoint"",""coordinates"":[]}"
20250901T013649_20250901T014639_T53SPA_5,3830,40,コシヒカリ 原種,2025-09-01,27,0.6603022113127287,B1,1.4814814814814814,"{""type"":""MultiPoint"",""coordinates"":[]}"
20250901T013649_20250901T014639_T53SPA_6,4120,50,コシヒカリ 原原種・原種,2025-09-01,36,0.6006254708601074,B2,1.3888888888888888,"{""type"":""MultiPoint"",""coordinates"":[]}"
20250901T013649_20250901T014639_T53SPA_7,3000,29,コシヒカリ 原種,2025-09-01,27,0.7631042637209577,B3,1.0740740740740742,"{""type"":""MultiPoint"",""coordinates"":[]}"
20250901T013649_20250901T014639_T53SPA_8,2420,17,ファイバースノウ 系統・原原原種・原原種,2025-09-01,12,0.7612059519331841,B4,1.4166666666666667,"{""type"":""MultiPoint"",""coordinates"":[]}"
20250901T013649_20250901T014639_T53SPA_9,4040,32,あきさかり 原種,2025-09-01,35,0.7749485499441944,C1,0.9142857142857143,"{""type"":""MultiPoint"",""coordinates"":[]}"
20250901T013649_20250901T014639_T53SPA_10,3960,32,ハナエチゼン 原種,2025-09-01,28,0.2955900928856713,C2,1.1428571428571428,"{""type"":""MultiPoint"",""coordinates"":[]}"
20250901T013649_20250901T014639_T53SPA_11,1810,20,休耕,2025-09-01,15,0.738875923688513,C3,1.3333333333333333,"{""type"":""MultiPoint"",""coordinates"":[]}"
20250901T013649_20250901T014639_T53SPA_12,1870,16,越南315号 原種,2025-09-01,12,0.40119356998515093,C4,1.3333333333333333,"{""type"":""MultiPoint"",""coordinates"":[]}"
20250901T013649_20250901T014639_T53SPA_13,3610,42,キヌヒカリ 原原種・原種,2025-09-01,30,0.7019655690807952,C5,1.4,"{""type"":""MultiPoint"",""coordinates"":[]}"
20250901T013649_20250901T014639_T53SPA_14,1090,15,休耕,2025-09-01,6,0.7635785165044072,C6,2.5,"{""type"":""MultiPoint"",""coordinates"":[]}"
20250901T013649_20250901T014639_T53SPA_15,3560,36,いちほまれ 原種,2025-09-01,30,0.8258378235371304,D1,1.2,"{""type"":""MultiPoint"",""coordinates"":[]}"
20250901T013649_20250901T014639_T53SPA_16,1080,12,休耕,2025-09-01,6,0.8098851707041504,D2,2.0,"{""type"":""MultiPoint"",""coordinates"":[]}"
20250901T013649_20250901T014639_T53SPV_0,3020,28,コシヒカリ 原種,2025-09-01,28,0.8395894020903152,A1,1.0,"{""type"":""MultiPoint"",""coordinates"":[]}"
20250901T013649_20250901T014639_T53SPV_1,2950,28,はねうまもち 系統・原原原種・原原種,2025-09-01,21,0.27183198018501337,A2,1.3333333333333333,"{""type"":""MultiPoint"",""coordinates"":[]}"
20250901T013649_20250901T014639_T53SPV_2,1740,14,県大3号・はねうまもち 系統・原原原種・原原種,2025-09-01,7,0.2900462407688859,A3,2.0,"{""type"":""MultiPoint"",""coordinates"":[]}"
20250901T013649_20250901T014639_T53SPV_3,1440,18,"カグラモチ 原原種・原種（A4-1+A4-2, 幅19m）",2025-09-01,14,0.687208967733345,A4,1.2857142857142858,"{""type"":""MultiPoint"",""coordinates"":[]}"
20250901T013649_20250901T014639_T53SPV_4,2189,26,"越南315号・系統・イクヒカリ（A5-1〜3, 幅28m）",2025-09-01,14,0.6898604103517648,A5,1.8571428571428572,"{""type"":""MultiPoint"",""coordinates"":[]}"
20250901T013649_20250901T014639_T53SPV_5,3830,40,コシヒカリ 原種,2025-09-01,27,0.6600135129455165,B1,1.4814814814814814,"{""type"":""MultiPoint"",""coordinates"":[]}"
20250901T013649_20250901T014639_T53SPV_6,4120,50,コシヒカリ 原原種・原種,2025-09-01,36,0.6002963678130074,B2,1.3888888888888888,"{""type"":""MultiPoint"",""coordinates"":[]}"
20250901T013649_20250901T014639_T53SPV_7,3000,29,コシヒカリ 原種,2025-09-01,27,0.7626029198548091,B3,1.0740740740740742,"{""type"":""MultiPoint"",""coordinates"":[]}"
20250901T013649_20250901T014639_T53SPV_8,2420,17,ファイバースノウ 系統・原原原種・原原種,2025-09-01,12,0.760652474927551,B4,1.4166666666666667,"{""type"":""MultiPoint"",""coordinates"":[]}"
20250901T013649_20250901T014639_T53SPV_9,4040,32,あきさかり 原種,2025-09-01,35,0.7745419537428859,C1,0.9142857142857143,"{""type"":""MultiPoint"",""coordinates"":[]}"
20250901T013649_20250901T014639_T53SPV_10,3960,32,ハナエチゼン 原種,2025-09-01,28,0.29582124137893023,C2,1.1428571428571428,"{""type"":""MultiPoint"",""coordinates"":[]}"
20250901T013649_20250901T014639_T53SPV_11,1810,20,休耕,2025-09-01,15,0.7385171944132761,C3,1.3333333333333333,"{""type"":""MultiPoint"",""coordinates"":[]}"
20250901T013649_20250901T014639_T53SPV_12,1870,16,越南315号 原種,2025-09-01,12,0.4010518703545063,C4,1.3333333333333333,"{""type"":""MultiPoint"",""coordinates"":[]}"
20250901T013649_20250901T014639_T53SPV_13,3610,42,キヌヒカリ 原原種・原種,2025-09-01,30,0.7015699985792994,C5,1.4,"{""type"":""MultiPoint"",""coordinates"":[]}"
20250901T013649_20250901T014639_T53SPV_14,1090,15,休耕,2025-09-01,6,0.7628330892998925,C6,2.5,"{""type"":""MultiPoint"",""coordinates"":[]}"
20250901T013649_20250901T014639_T53SPV_15,3560,36,いちほまれ 原種,2025-09-01,30,0.8253663305174583,D1,1.2,"{""type"":""MultiPoint"",""coordinates"":[]}"
20250901T013649_20250901T014639_T53SPV_16,1080,12,休耕,2025-09-01,6,0.8091641704800084,D2,2.0,"{""type"":""MultiPoint"",""coordinates"":[]}"
20250906T013711_20250906T014333_T53SPA_0,3020,28,コシヒカリ 原種,2025-09-06,28,0.841710718379337,A1,1.0,"{""type"":""MultiPoint"",""coordinates"":[]}"
20250906T013711_20250906T014333_T53SPA_1,2950,28,はねうまもち 系統・原原原種・原原種,2025-09-06,21,0.3377266991867109,A2,1.3333333333333333,"{""type"":""MultiPoint"",""coordinates"":[]}"
20250906T013711_20250906T014333_T53SPA_2,1740,14,県大3号・はねうまもち 系統・原原原種・原原種,2025-09-06,7,0.3719122197340836,A3,2.0,"{""type"":""MultiPoint"",""coordinates"":[]}"
20250906T013711_20250906T014333_T53SPA_3,1440,18,"カグラモチ 原原種・原種（A4-1+A4-2, 幅19m）",2025-09-06,14,0.647077005154745,A4,1.2857142857142858,"{""type"":""MultiPoint"",""coordinates"":[]}"
20250906T013711_20250906T014333_T53SPA_4,2189,26,"越南315号・系統・イクヒカリ（A5-1〜3, 幅28m）",2025-09-06,14,0.6634911578023024,A5,1.8571428571428572,"{""type"":""MultiPoint"",""coordinates"":[]}"
20250906T013711_20250906T014333_T53SPA_5,3830,40,コシヒカリ 原種,2025-09-06,27,0.6380499465520729,B1,1.4814814814814814,"{""type"":""MultiPoint"",""coordinates"":[]}"
20250906T013711_20250906T014333_T53SPA_6,4120,50,コシヒカリ 原原種・原種,2025-09-06,36,0.25301990072271724,B2,1.3888888888888888,"{""type"":""MultiPoint"",""coordinates"":[]}"
20250906T013711_20250906T014333_T53SPA_7,3000,29,コシヒカリ 原種,2025-09-06,27,0.7605144138623112,B3,1.0740740740740742,"{""type"":""MultiPoint"",""coordinates"":[]}"
20250906T013711_20250906T014333_T53SPA_8,2420,17,ファイバースノウ 系統・原原原種・原原種,2025-09-06,12,0.7851749957498132,B4,1.4166666666666667,"{""type"":""MultiPoint"",""coordinates"":[]}"
20250906T013711_20250906T014333_T53SPA_9,4040,32,あきさかり 原種,2025-09-06,35,0.7479020478036326,C1,0.9142857142857143,"{""type"":""MultiPoint"",""coordinates"":[]}"
20250906T013711_20250906T014333_T53SPA_10,3960,32,ハナエチゼン 原種,2025-09-06,28,0.2511018392325331,C2,1.1428571428571428,"{""type"":""MultiPoint"",""coordinates"":[]}"
20250906T013711_20250906T014333_T53SPA_11,1810,20,休耕,2025-09-06,15,0.7214017963848709,C3,1.3333333333333333,"{""type"":""MultiPoint"",""coordinates"":[]}"
20250906T013711_20250906T014333_T53SPA_12,1870,16,越南315号 原種,2025-09-06,12,0.3260110906969067,C4,1.3333333333333333,"{""type"":""MultiPoint"",""coordinates"":[]}"
20250906T013711_20250906T014333_T53SPA_13,3610,42,キヌヒカリ 原原種・原種,2025-09-06,30,0.6855324612237804,C5,1.4,"{""type"":""MultiPoint"",""coordinates"":[]}"
20250906T013711_20250906T014333_T53SPA_14,1090,15,休耕,2025-09-06,6,0.6935910182930567,C6,2.5,"{""type"":""MultiPoint"",""coordinates"":[]}"
20250906T013711_20250906T014333_T53SPA_15,3560,36,いちほまれ 原種,2025-09-06,30,0.6978756639291068,D1,1.2,"{""type"":""MultiPoint"",""coordinates"":[]}"
20250906T013711_20250906T014333_T53SPA_16,1080,12,休耕,2025-09-06,6,0.7254091989685997,D2,2.0,"{""type"":""MultiPoint"",""coordinates"":[]}"
20250906T013711_20250906T014333_T53SPV_0,3020,28,コシヒカリ 原種,2025-09-06,28,0.840299700106214,A1,1.0,"{""type"":""MultiPoint"",""coordinates"":[]}"
20250906T013711_20250906T014333_T53SPV_1,2950,28,はねうまもち 系統・原原原種・原原種,2025-09-06,21,0.33807972347662846,A2,1.3333333333333333,"{""type"":""MultiPoint"",""coordinates"":[]}"
20250906T013711_20250906T014333_T53SPV_2,1740,14,県大3号・はねうまもち 系統・原原原種・原原種,2025-09-06,7,0.372341640795563,A3,2.0,"{""type"":""MultiPoint"",""coordinates"":[]}"
20250906T013711_20250906T014333_T53SPV_3,1440,18,"カグラモチ 原原種・原種（A4-1+A4-2, 幅19m）",2025-09-06,14,0.6454655741349473,A4,1.2857142857142858,"{""type"":""MultiPoint"",""coordinates"":[]}"
20250906T013711_20250906T014333_T53SPV_4,2189,26,"越南315号・系統・イクヒカリ（A5-1〜3, 幅28m）",2025-09-06,14,0.6621046303522825,A5,1.8571428571428572,"{""type"":""MultiPoint"",""coordinates"":[]}"
20250906T013711_20250906T014333_T53SPV_5,3830,40,コシヒカリ 原種,2025-09-06,27,0.6370309899293943,B1,1.4814814814814814,"{""type"":""MultiPoint"",""coordinates"":[]}"
20250906T013711_20250906T014333_T53SPV_6,4120,50,コシヒカリ 原原種・原種,2025-09-06,36,0.2542031320037419,B2,1.3888888888888888,"{""type"":""MultiPoint"",""coordinates"":[]}"
20250906T013711_20250906T014333_T53SPV_7,3000,29,コシヒカリ 原種,2025-09-06,27,0.7590026867998594,B3,1.0740740740740742,"{""type"":""MultiPoint"",""coordinates"":[]}"
20250906T013711_20250906T014333_T53SPV_8,2420,17,ファイバースノウ 系統・原原原種・原原種,2025-09-06,12,0.7835917514452658,B4,1.4166666666666667,"{""type"":""MultiPoint"",""coordinates"":[]}"
20250906T013711_20250906T014333_T53SPV_9,4040,32,あきさかり 原種,2025-09-06,35,0.7462536659409593,C1,0.9142857142857143,"{""type"":""MultiPoint"",""coordinates"":[]}"
20250906T013711_20250906T014333_T53SPV_10,3960,32,ハナエチゼン 原種,2025-09-06,28,0.2515919200026194,C2,1.1428571428571428,"{""type"":""MultiPoint"",""coordinates"":[]}"
20250906T013711_20250906T014333_T53SPV_11,1810,20,休耕,2025-09-06,15,0.7203597955941229,C3,1.3333333333333333,"{""type"":""MultiPoint"",""coordinates"":[]}"
20250906T013711_20250906T014333_T53SPV_12,1870,16,越南315号 原種,2025-09-06,12,0.32712068067044353,C4,1.3333333333333333,"{""type"":""MultiPoint"",""coordinates"":[]}"
20250906T013711_20250906T014333_T53SPV_13,3610,42,キヌヒカリ 原原種・原種,2025-09-06,30,0.6842945972354577,C5,1.4,"{""type"":""MultiPoint"",""coordinates"":[]}"
20250906T013711_20250906T014333_T53SPV_14,1090,15,休耕,2025-09-06,6,0.6918059937590311,C6,2.5,"{""type"":""MultiPoint"",""coordinates"":[]}"
20250906T013711_20250906T014333_T53SPV_15,3560,36,いちほまれ 原種,2025-09-06,30,0.696407595283654,D1,1.2,"{""type"":""MultiPoint"",""coordinates"":[]}"
20250906T013711_20250906T014333_T53SPV_16,1080,12,休耕,2025-09-06,6,0.7239719787883376,D2,2.0,"{""type"":""MultiPoint"",""coordinates"":[]}"
20250916T013701_20250916T014457_T53SPA_0,3020,28,コシヒカリ 原種,2025-09-16,28,0.834036221289412,A1,1.0,"{""type"":""MultiPoint"",""coordinates"":[]}"
20250916T013701_20250916T014457_T53SPA_1,2950,28,はねうまもち 系統・原原原種・原原種,2025-09-16,21,0.6674715722628511,A2,1.3333333333333333,"{""type"":""MultiPoint"",""coordinates"":[]}"
20250916T013701_20250916T014457_T53SPA_2,1740,14,県大3号・はねうまもち 系統・原原原種・原原種,2025-09-16,7,0.6762442581689904,A3,2.0,"{""type"":""MultiPoint"",""coordinates"":[]}"
20250916T013701_20250916T014457_T53SPA_3,1440,18,"カグラモチ 原原種・原種（A4-1+A4-2, 幅19m）",2025-09-16,14,0.6784769681749102,A4,1.2857142857142858,"{""type"":""MultiPoint"",""coordinates"":[]}"
20250916T013701_20250916T014457_T53SPA_4,2189,26,"越南315号・系統・イクヒカリ（A5-1〜3, 幅28m）",2025-09-16,14,0.6674164585338418,A5,1.8571428571428572,"{""type"":""MultiPoint"",""coordinates"":[]}"
20250916T013701_20250916T014457_T53SPA_5,3830,40,コシヒカリ 原種,2025-09-16,27,0.3072785917414435,B1,1.4814814814814814,"{""type"":""MultiPoint"",""coordinates"":[]}"
20250916T013701_20250916T014457_T53SPA_6,4120,50,コシヒカリ 原原種・原種,2025-09-16,36,0.4297744370184225,B2,1.3888888888888888,"{""type"":""MultiPoint"",""coordinates"":[]}"
20250916T013701_20250916T014457_T53SPA_7,3000,29,コシヒカリ 原種,2025-09-16,27,0.33421150594860377,B3,1.0740740740740742,"{""type"":""MultiPoint"",""coordinates"":[]}"
20250916T013701_20250916T014457_T53SPA_8,2420,17,ファイバースノウ 系統・原原原種・原原種,2025-09-16,12,0.7637646338107089,B4,1.4166666666666667,"{""type"":""MultiPoint"",""coordinates"":[]}"
20250916T013701_20250916T014457_T53SPA_9,4040,32,あきさかり 原種,2025-09-16,35,0.6980645233095002,C1,0.9142857142857143,"{""type"":""MultiPoint"",""coordinates"":[]}"
20250916T013701_20250916T014457_T53SPA_10,3960,32,ハナエチゼン 原種,2025-09-16,28,0.23820495308004744,C2,1.1428571428571428,"{""type"":""MultiPoint"",""coordinates"":[]}"
20250916T013701_20250916T014457_T53SPA_11,1810,20,休耕,2025-09-16,15,0.67419250603921,C3,1.3333333333333333,"{""type"":""MultiPoint"",""coordinates"":[]}"
20250916T013701_20250916T014457_T53SPA_12,1870,16,越南315号 原種,2025-09-16,12,0.3247118348396059,C4,1.3333333333333333,"{""type"":""MultiPoint"",""coordinates"":[]}"
20250916T013701_20250916T014457_T53SPA_13,3610,42,キヌヒカリ 原原種・原種,2025-09-16,30,0.23349240068388244,C5,1.4,"{""type"":""MultiPoint"",""coordinates"":[]}"
20250916T013701_20250916T014457_T53SPA_14,1090,15,休耕,2025-09-16,6,0.7197849618060176,C6,2.5,"{""type"":""MultiPoint"",""coordinates"":[]}"
20250916T013701_20250916T014457_T53SPA_15,3560,36,いちほまれ 原種,2025-09-16,30,0.7698341666277978,D1,1.2,"{""type"":""MultiPoint"",""coordinates"":[]}"
20250916T013701_20250916T014457_T53SPA_16,1080,12,休耕,2025-09-16,6,0.7323229934687355,D2,2.0,"{""type"":""MultiPoint"",""coordinates"":[]}"
20250916T013701_20250916T014457_T53SPV_0,3020,28,コシヒカリ 原種,2025-09-16,28,0.8334109081324786,A1,1.0,"{""type"":""MultiPoint"",""coordinates"":[]}"
20250916T013701_20250916T014457_T53SPV_1,2950,28,はねうまもち 系統・原原原種・原原種,2025-09-16,21,0.6666647498205813,A2,1.3333333333333333,"{""type"":""MultiPoint"",""coordinates"":[]}"
20250916T013701_20250916T014457_T53SPV_2,1740,14,県大3号・はねうまもち 系統・原原原種・原原種,2025-09-16,7,0.6755921736845854,A3,2.0,"{""type"":""MultiPoint"",""coordinates"":[]}"
20250916T013701_20250916T014457_T53SPV_3,1440,18,"カグラモチ 原原種・原種（A4-1+A4-2, 幅19m）",2025-09-16,14,0.6776572848087362,A4,1.2857142857142858,"{""type"":""MultiPoint"",""coordinates"":[]}"
20250916T013701_20250916T014457_T53SPV_4,2189,26,"越南315号・系統・イクヒカリ（A5-1〜3, 幅28m）",2025-09-16,14,0.6663667468386325,A5,1.8571428571428572,"{""type"":""MultiPoint"",""coordinates"":[]}"
20250916T013701_20250916T014457_T53SPV_5,3830,40,コシヒカリ 原種,2025-09-16,27,0.30658696166386395,B1,1.4814814814814814,"{""type"":""MultiPoint"",""coordinates"":[]}"
20250916T013701_20250916T014457_T53SPV_6,4120,50,コシヒカリ 原原種・原種,2025-09-16,36,0.4291526854544403,B2,1.3888888888888888,"{""type"":""MultiPoint"",""coordinates"":[]}"
20250916T013701_20250916T014457_T53SPV_7,3000,29,コシヒカリ 原種,2025-09-16,27,0.3338208088654746,B3,1.0740740740740742,"{""type"":""MultiPoint"",""coordinates"":[]}"
20250916T013701_20250916T014457_T53SPV_8,2420,17,ファイバースノウ 系統・原原原種・原原種,2025-09-16,12,0.7629626004577692,B4,1.4166666666666667,"{""type"":""MultiPoint"",""coordinates"":[]}"
20250916T013701_20250916T014457_T53SPV_9,4040,32,あきさかり 原種,2025-09-16,35,0.6974216818338187,C1,0.9142857142857143,"{""type"":""MultiPoint"",""coordinates"":[]}"
20250916T013701_20250916T014457_T53SPV_10,3960,32,ハナエチゼン 原種,2025-09-16,28,0.23782106837798164,C2,1.1428571428571428,"{""type"":""MultiPoint"",""coordinates"":[]}"
20250916T013701_20250916T014457_T53SPV_11,1810,20,休耕,2025-09-16,15,0.6737085720264616,C3,1.3333333333333333,"{""type"":""MultiPoint"",""coordinates"":[]}"
20250916T013701_20250916T014457_T53SPV_12,1870,16,越南315号 原種,2025-09-16,12,0.32395275082781,C4,1.3333333333333333,"{""type"":""MultiPoint"",""coordinates"":[]}"
20250916T013701_20250916T014457_T53SPV_13,3610,42,キヌヒカリ 原原種・原種,2025-09-16,30,0.233020823566576,C5,1.4,"{""type"":""MultiPoint"",""coordinates"":[]}"
20250916T013701_20250916T014457_T53SPV_14,1090,15,休耕,2025-09-16,6,0.7190287100217553,C6,2.5,"{""type"":""MultiPoint"",""coordinates"":[]}"
20250916T013701_20250916T014457_T53SPV_15,3560,36,いちほまれ 原種,2025-09-16,30,0.7689542640696774,D1,1.2,"{""type"":""MultiPoint"",""coordinates"":[]}"
20250916T013701_20250916T014457_T53SPV_16,1080,12,休耕,2025-09-16,6,0.7314482972741175,D2,2.0,"{""type"":""MultiPoint"",""coordinates"":[]}"
20251006T013711_20251006T013710_T53SPA_0,3020,28,コシヒカリ 原種,2025-10-06,28,0.6823209600133342,A1,1.0,"{""type"":""MultiPoint"",""coordinates"":[]}"
20251006T013711_20251006T013710_T53SPA_1,2950,28,はねうまもち 系統・原原原種・原原種,2025-10-06,21,0.7262534608025837,A2,1.3333333333333333,"{""type"":""MultiPoint"",""coordinates"":[]}"
20251006T013711_20251006T013710_T53SPA_2,1740,14,県大3号・はねうまもち 系統・原原原種・原原種,2025-10-06,7,0.4742589275885846,A3,2.0,"{""type"":""MultiPoint"",""coordinates"":[]}"
20251006T013711_20251006T013710_T53SPA_3,1440,18,"カグラモチ 原原種・原種（A4-1+A4-2, 幅19m）",2025-10-06,14,0.55918727926028,A4,1.2857142857142858,"{""type"":""MultiPoint"",""coordinates"":[]}"
20251006T013711_20251006T013710_T53SPA_4,2189,26,"越南315号・系統・イクヒカリ（A5-1〜3, 幅28m）",2025-10-06,14,0.5569760758012353,A5,1.8571428571428572,"{""type"":""MultiPoint"",""coordinates"":[]}"
20251006T013711_20251006T013710_T53SPA_5,3830,40,コシヒカリ 原種,2025-10-06,27,0.5875380362752186,B1,1.4814814814814814,"{""type"":""MultiPoint"",""coordinates"":[]}"
20251006T013711_20251006T013710_T53SPA_6,4120,50,コシヒカリ 原原種・原種,2025-10-06,36,0.640985578258395,B2,1.3888888888888888,"{""type"":""MultiPoint"",""coordinates"":[]}"
20251006T013711_20251006T013710_T53SPA_7,3000,29,コシヒカリ 原種,2025-10-06,27,0.6765517849124794,B3,1.0740740740740742,"{""type"":""MultiPoint"",""coordinates"":[]}"
20251006T013711_20251006T013710_T53SPA_8,2420,17,ファイバースノウ 系統・原原原種・原原種,2025-10-06,12,0.3339148907954446,B4,1.4166666666666667,"{""type"":""MultiPoint"",""coordinates"":[]}"
20251006T013711_20251006T013710_T53SPA_9,4040,32,あきさかり 原種,2025-10-06,35,0.2935537225211782,C1,0.9142857142857143,"{""type"":""MultiPoint"",""coordinates"":[]}"
20251006T013711_20251006T013710_T53SPA_10,3960,32,ハナエチゼン 原種,2025-10-06,28,0.4568616859664412,C2,1.1428571428571428,"{""type"":""MultiPoint"",""coordinates"":[]}"
20251006T013711_20251006T013710_T53SPA_11,1810,20,休耕,2025-10-06,15,0.34517635233540983,C3,1.3333333333333333,"{""type"":""MultiPoint"",""coordinates"":[]}"
20251006T013711_20251006T013710_T53SPA_12,1870,16,越南315号 原種,2025-10-06,12,0.4766709926275582,C4,1.3333333333333333,"{""type"":""MultiPoint"",""coordinates"":[]}"
20251006T013711_20251006T013710_T53SPA_13,3610,42,キヌヒカリ 原原種・原種,2025-10-06,30,0.4993213294857388,C5,1.4,"{""type"":""MultiPoint"",""coordinates"":[]}"
20251006T013711_20251006T013710_T53SPA_14,1090,15,休耕,2025-10-06,6,0.6345960783892115,C6,2.5,"{""type"":""MultiPoint"",""coordinates"":[]}"
20251006T013711_20251006T013710_T53SPA_15,3560,36,いちほまれ 原種,2025-10-06,30,0.7639849787883052,D1,1.2,"{""type"":""MultiPoint"",""coordinates"":[]}"
20251006T013711_20251006T013710_T53SPA_16,1080,12,休耕,2025-10-06,6,0.3532677269635799,D2,2.0,"{""type"":""MultiPoint"",""coordinates"":[]}"
20251006T013711_20251006T013710_T53SPV_0,3020,28,コシヒカリ 原種,2025-10-06,28,0.6751449322248997,A1,1.0,"{""type"":""MultiPoint"",""coordinates"":[]}"
20251006T013711_20251006T013710_T53SPV_1,2950,28,はねうまもち 系統・原原原種・原原種,2025-10-06,21,0.7167734315860262,A2,1.3333333333333333,"{""type"":""MultiPoint"",""coordinates"":[]}"
20251006T013711_20251006T013710_T53SPV_2,1740,14,県大3号・はねうまもち 系統・原原原種・原原種,2025-10-06,7,0.4704873008447963,A3,2.0,"{""type"":""MultiPoint"",""coordinates"":[]}"
20251006T013711_20251006T013710_T53SPV_3,1440,18,"カグラモチ 原原種・原種（A4-1+A4-2, 幅19m）",2025-10-06,14,0.5531830968964889,A4,1.2857142857142858,"{""type"":""MultiPoint"",""coordinates"":[]}"
20251006T013711_20251006T013710_T53SPV_4,2189,26,"越南315号・系統・イクヒカリ（A5-1〜3, 幅28m）",2025-10-06,14,0.5518569290942122,A5,1.8571428571428572,"{""type"":""MultiPoint"",""coordinates"":[]}"
20251006T013711_20251006T013710_T53SPV_5,3830,40,コシヒカリ 原種,2025-10-06,27,0.5786549414615009,B1,1.4814814814814814,"{""type"":""MultiPoint"",""coordinates"":[]}"
20251006T013711_20251006T013710_T53SPV_6,4120,50,コシヒカリ 原原種・原種,2025-10-06,36,0.6297890194020979,B2,1.3888888888888888,"{""type"":""MultiPoint"",""coordinates"":[]}"
20251006T013711_20251006T013710_T53SPV_7,3000,29,コシヒカリ 原種,2025-10-06,27,0.6623400253266924,B3,1.0740740740740742,"{""type"":""MultiPoint"",""coordinates"":[]}"
20251006T013711_20251006T013710_T53SPV_8,2420,17,ファイバースノウ 系統・原原原種・原原種,2025-10-06,12,0.3344795093616264,B4,1.4166666666666667,"{""type"":""MultiPoint"",""coordinates"":[]}"
20251006T013711_20251006T013710_T53SPV_9,4040,32,あきさかり 原種,2025-10-06,35,0.29358580003637075,C1,0.9142857142857143,"{""type"":""MultiPoint"",""coordinates"":[]}"
20251006T013711_20251006T013710_T53SPV_10,3960,32,ハナエチゼン 原種,2025-10-06,28,0.4520002285852295,C2,1.1428571428571428,"{""type"":""MultiPoint"",""coordinates"":[]}"
20251006T013711_20251006T013710_T53SPV_11,1810,20,休耕,2025-10-06,15,0.3441280838840904,C3,1.3333333333333333,"{""type"":""MultiPoint"",""coordinates"":[]}"
20251006T013711_20251006T013710_T53SPV_12,1870,16,越南315号 原種,2025-10-06,12,0.47044232307287875,C4,1.3333333333333333,"{""type"":""MultiPoint"",""coordinates"":[]}"
20251006T013711_20251006T013710_T53SPV_13,3610,42,キヌヒカリ 原原種・原種,2025-10-06,30,0.49409222631806204,C5,1.4,"{""type"":""MultiPoint"",""coordinates"":[]}"
20251006T013711_20251006T013710_T53SPV_14,1090,15,休耕,2025-10-06,6,0.6290546887980797,C6,2.5,"{""type"":""MultiPoint"",""coordinates"":[]}"
20251006T013711_20251006T013710_T53SPV_15,3560,36,いちほまれ 原種,2025-10-06,30,0.755319712202309,D1,1.2,"{""type"":""MultiPoint"",""coordinates"":[]}"
20251006T013711_20251006T013710_T53SPV_16,1080,12,休耕,2025-10-06,6,0.3539111356259345,D2,2.0,"{""type"":""MultiPoint"",""coordinates"":[]}"
20251120T013849_20251120T013848_T53SPA_0,3020,28,コシヒカリ 原種,2025-11-20,28,0.2829908225772787,A1,1.0,"{""type"":""MultiPoint"",""coordinates"":[]}"
20251120T013849_20251120T013848_T53SPA_1,2950,28,はねうまもち 系統・原原原種・原原種,2025-11-20,21,0.27640648161216824,A2,1.3333333333333333,"{""type"":""MultiPoint"",""coordinates"":[]}"
20251120T013849_20251120T013848_T53SPA_2,1740,14,県大3号・はねうまもち 系統・原原原種・原原種,2025-11-20,7,0.3500907998139374,A3,2.0,"{""type"":""MultiPoint"",""coordinates"":[]}"
20251120T013849_20251120T013848_T53SPA_3,1440,18,"カグラモチ 原原種・原種（A4-1+A4-2, 幅19m）",2025-11-20,14,0.3587801340413383,A4,1.2857142857142858,"{""type"":""MultiPoint"",""coordinates"":[]}"
20251120T013849_20251120T013848_T53SPA_4,2189,26,"越南315号・系統・イクヒカリ（A5-1〜3, 幅28m）",2025-11-20,14,0.31375247382521293,A5,1.8571428571428572,"{""type"":""MultiPoint"",""coordinates"":[]}"
20251120T013849_20251120T013848_T53SPA_5,3830,40,コシヒカリ 原種,2025-11-20,27,0.3409674776715784,B1,1.4814814814814814,"{""type"":""MultiPoint"",""coordinates"":[]}"
20251120T013849_20251120T013848_T53SPA_6,4120,50,コシヒカリ 原原種・原種,2025-11-20,36,0.2967109344992534,B2,1.3888888888888888,"{""type"":""MultiPoint"",""coordinates"":[]}"
20251120T013849_20251120T013848_T53SPA_7,3000,29,コシヒカリ 原種,2025-11-20,27,0.4306361598375387,B3,1.0740740740740742,"{""type"":""MultiPoint"",""coordinates"":[]}"
20251120T013849_20251120T013848_T53SPA_8,2420,17,ファイバースノウ 系統・原原原種・原原種,2025-11-20,12,0.32495406889429035,B4,1.4166666666666667,"{""type"":""MultiPoint"",""coordinates"":[]}"
20251120T013849_20251120T013848_T53SPA_9,4040,32,あきさかり 原種,2025-11-20,35,0.38234938445412875,C1,0.9142857142857143,"{""type"":""MultiPoint"",""coordinates"":[]}"
20251120T013849_20251120T013848_T53SPA_10,3960,32,ハナエチゼン 原種,2025-11-20,28,0.5616147322493206,C2,1.1428571428571428,"{""type"":""MultiPoint"",""coordinates"":[]}"
20251120T013849_20251120T013848_T53SPA_11,1810,20,休耕,2025-11-20,15,0.34515526535048763,C3,1.3333333333333333,"{""type"":""MultiPoint"",""coordinates"":[]}"
20251120T013849_20251120T013848_T53SPA_12,1870,16,越南315号 原種,2025-11-20,12,0.6067665651552637,C4,1.3333333333333333,"{""type"":""MultiPoint"",""coordinates"":[]}"
20251120T013849_20251120T013848_T53SPA_13,3610,42,キヌヒカリ 原原種・原種,2025-11-20,30,0.28647166669057195,C5,1.4,"{""type"":""MultiPoint"",""coordinates"":[]}"
20251120T013849_20251120T013848_T53SPA_14,1090,15,休耕,2025-11-20,6,0.3395832238815088,C6,2.5,"{""type"":""MultiPoint"",""coordinates"":[]}"
20251120T013849_20251120T013848_T53SPA_15,3560,36,いちほまれ 原種,2025-11-20,30,0.3938360861603219,D1,1.2,"{""type"":""MultiPoint"",""coordinates"":[]}"
20251120T013849_20251120T013848_T53SPA_16,1080,12,休耕,2025-11-20,6,0.4406454284026198,D2,2.0,"{""type"":""MultiPoint"",""coordinates"":[]}"
20251120T013849_20251120T013848_T53SPV_0,3020,28,コシヒカリ 原種,2025-11-20,28,0.2810054919192909,A1,1.0,"{""type"":""MultiPoint"",""coordinates"":[]}"
20251120T013849_20251120T013848_T53SPV_1,2950,28,はねうまもち 系統・原原原種・原原種,2025-11-20,21,0.27400208820932653,A2,1.3333333333333333,"{""type"":""MultiPoint"",""coordinates"":[]}"
20251120T013849_20251120T013848_T53SPV_2,1740,14,県大3号・はねうまもち 系統・原原原種・原原種,2025-11-20,7,0.34727064035475025,A3,2.0,"{""type"":""MultiPoint"",""coordinates"":[]}"
20251120T013849_20251120T013848_T53SPV_3,1440,18,"カグラモチ 原原種・原種（A4-1+A4-2, 幅19m）",2025-11-20,14,0.3561108303368126,A4,1.2857142857142858,"{""type"":""MultiPoint"",""coordinates"":[]}"
20251120T013849_20251120T013848_T53SPV_4,2189,26,"越南315号・系統・イクヒカリ（A5-1〜3, 幅28m）",2025-11-20,14,0.3125278327236877,A5,1.8571428571428572,"{""type"":""MultiPoint"",""coordinates"":[]}"
20251120T013849_20251120T013848_T53SPV_5,3830,40,コシヒカリ 原種,2025-11-20,27,0.33845900661402495,B1,1.4814814814814814,"{""type"":""MultiPoint"",""coordinates"":[]}"
20251120T013849_20251120T013848_T53SPV_6,4120,50,コシヒカリ 原原種・原種,2025-11-20,36,0.2946252815707758,B2,1.3888888888888888,"{""type"":""MultiPoint"",""coordinates"":[]}"
20251120T013849_20251120T013848_T53SPV_7,3000,29,コシヒカリ 原種,2025-11-20,27,0.42706797866463747,B3,1.0740740740740742,"{""type"":""MultiPoint"",""coordinates"":[]}"
20251120T013849_20251120T013848_T53SPV_8,2420,17,ファイバースノウ 系統・原原原種・原原種,2025-11-20,12,0.32142672025503016,B4,1.4166666666666667,"{""type"":""MultiPoint"",""coordinates"":[]}"
20251120T013849_20251120T013848_T53SPV_9,4040,32,あきさかり 原種,2025-11-20,35,0.3787971203476208,C1,0.9142857142857143,"{""type"":""MultiPoint"",""coordinates"":[]}"
20251120T013849_20251120T013848_T53SPV_10,3960,32,ハナエチゼン 原種,2025-11-20,28,0.5568622000881852,C2,1.1428571428571428,"{""type"":""MultiPoint"",""coordinates"":[]}"
20251120T013849_20251120T013848_T53SPV_11,1810,20,休耕,2025-11-20,15,0.3425606783021169,C3,1.3333333333333333,"{""type"":""MultiPoint"",""coordinates"":[]}"
20251120T013849_20251120T013848_T53SPV_12,1870,16,越南315号 原種,2025-11-20,12,0.6000538549092053,C4,1.3333333333333333,"{""type"":""MultiPoint"",""coordinates"":[]}"
20251120T013849_20251120T013848_T53SPV_13,3610,42,キヌヒカリ 原原種・原種,2025-11-20,30,0.2844088736963721,C5,1.4,"{""type"":""MultiPoint"",""coordinates"":[]}"
20251120T013849_20251120T013848_T53SPV_14,1090,15,休耕,2025-11-20,6,0.33825451197784506,C6,2.5,"{""type"":""MultiPoint"",""coordinates"":[]}"
20251120T013849_20251120T013848_T53SPV_15,3560,36,いちほまれ 原種,2025-11-20,30,0.39133053591566735,D1,1.2,"{""type"":""MultiPoint"",""coordinates"":[]}"
20251120T013849_20251120T013848_T53SPV_16,1080,12,休耕,2025-11-20,6,0.4383017505353606,D2,2.0,"{""type"":""MultiPoint"",""coordinates"":[]}"
20251130T013919_20251130T013922_T53SPA_0,3020,28,コシヒカリ 原種,2025-11-30,28,0.29336237642786817,A1,1.0,"{""type"":""MultiPoint"",""coordinates"":[]}"
20251130T013919_20251130T013922_T53SPA_1,2950,28,はねうまもち 系統・原原原種・原原種,2025-11-30,21,0.2994119468309186,A2,1.3333333333333333,"{""type"":""MultiPoint"",""coordinates"":[]}"
20251130T013919_20251130T013922_T53SPA_2,1740,14,県大3号・はねうまもち 系統・原原原種・原原種,2025-11-30,7,0.36614670580168335,A3,2.0,"{""type"":""MultiPoint"",""coordinates"":[]}"
20251130T013919_20251130T013922_T53SPA_3,1440,18,"カグラモチ 原原種・原種（A4-1+A4-2, 幅19m）",2025-11-30,14,0.3433889382396059,A4,1.2857142857142858,"{""type"":""MultiPoint"",""coordinates"":[]}"
20251130T013919_20251130T013922_T53SPA_4,2189,26,"越南315号・系統・イクヒカリ（A5-1〜3, 幅28m）",2025-11-30,14,0.2926469895444995,A5,1.8571428571428572,"{""type"":""MultiPoint"",""coordinates"":[]}"
20251130T013919_20251130T013922_T53SPA_5,3830,40,コシヒカリ 原種,2025-11-30,27,0.3030178362550538,B1,1.4814814814814814,"{""type"":""MultiPoint"",""coordinates"":[]}"
20251130T013919_20251130T013922_T53SPA_6,4120,50,コシヒカリ 原原種・原種,2025-11-30,36,0.2759439365198862,B2,1.3888888888888888,"{""type"":""MultiPoint"",""coordinates"":[]}"
20251130T013919_20251130T013922_T53SPA_7,3000,29,コシヒカリ 原種,2025-11-30,27,0.3800750613347458,B3,1.0740740740740742,"{""type"":""MultiPoint"",""coordinates"":[]}"
20251130T013919_20251130T013922_T53SPA_8,2420,17,ファイバースノウ 系統・原原原種・原原種,2025-11-30,12,0.36451332079472964,B4,1.4166666666666667,"{""type"":""MultiPoint"",""coordinates"":[]}"
20251130T013919_20251130T013922_T53SPA_9,4040,32,あきさかり 原種,2025-11-30,35,0.34117090987450455,C1,0.9142857142857143,"{""type"":""MultiPoint"",""coordinates"":[]}"
20251130T013919_20251130T013922_T53SPA_10,3960,32,ハナエチゼン 原種,2025-11-30,28,0.5047479417385754,C2,1.1428571428571428,"{""type"":""MultiPoint"",""coordinates"":[]}"
20251130T013919_20251130T013922_T53SPA_11,1810,20,休耕,2025-11-30,15,0.32113485695439586,C3,1.3333333333333333,"{""type"":""MultiPoint"",""coordinates"":[]}"
20251130T013919_20251130T013922_T53SPA_12,1870,16,越南315号 原種,2025-11-30,12,0.5332643521656887,C4,1.3333333333333333,"{""type"":""MultiPoint"",""coordinates"":[]}"
20251130T013919_20251130T013922_T53SPA_13,3610,42,キヌヒカリ 原原種・原種,2025-11-30,30,0.2486951517656455,C5,1.4,"{""type"":""MultiPoint"",""coordinates"":[]}"
20251130T013919_20251130T013922_T53SPA_14,1090,15,休耕,2025-11-30,6,0.3398755080820804,C6,2.5,"{""type"":""MultiPoint"",""coordinates"":[]}"
20251130T013919_20251130T013922_T53SPA_15,3560,36,いちほまれ 原種,2025-11-30,30,0.35125874667828266,D1,1.2,"{""type"":""MultiPoint"",""coordinates"":[]}"
20251130T013919_20251130T013922_T53SPA_16,1080,12,休耕,2025-11-30,6,0.42421011969217526,D2,2.0,"{""type"":""MultiPoint"",""coordinates"":[]}"
20251130T013919_20251130T013922_T53SPV_0,3020,28,コシヒカリ 原種,2025-11-30,28,0.2911884037027372,A1,1.0,"{""type"":""MultiPoint"",""coordinates"":[]}"
20251130T013919_20251130T013922_T53SPV_1,2950,28,はねうまもち 系統・原原原種・原原種,2025-11-30,21,0.29751636908148404,A2,1.3333333333333333,"{""type"":""MultiPoint"",""coordinates"":[]}"
20251130T013919_20251130T013922_T53SPV_2,1740,14,県大3号・はねうまもち 系統・原原原種・原原種,2025-11-30,7,0.3633335755600033,A3,2.0,"{""type"":""MultiPoint"",""coordinates"":[]}"
20251130T013919_20251130T013922_T53SPV_3,1440,18,"カグラモチ 原原種・原種（A4-1+A4-2, 幅19m）",2025-11-30,14,0.34148442086606495,A4,1.2857142857142858,"{""type"":""MultiPoint"",""coordinates"":[]}"
20251130T013919_20251130T013922_T53SPV_4,2189,26,"越南315号・系統・イクヒカリ（A5-1〜3, 幅28m）",2025-11-30,14,0.29140359913651853,A5,1.8571428571428572,"{""type"":""MultiPoint"",""coordinates"":[]}"
20251130T013919_20251130T013922_T53SPV_5,3830,40,コシヒカリ 原種,2025-11-30,27,0.30120037288937623,B1,1.4814814814814814,"{""type"":""MultiPoint"",""coordinates"":[]}"
20251130T013919_20251130T013922_T53SPV_6,4120,50,コシヒカリ 原原種・原種,2025-11-30,36,0.2741100212738735,B2,1.3888888888888888,"{""type"":""MultiPoint"",""coordinates"":[]}"
20251130T013919_20251130T013922_T53SPV_7,3000,29,コシヒカリ 原種,2025-11-30,27,0.37782060083779406,B3,1.0740740740740742,"{""type"":""MultiPoint"",""coordinates"":[]}"
20251130T013919_20251130T013922_T53SPV_8,2420,17,ファイバースノウ 系統・原原原種・原原種,2025-11-30,12,0.36226683287837574,B4,1.4166666666666667,"{""type"":""MultiPoint"",""coordinates"":[]}"
20251130T013919_20251130T013922_T53SPV_9,4040,32,あきさかり 原種,2025-11-30,35,0.33878610591925934,C1,0.9142857142857143,"{""type"":""MultiPoint"",""coordinates"":[]}"
20251130T013919_20251130T013922_T53SPV_10,3960,32,ハナエチゼン 原種,2025-11-30,28,0.5025608278288353,C2,1.1428571428571428,"{""type"":""MultiPoint"",""coordinates"":[]}"
20251130T013919_20251130T013922_T53SPV_11,1810,20,休耕,2025-11-30,15,0.3191374697021122,C3,1.3333333333333333,"{""type"":""MultiPoint"",""coordinates"":[]}"
20251130T013919_20251130T013922_T53SPV_12,1870,16,越南315号 原種,2025-11-30,12,0.5303086056182473,C4,1.3333333333333333,"{""type"":""MultiPoint"",""coordinates"":[]}"
20251130T013919_20251130T013922_T53SPV_13,3610,42,キヌヒカリ 原原種・原種,2025-11-30,30,0.24716598745224,C5,1.4,"{""type"":""MultiPoint"",""coordinates"":[]}"
20251130T013919_20251130T013922_T53SPV_14,1090,15,休耕,2025-11-30,6,0.3381787449066474,C6,2.5,"{""type"":""MultiPoint"",""coordinates"":[]}"
20251130T013919_20251130T013922_T53SPV_15,3560,36,いちほまれ 原種,2025-11-30,30,0.34941430290607045,D1,1.2,"{""type"":""MultiPoint"",""coordinates"":[]}"
20251130T013919_20251130T013922_T53SPV_16,1080,12,休耕,2025-11-30,6,0.42300459565291326,D2,2.0,"{""type"":""MultiPoint"",""coordinates"":[]}"
20251210T013949_20251210T013948_T53SPV_5,3830,30,コシヒカリ 原種,2025-12-10,27,0.2567087932838475,B1,1.1111111111111112,"{""type"":""MultiPoint"",""coordinates"":[]}"
20251210T013949_20251210T013948_T53SPV_9,4040,32,あきさかり 原種,2025-12-10,35,0.31176956428840313,C1,0.9142857142857143,"{""type"":""MultiPoint"",""coordinates"":[]}"
20251210T013949_20251210T013948_T53SPV_10,3960,32,ハナエチゼン 原種,2025-12-10,28,0.4523878068895116,C2,1.1428571428571428,"{""type"":""MultiPoint"",""coordinates"":[]}"
20251210T013949_20251210T013948_T53SPV_11,1810,20,休耕,2025-12-10,15,0.2786267315783622,C3,1.3333333333333333,"{""type"":""MultiPoint"",""coordinates"":[]}"
20251210T013949_20251210T013948_T53SPV_12,1870,16,越南315号 原種,2025-12-10,12,0.44266167874015916,C4,1.3333333333333333,"{""type"":""MultiPoint"",""coordinates"":[]}"
20251210T013949_20251210T013948_T53SPV_13,3610,42,キヌヒカリ 原原種・原種,2025-12-10,30,0.1903685432690191,C5,1.4,"{""type"":""MultiPoint"",""coordinates"":[]}"
20251210T013949_20251210T013948_T53SPV_14,1090,15,休耕,2025-12-10,6,0.1894221481797216,C6,2.5,"{""type"":""MultiPoint"",""coordinates"":[]}"
20251210T013949_20251210T013948_T53SPV_15,3560,36,いちほまれ 原種,2025-12-10,30,0.2532785465224336,D1,1.2,"{""type"":""MultiPoint"",""coordinates"":[]}"
20251210T013949_20251210T013948_T53SPV_16,1080,12,休耕,2025-12-10,6,0.24151739230954944,D2,2.0,"{""type"":""MultiPoint"",""coordinates"":[]}"
20251220T013959_20251220T014000_T53SPA_0,3020,28,コシヒカリ 原種,2025-12-20,28,0.29405525042752423,A1,1.0,"{""type"":""MultiPoint"",""coordinates"":[]}"
20251220T013959_20251220T014000_T53SPA_1,2950,28,はねうまもち 系統・原原原種・原原種,2025-12-20,21,0.34031778997662154,A2,1.3333333333333333,"{""type"":""MultiPoint"",""coordinates"":[]}"
20251220T013959_20251220T014000_T53SPA_2,1740,14,県大3号・はねうまもち 系統・原原原種・原原種,2025-12-20,7,0.40232002512352505,A3,2.0,"{""type"":""MultiPoint"",""coordinates"":[]}"
20251220T013959_20251220T014000_T53SPA_3,1440,18,"カグラモチ 原原種・原種（A4-1+A4-2, 幅19m）",2025-12-20,14,0.3429281901776216,A4,1.2857142857142858,"{""type"":""MultiPoint"",""coordinates"":[]}"
20251220T013959_20251220T014000_T53SPA_4,2189,26,"越南315号・系統・イクヒカリ（A5-1〜3, 幅28m）",2025-12-20,14,0.24244130187838597,A5,1.8571428571428572,"{""type"":""MultiPoint"",""coordinates"":[]}"
20251220T013959_20251220T014000_T53SPA_5,3830,40,コシヒカリ 原種,2025-12-20,27,0.23613790045032512,B1,1.4814814814814814,"{""type"":""MultiPoint"",""coordinates"":[]}"
20251220T013959_20251220T014000_T53SPA_6,4120,50,コシヒカリ 原原種・原種,2025-12-20,36,0.2337452026238604,B2,1.3888888888888888,"{""type"":""MultiPoint"",""coordinates"":[]}"
20251220T013959_20251220T014000_T53SPA_7,3000,29,コシヒカリ 原種,2025-12-20,27,0.32130319067984037,B3,1.0740740740740742,"{""type"":""MultiPoint"",""coordinates"":[]}"
20251220T013959_20251220T014000_T53SPA_8,2420,17,ファイバースノウ 系統・原原原種・原原種,2025-12-20,12,0.45562934023598206,B4,1.4166666666666667,"{""type"":""MultiPoint"",""coordinates"":[]}"
20251220T013959_20251220T014000_T53SPA_9,4040,32,あきさかり 原種,2025-12-20,35,0.27466814461899147,C1,0.9142857142857143,"{""type"":""MultiPoint"",""coordinates"":[]}"
20251220T013959_20251220T014000_T53SPA_10,3960,32,ハナエチゼン 原種,2025-12-20,28,0.38117301655967173,C2,1.1428571428571428,"{""type"":""MultiPoint"",""coordinates"":[]}"
20251220T013959_20251220T014000_T53SPA_11,1810,20,休耕,2025-12-20,15,0.2619893750185507,C3,1.3333333333333333,"{""type"":""MultiPoint"",""coordinates"":[]}"
20251220T013959_20251220T014000_T53SPA_12,1870,16,越南315号 原種,2025-12-20,12,0.4279499611559643,C4,1.3333333333333333,"{""type"":""MultiPoint"",""coordinates"":[]}"
20251220T013959_20251220T014000_T53SPA_13,3610,42,キヌヒカリ 原原種・原種,2025-12-20,30,0.2215764868978015,C5,1.4,"{""type"":""MultiPoint"",""coordinates"":[]}"
20251220T013959_20251220T014000_T53SPA_14,1090,15,休耕,2025-12-20,6,0.2505607039245468,C6,2.5,"{""type"":""MultiPoint"",""coordinates"":[]}"
20251220T013959_20251220T014000_T53SPA_15,3560,36,いちほまれ 原種,2025-12-20,30,0.25400389478414365,D1,1.2,"{""type"":""MultiPoint"",""coordinates"":[]}"
20251220T013959_20251220T014000_T53SPA_16,1080,12,休耕,2025-12-20,6,0.3174082564788328,D2,2.0,"{""type"":""MultiPoint"",""coordinates"":[]}"
20260106T014121_20260106T014726_T53SPV_0,3020,28,コシヒカリ 原種,2026-01-06,28,0.2596281982650482,A1,1.0,"{""type"":""MultiPoint"",""coordinates"":[]}"
20260106T014121_20260106T014726_T53SPV_1,2950,28,はねうまもち 系統・原原原種・原原種,2026-01-06,21,0.29911840068780904,A2,1.3333333333333333,"{""type"":""MultiPoint"",""coordinates"":[]}"
20260106T014121_20260106T014726_T53SPV_2,1740,14,県大3号・はねうまもち 系統・原原原種・原原種,2026-01-06,7,0.3557175137132612,A3,2.0,"{""type"":""MultiPoint"",""coordinates"":[]}"
20260106T014121_20260106T014726_T53SPV_3,1440,18,"カグラモチ 原原種・原種（A4-1+A4-2, 幅19m）",2026-01-06,14,0.2570721183295453,A4,1.2857142857142858,"{""type"":""MultiPoint"",""coordinates"":[]}"
20260106T014121_20260106T014726_T53SPV_4,2189,26,"越南315号・系統・イクヒカリ（A5-1〜3, 幅28m）",2026-01-06,14,0.19079690470917965,A5,1.8571428571428572,"{""type"":""MultiPoint"",""coordinates"":[]}"
20260106T014121_20260106T014726_T53SPV_5,3830,40,コシヒカリ 原種,2026-01-06,27,0.19122873619014277,B1,1.4814814814814814,"{""type"":""MultiPoint"",""coordinates"":[]}"
20260106T014121_20260106T014726_T53SPV_6,4120,50,コシヒカリ 原原種・原種,2026-01-06,36,0.1737048249234442,B2,1.3888888888888888,"{""type"":""MultiPoint"",""coordinates"":[]}"
20260106T014121_20260106T014726_T53SPV_7,3000,29,コシヒカリ 原種,2026-01-06,27,0.22132596150284115,B3,1.0740740740740742,"{""type"":""MultiPoint"",""coordinates"":[]}"
20260106T014121_20260106T014726_T53SPV_8,2420,17,ファイバースノウ 系統・原原原種・原原種,2026-01-06,12,0.36457149451812215,B4,1.4166666666666667,"{""type"":""MultiPoint"",""coordinates"":[]}"
20260106T014121_20260106T014726_T53SPV_9,4040,32,あきさかり 原種,2026-01-06,35,0.20818789673170898,C1,0.9142857142857143,"{""type"":""MultiPoint"",""coordinates"":[]}"
20260106T014121_20260106T014726_T53SPV_10,3960,32,ハナエチゼン 原種,2026-01-06,28,0.21989873574645172,C2,1.1428571428571428,"{""type"":""MultiPoint"",""coordinates"":[]}"
20260106T014121_20260106T014726_T53SPV_11,1810,20,休耕,2026-01-06,15,0.172731058709134,C3,1.3333333333333333,"{""type"":""MultiPoint"",""coordinates"":[]}"
20260106T014121_20260106T014726_T53SPV_12,1870,16,越南315号 原種,2026-01-06,12,0.22183968256861372,C4,1.3333333333333333,"{""type"":""MultiPoint"",""coordinates"":[]}"
20260106T014121_20260106T014726_T53SPV_13,3610,42,キヌヒカリ 原原種・原種,2026-01-06,30,0.20189536273076417,C5,1.4,"{""type"":""MultiPoint"",""coordinates"":[]}"
20260106T014121_20260106T014726_T53SPV_14,1090,15,休耕,2026-01-06,6,0.19667235070369746,C6,2.5,"{""type"":""MultiPoint"",""coordinates"":[]}"
20260106T014121_20260106T014726_T53SPV_15,3560,36,いちほまれ 原種,2026-01-06,30,0.19697634009023168,D1,1.2,"{""type"":""MultiPoint"",""coordinates"":[]}"
20260106T014121_20260106T014726_T53SPV_16,1080,12,休耕,2026-01-06,6,0.2138001942224952,D2,2.0,"{""type"":""MultiPoint"",""coordinates"":[]}"
20260317T014121_20260317T014117_T53SPA_0,3020,28,コシヒカリ 原種,2026-03-17,28,0.37703693915754954,A1,1.0,"{""type"":""MultiPoint"",""coordinates"":[]}"
20260317T014121_20260317T014117_T53SPA_1,2950,28,はねうまもち 系統・原原原種・原原種,2026-03-17,21,0.4347502544666947,A2,1.3333333333333333,"{""type"":""MultiPoint"",""coordinates"":[]}"
20260317T014121_20260317T014117_T53SPA_2,1740,14,県大3号・はねうまもち 系統・原原原種・原原種,2026-03-17,7,0.46509080455161866,A3,2.0,"{""type"":""MultiPoint"",""coordinates"":[]}"
20260317T014121_20260317T014117_T53SPA_3,1440,18,"カグラモチ 原原種・原種（A4-1+A4-2, 幅19m）",2026-03-17,14,0.34528974911647425,A4,1.2857142857142858,"{""type"":""MultiPoint"",""coordinates"":[]}"
20260317T014121_20260317T014117_T53SPA_4,2189,26,"越南315号・系統・イクヒカリ（A5-1〜3, 幅28m）",2026-03-17,14,0.23284099747483206,A5,1.8571428571428572,"{""type"":""MultiPoint"",""coordinates"":[]}"
20260317T014121_20260317T014117_T53SPA_5,3830,40,コシヒカリ 原種,2026-03-17,27,0.23711924080572017,B1,1.4814814814814814,"{""type"":""MultiPoint"",""coordinates"":[]}"
20260317T014121_20260317T014117_T53SPA_6,4120,50,コシヒカリ 原原種・原種,2026-03-17,36,0.2684326973689789,B2,1.3888888888888888,"{""type"":""MultiPoint"",""coordinates"":[]}"
20260317T014121_20260317T014117_T53SPA_7,3000,29,コシヒカリ 原種,2026-03-17,27,0.3378570812792948,B3,1.0740740740740742,"{""type"":""MultiPoint"",""coordinates"":[]}"
20260317T014121_20260317T014117_T53SPA_8,2420,17,ファイバースノウ 系統・原原原種・原原種,2026-03-17,12,0.549971559962762,B4,1.4166666666666667,"{""type"":""MultiPoint"",""coordinates"":[]}"
20260317T014121_20260317T014117_T53SPA_9,4040,32,あきさかり 原種,2026-03-17,35,0.2672036890496054,C1,0.9142857142857143,"{""type"":""MultiPoint"",""coordinates"":[]}"
20260317T014121_20260317T014117_T53SPA_10,3960,32,ハナエチゼン 原種,2026-03-17,28,0.22356762986580778,C2,1.1428571428571428,"{""type"":""MultiPoint"",""coordinates"":[]}"
20260317T014121_20260317T014117_T53SPA_11,1810,20,休耕,2026-03-17,15,0.2670265202920285,C3,1.3333333333333333,"{""type"":""MultiPoint"",""coordinates"":[]}"
20260317T014121_20260317T014117_T53SPA_12,1870,16,越南315号 原種,2026-03-17,12,0.24557235588073278,C4,1.3333333333333333,"{""type"":""MultiPoint"",""coordinates"":[]}"
20260317T014121_20260317T014117_T53SPA_13,3610,42,キヌヒカリ 原原種・原種,2026-03-17,30,0.29034848065002355,C5,1.4,"{""type"":""MultiPoint"",""coordinates"":[]}"
20260317T014121_20260317T014117_T53SPA_14,1090,15,休耕,2026-03-17,6,0.2784325603605016,C6,2.5,"{""type"":""MultiPoint"",""coordinates"":[]}"
20260317T014121_20260317T014117_T53SPA_15,3560,36,いちほまれ 原種,2026-03-17,30,0.31567165340360354,D1,1.2,"{""type"":""MultiPoint"",""coordinates"":[]}"
20260317T014121_20260317T014117_T53SPA_16,1080,12,休耕,2026-03-17,6,0.32948718204364885,D2,2.0,"{""type"":""MultiPoint"",""coordinates"":[]}"
20260317T014121_20260317T014117_T53SPV_0,3020,28,コシヒカリ 原種,2026-03-17,28,0.3692991603240118,A1,1.0,"{""type"":""MultiPoint"",""coordinates"":[]}"
20260317T014121_20260317T014117_T53SPV_1,2950,28,はねうまもち 系統・原原原種・原原種,2026-03-17,21,0.4247390778337247,A2,1.3333333333333333,"{""type"":""MultiPoint"",""coordinates"":[]}"
20260317T014121_20260317T014117_T53SPV_2,1740,14,県大3号・はねうまもち 系統・原原原種・原原種,2026-03-17,7,0.4537866732020958,A3,2.0,"{""type"":""MultiPoint"",""coordinates"":[]}"
20260317T014121_20260317T014117_T53SPV_3,1440,18,"カグラモチ 原原種・原種（A4-1+A4-2, 幅19m）",2026-03-17,14,0.343133003547978,A4,1.2857142857142858,"{""type"":""MultiPoint"",""coordinates"":[]}"
20260317T014121_20260317T014117_T53SPV_4,2189,26,"越南315号・系統・イクヒカリ（A5-1〜3, 幅28m）",2026-03-17,14,0.23593781691051346,A5,1.8571428571428572,"{""type"":""MultiPoint"",""coordinates"":[]}"
20260317T014121_20260317T014117_T53SPV_5,3830,40,コシヒカリ 原種,2026-03-17,27,0.23927015073712077,B1,1.4814814814814814,"{""type"":""MultiPoint"",""coordinates"":[]}"
20260317T014121_20260317T014117_T53SPV_6,4120,50,コシヒカリ 原原種・原種,2026-03-17,36,0.2676020045674822,B2,1.3888888888888888,"{""type"":""MultiPoint"",""coordinates"":[]}"
20260317T014121_20260317T014117_T53SPV_7,3000,29,コシヒカリ 原種,2026-03-17,27,0.3303642372359148,B3,1.0740740740740742,"{""type"":""MultiPoint"",""coordinates"":[]}"
20260317T014121_20260317T014117_T53SPV_8,2420,17,ファイバースノウ 系統・原原原種・原原種,2026-03-17,12,0.535725531030752,B4,1.4166666666666667,"{""type"":""MultiPoint"",""coordinates"":[]}"
20260317T014121_20260317T014117_T53SPV_9,4040,32,あきさかり 原種,2026-03-17,35,0.26833549690049213,C1,0.9142857142857143,"{""type"":""MultiPoint"",""coordinates"":[]}"
20260317T014121_20260317T014117_T53SPV_10,3960,32,ハナエチゼン 原種,2026-03-17,28,0.22826049512195837,C2,1.1428571428571428,"{""type"":""MultiPoint"",""coordinates"":[]}"
20260317T014121_20260317T014117_T53SPV_11,1810,20,休耕,2026-03-17,15,0.26866938664135415,C3,1.3333333333333333,"{""type"":""MultiPoint"",""coordinates"":[]}"
20260317T014121_20260317T014117_T53SPV_12,1870,16,越南315号 原種,2026-03-17,12,0.24904128205291165,C4,1.3333333333333333,"{""type"":""MultiPoint"",""coordinates"":[]}"
20260317T014121_20260317T014117_T53SPV_13,3610,42,キヌヒカリ 原原種・原種,2026-03-17,30,0.287924802020766,C5,1.4,"{""type"":""MultiPoint"",""coordinates"":[]}"
20260317T014121_20260317T014117_T53SPV_14,1090,15,休耕,2026-03-17,6,0.28013135042642684,C6,2.5,"{""type"":""MultiPoint"",""coordinates"":[]}"
20260317T014121_20260317T014117_T53SPV_15,3560,36,いちほまれ 原種,2026-03-17,30,0.31404522721860917,D1,1.2,"{""type"":""MultiPoint"",""coordinates"":[]}"
20260317T014121_20260317T014117_T53SPV_16,1080,12,休耕,2026-03-17,6,0.32932834733359884,D2,2.0,"{""type"":""MultiPoint"",""coordinates"":[]}"
20260426T014111_20260426T014112_T53SPA_0,3020,28,コシヒカリ 原種,2026-04-26,28,0.19376253692619416,A1,1.0,"{""type"":""MultiPoint"",""coordinates"":[]}"
20260426T014111_20260426T014112_T53SPA_1,2950,28,はねうまもち 系統・原原原種・原原種,2026-04-26,21,0.5070678322105734,A2,1.3333333333333333,"{""type"":""MultiPoint"",""coordinates"":[]}"
20260426T014111_20260426T014112_T53SPA_2,1740,14,県大3号・はねうまもち 系統・原原原種・原原種,2026-04-26,7,0.4910956751332598,A3,2.0,"{""type"":""MultiPoint"",""coordinates"":[]}"
20260426T014111_20260426T014112_T53SPA_3,1440,18,"カグラモチ 原原種・原種（A4-1+A4-2, 幅19m）",2026-04-26,14,0.280974354777656,A4,1.2857142857142858,"{""type"":""MultiPoint"",""coordinates"":[]}"
20260426T014111_20260426T014112_T53SPA_4,2189,26,"越南315号・系統・イクヒカリ（A5-1〜3, 幅28m）",2026-04-26,14,0.21666973777256204,A5,1.8571428571428572,"{""type"":""MultiPoint"",""coordinates"":[]}"
20260426T014111_20260426T014112_T53SPA_5,3830,40,コシヒカリ 原種,2026-04-26,27,0.1239068218996316,B1,1.4814814814814814,"{""type"":""MultiPoint"",""coordinates"":[]}"
20260426T014111_20260426T014112_T53SPA_6,4120,50,コシヒカリ 原原種・原種,2026-04-26,36,0.051376495221966086,B2,1.3888888888888888,"{""type"":""MultiPoint"",""coordinates"":[]}"
20260426T014111_20260426T014112_T53SPA_7,3000,29,コシヒカリ 原種,2026-04-26,27,0.24179050993085432,B3,1.0740740740740742,"{""type"":""MultiPoint"",""coordinates"":[]}"
20260426T014111_20260426T014112_T53SPA_8,2420,17,ファイバースノウ 系統・原原原種・原原種,2026-04-26,12,0.6600474726498663,B4,1.4166666666666667,"{""type"":""MultiPoint"",""coordinates"":[]}"
20260426T014111_20260426T014112_T53SPA_9,4040,32,あきさかり 原種,2026-04-26,35,0.1899489002440316,C1,0.9142857142857143,"{""type"":""MultiPoint"",""coordinates"":[]}"
20260426T014111_20260426T014112_T53SPA_10,3960,32,ハナエチゼン 原種,2026-04-26,28,0.20264882211612478,C2,1.1428571428571428,"{""type"":""MultiPoint"",""coordinates"":[]}"
20260426T014111_20260426T014112_T53SPA_11,1810,20,休耕,2026-04-26,15,0.3041635699840785,C3,1.3333333333333333,"{""type"":""MultiPoint"",""coordinates"":[]}"
20260426T014111_20260426T014112_T53SPA_12,1870,16,越南315号 原種,2026-04-26,12,0.18236646164759363,C4,1.3333333333333333,"{""type"":""MultiPoint"",""coordinates"":[]}"
20260426T014111_20260426T014112_T53SPA_13,3610,42,キヌヒカリ 原原種・原種,2026-04-26,30,0.307508957927798,C5,1.4,"{""type"":""MultiPoint"",""coordinates"":[]}"
20260426T014111_20260426T014112_T53SPA_14,1090,15,休耕,2026-04-26,6,0.30496535592255464,C6,2.5,"{""type"":""MultiPoint"",""coordinates"":[]}"
20260426T014111_20260426T014112_T53SPA_15,3560,36,いちほまれ 原種,2026-04-26,30,0.16560597259046703,D1,1.2,"{""type"":""MultiPoint"",""coordinates"":[]}"
20260426T014111_20260426T014112_T53SPA_16,1080,12,休耕,2026-04-26,6,0.40477193858370514,D2,2.0,"{""type"":""MultiPoint"",""coordinates"":[]}"
20260514T013651_20260514T014132_T53SPA_0,3020,28,コシヒカリ 原種,2026-05-14,28,0.1548041509638132,A1,1.0,"{""type"":""MultiPoint"",""coordinates"":[]}"
20260514T013651_20260514T014132_T53SPA_1,2950,28,はねうまもち 系統・原原原種・原原種,2026-05-14,21,0.3382834191821395,A2,1.3333333333333333,"{""type"":""MultiPoint"",""coordinates"":[]}"
20260514T013651_20260514T014132_T53SPA_2,1740,14,県大3号・はねうまもち 系統・原原原種・原原種,2026-05-14,7,0.35750763165752925,A3,2.0,"{""type"":""MultiPoint"",""coordinates"":[]}"
20260514T013651_20260514T014132_T53SPA_3,1440,18,"カグラモチ 原原種・原種（A4-1+A4-2, 幅19m）",2026-05-14,14,0.13640315061762626,A4,1.2857142857142858,"{""type"":""MultiPoint"",""coordinates"":[]}"
20260514T013651_20260514T014132_T53SPA_4,2189,26,"越南315号・系統・イクヒカリ（A5-1〜3, 幅28m）",2026-05-14,14,0.2726493955770223,A5,1.8571428571428572,"{""type"":""MultiPoint"",""coordinates"":[]}"
20260514T013651_20260514T014132_T53SPA_5,3830,40,コシヒカリ 原種,2026-05-14,27,0.1512747837835367,B1,1.4814814814814814,"{""type"":""MultiPoint"",""coordinates"":[]}"
20260514T013651_20260514T014132_T53SPA_6,4120,50,コシヒカリ 原原種・原種,2026-05-14,36,0.14657674073921062,B2,1.3888888888888888,"{""type"":""MultiPoint"",""coordinates"":[]}"
20260514T013651_20260514T014132_T53SPA_7,3000,29,コシヒカリ 原種,2026-05-14,27,0.22761069984721502,B3,1.0740740740740742,"{""type"":""MultiPoint"",""coordinates"":[]}"
20260514T013651_20260514T014132_T53SPA_8,2420,17,ファイバースノウ 系統・原原原種・原原種,2026-05-14,12,0.5121980421939698,B4,1.4166666666666667,"{""type"":""MultiPoint"",""coordinates"":[]}"
20260514T013651_20260514T014132_T53SPA_9,4040,32,あきさかり 原種,2026-05-14,35,0.14694063619036893,C1,0.9142857142857143,"{""type"":""MultiPoint"",""coordinates"":[]}"
20260514T013651_20260514T014132_T53SPA_10,3960,32,ハナエチゼン 原種,2026-05-14,28,0.30113767747393816,C2,1.1428571428571428,"{""type"":""MultiPoint"",""coordinates"":[]}"
20260514T013651_20260514T014132_T53SPA_11,1810,20,休耕,2026-05-14,15,0.24019721095376104,C3,1.3333333333333333,"{""type"":""MultiPoint"",""coordinates"":[]}"
20260514T013651_20260514T014132_T53SPA_12,1870,16,越南315号 原種,2026-05-14,12,0.23876567469905366,C4,1.3333333333333333,"{""type"":""MultiPoint"",""coordinates"":[]}"
20260514T013651_20260514T014132_T53SPA_13,3610,42,キヌヒカリ 原原種・原種,2026-05-14,30,0.03598380894740581,C5,1.4,"{""type"":""MultiPoint"",""coordinates"":[]}"
20260514T013651_20260514T014132_T53SPA_14,1090,15,休耕,2026-05-14,6,0.26547674172357705,C6,2.5,"{""type"":""MultiPoint"",""coordinates"":[]}"
20260514T013651_20260514T014132_T53SPA_15,3560,36,いちほまれ 原種,2026-05-14,30,0.16074960748386374,D1,1.2,"{""type"":""MultiPoint"",""coordinates"":[]}"
20260514T013651_20260514T014132_T53SPA_16,1080,12,休耕,2026-05-14,6,0.34642122224219546,D2,2.0,"{""type"":""MultiPoint"",""coordinates"":[]}"
20260516T014111_20260516T014111_T53SPA_0,3020,28,コシヒカリ 原種,2026-05-16,28,0.17954710559376913,A1,1.0,"{""type"":""MultiPoint"",""coordinates"":[]}"
20260516T014111_20260516T014111_T53SPA_1,2950,28,はねうまもち 系統・原原原種・原原種,2026-05-16,21,0.30920216256889754,A2,1.3333333333333333,"{""type"":""MultiPoint"",""coordinates"":[]}"
20260516T014111_20260516T014111_T53SPA_2,1740,14,県大3号・はねうまもち 系統・原原原種・原原種,2026-05-16,7,0.34560887110771643,A3,2.0,"{""type"":""MultiPoint"",""coordinates"":[]}"
20260516T014111_20260516T014111_T53SPA_3,1440,18,"カグラモチ 原原種・原種（A4-1+A4-2, 幅19m）",2026-05-16,14,0.13858374239530755,A4,1.2857142857142858,"{""type"":""MultiPoint"",""coordinates"":[]}"
20260516T014111_20260516T014111_T53SPA_4,2189,26,"越南315号・系統・イクヒカリ（A5-1〜3, 幅28m）",2026-05-16,14,0.2804715007905003,A5,1.8571428571428572,"{""type"":""MultiPoint"",""coordinates"":[]}"
20260516T014111_20260516T014111_T53SPA_5,3830,40,コシヒカリ 原種,2026-05-16,27,0.17806908312001785,B1,1.4814814814814814,"{""type"":""MultiPoint"",""coordinates"":[]}"
20260516T014111_20260516T014111_T53SPA_6,4120,50,コシヒカリ 原原種・原種,2026-05-16,36,0.18003792927531656,B2,1.3888888888888888,"{""type"":""MultiPoint"",""coordinates"":[]}"
20260516T014111_20260516T014111_T53SPA_7,3000,29,コシヒカリ 原種,2026-05-16,27,0.2353355240224495,B3,1.0740740740740742,"{""type"":""MultiPoint"",""coordinates"":[]}"
20260516T014111_20260516T014111_T53SPA_8,2420,17,ファイバースノウ 系統・原原原種・原原種,2026-05-16,12,0.4529270596071228,B4,1.4166666666666667,"{""type"":""MultiPoint"",""coordinates"":[]}"
20260516T014111_20260516T014111_T53SPA_9,4040,32,あきさかり 原種,2026-05-16,35,0.14614422269443536,C1,0.9142857142857143,"{""type"":""MultiPoint"",""coordinates"":[]}"
20260516T014111_20260516T014111_T53SPA_10,3960,32,ハナエチゼン 原種,2026-05-16,28,0.3158670256366957,C2,1.1428571428571428,"{""type"":""MultiPoint"",""coordinates"":[]}"
20260516T014111_20260516T014111_T53SPA_11,1810,20,休耕,2026-05-16,15,0.23508677335281553,C3,1.3333333333333333,"{""type"":""MultiPoint"",""coordinates"":[]}"
20260516T014111_20260516T014111_T53SPA_12,1870,16,越南315号 原種,2026-05-16,12,0.2064086099663954,C4,1.3333333333333333,"{""type"":""MultiPoint"",""coordinates"":[]}"
20260516T014111_20260516T014111_T53SPA_13,3610,42,キヌヒカリ 原原種・原種,2026-05-16,30,0.07619133357608587,C5,1.4,"{""type"":""MultiPoint"",""coordinates"":[]}"
20260516T014111_20260516T014111_T53SPA_14,1090,15,休耕,2026-05-16,6,0.24914434908839744,C6,2.5,"{""type"":""MultiPoint"",""coordinates"":[]}"
20260516T014111_20260516T014111_T53SPA_15,3560,36,いちほまれ 原種,2026-05-16,30,0.152495740260775,D1,1.2,"{""type"":""MultiPoint"",""coordinates"":[]}"
20260516T014111_20260516T014111_T53SPA_16,1080,12,休耕,2026-05-16,6,0.3408900369304468,D2,2.0,"{""type"":""MultiPoint"",""coordinates"":[]}"
20260516T014111_20260516T014111_T53SPV_0,3020,28,コシヒカリ 原種,2026-05-16,28,0.17728598141189844,A1,1.0,"{""type"":""MultiPoint"",""coordinates"":[]}"
20260516T014111_20260516T014111_T53SPV_1,2950,28,はねうまもち 系統・原原原種・原原種,2026-05-16,21,0.3081027816285049,A2,1.3333333333333333,"{""type"":""MultiPoint"",""coordinates"":[]}"
20260516T014111_20260516T014111_T53SPV_2,1740,14,県大3号・はねうまもち 系統・原原原種・原原種,2026-05-16,7,0.34450382534474205,A3,2.0,"{""type"":""MultiPoint"",""coordinates"":[]}"
20260516T014111_20260516T014111_T53SPV_3,1440,18,"カグラモチ 原原種・原種（A4-1+A4-2, 幅19m）",2026-05-16,14,0.13649739581560774,A4,1.2857142857142858,"{""type"":""MultiPoint"",""coordinates"":[]}"
20260516T014111_20260516T014111_T53SPV_4,2189,26,"越南315号・系統・イクヒカリ（A5-1〜3, 幅28m）",2026-05-16,14,0.2782199641300965,A5,1.8571428571428572,"{""type"":""MultiPoint"",""coordinates"":[]}"
20260516T014111_20260516T014111_T53SPV_5,3830,40,コシヒカリ 原種,2026-05-16,27,0.1751581327832669,B1,1.4814814814814814,"{""type"":""MultiPoint"",""coordinates"":[]}"
20260516T014111_20260516T014111_T53SPV_6,4120,50,コシヒカリ 原原種・原種,2026-05-16,36,0.1759321485301879,B2,1.3888888888888888,"{""type"":""MultiPoint"",""coordinates"":[]}"
20260516T014111_20260516T014111_T53SPV_7,3000,29,コシヒカリ 原種,2026-05-16,27,0.23232681451529705,B3,1.0740740740740742,"{""type"":""MultiPoint"",""coordinates"":[]}"
20260516T014111_20260516T014111_T53SPV_8,2420,17,ファイバースノウ 系統・原原原種・原原種,2026-05-16,12,0.45287657656841157,B4,1.4166666666666667,"{""type"":""MultiPoint"",""coordinates"":[]}"
20260516T014111_20260516T014111_T53SPV_9,4040,32,あきさかり 原種,2026-05-16,35,0.14360011416387308,C1,0.9142857142857143,"{""type"":""MultiPoint"",""coordinates"":[]}"
20260516T014111_20260516T014111_T53SPV_10,3960,32,ハナエチゼン 原種,2026-05-16,28,0.31465776154859315,C2,1.1428571428571428,"{""type"":""MultiPoint"",""coordinates"":[]}"
20260516T014111_20260516T014111_T53SPV_11,1810,20,休耕,2026-05-16,15,0.23398458716081202,C3,1.3333333333333333,"{""type"":""MultiPoint"",""coordinates"":[]}"
20260516T014111_20260516T014111_T53SPV_12,1870,16,越南315号 原種,2026-05-16,12,0.2038445251122544,C4,1.3333333333333333,"{""type"":""MultiPoint"",""coordinates"":[]}"
20260516T014111_20260516T014111_T53SPV_13,3610,42,キヌヒカリ 原原種・原種,2026-05-16,30,0.07156189500228148,C5,1.4,"{""type"":""MultiPoint"",""coordinates"":[]}"
20260516T014111_20260516T014111_T53SPV_14,1090,15,休耕,2026-05-16,6,0.24759652691500636,C6,2.5,"{""type"":""MultiPoint"",""coordinates"":[]}"
20260516T014111_20260516T014111_T53SPV_15,3560,36,いちほまれ 原種,2026-05-16,30,0.1504792547878742,D1,1.2,"{""type"":""MultiPoint"",""coordinates"":[]}"
20260516T014111_20260516T014111_T53SPV_16,1080,12,休耕,2026-05-16,6,0.3399098923274237,D2,2.0,"{""type"":""MultiPoint"",""coordinates"":[]}"
20260613T013651_20260613T014240_T53SPA_0,3020,28,コシヒカリ 原種,2026-06-13,28,0.4301578550362301,A1,1.0,"{""type"":""MultiPoint"",""coordinates"":[]}"
20260613T013651_20260613T014240_T53SPA_1,2950,28,はねうまもち 系統・原原原種・原原種,2026-06-13,21,0.13160802033649374,A2,1.3333333333333333,"{""type"":""MultiPoint"",""coordinates"":[]}"
20260613T013651_20260613T014240_T53SPA_2,1740,14,県大3号・はねうまもち 系統・原原原種・原原種,2026-06-13,7,0.16988319494795276,A3,2.0,"{""type"":""MultiPoint"",""coordinates"":[]}"
20260613T013651_20260613T014240_T53SPA_3,1440,18,"カグラモチ 原原種・原種（A4-1+A4-2, 幅19m）",2026-06-13,14,0.34277559764041743,A4,1.2857142857142858,"{""type"":""MultiPoint"",""coordinates"":[]}"
20260613T013651_20260613T014240_T53SPA_4,2189,26,"越南315号・系統・イクヒカリ（A5-1〜3, 幅28m）",2026-06-13,14,0.5604660525513744,A5,1.8571428571428572,"{""type"":""MultiPoint"",""coordinates"":[]}"
20260613T013651_20260613T014240_T53SPA_5,3830,40,コシヒカリ 原種,2026-06-13,27,0.37567587875102204,B1,1.4814814814814814,"{""type"":""MultiPoint"",""coordinates"":[]}"
20260613T013651_20260613T014240_T53SPA_6,4120,50,コシヒカリ 原原種・原種,2026-06-13,36,0.46252845977651763,B2,1.3888888888888888,"{""type"":""MultiPoint"",""coordinates"":[]}"
20260613T013651_20260613T014240_T53SPA_7,3000,29,コシヒカリ 原種,2026-06-13,27,0.5132148139499076,B3,1.0740740740740742,"{""type"":""MultiPoint"",""coordinates"":[]}"
20260613T013651_20260613T014240_T53SPA_8,2420,17,ファイバースノウ 系統・原原原種・原原種,2026-06-13,12,0.30287829886377055,B4,1.4166666666666667,"{""type"":""MultiPoint"",""coordinates"":[]}"
20260613T013651_20260613T014240_T53SPA_9,4040,32,あきさかり 原種,2026-06-13,35,0.26026192195934134,C1,0.9142857142857143,"{""type"":""MultiPoint"",""coordinates"":[]}"
20260613T013651_20260613T014240_T53SPA_10,3960,32,ハナエチゼン 原種,2026-06-13,28,0.7414076788483724,C2,1.1428571428571428,"{""type"":""MultiPoint"",""coordinates"":[]}"
20260613T013651_20260613T014240_T53SPA_11,1810,20,休耕,2026-06-13,15,0.20453392227605036,C3,1.3333333333333333,"{""type"":""MultiPoint"",""coordinates"":[]}"
20260613T013651_20260613T014240_T53SPA_12,1870,16,越南315号 原種,2026-06-13,12,0.67326799792231,C4,1.3333333333333333,"{""type"":""MultiPoint"",""coordinates"":[]}"
20260613T013651_20260613T014240_T53SPA_13,3610,42,キヌヒカリ 原原種・原種,2026-06-13,30,0.2908664909143212,C5,1.4,"{""type"":""MultiPoint"",""coordinates"":[]}"
20260613T013651_20260613T014240_T53SPA_14,1090,15,休耕,2026-06-13,6,0.30437888607481006,C6,2.5,"{""type"":""MultiPoint"",""coordinates"":[]}"
20260613T013651_20260613T014240_T53SPA_15,3560,36,いちほまれ 原種,2026-06-13,30,0.16911515473279876,D1,1.2,"{""type"":""MultiPoint"",""coordinates"":[]}"
20260613T013651_20260613T014240_T53SPA_16,1080,12,休耕,2026-06-13,6,0.3421816306827786,D2,2.0,"{""type"":""MultiPoint"",""coordinates"":[]}"
20260613T013651_20260613T014240_T53SPV_0,3020,28,コシヒカリ 原種,2026-06-13,28,0.42547415902645624,A1,1.0,"{""type"":""MultiPoint"",""coordinates"":[]}"
20260613T013651_20260613T014240_T53SPV_1,2950,28,はねうまもち 系統・原原原種・原原種,2026-06-13,21,0.11820872790809106,A2,1.3333333333333333,"{""type"":""MultiPoint"",""coordinates"":[]}"
20260613T013651_20260613T014240_T53SPV_2,1740,14,県大3号・はねうまもち 系統・原原原種・原原種,2026-06-13,7,0.15818232091517476,A3,2.0,"{""type"":""MultiPoint"",""coordinates"":[]}"
20260613T013651_20260613T014240_T53SPV_3,1440,18,"カグラモチ 原原種・原種（A4-1+A4-2, 幅19m）",2026-06-13,14,0.3353948180082365,A4,1.2857142857142858,"{""type"":""MultiPoint"",""coordinates"":[]}"
20260613T013651_20260613T014240_T53SPV_4,2189,26,"越南315号・系統・イクヒカリ（A5-1〜3, 幅28m）",2026-06-13,14,0.5596317592044203,A5,1.8571428571428572,"{""type"":""MultiPoint"",""coordinates"":[]}"
20260613T013651_20260613T014240_T53SPV_5,3830,40,コシヒカリ 原種,2026-06-13,27,0.3666186347013584,B1,1.4814814814814814,"{""type"":""MultiPoint"",""coordinates"":[]}"
20260613T013651_20260613T014240_T53SPV_6,4120,50,コシヒカリ 原原種・原種,2026-06-13,36,0.4590510878914997,B2,1.3888888888888888,"{""type"":""MultiPoint"",""coordinates"":[]}"
20260613T013651_20260613T014240_T53SPV_7,3000,29,コシヒカリ 原種,2026-06-13,27,0.5106934037240334,B3,1.0740740740740742,"{""type"":""MultiPoint"",""coordinates"":[]}"
20260613T013651_20260613T014240_T53SPV_8,2420,17,ファイバースノウ 系統・原原原種・原原種,2026-06-13,12,0.2960542174710263,B4,1.4166666666666667,"{""type"":""MultiPoint"",""coordinates"":[]}"
20260613T013651_20260613T014240_T53SPV_9,4040,32,あきさかり 原種,2026-06-13,35,0.2483277908880234,C1,0.9142857142857143,"{""type"":""MultiPoint"",""coordinates"":[]}"
20260613T013651_20260613T014240_T53SPV_10,3960,32,ハナエチゼン 原種,2026-06-13,28,0.7476444488913796,C2,1.1428571428571428,"{""type"":""MultiPoint"",""coordinates"":[]}"
20260613T013651_20260613T014240_T53SPV_11,1810,20,休耕,2026-06-13,15,0.19518960896634016,C3,1.3333333333333333,"{""type"":""MultiPoint"",""coordinates"":[]}"
20260613T013651_20260613T014240_T53SPV_12,1870,16,越南315号 原種,2026-06-13,12,0.6771351146803376,C4,1.3333333333333333,"{""type"":""MultiPoint"",""coordinates"":[]}"
20260613T013651_20260613T014240_T53SPV_13,3610,42,キヌヒカリ 原原種・原種,2026-06-13,30,0.2743433077413365,C5,1.4,"{""type"":""MultiPoint"",""coordinates"":[]}"
20260613T013651_20260613T014240_T53SPV_14,1090,15,休耕,2026-06-13,6,0.2969132391063189,C6,2.5,"{""type"":""MultiPoint"",""coordinates"":[]}"
20260613T013651_20260613T014240_T53SPV_15,3560,36,いちほまれ 原種,2026-06-13,30,0.14463797041327714,D1,1.2,"{""type"":""MultiPoint"",""coordinates"":[]}"
20260613T013651_20260613T014240_T53SPV_16,1080,12,休耕,2026-06-13,6,0.3353940000031201,D2,2.0,"{""type"":""MultiPoint"",""coordinates"":[]}"
20260703T013651_20260703T014112_T53SPA_0,3020,28,コシヒカリ 原種,2026-07-03,28,0.6558571510260887,A1,1.0,"{""type"":""MultiPoint"",""coordinates"":[]}"
20260703T013651_20260703T014112_T53SPA_1,2950,28,はねうまもち 系統・原原原種・原原種,2026-07-03,21,0.2990578962635222,A2,1.3333333333333333,"{""type"":""MultiPoint"",""coordinates"":[]}"
20260703T013651_20260703T014112_T53SPA_2,1740,14,県大3号・はねうまもち 系統・原原原種・原原種,2026-07-03,7,0.29437192242407323,A3,2.0,"{""type"":""MultiPoint"",""coordinates"":[]}"
20260703T013651_20260703T014112_T53SPA_3,1440,18,"カグラモチ 原原種・原種（A4-1+A4-2, 幅19m）",2026-07-03,14,0.5523949814883568,A4,1.2857142857142858,"{""type"":""MultiPoint"",""coordinates"":[]}"
20260703T013651_20260703T014112_T53SPA_4,2189,26,"越南315号・系統・イクヒカリ（A5-1〜3, 幅28m）",2026-07-03,14,0.694681016797318,A5,1.8571428571428572,"{""type"":""MultiPoint"",""coordinates"":[]}"
20260703T013651_20260703T014112_T53SPA_5,3830,40,コシヒカリ 原種,2026-07-03,27,0.6375649846071686,B1,1.4814814814814814,"{""type"":""MultiPoint"",""coordinates"":[]}"
20260703T013651_20260703T014112_T53SPA_6,4120,50,コシヒカリ 原原種・原種,2026-07-03,36,0.6532014578798311,B2,1.3888888888888888,"{""type"":""MultiPoint"",""coordinates"":[]}"
20260703T013651_20260703T014112_T53SPA_7,3000,29,コシヒカリ 原種,2026-07-03,27,0.7191744531992932,B3,1.0740740740740742,"{""type"":""MultiPoint"",""coordinates"":[]}"
20260703T013651_20260703T014112_T53SPA_8,2420,17,ファイバースノウ 系統・原原原種・原原種,2026-07-03,12,0.5168947340150264,B4,1.4166666666666667,"{""type"":""MultiPoint"",""coordinates"":[]}"
20260703T013651_20260703T014112_T53SPA_9,4040,32,あきさかり 原種,2026-07-03,35,0.6245590162511242,C1,0.9142857142857143,"{""type"":""MultiPoint"",""coordinates"":[]}"
20260703T013651_20260703T014112_T53SPA_10,3960,32,ハナエチゼン 原種,2026-07-03,28,0.7993196485483579,C2,1.1428571428571428,"{""type"":""MultiPoint"",""coordinates"":[]}"
20260703T013651_20260703T014112_T53SPA_11,1810,20,休耕,2026-07-03,15,0.3735971172580351,C3,1.3333333333333333,"{""type"":""MultiPoint"",""coordinates"":[]}"
20260703T013651_20260703T014112_T53SPA_12,1870,16,越南315号 原種,2026-07-03,12,0.7434387168567063,C4,1.3333333333333333,"{""type"":""MultiPoint"",""coordinates"":[]}"
20260703T013651_20260703T014112_T53SPA_13,3610,42,キヌヒカリ 原原種・原種,2026-07-03,30,0.7046655938670159,C5,1.4,"{""type"":""MultiPoint"",""coordinates"":[]}"
20260703T013651_20260703T014112_T53SPA_14,1090,15,休耕,2026-07-03,6,0.441648519686962,C6,2.5,"{""type"":""MultiPoint"",""coordinates"":[]}"
20260703T013651_20260703T014112_T53SPA_15,3560,36,いちほまれ 原種,2026-07-03,30,0.7105947347117584,D1,1.2,"{""type"":""MultiPoint"",""coordinates"":[]}"
20260703T013651_20260703T014112_T53SPA_16,1080,12,休耕,2026-07-03,6,0.40141090446455807,D2,2.0,"{""type"":""MultiPoint"",""coordinates"":[]}"
20260703T013651_20260703T014112_T53SPV_0,3020,28,コシヒカリ 原種,2026-07-03,28,0.6507473714241984,A1,1.0,"{""type"":""MultiPoint"",""coordinates"":[]}"
20260703T013651_20260703T014112_T53SPV_1,2950,28,はねうまもち 系統・原原原種・原原種,2026-07-03,21,0.283032925772019,A2,1.3333333333333333,"{""type"":""MultiPoint"",""coordinates"":[]}"
20260703T013651_20260703T014112_T53SPV_2,1740,14,県大3号・はねうまもち 系統・原原原種・原原種,2026-07-03,7,0.2782023892031616,A3,2.0,"{""type"":""MultiPoint"",""coordinates"":[]}"
20260703T013651_20260703T014112_T53SPV_3,1440,18,"カグラモチ 原原種・原種（A4-1+A4-2, 幅19m）",2026-07-03,14,0.5455326630534205,A4,1.2857142857142858,"{""type"":""MultiPoint"",""coordinates"":[]}"
20260703T013651_20260703T014112_T53SPV_4,2189,26,"越南315号・系統・イクヒカリ（A5-1〜3, 幅28m）",2026-07-03,14,0.6906832727614377,A5,1.8571428571428572,"{""type"":""MultiPoint"",""coordinates"":[]}"
20260703T013651_20260703T014112_T53SPV_5,3830,40,コシヒカリ 原種,2026-07-03,27,0.6307461293215687,B1,1.4814814814814814,"{""type"":""MultiPoint"",""coordinates"":[]}"
20260703T013651_20260703T014112_T53SPV_6,4120,50,コシヒカリ 原原種・原種,2026-07-03,36,0.6474734362664258,B2,1.3888888888888888,"{""type"":""MultiPoint"",""coordinates"":[]}"
20260703T013651_20260703T014112_T53SPV_7,3000,29,コシヒカリ 原種,2026-07-03,27,0.7152911627322938,B3,1.0740740740740742,"{""type"":""MultiPoint"",""coordinates"":[]}"
20260703T013651_20260703T014112_T53SPV_8,2420,17,ファイバースノウ 系統・原原原種・原原種,2026-07-03,12,0.5102674829365449,B4,1.4166666666666667,"{""type"":""MultiPoint"",""coordinates"":[]}"
20260703T013651_20260703T014112_T53SPV_9,4040,32,あきさかり 原種,2026-07-03,35,0.6174289249816632,C1,0.9142857142857143,"{""type"":""MultiPoint"",""coordinates"":[]}"
20260703T013651_20260703T014112_T53SPV_10,3960,32,ハナエチゼン 原種,2026-07-03,28,0.7971981541939082,C2,1.1428571428571428,"{""type"":""MultiPoint"",""coordinates"":[]}"
20260703T013651_20260703T014112_T53SPV_11,1810,20,休耕,2026-07-03,15,0.3627326926782045,C3,1.3333333333333333,"{""type"":""MultiPoint"",""coordinates"":[]}"
20260703T013651_20260703T014112_T53SPV_12,1870,16,越南315号 原種,2026-07-03,12,0.7406986566093727,C4,1.3333333333333333,"{""type"":""MultiPoint"",""coordinates"":[]}"
20260703T013651_20260703T014112_T53SPV_13,3610,42,キヌヒカリ 原原種・原種,2026-07-03,30,0.7007704910633963,C5,1.4,"{""type"":""MultiPoint"",""coordinates"":[]}"
20260703T013651_20260703T014112_T53SPV_14,1090,15,休耕,2026-07-03,6,0.4325192027565438,C6,2.5,"{""type"":""MultiPoint"",""coordinates"":[]}"
20260703T013651_20260703T014112_T53SPV_15,3560,36,いちほまれ 原種,2026-07-03,30,0.706506522332098,D1,1.2,"{""type"":""MultiPoint"",""coordinates"":[]}"
20260703T013651_20260703T014112_T53SPV_16,1080,12,休耕,2026-07-03,6,0.39436065423775546,D2,2.0,"{""type"":""MultiPoint"",""coordinates"":[]}"
20260708T013649_20260708T013653_T53SPA_0,3020,28,コシヒカリ 原種,2026-07-08,28,0.7085806062747672,A1,1.0,"{""type"":""MultiPoint"",""coordinates"":[]}"
20260708T013649_20260708T013653_T53SPA_1,2950,28,はねうまもち 系統・原原原種・原原種,2026-07-08,21,0.31194824220487105,A2,1.3333333333333333,"{""type"":""MultiPoint"",""coordinates"":[]}"
20260708T013649_20260708T013653_T53SPA_2,1740,14,県大3号・はねうまもち 系統・原原原種・原原種,2026-07-08,7,0.28878837725486284,A3,2.0,"{""type"":""MultiPoint"",""coordinates"":[]}"
20260708T013649_20260708T013653_T53SPA_3,1440,18,"カグラモチ 原原種・原種（A4-1+A4-2, 幅19m）",2026-07-08,14,0.5745533307617647,A4,1.2857142857142858,"{""type"":""MultiPoint"",""coordinates"":[]}"
20260708T013649_20260708T013653_T53SPA_4,2189,26,"越南315号・系統・イクヒカリ（A5-1〜3, 幅28m）",2026-07-08,14,0.7523334711181747,A5,1.8571428571428572,"{""type"":""MultiPoint"",""coordinates"":[]}"
20260708T013649_20260708T013653_T53SPA_5,3830,40,コシヒカリ 原種,2026-07-08,27,0.7322080152017475,B1,1.4814814814814814,"{""type"":""MultiPoint"",""coordinates"":[]}"
20260708T013649_20260708T013653_T53SPA_6,4120,50,コシヒカリ 原原種・原種,2026-07-08,36,0.6970158486391462,B2,1.3888888888888888,"{""type"":""MultiPoint"",""coordinates"":[]}"
20260708T013649_20260708T013653_T53SPA_7,3000,29,コシヒカリ 原種,2026-07-08,27,0.8048579835671485,B3,1.0740740740740742,"{""type"":""MultiPoint"",""coordinates"":[]}"
20260708T013649_20260708T013653_T53SPA_8,2420,17,ファイバースノウ 系統・原原原種・原原種,2026-07-08,12,0.5652025350637724,B4,1.4166666666666667,"{""type"":""MultiPoint"",""coordinates"":[]}"
20260708T013649_20260708T013653_T53SPA_9,4040,32,あきさかり 原種,2026-07-08,35,0.7740364951473293,C1,0.9142857142857143,"{""type"":""MultiPoint"",""coordinates"":[]}"
20260708T013649_20260708T013653_T53SPA_10,3960,32,ハナエチゼン 原種,2026-07-08,28,0.8519491638047851,C2,1.1428571428571428,"{""type"":""MultiPoint"",""coordinates"":[]}"
20260708T013649_20260708T013653_T53SPA_11,1810,20,休耕,2026-07-08,15,0.32332918537943695,C3,1.3333333333333333,"{""type"":""MultiPoint"",""coordinates"":[]}"
20260708T013649_20260708T013653_T53SPA_12,1870,16,越南315号 原種,2026-07-08,12,0.7710104206552132,C4,1.3333333333333333,"{""type"":""MultiPoint"",""coordinates"":[]}"
20260708T013649_20260708T013653_T53SPA_13,3610,42,キヌヒカリ 原原種・原種,2026-07-08,30,0.7525048958376841,C5,1.4,"{""type"":""MultiPoint"",""coordinates"":[]}"
20260708T013649_20260708T013653_T53SPA_14,1090,15,休耕,2026-07-08,6,0.33850876335403746,C6,2.5,"{""type"":""MultiPoint"",""coordinates"":[]}"
20260708T013649_20260708T013653_T53SPA_15,3560,36,いちほまれ 原種,2026-07-08,30,0.7973821062877566,D1,1.2,"{""type"":""MultiPoint"",""coordinates"":[]}"
20260708T013649_20260708T013653_T53SPA_16,1080,12,休耕,2026-07-08,6,0.3770581484937248,D2,2.0,"{""type"":""MultiPoint"",""coordinates"":[]}"
20260718T013649_20260718T014114_T53SPA_0,3020,28,コシヒカリ 原種,2026-07-18,28,0.7311762447441364,A1,1.0,"{""type"":""MultiPoint"",""coordinates"":[]}"
20260718T013649_20260718T014114_T53SPA_1,2950,28,はねうまもち 系統・原原原種・原原種,2026-07-18,21,0.3652692259771151,A2,1.3333333333333333,"{""type"":""MultiPoint"",""coordinates"":[]}"
20260718T013649_20260718T014114_T53SPA_2,1740,14,県大3号・はねうまもち 系統・原原原種・原原種,2026-07-18,7,0.35096689944420933,A3,2.0,"{""type"":""MultiPoint"",""coordinates"":[]}"
20260718T013649_20260718T014114_T53SPA_3,1440,18,"カグラモチ 原原種・原種（A4-1+A4-2, 幅19m）",2026-07-18,14,0.5771263634122381,A4,1.2857142857142858,"{""type"":""MultiPoint"",""coordinates"":[]}"
20260718T013649_20260718T014114_T53SPA_4,2189,26,"越南315号・系統・イクヒカリ（A5-1〜3, 幅28m）",2026-07-18,14,0.7401461525853967,A5,1.8571428571428572,"{""type"":""MultiPoint"",""coordinates"":[]}"
20260718T013649_20260718T014114_T53SPA_5,3830,40,コシヒカリ 原種,2026-07-18,27,0.7540593159011565,B1,1.4814814814814814,"{""type"":""MultiPoint"",""coordinates"":[]}"
20260718T013649_20260718T014114_T53SPA_6,4120,50,コシヒカリ 原原種・原種,2026-07-18,36,0.7443597828764463,B2,1.3888888888888888,"{""type"":""MultiPoint"",""coordinates"":[]}"
20260718T013649_20260718T014114_T53SPA_7,3000,29,コシヒカリ 原種,2026-07-18,27,0.7945782841346519,B3,1.0740740740740742,"{""type"":""MultiPoint"",""coordinates"":[]}"
20260718T013649_20260718T014114_T53SPA_8,2420,12,ファイバースノウ 系統・原原原種・原原種,2026-07-18,12,0.5554945722159127,B4,1.0,"{""type"":""MultiPoint"",""coordinates"":[]}"
20260718T013649_20260718T014114_T53SPA_9,4040,32,あきさかり 原種,2026-07-18,35,0.7995309127470624,C1,0.9142857142857143,"{""type"":""MultiPoint"",""coordinates"":[]}"
20260718T013649_20260718T014114_T53SPA_10,3960,32,ハナエチゼン 原種,2026-07-18,28,0.7757049079888162,C2,1.1428571428571428,"{""type"":""MultiPoint"",""coordinates"":[]}"
20260718T013649_20260718T014114_T53SPA_11,1810,20,休耕,2026-07-18,15,0.5588912814279047,C3,1.3333333333333333,"{""type"":""MultiPoint"",""coordinates"":[]}"
20260718T013649_20260718T014114_T53SPA_12,1870,16,越南315号 原種,2026-07-18,12,0.7299319211161499,C4,1.3333333333333333,"{""type"":""MultiPoint"",""coordinates"":[]}"
20260723T013651_20260723T014300_T53SPA_2,1740,6,県大3号・はねうまもち 系統・原原原種・原原種,2026-07-23,7,0.44564904831228336,A3,0.8571428571428571,"{""type"":""MultiPoint"",""coordinates"":[]}"
20260723T013651_20260723T014300_T53SPA_4,2189,10,"越南315号・系統・イクヒカリ（A5-1〜3, 幅28m）",2026-07-23,14,0.7795728691819467,A5,0.7142857142857143,"{""type"":""MultiPoint"",""coordinates"":[]}"
20260723T013651_20260723T014300_T53SPV_2,1740,6,県大3号・はねうまもち 系統・原原原種・原原種,2026-07-23,7,0.4431995907249495,A3,0.8571428571428571,"{""type"":""MultiPoint"",""coordinates"":[]}"
20260723T013651_20260723T014300_T53SPV_4,2189,10,"越南315号・系統・イクヒカリ（A5-1〜3, 幅28m）",2026-07-23,14,0.7795001554380534,A5,0.7142857142857143,"{""type"":""MultiPoint"",""coordinates"":[]}"
20260804T014111_20260804T014113_T53SPA_0,3020,28,コシヒカリ 原種,2026-08-04,28,0.7943533162144087,A1,1.0,"{""type"":""MultiPoint"",""coordinates"":[]}"
20260804T014111_20260804T014113_T53SPA_1,2950,28,はねうまもち 系統・原原原種・原原種,2026-08-04,21,0.8026942024655513,A2,1.3333333333333333,"{""type"":""MultiPoint"",""coordinates"":[]}"
20260804T014111_20260804T014113_T53SPA_2,1740,14,県大3号・はねうまもち 系統・原原原種・原原種,2026-08-04,7,0.7684536048551394,A3,2.0,"{""type"":""MultiPoint"",""coordinates"":[]}"
20260804T014111_20260804T014113_T53SPA_3,1440,18,"カグラモチ 原原種・原種（A4-1+A4-2, 幅19m）",2026-08-04,14,0.7154325601152364,A4,1.2857142857142858,"{""type"":""MultiPoint"",""coordinates"":[]}"
20260804T014111_20260804T014113_T53SPA_4,2189,26,"越南315号・系統・イクヒカリ（A5-1〜3, 幅28m）",2026-08-04,14,0.7550345498450212,A5,1.8571428571428572,"{""type"":""MultiPoint"",""coordinates"":[]}"
20260804T014111_20260804T014113_T53SPA_5,3830,40,コシヒカリ 原種,2026-08-04,27,0.7820066260438979,B1,1.4814814814814814,"{""type"":""MultiPoint"",""coordinates"":[]}"
20260804T014111_20260804T014113_T53SPA_6,4120,50,コシヒカリ 原原種・原種,2026-08-04,36,0.7455413554355483,B2,1.3888888888888888,"{""type"":""MultiPoint"",""coordinates"":[]}"
20260804T014111_20260804T014113_T53SPA_7,3000,29,コシヒカリ 原種,2026-08-04,27,0.8157131067572146,B3,1.0740740740740742,"{""type"":""MultiPoint"",""coordinates"":[]}"
20260804T014111_20260804T014113_T53SPA_8,2420,17,ファイバースノウ 系統・原原原種・原原種,2026-08-04,12,0.7281550949695282,B4,1.4166666666666667,"{""type"":""MultiPoint"",""coordinates"":[]}"
20260804T014111_20260804T014113_T53SPA_9,4040,32,あきさかり 原種,2026-08-04,35,0.8726628503962954,C1,0.9142857142857143,"{""type"":""MultiPoint"",""coordinates"":[]}"
20260804T014111_20260804T014113_T53SPA_10,3960,32,ハナエチゼン 原種,2026-08-04,28,0.6926333654663306,C2,1.1428571428571428,"{""type"":""MultiPoint"",""coordinates"":[]}"
20260804T014111_20260804T014113_T53SPA_11,1810,20,休耕,2026-08-04,15,0.7977304325338956,C3,1.3333333333333333,"{""type"":""MultiPoint"",""coordinates"":[]}"
20260804T014111_20260804T014113_T53SPA_12,1870,16,越南315号 原種,2026-08-04,12,0.6775592689610381,C4,1.3333333333333333,"{""type"":""MultiPoint"",""coordinates"":[]}"
20260804T014111_20260804T014113_T53SPA_13,3610,42,キヌヒカリ 原原種・原種,2026-08-04,30,0.8107295767279463,C5,1.4,"{""type"":""MultiPoint"",""coordinates"":[]}"
20260804T014111_20260804T014113_T53SPA_14,1090,15,休耕,2026-08-04,6,0.5938908799635371,C6,2.5,"{""type"":""MultiPoint"",""coordinates"":[]}"
20260804T014111_20260804T014113_T53SPA_15,3560,36,いちほまれ 原種,2026-08-04,30,0.895089897321844,D1,1.2,"{""type"":""MultiPoint"",""coordinates"":[]}"
20260804T014111_20260804T014113_T53SPA_16,1080,12,休耕,2026-08-04,6,0.7538679618726835,D2,2.0,"{""type"":""MultiPoint"",""coordinates"":[]}"
20260807T013649_20260807T013650_T53SPA_0,3020,28,コシヒカリ 原種,2026-08-07,28,0.797556083882855,A1,1.0,"{""type"":""MultiPoint"",""coordinates"":[]}"
20260807T013649_20260807T013650_T53SPA_1,2950,28,はねうまもち 系統・原原原種・原原種,2026-08-07,21,0.8209621285060391,A2,1.3333333333333333,"{""type"":""MultiPoint"",""coordinates"":[]}"
20260807T013649_20260807T013650_T53SPA_2,1740,14,県大3号・はねうまもち 系統・原原原種・原原種,2026-08-07,7,0.7824106203108663,A3,2.0,"{""type"":""MultiPoint"",""coordinates"":[]}"
20260807T013649_20260807T013650_T53SPA_3,1440,18,"カグラモチ 原原種・原種（A4-1+A4-2, 幅19m）",2026-08-07,14,0.7151543035165485,A4,1.2857142857142858,"{""type"":""MultiPoint"",""coordinates"":[]}"
20260807T013649_20260807T013650_T53SPA_4,2189,26,"越南315号・系統・イクヒカリ（A5-1〜3, 幅28m）",2026-08-07,14,0.7131070372128526,A5,1.8571428571428572,"{""type"":""MultiPoint"",""coordinates"":[]}"
20260807T013649_20260807T013650_T53SPA_5,3830,40,コシヒカリ 原種,2026-08-07,27,0.577870259901172,B1,1.4814814814814814,"{""type"":""MultiPoint"",""coordinates"":[]}"
20260807T013649_20260807T013650_T53SPA_6,4120,50,コシヒカリ 原原種・原種,2026-08-07,36,0.5229714402789248,B2,1.3888888888888888,"{""type"":""MultiPoint"",""coordinates"":[]}"
20260807T013649_20260807T013650_T53SPA_7,3000,29,コシヒカリ 原種,2026-08-07,27,0.5481939520497491,B3,1.0740740740740742,"{""type"":""MultiPoint"",""coordinates"":[]}"
20260807T013649_20260807T013650_T53SPA_8,2420,17,ファイバースノウ 系統・原原原種・原原種,2026-08-07,12,0.6309715805591526,B4,1.4166666666666667,"{""type"":""MultiPoint"",""coordinates"":[]}"
20260807T013649_20260807T013650_T53SPA_9,4040,32,あきさかり 原種,2026-08-07,35,0.8210037846471903,C1,0.9142857142857143,"{""type"":""MultiPoint"",""coordinates"":[]}"
20260807T013649_20260807T013650_T53SPA_10,3960,32,ハナエチゼン 原種,2026-08-07,28,0.5566605521877599,C2,1.1428571428571428,"{""type"":""MultiPoint"",""coordinates"":[]}"
20260807T013649_20260807T013650_T53SPA_11,1810,20,休耕,2026-08-07,15,0.4155210585952385,C3,1.3333333333333333,"{""type"":""MultiPoint"",""coordinates"":[]}"
20260807T013649_20260807T013650_T53SPA_12,1870,16,越南315号 原種,2026-08-07,12,0.3808559938391836,C4,1.3333333333333333,"{""type"":""MultiPoint"",""coordinates"":[]}"
20260807T013649_20260807T013650_T53SPA_13,3610,42,キヌヒカリ 原原種・原種,2026-08-07,30,0.41546172128521247,C5,1.4,"{""type"":""MultiPoint"",""coordinates"":[]}"
20260807T013649_20260807T013650_T53SPA_14,1090,15,休耕,2026-08-07,6,0.5185140334654662,C6,2.5,"{""type"":""MultiPoint"",""coordinates"":[]}"
20260807T013649_20260807T013650_T53SPA_15,3560,36,いちほまれ 原種,2026-08-07,30,0.42728472738391143,D1,1.2,"{""type"":""MultiPoint"",""coordinates"":[]}"
20260807T013649_20260807T013650_T53SPA_16,1080,12,休耕,2026-08-07,6,0.4242532188546413,D2,2.0,"{""type"":""MultiPoint"",""coordinates"":[]}"
20260807T013649_20260807T013650_T53SPV_0,3020,28,コシヒカリ 原種,2026-08-07,28,0.8020066634671448,A1,1.0,"{""type"":""MultiPoint"",""coordinates"":[]}"
20260807T013649_20260807T013650_T53SPV_1,2950,28,はねうまもち 系統・原原原種・原原種,2026-08-07,21,0.8251011059030694,A2,1.3333333333333333,"{""type"":""MultiPoint"",""coordinates"":[]}"
20260807T013649_20260807T013650_T53SPV_2,1740,14,県大3号・はねうまもち 系統・原原原種・原原種,2026-08-07,7,0.7861963323321508,A3,2.0,"{""type"":""MultiPoint"",""coordinates"":[]}"
20260807T013649_20260807T013650_T53SPV_3,1440,18,"カグラモチ 原原種・原種（A4-1+A4-2, 幅19m）",2026-08-07,14,0.7187347374620484,A4,1.2857142857142858,"{""type"":""MultiPoint"",""coordinates"":[]}"
20260807T013649_20260807T013650_T53SPV_4,2189,26,"越南315号・系統・イクヒカリ（A5-1〜3, 幅28m）",2026-08-07,14,0.7159496412947006,A5,1.8571428571428572,"{""type"":""MultiPoint"",""coordinates"":[]}"
20260807T013649_20260807T013650_T53SPV_5,3830,40,コシヒカリ 原種,2026-08-07,27,0.5780119843337164,B1,1.4814814814814814,"{""type"":""MultiPoint"",""coordinates"":[]}"
20260807T013649_20260807T013650_T53SPV_6,4120,50,コシヒカリ 原原種・原種,2026-08-07,36,0.521740582395466,B2,1.3888888888888888,"{""type"":""MultiPoint"",""coordinates"":[]}"
20260807T013649_20260807T013650_T53SPV_7,3000,29,コシヒカリ 原種,2026-08-07,27,0.5476173962585332,B3,1.0740740740740742,"{""type"":""MultiPoint"",""coordinates"":[]}"
20260807T013649_20260807T013650_T53SPV_8,2420,17,ファイバースノウ 系統・原原原種・原原種,2026-08-07,12,0.6323464027502496,B4,1.4166666666666667,"{""type"":""MultiPoint"",""coordinates"":[]}"
20260807T013649_20260807T013650_T53SPV_9,4040,32,あきさかり 原種,2026-08-07,35,0.8280045988486183,C1,0.9142857142857143,"{""type"":""MultiPoint"",""coordinates"":[]}"
20260807T013649_20260807T013650_T53SPV_10,3960,32,ハナエチゼン 原種,2026-08-07,28,0.5564505352261518,C2,1.1428571428571428,"{""type"":""MultiPoint"",""coordinates"":[]}"
20260807T013649_20260807T013650_T53SPV_11,1810,20,休耕,2026-08-07,15,0.4119130039177646,C3,1.3333333333333333,"{""type"":""MultiPoint"",""coordinates"":[]}"
20260807T013649_20260807T013650_T53SPV_12,1870,16,越南315号 原種,2026-08-07,12,0.37702667275003865,C4,1.3333333333333333,"{""type"":""MultiPoint"",""coordinates"":[]}"
20260807T013649_20260807T013650_T53SPV_13,3610,42,キヌヒカリ 原原種・原種,2026-08-07,30,0.4119938774792474,C5,1.4,"{""type"":""MultiPoint"",""coordinates"":[]}"
20260807T013649_20260807T013650_T53SPV_14,1090,15,休耕,2026-08-07,6,0.5168295331629299,C6,2.5,"{""type"":""MultiPoint"",""coordinates"":[]}"
20260807T013649_20260807T013650_T53SPV_15,3560,36,いちほまれ 原種,2026-08-07,30,0.42422857780963324,D1,1.2,"{""type"":""MultiPoint"",""coordinates"":[]}"
20260807T013649_20260807T013650_T53SPV_16,1080,12,休耕,2026-08-07,6,0.4214552457321032,D2,2.0,"{""type"":""MultiPoint"",""coordinates"":[]}"
20260812T013651_20260812T013759_T53SPA_0,3020,28,コシヒカリ 原種,2026-08-12,28,0.7348101581343056,A1,1.0,"{""type"":""MultiPoint"",""coordinates"":[]}"
20260812T013651_20260812T013759_T53SPA_1,2950,28,はねうまもち 系統・原原原種・原原種,2026-08-12,21,0.7333017763822688,A2,1.3333333333333333,"{""type"":""MultiPoint"",""coordinates"":[]}"
20260812T013651_20260812T013759_T53SPA_2,1740,14,県大3号・はねうまもち 系統・原原原種・原原種,2026-08-12,7,0.6720780937457826,A3,2.0,"{""type"":""MultiPoint"",""coordinates"":[]}"
20260812T013651_20260812T013759_T53SPA_3,1440,18,"カグラモチ 原原種・原種（A4-1+A4-2, 幅19m）",2026-08-12,14,0.57361707245739,A4,1.2857142857142858,"{""type"":""MultiPoint"",""coordinates"":[]}"
20260812T013651_20260812T013759_T53SPA_4,2189,16,"越南315号・系統・イクヒカリ（A5-1〜3, 幅28m）",2026-08-12,14,0.47380694486630603,A5,1.1428571428571428,"{""type"":""MultiPoint"",""coordinates"":[]}"
20260812T013651_20260812T013759_T53SPA_5,3830,40,コシヒカリ 原種,2026-08-12,27,0.7348322434015262,B1,1.4814814814814814,"{""type"":""MultiPoint"",""coordinates"":[]}"
20260812T013651_20260812T013759_T53SPA_6,4120,50,コシヒカリ 原原種・原種,2026-08-12,36,0.6061761807772802,B2,1.3888888888888888,"{""type"":""MultiPoint"",""coordinates"":[]}"
20260812T013651_20260812T013759_T53SPA_7,3000,29,コシヒカリ 原種,2026-08-12,27,0.7158254565568937,B3,1.0740740740740742,"{""type"":""MultiPoint"",""coordinates"":[]}"
20260812T013651_20260812T013759_T53SPA_8,2420,17,ファイバースノウ 系統・原原原種・原原種,2026-08-12,12,0.6199464104913711,B4,1.4166666666666667,"{""type"":""MultiPoint"",""coordinates"":[]}"
20260812T013651_20260812T013759_T53SPA_9,4040,32,あきさかり 原種,2026-08-12,35,0.8506859315300075,C1,0.9142857142857143,"{""type"":""MultiPoint"",""coordinates"":[]}"
20260812T013651_20260812T013759_T53SPA_10,3960,32,ハナエチゼン 原種,2026-08-12,28,0.6191134451395067,C2,1.1428571428571428,"{""type"":""MultiPoint"",""coordinates"":[]}"
20260812T013651_20260812T013759_T53SPA_11,1810,20,休耕,2026-08-12,15,0.5474284237728195,C3,1.3333333333333333,"{""type"":""MultiPoint"",""coordinates"":[]}"
20260812T013651_20260812T013759_T53SPA_12,1870,16,越南315号 原種,2026-08-12,12,0.5938234073986588,C4,1.3333333333333333,"{""type"":""MultiPoint"",""coordinates"":[]}"
20260812T013651_20260812T013759_T53SPA_13,3610,42,キヌヒカリ 原原種・原種,2026-08-12,30,0.7429114511946593,C5,1.4,"{""type"":""MultiPoint"",""coordinates"":[]}"
20260812T013651_20260812T013759_T53SPA_14,1090,15,休耕,2026-08-12,6,0.5193257627826691,C6,2.5,"{""type"":""MultiPoint"",""coordinates"":[]}"
20260812T013651_20260812T013759_T53SPA_15,3560,36,いちほまれ 原種,2026-08-12,30,0.8431718296218998,D1,1.2,"{""type"":""MultiPoint"",""coordinates"":[]}"
20260812T013651_20260812T013759_T53SPA_16,1080,12,休耕,2026-08-12,6,0.504715259923967,D2,2.0,"{""type"":""MultiPoint"",""coordinates"":[]}"
20260822T013651_20260822T013930_T53SPV_0,3020,28,コシヒカリ 原種,2026-08-22,28,0.6917662588360446,A1,1.0,"{""type"":""MultiPoint"",""coordinates"":[]}"
20260822T013651_20260822T013930_T53SPV_1,2950,28,はねうまもち 系統・原原原種・原原種,2026-08-22,21,0.8655758074918694,A2,1.3333333333333333,"{""type"":""MultiPoint"",""coordinates"":[]}"
20260822T013651_20260822T013930_T53SPV_2,1740,14,県大3号・はねうまもち 系統・原原原種・原原種,2026-08-22,7,0.8377527153881846,A3,2.0,"{""type"":""MultiPoint"",""coordinates"":[]}"
20260822T013651_20260822T013930_T53SPV_3,1440,18,"カグラモチ 原原種・原種（A4-1+A4-2, 幅19m）",2026-08-22,14,0.6708747710785767,A4,1.2857142857142858,"{""type"":""MultiPoint"",""coordinates"":[]}"
20260822T013651_20260822T013930_T53SPV_4,2189,26,"越南315号・系統・イクヒカリ（A5-1〜3, 幅28m）",2026-08-22,14,0.5841439642773876,A5,1.8571428571428572,"{""type"":""MultiPoint"",""coordinates"":[]}"
20260822T013651_20260822T013930_T53SPV_5,3830,40,コシヒカリ 原種,2026-08-22,27,0.6875339466493183,B1,1.4814814814814814,"{""type"":""MultiPoint"",""coordinates"":[]}"
20260822T013651_20260822T013930_T53SPV_6,4120,50,コシヒカリ 原原種・原種,2026-08-22,36,0.5831877345287844,B2,1.3888888888888888,"{""type"":""MultiPoint"",""coordinates"":[]}"
20260822T013651_20260822T013930_T53SPV_7,3000,29,コシヒカリ 原種,2026-08-22,27,0.7444986997713765,B3,1.0740740740740742,"{""type"":""MultiPoint"",""coordinates"":[]}"
20260822T013651_20260822T013930_T53SPV_8,2420,17,ファイバースノウ 系統・原原原種・原原種,2026-08-22,12,0.638939922775499,B4,1.4166666666666667,"{""type"":""MultiPoint"",""coordinates"":[]}"
20260822T013651_20260822T013930_T53SPV_9,4040,32,あきさかり 原種,2026-08-22,35,0.8106150214191014,C1,0.9142857142857143,"{""type"":""MultiPoint"",""coordinates"":[]}"
20260822T013651_20260822T013930_T53SPV_10,3960,32,ハナエチゼン 原種,2026-08-22,28,0.1701731197578733,C2,1.1428571428571428,"{""type"":""MultiPoint"",""coordinates"":[]}"
20260822T013651_20260822T013930_T53SPV_11,1810,20,休耕,2026-08-22,15,0.727587900027938,C3,1.3333333333333333,"{""type"":""MultiPoint"",""coordinates"":[]}"
20260822T013651_20260822T013930_T53SPV_12,1870,16,越南315号 原種,2026-08-22,12,0.2084726592538809,C4,1.3333333333333333,"{""type"":""MultiPoint"",""coordinates"":[]}"
20260822T013651_20260822T013930_T53SPV_13,3610,42,キヌヒカリ 原原種・原種,2026-08-22,30,0.7547791183326511,C5,1.4,"{""type"":""MultiPoint"",""coordinates"":[]}"
20260822T013651_20260822T013930_T53SPV_14,1090,15,休耕,2026-08-22,6,0.6012005651049875,C6,2.5,"{""type"":""MultiPoint"",""coordinates"":[]}"
20260822T013651_20260822T013930_T53SPV_15,3560,36,いちほまれ 原種,2026-08-22,30,0.8372890278155879,D1,1.2,"{""type"":""MultiPoint"",""coordinates"":[]}"
20260822T013651_20260822T013930_T53SPV_16,1080,12,休耕,2026-08-22,6,0.6372114236682497,D2,2.0,"{""type"":""MultiPoint"",""coordinates"":[]}"
20260824T014111_20260824T014111_T53SPA_0,3020,28,コシヒカリ 原種,2026-08-24,28,0.6686292957747302,A1,1.0,"{""type"":""MultiPoint"",""coordinates"":[]}"
20260824T014111_20260824T014111_T53SPA_1,2950,28,はねうまもち 系統・原原原種・原原種,2026-08-24,21,0.8283379754634811,A2,1.3333333333333333,"{""type"":""MultiPoint"",""coordinates"":[]}"
20260824T014111_20260824T014111_T53SPA_2,1740,14,県大3号・はねうまもち 系統・原原原種・原原種,2026-08-24,7,0.7902314128111243,A3,2.0,"{""type"":""MultiPoint"",""coordinates"":[]}"
20260824T014111_20260824T014111_T53SPA_3,1440,18,"カグラモチ 原原種・原種（A4-1+A4-2, 幅19m）",2026-08-24,14,0.6370736722062394,A4,1.2857142857142858,"{""type"":""MultiPoint"",""coordinates"":[]}"
20260824T014111_20260824T014111_T53SPA_4,2189,26,"越南315号・系統・イクヒカリ（A5-1〜3, 幅28m）",2026-08-24,14,0.5796505666040198,A5,1.8571428571428572,"{""type"":""MultiPoint"",""coordinates"":[]}"
20260824T014111_20260824T014111_T53SPA_5,3830,40,コシヒカリ 原種,2026-08-24,27,0.6475563005746395,B1,1.4814814814814814,"{""type"":""MultiPoint"",""coordinates"":[]}"
20260824T014111_20260824T014111_T53SPA_6,4120,50,コシヒカリ 原原種・原種,2026-08-24,36,0.5645339509693312,B2,1.3888888888888888,"{""type"":""MultiPoint"",""coordinates"":[]}"
20260824T014111_20260824T014111_T53SPA_7,3000,29,コシヒカリ 原種,2026-08-24,27,0.7092091602985159,B3,1.0740740740740742,"{""type"":""MultiPoint"",""coordinates"":[]}"
20260824T014111_20260824T014111_T53SPA_8,2420,17,ファイバースノウ 系統・原原原種・原原種,2026-08-24,12,0.6045078446313257,B4,1.4166666666666667,"{""type"":""MultiPoint"",""coordinates"":[]}"
20260824T014111_20260824T014111_T53SPA_9,4040,32,あきさかり 原種,2026-08-24,35,0.7692821538658529,C1,0.9142857142857143,"{""type"":""MultiPoint"",""coordinates"":[]}"
20260824T014111_20260824T014111_T53SPA_10,3960,32,ハナエチゼン 原種,2026-08-24,28,0.20258729746493942,C2,1.1428571428571428,"{""type"":""MultiPoint"",""coordinates"":[]}"
20260824T014111_20260824T014111_T53SPA_11,1810,20,休耕,2026-08-24,15,0.7194287627044721,C3,1.3333333333333333,"{""type"":""MultiPoint"",""coordinates"":[]}"
20260824T014111_20260824T014111_T53SPA_12,1870,16,越南315号 原種,2026-08-24,12,0.23146151257401015,C4,1.3333333333333333,"{""type"":""MultiPoint"",""coordinates"":[]}"
20260824T014111_20260824T014111_T53SPA_13,3610,42,キヌヒカリ 原原種・原種,2026-08-24,30,0.7130319627359215,C5,1.4,"{""type"":""MultiPoint"",""coordinates"":[]}"
20260824T014111_20260824T014111_T53SPA_14,1090,15,休耕,2026-08-24,6,0.5911822727220263,C6,2.5,"{""type"":""MultiPoint"",""coordinates"":[]}"
20260824T014111_20260824T014111_T53SPA_15,3560,36,いちほまれ 原種,2026-08-24,30,0.8006236311574199,D1,1.2,"{""type"":""MultiPoint"",""coordinates"":[]}"
20260824T014111_20260824T014111_T53SPA_16,1080,12,休耕,2026-08-24,6,0.6309256475825259,D2,2.0,"{""type"":""MultiPoint"",""coordinates"":[]}"
20260824T014111_20260824T014111_T53SPV_0,3020,28,コシヒカリ 原種,2026-08-24,28,0.6694061745964375,A1,1.0,"{""type"":""MultiPoint"",""coordinates"":[]}"
20260824T014111_20260824T014111_T53SPV_1,2950,28,はねうまもち 系統・原原原種・原原種,2026-08-24,21,0.8305445286840868,A2,1.3333333333333333,"{""type"":""MultiPoint"",""coordinates"":[]}"
20260824T014111_20260824T014111_T53SPV_2,1740,14,県大3号・はねうまもち 系統・原原原種・原原種,2026-08-24,7,0.7922854625967938,A3,2.0,"{""type"":""MultiPoint"",""coordinates"":[]}"
20260824T014111_20260824T014111_T53SPV_3,1440,18,"カグラモチ 原原種・原種（A4-1+A4-2, 幅19m）",2026-08-24,14,0.6378440405524528,A4,1.2857142857142858,"{""type"":""MultiPoint"",""coordinates"":[]}"
20260824T014111_20260824T014111_T53SPV_4,2189,26,"越南315号・系統・イクヒカリ（A5-1〜3, 幅28m）",2026-08-24,14,0.5797872621788659,A5,1.8571428571428572,"{""type"":""MultiPoint"",""coordinates"":[]}"
20260824T014111_20260824T014111_T53SPV_5,3830,40,コシヒカリ 原種,2026-08-24,27,0.6479724201613514,B1,1.4814814814814814,"{""type"":""MultiPoint"",""coordinates"":[]}"
20260824T014111_20260824T014111_T53SPV_6,4120,50,コシヒカリ 原原種・原種,2026-08-24,36,0.5645297338523195,B2,1.3888888888888888,"{""type"":""MultiPoint"",""coordinates"":[]}"
20260824T014111_20260824T014111_T53SPV_7,3000,29,コシヒカリ 原種,2026-08-24,27,0.7104053085228137,B3,1.0740740740740742,"{""type"":""MultiPoint"",""coordinates"":[]}"
20260824T014111_20260824T014111_T53SPV_8,2420,17,ファイバースノウ 系統・原原原種・原原種,2026-08-24,12,0.6048620079854484,B4,1.4166666666666667,"{""type"":""MultiPoint"",""coordinates"":[]}"
20260824T014111_20260824T014111_T53SPV_9,4040,32,あきさかり 原種,2026-08-24,35,0.7709287332132597,C1,0.9142857142857143,"{""type"":""MultiPoint"",""coordinates"":[]}"
20260824T014111_20260824T014111_T53SPV_10,3960,32,ハナエチゼン 原種,2026-08-24,28,0.1994410531834264,C2,1.1428571428571428,"{""type"":""MultiPoint"",""coordinates"":[]}"
20260824T014111_20260824T014111_T53SPV_11,1810,20,休耕,2026-08-24,15,0.7207325928118048,C3,1.3333333333333333,"{""type"":""MultiPoint"",""coordinates"":[]}"
20260824T014111_20260824T014111_T53SPV_12,1870,16,越南315号 原種,2026-08-24,12,0.229183634455726,C4,1.3333333333333333,"{""type"":""MultiPoint"",""coordinates"":[]}"
20260824T014111_20260824T014111_T53SPV_13,3610,42,キヌヒカリ 原原種・原種,2026-08-24,30,0.7143556058584918,C5,1.4,"{""type"":""MultiPoint"",""coordinates"":[]}"
20260824T014111_20260824T014111_T53SPV_14,1090,15,休耕,2026-08-24,6,0.5910263652528168,C6,2.5,"{""type"":""MultiPoint"",""coordinates"":[]}"
20260824T014111_20260824T014111_T53SPV_15,3560,36,いちほまれ 原種,2026-08-24,30,0.8026174092945566,D1,1.2,"{""type"":""MultiPoint"",""coordinates"":[]}"
20260824T014111_20260824T014111_T53SPV_16,1080,12,休耕,2026-08-24,6,0.6311962467022746,D2,2.0,"{""type"":""MultiPoint"",""coordinates"":[]}"
20260901T013651_20260901T013649_T53SPA_0,3020,28,コシヒカリ 原種,2026-09-01,28,0.6817513964757107,A1,1.0,"{""type"":""MultiPoint"",""coordinates"":[]}"
20260901T013651_20260901T013649_T53SPA_1,2950,28,はねうまもち 系統・原原原種・原原種,2026-09-01,21,0.8534162798748343,A2,1.3333333333333333,"{""type"":""MultiPoint"",""coordinates"":[]}"
20260901T013651_20260901T013649_T53SPA_2,1740,14,県大3号・はねうまもち 系統・原原原種・原原種,2026-09-01,7,0.8367997513118298,A3,2.0,"{""type"":""MultiPoint"",""coordinates"":[]}"
20260901T013651_20260901T013649_T53SPA_3,1440,18,"カグラモチ 原原種・原種（A4-1+A4-2, 幅19m）",2026-09-01,14,0.6960904022808957,A4,1.2857142857142858,"{""type"":""MultiPoint"",""coordinates"":[]}"
20260901T013651_20260901T013649_T53SPA_4,2189,26,"越南315号・系統・イクヒカリ（A5-1〜3, 幅28m）",2026-09-01,14,0.4995116551115967,A5,1.8571428571428572,"{""type"":""MultiPoint"",""coordinates"":[]}"
20260901T013651_20260901T013649_T53SPA_5,3830,40,コシヒカリ 原種,2026-09-01,27,0.3496097070414029,B1,1.4814814814814814,"{""type"":""MultiPoint"",""coordinates"":[]}"
20260901T013651_20260901T013649_T53SPA_6,4120,50,コシヒカリ 原原種・原種,2026-09-01,36,0.38433079830764616,B2,1.3888888888888888,"{""type"":""MultiPoint"",""coordinates"":[]}"
20260901T013651_20260901T013649_T53SPA_7,3000,29,コシヒカリ 原種,2026-09-01,27,0.48614220845275286,B3,1.0740740740740742,"{""type"":""MultiPoint"",""coordinates"":[]}"
20260901T013651_20260901T013649_T53SPA_8,2420,17,ファイバースノウ 系統・原原原種・原原種,2026-09-01,12,0.6861402546649756,B4,1.4166666666666667,"{""type"":""MultiPoint"",""coordinates"":[]}"
20260901T013651_20260901T013649_T53SPA_9,4040,32,あきさかり 原種,2026-09-01,35,0.7825885460463856,C1,0.9142857142857143,"{""type"":""MultiPoint"",""coordinates"":[]}"
20260901T013651_20260901T013649_T53SPA_10,3960,32,ハナエチゼン 原種,2026-09-01,28,0.3063022600982035,C2,1.1428571428571428,"{""type"":""MultiPoint"",""coordinates"":[]}"
20260901T013651_20260901T013649_T53SPA_11,1810,20,休耕,2026-09-01,15,0.774077094242251,C3,1.3333333333333333,"{""type"":""MultiPoint"",""coordinates"":[]}"
20260901T013651_20260901T013649_T53SPA_12,1870,16,越南315号 原種,2026-09-01,12,0.2855553891537831,C4,1.3333333333333333,"{""type"":""MultiPoint"",""coordinates"":[]}"
20260901T013651_20260901T013649_T53SPA_13,3610,42,キヌヒカリ 原原種・原種,2026-09-01,30,0.6764712168381939,C5,1.4,"{""type"":""MultiPoint"",""coordinates"":[]}"
20260901T013651_20260901T013649_T53SPA_14,1090,15,休耕,2026-09-01,6,0.6161173663550956,C6,2.5,"{""type"":""MultiPoint"",""coordinates"":[]}"
20260901T013651_20260901T013649_T53SPA_15,3560,36,いちほまれ 原種,2026-09-01,30,0.7986129503210811,D1,1.2,"{""type"":""MultiPoint"",""coordinates"":[]}"
20260901T013651_20260901T013649_T53SPA_16,1080,12,休耕,2026-09-01,6,0.7441772085935204,D2,2.0,"{""type"":""MultiPoint"",""coordinates"":[]}"
20260901T013651_20260901T013649_T53SPV_0,3020,28,コシヒカリ 原種,2026-09-01,28,0.6795037798754611,A1,1.0,"{""type"":""MultiPoint"",""coordinates"":[]}"
20260901T013651_20260901T013649_T53SPV_1,2950,28,はねうまもち 系統・原原原種・原原種,2026-09-01,21,0.8498691110755432,A2,1.3333333333333333,"{""type"":""MultiPoint"",""coordinates"":[]}"
20260901T013651_20260901T013649_T53SPV_2,1740,14,県大3号・はねうまもち 系統・原原原種・原原種,2026-09-01,7,0.8336092544494516,A3,2.0,"{""type"":""MultiPoint"",""coordinates"":[]}"
20260901T013651_20260901T013649_T53SPV_3,1440,18,"カグラモチ 原原種・原種（A4-1+A4-2, 幅19m）",2026-09-01,14,0.6936364190488752,A4,1.2857142857142858,"{""type"":""MultiPoint"",""coordinates"":[]}"
20260901T013651_20260901T013649_T53SPV_4,2189,26,"越南315号・系統・イクヒカリ（A5-1〜3, 幅28m）",2026-09-01,14,0.4987404846839622,A5,1.8571428571428572,"{""type"":""MultiPoint"",""coordinates"":[]}"
20260901T013651_20260901T013649_T53SPV_5,3830,40,コシヒカリ 原種,2026-09-01,27,0.3510525831243903,B1,1.4814814814814814,"{""type"":""MultiPoint"",""coordinates"":[]}"
20260901T013651_20260901T013649_T53SPV_6,4120,50,コシヒカリ 原原種・原種,2026-09-01,36,0.3852381576732729,B2,1.3888888888888888,"{""type"":""MultiPoint"",""coordinates"":[]}"
20260901T013651_20260901T013649_T53SPV_7,3000,29,コシヒカリ 原種,2026-09-01,27,0.4854755641277097,B3,1.0740740740740742,"{""type"":""MultiPoint"",""coordinates"":[]}"
20260901T013651_20260901T013649_T53SPV_8,2420,17,ファイバースノウ 系統・原原原種・原原種,2026-09-01,12,0.6835117920362741,B4,1.4166666666666667,"{""type"":""MultiPoint"",""coordinates"":[]}"
20260901T013651_20260901T013649_T53SPV_9,4040,32,あきさかり 原種,2026-09-01,35,0.7788259127076923,C1,0.9142857142857143,"{""type"":""MultiPoint"",""coordinates"":[]}"
20260901T013651_20260901T013649_T53SPV_10,3960,32,ハナエチゼン 原種,2026-09-01,28,0.30782759378333796,C2,1.1428571428571428,"{""type"":""MultiPoint"",""coordinates"":[]}"
20260901T013651_20260901T013649_T53SPV_11,1810,20,休耕,2026-09-01,15,0.7705309692148777,C3,1.3333333333333333,"{""type"":""MultiPoint"",""coordinates"":[]}"
20260901T013651_20260901T013649_T53SPV_12,1870,16,越南315号 原種,2026-09-01,12,0.2876526307006549,C4,1.3333333333333333,"{""type"":""MultiPoint"",""coordinates"":[]}"
20260901T013651_20260901T013649_T53SPV_13,3610,42,キヌヒカリ 原原種・原種,2026-09-01,30,0.6741561062449881,C5,1.4,"{""type"":""MultiPoint"",""coordinates"":[]}"
20260901T013651_20260901T013649_T53SPV_14,1090,15,休耕,2026-09-01,6,0.6127887200767395,C6,2.5,"{""type"":""MultiPoint"",""coordinates"":[]}"
20260901T013651_20260901T013649_T53SPV_15,3560,36,いちほまれ 原種,2026-09-01,30,0.795547042204591,D1,1.2,"{""type"":""MultiPoint"",""coordinates"":[]}"
20260901T013651_20260901T013649_T53SPV_16,1080,12,休耕,2026-09-01,6,0.7407309744233941,D2,2.0,"{""type"":""MultiPoint"",""coordinates"":[]}"
