{"type":"FeatureCollection","features":[{"type":"Feature","properties":{"pid":"d84243b0-9466-47eb-9d88-b42d47c9d91f"},"geometry":{"type":"Polygon","coordinates":[[[136.1292910290358,36.03488427203774],[136.12912424364413,36.034898616900165],[136.12918140976865,36.03503375149055],[136.1292740201192,36.03503974341138],[136.1292910290358,36.03488427203774]]]}},{"type":"Feature","properties":{"pid":"690e882a-53ff-4981-81ab-d5cfe627e00d"},"geometry":{"type":"Polygon","coordinates":[[[136.12926818632576,36.035149952887956],[136.12916595122223,36.03514209302492],[136.12914290780216,36.03518569369707],[136.12911567776015,36.03529809479822],[136.12916741380437,36.0354349225889],[136.12919334046086,36.035436084902294],[136.12923179002615,36.035408852402256],[136.12927848170978,36.03531741531081],[136.1292884016501,36.03525018581812],[136.12926818632576,36.035149952887956]]]}},{"type":"Feature","properties":{"pid":"ea69d21d-ef55-4f67-bb10-32ace6f504fc"},"geometry":{"type":"Polygon","coordinates":[[[136.12920424379425,36.03459521627121],[136.12899441094163,36.03462343887145],[136.1290751699205,36.03480850894464],[136.12927253073198,36.034792725709515],[136.12920424379425,36.03459521627121]]]}},{"type":"Feature","properties":{"pid":"cf02699b-11af-457d-b3ce-821b19c3cc37"},"geometry":{"type":"Polygon","coordinates":[[[136.1291909502315,36.0342474133458],[136.1289521906793,36.03420298385953],[136.1289196789454,36.03434600836188],[136.12896670285767,36.0345207775029],[136.1291666347602,36.03449878927558],[136.12914863840845,36.0344011335878],[136.1291909502315,36.0342474133458]]]}},{"type":"Feature","properties":{"pid":"fbaf3d96-0dc3-4c49-9d79-37b47bc5ab04"},"geometry":{"type":"Polygon","coordinates":[[[136.13167691930965,36.03411111797846],[136.13163959856732,36.034062680756925],[136.1314902476444,36.03409528942226],[136.13155720835394,36.03415557833962],[136.13167691930965,36.03411111797846]]]}},{"type":"Feature","properties":{"pid":"21ef0db3-4276-4198-9510-f428f70030a5"},"geometry":{"type":"Polygon","coordinates":[[[136.13182259620325,36.03426655636521],[136.1317515510121,36.03419711527194],[136.13164283274222,36.034237583555125],[136.13171278018288,36.03431640236675],[136.13182259620325,36.03426655636521]]]}},{"type":"Feature","properties":{"pid":"9a010d75-2ebb-42e1-be40-88ab1e9127eb"},"geometry":{"type":"Polygon","coordinates":[[[136.13177804623527,36.034400080106394],[136.13186359675012,36.034458780722844],[136.13194756232437,36.034417060515665],[136.1319019037281,36.034344454065206],[136.13177804623527,36.034400080106394]]]}},{"type":"Feature","properties":{"pid":"18ad4c22-d637-480a-9616-5dc49ed47dce"},"geometry":{"type":"Polygon","coordinates":[[[136.13516602706832,36.03388870509441],[136.13494063343296,36.03374386068136],[136.1346376630654,36.034179263835085],[136.13475297311737,36.03424723456625],[136.13493776335383,36.03431150340976],[136.13516602706832,36.03388870509441]]]}},{"type":"Feature","properties":{"pid":"43a7552f-91a2-40b6-ad8f-cf0929cb26bd"},"geometry":{"type":"Polygon","coordinates":[[[136.13531953932076,36.03397661664973],[136.13526411380585,36.03394641450552],[136.13504712329362,36.034352118136106],[136.13511593067713,36.034378492881096],[136.13531953932076,36.03397661664973]]]}},{"type":"Feature","properties":{"pid":"902b01fd-d57c-4bda-a724-5f218b6ea506"},"geometry":{"type":"Polygon","coordinates":[[[136.1352355832872,36.03439706742221],[136.1354016288761,36.03435165558478],[136.13540098098667,36.03422875860265],[136.1354775548446,36.034057589031306],[136.13542063903614,36.03402804565431],[136.1352355832872,36.03439706742221]]]}},{"type":"Feature","properties":{"pid":"72c0ddec-7d44-4851-b0b5-6e722ee1d6ca"},"geometry":{"type":"Polygon","coordinates":[[[136.1360169638856,36.034301389311416],[136.13573729167788,36.034176275952134],[136.13567559949348,36.03429412735106],[136.13567578196526,36.03440066436678],[136.13584528722382,36.03443060816257],[136.1360169638856,36.034301389311416]]]}},{"type":"Feature","properties":{"pid":"1ca7e7ec-eb06-4faa-94ec-87becf8eb51d"},"geometry":{"type":"Polygon","coordinates":[[[136.13648573899522,36.034544347561834],[136.13613905249707,36.034359722714655],[136.13595450037357,36.034515808334035],[136.1359267452632,36.03466400564545],[136.13596819247903,36.03476652070499],[136.13606097689407,36.03485861940065],[136.13648573899522,36.034544347561834]]]}},{"type":"Feature","properties":{"pid":"7c32b4c3-9317-4809-afdb-ce97a8f45ddd"},"geometry":{"type":"Polygon","coordinates":[[[136.13672567821902,36.03470596260982],[136.13658339636507,36.03460706802998],[136.13623311925903,36.03486600823821],[136.1363591252244,36.03497721674467],[136.13672567821902,36.03470596260982]]]}},{"type":"Feature","properties":{"pid":"dd5f1256-d775-4063-94ab-a88d59541586"},"geometry":{"type":"Polygon","coordinates":[[[136.13655897489886,36.03527927678515],[136.13636704140126,36.03510682136322],[136.13633839184016,36.035129538184236],[136.13642407703048,36.03520898015581],[136.1364983070272,36.035327405069715],[136.13655897489886,36.03527927678515]]]}},{"type":"Feature","properties":{"pid":"af0d1300-6ed5-4a74-86b4-0e3dc2c1d5e3"},"geometry":{"type":"Polygon","coordinates":[[[136.13727909595346,36.03517030824035],[136.13709689146708,36.03501242077662],[136.1365470314842,36.035430069823796],[136.13656637789163,36.035550386201926],[136.136678895465,36.03562709113963],[136.13727909595346,36.03517030824035]]]}},{"type":"Feature","properties":{"pid":"be0b0499-22b8-439b-9aee-31ff4a1a1d8d"},"geometry":{"type":"Polygon","coordinates":[[[136.136774759468,36.035688645397016],[136.13692072882128,36.0357657334881],[136.13748245284347,36.03534096702575],[136.13735996711952,36.035244756950995],[136.136774759468,36.035688645397016]]]}},{"type":"Feature","properties":{"pid":"4b3d1dfe-7908-4345-a08e-4cb2594bc7f4"},"geometry":{"type":"Polygon","coordinates":[[[136.1370086004614,36.034938187547915],[136.13681668333948,36.03478514937969],[136.13645626066648,36.035035925664126],[136.13665520967746,36.035212320116784],[136.1370086004614,36.034938187547915]]]}},{"type":"Feature","properties":{"pid":"9a85e72c-f035-454d-996b-d934644b2037"},"geometry":{"type":"Polygon","coordinates":[[[136.13710530393553,36.03418102742665],[136.13651498000874,36.03416339623394],[136.13646516029536,36.03422103474483],[136.13669279912827,36.03435084109003],[136.13674171455924,36.034358139468445],[136.13681036028603,36.03439825119867],[136.13710530393553,36.03418102742665]]]}},{"type":"Feature","properties":{"pid":"2135cc9c-afcf-4cb2-9ce7-fd505fd93237"},"geometry":{"type":"Polygon","coordinates":[[[136.13765973503652,36.03419900751933],[136.13760926768117,36.03416593977756],[136.1372783950973,36.03418264318421],[136.13690473824653,36.034461837512154],[136.1371033711921,36.034618975698955],[136.13765973503652,36.03419900751933]]]}},{"type":"Feature","properties":{"pid":"61591743-0c9a-469f-8e51-5d25a7ae4e9b"},"geometry":{"type":"Polygon","coordinates":[[[136.1371886306895,36.034692833150295],[136.13772330120418,36.03516111786737],[136.1382884418456,36.03473701860346],[136.13774800841387,36.03426771010211],[136.1371886306895,36.034692833150295]]]}},{"type":"Feature","properties":{"pid":"58f87013-e426-4ea7-b6a1-fcf1da65889d"},"geometry":{"type":"Polygon","coordinates":[[[136.1388587824809,36.03418032696718],[136.1385959668518,36.034142090474624],[136.13835080079488,36.03412880339619],[136.13808544755807,36.03432744824156],[136.1383531773322,36.034560166247644],[136.1388587824809,36.03418032696718]]]}},{"type":"Feature","properties":{"pid":"40df8819-4523-4046-997f-6d03290b0fda"},"geometry":{"type":"Polygon","coordinates":[[[136.13897958718448,36.03422166801419],[136.13843469283017,36.03463102281678],[136.13847058920436,36.03466222476137],[136.13901913231692,36.03423531819242],[136.13897958718448,36.03422166801419]]]}},{"type":"Feature","properties":{"pid":"505cfc65-f3d6-4a06-83c7-6f1192f092b8"},"geometry":{"type":"Polygon","coordinates":[[[136.13885000644441,36.03522216021986],[136.1384152502771,36.03484169640589],[136.13784537236117,36.03527958250493],[136.13828881491565,36.035652554683914],[136.13885000644441,36.03522216021986]]]}},{"type":"Feature","properties":{"pid":"8e86b638-be32-4d65-b155-ab880d673476"},"geometry":{"type":"Polygon","coordinates":[[[136.13916246923932,36.03549361406086],[136.13892785391374,36.035294414841765],[136.13837181957084,36.035720876338935],[136.1385961118695,36.03592003930217],[136.13916246923932,36.03549361406086]]]}},{"type":"Feature","properties":{"pid":"e3065ebb-635f-4881-aa6f-c1fe3370bd97"},"geometry":{"type":"Polygon","coordinates":[[[136.13925701002313,36.03560920815622],[136.139258390727,36.03557834578649],[136.13924124760982,36.03556384212941],[136.13867600833248,36.03599171873296],[136.1387128679427,36.03602339807612],[136.13925701002313,36.03560920815622]]]}},{"type":"Feature","properties":{"pid":"c23b4b42-f15a-4efa-865a-7bf36cedc7d0"},"geometry":{"type":"Polygon","coordinates":[[[136.13825956710238,36.036019052129554],[136.13777304630844,36.03559919764523],[136.13722804411523,36.03601811023098],[136.1377661673452,36.036394813448354],[136.13825956710238,36.036019052129554]]]}},{"type":"Feature","properties":{"pid":"a173ebfb-17ac-48ee-81ad-15fcde491d9e"},"geometry":{"type":"Polygon","coordinates":[[[136.137086870725,36.035884691152674],[136.13712987985483,36.03591984215753],[136.13713583527613,36.035952371277695],[136.13738759880238,36.03575952018543],[136.13732375306412,36.03570095177639],[136.137086870725,36.035884691152674]]]}},{"type":"Feature","properties":{"pid":"9143364c-d8b6-4c53-9b06-8a19a26414cd"},"geometry":{"type":"Polygon","coordinates":[[[136.1390464806725,36.03670899631733],[136.1388424824404,36.03652932930073],[136.13850163177878,36.036785522894995],[136.13852472146763,36.03684180618648],[136.13846917848005,36.03697690259588],[136.13855766817426,36.03708152293392],[136.1390464806725,36.03670899631733]]]}},{"type":"Feature","properties":{"pid":"a8669a43-adfa-479d-b2cc-2ea38b01d09c"},"geometry":{"type":"Polygon","coordinates":[[[136.1393421221757,36.03696771914264],[136.13912879233726,36.03677969313255],[136.13862624293859,36.03716010367944],[136.1387674320013,36.037322599725556],[136.13892872215519,36.037276786431754],[136.1393421221757,36.03696771914264]]]}},{"type":"Feature","properties":{"pid":"20e93e59-1ffe-4bcc-bf4b-de815e2c54f5"},"geometry":{"type":"Polygon","coordinates":[[[136.13884023978096,36.0385873332254],[136.13906256350518,36.038493727350804],[136.1390178624461,36.0383989659054],[136.13884023978096,36.0385873332254]]]}},{"type":"Feature","properties":{"pid":"c4171a6d-fa05-446a-8864-d2f4cd56fc43"},"geometry":{"type":"Polygon","coordinates":[[[136.13887194265106,36.03889254670463],[136.138767325687,36.03874218509829],[136.138722915316,36.03876564375001],[136.13883423299757,36.03890787989178],[136.13887194265106,36.03889254670463]]]}},{"type":"Feature","properties":{"pid":"ee28682d-f77d-44f7-8a0d-62ed9b9bbc2c"},"geometry":{"type":"Polygon","coordinates":[[[136.13838128655783,36.038867489097974],[136.13836130435888,36.03887873476348],[136.13840238587025,36.03898918107185],[136.13855696289966,36.03914464108649],[136.13858430264062,36.03907657736125],[136.13838128655783,36.038867489097974]]]}},{"type":"Feature","properties":{"pid":"54acda36-644d-4852-901e-de71d691aa05"},"geometry":{"type":"Polygon","coordinates":[[[136.1403981914517,36.03933097746826],[136.1403890116111,36.03934234567967],[136.14046092973737,36.03938087886342],[136.1406178684273,36.03943512676481],[136.14064175927973,36.03945633158984],[136.14065519935642,36.03945971938767],[136.14067758441035,36.039417857098194],[136.1403981914517,36.03933097746826]]]}},{"type":"Feature","properties":{"pid":"89303d13-77f1-45f6-9392-528561612c69"},"geometry":{"type":"Polygon","coordinates":[[[136.14213924441745,36.04046506555759],[136.14219236070272,36.040462199155726],[136.14222371194555,36.040479821209104],[136.14230291514514,36.0405935695982],[136.14229389765325,36.04064148446382],[136.14232109331914,36.0406805441112],[136.14265748499005,36.04052949257534],[136.14248342010748,36.040292932398586],[136.14213924441745,36.04046506555759]]]}},{"type":"Feature","properties":{"pid":"313e7390-41aa-48d0-aa5a-219e289a1844"},"geometry":{"type":"Polygon","coordinates":[[[136.14398651261354,36.04074123824423],[136.14330685532545,36.03990243692303],[136.142765077979,36.04019189539723],[136.14333829454475,36.04108116348026],[136.14398651261354,36.04074123824423]]]}},{"type":"Feature","properties":{"pid":"5828e437-fff8-4a65-b7e2-f7ef62f23933"},"geometry":{"type":"Polygon","coordinates":[[[136.14366718447297,36.040072476630975],[136.14382274150054,36.04026512249719],[136.14464545817935,36.039820572428816],[136.14449266751126,36.03962756879162],[136.14366718447297,36.040072476630975]]]}},{"type":"Feature","properties":{"pid":"63d6ac79-fd32-4e2c-ad9a-6727e598c7b4"},"geometry":{"type":"Polygon","coordinates":[[[136.1435907946011,36.039990116629546],[136.14442145509608,36.039545352880296],[136.14431134205182,36.03940789504033],[136.14348063848027,36.03985323168759],[136.1435907946011,36.039990116629546]]]}},{"type":"Feature","properties":{"pid":"88141e10-05df-42dd-ab5c-f526f9781a17"},"geometry":{"type":"Polygon","coordinates":[[[136.1439450850316,36.03895068709365],[136.14312003500257,36.03940513040798],[136.14341127995147,36.03976704455206],[136.144242205071,36.03932159023633],[136.1439450850316,36.03895068709365]]]}},{"type":"Feature","properties":{"pid":"06339acd-25d2-4158-b173-3a56fe904a82"},"geometry":{"type":"Polygon","coordinates":[[[136.14284662091697,36.039330854708716],[136.14276307109662,36.039230109564016],[136.1426217711323,36.03930753224902],[136.14270276714143,36.03940749150339],[136.14284662091697,36.039330854708716]]]}},{"type":"Feature","properties":{"pid":"e283f50d-6d40-4d3f-95df-b0cd2ec1fde0"},"geometry":{"type":"Polygon","coordinates":[[[136.14202297376048,36.039776806147515],[136.14174013593882,36.03994033154235],[136.14190114331905,36.04004628105385],[136.1421517655599,36.04026339364226],[136.142362399477,36.04016432733441],[136.14217235343486,36.0399461669866],[136.14213800592958,36.0399283237091],[136.14212093943505,36.03988718988247],[136.14202297376048,36.039776806147515]]]}},{"type":"Feature","properties":{"pid":"00a57022-c6f8-4be1-9411-bff6ef4afe60"},"geometry":{"type":"Polygon","coordinates":[[[136.14254075080544,36.038962313573805],[136.14234967068546,36.03872746973184],[136.14174759723616,36.0390486684741],[136.14195029424496,36.03928303053507],[136.14254075080544,36.038962313573805]]]}},{"type":"Feature","properties":{"pid":"6cf3360c-3964-4a59-8593-1c8373afde41"},"geometry":{"type":"Polygon","coordinates":[[[136.1417771580154,36.03802053479068],[136.14114979978632,36.03836300860245],[136.14167144065098,36.03896521405431],[136.14225841157287,36.03865634096968],[136.1422683910315,36.038625295462296],[136.1417771580154,36.03802053479068]]]}},{"type":"Feature","properties":{"pid":"94f515b5-7c72-4b0d-a772-0a95b6c3eba9"},"geometry":{"type":"Polygon","coordinates":[[[136.1426945951666,36.03914464198009],[136.14261632742347,36.039044083968626],[136.14202405562236,36.039362930182264],[136.1421082499593,36.0394610266039],[136.1426945951666,36.03914464198009]]]}},{"type":"Feature","properties":{"pid":"69443b0d-d2b6-44d1-8404-18ba87437e16"},"geometry":{"type":"Polygon","coordinates":[[[136.14382474052178,36.0388019298652],[136.1437585620922,36.03872107447237],[136.14292487113164,36.03916363012822],[136.14299746374164,36.039252639201635],[136.14382474052178,36.0388019298652]]]}},{"type":"Feature","properties":{"pid":"0a2654c5-e9b4-4050-bc60-efda9605ccf0"},"geometry":{"type":"Polygon","coordinates":[[[136.14369410033981,36.03864002777753],[136.14355008457528,36.038465628462745],[136.14271943560723,36.0389168215837],[136.14285945788524,36.03908501975497],[136.14369410033981,36.03864002777753]]]}},{"type":"Feature","properties":{"pid":"e256337a-6dd6-44ad-b5d8-b5bb78bb6360"},"geometry":{"type":"Polygon","coordinates":[[[136.142514519509,36.03863773405019],[136.1425085720866,36.03865552430328],[136.1426556174601,36.038836732430944],[136.14348544015107,36.038385191318156],[136.1433309056275,36.038201818202054],[136.142514519509,36.03863773405019]]]}},{"type":"Feature","properties":{"pid":"dacf6fca-3626-461d-817e-c989308cb0c9"},"geometry":{"type":"Polygon","coordinates":[[[136.14461641755275,36.03805510461761],[136.14431864206708,36.03767725731321],[136.14348559458446,36.03812314599656],[136.14378194497442,36.0384989276945],[136.14461641755275,36.03805510461761]]]}},{"type":"Feature","properties":{"pid":"fd32781c-c055-45df-a1aa-dbba9c98a70e"},"geometry":{"type":"Polygon","coordinates":[[[136.14208094649464,36.03812158044373],[136.1421172687274,36.03812945619712],[136.1421485868309,36.038158797162694],[136.1421493655785,36.03820655416426],[136.1422570965044,36.03834186865101],[136.14308830961517,36.03789212655717],[136.1427822493489,36.037523172930285],[136.14195294131216,36.03796807742627],[136.14208094649464,36.03812158044373]]]}},{"type":"Feature","properties":{"pid":"6b050434-fff1-468c-bebe-01caef2330b6"},"geometry":{"type":"Polygon","coordinates":[[[136.14326398709534,36.03811946703908],[136.14314768342976,36.03797353865253],[136.14232247129806,36.0384221580792],[136.14243539776456,36.03856154648852],[136.14326398709534,36.03811946703908]]]}},{"type":"Feature","properties":{"pid":"863c6585-f5de-4fdd-9b47-08dcaccb2662"},"geometry":{"type":"Polygon","coordinates":[[[136.14170993851994,36.037938602684655],[136.1413225795957,36.03746400951531],[136.14066184615604,36.037830663820785],[136.14106780280954,36.038283905047294],[136.14170993851994,36.037938602684655]]]}},{"type":"Feature","properties":{"pid":"479dab83-26af-4980-aab8-88a5180115df"},"geometry":{"type":"Polygon","coordinates":[[[136.1413060556593,36.03895925994789],[136.14122336706401,36.038867663769814],[136.1410242137551,36.03939251645349],[136.14112545504264,36.039428203333685],[136.1413060556593,36.03895925994789]]]}},{"type":"Feature","properties":{"pid":"5446829d-85c4-48b6-97b5-09739994bbee"},"geometry":{"type":"Polygon","coordinates":[[[136.14044921938276,36.039212920771796],[136.14091433511535,36.0393556896518],[136.14111757448939,36.03881624478236],[136.14044921938276,36.039212920771796]]]}},{"type":"Feature","properties":{"pid":"ff43c5e6-f29f-40e8-be6c-6ea399ef203f"},"geometry":{"type":"Polygon","coordinates":[[[136.14102175620036,36.03866626258639],[136.14079865841734,36.03841186488778],[136.13985227694138,36.03897177683264],[136.13992587635198,36.03907045847386],[136.14006703949113,36.039208286008446],[136.14102175620036,36.03866626258639]]]}},{"type":"Feature","properties":{"pid":"7cd9e41d-718a-446e-9888-74e4719bdf4d"},"geometry":{"type":"Polygon","coordinates":[[[136.14073220515843,36.03833794165124],[136.14065488169027,36.038253984482715],[136.13988300675703,36.038705223807845],[136.1399149962784,36.03881093473068],[136.14073220515843,36.03833794165124]]]}},{"type":"Feature","properties":{"pid":"3371da86-d9ab-4fb1-8d41-bef5748ccb17"},"geometry":{"type":"Polygon","coordinates":[[[136.14055627173155,36.03816578058125],[136.14049360640627,36.03809065412347],[136.13975544907245,36.038523232875185],[136.1398184702739,36.03860130087733],[136.14055627173155,36.03816578058125]]]}},{"type":"Feature","properties":{"pid":"aff45729-b1a4-4a6c-a8a9-a40172509f76"},"geometry":{"type":"Polygon","coordinates":[[[136.13952946016494,36.03826638314479],[136.13961342332797,36.0384875134223],[136.14042558584487,36.0380130761184],[136.14026777655525,36.03783983427871],[136.13952946016494,36.03826638314479]]]}},{"type":"Feature","properties":{"pid":"2ba7cc5f-f78a-49f3-8cfc-2b0c451f21e6"},"geometry":{"type":"Polygon","coordinates":[[[136.1401962620682,36.03775726527162],[136.14006477708824,36.037611719791045],[136.13976143184493,36.03778463288387],[136.13977487192972,36.03781428977488],[136.1397653292536,36.03784300539217],[136.13963546189973,36.03793117345171],[136.13957308833665,36.038115735147905],[136.1401962620682,36.03775726527162]]]}},{"type":"Feature","properties":{"pid":"015f7088-4899-4d61-9ad5-defa1541e834"},"geometry":{"type":"Polygon","coordinates":[[[136.13931188532328,36.03742293623701],[136.13946618377707,36.037470507372646],[136.13971340292844,36.03728753701836],[136.13960523643428,36.0371953859815],[136.13931188532328,36.03742293623701]]]}},{"type":"Feature","properties":{"pid":"9f0254ee-a1bb-453f-bc64-96de15b01507"},"geometry":{"type":"Polygon","coordinates":[[[136.14039384561357,36.03655503770098],[136.14023843377618,36.0364177428076],[136.13966145583657,36.03685334579911],[136.13981848225964,36.03699694022652],[136.14039384561357,36.03655503770098]]]}},{"type":"Feature","properties":{"pid":"80556f6d-eb5c-49c5-9aa5-c4f1fc5514cf"},"geometry":{"type":"Polygon","coordinates":[[[136.1404817760849,36.036632717589434],[136.13990430094094,36.03707541716123],[136.14009857982694,36.03725307700592],[136.14068451607872,36.036811823838526],[136.1404817760849,36.036632717589434]]]}},{"type":"Feature","properties":{"pid":"6b35640c-e92e-48d6-a37e-ae81e80c5c0e"},"geometry":{"type":"Polygon","coordinates":[[[136.14076268429136,36.036880880207555],[136.14017529432826,36.03732322917037],[136.14027185820092,36.037411533047134],[136.14090823410493,36.03700946332373],[136.14076268429136,36.036880880207555]]]}},{"type":"Feature","properties":{"pid":"7cedf9d4-7eb4-46f0-b71b-2c4c9526b47c"},"geometry":{"type":"Polygon","coordinates":[[[136.14125575550023,36.037383073404584],[136.141060597621,36.03714700468381],[136.14041851929267,36.037561971894434],[136.14059128007688,36.03774875722577],[136.14125575550023,36.037383073404584]]]}},{"type":"Feature","properties":{"pid":"64a61af3-fb5d-4c69-80c4-7d2af8051a6c"},"geometry":{"type":"Polygon","coordinates":[[[136.1407413752725,36.036630114035546],[136.14106922404133,36.03691226234934],[136.141994707723,36.0363087220165],[136.14152246148038,36.0360476838348],[136.1407413752725,36.036630114035546]]]}},{"type":"Feature","properties":{"pid":"73939c3a-72a4-400d-9951-1c235f3a8718"},"geometry":{"type":"Polygon","coordinates":[[[136.14046567820537,36.03633849838571],[136.14045442151365,36.03638147196317],[136.1406581622107,36.03655964238756],[136.14142238504937,36.03598662439494],[136.141143772179,36.03582593280207],[136.14046567820537,36.03633849838571]]]}},{"type":"Feature","properties":{"pid":"4c8e4aa6-8dd4-4346-80be-5129dbe5ce4e"},"geometry":{"type":"Polygon","coordinates":[[[136.1400651081619,36.03604583414862],[136.14031464621064,36.036268406616266],[136.14100689554564,36.035747739471304],[136.14070822457919,36.03556397149914],[136.1400651081619,36.03604583414862]]]}},{"type":"Feature","properties":{"pid":"abe2abc4-9962-4382-bd21-741ce4795e42"},"geometry":{"type":"Polygon","coordinates":[[[136.1401537055875,36.03634425613343],[136.1396947075855,36.035940469577056],[136.13911517634784,36.036380632777046],[136.13958113876822,36.036779580139665],[136.1401537055875,36.03634425613343]]]}},{"type":"Feature","properties":{"pid":"365c7062-81d7-4af7-8e50-dc606775bbc6"},"geometry":{"type":"Polygon","coordinates":[[[136.13961242064957,36.035864968390314],[136.1393715350094,36.03566184498522],[136.13879764230654,36.036098397286786],[136.13903524065483,36.03630661194942],[136.13961242064957,36.035864968390314]]]}},{"type":"Feature","properties":{"pid":"95da013a-245e-4d6b-8309-c7326bfd6de2"},"geometry":{"type":"Polygon","coordinates":[[[136.13965708625008,36.035676393160735],[136.13965432375682,36.035693639076456],[136.1399880057252,36.03597477328713],[136.14061963934762,36.035501263147665],[136.1402474855929,36.035223163131846],[136.13965708625008,36.035676393160735]]]}},{"type":"Feature","properties":{"pid":"19cf815f-22c1-4d90-a8d1-e13c0d4c6d54"},"geometry":{"type":"Polygon","coordinates":[[[136.13950427130032,36.03555614248559],[136.1395770957547,36.03560712673625],[136.14017012215754,36.03515549478132],[136.1401109485026,36.035103207382704],[136.13950427130032,36.03555614248559]]]}},{"type":"Feature","properties":{"pid":"f09eef45-6e01-455c-bcad-93d7154aade9"},"geometry":{"type":"Polygon","coordinates":[[[136.13940885258143,36.03547596543837],[136.1394234498077,36.035476305672994],[136.1400212358797,36.03502531382803],[136.14000936776677,36.03501360062068],[136.13940885258143,36.03547596543837]]]}},{"type":"Feature","properties":{"pid":"d88d6a04-cd46-4739-b608-a7b38e88bd75"},"geometry":{"type":"Polygon","coordinates":[[[136.13982096738874,36.034816989192436],[136.13975145965372,36.0347475708462],[136.1391288591372,36.03522752227616],[136.1391996924762,36.035290723349505],[136.13982096738874,36.034816989192436]]]}},{"type":"Feature","properties":{"pid":"69d40a47-ec8a-433f-bcae-71fa6334490a"},"geometry":{"type":"Polygon","coordinates":[[[136.1393342177103,36.03539977498712],[136.13993941511313,36.03493781116265],[136.13989154147416,36.034889231948796],[136.13927526246297,36.03535805227659],[136.1393342177103,36.03539977498712]]]}},{"type":"Feature","properties":{"pid":"2a3b3988-703b-4135-9a2f-3523f3e2d85a"},"geometry":{"type":"Polygon","coordinates":[[[136.13928697176544,36.03435944112681],[136.13913692799412,36.03428651444916],[136.13855081714178,36.034729848463336],[136.13904292378928,36.035154439345824],[136.1396634058171,36.034676760224976],[136.13928697176544,36.03435944112681]]]}},{"type":"Feature","properties":{"pid":"b306a2bc-0da0-46de-b737-5fc726695468"},"geometry":{"type":"Polygon","coordinates":[[[136.1433415933788,36.03431191319763],[136.14371335483295,36.03449062391534],[136.1438234967359,36.034600158384215],[136.14394558855514,36.03475381308282],[136.14395050077246,36.034783991721184],[136.14386603486165,36.035101178560176],[136.1445830083713,36.03504689458495],[136.1446078954891,36.035022610403914],[136.1445202969783,36.03423504503774],[136.1433415933788,36.03431191319763]]]}},{"type":"Feature","properties":{"pid":"6d742673-4e0e-4ac3-9eab-67f9a2ffa161"},"geometry":{"type":"Polygon","coordinates":[[[136.1447106484057,36.035991301283275],[136.14462409193408,36.03518331475758],[136.14356140069373,36.03526836783825],[136.1436064515111,36.03597652635608],[136.14377880378177,36.03604723697262],[136.1447106484057,36.035991301283275]]]}},{"type":"Feature","properties":{"pid":"ac03f8b3-e74b-4de6-adb8-5de7b2925389"},"geometry":{"type":"Polygon","coordinates":[[[136.1428069644101,36.036676563627005],[136.14263996296873,36.036628926737755],[136.14238947355057,36.03652548832927],[136.142255323902,36.03661020158424],[136.1424582908904,36.0368627078775],[136.1428069644101,36.036676563627005]]]}},{"type":"Feature","properties":{"pid":"2ff4b054-1b5d-4272-95fe-03dc71f02490"},"geometry":{"type":"Polygon","coordinates":[[[136.14122561149932,36.03704288843992],[136.1413456803117,36.03721094095224],[136.1421721449185,36.03677191626422],[136.14200688063008,36.0365478681137],[136.14122561149932,36.03704288843992]]]}},{"type":"Feature","properties":{"pid":"aca58d13-8c24-4a60-afd1-a40524b3f9f6"},"geometry":{"type":"Polygon","coordinates":[[[136.1414150123526,36.03729465488435],[136.14157040978898,36.037490797881155],[136.1423956074198,36.03704542231455],[136.14223515841599,36.03685358187491],[136.1414150123526,36.03729465488435]]]}},{"type":"Feature","properties":{"pid":"70f9cc77-865c-4c4d-81a9-b12354abc009"},"geometry":{"type":"Polygon","coordinates":[[[136.14164532580534,36.03756897988501],[136.14188382689008,36.03788246868522],[136.14271423793195,36.0374367712253],[136.14246973328017,36.037130737084155],[136.14164532580534,36.03756897988501]]]}},{"type":"Feature","properties":{"pid":"a97575c1-75f5-49c1-85d3-1d27319986ad"},"geometry":{"type":"Polygon","coordinates":[[[136.14360921273007,36.03681910905845],[136.14355401628544,36.03680753035375],[136.14276193397987,36.037235069945616],[136.1428853087008,36.03738669291264],[136.1437170488821,36.03694023716119],[136.14360921273007,36.03681910905845]]]}},{"type":"Feature","properties":{"pid":"86427664-f1e8-4812-98bb-ada24585ff5c"},"geometry":{"type":"Polygon","coordinates":[[[136.1429575051055,36.03671531812111],[136.142525291272,36.036946061957416],[136.1426914231606,36.037152744507566],[136.14335875302535,36.0367894548125],[136.1429575051055,36.03671531812111]]]}},{"type":"Feature","properties":{"pid":"31167f59-94bb-48e0-8e54-4643a8c5d152"},"geometry":{"type":"Polygon","coordinates":[[[136.14424275158825,36.0375829812799],[136.14378489068838,36.037019788420906],[136.14295695791424,36.037464169738],[136.14341348698005,36.0380315432013],[136.14424275158825,36.0375829812799]]]}},{"type":"Feature","properties":{"pid":"e29a104e-74f7-4345-8015-82bf596f96fb"},"geometry":{"type":"Polygon","coordinates":[[[136.14500195979056,36.03751347661208],[136.14407911875483,36.037016379382344],[136.14401160281705,36.03705076463528],[136.14458281793893,36.037735755271505],[136.14500195979056,36.03751347661208]]]}},{"type":"Feature","properties":{"pid":"8c21af12-c891-493c-a968-557a8933295c"},"geometry":{"type":"Polygon","coordinates":[[[136.1475917718527,36.03735305608057],[136.1475487355128,36.03689730856708],[136.14581453689388,36.03702114423678],[136.1458223193669,36.03711507169522],[136.146149021434,36.03732369258678],[136.14641279428898,36.03742944881964],[136.1475917718527,36.03735305608057]]]}},{"type":"Feature","properties":{"pid":"f1b6ec27-fd77-42ce-894c-0158bd6251da"},"geometry":{"type":"Polygon","coordinates":[[[136.14578184167067,36.03688193824699],[136.14568786074682,36.036071916939925],[136.1454622580597,36.03609142412683],[136.14554759498841,36.03689446197425],[136.14578184167067,36.03688193824699]]]}},{"type":"Feature","properties":{"pid":"50832663-f139-4327-832c-9e01a7fc1332"},"geometry":{"type":"Polygon","coordinates":[[[136.14621215574564,36.03685950785068],[136.14612601681264,36.03603748014405],[136.14580607046514,36.036063060527816],[136.14590011499234,36.03687750115852],[136.14621215574564,36.03685950785068]]]}},{"type":"Feature","properties":{"pid":"6701cad6-3b0b-4709-94cd-151222ff6ab7"},"geometry":{"type":"Polygon","coordinates":[[[136.146432147928,36.03684084592276],[136.14633976426933,36.036021944525885],[136.14624121210443,36.0360278646956],[136.14632770797175,36.03684901893962],[136.146432147928,36.03684084592276]]]}},{"type":"Feature","properties":{"pid":"c056c47a-45f3-4e9a-aac9-ff1033b27e18"},"geometry":{"type":"Polygon","coordinates":[[[136.146760441638,36.03681117258416],[136.1466696497264,36.03599723333527],[136.14645941389978,36.036013422073985],[136.14654685490908,36.036829889384826],[136.146760441638,36.03681117258416]]]}},{"type":"Feature","properties":{"pid":"7508b497-a255-4ef3-8458-c9fe6a1ba178"},"geometry":{"type":"Polygon","coordinates":[[[136.14542527976815,36.03684783671831],[136.14534448504247,36.03609870086012],[136.1450346675064,36.036119095401524],[136.14508438131284,36.0366390450762],[136.14542527976815,36.03684783671831]]]}},{"type":"Feature","properties":{"pid":"ae7da738-fa9f-4217-8dbb-3152468c14c1"},"geometry":{"type":"Polygon","coordinates":[[[136.14490375353898,36.03613031285814],[136.1449434084981,36.03655134649358],[136.14495852681324,36.036559993704905],[136.144916663667,36.03612728600548],[136.14490375353898,36.03613031285814]]]}},{"type":"Feature","properties":{"pid":"5da1b2c3-6d3d-427d-b395-11b75051cd0f"},"geometry":{"type":"Polygon","coordinates":[[[136.14481791207996,36.03650141444342],[136.14478409200944,36.03614279066533],[136.14432730777997,36.03617240455828],[136.1443336974819,36.036265156051456],[136.1443598276079,36.03628345532853],[136.14481791207996,36.03650141444342]]]}},{"type":"Feature","properties":{"pid":"6c1d0277-9267-4437-b264-0ddd7999ace6"},"geometry":{"type":"Polygon","coordinates":[[[136.14499618931322,36.03596856639476],[136.14491308949817,36.03515922726726],[136.14479115094485,36.03516836656515],[136.1448766827503,36.03597764619788],[136.14499618931322,36.03596856639476]]]}},{"type":"Feature","properties":{"pid":"efb1441f-b9b0-4cbe-9f7e-e2904dbbb114"},"geometry":{"type":"Polygon","coordinates":[[[136.14480443622148,36.03502509781057],[136.14600071370413,36.03493689341093],[136.14591329092826,36.03413075189714],[136.14468962209887,36.03422082428769],[136.14477746268,36.03500356309754],[136.14480443622148,36.03502509781057]]]}},{"type":"Feature","properties":{"pid":"805ff387-993c-4833-b04b-7aee1497e026"},"geometry":{"type":"Polygon","coordinates":[[[136.1461026041699,36.034112931875406],[136.1460324464793,36.034126922288365],[136.14611795132205,36.03492916226601],[136.14618760523726,36.03492427895308],[136.1461026041699,36.034112931875406]]]}},{"type":"Feature","properties":{"pid":"1992ad20-e591-448b-a549-f51c8c8a78ce"},"geometry":{"type":"Polygon","coordinates":[[[136.14503315250394,36.03514910278025],[136.14511517830377,36.03595540278847],[136.14610667426817,36.035882533359256],[136.14602380261067,36.035086859804984],[136.14503315250394,36.03514910278025]]]}},{"type":"Feature","properties":{"pid":"39cd5e29-e2c4-4d20-ab93-b3970ce84259"},"geometry":{"type":"Polygon","coordinates":[[[136.1462250734531,36.035878946235194],[136.14676817307208,36.035837524335854],[136.14668043959304,36.035035625685644],[136.14614216976824,36.03507893586116],[136.1462250734531,36.035878946235194]]]}},{"type":"Feature","properties":{"pid":"d89e21e3-2d7f-43d3-9de3-e534655c2766"},"geometry":{"type":"Polygon","coordinates":[[[136.14688644181737,36.03583086740146],[136.14709880966208,36.0358159698926],[136.14700930134018,36.03500975416599],[136.14679685588555,36.03502674940901],[136.14688644181737,36.03583086740146]]]}},{"type":"Feature","properties":{"pid":"25a4fa1b-1644-4ea9-8d97-eb0a96565594"},"geometry":{"type":"Polygon","coordinates":[[[136.14742887234806,36.03579601993978],[136.14733914992902,36.034985229147345],[136.1471257026942,36.034998669460116],[136.14721531498637,36.035810038837965],[136.14742887234806,36.03579601993978]]]}},{"type":"Feature","properties":{"pid":"b57df19d-ca7c-4a69-a63c-f075509f7d5d"},"geometry":{"type":"Polygon","coordinates":[[[136.14814343774714,36.035744475952356],[136.14806591007263,36.03493816680442],[136.14753233744037,36.03497150336476],[136.14762360984437,36.035778700056845],[136.14814343774714,36.035744475952356]]]}},{"type":"Feature","properties":{"pid":"6c3d0eb2-6fe4-443d-b523-ea05eeaa8c0d"},"geometry":{"type":"Polygon","coordinates":[[[136.14721136722494,36.03403440884825],[136.14621961144965,36.034101978487364],[136.14630491420957,36.0349151562795],[136.14732530043574,36.03484572043363],[136.14723988058984,36.03405356012303],[136.14721136722494,36.03403440884825]]]}},{"type":"Feature","properties":{"pid":"877702af-d4e3-4d61-bfa0-1329540d540b"},"geometry":{"type":"Polygon","coordinates":[[[136.1474103807176,36.03402197998935],[136.14751323329895,36.034831518761855],[136.14805197047167,36.034792361475475],[136.14796313711645,36.03398609374491],[136.1474103807176,36.03402197998935]]]}},{"type":"Feature","properties":{"pid":"3b56bdc9-6251-4b66-8df9-1ddaf505d4ad"},"geometry":{"type":"Polygon","coordinates":[[[136.14838391007584,36.03476830307351],[136.14830000716665,36.033965291848375],[136.14808326327716,36.03398069047956],[136.1481722793122,36.03478120266436],[136.14838391007584,36.03476830307351]]]}},{"type":"Feature","properties":{"pid":"a7e67580-ce06-4721-b00b-02672fa419e8"},"geometry":{"type":"Polygon","coordinates":[[[136.14871608966791,36.03474418148456],[136.14862841853457,36.03393796056631],[136.14842043171208,36.033954419613124],[136.14850520827508,36.0347593771818],[136.14871608966791,36.03474418148456]]]}},{"type":"Feature","properties":{"pid":"e8484fe1-3b7c-4e0a-8ca8-582627a5b7dc"},"geometry":{"type":"Polygon","coordinates":[[[136.14971436779354,36.03466960351419],[136.14962228567532,36.033858643083576],[136.1487486137914,36.03392747010115],[136.14883769911637,36.03473591251401],[136.14971436779354,36.03466960351419]]]}},{"type":"Feature","properties":{"pid":"3accb806-4743-4c8c-93c1-f8dbf64a0f35"},"geometry":{"type":"Polygon","coordinates":[[[136.14882165592155,36.03569429425737],[136.14873456767356,36.03489621866736],[136.14852004146363,36.03491157902339],[136.14860665672867,36.035711151317166],[136.14882165592155,36.03569429425737]]]}},{"type":"Feature","properties":{"pid":"1ab6caa5-b189-4bce-9b74-0c7198f748ea"},"geometry":{"type":"Polygon","coordinates":[[[136.14848930521538,36.03571754087934],[136.14840174468708,36.03491845841198],[136.14818686100614,36.034929719443895],[136.14826424757877,36.03573455874716],[136.14848930521538,36.03571754087934]]]}},{"type":"Feature","properties":{"pid":"da9aef61-503c-4cc6-bf4a-89627582dd9b"},"geometry":{"type":"Polygon","coordinates":[[[136.1486287095752,36.03586914511521],[136.1487325320253,36.036668184878145],[136.14891578087764,36.036654282135764],[136.14883375501702,36.03585476237121],[136.1486287095752,36.03586914511521]]]}},{"type":"Feature","properties":{"pid":"8589d1c2-4815-4573-8701-c2f4cd27ed47"},"geometry":{"type":"Polygon","coordinates":[[[136.14861396555713,36.03667717970122],[136.14851100892767,36.03587740131913],[136.14763103140731,36.03593912437585],[136.14772620221606,36.03674453264156],[136.14861396555713,36.03667717970122]]]}},{"type":"Feature","properties":{"pid":"ae323d0e-fcd4-4a5d-b709-39ad7e1417fc"},"geometry":{"type":"Polygon","coordinates":[[[136.1474455098608,36.03594833749264],[136.1472268576796,36.03596151389058],[136.14731583981285,36.03677097278983],[136.14752470670163,36.036754395616775],[136.1474455098608,36.03594833749264]]]}},{"type":"Feature","properties":{"pid":"40ac3fc8-69a0-47b7-a5b8-6c46bbf54a84"},"geometry":{"type":"Polygon","coordinates":[[[136.14719524139585,36.03678295103226],[136.14710655307675,36.0359682910838],[136.14678915425367,36.03598897039569],[136.14687829112137,36.03680171789241],[136.14719524139585,36.03678295103226]]]}},{"type":"Feature","properties":{"pid":"2bc566b9-e5de-4135-8a74-82ff91fa4278"},"geometry":{"type":"Polygon","coordinates":[[[136.1477826383826,36.037336938749974],[136.14858585492505,36.0372748215969],[136.14853513003902,36.036825154689566],[136.14772829363082,36.0368840983156],[136.1477826383826,36.037336938749974]]]}},{"type":"Feature","properties":{"pid":"41117182-494a-49a9-9a0d-1430f5c2b5e4"},"geometry":{"type":"Polygon","coordinates":[[[136.14898535158693,36.03724444352828],[136.1489381244066,36.03679671630247],[136.14865577366075,36.03681714802578],[136.14870959340368,36.037265154636444],[136.14898535158693,36.03724444352828]]]}},{"type":"Feature","properties":{"pid":"086169d3-55ca-49c2-8762-2fdcb173d69f"},"geometry":{"type":"Polygon","coordinates":[[[136.14900062655002,36.03739269310226],[136.14854555767428,36.03742771746987],[136.14858863670182,36.03777126296718],[136.1490508219269,36.03779305454116],[136.14900062655002,36.03739269310226]]]}},{"type":"Feature","properties":{"pid":"6d52d9ba-093b-476c-a8f1-ca38af98800d"},"geometry":{"type":"Polygon","coordinates":[[[136.14783412431498,36.037725288912284],[136.14846665448417,36.03776225499799],[136.14842686698887,36.03744582138962],[136.14840830577367,36.03743491434963],[136.14780773591633,36.037483278832944],[136.14783412431498,36.037725288912284]]]}},{"type":"Feature","properties":{"pid":"90b2c9c6-de4f-47e3-8411-cc7bb885fafe"},"geometry":{"type":"Polygon","coordinates":[[[136.14835367608248,36.0379903547185],[136.148749194588,36.038416330510614],[136.14908921438618,36.038341856322276],[136.1489712965927,36.03802957044699],[136.14835367608248,36.0379903547185]]]}},{"type":"Feature","properties":{"pid":"ad575081-ca70-44df-86fa-3a9e04b38329"},"geometry":{"type":"Polygon","coordinates":[[[136.14885832265193,36.03853550494364],[136.14892228013005,36.038606977427925],[136.14908672926805,36.03865073650688],[136.14920497981853,36.038725615976766],[136.14922573411874,36.03869665032248],[136.1491378481526,36.038465356639925],[136.14885832265193,36.03853550494364]]]}},{"type":"Feature","properties":{"pid":"05cb7bb7-4dd6-4772-80fb-ce8ec40727fe"},"geometry":{"type":"Polygon","coordinates":[[[136.14682688852426,36.03790568964974],[136.14726896351172,36.03829553526265],[136.14756685304818,36.03800433115345],[136.14758471296219,36.03794996919751],[136.14682688852426,36.03790568964974]]]}},{"type":"Feature","properties":{"pid":"1761f2c3-d45f-4ad2-82eb-4f8a64ca473b"},"geometry":{"type":"Polygon","coordinates":[[[136.1466195358174,36.03756757256802],[136.14672158717158,36.03760327289118],[136.14708549617418,36.037657886698874],[136.1476380932085,36.03770157100045],[136.14761229855853,36.03749522748424],[136.1466195358174,36.03756757256802]]]}},{"type":"Feature","properties":{"pid":"2b500a21-fb8e-4709-98c5-c7f668d5ffeb"},"geometry":{"type":"Polygon","coordinates":[[[136.14550688947705,36.03787053078572],[136.1451111122935,36.037576932982155],[136.14465080313644,36.03782058034789],[136.144939453203,36.03819325493425],[136.1451189286024,36.038096169700694],[136.14537931302192,36.03792004394058],[136.14550688947705,36.03787053078572]]]}},{"type":"Feature","properties":{"pid":"be87dcdc-9722-4536-aebf-677c710617ad"},"geometry":{"type":"Polygon","coordinates":[[[136.14468185664694,36.03813814142696],[136.14384741616198,36.03858194635529],[136.14397113230527,36.03873882251107],[136.14469477931257,36.038352781683166],[136.14465039980152,36.038296379465],[136.14464877494606,36.03826615248936],[136.14473992904,36.038211829784615],[136.14468185664694,36.03813814142696]]]}},{"type":"Feature","properties":{"pid":"8fe278bb-69f7-420f-80f0-9ce7bbaf9059"},"geometry":{"type":"Polygon","coordinates":[[[136.14518523752042,36.03874118527225],[136.14492762326458,36.03842085474324],[136.14409710446995,36.03886848919168],[136.14435332866302,36.039187732275806],[136.14518523752042,36.03874118527225]]]}},{"type":"Feature","properties":{"pid":"d30c8fbb-5188-471a-b80e-feaefabeabbf"},"geometry":{"type":"Polygon","coordinates":[[[136.14524988255388,36.03882156610755],[136.14441788236851,36.039268163028595],[136.14457331643726,36.03946182800287],[136.1454040448151,36.039013258800765],[136.14524988255388,36.03882156610755]]]}},{"type":"Feature","properties":{"pid":"a009cd5f-2874-450e-bb05-350995515aac"},"geometry":{"type":"Polygon","coordinates":[[[136.1463229065607,36.03851938821148],[136.14606720873812,36.03830834597853],[136.14585658351442,36.03817948383231],[136.14578184593273,36.038114890129734],[136.14515070406097,36.038442886463805],[136.14555773883671,36.03892971392271],[136.1463229065607,36.03851938821148]]]}},{"type":"Feature","properties":{"pid":"e21afdea-5794-4574-a342-027c9a7d8b4e"},"geometry":{"type":"Polygon","coordinates":[[[136.1456593450756,36.039002650451465],[136.14564437988176,36.03903977208946],[136.1458123218837,36.03924556094433],[136.14586872638685,36.039249277116696],[136.14592418445525,36.03930505587397],[136.1459311580645,36.03933893926822],[136.1459101842482,36.03936547790928],[136.14611520165147,36.03961669873053],[136.14665440325967,36.03933184425298],[136.14666055234906,36.03919965128802],[136.14662874575,36.03888659106945],[136.1465965161437,36.038808561935035],[136.14641636507585,36.03860136544394],[136.1456593450756,36.039002650451465]]]}},{"type":"Feature","properties":{"pid":"d6e0a37d-e2d0-4a6a-aa3f-1c490eeebbb9"},"geometry":{"type":"Polygon","coordinates":[[[136.14663817295252,36.03947281771171],[136.14619070114765,36.0397092120551],[136.14638321460626,36.03994510959927],[136.14651982375798,36.039885617118436],[136.14663817295252,36.03947281771171]]]}},{"type":"Feature","properties":{"pid":"6f6d32e7-88cb-43b2-ba25-ad55cc002f8b"},"geometry":{"type":"Polygon","coordinates":[[[136.14619526863171,36.03999002809517],[136.14602594950904,36.03977193633914],[136.1451969851489,36.04021949568135],[136.1453772223752,36.04043081419879],[136.14619526863171,36.03999002809517]]]}},{"type":"Feature","properties":{"pid":"e9c13f2c-5a8f-43ae-b0a5-2fd5e36b0512"},"geometry":{"type":"Polygon","coordinates":[[[136.14595876345263,36.03968861640446],[136.14586693834895,36.039577304794236],[136.14503790549082,36.040026321580996],[136.1451261222699,36.040133704439555],[136.14595876345263,36.03968861640446]]]}},{"type":"Feature","properties":{"pid":"08247f04-8483-4d98-b3bf-95ac514f1107"},"geometry":{"type":"Polygon","coordinates":[[[136.14566896633397,36.039337666383375],[136.14547619466114,36.03909618248091],[136.1446462931086,36.039542579350105],[136.14484171759904,36.03978881779366],[136.14566896633397,36.039337666383375]]]}},{"type":"Feature","properties":{"pid":"3b70d1c3-d214-424d-b294-7af5d582d13a"},"geometry":{"type":"Polygon","coordinates":[[[136.14580155042052,36.039493154717505],[136.14573964998365,36.03941769882926],[136.14491316010393,36.03987159312583],[136.1449717079925,36.039943629221064],[136.14580155042052,36.039493154717505]]]}},{"type":"Feature","properties":{"pid":"06ea453f-e7c7-4582-ba2e-5db0354129e4"},"geometry":{"type":"Polygon","coordinates":[[[136.1441453360058,36.040662461461366],[136.1449713714609,36.04021587933959],[136.1447109590491,36.03990608895779],[136.1438871813383,36.040349084454846],[136.1441453360058,36.040662461461366]]]}},{"type":"Feature","properties":{"pid":"81f4428a-0ea9-46ec-a28d-95b2685df898"},"geometry":{"type":"Polygon","coordinates":[[[136.14574031773856,36.04091436115959],[136.14613847019478,36.04072932057277],[136.1463020413553,36.04032592883763],[136.14633447238768,36.04016640960054],[136.14626698159486,36.040070348683365],[136.14543976949165,36.04051461039654],[136.14574031773856,36.04091436115959]]]}},{"type":"Feature","properties":{"pid":"c8588e97-b2f8-44a7-93f1-43d388002d3f"},"geometry":{"type":"Polygon","coordinates":[[[136.14984535591645,36.039191033178035],[136.1497063777037,36.0388035792574],[136.14956670366826,36.038831330143545],[136.14967548082092,36.039232953529556],[136.14984535591645,36.039191033178035]]]}},{"type":"Feature","properties":{"pid":"2c520d71-5ff5-4ce6-99c3-58fe71264007"},"geometry":{"type":"Polygon","coordinates":[[[136.15001582206537,36.03904764264774],[136.14990748851926,36.038756472249105],[136.14982154812893,36.03877811182365],[136.14997152592693,36.039189706381336],[136.15000533524253,36.039181136131496],[136.14997388963047,36.03908708059352],[136.15001582206537,36.03904764264774]]]}},{"type":"Feature","properties":{"pid":"de932746-60ba-4f41-8236-caa8170755ae"},"geometry":{"type":"Polygon","coordinates":[[[136.1498578051996,36.03858828606684],[136.1496718200121,36.03805603336134],[136.1493343273337,36.03803365562027],[136.14925767743625,36.03805848479762],[136.14948640488961,36.03868140995746],[136.1498578051996,36.03858828606684]]]}},{"type":"Feature","properties":{"pid":"ffc4a68d-dcc0-479f-98a8-6c8d1d0cc0dd"},"geometry":{"type":"Polygon","coordinates":[[[136.14912159096846,36.037385294733966],[136.14917228772003,36.03780337441322],[136.1497910897192,36.03785486589486],[136.14973351926392,36.03733987212739],[136.14912159096846,36.037385294733966]]]}},{"type":"Feature","properties":{"pid":"b6067386-3fbd-4ac7-b38f-5b9c8eba7c6c"},"geometry":{"type":"Polygon","coordinates":[[[136.15001751245495,36.03731779337284],[136.14985195013583,36.03732921528333],[136.14991235927295,36.03786205602235],[136.1500733617857,36.03787057149554],[136.15001751245495,36.03731779337284]]]}},{"type":"Feature","properties":{"pid":"620bc6e2-d68f-4a47-a1e6-d3a1a2ec79d6"},"geometry":{"type":"Polygon","coordinates":[[[136.14964495854585,36.03719526182023],[136.14959885886785,36.03675095729331],[136.14906543429282,36.03678746669796],[136.14911080790222,36.03723199942054],[136.14964495854585,36.03719526182023]]]}},{"type":"Feature","properties":{"pid":"b8851356-692d-4a42-958a-4cfee3b29cee"},"geometry":{"type":"Polygon","coordinates":[[[136.14972058904954,36.03673081034588],[136.14976969039492,36.037192734386586],[136.14999017872142,36.03717855788204],[136.14993981258954,36.03671404807467],[136.14972058904954,36.03673081034588]]]}},{"type":"Feature","properties":{"pid":"a70f43b0-1269-43d1-b8f2-8f09dc1d67a9"},"geometry":{"type":"Polygon","coordinates":[[[136.1498425986651,36.03577887879895],[136.14982845496652,36.03576726081111],[136.14895333795099,36.03583279030775],[136.14903738983426,36.03664399467124],[136.14992274962253,36.03657524639061],[136.1498425986651,36.03577887879895]]]}},{"type":"Feature","properties":{"pid":"25c7bad1-3ccc-4f4c-99ca-95cf3cd96c32"},"geometry":{"type":"Polygon","coordinates":[[[136.149809658877,36.035624186782165],[136.1497230804003,36.03482210028301],[136.14885301231146,36.03488609172019],[136.14894429114347,36.03568617469627],[136.149809658877,36.035624186782165]]]}},{"type":"Feature","properties":{"pid":"fec4d2c3-18be-4a51-b75e-70bb5fb363a4"},"geometry":{"type":"Polygon","coordinates":[[[136.14928605479165,36.033737664178354],[136.14960648187744,36.03370365154642],[136.14952053690126,36.03290102642446],[136.14919706306526,36.03292440137938],[136.14928605479165,36.033737664178354]]]}},{"type":"Feature","properties":{"pid":"55f326f0-1b45-4301-827d-22f9d286885c"},"geometry":{"type":"Polygon","coordinates":[[[136.1494291874935,36.02738462627742],[136.14961673959817,36.026908468949216],[136.14952493166913,36.02688442717317],[136.14933513705566,36.027361455151066],[136.1494291874935,36.02738462627742]]]}},{"type":"Feature","properties":{"pid":"509eddfe-10af-4340-a9bc-49f1f6407b20"},"geometry":{"type":"Polygon","coordinates":[[[136.1499197727679,36.02698461867692],[136.14987115842086,36.02697382884088],[136.14969239023364,36.02745101637334],[136.14974005604114,36.02746331335838],[136.1499197727679,36.02698461867692]]]}},{"type":"Feature","properties":{"pid":"180f6919-efdc-4bfd-8fc3-f1d49b337d7e"},"geometry":{"type":"Polygon","coordinates":[[[136.14954277102535,36.027414986294396],[136.14957480285028,36.0274229214853],[136.14975478713697,36.02694351924778],[136.14972797548612,36.02693696322181],[136.14954277102535,36.027414986294396]]]}},{"type":"Feature","properties":{"pid":"0d78b4df-8619-402f-8198-2cf34ee95900"},"geometry":{"type":"Polygon","coordinates":[[[136.14916064438177,36.026122639657956],[136.14913939087702,36.02655092678738],[136.15007694013613,36.02660493395602],[136.1500728461346,36.02617878817229],[136.14916064438177,36.026122639657956]]]}},{"type":"Feature","properties":{"pid":"de0a2491-ea9f-4ffc-9d9e-8b58ce1c49a5"},"geometry":{"type":"Polygon","coordinates":[[[136.14918013185292,36.02581927772837],[136.1491659912803,36.02602449929419],[136.15009564519684,36.026084267379865],[136.15012636728153,36.026063421754266],[136.15013644237627,36.02598243996646],[136.1500213276035,36.025880038267296],[136.14918013185292,36.02581927772837]]]}},{"type":"Feature","properties":{"pid":"eb6f1dde-a2e3-4972-abf2-1f7dd9017224"},"geometry":{"type":"Polygon","coordinates":[[[136.15023523688376,36.025031322809276],[136.1492608173487,36.02497462857789],[136.1492096901207,36.02560605601161],[136.15004283637117,36.02563957740329],[136.1501833522498,36.02554861375592],[136.15023523688376,36.025031322809276]]]}},{"type":"Feature","properties":{"pid":"2fcc1bf9-f2a2-4aa1-b2a9-7a8b903c9000"},"geometry":{"type":"Polygon","coordinates":[[[136.15024335353192,36.02485737017891],[136.1492879789807,36.02480127490204],[136.14927364318748,36.02487835930334],[136.15024301386694,36.02493571205552],[136.15024335353192,36.02485737017891]]]}},{"type":"Feature","properties":{"pid":"556fde9a-eb9e-4bd0-9a4b-15a955329aba"},"geometry":{"type":"Polygon","coordinates":[[[136.15034859142773,36.02389672175732],[136.14935834003816,36.02383921226269],[136.14928851955352,36.024632512574456],[136.1502575102118,36.02468689284669],[136.15028836552364,36.02454448640038],[136.15034859142773,36.02389672175732]]]}},{"type":"Feature","properties":{"pid":"69491195-6b9e-45fd-96bc-c3f471d5dd1d"},"geometry":{"type":"Polygon","coordinates":[[[136.14151764391963,36.02693428559992],[136.14155394709422,36.02694085491545],[136.1417058308264,36.02682668645095],[136.14152822875252,36.02669807473756],[136.14138807189434,36.02680518485366],[136.14151764391963,36.02693428559992]]]}},{"type":"Feature","properties":{"pid":"2b108d0c-e0c7-4e29-bff4-494046979dc5"},"geometry":{"type":"Polygon","coordinates":[[[136.14218893751664,36.02667841222288],[136.14208518225806,36.02683690024407],[136.14212169444528,36.02685066291858],[136.1421842288182,36.026793127939925],[136.14218893751664,36.02667841222288]]]}},{"type":"Feature","properties":{"pid":"0f59f433-c984-481e-a510-0f98cc446ff3"},"geometry":{"type":"Polygon","coordinates":[[[136.14271809144213,36.026300211892625],[136.14280559516178,36.02634413981037],[136.14300886286193,36.02617355700885],[136.14290763478482,36.0261635255191],[136.14276151263394,36.02610401647713],[136.1426775620648,36.02624771609913],[136.14271005869102,36.026267380781],[136.14271809144213,36.026300211892625]]]}},{"type":"Feature","properties":{"pid":"09606f67-140a-46f0-a3c1-d2e1661d8227"},"geometry":{"type":"Polygon","coordinates":[[[136.1425954749561,36.026038017934475],[136.14258377423144,36.02603317760554],[136.14245657469394,36.026233247548866],[136.14248031002464,36.02625711089001],[136.1425954749561,36.026038017934475]]]}},{"type":"Feature","properties":{"pid":"54e1b48d-82bc-44b6-b514-2352ad3f3650"},"geometry":{"type":"Polygon","coordinates":[[[136.14336310166152,36.026074368905896],[136.14351699829183,36.026165833005955],[136.14370622857132,36.02595440414767],[136.14370134512464,36.02592271758899],[136.1435994292342,36.02585648284489],[136.14336310166152,36.026074368905896]]]}},{"type":"Feature","properties":{"pid":"6480636e-9cfd-49a3-9886-53fd93b41083"},"geometry":{"type":"Polygon","coordinates":[[[136.1434559795219,36.02576707248761],[136.14323411110902,36.02562295715583],[136.14319978301427,36.02565297577343],[136.14329930636214,36.02573503251437],[136.14329071060362,36.02577277704758],[136.143200437015,36.02585662467368],[136.14328936153254,36.02591986256281],[136.1434559795219,36.02576707248761]]]}},{"type":"Feature","properties":{"pid":"590d42d4-9fde-4860-88f7-0714af9b48e2"},"geometry":{"type":"Polygon","coordinates":[[[136.14312020595554,36.02555311402199],[136.14298855235305,36.02546944221074],[136.14282451314708,36.0255678989435],[136.14295105255562,36.02571853624203],[136.14312020595554,36.02555311402199]]]}},{"type":"Feature","properties":{"pid":"790c71a2-b677-4aed-9726-f2bcfdbbb13b"},"geometry":{"type":"Polygon","coordinates":[[[136.14341633761498,36.02633398553001],[136.14331337114822,36.02626810454983],[136.14308429755314,36.02651258557307],[136.14319028454503,36.02657626664205],[136.14341633761498,36.02633398553001]]]}},{"type":"Feature","properties":{"pid":"b09f6d24-30f0-4c2b-93b5-4c42b612f7e6"},"geometry":{"type":"Polygon","coordinates":[[[136.14362478776815,36.02646259853004],[136.1435121717201,36.026391930285534],[136.1432855706942,36.02663393143326],[136.14339560083909,36.02670588653048],[136.14362478776815,36.02646259853004]]]}},{"type":"Feature","properties":{"pid":"39c25706-6524-4cdd-a504-76bbed28e71a"},"geometry":{"type":"Polygon","coordinates":[[[136.14554441811512,36.024232477585684],[136.1453336928821,36.024241173255405],[136.14534599337338,36.02453629120925],[136.14540418635167,36.024524684416065],[136.14554441811512,36.024232477585684]]]}},{"type":"Feature","properties":{"pid":"2bb69f16-62cc-4008-9a1f-2da6b82c464f"},"geometry":{"type":"Polygon","coordinates":[[[136.14522629575816,36.02456532675926],[136.14521069313807,36.024253000978796],[136.14516683479465,36.02425548350546],[136.14513787565525,36.02430862944118],[136.14508405805464,36.02435143088937],[136.1449997541807,36.02437348414049],[136.14491828802613,36.024419035057],[136.14492172734475,36.0244704841045],[136.14499447449091,36.02453328850226],[136.14508299453877,36.02453150095101],[136.14510888229404,36.024552680077015],[136.1451149799181,36.02458051412616],[136.14522629575816,36.02456532675926]]]}},{"type":"Feature","properties":{"pid":"46c2b1a0-476c-4688-a7ad-6d7a4ae4e429"},"geometry":{"type":"Polygon","coordinates":[[[136.14495046244232,36.02385725664715],[136.1447254424252,36.0238362535639],[136.144714216561,36.02403575719928],[136.14492484519127,36.024072553265114],[136.14496042668628,36.02387057723623],[136.14495046244232,36.02385725664715]]]}},{"type":"Feature","properties":{"pid":"b62c815e-c7d8-4e27-96d6-7d66cc67f5d3"},"geometry":{"type":"Polygon","coordinates":[[[136.1450395607972,36.02410734406228],[136.14512846771618,36.024128469539455],[136.14517448153606,36.02412406397733],[136.14521750360467,36.02389853627792],[136.14519641539144,36.02388344317674],[136.14508076944352,36.023873588155986],[136.1450395607972,36.02410734406228]]]}},{"type":"Feature","properties":{"pid":"544ab560-0d6e-49f6-bbd5-36b8217aaf1b"},"geometry":{"type":"Polygon","coordinates":[[[136.146160695968,36.0239279299721],[136.14594606364426,36.023906054978454],[136.14588449869967,36.02406313623724],[136.14612876449374,36.02413467728958],[136.146160695968,36.0239279299721]]]}},{"type":"Feature","properties":{"pid":"88a012c0-98ed-4019-9599-d98809c0e33f"},"geometry":{"type":"Polygon","coordinates":[[[136.14658686231846,36.023971370167295],[136.14628099350716,36.023940680243705],[136.1462452696692,36.02416625171442],[136.14634901384346,36.02419667259027],[136.1469424962511,36.02449110830246],[136.14658686231846,36.023971370167295]]]}},{"type":"Feature","properties":{"pid":"ba589149-4938-42f6-9efd-14e09387355a"},"geometry":{"type":"Polygon","coordinates":[[[136.14582044481148,36.02494738483337],[136.14588520699905,36.02501080003037],[136.1461710946727,36.0250138068568],[136.14660099878978,36.025048788935074],[136.14662106015604,36.02483597843143],[136.14654165970825,36.024843194586744],[136.14634703676336,36.024820490809645],[136.1461995981838,36.02482900018582],[136.14588604201705,36.02490144173988],[136.14582044481148,36.02494738483337]]]}},{"type":"Feature","properties":{"pid":"0980b0f8-1e91-44e5-9863-e06cc8e428a7"},"geometry":{"type":"Polygon","coordinates":[[[136.14738806856306,36.025195088594515],[136.14707336197526,36.02470858183547],[136.14684324748063,36.02479345333766],[136.14681028062273,36.025167181050996],[136.14738806856306,36.025195088594515]]]}},{"type":"Feature","properties":{"pid":"7739c9e1-35fb-4383-a19e-e2ea9679a9a8"},"geometry":{"type":"Polygon","coordinates":[[[136.1482627680214,36.024781568759906],[136.14738462807458,36.02472035302042],[136.14738283165903,36.024722085276565],[136.14777331240109,36.02527252213175],[136.14800199448322,36.02543759480261],[136.1482050104969,36.025515190926036],[136.1482627680214,36.024781568759906]]]}},{"type":"Feature","properties":{"pid":"e5538301-4d2e-4d8d-af3f-8a813e683c51"},"geometry":{"type":"Polygon","coordinates":[[[136.1479633924176,36.02455573198541],[136.14799206221898,36.02453364121273],[136.1480307424273,36.02409663301753],[136.14794779458444,36.024088942108826],[136.14791061992926,36.02455264701765],[136.1479633924176,36.02455573198541]]]}},{"type":"Feature","properties":{"pid":"79400f90-8b10-42d4-a128-272f71c147e5"},"geometry":{"type":"Polygon","coordinates":[[[136.14782798313522,36.02408077766886],[136.14690929883315,36.023998674623726],[136.14724312942465,36.02451589046],[136.1477905646775,36.024546704044],[136.14782798313522,36.02408077766886]]]}},{"type":"Feature","properties":{"pid":"2ac82f9c-6145-42bc-8cc0-118b4f637856"},"geometry":{"type":"Polygon","coordinates":[[[136.1491865737642,36.02382725391423],[136.14880939545603,36.02377354889678],[136.14879914260007,36.02386889793704],[136.14914996885744,36.0241982189336],[136.1491865737642,36.02382725391423]]]}},{"type":"Feature","properties":{"pid":"02797c18-6ddb-4f8c-8849-7691e03777a1"},"geometry":{"type":"Polygon","coordinates":[[[136.1489783784381,36.02463008256082],[136.14899158854308,36.0244650080482],[136.14879392815524,36.02448889002143],[136.14852531424663,36.02441261329804],[136.14850809914822,36.02460524855806],[136.1489783784381,36.02463008256082]]]}},{"type":"Feature","properties":{"pid":"e269f6a5-66a9-485b-8e00-948c7e6bab11"},"geometry":{"type":"Polygon","coordinates":[[[136.14822129138437,36.02458123383964],[136.14839049814202,36.0245989355969],[136.14841100483568,36.02436255422284],[136.14835012681687,36.024312656833374],[136.14830046602918,36.024229679152626],[136.14825830352595,36.02422753926541],[136.14822129138437,36.02458123383964]]]}},{"type":"Feature","properties":{"pid":"018e857c-c281-44ea-9623-7b53f8203d64"},"geometry":{"type":"Polygon","coordinates":[[[136.14909375123375,36.02482678208105],[136.14869820795192,36.024802333541736],[136.14862973193044,36.025578269059885],[136.14902556119722,36.025597607269006],[136.14909375123375,36.02482678208105]]]}},{"type":"Feature","properties":{"pid":"0ca006e1-3480-4dc5-bc6e-2bdded208597"},"geometry":{"type":"Polygon","coordinates":[[[136.14857832034153,36.0247950366893],[136.14838846151403,36.02478853812981],[136.1483274636449,36.025542541464795],[136.14851051607198,36.0255704716294],[136.14857832034153,36.0247950366893]]]}},{"type":"Feature","properties":{"pid":"8055a4ab-9a8a-453f-b169-12114683b890"},"geometry":{"type":"Polygon","coordinates":[[[136.14746805081847,36.025296029106656],[136.14680307808464,36.02526602670669],[136.14678726403855,36.02548415887859],[136.14767148393742,36.02553553890101],[136.14767609914256,36.02548971365343],[136.14746805081847,36.025296029106656]]]}},{"type":"Feature","properties":{"pid":"bef3a42c-a231-4f4c-9a06-8f1367946c88"},"geometry":{"type":"Polygon","coordinates":[[[136.14769113802092,36.02694575078275],[136.14778207239613,36.02696865378244],[136.14796172754743,36.02649797802544],[136.1478759298579,36.02647483720807],[136.14769113802092,36.02694575078275]]]}},{"type":"Feature","properties":{"pid":"5443b16f-21d5-41ba-9e1f-5d07639fbf71"},"geometry":{"type":"Polygon","coordinates":[[[136.14829874039748,36.02658896360609],[136.14807336055344,36.02652682858183],[136.14789318918497,36.026998023906685],[136.14812632240515,36.02704476466734],[136.14829874039748,36.02658896360609]]]}},{"type":"Feature","properties":{"pid":"9bc8f7c3-a15f-47b3-ad6b-b4a747d771bb"},"geometry":{"type":"Polygon","coordinates":[[[136.14854773091724,36.02665075412241],[136.14841388511138,36.02661819275983],[136.14824122122945,36.02708380147581],[136.1483674028842,36.027116068028164],[136.14854773091724,36.02665075412241]]]}},{"type":"Feature","properties":{"pid":"2bcae81c-524a-472f-bb04-fdaed2d6b8e8"},"geometry":{"type":"Polygon","coordinates":[[[136.1490066638946,36.02580375005481],[136.1482454845746,36.02576307119921],[136.14812190073,36.02582876973244],[136.14794642994846,36.02633976256696],[136.1489457377771,36.02658836701342],[136.1490066638946,36.02580375005481]]]}},{"type":"Feature","properties":{"pid":"a6254b36-6748-4f6b-9308-698b195f10e6"},"geometry":{"type":"Polygon","coordinates":[[[136.14914146938006,36.027314308384284],[136.14932366844687,36.02684095346507],[136.1491550087235,36.026798415281846],[136.14897565758233,36.02727067238057],[136.14914146938006,36.027314308384284]]]}},{"type":"Feature","properties":{"pid":"b51d469a-f87d-456c-b4d1-f5e1ecd8e11d"},"geometry":{"type":"Polygon","coordinates":[[[136.14858537105047,36.027169718461494],[136.1488605544468,36.0272406518978],[136.14904143093085,36.026768599272316],[136.1487629548206,36.026701117857726],[136.14858537105047,36.027169718461494]]]}},{"type":"Feature","properties":{"pid":"cca765a3-40a2-44ea-8259-578a8ccfece7"},"geometry":{"type":"Polygon","coordinates":[[[136.147019396604,36.027970340044426],[136.14681417279218,36.027920441346865],[136.1465234871217,36.02869578981777],[136.1467188776807,36.028747295507685],[136.14674177609365,36.028731771240984],[136.147019396604,36.027970340044426]]]}},{"type":"Feature","properties":{"pid":"e8380de4-20f0-45fd-8513-7411dc59aad1"},"geometry":{"type":"Polygon","coordinates":[[[136.14465649381762,36.027376870918445],[136.14424236640247,36.02727030280364],[136.14395057569337,36.02803427850518],[136.14395832589452,36.02804738713642],[136.1443581206107,36.02814706314743],[136.14465649381762,36.027376870918445]]]}},{"type":"Feature","properties":{"pid":"b24ba450-0387-4620-b634-b61bbe81882d"},"geometry":{"type":"Polygon","coordinates":[[[136.1454838521451,36.02758386829003],[136.14521091427696,36.02751288493444],[136.14490576704415,36.02828841383619],[136.14518100778358,36.02835665605386],[136.1454838521451,36.02758386829003]]]}},{"type":"Feature","properties":{"pid":"1620b8ab-769a-467f-bf02-f9603ec9dbd2"},"geometry":{"type":"Polygon","coordinates":[[[136.14509272387392,36.027486063211086],[136.14491170951655,36.027440219495695],[136.1446159937037,36.02821093365788],[136.1447950144427,36.02825657424093],[136.14509272387392,36.027486063211086]]]}},{"type":"Feature","properties":{"pid":"6056c4ae-47c6-46f0-b70a-03dc756a4199"},"geometry":{"type":"Polygon","coordinates":[[[136.14448070304945,36.02815816548977],[136.14449860151612,36.0281816771498],[136.14479511040378,36.02741380767559],[136.14476661933617,36.027407586603196],[136.14448070304945,36.02815816548977]]]}},{"type":"Feature","properties":{"pid":"b65e9c73-849b-4a09-b4ce-e569ae6192e1"},"geometry":{"type":"Polygon","coordinates":[[[136.14530019465766,36.02837816707605],[136.1453082980013,36.02839273016543],[136.14553289474418,36.02844547694217],[136.1458315554743,36.027673696489316],[136.14560023577968,36.02761416766944],[136.14530019465766,36.02837816707605]]]}},{"type":"Feature","properties":{"pid":"e2f5f1e1-609e-443a-9e24-a6251bc66e86"},"geometry":{"type":"Polygon","coordinates":[[[136.14573285315018,36.02849834745111],[136.1457536976898,36.028487792271385],[136.14604574622842,36.02772982774763],[136.14594655624774,36.02770500768067],[136.1456529265428,36.02847679982477],[136.14573285315018,36.02849834745111]]]}},{"type":"Feature","properties":{"pid":"b714251e-b6fd-41b5-8832-350c3dc96507"},"geometry":{"type":"Polygon","coordinates":[[[136.14588394194143,36.028538237944],[136.14606362790445,36.02857977876649],[136.14635551194644,36.02780693982984],[136.1461612223663,36.02775731450271],[136.14587069465554,36.02851311597745],[136.14588394194143,36.028538237944]]]}},{"type":"Feature","properties":{"pid":"8c4cfbb9-94b9-4667-8016-08cf2b7be1a8"},"geometry":{"type":"Polygon","coordinates":[[[136.14649006345988,36.02784189374498],[136.1464685574542,36.02783632718555],[136.14618315516253,36.028609610317744],[136.14619740654464,36.028612985149714],[136.14649006345988,36.02784189374498]]]}},{"type":"Feature","properties":{"pid":"0188dbe4-e26d-4a27-a1c4-9254fc38db9d"},"geometry":{"type":"Polygon","coordinates":[[[136.14669892985196,36.02789326247761],[136.1466031987031,36.02787022632309],[136.1463158796833,36.02864216477355],[136.146404190127,36.028665834249445],[136.14669892985196,36.02789326247761]]]}},{"type":"Feature","properties":{"pid":"fa038034-6a12-451a-bf0f-fad243c04ac1"},"geometry":{"type":"Polygon","coordinates":[[[136.14614238826846,36.02963638915223],[136.14635039372143,36.02969079752237],[136.14665459838184,36.028927057988504],[136.14643579149515,36.02886689199417],[136.14614238826846,36.02963638915223]]]}},{"type":"Feature","properties":{"pid":"db648f6f-9866-4690-bd49-c89cdee35681"},"geometry":{"type":"Polygon","coordinates":[[[136.14631877730227,36.0288388602741],[136.14622271748874,36.028816270338424],[136.14592728871435,36.029590497747606],[136.1460307261139,36.02961316251115],[136.14631877730227,36.0288388602741]]]}},{"type":"Feature","properties":{"pid":"933fdf0d-4580-4414-a0b2-56cc3bcd1216"},"geometry":{"type":"Polygon","coordinates":[[[136.14579254981854,36.02869990659857],[136.14549310195247,36.02947860641969],[136.14581142457297,36.02956078959233],[136.14611056141413,36.02878288026987],[136.14579254981854,36.02869990659857]]]}},{"type":"Feature","properties":{"pid":"6f45eb95-5db8-4f2e-966f-f517d56acac1"},"geometry":{"type":"Polygon","coordinates":[[[136.14568274317415,36.028673252880566],[136.14551169005446,36.02863096648926],[136.14521262550252,36.02940866759239],[136.14538263088767,36.02944838196085],[136.14568274317415,36.028673252880566]]]}},{"type":"Feature","properties":{"pid":"3a5828fa-ae41-4eb6-8f82-b914f733bea7"},"geometry":{"type":"Polygon","coordinates":[[[136.1454042039526,36.02860510549407],[136.1452009906225,36.02855756367047],[136.14490710941104,36.02932810247388],[136.14510556012402,36.02938171266852],[136.1454042039526,36.02860510549407]]]}},{"type":"Feature","properties":{"pid":"75af8709-d36a-44ea-862d-76d44ae40d3e"},"geometry":{"type":"Polygon","coordinates":[[[136.14509199895912,36.02852441589634],[136.14483304277516,36.028456724128525],[136.14453535413836,36.029233725687554],[136.14479399475582,36.02929935135288],[136.14509199895912,36.02852441589634]]]}},{"type":"Feature","properties":{"pid":"b33095d6-5f81-4870-8f06-9b9bcceff3e6"},"geometry":{"type":"Polygon","coordinates":[[[136.144720516523,36.0284305573535],[136.14441492270424,36.02835541065127],[136.14412829743222,36.02912313990334],[136.1444230738651,36.029202876673224],[136.144720516523,36.0284305573535]]]}},{"type":"Feature","properties":{"pid":"2b8bbd53-7c32-478b-a26a-7d876dae2370"},"geometry":{"type":"Polygon","coordinates":[[[136.1452022293521,36.03022031035837],[136.14545426226124,36.030207426598054],[136.14566070359018,36.029663729916436],[136.1454396321939,36.02960937134458],[136.1452022293521,36.03022031035837]]]}},{"type":"Feature","properties":{"pid":"249fbe0c-2938-42d6-9d09-10946fc80378"},"geometry":{"type":"Polygon","coordinates":[[[136.14532103855032,36.02957895365304],[136.14516957668184,36.02953710290805],[136.14490466069157,36.03021243298171],[136.14507816590134,36.030216949657124],[136.14532103855032,36.02957895365304]]]}},{"type":"Feature","properties":{"pid":"ac087675-22e9-4dea-a74a-9d6c0efac343"},"geometry":{"type":"Polygon","coordinates":[[[136.14505101810528,36.029509915892284],[136.1449542204664,36.02948721652992],[136.14466989109047,36.03022359021449],[136.14477712995748,36.03021367188098],[136.14505101810528,36.029509915892284]]]}},{"type":"Feature","properties":{"pid":"e1ba1054-323c-41b1-ba83-6032850e9fef"},"geometry":{"type":"Polygon","coordinates":[[[136.14456678360884,36.029386123904374],[136.14449999807871,36.029368488732075],[136.1441673484869,36.03020773452548],[136.14424626289022,36.030227590407385],[136.14456678360884,36.029386123904374]]]}},{"type":"Feature","properties":{"pid":"58e9d190-4d05-48db-b9fb-578c25a48581"},"geometry":{"type":"Polygon","coordinates":[[[136.14437906945003,36.030248720675644],[136.1445336926507,36.030240051725784],[136.1448372091456,36.02945811579324],[136.14467788300158,36.02942099229866],[136.14436938731558,36.03023053529887],[136.14437906945003,36.030248720675644]]]}},{"type":"Feature","properties":{"pid":"014a2e33-88e1-46fb-99c3-7f6da748c91b"},"geometry":{"type":"Polygon","coordinates":[[[136.14613667738237,36.02978585723342],[136.14577610586292,36.029691396344994],[136.1455832147827,36.03020376528757],[136.14598332717273,36.030196843031824],[136.14613667738237,36.02978585723342]]]}},{"type":"Feature","properties":{"pid":"077bca13-7b62-4f8b-a6e7-7ac19219d382"},"geometry":{"type":"Polygon","coordinates":[[[136.14610687373485,36.030198380845235],[136.146188605747,36.030193304337885],[136.14633383456544,36.029830993162044],[136.14625009109758,36.02981067704595],[136.14610687373485,36.030198380845235]]]}},{"type":"Feature","properties":{"pid":"89aaad86-6d7b-488a-9a5c-c4731dc1a9c8"},"geometry":{"type":"Polygon","coordinates":[[[136.14794140979785,36.031891646050894],[136.1478490176109,36.031085846392486],[136.1477630934925,36.03109057812926],[136.1478428138703,36.03189950642669],[136.14794140979785,36.031891646050894]]]}},{"type":"Feature","properties":{"pid":"d1d70485-fb2a-476e-95f7-9151d1e0d8ad"},"geometry":{"type":"Polygon","coordinates":[[[136.14772407191373,36.03190770506399],[136.14764419270801,36.03109772959305],[136.14709281907065,36.031133602786646],[136.1471811194399,36.031947228870195],[136.14772407191373,36.03190770506399]]]}},{"type":"Feature","properties":{"pid":"e1b09e15-5904-48b4-99aa-f5e22da86d47"},"geometry":{"type":"Polygon","coordinates":[[[136.14693109263584,36.03115158737766],[136.14670401414972,36.03116409114801],[136.1467854132186,36.03193810647206],[136.14701221910374,36.03191942516049],[136.14693109263584,36.03115158737766]]]}},{"type":"Feature","properties":{"pid":"ed865803-9760-4144-97cc-4ca8de8c2e0d"},"geometry":{"type":"Polygon","coordinates":[[[136.14871716621838,36.03179205984149],[136.14863564100798,36.03103006848227],[136.1479707274564,36.03108080616067],[136.14805748756083,36.031881800408705],[136.1484236550352,36.03186088289208],[136.1484901345298,36.031808092655226],[136.14871716621838,36.03179205984149]]]}},{"type":"Feature","properties":{"pid":"e3d91706-6b0f-4aec-b67d-7f0d4100fb16"},"geometry":{"type":"Polygon","coordinates":[[[136.14895179152342,36.03177291050503],[136.14886366640536,36.031013789190766],[136.1487612996701,36.03101892504604],[136.14883710526473,36.03178129444468],[136.14895179152342,36.03177291050503]]]}},{"type":"Feature","properties":{"pid":"b67eab11-3fc4-419e-8d2e-50cae223ca0e"},"geometry":{"type":"Polygon","coordinates":[[[136.149321993442,36.030978877362415],[136.14898686270584,36.0310046591401],[136.14907044486887,36.03176194025207],[136.14940505425432,36.03173777798126],[136.149321993442,36.030978877362415]]]}},{"type":"Feature","properties":{"pid":"7de430d8-52d4-4a3f-8afc-cf10ac131a93"},"geometry":{"type":"Polygon","coordinates":[[[136.14948536508288,36.032764537070726],[136.1495027837689,36.0327456606186],[136.1494067542905,36.03195317297284],[136.14908296185092,36.03197689745111],[136.14918175731825,36.03278553671855],[136.14948536508288,36.032764537070726]]]}},{"type":"Feature","properties":{"pid":"66e53838-fcdc-4270-980a-af5f51ed939b"},"geometry":{"type":"Polygon","coordinates":[[[136.148945963552,36.03199801583158],[136.1487547903856,36.032013249695],[136.1488463698025,36.032809286253666],[136.14906251381825,36.032793049961754],[136.14896999699184,36.03201734459876],[136.148945963552,36.03199801583158]]]}},{"type":"Feature","properties":{"pid":"68dd4b4a-9022-41f5-af37-8bee1a083531"},"geometry":{"type":"Polygon","coordinates":[[[136.14872910466514,36.032817917219276],[136.14863242864945,36.03201805666764],[136.148534387492,36.03202394874814],[136.1486241706558,36.03282688422455],[136.14872910466514,36.032817917219276]]]}},{"type":"Feature","properties":{"pid":"7a1a91fe-fb03-488e-9fab-2aed9198f846"},"geometry":{"type":"Polygon","coordinates":[[[136.14850751501345,36.03283329823405],[136.1484169937922,36.032033932374304],[136.14820052459544,36.03204271659234],[136.1482987138856,36.032850390825196],[136.14850751501345,36.03283329823405]]]}},{"type":"Feature","properties":{"pid":"e3ea9a6c-1c07-4de0-9023-4e1442831dea"},"geometry":{"type":"Polygon","coordinates":[[[136.14916471526948,36.03374894776712],[136.14907922700175,36.032932416377115],[136.14864337970576,36.03296559015372],[136.14872828333404,36.033772896990094],[136.14916471526948,36.03374894776712]]]}},{"type":"Feature","properties":{"pid":"b2a5157e-acad-4253-8d56-1207173110d6"},"geometry":{"type":"Polygon","coordinates":[[[136.1486105176987,36.03378586023598],[136.14852398991655,36.03297590145999],[136.1481594792186,36.033001386778864],[136.1482512024678,36.03381244123119],[136.1486105176987,36.03378586023598]]]}},{"type":"Feature","properties":{"pid":"fa6acca8-4d59-4866-b07a-60175007c1ad"},"geometry":{"type":"Polygon","coordinates":[[[136.14732529549516,36.03306411372054],[136.14740187867739,36.033874761101806],[136.14777775849072,36.03384818037186],[136.14769118540485,36.033037328373766],[136.14732529549516,36.03306411372054]]]}},{"type":"Feature","properties":{"pid":"356b6372-e4ca-42fd-ac36-71a0ae97b482"},"geometry":{"type":"Polygon","coordinates":[[[136.14789649350124,36.03383844659717],[136.1481369667831,36.03381916449613],[136.14804264186128,36.03300749172191],[136.1478085343556,36.03302485770268],[136.14789649350124,36.03383844659717]]]}},{"type":"Feature","properties":{"pid":"1ef92f45-dce8-4a8e-93ea-d456c0d3c513"},"geometry":{"type":"Polygon","coordinates":[[[136.14718990430902,36.033889025742106],[136.14721570747082,36.033866248761505],[136.14712771315044,36.03307573437206],[136.14692499278632,36.03309357770895],[136.14701114152024,36.03390134655857],[136.14718990430902,36.033889025742106]]]}},{"type":"Feature","properties":{"pid":"6a089f21-8c37-4533-985d-af63ba849d9e"},"geometry":{"type":"Polygon","coordinates":[[[136.14818212271692,36.032861049824554],[136.14808476346212,36.032058387479296],[136.14721868994326,36.03211285224296],[136.14731842446383,36.032927812101995],[136.14818212271692,36.032861049824554]]]}},{"type":"Feature","properties":{"pid":"b5b00e5a-a44a-4b3d-abed-b84b1e1472bc"},"geometry":{"type":"Polygon","coordinates":[[[136.14709061363882,36.03293565485826],[136.14711159682906,36.032915618206125],[136.14702106035764,36.03212876004499],[136.14569845679392,36.03222873900533],[136.14578915046494,36.03303239713003],[136.14709061363882,36.03293565485826]]]}},{"type":"Feature","properties":{"pid":"b69b4956-0daa-4927-bc90-d461a7085633"},"geometry":{"type":"Polygon","coordinates":[[[136.14625009459655,36.03395325796416],[136.14689140860477,36.03390898658408],[136.1468054108077,36.03310450307628],[136.1461463939615,36.03315158476534],[136.14623426262003,36.033939454209566],[136.14625009459655,36.03395325796416]]]}},{"type":"Feature","properties":{"pid":"56fe60ec-45f2-4056-a7a7-d3de4f5e0f37"},"geometry":{"type":"Polygon","coordinates":[[[136.14553214821464,36.03400713934496],[136.1456225619379,36.03397718890446],[136.1456732659105,36.033996950674016],[136.1461172224258,36.033955841261964],[136.1460266548318,36.033159898455565],[136.1454404908845,36.033201563478904],[136.14553214821464,36.03400713934496]]]}},{"type":"Feature","properties":{"pid":"dc74c11b-e59d-44c0-9a02-08d40546dfa4"},"geometry":{"type":"Polygon","coordinates":[[[136.1453714981421,36.03401665189823],[136.14541034289664,36.033988711357416],[136.1453223672764,36.03321264812956],[136.14458315223834,36.033264274733035],[136.14466712149664,36.034072317370104],[136.1453714981421,36.03401665189823]]]}},{"type":"Feature","properties":{"pid":"1a95e60d-4130-4028-bd2d-18092e6b0070"},"geometry":{"type":"Polygon","coordinates":[[[136.14428777188255,36.034080669439376],[136.14450672650992,36.0340735969928],[136.14442576298256,36.033279054694965],[136.1444068943113,36.033270703158614],[136.14420963235622,36.03328979379029],[136.14428777188255,36.034080669439376]]]}},{"type":"Feature","properties":{"pid":"07203414-6a30-4a59-a7ad-5afda0ede465"},"geometry":{"type":"Polygon","coordinates":[[[136.14459057416187,36.033116874930926],[136.145672590369,36.033043369297985],[136.1455770155617,36.03223173775661],[136.1444874720475,36.032316857180916],[136.1445723786414,36.03310145926224],[136.14459057416187,36.033116874930926]]]}},{"type":"Feature","properties":{"pid":"13266e8c-b54b-479a-a592-fe1ea43e0bce"},"geometry":{"type":"Polygon","coordinates":[[[136.14432687469431,36.03211155368246],[136.144343208075,36.03209432472457],[136.14426183078893,36.031338797139476],[136.14404647134407,36.0313571362647],[136.14412951082002,36.03212401903839],[136.14432687469431,36.03211155368246]]]}},{"type":"Feature","properties":{"pid":"7dfdb7bb-bb7b-40e9-84e8-98cfafaa4f18"},"geometry":{"type":"Polygon","coordinates":[[[136.14466143735356,36.03208694734418],[136.14467853724668,36.03206611023359],[136.14460082213984,36.031313770951286],[136.14437768717036,36.03133174227134],[136.14446441944392,36.03210254981314],[136.14466143735356,36.03208694734418]]]}},{"type":"Feature","properties":{"pid":"8dcd6b75-5ebc-44eb-ade7-019b62159459"},"geometry":{"type":"Polygon","coordinates":[[[136.1447925695273,36.03203931772272],[136.14481794252893,36.03207455606787],[136.14500866699422,36.0320637057412],[136.14491931966938,36.031286498049575],[136.14471647772467,36.03130360520999],[136.1447925695273,36.03203931772272]]]}},{"type":"Feature","properties":{"pid":"77f78626-260d-4a93-b85e-f0f03def4c7b"},"geometry":{"type":"Polygon","coordinates":[[[136.14531529524854,36.03125875113519],[136.14503889070826,36.03127792947647],[136.145124777994,36.032058909233925],[136.14539537681654,36.032039242512866],[136.14531529524854,36.03125875113519]]]}},{"type":"Feature","properties":{"pid":"bf7a2a2e-ec62-4363-ab7a-d1251a15ef00"},"geometry":{"type":"Polygon","coordinates":[[[136.1463582297601,36.03196323718096],[136.14626817395387,36.031192548781576],[136.14603536617494,36.03121259196672],[136.14612119968575,36.031982771306645],[136.1463582297601,36.03196323718096]]]}},{"type":"Feature","properties":{"pid":"8a9e04dc-7972-4af2-a73d-cc6145a362fa"},"geometry":{"type":"Polygon","coordinates":[[[136.14666624271294,36.031944409901975],[136.1465832960922,36.031171800797814],[136.14638863380435,36.03118505930686],[136.14647346821647,36.03195453499194],[136.14666624271294,36.031944409901975]]]}},{"type":"Feature","properties":{"pid":"3ef7f287-c00f-4d9d-8aaa-951430c7507f"},"geometry":{"type":"Polygon","coordinates":[[[136.146001662936,36.03199144861665],[136.1459147702338,36.03122171004969],[136.1457040831351,36.03123835328543],[136.14578444609597,36.03200964631656],[136.146001662936,36.03199144861665]]]}},{"type":"Feature","properties":{"pid":"7762207c-6fef-4c6f-81d0-59cdd5c65f1b"},"geometry":{"type":"Polygon","coordinates":[[[136.14566661475646,36.0320185957739],[136.14558502893897,36.03124341778198],[136.1454351642999,36.03125281246585],[136.1455125899892,36.03202926070311],[136.14566661475646,36.0320185957739]]]}},{"type":"Feature","properties":{"pid":"82d0d430-0373-4c26-a75a-f8548de93868"},"geometry":{"type":"Polygon","coordinates":[[[136.14639838727908,36.030375847296845],[136.14628427724057,36.03037710053507],[136.146351416306,36.031036424809415],[136.14649208895977,36.03102642270969],[136.1464241275259,36.030395800162694],[136.14639838727908,36.030375847296845]]]}},{"type":"Feature","properties":{"pid":"424ba27f-2732-4e10-8080-8f273d97d266"},"geometry":{"type":"Polygon","coordinates":[[[136.14683882443487,36.0303553857854],[136.14653920279488,36.030365794365466],[136.14660907093167,36.03101646875623],[136.14690732893143,36.03099686574934],[136.14683882443487,36.0303553857854]]]}},{"type":"Feature","properties":{"pid":"6b397572-ef31-4b2d-8edc-1378f4fb6f5f"},"geometry":{"type":"Polygon","coordinates":[[[136.14595035269798,36.030379447072434],[136.14602214407304,36.031058220692636],[136.14623517009008,36.0310421163429],[136.14617137190362,36.03040738794709],[136.14614221846534,36.03037921344794],[136.14595035269798,36.030379447072434]]]}},{"type":"Feature","properties":{"pid":"38868598-1f96-4a3f-841c-ea1ea5283da3"},"geometry":{"type":"Polygon","coordinates":[[[136.145831897665,36.030378780902446],[136.1456122899431,36.030377715402395],[136.14568496797406,36.03108264169694],[136.14590471761548,36.03106730782332],[136.145831897665,36.030378780902446]]]}},{"type":"Feature","properties":{"pid":"95da7906-0170-4289-b417-ccd292d6848c"},"geometry":{"type":"Polygon","coordinates":[[[136.1449556542191,36.030394403896416],[136.1449446350328,36.030405788304215],[136.14502234797018,36.031137610643995],[136.14514912129948,36.03112930726181],[136.14507473882693,36.03039308944391],[136.1449556542191,36.030394403896416]]]}},{"type":"Feature","properties":{"pid":"1d2a2572-0fe5-469d-a6c3-cff9044ca4a9"},"geometry":{"type":"Polygon","coordinates":[[[136.1452063222635,36.030387963233714],[136.14519209411907,36.03038803512261],[136.14526481683635,36.03111948472714],[136.14528380165095,36.031117838215025],[136.1452063222635,36.030387963233714]]]}},{"type":"Feature","properties":{"pid":"32c9afa3-f1a9-4741-941d-0a4b62c99b76"},"geometry":{"type":"Polygon","coordinates":[[[136.145340469762,36.03038740211723],[136.14532785346,36.030404557622475],[136.14540126918266,36.03111116031058],[136.14556338731546,36.0311015859448],[136.14548603721312,36.030383071651926],[136.145340469762,36.03038740211723]]]}},{"type":"Feature","properties":{"pid":"6cb3aecf-2c6a-4a29-9e07-f76585459c0c"},"geometry":{"type":"Polygon","coordinates":[[[136.14446619466867,36.03117984428066],[136.14438228246686,36.03041902533339],[136.14427785774885,36.030408831465905],[136.1443571478783,36.031186568228286],[136.14446619466867,36.03117984428066]]]}},{"type":"Feature","properties":{"pid":"ecc32fb0-7739-4ae5-b796-fe5fcea618b1"},"geometry":{"type":"Polygon","coordinates":[[[136.14468100537252,36.03116024989369],[136.14459259857787,36.030408773369125],[136.14449991965958,36.03041457943963],[136.14458350714256,36.031168806955],[136.14468100537252,36.03116024989369]]]}},{"type":"Feature","properties":{"pid":"d33c841e-1f9c-42de-9797-d99712f51581"},"geometry":{"type":"Polygon","coordinates":[[[136.14490338759353,36.03114383337269],[136.14482717401577,36.030400675860236],[136.14471037858652,36.03040294125283],[136.1447982888908,36.03115141420554],[136.14490338759353,36.03114383337269]]]}},{"type":"Feature","properties":{"pid":"fd62583d-5c13-45c5-b2b9-1af8c1995d4a"},"geometry":{"type":"Polygon","coordinates":[[[136.1436342007713,36.030287256728556],[136.143623514068,36.03036299414329],[136.14359519503114,36.030416664931074],[136.14368132058152,36.031232532054325],[136.14389154359824,36.03122047100533],[136.14379940581335,36.03031686339691],[136.1436342007713,36.030287256728556]]]}},{"type":"Feature","properties":{"pid":"409661cf-c2db-4902-8ff5-5846cf632fcc"},"geometry":{"type":"Polygon","coordinates":[[[136.14415543697663,36.03038988535204],[136.1439176145033,36.0303414262995],[136.14400763517895,36.03121526817185],[136.14423697158338,36.03119956466634],[136.14415543697663,36.03038988535204]]]}},{"type":"Feature","properties":{"pid":"2599d89f-79eb-4b86-891a-b1bf86a9c5db"},"geometry":{"type":"Polygon","coordinates":[[[136.14306551286097,36.03046005719429],[136.14286360656217,36.03047408857641],[136.14295869282472,36.03128802968696],[136.14317117308494,36.031271104477845],[136.14308110249812,36.030470016281406],[136.14306551286097,36.03046005719429]]]}},{"type":"Feature","properties":{"pid":"fdb5d2c3-e9f7-4f00-8cd7-3a94a1cb2934"},"geometry":{"type":"Polygon","coordinates":[[[136.14342670699745,36.030437058833904],[136.14319821475698,36.030449238234304],[136.14328705127357,36.031263687974885],[136.14351743604453,36.03125124783124],[136.14342670699745,36.030437058833904]]]}},{"type":"Feature","properties":{"pid":"81b963ec-5c17-464f-b39a-bddb88eb35a8"},"geometry":{"type":"Polygon","coordinates":[[[136.14185625462923,36.03135547967938],[136.14217477682448,36.03134375333522],[136.14208585333978,36.0305348882924],[136.1417729131168,36.03056088664776],[136.14185625462923,36.03135547967938]]]}},{"type":"Feature","properties":{"pid":"a3c31cbc-6d91-4e6a-bd00-3b34cfd9e5e2"},"geometry":{"type":"Polygon","coordinates":[[[136.1423951419613,36.03050888966035],[136.14220453615056,36.03052338519622],[136.1422923085966,36.03133381105436],[136.14250792132407,36.03132071675466],[136.14242951933278,36.03053242751502],[136.1423951419613,36.03050888966035]]]}},{"type":"Feature","properties":{"pid":"4fb33825-b073-4917-a143-20bcc2cf565b"},"geometry":{"type":"Polygon","coordinates":[[[136.14272731137046,36.03048259997429],[136.14254197267536,36.03049374822962],[136.1426252668307,36.031312108682656],[136.14284217804834,36.0312969616249],[136.14275248967812,36.03050188202485],[136.14272731137046,36.03048259997429]]]}},{"type":"Feature","properties":{"pid":"1439c869-e11a-4591-9d46-7a9a523f42f1"},"geometry":{"type":"Polygon","coordinates":[[[136.14227394817362,36.03225725499912],[136.14219469031306,36.03148571925082],[136.1418731751942,36.03150737368362],[136.14195931647555,36.032280347645695],[136.14227394817362,36.03225725499912]]]}},{"type":"Feature","properties":{"pid":"178aca87-a6b6-4dcc-95fc-3d26ec9dc2d5"},"geometry":{"type":"Polygon","coordinates":[[[136.14170030947272,36.03152093074199],[136.1414845101669,36.03153754762824],[136.1415700389829,36.0323050233837],[136.1417769115444,36.03229080742874],[136.14170030947272,36.03152093074199]]]}},{"type":"Feature","properties":{"pid":"da4c7a18-7992-4d14-8c1f-b60b63504596"},"geometry":{"type":"Polygon","coordinates":[[[136.14260340932438,36.03223718270605],[136.14251694732638,36.031461828874264],[136.14231327083027,36.03147681373645],[136.14239884746968,36.03225020378009],[136.14260340932438,36.03223718270605]]]}},{"type":"Feature","properties":{"pid":"17d82c12-a2d8-4b75-a818-63f8fd03700c"},"geometry":{"type":"Polygon","coordinates":[[[136.14294110478642,36.03220858806517],[136.14285650764842,36.03143749932668],[136.14263459130166,36.03145358973298],[136.14272546618716,36.032226530250476],[136.14294110478642,36.03220858806517]]]}},{"type":"Feature","properties":{"pid":"28664157-48be-4ae1-b0eb-eb581d45507a"},"geometry":{"type":"Polygon","coordinates":[[[136.14360563640795,36.03216187983089],[136.14351999817663,36.03139500025918],[136.14331292527893,36.031408630304036],[136.1433935562491,36.0321814951233],[136.14360563640795,36.03216187983089]]]}},{"type":"Feature","properties":{"pid":"fa64798c-2d3a-49d9-84b6-20da8753dea8"},"geometry":{"type":"Polygon","coordinates":[[[136.14327759003294,36.03218885001497],[136.14319304267403,36.031417315394016],[136.14297680809324,36.031430194954964],[136.1430596019469,36.032201758522156],[136.14327759003294,36.03218885001497]]]}},{"type":"Feature","properties":{"pid":"fb88b524-be53-4276-8156-b47ce81ed0d8"},"geometry":{"type":"Polygon","coordinates":[[[136.14394005590805,36.0321384305611],[136.14385239576796,36.03137349956059],[136.1436364719182,36.03138897746785],[136.14372195629502,36.03215307055075],[136.14394005590805,36.0321384305611]]]}},{"type":"Feature","properties":{"pid":"426dd8df-d9d6-44c8-83ec-98c625af6453"},"geometry":{"type":"Polygon","coordinates":[[[136.14316741222834,36.03322090185519],[136.14338257343493,36.033204926471335],[136.1432936356972,36.032398782695],[136.1430847948433,36.0324117347517],[136.14316741222834,36.03322090185519]]]}},{"type":"Feature","properties":{"pid":"46995dad-ca16-4934-96ba-8ceb49403c47"},"geometry":{"type":"Polygon","coordinates":[[[136.14371505169464,36.033180276973205],[136.1436220087461,36.032375482332846],[136.14341673409174,36.03239064799311],[136.14350113457732,36.03319658519513],[136.14371505169464,36.033180276973205]]]}},{"type":"Feature","properties":{"pid":"6ac5c667-ed99-4be5-b9cb-87b29a62a90f"},"geometry":{"type":"Polygon","coordinates":[[[136.1443192769678,36.032326376658936],[136.14374030787653,36.03236747266962],[136.1438321660149,36.03317403355441],[136.14438515864828,36.03313262671359],[136.144397349223,36.0331187079669],[136.1443192769678,36.032326376658936]]]}},{"type":"Feature","properties":{"pid":"b49606df-e40a-444f-87d8-a12714bc9b8e"},"geometry":{"type":"Polygon","coordinates":[[[136.1441691130992,36.03409644580873],[136.14408886221048,36.03329327801203],[136.143963472817,36.03330354684322],[136.14405098195206,36.03410545677573],[136.1441691130992,36.03409644580873]]]}},{"type":"Feature","properties":{"pid":"5dab0335-35fa-46da-9606-0025f410f56c"},"geometry":{"type":"Polygon","coordinates":[[[136.14393332242634,36.03412400533031],[136.14384396194197,36.033310953474775],[136.14361984916656,36.03332686244658],[136.14370762049634,36.03414080153676],[136.14393332242634,36.03412400533031]]]}},{"type":"Feature","properties":{"pid":"e8be4218-a7f1-4734-872c-21b2dfad771f"},"geometry":{"type":"Polygon","coordinates":[[[136.143375171674,36.03415484725884],[136.14328804029648,36.03334947494636],[136.1431875418733,36.033357148284736],[136.14326419048396,36.03416148865131],[136.143375171674,36.03415484725884]]]}},{"type":"Feature","properties":{"pid":"673cdf6c-023f-48f0-a746-0a0edb22dc84"},"geometry":{"type":"Polygon","coordinates":[[[136.14314863576485,36.034170778257234],[136.14306606711318,36.03336444455978],[136.14294243247608,36.033375891214554],[136.1430325448124,36.03418471112824],[136.14314863576485,36.034170778257234]]]}},{"type":"Feature","properties":{"pid":"62f30855-0518-477a-ae6b-c5af321f6e00"},"geometry":{"type":"Polygon","coordinates":[[[136.14291611902786,36.03420632386516],[136.14282253737045,36.03338418359747],[136.14274610163122,36.03339037540339],[136.14282448555144,36.034226290827],[136.14291611902786,36.03420632386516]]]}},{"type":"Feature","properties":{"pid":"d43140b1-496d-42b0-bd81-6f85bb625afb"},"geometry":{"type":"Polygon","coordinates":[[[136.14251981203296,36.03340760090385],[136.1426243451708,36.03425653436707],[136.142626874548,36.03427707646174],[136.14270826586593,36.034257250224684],[136.1426260091729,36.033399209864015],[136.14251981203296,36.03340760090385]]]}},{"type":"Feature","properties":{"pid":"aea06b61-44a2-4f6e-b83b-bbdd77f85c3e"},"geometry":{"type":"Polygon","coordinates":[[[136.1424692857591,36.03404705956163],[136.1424519832609,36.033891701377165],[136.14215242708022,36.03391578720165],[136.14218261765046,36.034075495703775],[136.1424692857591,36.03404705956163]]]}},{"type":"Feature","properties":{"pid":"4d63669a-d3b2-41de-a64a-d5c15a184a90"},"geometry":{"type":"Polygon","coordinates":[[[136.1424381653606,36.033791788487434],[136.14242466638552,36.033648415963995],[136.14210911671557,36.0336711414688],[136.14213571451666,36.033816834170935],[136.1424381653606,36.033791788487434]]]}},{"type":"Feature","properties":{"pid":"a5623db4-9c1e-4749-9df8-d705ab9bcc38"},"geometry":{"type":"Polygon","coordinates":[[[136.14241278950195,36.033552279765615],[136.14239954708,36.03341955605796],[136.14208070716825,36.033442877796254],[136.14206762066644,36.03345948815132],[136.14209102717786,36.03357765636819],[136.14241278950195,36.033552279765615]]]}},{"type":"Feature","properties":{"pid":"03c8093c-4261-47e1-974f-f12a0a47cc4b"},"geometry":{"type":"Polygon","coordinates":[[[136.14297074041323,36.03246028788074],[136.14293420907953,36.0324247168485],[136.14240988404373,36.03246170026099],[136.14250501664674,36.03326791648154],[136.14305071876242,36.033227568556576],[136.14297074041323,36.03246028788074]]]}},{"type":"Feature","properties":{"pid":"ace1a4ca-8f6b-401a-a33f-fd2de0ff5576"},"geometry":{"type":"Polygon","coordinates":[[[136.1414424747821,36.03265269061645],[136.14168097422038,36.03261939175338],[136.14171902541497,36.03263375236051],[136.14173428915657,36.03266279895725],[136.1418344412062,36.03265235315898],[136.14181684853796,36.032526618193586],[136.1414305234607,36.03255702283382],[136.1414424747821,36.03265269061645]]]}},{"type":"Feature","properties":{"pid":"7c10b46a-b879-4ea1-8bce-57a8607f2164"},"geometry":{"type":"Polygon","coordinates":[[[136.14131544405285,36.03264873709744],[136.14130558219173,36.03256634634797],[136.14092533365974,36.03259148932169],[136.14093807814947,36.03267567329381],[136.14131544405285,36.03264873709744]]]}},{"type":"Feature","properties":{"pid":"5d5bf043-92f6-40aa-9b7d-1a3d8a4728a2"},"geometry":{"type":"Polygon","coordinates":[[[136.14067512021458,36.03281970353167],[136.14069193969237,36.03280262298747],[136.14069675116835,36.03270426157743],[136.14080851376133,36.032678735241035],[136.14079902607236,36.03260698791336],[136.1404873392972,36.03262421168487],[136.1405241212646,36.032832655688765],[136.14067512021458,36.03281970353167]]]}},{"type":"Feature","properties":{"pid":"c05f3190-2591-4e06-94df-b52863f469ca"},"geometry":{"type":"Polygon","coordinates":[[[136.13953048117102,36.03269472187733],[136.1389727999716,36.03271773954111],[136.1389991113561,36.033402144202796],[136.13916996239053,36.03341965882721],[136.13941872642803,36.03341562723766],[136.13967772268398,36.0333867713118],[136.1395433606427,36.0327055395835],[136.13953048117102,36.03269472187733]]]}},{"type":"Feature","properties":{"pid":"9821756d-ef0a-4450-bf8c-6049fd1fc691"},"geometry":{"type":"Polygon","coordinates":[[[136.1403002061015,36.032639813863526],[136.13974067124923,36.032686025574456],[136.1398168322385,36.03309771996367],[136.14037579671879,36.03297715035184],[136.14032216684868,36.03265176045582],[136.1403002061015,36.032639813863526]]]}},{"type":"Feature","properties":{"pid":"33854d30-c768-4ba1-b72d-6b1c1c70f1a2"},"geometry":{"type":"Polygon","coordinates":[[[136.14016648605673,36.032411967524965],[136.14019038638858,36.03239208442259],[136.1401467445743,36.03200184461824],[136.13961729415698,36.03204004961335],[136.1396953666434,36.03244419727065],[136.14016648605673,36.032411967524965]]]}},{"type":"Feature","properties":{"pid":"89608bf3-4458-401e-9b62-02141c197395"},"geometry":{"type":"Polygon","coordinates":[[[136.13934370462445,36.03169295852332],[136.13890823104336,36.031697034071534],[136.13895289653735,36.03248030593775],[136.13949683992175,36.03245683188025],[136.13934370462445,36.03169295852332]]]}},{"type":"Feature","properties":{"pid":"1e4fc1dd-759b-4d1a-a4a3-a5ab36c8c069"},"geometry":{"type":"Polygon","coordinates":[[[136.13959526765802,36.031673724631545],[136.13955154600006,36.03170272143833],[136.13956135027718,36.03176039358348],[136.1401121878708,36.03172121228359],[136.14010520841973,36.031637382441744],[136.13959526765802,36.031673724631545]]]}},{"type":"Feature","properties":{"pid":"55bd030b-ca19-4fbe-b5e7-2a1ea59f35be"},"geometry":{"type":"Polygon","coordinates":[[[136.14008797068428,36.03149055669682],[136.14007909865163,36.03141384378462],[136.13951748509498,36.031452517357835],[136.13953494810627,36.031533036573016],[136.14008797068428,36.03149055669682]]]}},{"type":"Feature","properties":{"pid":"95a7d8a2-39bd-432b-a23f-93f4b528bec1"},"geometry":{"type":"Polygon","coordinates":[[[136.13968685423703,36.03193717262043],[136.14013462172292,36.03190558343282],[136.14012584517886,36.03181737748183],[136.13958215430557,36.031855696112395],[136.13959220950917,36.03191728660664],[136.13965460407655,36.03191765107469],[136.13968685423703,36.03193717262043]]]}},{"type":"Feature","properties":{"pid":"49d5b0e6-8550-413a-85d1-a498ab6431f0"},"geometry":{"type":"Polygon","coordinates":[[[136.14043245774187,36.03239369924628],[136.140447128528,36.03236381305673],[136.14037202334382,36.031614497608814],[136.14026845046374,36.031625137075515],[136.14034898685244,36.03239923336002],[136.14043245774187,36.03239369924628]]]}},{"type":"Feature","properties":{"pid":"46b48aaf-e9e1-4a96-9091-94b952edecf5"},"geometry":{"type":"Polygon","coordinates":[[[136.14056395798247,36.03235256449689],[136.14058644633346,36.032381621967424],[136.14078642159492,36.032366301916234],[136.14070235074075,36.03158877213167],[136.14048830318802,36.031606083709804],[136.14056395798247,36.03235256449689]]]}},{"type":"Feature","properties":{"pid":"e3e599db-7862-4f1a-b5c1-d0578b83f85f"},"geometry":{"type":"Polygon","coordinates":[[[136.14090455566387,36.03236008007005],[136.1411088378636,36.03233449945216],[136.14103014223215,36.03156925999617],[136.1408202374102,36.031583474141264],[136.14090455566387,36.03236008007005]]]}},{"type":"Feature","properties":{"pid":"aa14f72e-3b48-4f67-81dc-edd95a929558"},"geometry":{"type":"Polygon","coordinates":[[[136.14143200198203,36.032316204718526],[136.14144995382523,36.03229925699753],[136.14136615288197,36.03154727644048],[136.14115318704998,36.031562206533536],[136.141228139436,36.03233194048831],[136.14143200198203,36.032316204718526]]]}},{"type":"Feature","properties":{"pid":"0cb49da8-2250-41eb-896c-8c378e4e72e4"},"geometry":{"type":"Polygon","coordinates":[[[136.14068657044163,36.03144791132768],[136.14060457385318,36.03064284597048],[136.14038587785018,36.03066427550231],[136.14047334222644,36.03146294485256],[136.14068657044163,36.03144791132768]]]}},{"type":"Feature","properties":{"pid":"f48832ef-94af-4656-b73a-f4a92535f245"},"geometry":{"type":"Polygon","coordinates":[[[136.14090782313332,36.030617470836155],[136.14071842641277,36.030631711566805],[136.14080454379018,36.03143826948258],[136.141013177457,36.031426124064154],[136.14093119968442,36.030634655085926],[136.14090782313332,36.030617470836155]]]}},{"type":"Feature","properties":{"pid":"524b9da6-c87b-4d18-a6a8-d171d28cbec1"},"geometry":{"type":"Polygon","coordinates":[[[136.14158853156815,36.030567567197075],[136.14137373336206,36.030582131299525],[136.1414645420861,36.03139364550896],[136.14167489175443,36.03137232362983],[136.14158853156815,36.030567567197075]]]}},{"type":"Feature","properties":{"pid":"513be675-3604-4a86-85d6-3b3562a9519b"},"geometry":{"type":"Polygon","coordinates":[[[136.14123597301622,36.0305965768811],[136.1410495576353,36.030605323573276],[136.14113233794697,36.031413016750854],[136.1413472003772,36.03140087739254],[136.14125738659678,36.030613684755956],[136.14123597301622,36.0305965768811]]]}},{"type":"Feature","properties":{"pid":"ef45e385-1a8c-4656-8a57-1d31e2d8cbd8"},"geometry":{"type":"Polygon","coordinates":[[[136.14035083020298,36.031471889254945],[136.14026681805916,36.03067547235678],[136.14016589797683,36.03068352476553],[136.14025314704094,36.03147834742347],[136.14035083020298,36.031471889254945]]]}},{"type":"Feature","properties":{"pid":"469a4fd9-28b2-464d-8541-2b896de57307"},"geometry":{"type":"Polygon","coordinates":[[[136.13970760031185,36.03125451702232],[136.13972571782165,36.03134004954613],[136.14006721508696,36.03131715606191],[136.1400539126076,36.03122736677073],[136.13970760031185,36.03125451702232]]]}},{"type":"Feature","properties":{"pid":"b85a06d0-75bd-41b3-bfa9-159b90dae02b"},"geometry":{"type":"Polygon","coordinates":[[[136.13949803383957,36.031169067522825],[136.14004156203214,36.03113234035543],[136.1400337135421,36.03104669606433],[136.13950158139966,36.031081885399956],[136.13949803383957,36.031169067522825]]]}},{"type":"Feature","properties":{"pid":"e4c47297-6f23-441a-b3a4-d0db1a1484e8"},"geometry":{"type":"Polygon","coordinates":[[[136.14040158731262,36.029677248196094],[136.14017175932017,36.02953153875667],[136.14014276095364,36.029559159930045],[136.14038146859102,36.02970232057028],[136.14040158731262,36.029677248196094]]]}},{"type":"Feature","properties":{"pid":"f5ada8f5-5198-4ff2-866d-6b5d935989df"},"geometry":{"type":"Polygon","coordinates":[[[136.1413349538354,36.02943791986085],[136.1416484077798,36.02864200642763],[136.14163718718595,36.028638823440076],[136.14121161174995,36.02905559321949],[136.1410139680512,36.0292877257258],[136.1413349538354,36.02943791986085]]]}},{"type":"Feature","properties":{"pid":"e98eda5f-9e19-4e9e-8c9c-77c5c5961359"},"geometry":{"type":"Polygon","coordinates":[[[136.14113099450972,36.02953708774115],[136.14089688902055,36.029430885983174],[136.14087282018914,36.02945941184229],[136.14111282520648,36.029564576755554],[136.14113099450972,36.02953708774115]]]}},{"type":"Feature","properties":{"pid":"784c33e2-0c79-4d75-a17d-26ab0f4c954a"},"geometry":{"type":"Polygon","coordinates":[[[136.14052801954014,36.029991820362],[136.14150627579522,36.029924242896996],[136.14111005902868,36.029752382210084],[136.14105620223182,36.029814451127336],[136.14100121529555,36.029822003498396],[136.14069221297356,36.02967221621779],[136.14046003395646,36.02995762509515],[136.14052801954014,36.029991820362]]]}},{"type":"Feature","properties":{"pid":"cadc6f62-fcea-4ab7-b3cd-7c007a6f641e"},"geometry":{"type":"Polygon","coordinates":[[[136.14032643342452,36.030134513642714],[136.14037015030934,36.0305090866528],[136.14090909252243,36.03047582374263],[136.14087183029085,36.030098877265885],[136.14032643342452,36.030134513642714]]]}},{"type":"Feature","properties":{"pid":"9533353a-221d-4dfc-a93e-fec109f602a8"},"geometry":{"type":"Polygon","coordinates":[[[136.14157458107618,36.03042985654535],[136.14153482136646,36.030046816188204],[136.14098916190156,36.03008826430652],[136.1410244027219,36.030467026266315],[136.14157458107618,36.03042985654535]]]}},{"type":"Feature","properties":{"pid":"c20f0b28-9cb6-4a62-a0b5-f33ce5fd336a"},"geometry":{"type":"Polygon","coordinates":[[[136.1420694943687,36.030394019320546],[136.142031359518,36.03000328725364],[136.14171986633724,36.03002446226777],[136.14174929816434,36.03041393292882],[136.1420694943687,36.030394019320546]]]}},{"type":"Feature","properties":{"pid":"6b0aa77a-2b17-4734-9856-6460dd26078c"},"geometry":{"type":"Polygon","coordinates":[[[136.14196501226485,36.02983007531488],[136.1416790678081,36.02972863940286],[136.1417015407539,36.02989670096279],[136.14197093669154,36.02987779791976],[136.14196501226485,36.02983007531488]]]}},{"type":"Feature","properties":{"pid":"67a12d78-276a-47b2-9777-eac371966565"},"geometry":{"type":"Polygon","coordinates":[[[136.14213868079545,36.02990986225639],[136.14218819527423,36.03038653178176],[136.14273448637283,36.03034768330085],[136.14270567015453,36.03003079586396],[136.14213868079545,36.02990986225639]]]}},{"type":"Feature","properties":{"pid":"5615c6ad-d502-4fad-a5f2-86f820588af1"},"geometry":{"type":"Polygon","coordinates":[[[136.1433937607281,36.03020670968544],[136.1428261333358,36.03006033632501],[136.142853724125,36.03033540116425],[136.14339759349645,36.03029329598448],[136.1433937607281,36.03020670968544]]]}},{"type":"Feature","properties":{"pid":"40091fb0-dd30-4713-b950-abe25832ed19"},"geometry":{"type":"Polygon","coordinates":[[[136.1443863024294,36.0293418796761],[136.14422445705466,36.0293032789062],[136.143906025068,36.030154384385376],[136.14405365300618,36.03018230026047],[136.1443863024294,36.0293418796761]]]}},{"type":"Feature","properties":{"pid":"7fc3f886-6ecc-4967-931e-07126aaef364"},"geometry":{"type":"Polygon","coordinates":[[[136.14320969186522,36.02997192249967],[136.1435295113311,36.03005241168021],[136.14358913299523,36.03008939099419],[136.14376746381762,36.03011883757165],[136.14378980997182,36.03010775243166],[136.1441150700382,36.02926983002963],[136.1435345162997,36.02912147352043],[136.14320969186522,36.02997192249967]]]}},{"type":"Feature","properties":{"pid":"62309881-0bb8-4f30-83de-4f00a49c6392"},"geometry":{"type":"Polygon","coordinates":[[[136.14337643619024,36.029080457325406],[136.14292282028848,36.028962706628604],[136.1425852101084,36.02982545692968],[136.14304931223606,36.029927770267506],[136.14337643619024,36.029080457325406]]]}},{"type":"Feature","properties":{"pid":"766e567c-cdb2-46d6-85ed-3a54e4dd78a5"},"geometry":{"type":"Polygon","coordinates":[[[136.14280573906467,36.02894064474671],[136.1425390326784,36.02887343900697],[136.14220350596688,36.02974058419676],[136.14247267780206,36.029799710551316],[136.14280573906467,36.02894064474671]]]}},{"type":"Feature","properties":{"pid":"6a444ac1-7e7c-4c3c-b498-95a11431c038"},"geometry":{"type":"Polygon","coordinates":[[[136.14242344784503,36.02884018626142],[136.14223814508068,36.02879337269681],[136.1419092727088,36.02964588666795],[136.14208973627805,36.02970814074298],[136.14242344784503,36.02884018626142]]]}},{"type":"Feature","properties":{"pid":"4c5907ca-6e16-4b1b-af44-74a33730f91e"},"geometry":{"type":"Polygon","coordinates":[[[136.14212095751216,36.02876531251659],[136.14203885585178,36.02874339097154],[136.14171393731624,36.02958129422315],[136.14179760702822,36.029604440407404],[136.14212095751216,36.02876531251659]]]}},{"type":"Feature","properties":{"pid":"e1a22ee3-fc84-4276-94e4-61549fd9cfa3"},"geometry":{"type":"Polygon","coordinates":[[[136.14159572741804,36.02955486489275],[136.14192583154278,36.02871604716914],[136.14175783568,36.02867290397375],[136.1414433128316,36.029482135943205],[136.14159572741804,36.02955486489275]]]}},{"type":"Feature","properties":{"pid":"63e35081-c646-485c-bda2-620c861be877"},"geometry":{"type":"Polygon","coordinates":[[[136.14214341886444,36.0286335293608],[136.1425988754313,36.028746021414264],[136.14273641519404,36.028386118905644],[136.14229993777784,36.02828560487093],[136.14214341886444,36.0286335293608]]]}},{"type":"Feature","properties":{"pid":"90d59968-70e1-41e9-92df-de7b5f39df99"},"geometry":{"type":"Polygon","coordinates":[[[136.1432083962177,36.02805070339195],[136.14313269606282,36.02803199914388],[136.14311490512594,36.028066901640294],[136.14307755400304,36.0280829641209],[136.14298573360495,36.02806389328214],[136.14271546454836,36.02877408321183],[136.14291379462946,36.02882132074128],[136.1432083962177,36.02805070339195]]]}},{"type":"Feature","properties":{"pid":"fe6096c9-7eda-417c-95aa-ec4cf1757673"},"geometry":{"type":"Polygon","coordinates":[[[136.14372853321115,36.02817730063944],[136.14332350208267,36.02807795201901],[136.14302609244473,36.02884594292197],[136.14342912555762,36.02895018413253],[136.14372853321115,36.02817730063944]]]}},{"type":"Feature","properties":{"pid":"b41bed89-d02c-4a7f-9f61-6f7a9fc2685d"},"geometry":{"type":"Polygon","coordinates":[[[136.14430426079696,36.028324077837794],[136.14388509332036,36.02822283365912],[136.14358419718835,36.0289896956062],[136.14400950971086,36.02909980626045],[136.14430426079696,36.028324077837794]]]}},{"type":"Feature","properties":{"pid":"a61121e0-e711-4cbf-9126-282a8f3103f1"},"geometry":{"type":"Polygon","coordinates":[[[136.1435710749141,36.02710238685585],[136.143080182836,36.02746698701681],[136.14295758379936,36.02778808926671],[136.143274077165,36.027867822736205],[136.1435710749141,36.02710238685585]]]}},{"type":"Feature","properties":{"pid":"70ce912e-ea4a-4109-92d0-7b6556135310"},"geometry":{"type":"Polygon","coordinates":[[[136.14408913755764,36.027231579022484],[136.1438774779559,36.027180915319214],[136.14357958385165,36.02795364203406],[136.14379474893036,36.0280038009369],[136.14408913755764,36.027231579022484]]]}},{"type":"Feature","properties":{"pid":"1d33ac4b-c5bc-41b6-9f53-8729029ab17f"},"geometry":{"type":"Polygon","coordinates":[[[136.1437626275916,36.02715049343619],[136.1436806592984,36.02713242823571],[136.1433835207515,36.027903429042475],[136.14346755504073,36.027924501334205],[136.1437626275916,36.02715049343619]]]}},{"type":"Feature","properties":{"pid":"fca02e77-318d-4421-abd3-95a637b8ac75"},"geometry":{"type":"Polygon","coordinates":[[[136.14253570397656,36.02702479235516],[136.1424170701422,36.026934044444786],[136.1423322460674,36.02699132968993],[136.14246146547907,36.02707844910807],[136.14253570397656,36.02702479235516]]]}},{"type":"Feature","properties":{"pid":"81d30b02-3bd9-46cf-86ea-26b9a13c8551"},"geometry":{"type":"Polygon","coordinates":[[[136.14215819906562,36.0274518248015],[136.14221162019825,36.02746897329224],[136.14223473605983,36.02750615348141],[136.14223267885518,36.02753471033319],[136.1422553390299,36.02754964794574],[136.1426959136213,36.02721422930789],[136.14261064191044,36.027136720742874],[136.14249986113754,36.02721548795521],[136.14246046681941,36.02722348188478],[136.14215819906562,36.0274518248015]]]}},{"type":"Feature","properties":{"pid":"a0c5ec47-dd1a-46da-a070-a22bdfec0f8f"},"geometry":{"type":"Polygon","coordinates":[[[136.1421938379855,36.02771268859699],[136.1419005235237,36.027521356047515],[136.14180669855514,36.027640768833194],[136.14184479584657,36.0277723718761],[136.1421938379855,36.02771268859699]]]}},{"type":"Feature","properties":{"pid":"2daf5be5-d968-421b-a6e8-c3c192fe0ba7"},"geometry":{"type":"Polygon","coordinates":[[[136.14191530912828,36.02731024007702],[136.14201990585644,36.02739599036414],[136.14204996866803,36.027391661788805],[136.14234900316706,36.027166354783375],[136.14222041175333,36.02708246138517],[136.14191530912828,36.02731024007702]]]}},{"type":"Feature","properties":{"pid":"77a7da8a-8d15-4a17-af8f-0329cc155455"},"geometry":{"type":"Polygon","coordinates":[[[136.14210514523995,36.027006184606265],[136.14180912420574,36.027223325117745],[136.1418301522722,36.027244690492296],[136.142126015681,36.027020971966195],[136.14210514523995,36.027006184606265]]]}},{"type":"Feature","properties":{"pid":"cd90b185-dbaf-4a67-b746-6b58ab56c591"},"geometry":{"type":"Polygon","coordinates":[[[136.1417184567616,36.027134645202736],[136.1417762849226,36.02711550919298],[136.1419945634083,36.026955355490536],[136.1418221674117,36.02688988762408],[136.14162248344618,36.02703909007196],[136.1417184567616,36.027134645202736]]]}},{"type":"Feature","properties":{"pid":"0d9a3b33-87da-49c9-a62d-d73b5c435f53"},"geometry":{"type":"Polygon","coordinates":[[[136.1405454672891,36.02757973584489],[136.14014114993108,36.02773343049949],[136.14025430725317,36.02798787212433],[136.14065346643136,36.02794661793191],[136.1405392172227,36.02777883908557],[136.1405454672891,36.02757973584489]]]}},{"type":"Feature","properties":{"pid":"b228683c-43f7-4115-86f1-00e34f8bfdd7"},"geometry":{"type":"Polygon","coordinates":[[[136.14138354178695,36.027608976375674],[136.14117567672216,36.027806224801836],[136.14118130384637,36.02788278460132],[136.14144738519047,36.02784373626554],[136.14138354178695,36.027608976375674]]]}},{"type":"Feature","properties":{"pid":"73606f87-fbed-4860-b60b-2fe3e8423f4a"},"geometry":{"type":"Polygon","coordinates":[[[136.14149839315755,36.027595211616855],[136.1415617208925,36.02782220405322],[136.14172514700235,36.02779332408934],[136.1416908588893,36.027676014441376],[136.14164613976797,36.02766815295546],[136.14149839315755,36.027595211616855]]]}},{"type":"Feature","properties":{"pid":"bb2f63b3-918e-44ba-bde4-f2bd9ae3ca23"},"geometry":{"type":"Polygon","coordinates":[[[136.14119693550197,36.028106722567465],[136.14092243097653,36.028138407996025],[136.14102790436024,36.02888239422119],[136.1410644826326,36.0288932298768],[136.1412909624948,36.028665858496346],[136.1412172053625,36.02812133466355],[136.14119693550197,36.028106722567465]]]}},{"type":"Feature","properties":{"pid":"eedb01c6-559f-43eb-af5f-7a589a628573"},"geometry":{"type":"Polygon","coordinates":[[[136.14024711326365,36.02819994412883],[136.14028125387097,36.028639196248584],[136.1409054488532,36.02885375911166],[136.14080155398958,36.02815321383365],[136.14024711326365,36.02819994412883]]]}},{"type":"Feature","properties":{"pid":"3648cf99-8118-49ab-b3d8-86dc3966e115"},"geometry":{"type":"Polygon","coordinates":[[[136.13972524423642,36.02822124330945],[136.13970826669637,36.02823324246492],[136.1397761742054,36.02890656878725],[136.1398757913967,36.02887943239471],[136.14000350422157,36.028876786252134],[136.14007594470246,36.02870716769453],[136.14004415282898,36.02821696324402],[136.13976229306442,36.02823381201164],[136.13972524423642,36.02822124330945]]]}},{"type":"Feature","properties":{"pid":"78759d0f-cdf2-4d1b-971d-f1abfab4f5eb"},"geometry":{"type":"Polygon","coordinates":[[[136.13956085112443,36.02821517397165],[136.13926392387745,36.02823426664541],[136.13932215802495,36.02878539494984],[136.13943056373787,36.028812867100655],[136.13960346517354,36.02892365103904],[136.13966008607122,36.02892444218237],[136.1395919708977,36.02824790896572],[136.13956085112443,36.02821517397165]]]}},{"type":"Feature","properties":{"pid":"e79884e8-ab55-4cb0-a778-ed4c7717c9e4"},"geometry":{"type":"Polygon","coordinates":[[[136.13968304403664,36.02794456964439],[136.13961517785108,36.0278364195025],[136.1392291184387,36.027934010227206],[136.13927162611202,36.02805757712489],[136.13969469754025,36.02802991490142],[136.13968304403664,36.02794456964439]]]}},{"type":"Feature","properties":{"pid":"d8c977a1-f152-4548-b332-5ce69e615c29"},"geometry":{"type":"Polygon","coordinates":[[[136.13910965964567,36.02763098867971],[136.1391427747224,36.027682828193356],[136.13919107122786,36.027831505968095],[136.13955238953898,36.02774415065367],[136.13951575162258,36.027647750432486],[136.13944121867544,36.02755250642405],[136.13910965964567,36.02763098867971]]]}},{"type":"Feature","properties":{"pid":"fd16f885-9fa6-4cc0-a332-9d2306227cd7"},"geometry":{"type":"Polygon","coordinates":[[[136.13935317906314,36.02733442881201],[136.13901223170816,36.02752822170876],[136.1390345595446,36.02754746133922],[136.13941148024085,36.027457916233686],[136.13935317906314,36.02733442881201]]]}},{"type":"Feature","properties":{"pid":"129bdbc4-5adf-467f-93e0-15c24f3bddce"},"geometry":{"type":"Polygon","coordinates":[[[136.1400147940363,36.02745774239646],[136.1399912441382,36.02749018262889],[136.14000914398935,36.02751443588724],[136.1400898292127,36.027477176128905],[136.14013276282208,36.02747957167806],[136.14022259646103,36.02759497107678],[136.14041574970759,36.02752193170283],[136.14030562391855,36.027439783095076],[136.14011992753834,36.02742360598802],[136.1400147940363,36.02745774239646]]]}},{"type":"Feature","properties":{"pid":"3c039d7a-f4e8-4da3-a028-0249d43515c6"},"geometry":{"type":"Polygon","coordinates":[[[136.13888655655518,36.02742056439135],[136.1388947719716,36.0274462118705],[136.1389473035384,36.027446018153476],[136.13929294219588,36.0272461183819],[136.1393046759453,36.02720641602146],[136.13936607130879,36.02717723442242],[136.13930376745031,36.02718329658397],[136.13888655655518,36.02742056439135]]]}},{"type":"Feature","properties":{"pid":"03d49b86-b177-44a1-a934-e9fcf3b881ac"},"geometry":{"type":"Polygon","coordinates":[[[136.13915148130735,36.0282828420554],[136.13911250087472,36.028243595806096],[136.138819678781,36.02826459208338],[136.13886714080598,36.02875734027617],[136.13894908312244,36.028747992404874],[136.13920276509336,36.02876649375912],[136.13915148130735,36.0282828420554]]]}},{"type":"Feature","properties":{"pid":"ab375434-c770-40e1-b7a5-ff93b43276c9"},"geometry":{"type":"Polygon","coordinates":[[[136.1386661908837,36.02826901645264],[136.13837914800743,36.02825998455212],[136.13842992774673,36.02873150797721],[136.13861792967754,36.02879608953492],[136.1387515931889,36.028778122194915],[136.13870398163616,36.0283097896773],[136.1386661908837,36.02826901645264]]]}},{"type":"Feature","properties":{"pid":"dd73c7ed-b654-467a-8ee7-4321fd7ae3db"},"geometry":{"type":"Polygon","coordinates":[[[136.13822408837407,36.028255183336384],[136.13778273694135,36.02823948841517],[136.13786929900692,36.02858429481541],[136.1379198542545,36.02866722473457],[136.13813066898342,36.02871292772606],[136.1383054471232,36.028714032387285],[136.13825633151427,36.02829119186759],[136.13822408837407,36.028255183336384]]]}},{"type":"Feature","properties":{"pid":"6ee106a5-26b0-43ef-aeef-ac4ae9819b86"},"geometry":{"type":"Polygon","coordinates":[[[136.13829749319143,36.02806537894361],[136.13810680435827,36.02789921569768],[136.1378678434643,36.028040666122436],[136.13829749319143,36.02806537894361]]]}},{"type":"Feature","properties":{"pid":"4451745f-75a2-457f-82ad-babf79d580fb"},"geometry":{"type":"Polygon","coordinates":[[[136.1375462983272,36.02827031934894],[136.13750403001,36.02824657349171],[136.137129955809,36.02833018440389],[136.13729301333407,36.02880004053467],[136.13749320402596,36.02881409780239],[136.13772791598564,36.028756170450656],[136.13765678063757,36.02864889345551],[136.1375462983272,36.02827031934894]]]}},{"type":"Feature","properties":{"pid":"11bd5f76-6f4c-4a1d-bba3-786afd27890a"},"geometry":{"type":"Polygon","coordinates":[[[136.1370210863962,36.02838300590569],[136.13699031851095,36.0283593311676],[136.13691855320778,36.02837434092557],[136.13706503884066,36.02880283195513],[136.13717063205644,36.02880169017349],[136.1370210863962,36.02838300590569]]]}},{"type":"Feature","properties":{"pid":"fa3ad749-9aad-43a3-acb2-6f46994748c8"},"geometry":{"type":"Polygon","coordinates":[[[136.13670141971974,36.02842336274688],[136.13683545998836,36.02881906432771],[136.1369461051319,36.02881026828452],[136.13680583353815,36.028398103528126],[136.13670141971974,36.02842336274688]]]}},{"type":"Feature","properties":{"pid":"1457d457-0c0b-40d4-b06e-fe058853a754"},"geometry":{"type":"Polygon","coordinates":[[[136.13642769680175,36.02848703928977],[136.13653168773334,36.02879289217484],[136.13664201350974,36.028767011667064],[136.13653683606418,36.028464709479806],[136.13642769680175,36.02848703928977]]]}},{"type":"Feature","properties":{"pid":"95911b83-b2ec-4edc-87b0-6d09582274ad"},"geometry":{"type":"Polygon","coordinates":[[[136.13641768104046,36.02881963668199],[136.13631260477413,36.02851058647666],[136.13610133961362,36.02855381064098],[136.13611426871964,36.02864494535865],[136.13622547420323,36.02868493711645],[136.13635028986792,36.0288354455409],[136.13641768104046,36.02881963668199]]]}},{"type":"Feature","properties":{"pid":"bb433c9f-a78c-4b0d-8700-5a47714c34a9"},"geometry":{"type":"Polygon","coordinates":[[[136.1361309604308,36.02881570362291],[136.13615622494873,36.02886419459837],[136.13617391980208,36.02898138723292],[136.1362248617103,36.02897863371933],[136.13619849600408,36.028871194789716],[136.1361309604308,36.02881570362291]]]}},{"type":"Feature","properties":{"pid":"79a08e0e-2167-4d47-a413-8f26740e549a"},"geometry":{"type":"Polygon","coordinates":[[[136.13723386794734,36.03250000760131],[136.13725988858593,36.032534340139804],[136.1375047203462,36.032522471192884],[136.137464055462,36.031796707036655],[136.13728657389007,36.03208101039435],[136.13721745933387,36.03216396125188],[136.13723386794734,36.03250000760131]]]}},{"type":"Feature","properties":{"pid":"0539d8e5-832b-4fac-bbe5-f6a8f45ad457"},"geometry":{"type":"Polygon","coordinates":[[[136.13783466926108,36.03251105280009],[136.13779591826614,36.031668649298545],[136.13758335536775,36.03174442492102],[136.13761910121247,36.03251717898342],[136.13783466926108,36.03251105280009]]]}},{"type":"Feature","properties":{"pid":"c7160765-3c7f-4cb1-b216-8a2cb5a68154"},"geometry":{"type":"Polygon","coordinates":[[[136.1379760005143,36.032510681275866],[136.1381689139926,36.03250780301657],[136.13812348824254,36.03160779987395],[136.1380524944349,36.03158996715415],[136.13799581844506,36.031590031428415],[136.13791457193557,36.03162907683671],[136.13795120192253,36.03248468615956],[136.1379760005143,36.032510681275866]]]}},{"type":"Feature","properties":{"pid":"8845e9ae-869f-48c8-813e-abd947fbfe9d"},"geometry":{"type":"Polygon","coordinates":[[[136.13832894636238,36.03249863919574],[136.1384987771285,36.03249161742744],[136.1384620631974,36.031703495830946],[136.13841972053152,36.03168053214209],[136.13840770749513,36.0316200068904],[136.13824668213738,36.0316233768192],[136.13829050988872,36.032475281623],[136.13832894636238,36.03249863919574]]]}},{"type":"Feature","properties":{"pid":"86716472-42cd-4fa1-86ec-3f131a3be8b1"},"geometry":{"type":"Polygon","coordinates":[[[136.13881473398888,36.032485171298624],[136.13882787346915,36.03247013490134],[136.1387898415119,36.03170122482367],[136.1385829295144,36.03170978479677],[136.1386224294781,36.032488717663476],[136.13881473398888,36.032485171298624]]]}},{"type":"Feature","properties":{"pid":"0df6a325-0b51-4dfa-8a65-3ca50376697a"},"geometry":{"type":"Polygon","coordinates":[[[136.13817818774598,36.03274105086796],[136.13796684748186,36.032747429701885],[136.13799867485955,36.03344102769393],[136.13821552372448,36.0334229542504],[136.13817818774598,36.03274105086796]]]}},{"type":"Feature","properties":{"pid":"c3d4cfb6-d635-47d3-82cb-d92a58ee9232"},"geometry":{"type":"Polygon","coordinates":[[[136.13851378323793,36.03273057181043],[136.13830306637786,36.03273900928544],[136.13833706095292,36.03341462411549],[136.13855164305397,36.03340309644943],[136.13851378323793,36.03273057181043]]]}},{"type":"Feature","properties":{"pid":"a1ae6397-358a-404d-a42d-90fed32aac6d"},"geometry":{"type":"Polygon","coordinates":[[[136.13863866829834,36.0327202163095],[136.13867230793986,36.03339421820181],[136.1388776409679,36.03339077101385],[136.13885237957052,36.03271906466225],[136.13863866829834,36.0327202163095]]]}},{"type":"Feature","properties":{"pid":"145c360e-7878-44c8-b922-55acad8f3961"},"geometry":{"type":"Polygon","coordinates":[[[136.13788663986753,36.03345077316347],[136.13784933233993,36.03275009532103],[136.13763785500421,36.032758059094036],[136.13768110454765,36.033459534195764],[136.13788663986753,36.03345077316347]]]}},{"type":"Feature","properties":{"pid":"229c4430-baf6-4523-9faf-5dd234eea7c1"},"geometry":{"type":"Polygon","coordinates":[[[136.1373157997539,36.032765491439186],[136.1373510356743,36.03345826886124],[136.13756396289156,36.03345816667366],[136.13751327528897,36.03275982723871],[136.1373157997539,36.032765491439186]]]}},{"type":"Feature","properties":{"pid":"b547c488-6b9e-4e1c-8ca5-6382750e958b"},"geometry":{"type":"Polygon","coordinates":[[[136.13719447302188,36.032770874820514],[136.1368898233464,36.032781982632606],[136.1369240361197,36.03331595807306],[136.137231374667,36.033453679999774],[136.13719447302188,36.032770874820514]]]}},{"type":"Feature","properties":{"pid":"ebc952a4-8739-4108-98ee-6b009c297220"},"geometry":{"type":"Polygon","coordinates":[[[136.13485133745638,36.03367685689294],[136.1345159602054,36.033439400475736],[136.1341022409159,36.033893265102705],[136.1341453633065,36.03391932285523],[136.13423167502862,36.03393509752862],[136.13453869280087,36.03411639594948],[136.13485133745638,36.03367685689294]]]}},{"type":"Feature","properties":{"pid":"e062c791-29b3-4774-8397-e5c64114015c"},"geometry":{"type":"Polygon","coordinates":[[[136.13354088988171,36.03354171168234],[136.13399206187563,36.033817732973496],[136.13441639570573,36.03336900199387],[136.13404354741957,36.033063169788946],[136.13354088988171,36.03354171168234]]]}},{"type":"Feature","properties":{"pid":"da39e90e-f1a1-4869-8669-f5e86766375c"},"geometry":{"type":"Polygon","coordinates":[[[136.13296116129294,36.03109806682969],[136.13292922456054,36.03112408417138],[136.13300360264165,36.031268950454006],[136.13337486066814,36.03114892068958],[136.1334166388611,36.03109535049416],[136.1334745718239,36.030930960569684],[136.13296116129294,36.03109806682969]]]}},{"type":"Feature","properties":{"pid":"bf8540c5-2902-471a-9ed4-54c4f49460fd"},"geometry":{"type":"Polygon","coordinates":[[[136.13287213502272,36.03100984629841],[136.1328977745972,36.03101270340467],[136.13351355471684,36.03081581825795],[136.1335794966683,36.030655810630414],[136.13357571445826,36.030549195397825],[136.1335466176103,36.03044183943541],[136.13347629366294,36.03029336603204],[136.13264802202403,36.03056754521701],[136.13287213502272,36.03100984629841]]]}},{"type":"Feature","properties":{"pid":"feaba42d-9d33-4fe6-9e2e-6100d7cfb382"},"geometry":{"type":"Polygon","coordinates":[[[136.13124069636734,36.03061647327507],[136.13129610742135,36.030636928066514],[136.13139983322768,36.030807291947035],[136.13138453361202,36.03085184274376],[136.13129232441395,36.03089168893121],[136.13136074057851,36.031017288016066],[136.13238362274043,36.03068036367158],[136.13219713608325,36.030309021628376],[136.13124069636734,36.03061647327507]]]}},{"type":"Feature","properties":{"pid":"d72728dc-39fc-49b5-9183-ccf85749b49b"},"geometry":{"type":"Polygon","coordinates":[[[136.1326609216607,36.031212556318074],[136.1324372699691,36.030781094717234],[136.13139499626638,36.0311244118834],[136.13163266852447,36.03155266885995],[136.1326609216607,36.031212556318074]]]}},{"type":"Feature","properties":{"pid":"13872aa2-b5af-4339-9679-f0cc57a4cd62"},"geometry":{"type":"Polygon","coordinates":[[[136.1328750162729,36.03163648570825],[136.13270909860532,36.031308178691944],[136.13168592976922,36.03164683079101],[136.13183500757395,36.03194693373645],[136.1328750162729,36.03163648570825]]]}},{"type":"Feature","properties":{"pid":"b9f14b45-72ad-4e99-80b5-b777c2a5ba47"},"geometry":{"type":"Polygon","coordinates":[[[136.13280222995252,36.03187553138005],[136.13233395209352,36.032014307891004],[136.13234760923496,36.03205064227294],[136.13233567667444,36.0320785687532],[136.13222501570377,36.03211695034351],[136.132245951976,36.03215355297552],[136.13222957650876,36.032189233934616],[136.13202321592738,36.03226179283607],[136.13206388894395,36.03231730412628],[136.13280222995252,36.03187553138005]]]}},{"type":"Feature","properties":{"pid":"2dec75bb-dd53-4546-a1d0-60f65641c278"},"geometry":{"type":"Polygon","coordinates":[[[136.1330197416586,36.03188284692072],[136.13301284926985,36.03187168844032],[136.13213135708176,36.032400553680674],[136.13215266068,36.03242648626573],[136.1330197416586,36.03188284692072]]]}},{"type":"Feature","properties":{"pid":"67fc9fef-f957-4378-8a02-fc04af4f4d68"},"geometry":{"type":"Polygon","coordinates":[[[136.13330432103947,36.03229671963541],[136.13324666195481,36.032221347422684],[136.13253855773462,36.03271039491708],[136.13262075627398,36.032795941151306],[136.13330432103947,36.03229671963541]]]}},{"type":"Feature","properties":{"pid":"c32106b5-8c94-45d7-bd58-6f06ac6ab79b"},"geometry":{"type":"Polygon","coordinates":[[[136.13278525918412,36.0329544977281],[136.1334253630474,36.03244910624363],[136.1333728234486,36.032377673442134],[136.13269651821108,36.03287640408419],[136.13278525918412,36.0329544977281]]]}},{"type":"Feature","properties":{"pid":"f357d86e-3c62-4d02-b9a7-7a54cf59ddfb"},"geometry":{"type":"Polygon","coordinates":[[[136.13287026176448,36.03302826699986],[136.13327143051245,36.033392693257085],[136.13343947624676,36.03348468701289],[136.133965177879,36.032990166152565],[136.1334990094034,36.032534496950774],[136.13287026176448,36.03302826699986]]]}},{"type":"Feature","properties":{"pid":"ffd0b799-475e-4a93-a38d-693aa21d9185"},"geometry":{"type":"Polygon","coordinates":[[[136.13151695978976,36.03356320371132],[136.13147838922558,36.033479464940896],[136.131229477666,36.03352056155401],[136.13122230802722,36.03368916711959],[136.131364022283,36.03393488470521],[136.13136425024072,36.03400316878396],[136.1313852200543,36.03401507185265],[136.13159750533828,36.033967342460535],[136.13151695978976,36.03356320371132]]]}},{"type":"Feature","properties":{"pid":"c521b4d8-241f-4244-bfb2-21c1b685a40f"},"geometry":{"type":"Polygon","coordinates":[[[136.1323461808199,36.03256945897473],[136.13245233632446,36.0326385765753],[136.13290234158688,36.03232661791256],[136.13282902835212,36.032262898330984],[136.1323461808199,36.03256945897473]]]}},{"type":"Feature","properties":{"pid":"42276548-0079-4371-b981-97c015b18a27"},"geometry":{"type":"Polygon","coordinates":[[[136.13223111196356,36.032498854943846],[136.13224445818955,36.03250722409583],[136.13307950707144,36.03197515571492],[136.13307775690905,36.03197255628481],[136.13223111196356,36.032498854943846]]]}},{"type":"Feature","properties":{"pid":"bccf1864-3073-41c0-a493-ec501fe21012"},"geometry":{"type":"Polygon","coordinates":[[[136.1308382936415,36.032214925333896],[136.1310186981704,36.03258158913269],[136.13108242962136,36.03257708589725],[136.1311214750943,36.032593054749285],[136.1318353218798,36.03243259070533],[136.131662787497,36.03214610782433],[136.1308382936415,36.032214925333896]]]}},{"type":"Feature","properties":{"pid":"f761837f-3f99-4e10-9215-1531061a1630"},"geometry":{"type":"Polygon","coordinates":[[[136.13090885875965,36.032619794114865],[136.13071422115317,36.032233327362846],[136.13050267845344,36.032258401398096],[136.13067544638093,36.032596879379305],[136.1307095953705,36.032625907645695],[136.13090885875965,36.032619794114865]]]}},{"type":"Feature","properties":{"pid":"944ed987-6137-4f72-b57c-eeba7392218d"},"geometry":{"type":"Polygon","coordinates":[[[136.13040361859333,36.03266630468992],[136.13023294664308,36.03231599224782],[136.13017726108347,36.03232775611934],[136.13036209357753,36.032683940659616],[136.13040361859333,36.03266630468992]]]}},{"type":"Feature","properties":{"pid":"608c0e3f-7d0d-464e-8904-4202cd58983c"},"geometry":{"type":"Polygon","coordinates":[[[136.13055539816645,36.0326282539412],[136.13038213872656,36.032283023641305],[136.13035175997132,36.032290189932134],[136.13052936807554,36.032634566627515],[136.13055539816645,36.0326282539412]]]}},{"type":"Feature","properties":{"pid":"fd9b507f-6c6c-4738-bec3-88d0b0af8d93"},"geometry":{"type":"Polygon","coordinates":[[[136.13115172953957,36.03321856498687],[136.13148033913,36.03314399288399],[136.1314650612653,36.03308418488211],[136.13148524015702,36.03298706782235],[136.13158497051595,36.0328848516722],[136.13159914823683,36.03281589272676],[136.1310108102366,36.032962589183306],[136.13101809621637,36.033019802902565],[136.13106116013805,36.033039993478205],[136.13112247059186,36.03309957290941],[136.13115172953957,36.03321856498687]]]}},{"type":"Feature","properties":{"pid":"0471b163-9b21-4a6a-9090-a4ed1d6562e4"},"geometry":{"type":"Polygon","coordinates":[[[136.12947591562605,36.033482428045275],[136.12911244533097,36.03340822325397],[136.12899835171052,36.033665155228455],[136.1290002583937,36.03368722016681],[136.12947004901287,36.03376470182868],[136.12944961651127,36.03363006806741],[136.12947591562605,36.033482428045275]]]}},{"type":"Feature","properties":{"pid":"d0adfef4-55af-44e2-8b57-c211efcf9e2e"},"geometry":{"type":"Polygon","coordinates":[[[136.1294599659393,36.03387719440495],[136.12898410665906,36.03380713347912],[136.1289701663512,36.03409055200366],[136.1292465181735,36.03413477945365],[136.12940119258428,36.03391209356474],[136.1294599659393,36.03387719440495]]]}},{"type":"Feature","properties":{"pid":"e6f931e7-403c-4375-8c60-6dd66a94840e"},"geometry":{"type":"Polygon","coordinates":[[[136.1295229067474,36.03338790360454],[136.1296035772659,36.03316765272102],[136.1297978909906,36.03291033329964],[136.1295318425057,36.03272512097987],[136.12943215206607,36.0328360759706],[136.12930916021517,36.033064787594675],[136.12914829770477,36.03317811792391],[136.12911111588593,36.03329836772942],[136.1295229067474,36.03338790360454]]]}},{"type":"Feature","properties":{"pid":"a7f19373-5a86-454c-aca3-cc5a1bd619a7"},"geometry":{"type":"Polygon","coordinates":[[[136.13024786410918,36.032726446550605],[136.13005852340035,36.03235560175009],[136.12971901340137,36.032445818846234],[136.12976355678018,36.03258095518782],[136.12988346993592,36.03271503268998],[136.1300250481213,36.03276736414941],[136.13012237858538,36.03276051315822],[136.13024786410918,36.032726446550605]]]}},{"type":"Feature","properties":{"pid":"d1f3fb4d-311e-4b7c-8e80-c60121726e24"},"geometry":{"type":"Polygon","coordinates":[[[136.12934935072929,36.03212136032276],[136.12932607164643,36.032286063833915],[136.12943611553345,36.0323546798235],[136.12934935072929,36.03212136032276]]]}},{"type":"Feature","properties":{"pid":"c71312ca-76a3-48f1-b43d-c6a1beb21e90"},"geometry":{"type":"Polygon","coordinates":[[[136.12952003807882,36.03188672756662],[136.12984621777616,36.03180536622103],[136.12968410966505,36.031635556619726],[136.1295084987904,36.03155126288584],[136.129402392703,36.03163907238204],[136.12952003807882,36.03188672756662]]]}},{"type":"Feature","properties":{"pid":"e7058abf-9419-4b8d-8c34-ca6395b7af49"},"geometry":{"type":"Polygon","coordinates":[[[136.1302090612818,36.03184233854088],[136.1295762572396,36.03202843939293],[136.12967285967656,36.03228952124338],[136.13036111435514,36.03212902097554],[136.1302090612818,36.03184233854088]]]}},{"type":"Feature","properties":{"pid":"d3e9b199-c87d-4571-8051-25a742792a32"},"geometry":{"type":"Polygon","coordinates":[[[136.1309074030095,36.03206730360534],[136.13063052719156,36.03153899430053],[136.13049852284914,36.031701103934665],[136.1304287570852,36.03175744248374],[136.1303310889435,36.03179825043661],[136.13048232339426,36.03210551182204],[136.1309074030095,36.03206730360534]]]}},{"type":"Feature","properties":{"pid":"a5c83f07-91e7-4275-bb2b-88c5d9bbce14"},"geometry":{"type":"Polygon","coordinates":[[[136.13161207284284,36.031993635100555],[136.13126380659972,36.031317133050756],[136.1308550511102,36.03144551752412],[136.13074469645883,36.031494061300535],[136.1310446729931,36.03205689221481],[136.13161207284284,36.031993635100555]]]}},{"type":"Feature","properties":{"pid":"f7689c38-9555-4dd9-bcdc-c297daf079d0"},"geometry":{"type":"Polygon","coordinates":[[[136.1303410097084,36.029546067282034],[136.13002175337087,36.02887004986223],[136.1293397624852,36.029113447905424],[136.12931973364698,36.02916716155342],[136.12933913810497,36.02925659225662],[136.1294505299028,36.02922766202521],[136.12950306553276,36.02924707867624],[136.1297611982159,36.02974353989864],[136.1303410097084,36.029546067282034]]]}},{"type":"Feature","properties":{"pid":"434bbc44-d135-4cce-b19d-4ef652741384"},"geometry":{"type":"Polygon","coordinates":[[[136.13058193571987,36.02954032814979],[136.1306137833884,36.02955445423955],[136.1306447506709,36.029595267288],[136.1316442221471,36.029274407572814],[136.13166157182576,36.02923599519246],[136.1314265853663,36.02880859419456],[136.13038495144664,36.02915399264704],[136.13058193571987,36.02954032814979]]]}},{"type":"Feature","properties":{"pid":"d412833a-984c-46ab-8df7-dbb907abaae0"},"geometry":{"type":"Polygon","coordinates":[[[136.1306967907135,36.029762719743786],[136.13082817678475,36.030016738665616],[136.13088823428475,36.02999845992151],[136.130924475615,36.03000570561494],[136.13098205896932,36.030097291903786],[136.13136550332462,36.029970840913],[136.13117746010613,36.02960132892499],[136.1306967907135,36.029762719743786]]]}},{"type":"Feature","properties":{"pid":"a281ab36-1167-4b11-b685-ed8d3ef951fc"},"geometry":{"type":"Polygon","coordinates":[[[136.13068337154206,36.03016392636826],[136.1305053986254,36.029826289220345],[136.13029432265577,36.0299020007974],[136.1304257859414,36.03020582392576],[136.13068337154206,36.03016392636826]]]}},{"type":"Feature","properties":{"pid":"a01c270f-0cde-4811-9154-faae558ef4b3"},"geometry":{"type":"Polygon","coordinates":[[[136.13214784835682,36.03021475954939],[136.13199033970662,36.02991664697058],[136.13095758461867,36.0302674057042],[136.13110423337426,36.03055509722992],[136.13214784835682,36.03021475954939]]]}},{"type":"Feature","properties":{"pid":"ea0b2490-bbd6-416b-81df-71a7517e65a0"},"geometry":{"type":"Polygon","coordinates":[[[136.13177157216109,36.02941157677009],[136.13154227342105,36.029476059140286],[136.13174718840372,36.029862132374625],[136.13196439580736,36.02979128337846],[136.13177157216109,36.02941157677009]]]}},{"type":"Feature","properties":{"pid":"ca7ae354-626e-4e51-9203-65311cf09d04"},"geometry":{"type":"Polygon","coordinates":[[[136.13257083318706,36.03043258710593],[136.13260895013372,36.03043794299372],[136.1326333937943,36.030461258023536],[136.13342144725922,36.030198311684096],[136.13302285166645,36.02943798895772],[136.13222181696702,36.02971210116029],[136.13257083318706,36.03043258710593]]]}},{"type":"Feature","properties":{"pid":"6bedf09d-2d5c-4583-96c5-2044e4ab16be"},"geometry":{"type":"Polygon","coordinates":[[[136.1327202001144,36.02888375669004],[136.13265634368,36.02856486631897],[136.13176898265752,36.02885729877278],[136.13191874581025,36.029146889966015],[136.13197965281807,36.02916391095019],[136.1327202001144,36.02888375669004]]]}},{"type":"Feature","properties":{"pid":"c440705b-53d1-41be-ab96-6eae289fbf8b"},"geometry":{"type":"Polygon","coordinates":[[[136.1329814694632,36.02934311271011],[136.13283031662905,36.029077460439176],[136.1323639480754,36.029209108402085],[136.13203408264238,36.02932127030927],[136.13201931879834,36.02934850013197],[136.13216418078844,36.02961512210992],[136.1321772468908,36.029615107599454],[136.1329814694632,36.02934311271011]]]}},{"type":"Feature","properties":{"pid":"e3040bca-e047-422c-97cf-a34edecdc11a"},"geometry":{"type":"Polygon","coordinates":[[[136.13123019187614,36.027832958635116],[136.1316007780778,36.02849893505225],[136.13260015248576,36.028172012033046],[136.1325815523178,36.0279693649171],[136.13252422064147,36.027803681283906],[136.13240170910703,36.02759634776956],[136.13228775573566,36.02747344897839],[136.13123019187614,36.027832958635116]]]}},{"type":"Feature","properties":{"pid":"ce284480-2e0c-494b-a5a6-d46febd4a2c8"},"geometry":{"type":"Polygon","coordinates":[[[136.13165281487917,36.02858674116797],[136.1317352067434,36.02875195741269],[136.1317607009179,36.02875660437726],[136.1326380888741,36.02846294304887],[136.13261152312975,36.02826689308861],[136.13165281487917,36.02858674116797]]]}},{"type":"Feature","properties":{"pid":"2df4dc56-9350-42b6-828a-2b6cae7c564a"},"geometry":{"type":"Polygon","coordinates":[[[136.13220391021815,36.027387837325634],[136.1317172158167,36.02689334232852],[136.13076131511116,36.02721240714556],[136.1311725674902,36.02773841324662],[136.13220391021815,36.027387837325634]]]}},{"type":"Feature","properties":{"pid":"80903c9e-ba69-4603-b8fd-2aa274178706"},"geometry":{"type":"Polygon","coordinates":[[[136.13138321048606,36.028703850505885],[136.1311763854895,36.02828015665128],[136.13099683617645,36.02797749563163],[136.12996497139414,36.028326807298406],[136.13033174809578,36.02905540317822],[136.13138321048606,36.028703850505885]]]}},{"type":"Feature","properties":{"pid":"3eda3e0e-2375-4959-864b-576e0a48b2f5"},"geometry":{"type":"Polygon","coordinates":[[[136.12881429844413,36.0269885519545],[136.1292109182745,36.02727669008275],[136.1301289205301,36.026957446353926],[136.12988697625343,36.02671751610363],[136.12979513568385,36.02664843271281],[136.12881429844413,36.0269885519545]]]}},{"type":"Feature","properties":{"pid":"514ae5d9-fe60-46c2-9caf-f87fa74a0e0f"},"geometry":{"type":"Polygon","coordinates":[[[136.1288608994268,36.0257796286747],[136.12920536136122,36.02596982054285],[136.1292515440765,36.02596284305593],[136.12930305072575,36.02598677574312],[136.12932337346197,36.02604052947986],[136.12960858807045,36.026216963643066],[136.12965257515103,36.026207826718974],[136.12971279005134,36.026235071431444],[136.12973372095408,36.02626622949162],[136.1297229608949,36.026300410344504],[136.12991868169527,36.026441829364764],[136.13065597495017,36.02618938156604],[136.12897019721282,36.02562928154287],[136.1288608994268,36.0257796286747]]]}},{"type":"Feature","properties":{"pid":"2f9aa503-fd78-4316-8da0-003b5b5f59e3"},"geometry":{"type":"Polygon","coordinates":[[[136.1312136821346,36.02645511420507],[136.1310767033,36.02638911072547],[136.13023433027763,36.02667616182076],[136.13044779650718,36.02687460791937],[136.13053151870514,36.0268906399016],[136.1305565190671,36.02693653486341],[136.13053758070615,36.02697244284738],[136.13068942183696,36.02712861231294],[136.1316245633338,36.0268208114282],[136.131442053327,36.02663564322515],[136.1312136821346,36.02645511420507]]]}},{"type":"Feature","properties":{"pid":"b0e888a7-db81-4f16-a17b-256bdaff1c14"},"geometry":{"type":"Polygon","coordinates":[[[136.1318389406671,36.02601051124543],[136.13172642212876,36.025997261656364],[136.13160313268227,36.02612917155125],[136.1322411012703,36.0267162928876],[136.1325960335327,36.02635280309148],[136.1325828634595,36.02633480572931],[136.1318389406671,36.02601051124543]]]}},{"type":"Feature","properties":{"pid":"a0248cfa-6e18-4234-9864-dfe9deb38522"},"geometry":{"type":"Polygon","coordinates":[[[136.12683002253652,36.02446414911411],[136.12665229949076,36.024660193389934],[136.1273852752833,36.02504381795892],[136.12753329552828,36.024872891446634],[136.12698547053006,36.02452367773132],[136.12683002253652,36.02446414911411]]]}},{"type":"Feature","properties":{"pid":"cd128e57-456c-40e5-a47e-64b0a53f8d7e"},"geometry":{"type":"Polygon","coordinates":[[[136.12648714352423,36.024346956366124],[136.12605588805025,36.02412430427357],[136.1259907792567,36.024173749194446],[136.12626786904735,36.02441452720641],[136.12655304140247,36.024598946726165],[136.1267094796134,36.024422583213195],[136.12648714352423,36.024346956366124]]]}},{"type":"Feature","properties":{"pid":"390ec92f-db02-4380-96ad-f77cc234616e"},"geometry":{"type":"Polygon","coordinates":[[[136.12884495102986,36.025590214088346],[136.12859005784097,36.025496295401574],[136.12852101674434,36.02561034113916],[136.12873831809338,36.02572959013776],[136.12884495102986,36.025590214088346]]]}},{"type":"Feature","properties":{"pid":"51e923dd-d37e-4074-81e2-919168673028"},"geometry":{"type":"Polygon","coordinates":[[[136.12804775184327,36.02565986133438],[136.12805819204294,36.0256904467305],[136.12827037343158,36.02589840674649],[136.12841705352275,36.025839746717914],[136.12804775184327,36.02565986133438]]]}},{"type":"Feature","properties":{"pid":"7fcfc491-036e-439a-8db4-646a069ede17"},"geometry":{"type":"Polygon","coordinates":[[[136.12780897927422,36.025264715751845],[136.12839978907783,36.02555362253782],[136.1284798562539,36.02544591016215],[136.12827489772076,36.025350575107424],[136.12764737524597,36.024958973552295],[136.12751513530716,36.02511498534415],[136.1276842741641,36.02519501782072],[136.12775045460924,36.02519225271848],[136.1278028306234,36.025224697082294],[136.12780897927422,36.025264715751845]]]}},{"type":"Feature","properties":{"pid":"916f6748-8609-4809-b368-c5ef279688b3"},"geometry":{"type":"Polygon","coordinates":[[[136.12776503602237,36.0255153906236],[136.1272761527487,36.02526290472965],[136.12717614034779,36.02532087531039],[136.12747169689067,36.025619008260485],[136.12776503602237,36.0255153906236]]]}},{"type":"Feature","properties":{"pid":"231dd561-a6a7-4bfc-9bc2-ce17610b7f97"},"geometry":{"type":"Polygon","coordinates":[[[136.1289303508205,36.026084200776026],[136.12857133159184,36.025908706458026],[136.128254561642,36.02601846755974],[136.12797986324614,36.026147195863075],[136.12856912053593,36.02674922206752],[136.12883643414256,36.02666164202715],[136.12887499014573,36.02668292185207],[136.12892245830983,36.026786812534624],[136.12961080572848,36.02654385989972],[136.1289303508205,36.026084200776026]]]}}]}