{"type":"FeatureCollection","features":[{"type":"Feature","properties":{"pid":"dc5ae012-df32-45c8-b2d1-e6200a090229"},"geometry":{"type":"Polygon","coordinates":[[[135.82451749153094,35.48928440875434],[135.8250856432792,35.488977734141066],[135.82531349021167,35.48882421520667],[135.82476504222458,35.48817150889893],[135.82457034863182,35.48825612581847],[135.82414863785354,35.48848302681261],[135.8239506740662,35.48860733528751],[135.82451749153094,35.48928440875434]]]}},{"type":"Feature","properties":{"pid":"88ba3086-3523-4874-873b-83055b094f5d"},"geometry":{"type":"Polygon","coordinates":[[[135.8242935568229,35.48941843682512],[135.82372288492775,35.488718507817744],[135.82328862811826,35.488947071759824],[135.82386841865676,35.48965198700246],[135.8242935568229,35.48941843682512]]]}},{"type":"Feature","properties":{"pid":"f0221646-8b26-401d-acdf-6593fcd370d5"},"geometry":{"type":"Polygon","coordinates":[[[135.82432537862385,35.49058593727968],[135.82496308407082,35.49022392291186],[135.82443105415888,35.48957179235947],[135.82377459336536,35.48994651208253],[135.82432537862385,35.49058593727968]]]}},{"type":"Feature","properties":{"pid":"5bcd4575-b245-45d3-818b-a9c51489e309"},"geometry":{"type":"Polygon","coordinates":[[[135.82314685248033,35.49005469689037],[135.82376764723568,35.489711537269805],[135.82318186087022,35.48900243769843],[135.8229282950424,35.48914002605204],[135.8229750575085,35.48921597732401],[135.82302742399955,35.48938256000973],[135.82314685248033,35.49005469689037]]]}},{"type":"Feature","properties":{"pid":"ab2f28a3-01b5-443c-81a0-a905b13bfe3d"},"geometry":{"type":"Polygon","coordinates":[[[135.82284585478865,35.48901725734088],[135.82360207002506,35.48859513268462],[135.8230231185037,35.48789041008592],[135.82227986693212,35.48831804244303],[135.82284585478865,35.48901725734088]]]}},{"type":"Feature","properties":{"pid":"30ef1bea-f3c2-40c8-8345-52621fd72a7a"},"geometry":{"type":"Polygon","coordinates":[[[135.8238363392662,35.48847257423606],[135.82462525934122,35.48799784408324],[135.8240738623601,35.48732150993775],[135.82325167112933,35.48777418139505],[135.8238363392662,35.48847257423606]]]}},{"type":"Feature","properties":{"pid":"ace9fd07-09ec-47fc-af77-78fe926f5302"},"geometry":{"type":"Polygon","coordinates":[[[135.82340882227766,35.487462662596364],[135.82394786890217,35.48716198315836],[135.82322212795788,35.48629008013603],[135.82237542528813,35.486747061492956],[135.82264537335965,35.48706369010438],[135.82289063410522,35.48692387139515],[135.82295177774785,35.486927817689335],[135.82340882227766,35.487462662596364]]]}},{"type":"Feature","properties":{"pid":"9ae59acb-0e60-433f-9c6e-69678a282deb"},"geometry":{"type":"Polygon","coordinates":[[[135.82214680196756,35.48811800972135],[135.82288105200894,35.487733317166125],[135.82216677668902,35.48686035469908],[135.82144309290103,35.487258814066635],[135.82214680196756,35.48811800972135]]]}},{"type":"Feature","properties":{"pid":"e8285bf5-5f4a-4108-b37e-81cad70bd7d3"},"geometry":{"type":"Polygon","coordinates":[[[135.82230409515094,35.48661649736248],[135.82401709350668,35.48566126411941],[135.82328859165753,35.48477427623132],[135.82156834046833,35.48573095865398],[135.82230409515094,35.48661649736248]]]}},{"type":"Feature","properties":{"pid":"1088a436-74fc-4c19-a673-a43627a8f3ba"},"geometry":{"type":"Polygon","coordinates":[[[135.8241884724089,35.48557457186024],[135.8248288928976,35.485208570442175],[135.82410406817758,35.48434191346287],[135.82346588824925,35.48470148639905],[135.8241884724089,35.48557457186024]]]}},{"type":"Feature","properties":{"pid":"ef03c4ba-177e-48d4-b677-41e89d5803ec"},"geometry":{"type":"Polygon","coordinates":[[[135.8240657522414,35.48710625928643],[135.82484374797767,35.48666551622961],[135.82413336529106,35.48578683713992],[135.82333425534634,35.48622229165796],[135.8240657522414,35.48710625928643]]]}},{"type":"Feature","properties":{"pid":"e584c5a7-b4a5-41e3-b6bf-83352f3dd53d"},"geometry":{"type":"Polygon","coordinates":[[[135.82501874842046,35.486584398087054],[135.82566166311133,35.48621801183965],[135.8249431030607,35.485348294086215],[135.82430257093432,35.48570981768629],[135.82501874842046,35.486584398087054]]]}},{"type":"Feature","properties":{"pid":"384b9169-0ecc-4796-9e42-d77c08059a14"},"geometry":{"type":"Polygon","coordinates":[[[135.8247869642478,35.48794099585999],[135.82541817525254,35.48759834809776],[135.82553190123826,35.48752232475103],[135.82497600138933,35.4868313978319],[135.8242190429294,35.487261207122934],[135.8247869642478,35.48794099585999]]]}},{"type":"Feature","properties":{"pid":"1e92620b-7769-47bd-a623-7c6751ce856e"},"geometry":{"type":"Polygon","coordinates":[[[135.82493883341274,35.48515136409605],[135.82544966484264,35.48486979721885],[135.8256225381912,35.484757510820955],[135.82523295216112,35.48426941444185],[135.82486057754988,35.48392491775309],[135.82421200479226,35.48427764912891],[135.82493883341274,35.48515136409605]]]}},{"type":"Feature","properties":{"pid":"47956630-9dd6-4258-a0b5-cbffd4161612"},"geometry":{"type":"Polygon","coordinates":[[[135.82445511837523,35.483093061940096],[135.82476257682723,35.48342608483497],[135.82484386243564,35.48337846829001],[135.8248249364526,35.48331831816189],[135.82469551699873,35.483181060619636],[135.82445511837523,35.483093061940096]]]}},{"type":"Feature","properties":{"pid":"e8e42185-ed15-4151-82f6-2ac0248c48bf"},"geometry":{"type":"Polygon","coordinates":[[[135.82430184580915,35.48401964288961],[135.82470176897598,35.483795136417946],[135.82394171472396,35.48304374068157],[135.8236047818541,35.483186727837605],[135.82430184580915,35.48401964288961]]]}},{"type":"Feature","properties":{"pid":"ba86a5b7-b6f1-406d-829c-91a1c49d4a0f"},"geometry":{"type":"Polygon","coordinates":[[[135.82337379808752,35.484545369219575],[135.82418030682047,35.48408667015878],[135.82348776282498,35.48324429111145],[135.8226678708776,35.48370175081052],[135.82337379808752,35.484545369219575]]]}},{"type":"Feature","properties":{"pid":"7200edcc-e1c4-40c5-b633-232876dc8223"},"geometry":{"type":"Polygon","coordinates":[[[135.82147075308947,35.48559563687491],[135.8231899075831,35.48464021639806],[135.82249674394626,35.48379726875603],[135.8207650732163,35.48475056265883],[135.82147075308947,35.48559563687491]]]}},{"type":"Feature","properties":{"pid":"8c3ab298-1261-4729-933a-6e9f67c2b48a"},"geometry":{"type":"Polygon","coordinates":[[[135.82250360271092,35.48348426251897],[135.82343295701486,35.48297415650032],[135.8237267992794,35.482760300023045],[135.8236968761449,35.48268540924884],[135.82360201793165,35.48255664888156],[135.8231772682177,35.48202621932094],[135.82188535111854,35.482742835917165],[135.82250360271092,35.48348426251897]]]}},{"type":"Feature","properties":{"pid":"0701b92e-1636-4766-a3d0-58bd7f4bd41f"},"geometry":{"type":"Polygon","coordinates":[[[135.8236592452412,35.4823094780492],[135.82373419214426,35.481626660090086],[135.82372022034667,35.481278534341335],[135.8230817892813,35.48163325708125],[135.8236592452412,35.4823094780492]]]}},{"type":"Feature","properties":{"pid":"faf021d5-57a8-4e51-a8c5-f23030c28306"},"geometry":{"type":"Polygon","coordinates":[[[135.82177490735208,35.48262294414513],[135.82308265435256,35.48190877731579],[135.82242382272597,35.4811191664682],[135.82112393018667,35.48183620555919],[135.82177490735208,35.48262294414513]]]}},{"type":"Feature","properties":{"pid":"0522d68d-6805-409e-89aa-525f8439cd0a"},"geometry":{"type":"Polygon","coordinates":[[[135.82197404793763,35.481163580398444],[135.82215675645824,35.481063954579476],[135.82194584091505,35.480807278262894],[135.82177270911805,35.480918770071014],[135.82197404793763,35.481163580398444]]]}},{"type":"Feature","properties":{"pid":"a7c415c3-c024-428e-bb30-8664929437be"},"geometry":{"type":"Polygon","coordinates":[[[135.82296676115507,35.48151454979104],[135.82371476719615,35.4810908639704],[135.82362072053436,35.480782034647326],[135.82350143391346,35.48054568479981],[135.82258378174816,35.481034460763766],[135.82296676115507,35.48151454979104]]]}},{"type":"Feature","properties":{"pid":"edab1935-1dda-4edd-ba63-7f5718804236"},"geometry":{"type":"Polygon","coordinates":[[[135.82283074506427,35.4806967427639],[135.82310217439382,35.480547311041626],[135.82283208675568,35.48022434465068],[135.82257138416182,35.48037222969713],[135.82283074506427,35.4806967427639]]]}},{"type":"Feature","properties":{"pid":"dac6192b-f098-4b9e-97fb-4fe474f95868"},"geometry":{"type":"Polygon","coordinates":[[[135.8226629989499,35.48078640548129],[135.82273008449516,35.480751546254595],[135.82247630976514,35.48043714088269],[135.82240541167099,35.48048575465026],[135.8226629989499,35.48078640548129]]]}},{"type":"Feature","properties":{"pid":"0abaa233-a73e-400e-b817-d95267a5bf26"},"geometry":{"type":"Polygon","coordinates":[[[135.8224880822419,35.480880567135515],[135.82256525982595,35.48083945301086],[135.82231453122148,35.480546566063964],[135.82224826695088,35.48058895331592],[135.8224880822419,35.480880567135515]]]}},{"type":"Feature","properties":{"pid":"a907536c-34dc-4426-810f-79724b675c91"},"geometry":{"type":"Polygon","coordinates":[[[135.8221263464872,35.480687205537606],[135.8220429434201,35.48074342006456],[135.82225881249647,35.481008264071626],[135.82235417553008,35.48095777940727],[135.8221263464872,35.480687205537606]]]}},{"type":"Feature","properties":{"pid":"e3c93743-98b4-416c-b602-49d496249c19"},"geometry":{"type":"Polygon","coordinates":[[[135.82212361552303,35.479422129545426],[135.8218444954171,35.47953140587652],[135.82227651564526,35.480291211245365],[135.82252790709845,35.48013841508953],[135.82212361552303,35.479422129545426]]]}},{"type":"Feature","properties":{"pid":"d997e3bd-7817-41ce-9bd0-84f423ddc21e"},"geometry":{"type":"Polygon","coordinates":[[[135.82262389877786,35.48007894747725],[135.82287133954873,35.47995854284395],[135.82247722527651,35.47927982585601],[135.82223091823306,35.479376630963834],[135.82262389877786,35.48007894747725]]]}},{"type":"Feature","properties":{"pid":"6eec9a4d-2418-4f86-9d31-cc651babd24e"},"geometry":{"type":"Polygon","coordinates":[[[135.82320195820628,35.48048978601846],[135.82341165355857,35.480372408038505],[135.82317072853087,35.48005370350834],[135.8229399518166,35.48017086071908],[135.82320195820628,35.48048978601846]]]}},{"type":"Feature","properties":{"pid":"3e382dc6-06e2-41ce-ada7-39abc915a330"},"geometry":{"type":"Polygon","coordinates":[[[135.82375845540187,35.47839041154764],[135.8239710085626,35.47827445250318],[135.8237986846475,35.47797801476846],[135.82352598691483,35.477973213727275],[135.82375845540187,35.47839041154764]]]}},{"type":"Feature","properties":{"pid":"024ccc41-4cb6-4010-ac76-98f76676f8a7"},"geometry":{"type":"Polygon","coordinates":[[[135.82338221341075,35.47797421470519],[135.82327407482884,35.47800057560769],[135.82356581261286,35.478507804323314],[135.82365534138543,35.47845475674612],[135.82338221341075,35.47797421470519]]]}},{"type":"Feature","properties":{"pid":"ce8d30a0-6b0c-4705-8658-d626690c8e8b"},"geometry":{"type":"Polygon","coordinates":[[[135.82304601518982,35.47785192195147],[135.82294357299068,35.47789319183299],[135.82336569971818,35.478619186148904],[135.82346337208432,35.478566077383775],[135.82304601518982,35.47785192195147]]]}},{"type":"Feature","properties":{"pid":"a27b0e03-40aa-4cf2-9783-78262f74873e"},"geometry":{"type":"Polygon","coordinates":[[[135.82197980311318,35.47902314293121],[135.8221150940848,35.47925793545112],[135.82228312343184,35.47919227458035],[135.8220265132223,35.47874967344573],[135.8219161194067,35.478841803459886],[135.821996668021,35.47897777054537],[135.82197980311318,35.47902314293121]]]}},{"type":"Feature","properties":{"pid":"25932208-e7a1-4a13-ae75-729eed1becf6"},"geometry":{"type":"Polygon","coordinates":[[[135.82223117735379,35.47865881473585],[135.8224904576086,35.47911163686514],[135.82264474459063,35.47905179478333],[135.82236166232252,35.478565911369415],[135.82223117735379,35.47865881473585]]]}},{"type":"Feature","properties":{"pid":"169d693c-fd0a-4b71-8d24-89268065ed1e"},"geometry":{"type":"Polygon","coordinates":[[[135.82246982168104,35.4782386948626],[135.82240630776033,35.47830941582917],[135.82277914718105,35.47894787447484],[135.82285340054008,35.47889921973885],[135.82246982168104,35.4782386948626]]]}},{"type":"Feature","properties":{"pid":"163e8188-733d-41a5-bec1-7d54ff5950d8"},"geometry":{"type":"Polygon","coordinates":[[[135.82273883254533,35.47804688293441],[135.8231378215103,35.478730081642524],[135.82325290923828,35.47867113877232],[135.8228665150183,35.4779942632573],[135.82273883254533,35.47804688293441]]]}},{"type":"Feature","properties":{"pid":"64988973-160d-428a-a57e-1737e86c9c33"},"geometry":{"type":"Polygon","coordinates":[[[135.82222748208252,35.4776695406401],[135.82203329440395,35.477733577462125],[135.82213974263303,35.47799208906777],[135.822302039066,35.477935821891606],[135.82222748208252,35.4776695406401]]]}},{"type":"Feature","properties":{"pid":"0d6c897e-078f-49bf-8f21-2d7c687a82c7"},"geometry":{"type":"Polygon","coordinates":[[[135.82278616109187,35.477314838420156],[135.82288209904414,35.47727324113316],[135.82295594619964,35.47724290491133],[135.82294081233445,35.47721505577664],[135.82277865048923,35.47728032741976],[135.82278616109187,35.477314838420156]]]}},{"type":"Feature","properties":{"pid":"185dc876-641a-4e0d-88be-40aefa99ab0e"},"geometry":{"type":"Polygon","coordinates":[[[135.824542862318,35.477561963693546],[135.82454040287934,35.477414539824586],[135.82448431149766,35.47720066370873],[135.824056685689,35.47729807169641],[135.8241207109676,35.47747130507438],[135.82425211976357,35.47757829212491],[135.824542862318,35.477561963693546]]]}},{"type":"Feature","properties":{"pid":"81264c04-cc70-434b-beb2-687829e00c66"},"geometry":{"type":"Polygon","coordinates":[[[135.82364081481057,35.47706896640419],[135.8237388387666,35.47700496210644],[135.8236724546713,35.476829010599424],[135.82356934579065,35.476854295768746],[135.82364081481057,35.47706896640419]]]}},{"type":"Feature","properties":{"pid":"8d9533ca-36a3-4e62-90ae-c3039ca67317"},"geometry":{"type":"Polygon","coordinates":[[[135.8233866400787,35.47737561774629],[135.8232030520848,35.47725973639316],[135.82311826468444,35.477294400670445],[135.82314092796258,35.47734426559111],[135.82337255042614,35.477386306410885],[135.8233866400787,35.47737561774629]]]}},{"type":"Feature","properties":{"pid":"c6d6ad40-4f1f-4e23-a345-a37e09f95d9e"},"geometry":{"type":"Polygon","coordinates":[[[135.8230599452915,35.476976647108785],[135.82322329633723,35.477120144148714],[135.8232990735732,35.47709899086112],[135.82335131998508,35.47712110756813],[135.82345797145416,35.47724579428593],[135.82355252131535,35.477187551473754],[135.82344988065628,35.47688353090532],[135.8230599452915,35.476976647108785]]]}},{"type":"Feature","properties":{"pid":"aa99b6a9-9978-48d9-819d-9e2f8faed30b"},"geometry":{"type":"Polygon","coordinates":[[[135.82279057192636,35.476895613471534],[135.82365857323575,35.476688073125814],[135.823681633401,35.476671150931416],[135.82358733938185,35.4764344715384],[135.8227038234094,35.4766494040744],[135.82279057192636,35.476895613471534]]]}},{"type":"Feature","properties":{"pid":"943c13e1-43b7-4887-9f56-d504284ca474"},"geometry":{"type":"Polygon","coordinates":[[[135.8237425626261,35.47642142252016],[135.8240106854489,35.47716537123462],[135.82416876508475,35.47712658284717],[135.82389297277777,35.47638724611522],[135.8237425626261,35.47642142252016]]]}},{"type":"Feature","properties":{"pid":"2e43850d-3a6a-4c21-b775-56594fd7212a"},"geometry":{"type":"Polygon","coordinates":[[[135.8244259557153,35.476963788549426],[135.82419070618312,35.476311717976316],[135.8240131180366,35.476359392147096],[135.82428570397508,35.47709404192042],[135.82437241003595,35.477073229339],[135.8243576054479,35.47699759467967],[135.8244259557153,35.476963788549426]]]}},{"type":"Feature","properties":{"pid":"c983db9a-8bc2-4fe4-8a5f-8e512d180b20"},"geometry":{"type":"Polygon","coordinates":[[[135.82175401980246,35.47561715336874],[135.82203596562064,35.47639603287518],[135.82224607990997,35.47634472351108],[135.82196274047558,35.475567565315124],[135.82175401980246,35.47561715336874]]]}},{"type":"Feature","properties":{"pid":"472caf43-a76a-4255-b19d-285b2b0c398d"},"geometry":{"type":"Polygon","coordinates":[[[135.82214462960965,35.4755248788838],[135.82242263018233,35.476302700256106],[135.82270449821726,35.476234476715064],[135.8224205944699,35.47545939903305],[135.82214462960965,35.4755248788838]]]}},{"type":"Feature","properties":{"pid":"67549bc8-4e10-409c-b36b-cccb81789007"},"geometry":{"type":"Polygon","coordinates":[[[135.82253431640098,35.475433732164845],[135.82281590822737,35.47620699854937],[135.82313040292297,35.47613016269419],[135.8228584545742,35.475358587016274],[135.82253431640098,35.475433732164845]]]}},{"type":"Feature","properties":{"pid":"9a01f97e-d8db-49b6-94e0-b1839c00efb9"},"geometry":{"type":"Polygon","coordinates":[[[135.82177238798334,35.47451678420301],[135.82208675258076,35.47538785583052],[135.82229100066905,35.47533920189164],[135.82196890321242,35.47444785105732],[135.82177238798334,35.47451678420301]]]}},{"type":"Feature","properties":{"pid":"ea8b59df-aabc-4da6-aa30-651bf212e889"},"geometry":{"type":"Polygon","coordinates":[[[135.82241005492196,35.475310629306875],[135.82279605487864,35.47521735287613],[135.82241900601053,35.474185133920614],[135.82208181300564,35.474394720520934],[135.82241005492196,35.475310629306875]]]}},{"type":"Feature","properties":{"pid":"4dbc924b-c3f2-4205-b3fe-63df1dfdb152"},"geometry":{"type":"Polygon","coordinates":[[[135.8229191723636,35.47518594434588],[135.8231302313093,35.475135977898226],[135.8228449849515,35.474370928413485],[135.82263814827917,35.4744220319551],[135.8229191723636,35.47518594434588]]]}},{"type":"Feature","properties":{"pid":"b3bd2c09-d3f0-496d-b048-293be5fe8359"},"geometry":{"type":"Polygon","coordinates":[[[135.82296046481162,35.47434028355456],[135.82324869320536,35.475105454981254],[135.8235098147906,35.475046784878536],[135.82344783322475,35.474877609450594],[135.8234512695011,35.47485120982711],[135.82348205558247,35.47482692145496],[135.82365804737253,35.47478697672837],[135.8234528531932,35.47421638570482],[135.82296046481162,35.47434028355456]]]}},{"type":"Feature","properties":{"pid":"9fe0cba9-180f-43f2-b860-1a1e4333e399"},"geometry":{"type":"Polygon","coordinates":[[[135.82362122141686,35.474176725015774],[135.8239260945829,35.47501808932668],[135.82417981303814,35.47495519717733],[135.82388498537605,35.47411559994905],[135.82362122141686,35.474176725015774]]]}},{"type":"Feature","properties":{"pid":"4be75df5-d560-4d0f-b93b-b884f5228a44"},"geometry":{"type":"Polygon","coordinates":[[[135.8240036415535,35.47408520909557],[135.82429398251804,35.47492529866443],[135.82448659773107,35.47488078493323],[135.82418544512953,35.47404521235723],[135.8240036415535,35.47408520909557]]]}},{"type":"Feature","properties":{"pid":"4a738bdb-ba44-4036-a3c0-bd9e3d614101"},"geometry":{"type":"Polygon","coordinates":[[[135.8237186109653,35.47515700792176],[135.82398476846132,35.47592128489359],[135.82406402166782,35.47591091894908],[135.82378649594708,35.475139580971984],[135.8237186109653,35.47515700792176]]]}},{"type":"Feature","properties":{"pid":"7fc9fd1a-a431-4ec7-8917-d0070d1aa70a"},"geometry":{"type":"Polygon","coordinates":[[[135.8235058359185,35.475208353694036],[135.82377095826806,35.47596847096695],[135.82387265528564,35.475943719963894],[135.82360414173502,35.4751848629685],[135.8235058359185,35.475208353694036]]]}},{"type":"Feature","properties":{"pid":"732f88b8-6ac4-4bc3-a9ed-0132af74b367"},"geometry":{"type":"Polygon","coordinates":[[[135.82327461472852,35.47526305978717],[135.82355430688636,35.47602219747497],[135.8236596411738,35.47599680468025],[135.82339238364438,35.47523463257],[135.82327461472852,35.47526305978717]]]}},{"type":"Feature","properties":{"pid":"c4e68cc8-eecb-40ec-b046-3b8dceaea1a5"},"geometry":{"type":"Polygon","coordinates":[[[135.8232425882083,35.47610275704646],[135.82344394701317,35.47605091914722],[135.82316203168511,35.47528960679873],[135.82297096876977,35.47533270811352],[135.8232425882083,35.47610275704646]]]}},{"type":"Feature","properties":{"pid":"5b5f970d-b148-48cd-a16d-7cbc00302cd5"},"geometry":{"type":"Polygon","coordinates":[[[135.8243023932525,35.474017412994904],[135.8246038351753,35.47485378710462],[135.82480186707258,35.47480718511553],[135.8245036879846,35.47396445047727],[135.8243023932525,35.474017412994904]]]}},{"type":"Feature","properties":{"pid":"389caaaf-fe9c-4d99-9851-3b5e2f55f2b3"},"geometry":{"type":"Polygon","coordinates":[[[135.82505154828752,35.47474625214001],[135.8247520184041,35.473905103114475],[135.82462026345996,35.473935961971485],[135.8249161684287,35.47477945773495],[135.82505154828752,35.47474625214001]]]}},{"type":"Feature","properties":{"pid":"160d051c-7de4-4adb-9f16-ceba072cebe6"},"geometry":{"type":"Polygon","coordinates":[[[135.8246779260048,35.47706437445149],[135.82488558890537,35.47701364890264],[135.82463305873304,35.4763124491969],[135.82442348040738,35.47636049350656],[135.8246779260048,35.47706437445149]]]}},{"type":"Feature","properties":{"pid":"fd7dd55d-01e2-4718-b676-1404aee92482"},"geometry":{"type":"Polygon","coordinates":[[[135.82322496830952,35.47363561098778],[135.82338821794318,35.474071281477244],[135.82340684223294,35.47407855992606],[135.8238233136643,35.47397864137529],[135.82361650307067,35.47339492296859],[135.82322496830952,35.47363561098778]]]}},{"type":"Feature","properties":{"pid":"0eceac08-8672-4f10-8c56-98c638942412"},"geometry":{"type":"Polygon","coordinates":[[[135.82264035097592,35.474263869826466],[135.82328064233099,35.474109718631745],[135.82312532774176,35.473696629609655],[135.82256195582676,35.474050130124425],[135.82264035097592,35.474263869826466]]]}},{"type":"Feature","properties":{"pid":"36eb2294-f5db-4509-bf5a-5a0d4b16ad89"},"geometry":{"type":"Polygon","coordinates":[[[135.8138631409987,35.473319531633685],[135.81394948735627,35.4741793970583],[135.81425331115574,35.4741065605685],[135.81416438310748,35.473296392336906],[135.8138631409987,35.473319531633685]]]}},{"type":"Feature","properties":{"pid":"558354b8-849b-4d5a-bcf8-4294d38c0b7a"},"geometry":{"type":"Polygon","coordinates":[[[135.81351586246973,35.47334430828345],[135.81360814691652,35.47427886721465],[135.81382830047815,35.474212513700415],[135.81374551758796,35.47332817383951],[135.81351586246973,35.47334430828345]]]}},{"type":"Feature","properties":{"pid":"9287f8ee-11fd-49e3-9048-02e75575e8a7"},"geometry":{"type":"Polygon","coordinates":[[[135.8131770899731,35.47336529890556],[135.8131646347229,35.47337745654396],[135.8132727134704,35.47439030981324],[135.81349092113797,35.47431511084228],[135.81339484236162,35.473351879844515],[135.8131770899731,35.47336529890556]]]}},{"type":"Feature","properties":{"pid":"98b85bc3-5220-4593-b433-7428c00bf5ae"},"geometry":{"type":"Polygon","coordinates":[[[135.8121405574362,35.47418383658069],[135.8122331144701,35.47417825618455],[135.81199765028956,35.47369243981799],[135.81188100569273,35.47372656958147],[135.8121405574362,35.47418383658069]]]}},{"type":"Feature","properties":{"pid":"8d4e70e0-dd6a-4cff-a273-7c30af15d8ea"},"geometry":{"type":"Polygon","coordinates":[[[135.81185076687748,35.474227991114894],[135.81187357421388,35.47423640029578],[135.8120263471577,35.474212892516746],[135.81177028744582,35.47376055639651],[135.81161176281506,35.473810316709574],[135.81185076687748,35.474227991114894]]]}},{"type":"Feature","properties":{"pid":"e4a62969-7fe1-4b85-b400-eab654e0488a"},"geometry":{"type":"Polygon","coordinates":[[[135.80331659965861,35.47444663977654],[135.80410174639567,35.47415141554745],[135.80392948677508,35.473891846147495],[135.80343689803027,35.474013712263364],[135.8031392258221,35.474133150299046],[135.80331659965861,35.47444663977654]]]}},{"type":"Feature","properties":{"pid":"12dc6bd0-da1c-4a99-8aed-0a0c137fa7e2"},"geometry":{"type":"Polygon","coordinates":[[[135.80428550454965,35.47409526137671],[135.8047382964895,35.47392223854963],[135.80465704474338,35.47378412233718],[135.8041756081543,35.47388057213349],[135.80428550454965,35.47409526137671]]]}},{"type":"Feature","properties":{"pid":"1a8dfc82-68b6-44e6-b77b-a63984a02c8d"},"geometry":{"type":"Polygon","coordinates":[[[135.80579466797116,35.474514582713745],[135.80582396347154,35.47448741377262],[135.8058992439093,35.47447154867968],[135.80595590347878,35.474495428891764],[135.80599600034523,35.47448352696009],[135.80552717721372,35.4736666865391],[135.80502919150507,35.47373502948451],[135.80533352769083,35.47427365499837],[135.80547571854234,35.474406986962094],[135.80558976169735,35.47447230873318],[135.80579466797116,35.474514582713745]]]}},{"type":"Feature","properties":{"pid":"ebdd2a63-6cf9-48e5-8dbf-0286c6a3372b"},"geometry":{"type":"Polygon","coordinates":[[[135.80641860513794,35.47435249988504],[135.80600369356077,35.47362424237961],[135.80566020219175,35.47365493141347],[135.80612653226197,35.47446641650783],[135.80636228334552,35.47438550896601],[135.80641860513794,35.47435249988504]]]}},{"type":"Feature","properties":{"pid":"7341f766-7400-4185-ad11-00a2995b82e9"},"geometry":{"type":"Polygon","coordinates":[[[135.80653853877126,35.47432028180923],[135.80700685384758,35.474147941886656],[135.80702323900462,35.47413068689521],[135.8066746228741,35.47351028047096],[135.80613469469273,35.47360602017857],[135.80653853877126,35.47432028180923]]]}},{"type":"Feature","properties":{"pid":"cb8474d4-9b37-40a6-b5f7-2020754c0f3f"},"geometry":{"type":"Polygon","coordinates":[[[135.80763213827404,35.47390916381433],[135.80746445560712,35.47361402879988],[135.80749106706403,35.47358146978881],[135.80784563859,35.473447415907245],[135.80776257439015,35.47330880845844],[135.80680125244118,35.47348518690159],[135.8071486423478,35.47409503987728],[135.80763213827404,35.47390916381433]]]}},{"type":"Feature","properties":{"pid":"91a843a3-8a94-4e98-88ff-314b045f3bbf"},"geometry":{"type":"Polygon","coordinates":[[[135.80833120373117,35.47392655579648],[135.808618340252,35.47445390024333],[135.80891088686948,35.47434051337989],[135.8086221202557,35.47382027409642],[135.80833120373117,35.47392655579648]]]}},{"type":"Feature","properties":{"pid":"1abfd398-d996-49ba-9e1a-5ffdd33906e1"},"geometry":{"type":"Polygon","coordinates":[[[135.8092720587258,35.47357138685625],[135.80873426427428,35.47377605520918],[135.80902975417806,35.47429615697541],[135.8095803037446,35.47408615316773],[135.80928989706624,35.47357622711652],[135.8092720587258,35.47357138685625]]]}},{"type":"Feature","properties":{"pid":"ced415ce-6a8c-4200-a43d-eeb7eb6172f6"},"geometry":{"type":"Polygon","coordinates":[[[135.8113958828324,35.47388173231514],[135.81162175589054,35.47427393147171],[135.81173851783586,35.474258285091594],[135.811502700601,35.47384590371857],[135.8113958828324,35.47388173231514]]]}},{"type":"Feature","properties":{"pid":"233f296d-62e0-41a7-8f21-5865375ae70d"},"geometry":{"type":"Polygon","coordinates":[[[135.81114811873417,35.47471002810909],[135.81135488966706,35.47509221758986],[135.81157077413323,35.47500568324559],[135.81134183701775,35.474631535194874],[135.81114811873417,35.47471002810909]]]}},{"type":"Feature","properties":{"pid":"5d838593-4db8-4493-9a08-6628822c3c3d"},"geometry":{"type":"Polygon","coordinates":[[[135.81073346147414,35.47491411841699],[135.81097525873028,35.47533941677803],[135.81128820453316,35.475205728478],[135.81103461908782,35.47476150082399],[135.81074034499292,35.47487306652964],[135.81073346147414,35.47491411841699]]]}},{"type":"Feature","properties":{"pid":"8be33d25-5a68-4cee-bc76-ec475df8fda9"},"geometry":{"type":"Polygon","coordinates":[[[135.81027843110323,35.47485898190134],[135.81073519240928,35.4746848473695],[135.81073990288795,35.47466972689948],[135.81048050451045,35.47421575422283],[135.81000971451468,35.47439099620704],[135.81027843110323,35.47485898190134]]]}},{"type":"Feature","properties":{"pid":"74bdca47-94ea-4747-a593-6143892c8424"},"geometry":{"type":"Polygon","coordinates":[[[135.81086098205273,35.47463648347584],[135.81117462852293,35.47451120980879],[135.81118282584404,35.47449420662568],[135.8110378220753,35.474277666299],[135.8110318535825,35.474175979909276],[135.8109407545843,35.47404346789964],[135.81058913508502,35.47417295938866],[135.81086098205273,35.47463648347584]]]}},{"type":"Feature","properties":{"pid":"85a708bb-189f-4992-b699-285cf22770d5"},"geometry":{"type":"Polygon","coordinates":[[[135.80989835370386,35.47500215085076],[135.81016738494378,35.47490069436974],[135.8098985938064,35.474433708428634],[135.8098395438323,35.47445155790016],[135.8097965699411,35.47443630608743],[135.8096605398486,35.47419816177899],[135.80946930963165,35.47427389046847],[135.80987942011572,35.47499715509531],[135.80989835370386,35.47500215085076]]]}},{"type":"Feature","properties":{"pid":"fe6f0677-5744-4fdf-b97d-fe9c8c382627"},"geometry":{"type":"Polygon","coordinates":[[[135.8094128211917,35.47518623271438],[135.80974632648775,35.475058907841934],[135.8093416910108,35.474326503501594],[135.80900046939232,35.47445482138365],[135.8094128211917,35.47518623271438]]]}},{"type":"Feature","properties":{"pid":"8b7906be-f783-4c1c-92c1-fc1a90783893"},"geometry":{"type":"Polygon","coordinates":[[[135.81009721798992,35.475145694672904],[135.81035408987196,35.475592138029704],[135.8106088315383,35.47548292117502],[135.81034903660532,35.47502133286037],[135.81012055538812,35.47510566953687],[135.81009721798992,35.475145694672904]]]}},{"type":"Feature","properties":{"pid":"472836c1-dde3-4667-b42f-c161fa16db72"},"geometry":{"type":"Polygon","coordinates":[[[135.80960651427262,35.47531537678582],[135.8098781068982,35.4757953937134],[135.81024143835282,35.47563820155426],[135.80998016918844,35.47517691065139],[135.8099577743327,35.475170471617666],[135.80961476000112,35.47529426935826],[135.80960651427262,35.47531537678582]]]}},{"type":"Feature","properties":{"pid":"444428e7-9ee0-4767-a333-8e30e2ea3429"},"geometry":{"type":"Polygon","coordinates":[[[135.80920546651345,35.47546376848599],[135.80949028942527,35.47595809260027],[135.8097674913772,35.47584185149665],[135.80948859633915,35.47534537029954],[135.80921342505096,35.47544796545552],[135.80920546651345,35.47546376848599]]]}},{"type":"Feature","properties":{"pid":"c8761ab8-58e7-46fe-b942-31f27a361225"},"geometry":{"type":"Polygon","coordinates":[[[135.81072606485247,35.47544341576837],[135.81086324634973,35.47538423823923],[135.8106027798894,35.47492349436394],[135.81046601293122,35.47497554925794],[135.81072606485247,35.47544341576837]]]}},{"type":"Feature","properties":{"pid":"fe08238f-a753-44fb-9ec4-7f568e0476d7"},"geometry":{"type":"Polygon","coordinates":[[[135.81112776611147,35.47657533125904],[135.81155901919922,35.47736121987454],[135.8117477195771,35.47729124899275],[135.81131374920156,35.47649568276446],[135.81112776611147,35.47657533125904]]]}},{"type":"Feature","properties":{"pid":"06d51b47-96a3-4e6f-afd6-19c0fdc28516"},"geometry":{"type":"Polygon","coordinates":[[[135.8108311408505,35.47669727941506],[135.8112473375021,35.477458033227194],[135.8114390249721,35.47739728422923],[135.8110194747983,35.47661717903617],[135.8108311408505,35.47669727941506]]]}},{"type":"Feature","properties":{"pid":"f0649950-bfe7-4f54-bb4b-cda128d8661e"},"geometry":{"type":"Polygon","coordinates":[[[135.8113875824745,35.477581215445085],[135.8115116328395,35.47778838920278],[135.81155114459804,35.47777833947933],[135.81143605732814,35.477563653384514],[135.8113875824745,35.477581215445085]]]}},{"type":"Feature","properties":{"pid":"a025bd98-93c8-4370-958e-1fcad7135fa0"},"geometry":{"type":"Polygon","coordinates":[[[135.81113448770432,35.47788435784442],[135.81130477758336,35.47784196136431],[135.81121149004835,35.47765231553232],[135.8110420797963,35.477712885609584],[135.81113448770432,35.47788435784442]]]}},{"type":"Feature","properties":{"pid":"786a7fe7-e575-4e73-9611-6be181652df0"},"geometry":{"type":"Polygon","coordinates":[[[135.81024381009942,35.4769471070855],[135.81064835411433,35.4776835107411],[135.81082147459782,35.47762603528251],[135.8104140503216,35.47687459752096],[135.81024381009942,35.4769471070855]]]}},{"type":"Feature","properties":{"pid":"fc543237-2aaa-4c7a-a1b4-093460c7a030"},"geometry":{"type":"Polygon","coordinates":[[[135.8105240224122,35.47682780335939],[135.81093476440284,35.47757753067743],[135.8111340236464,35.477510408600025],[135.8107182315721,35.47674527700353],[135.8105240224122,35.47682780335939]]]}},{"type":"Feature","properties":{"pid":"e115867a-eea6-4ee1-9235-c761107d876b"},"geometry":{"type":"Polygon","coordinates":[[[135.80995094507472,35.477071006511096],[135.81034998930758,35.47779672336217],[135.81053532300004,35.47773177731071],[135.81013142911632,35.476994748562745],[135.80995094507472,35.477071006511096]]]}},{"type":"Feature","properties":{"pid":"1105b797-384d-4515-9a58-d74464d1f27b"},"geometry":{"type":"Polygon","coordinates":[[[135.81004763946402,35.477911442239716],[135.81023714832813,35.47784222114958],[135.8098408718961,35.47711775716591],[135.80965847087506,35.47719530670364],[135.81004763946402,35.477911442239716]]]}},{"type":"Feature","properties":{"pid":"8ab52453-24e0-4d77-b088-80a5869880db"},"geometry":{"type":"Polygon","coordinates":[[[135.80916107650475,35.47738910684504],[135.80954864589737,35.478070092843225],[135.80958846366852,35.47807631715791],[135.80988172316037,35.477968220465165],[135.80949350647043,35.47726333374063],[135.80916107650475,35.47738910684504]]]}},{"type":"Feature","properties":{"pid":"e2e2f713-66d6-439c-a38a-e2cdadc4003e"},"geometry":{"type":"Polygon","coordinates":[[[135.8092039602108,35.47804031368394],[135.80942240651154,35.47807954398882],[135.80905222299936,35.47743001792701],[135.80889446031364,35.477491009259765],[135.8092039602108,35.47804031368394]]]}},{"type":"Feature","properties":{"pid":"f55577ef-78a0-42b2-8ab9-2bcb873d0174"},"geometry":{"type":"Polygon","coordinates":[[[135.80791903792175,35.47594191471762],[135.80820234431923,35.476440710803935],[135.8084912323645,35.47633492144661],[135.80820192498308,35.47581642007682],[135.80792453003372,35.475924127139955],[135.80791903792175,35.47594191471762]]]}},{"type":"Feature","properties":{"pid":"c64ec801-5da4-45cb-a202-136fb83c87c5"},"geometry":{"type":"Polygon","coordinates":[[[135.80779719915316,35.47658890109251],[135.808092310847,35.47648058649035],[135.80780072338496,35.47596985697049],[135.8075122051712,35.4760794605748],[135.80779719915316,35.47658890109251]]]}},{"type":"Feature","properties":{"pid":"0c135ef7-7d6a-4206-b863-46cf2bd1f63b"},"geometry":{"type":"Polygon","coordinates":[[[135.8090665975411,35.47802541754977],[135.80878383334772,35.47753374557119],[135.80836409384554,35.47769297095563],[135.80848288257388,35.477910928941064],[135.8090665975411,35.47802541754977]]]}},{"type":"Feature","properties":{"pid":"1ed2bc2b-f90e-4fe2-9811-c3a29e458344"},"geometry":{"type":"Polygon","coordinates":[[[135.80668042955955,35.476977520794364],[135.80688181435906,35.47690760300771],[135.80660638255247,35.47642145052182],[135.8064118719023,35.47649433750854],[135.80668042955955,35.476977520794364]]]}},{"type":"Feature","properties":{"pid":"35fabf84-e3d8-4d7f-ad9a-cdf760e9d411"},"geometry":{"type":"Polygon","coordinates":[[[135.80700093834002,35.47686980949905],[135.80728727679562,35.47676869596819],[135.8070067403534,35.476274610452734],[135.80672287126296,35.47637665155483],[135.80700093834002,35.47686980949905]]]}},{"type":"Feature","properties":{"pid":"4155e99d-b3b3-4d2b-8949-7c91ff93725a"},"geometry":{"type":"Polygon","coordinates":[[[135.8071245039698,35.47624061272257],[135.80739687765228,35.47671880095011],[135.80768349384863,35.47662252349199],[135.80740328682174,35.47611953159282],[135.80713097885558,35.476222515781835],[135.8071245039698,35.47624061272257]]]}},{"type":"Feature","properties":{"pid":"702e9bf4-8b6c-4804-b399-0ffb45b9b6bc"},"geometry":{"type":"Polygon","coordinates":[[[135.80728016618284,35.47600198461811],[135.8074442738759,35.47594061675624],[135.8070265058363,35.47520606249165],[135.80684111545335,35.4752797806662],[135.8072447133486,35.475989650266236],[135.80728016618284,35.47600198461811]]]}},{"type":"Feature","properties":{"pid":"77973a10-9d13-4195-ba10-bff6581cc638"},"geometry":{"type":"Polygon","coordinates":[[[135.80665990455662,35.476230172477656],[135.80714603784793,35.47605059544101],[135.80673274167788,35.47532218625816],[135.8062447316851,35.47550560547929],[135.80665990455662,35.476230172477656]]]}},{"type":"Feature","properties":{"pid":"569fe19d-3162-4efb-bf91-00fcce35ff39"},"geometry":{"type":"Polygon","coordinates":[[[135.80756782638974,35.47589320414213],[135.80796007651568,35.475744486429306],[135.80754310638423,35.475012013532094],[135.80713376514075,35.47516730032048],[135.8075415832686,35.47588510508359],[135.80756782638974,35.47589320414213]]]}},{"type":"Feature","properties":{"pid":"1c5d8914-906b-45f5-b049-b5758662fe7f"},"geometry":{"type":"Polygon","coordinates":[[[135.80832281208512,35.47579045523527],[135.8086076246935,35.47629616536005],[135.80881490726946,35.47621951204527],[135.80852386517293,35.475697860776826],[135.80833543340387,35.47576887504686],[135.80832281208512,35.47579045523527]]]}},{"type":"Feature","properties":{"pid":"d33be0f4-2650-4633-8f9b-7f2f74f01cb1"},"geometry":{"type":"Polygon","coordinates":[[[135.80864673714512,35.47568431678861],[135.80892161985608,35.47617956641449],[135.80929400730946,35.476031439832745],[135.80900320582577,35.47551307987063],[135.80866146002697,35.47564543568931],[135.80864673714512,35.47568431678861]]]}},{"type":"Feature","properties":{"pid":"a89bae65-7c8e-4328-a605-020f05f9f2c3"},"geometry":{"type":"Polygon","coordinates":[[[135.80844998748694,35.475553288139544],[135.80864360631338,35.475483618784665],[135.80822916722278,35.47475197212527],[135.80803821386183,35.47482563518456],[135.80844998748694,35.475553288139544]]]}},{"type":"Feature","properties":{"pid":"556a0460-7410-4641-8e83-d24f779354fd"},"geometry":{"type":"Polygon","coordinates":[[[135.80805243693356,35.47567828897038],[135.808102309484,35.47569116584244],[135.80834476453364,35.47559925266731],[135.80793299255586,35.474865923878745],[135.80765565269013,35.474971404633926],[135.80805243693356,35.47567828897038]]]}},{"type":"Feature","properties":{"pid":"d189d42b-cafe-4ed6-ad53-c14415316a4b"},"geometry":{"type":"Polygon","coordinates":[[[135.80876174325718,35.47544200748122],[135.8089449408228,35.475371927090784],[135.80852750753533,35.474638654399264],[135.8083401850962,35.47470916064347],[135.80876174325718,35.47544200748122]]]}},{"type":"Feature","properties":{"pid":"af021b30-013d-45b8-8b91-310e6ccb72c4"},"geometry":{"type":"Polygon","coordinates":[[[135.8091106059794,35.47530722617857],[135.80930607601576,35.47523146422264],[135.80889226582576,35.474496595702654],[135.80868708636766,35.4745737052364],[135.8091106059794,35.47530722617857]]]}},{"type":"Feature","properties":{"pid":"cda0bb7f-d59f-4c68-945a-9bcce0033384"},"geometry":{"type":"Polygon","coordinates":[[[135.80816392407226,35.47461954608142],[135.80844644437286,35.47451129985018],[135.80815167602503,35.47398485664945],[135.80786563000493,35.47409452219346],[135.80816392407226,35.47461954608142]]]}},{"type":"Feature","properties":{"pid":"28ba6296-eae4-483b-a593-fccbb0163033"},"geometry":{"type":"Polygon","coordinates":[[[135.80775847521485,35.47477077600262],[135.8080465482943,35.47466090705204],[135.80775376532466,35.47413842546198],[135.8074648588121,35.47424160245554],[135.80775847521485,35.47477077600262]]]}},{"type":"Feature","properties":{"pid":"603ddea7-a58d-4558-92d1-e1a4964f3e25"},"geometry":{"type":"Polygon","coordinates":[[[135.80706806355204,35.474405245055884],[135.8073616850563,35.47492372822956],[135.80764769947757,35.47481331733636],[135.80734939470955,35.47428467813531],[135.80707575959363,35.47438835979687],[135.80706806355204,35.474405245055884]]]}},{"type":"Feature","properties":{"pid":"aa105f9a-2079-40f3-8058-7d8ed971fa5b"},"geometry":{"type":"Polygon","coordinates":[[[135.80665858102788,35.474543901698475],[135.80696223958626,35.47507471885983],[135.80724907732332,35.474965903122715],[135.80696295094296,35.47444872345448],[135.8069366002256,35.474440231475455],[135.80665858102788,35.474543901698475]]]}},{"type":"Feature","properties":{"pid":"26d85bfe-12ff-4faa-8c4a-e8cc7e9a25ad"},"geometry":{"type":"Polygon","coordinates":[[[135.80627246969098,35.474695398811264],[135.8065665628047,35.47522031841056],[135.8068496459942,35.47511304447523],[135.80654785808753,35.4745822538834],[135.80627246969098,35.474695398811264]]]}},{"type":"Feature","properties":{"pid":"53f64d52-dda8-4e13-8f61-ee88330ad26b"},"geometry":{"type":"Polygon","coordinates":[[[135.80539724431293,35.474692532643665],[135.8054672035162,35.474816521914796],[135.80559404422993,35.47476716652794],[135.80546076765515,35.474723764735636],[135.80539724431293,35.474692532643665]]]}},{"type":"Feature","properties":{"pid":"9f204a9b-3c6e-4d92-9a78-ec2158112551"},"geometry":{"type":"Polygon","coordinates":[[[135.80623093117123,35.4753468272511],[135.80645300250583,35.475263035961156],[135.80615191420742,35.474735211154524],[135.80592643795939,35.47482001929539],[135.80623093117123,35.4753468272511]]]}},{"type":"Feature","properties":{"pid":"17ee2837-fe77-4ce4-9806-0f395b3ecbd2"},"geometry":{"type":"Polygon","coordinates":[[[135.80606856093073,35.475863855926825],[135.80627381779195,35.47578529923186],[135.8061378111481,35.47554525621303],[135.80593496573766,35.475621978336925],[135.80606856093073,35.475863855926825]]]}},{"type":"Feature","properties":{"pid":"160ef7b0-70af-4897-87ef-17eedf29dd10"},"geometry":{"type":"Polygon","coordinates":[[[135.80538851611848,35.47567002586533],[135.80568255097361,35.47556092797917],[135.80538254259426,35.475035382750384],[135.80509146092294,35.4751441762463],[135.80538851611848,35.47567002586533]]]}},{"type":"Feature","properties":{"pid":"4f172a96-8759-483e-9db7-30d7936f1259"},"geometry":{"type":"Polygon","coordinates":[[[135.80585668820953,35.47548289995358],[135.8061101200531,35.47538485345259],[135.8058128102779,35.474863565533326],[135.8055545431986,35.47496592050628],[135.80585668820953,35.47548289995358]]]}},{"type":"Feature","properties":{"pid":"27530aa3-6f06-49a1-a32a-b21aca6cb080"},"geometry":{"type":"Polygon","coordinates":[[[135.80499231736084,35.47582126344224],[135.80528086941544,35.47571186848585],[135.8049825411364,35.47518513148449],[135.80469440107206,35.475297133579716],[135.80499231736084,35.47582126344224]]]}},{"type":"Feature","properties":{"pid":"15ee88d2-4a19-43f8-9209-947ed81516a4"},"geometry":{"type":"Polygon","coordinates":[[[135.80458750590228,35.47597311496144],[135.80488397228072,35.47586033852131],[135.8045837177375,35.47533693592932],[135.80429042145252,35.475448818063136],[135.80458750590228,35.47597311496144]]]}},{"type":"Feature","properties":{"pid":"662810a4-29f4-426d-97dc-d15cb9cc6c79"},"geometry":{"type":"Polygon","coordinates":[[[135.8040291728922,35.476185030489276],[135.8044808697902,35.476010812312865],[135.80418574434535,35.47548992026621],[135.80373114938365,35.4756630847242],[135.8040291728922,35.476185030489276]]]}},{"type":"Feature","properties":{"pid":"a00692f1-0522-44a7-b325-fd0c86ff8223"},"geometry":{"type":"Polygon","coordinates":[[[135.80433157431486,35.47524102018434],[135.80443621245246,35.47520311682705],[135.8039786260188,35.47440575044731],[135.80388250625015,35.47444486913977],[135.80433157431486,35.47524102018434]]]}},{"type":"Feature","properties":{"pid":"8b45f10e-0ae1-4670-9048-cc824bb04a52"},"geometry":{"type":"Polygon","coordinates":[[[135.80455550334938,35.47516266060158],[135.80467189603357,35.47511615434042],[135.8042130377695,35.47431698658292],[135.8041033110967,35.47436043108679],[135.80455550334938,35.47516266060158]]]}},{"type":"Feature","properties":{"pid":"dd49d97f-0d55-48d8-bdd6-692d89cbe5c7"},"geometry":{"type":"Polygon","coordinates":[[[135.80478890431758,35.4750728117472],[135.80505146387344,35.4749722067575],[135.8045972079089,35.474169735453415],[135.80433147634864,35.47427140369564],[135.80478890431758,35.4750728117472]]]}},{"type":"Feature","properties":{"pid":"e955526f-371d-4fe5-a18e-d7071ae09df0"},"geometry":{"type":"Polygon","coordinates":[[[135.8051688663956,35.47492868369009],[135.80530433478253,35.47487796326743],[135.80484878267274,35.47407894035424],[135.80471361020975,35.474133954047836],[135.8051688663956,35.47492868369009]]]}},{"type":"Feature","properties":{"pid":"9c088fbc-e32d-4e73-9dd8-2852b0667c9e"},"geometry":{"type":"Polygon","coordinates":[[[135.80389403810943,35.47540667436488],[135.80421975888254,35.47528292061298],[135.8037665361985,35.47448637018583],[135.8034406604078,35.47461194703561],[135.80389403810943,35.47540667436488]]]}},{"type":"Feature","properties":{"pid":"c212b750-968c-4c8d-8ffa-f0b7ded54a92"},"geometry":{"type":"Polygon","coordinates":[[[135.80319561363908,35.47452046493962],[135.80302316828104,35.47421466569317],[135.80259263284825,35.474397591026566],[135.802409747319,35.47442222525595],[135.80259406967215,35.474745808532944],[135.80319561363908,35.47452046493962]]]}},{"type":"Feature","properties":{"pid":"58e1cebc-9e60-4a0a-bf36-653c1196b7bb"},"geometry":{"type":"Polygon","coordinates":[[[135.80205083886986,35.47608851511329],[135.8029493987993,35.47574561735543],[135.80224273832425,35.47450255866344],[135.801874481242,35.47471024634879],[135.8014305526468,35.474998286742654],[135.80205083886986,35.47608851511329]]]}},{"type":"Feature","properties":{"pid":"34a55273-837d-40ae-a319-e2f3d09f32fe"},"geometry":{"type":"Polygon","coordinates":[[[135.80372509398526,35.47545037729362],[135.80327232931802,35.474649750202175],[135.8026678687648,35.47487749153147],[135.80312306797475,35.47567776309993],[135.80372509398526,35.47545037729362]]]}},{"type":"Feature","properties":{"pid":"8a0e6aae-577e-4c1a-8f4a-83a2b71862f6"},"geometry":{"type":"Polygon","coordinates":[[[135.80351762512663,35.476387463682364],[135.80391126095734,35.476227125809466],[135.80361222880342,35.475705953993995],[135.80322127726174,35.47585364695847],[135.80351762512663,35.476387463682364]]]}},{"type":"Feature","properties":{"pid":"e4a8c4ae-0003-4f1a-b759-bcf8d7be2104"},"geometry":{"type":"Polygon","coordinates":[[[135.80306193657177,35.476781003762845],[135.80346105234358,35.47662876189813],[135.80342676062153,35.47656817046969],[135.80302815930017,35.476719762971264],[135.80306193657177,35.476781003762845]]]}},{"type":"Feature","properties":{"pid":"08253d6f-cde0-41f9-8c45-8cbc554ca097"},"geometry":{"type":"Polygon","coordinates":[[[135.8035339921149,35.47675781133724],[135.8035117603035,35.47671747763464],[135.80311146753908,35.476870078371455],[135.80313607777785,35.47691167342674],[135.8035339921149,35.47675781133724]]]}},{"type":"Feature","properties":{"pid":"87dbff18-2bde-4b06-82a2-5ffabcfd0b4d"},"geometry":{"type":"Polygon","coordinates":[[[135.80334296270576,35.47644444154587],[135.8030418538787,35.475911914047266],[135.80263433431065,35.47606424823746],[135.80294558791852,35.47659489305347],[135.80334296270576,35.47644444154587]]]}},{"type":"Feature","properties":{"pid":"f4156694-932c-4591-a07f-421438de205f"},"geometry":{"type":"Polygon","coordinates":[[[135.80162047167116,35.47741043584777],[135.80289288700334,35.47692911032345],[135.8024370164727,35.47612493874114],[135.80118428695272,35.476616053578624],[135.80162047167116,35.47741043584777]]]}},{"type":"Feature","properties":{"pid":"c86e9eb3-941d-4f7d-b9b5-8dd1807cc94e"},"geometry":{"type":"Polygon","coordinates":[[[135.80167168001813,35.477498874580995],[135.80208108193855,35.47822908555126],[135.8033556539252,35.477746303318085],[135.802945663281,35.4770196383873],[135.80167168001813,35.477498874580995]]]}},{"type":"Feature","properties":{"pid":"67107689-e8cc-4da3-990f-f2e0b7d31089"},"geometry":{"type":"Polygon","coordinates":[[[135.80379271214608,35.47721551879138],[135.80375224480534,35.47714558924978],[135.80335387381908,35.47729419094169],[135.80339453218318,35.477366696279205],[135.80379271214608,35.47721551879138]]]}},{"type":"Feature","properties":{"pid":"28322b4b-8c85-4436-816c-edaa3a25e2cc"},"geometry":{"type":"Polygon","coordinates":[[[135.80369498225699,35.47706169536586],[135.8036708109801,35.47699915308484],[135.80327527599678,35.47715222911614],[135.80330629609273,35.4772056082509],[135.80369498225699,35.47706169536586]]]}},{"type":"Feature","properties":{"pid":"a3e44951-3177-4a6f-8689-dd003d180053"},"geometry":{"type":"Polygon","coordinates":[[[135.80362038825155,35.47691088229517],[135.80358327580072,35.476846275377305],[135.80318568587754,35.47699856392736],[135.80322460491917,35.47706616995978],[135.80362038825155,35.47691088229517]]]}},{"type":"Feature","properties":{"pid":"91f67f9e-79fb-4236-ab0b-b2a5246cc991"},"geometry":{"type":"Polygon","coordinates":[[[135.804319775865,35.4780245314118],[135.8045910658845,35.47789554491032],[135.8042639555535,35.47731544233575],[135.80398062558868,35.47742047040284],[135.804319775865,35.4780245314118]]]}},{"type":"Feature","properties":{"pid":"60a8711e-4260-4246-a9c7-b2bfc0b07030"},"geometry":{"type":"Polygon","coordinates":[[[135.80438908711403,35.477281350672044],[135.80470550524026,35.477843988092395],[135.80504876265113,35.477690718075],[135.8047331901514,35.477138410955206],[135.804399276583,35.477264942183204],[135.80438908711403,35.477281350672044]]]}},{"type":"Feature","properties":{"pid":"1af60919-8cc1-4d65-bd2c-43ae8de2865d"},"geometry":{"type":"Polygon","coordinates":[[[135.80485023983374,35.4771008222813],[135.8051494315382,35.47763601237827],[135.80535496738213,35.47754343960192],[135.80505362500807,35.477014861024735],[135.80486112408514,35.477084382566545],[135.80485023983374,35.4771008222813]]]}},{"type":"Feature","properties":{"pid":"53845eb1-25b0-4e3b-ac4f-f7c7015b7c2c"},"geometry":{"type":"Polygon","coordinates":[[[135.80401924343454,35.47722983003067],[135.80434683978024,35.47710788345284],[135.80395568377494,35.47637231572963],[135.80359703480178,35.476513357745915],[135.80401924343454,35.47722983003067]]]}},{"type":"Feature","properties":{"pid":"df2fdef3-f99f-4ab3-a8ff-3844017db6aa"},"geometry":{"type":"Polygon","coordinates":[[[135.80448598688918,35.477055523430685],[135.80466858635967,35.47698592085241],[135.80425608398684,35.47625886368829],[135.804068203934,35.476331217805985],[135.80448598688918,35.477055523430685]]]}},{"type":"Feature","properties":{"pid":"b86db563-d24c-4bb5-a383-732c21a2d7e7"},"geometry":{"type":"Polygon","coordinates":[[[135.80526424681398,35.47676043473546],[135.80485351544326,35.47602768400177],[135.80469194478135,35.476089563634254],[135.80510805513072,35.47681909729591],[135.80526424681398,35.47676043473546]]]}},{"type":"Feature","properties":{"pid":"2e369202-e9b0-43cb-9273-d0766a988968"},"geometry":{"type":"Polygon","coordinates":[[[135.80477627157242,35.47693313946863],[135.80499856285968,35.4768605643415],[135.8045844067704,35.47612993160738],[135.80436593413572,35.476214535640594],[135.80477627157242,35.47693313946863]]]}},{"type":"Feature","properties":{"pid":"463346f2-67c2-421e-acbc-bbf39fde526e"},"geometry":{"type":"Polygon","coordinates":[[[135.80537851780304,35.47671372172872],[135.8056038932266,35.476635208661776],[135.8051830317458,35.47590224832432],[135.80496627589946,35.47598410564741],[135.80537851780304,35.47671372172872]]]}},{"type":"Feature","properties":{"pid":"37140a6e-fd16-4b31-a7a9-fd72b95e7554"},"geometry":{"type":"Polygon","coordinates":[[[135.80572497933284,35.476587551259875],[135.80589671080955,35.476521538572385],[135.80548235079016,35.475789216411755],[135.805295696363,35.47585884553843],[135.80572497933284,35.476587551259875]]]}},{"type":"Feature","properties":{"pid":"0b02e898-0a38-4395-b3eb-f1e468202648"},"geometry":{"type":"Polygon","coordinates":[[[135.8061769070526,35.47641135165593],[135.80575947531682,35.47568598559276],[135.80558632687047,35.47575017038751],[135.80599951405108,35.4764809322168],[135.8061769070526,35.47641135165593]]]}},{"type":"Feature","properties":{"pid":"9ad13c4c-256a-42e6-99bd-e374a7a3e1b5"},"geometry":{"type":"Polygon","coordinates":[[[135.80634874182257,35.47635450320624],[135.8065551288869,35.476276155865136],[135.80632243728732,35.475870960434946],[135.80611659021977,35.47595017996256],[135.80634874182257,35.47635450320624]]]}},{"type":"Feature","properties":{"pid":"02c95888-961b-469b-a1a2-aba0c558b219"},"geometry":{"type":"Polygon","coordinates":[[[135.8059743168538,35.47668059703464],[135.80624279326426,35.47715992656474],[135.8063926092442,35.47709990410369],[135.8061238610883,35.47661281334553],[135.80598620528139,35.476664061126336],[135.8059743168538,35.47668059703464]]]}},{"type":"Feature","properties":{"pid":"973d12aa-095e-4065-8fc1-91269bae8d31"},"geometry":{"type":"Polygon","coordinates":[[[135.80624735448635,35.476566080190445],[135.80623409559723,35.476583500231605],[135.80650302410527,35.47705395680071],[135.80652462317548,35.477045729043276],[135.80624735448635,35.476566080190445]]]}},{"type":"Feature","properties":{"pid":"5d3e758c-2a3e-451c-bd46-68793c5896cd"},"geometry":{"type":"Polygon","coordinates":[[[135.80557482596424,35.47682858464568],[135.8058533382684,35.47732384161951],[135.80612857072322,35.47720872661478],[135.80585053527855,35.47671572159648],[135.80557482596424,35.47682858464568]]]}},{"type":"Feature","properties":{"pid":"60b746f3-bec4-4a7b-b21d-438041cc138f"},"geometry":{"type":"Polygon","coordinates":[[[135.80517021597737,35.47697618300528],[135.80546360347876,35.477492805326264],[135.80573856930985,35.47737119169945],[135.80544948032454,35.47686617439059],[135.80517021597737,35.47697618300528]]]}},{"type":"Feature","properties":{"pid":"93d47997-a762-42e0-b6d5-b89683bef67d"},"geometry":{"type":"Polygon","coordinates":[[[135.8059951365783,35.47895919526189],[135.80655839355774,35.47985816304943],[135.80658116044424,35.47986343845165],[135.8066966804165,35.47981280833126],[135.8061209960009,35.47889989310858],[135.8059951365783,35.47895919526189]]]}},{"type":"Feature","properties":{"pid":"c785f2a9-bf72-40ae-bb4c-e62e59fe7979"},"geometry":{"type":"Polygon","coordinates":[[[135.80589302744235,35.479009846327926],[135.80564654098657,35.479135856964625],[135.80621235465384,35.48001431423227],[135.80643091099822,35.479926055148646],[135.8064502767571,35.47989871318866],[135.80589302744235,35.479009846327926]]]}},{"type":"Feature","properties":{"pid":"1c57ce70-5734-4221-9fc4-fda9cbaa526b"},"geometry":{"type":"Polygon","coordinates":[[[135.80389410851268,35.4782273026382],[135.8042095763626,35.478077015076465],[135.80386685116002,35.47746643433298],[135.8035495076427,35.47758294102712],[135.80364359134234,35.47774143807444],[135.80364320021204,35.47779123359567],[135.80389410851268,35.4782273026382]]]}},{"type":"Feature","properties":{"pid":"49a32f6c-c56e-417c-80ba-1d0975e07104"},"geometry":{"type":"Polygon","coordinates":[[[135.8034291914211,35.47787742299259],[135.8021556269629,35.47835996664546],[135.80245934186271,35.47889687363163],[135.803662859785,35.47828713369933],[135.8034291914211,35.47787742299259]]]}},{"type":"Feature","properties":{"pid":"848fccbd-867c-41dc-971e-bc5c42a6c47b"},"geometry":{"type":"Polygon","coordinates":[[[135.8013664694429,35.47865723434987],[135.80099815167364,35.478798546346496],[135.8013995203364,35.47951254595763],[135.8023124577911,35.47897640474531],[135.80199711948705,35.47841984244111],[135.8016191487205,35.47856123199238],[135.8016700853838,35.47865123050972],[135.80166775817224,35.47868568638536],[135.80150472367453,35.478759028620885],[135.80142128974202,35.47874502942418],[135.8013664694429,35.47865723434987]]]}},{"type":"Feature","properties":{"pid":"3375f836-a275-4164-ab81-fd255dd5da7b"},"geometry":{"type":"Polygon","coordinates":[[[135.80193239310884,35.48180005196745],[135.802318021017,35.48163943975402],[135.80178017049386,35.48080378782787],[135.80143888250495,35.48102650172234],[135.80193239310884,35.48180005196745]]]}},{"type":"Feature","properties":{"pid":"004ba367-4dab-4260-953c-bbf46535a694"},"geometry":{"type":"Polygon","coordinates":[[[135.80187974122614,35.480741308489634],[135.80242417846222,35.48158868495739],[135.8029337667123,35.48138268118328],[135.80247342981372,35.48065202128069],[135.80187974122614,35.480741308489634]]]}},{"type":"Feature","properties":{"pid":"a8768799-5d3a-4286-a753-1c71dd79775d"},"geometry":{"type":"Polygon","coordinates":[[[135.8030666022872,35.480466999965394],[135.80264593625134,35.48060609568251],[135.8030914647772,35.4813188856029],[135.80349047243672,35.4811494905646],[135.8030666022872,35.480466999965394]]]}},{"type":"Feature","properties":{"pid":"efebec5b-b68c-43d5-bddd-77ef8495d196"},"geometry":{"type":"Polygon","coordinates":[[[135.80345515606382,35.480234109550544],[135.80327765717988,35.480370066402784],[135.80318388850404,35.48041744702377],[135.8036006468238,35.481106164517385],[135.80391724211987,35.48097448370851],[135.80345515606382,35.480234109550544]]]}},{"type":"Feature","properties":{"pid":"f19e3e0d-8776-4c38-9af2-e09316f92505"},"geometry":{"type":"Polygon","coordinates":[[[135.80428460564733,35.48082135296663],[135.80377244474758,35.4800010731742],[135.8035612529905,35.48015249694312],[135.8040363204528,35.480925154018905],[135.80428460564733,35.48082135296663]]]}},{"type":"Feature","properties":{"pid":"cf53ffff-a9f9-4635-8ed5-5ea50ca6a3e4"},"geometry":{"type":"Polygon","coordinates":[[[135.80454795337118,35.48087769561306],[135.8045461970425,35.48089442874558],[135.8049831118688,35.48159857685603],[135.80520750818042,35.48150481394964],[135.80475973557594,35.48078940117015],[135.80454795337118,35.48087769561306]]]}},{"type":"Feature","properties":{"pid":"31103607-8d09-42bb-93b6-c2479f6f8035"},"geometry":{"type":"Polygon","coordinates":[[[135.80550147021387,35.48138250160693],[135.80505485491156,35.48066586225214],[135.8048788761144,35.48073954484865],[135.80532699549275,35.48145480418141],[135.80550147021387,35.48138250160693]]]}},{"type":"Feature","properties":{"pid":"ea03fbf6-9e8b-43dc-ae90-be71c32c8cf5"},"geometry":{"type":"Polygon","coordinates":[[[135.80417689696225,35.47979892024676],[135.80389112387283,35.479943560566106],[135.80440283460118,35.48077171598582],[135.8046992134327,35.48063667952],[135.80417689696225,35.47979892024676]]]}},{"type":"Feature","properties":{"pid":"20b1750b-7804-4066-a9b6-459e297f87e3"},"geometry":{"type":"Polygon","coordinates":[[[135.80471912543146,35.47969938941749],[135.8051741199046,35.48044923296698],[135.8053270666137,35.48038591059887],[135.80486051331602,35.47963862421858],[135.80471912543146,35.47969938941749]]]}},{"type":"Feature","properties":{"pid":"ab050861-2bc0-4420-a74b-6619d896e664"},"geometry":{"type":"Polygon","coordinates":[[[135.80451941502236,35.47962909500072],[135.8042877399468,35.47974341401587],[135.80482523319054,35.48059439738313],[135.80506118036797,35.480496230946],[135.80451941502236,35.47962909500072]]]}},{"type":"Feature","properties":{"pid":"74340dc1-8d21-4791-84de-1e8c6bf26d08"},"geometry":{"type":"Polygon","coordinates":[[[135.8050820313723,35.479665765843436],[135.80549633604465,35.48031562604493],[135.80582575939255,35.48017673673408],[135.80583425472008,35.48016001610114],[135.805426944147,35.47952579049744],[135.8050820313723,35.479665765843436]]]}},{"type":"Feature","properties":{"pid":"9c33a77e-16c6-4d90-8092-758beb07d21f"},"geometry":{"type":"Polygon","coordinates":[[[135.80538450597425,35.47925485894067],[135.80594264458878,35.480123971635415],[135.80610808880488,35.48005766229059],[135.8055460316565,35.4791840519458],[135.80538450597425,35.47925485894067]]]}},{"type":"Feature","properties":{"pid":"6fbfb043-5e67-46cc-ae5b-0239184d77c7"},"geometry":{"type":"Polygon","coordinates":[[[135.8063584525036,35.4810224568048],[135.8066156173778,35.480917103167215],[135.80618070938274,35.480203526297544],[135.8059165522862,35.48030837293918],[135.8063584525036,35.4810224568048]]]}},{"type":"Feature","properties":{"pid":"4751e076-2277-4b6e-92f7-f2035ba2ea7e"},"geometry":{"type":"Polygon","coordinates":[[[135.80556574174253,35.480448759482194],[135.80601383124517,35.48116955359315],[135.80622858942002,35.48108105093295],[135.8057795858287,35.48036075049652],[135.80556574174253,35.480448759482194]]]}},{"type":"Feature","properties":{"pid":"b912bf00-b17a-4500-bd2c-3bf7edbcb749"},"geometry":{"type":"Polygon","coordinates":[[[135.8054040487581,35.48051631273155],[135.8051675460482,35.48061797289678],[135.80561793954422,35.481334434373984],[135.805857145037,35.48123569296165],[135.8054040487581,35.48051631273155]]]}},{"type":"Feature","properties":{"pid":"9b10b00b-5444-4d9a-b279-9e9cc1c00412"},"geometry":{"type":"Polygon","coordinates":[[[135.80672509700128,35.48086838350246],[135.80686701456523,35.48080790926677],[135.80642840421422,35.480106375849495],[135.80629302330829,35.480160855924986],[135.80672509700128,35.48086838350246]]]}},{"type":"Feature","properties":{"pid":"c38c353a-7d9b-43c1-95f3-3a0b5f444406"},"geometry":{"type":"Polygon","coordinates":[[[135.8072660457021,35.48081793932471],[135.80770042086644,35.4815334731873],[135.80816327011587,35.481343933994665],[135.80771836499486,35.480629652902486],[135.8072660457021,35.48081793932471]]]}},{"type":"Feature","properties":{"pid":"429809d7-7e9e-4385-adde-478597131da7"},"geometry":{"type":"Polygon","coordinates":[[[135.80676751583073,35.48102320530889],[135.80721213834218,35.481735351545254],[135.80759270370595,35.4815823797035],[135.80715394873306,35.48086320075762],[135.80676751583073,35.48102320530889]]]}},{"type":"Feature","properties":{"pid":"cc46fbd2-5ce5-47ed-896e-f3fedccad46e"},"geometry":{"type":"Polygon","coordinates":[[[135.80846674948398,35.48031211243884],[135.80836980451906,35.48035251715101],[135.80882029690935,35.48107309569377],[135.80891809763222,35.48103200917578],[135.80846674948398,35.48031211243884]]]}},{"type":"Feature","properties":{"pid":"6c3c648f-c026-478b-8060-8e91a7b083ae"},"geometry":{"type":"Polygon","coordinates":[[[135.8087616805668,35.48018914801595],[135.80858611855388,35.48026234997401],[135.80903148313254,35.480984565216296],[135.80921283772565,35.48090891374263],[135.8087616805668,35.48018914801595]]]}},{"type":"Feature","properties":{"pid":"65f5e2dc-2f49-45a8-bccb-a9680f5b2ccd"},"geometry":{"type":"Polygon","coordinates":[[[135.80843758237611,35.47925389674722],[135.8082031243841,35.47935044646474],[135.80865380291948,35.48006813266],[135.8088856453995,35.47997148571227],[135.80843758237611,35.47925389674722]]]}},{"type":"Feature","properties":{"pid":"e133384a-cacf-4be2-9af0-ce99d3ff05cc"},"geometry":{"type":"Polygon","coordinates":[[[135.8078360219815,35.47950299768381],[135.80828586810847,35.48022240639351],[135.80853853772163,35.48011633911967],[135.80808942887265,35.479397418615115],[135.8078360219815,35.47950299768381]]]}},{"type":"Feature","properties":{"pid":"a4b10cdd-cd3e-44bb-9176-0ce5b46215d2"},"geometry":{"type":"Polygon","coordinates":[[[135.80768161716236,35.479573484712404],[135.807428816781,35.479677159481895],[135.80787499946908,35.48039594771045],[135.80812873424927,35.48029113102937],[135.80768161716236,35.479573484712404]]]}},{"type":"Feature","properties":{"pid":"85c23bbd-7ac4-449b-913c-e352dbb5d3d9"},"geometry":{"type":"Polygon","coordinates":[[[135.80729192097849,35.48063052413201],[135.80749420660635,35.480548542905],[135.8070457874865,35.47983972618736],[135.80685064903835,35.47992463717308],[135.80729192097849,35.48063052413201]]]}},{"type":"Feature","properties":{"pid":"a8b3b92a-41c0-4b7e-8f0f-d54b02c25334"},"geometry":{"type":"Polygon","coordinates":[[[135.8076828844964,35.48029822255018],[135.80732393934935,35.479722665236466],[135.80715408608634,35.47979211871137],[135.8076023212139,35.48050468856409],[135.80761999010676,35.48049701669111],[135.80755963625063,35.48039267512843],[135.80755940704066,35.48036258239204],[135.80758237965242,35.48033907656882],[135.8076828844964,35.48029822255018]]]}},{"type":"Feature","properties":{"pid":"eeaa478c-0cbf-417f-9ca0-6859b4230459"},"geometry":{"type":"Polygon","coordinates":[[[135.80673919780062,35.479972194361864],[135.80653875655915,35.480058775532115],[135.8069764707914,35.48076347485812],[135.80718319567447,35.48067724969743],[135.80673919780062,35.479972194361864]]]}},{"type":"Feature","properties":{"pid":"affdda5b-8fc3-4e41-9cbf-8ae60e95d0e6"},"geometry":{"type":"Polygon","coordinates":[[[135.8062196152733,35.47885350884013],[135.806798777358,35.479769110642806],[135.80687198512175,35.4797386390442],[135.80629571956771,35.47881918399356],[135.8062196152733,35.47885350884013]]]}},{"type":"Feature","properties":{"pid":"1433e764-7f85-4190-9fc0-aebfebb25e92"},"geometry":{"type":"Polygon","coordinates":[[[135.80697397231106,35.479696757963886],[135.8071263856879,35.47963340335367],[135.8071307062761,35.47961868299839],[135.80656557321768,35.47870541772359],[135.80639644824055,35.47877506025333],[135.80697397231106,35.479696757963886]]]}},{"type":"Feature","properties":{"pid":"e7341d48-071b-4777-b2d8-739137f6a842"},"geometry":{"type":"Polygon","coordinates":[[[135.80695747399741,35.47860417676139],[135.80750173077246,35.479481245669895],[135.80760158104857,35.47944011583779],[135.80705840116138,35.47858928634057],[135.80695747399741,35.47860417676139]]]}},{"type":"Feature","properties":{"pid":"80a38e63-4800-4242-9333-d4af98032201"},"geometry":{"type":"Polygon","coordinates":[[[135.80775927662253,35.47937607410207],[135.80819141523315,35.47919349213265],[135.80772753800682,35.47845260134996],[135.8076144736154,35.478455215423864],[135.80753534358138,35.478502524125396],[135.80730310363506,35.478503128971816],[135.80722635794234,35.47852258353693],[135.80775927662253,35.47937607410207]]]}},{"type":"Feature","properties":{"pid":"e9e6967b-71c3-4889-961e-ad027fe8cd74"},"geometry":{"type":"Polygon","coordinates":[[[135.80725291547859,35.47958051382038],[135.80739548411202,35.47952290261695],[135.80683388057068,35.47862176404429],[135.80668108877498,35.47866112444829],[135.80725291547859,35.47958051382038]]]}},{"type":"Feature","properties":{"pid":"31b716ee-1a71-4068-9277-78e40d971acb"},"geometry":{"type":"Polygon","coordinates":[[[135.80772092152372,35.47792576402805],[135.8079334903322,35.47792434786123],[135.80808485783896,35.47793400909335],[135.8080089913086,35.47780616117993],[135.80772092152372,35.47792576402805]]]}},{"type":"Feature","properties":{"pid":"6239c33a-cf20-4032-ab8d-74c85e3eb169"},"geometry":{"type":"Polygon","coordinates":[[[135.80812701519807,35.477766156167625],[135.8082038621196,35.47789627946424],[135.80834554419502,35.477897987832236],[135.80825246022204,35.47772758309626],[135.80812701519807,35.477766156167625]]]}},{"type":"Feature","properties":{"pid":"f5a0b5e0-5d34-455a-80a1-b752d6eb0573"},"geometry":{"type":"Polygon","coordinates":[[[135.8088325656935,35.47853585496985],[135.80851660022526,35.47848270276137],[135.80880272311398,35.47893888242493],[135.80902419209522,35.4788465947335],[135.8088325656935,35.47853585496985]]]}},{"type":"Feature","properties":{"pid":"784a4f48-42d5-4d22-928a-1b88a3b38fa3"},"geometry":{"type":"Polygon","coordinates":[[[135.80813402827468,35.47845343381013],[135.8085131729581,35.47905876313638],[135.80869374681697,35.47898412672085],[135.80836628348797,35.47846351481182],[135.80813402827468,35.47845343381013]]]}},{"type":"Feature","properties":{"pid":"2f44da59-d889-4fa4-87d4-8e4a32dd29ba"},"geometry":{"type":"Polygon","coordinates":[[[135.8079884626553,35.478453390843285],[135.80787244595896,35.478452086435254],[135.80830659768614,35.479144947962844],[135.80839959640412,35.47910598560891],[135.8079884626553,35.478453390843285]]]}},{"type":"Feature","properties":{"pid":"92a9ca8e-5fb6-4b75-bb1d-403f49d7a5ca"},"geometry":{"type":"Polygon","coordinates":[[[135.80912632061919,35.479872303999265],[135.8086771538169,35.479151525201736],[135.80855270092434,35.479205147861386],[135.80899970019595,35.47992433778753],[135.80912632061919,35.479872303999265]]]}},{"type":"Feature","properties":{"pid":"9117a79a-4a58-42c1-a054-417bf47cbc35"},"geometry":{"type":"Polygon","coordinates":[[[135.8096596467434,35.47965258454849],[135.80921288784248,35.478934050349],[135.80879030595702,35.4791038478269],[135.80923519848298,35.479827484342984],[135.8096596467434,35.47965258454849]]]}},{"type":"Feature","properties":{"pid":"42e022f1-7bff-41d3-b2a4-48c036415e78"},"geometry":{"type":"Polygon","coordinates":[[[135.80977197092227,35.47960503366462],[135.81016048705712,35.47944547405076],[135.8097120574632,35.47872119527129],[135.80932296496727,35.478882871935994],[135.80977197092227,35.47960503366462]]]}},{"type":"Feature","properties":{"pid":"3d1a201a-1827-4f30-928d-14a437bbac43"},"geometry":{"type":"Polygon","coordinates":[[[135.80983828416345,35.47869829467806],[135.81027154023326,35.47939694393531],[135.81043479320977,35.4793295927065],[135.81003718589048,35.47869303829813],[135.80983828416345,35.47869829467806]]]}},{"type":"Feature","properties":{"pid":"ec907c99-445d-494e-843a-e23322160a21"},"geometry":{"type":"Polygon","coordinates":[[[135.80896316236903,35.478526402244604],[135.80913445476764,35.47880028697915],[135.80958995367408,35.478608275757445],[135.80925761696693,35.47857323666671],[135.80896316236903,35.478526402244604]]]}},{"type":"Feature","properties":{"pid":"37f96e59-f44f-48ae-b1b4-f16afc71ad65"},"geometry":{"type":"Polygon","coordinates":[[[135.81013203240292,35.47803898464646],[135.81018459559695,35.4781166095706],[135.81043801602002,35.47805755484916],[135.81037670686175,35.477951303158214],[135.81013203240292,35.47803898464646]]]}},{"type":"Feature","properties":{"pid":"7bec4c7b-6000-495c-a849-e7c76d0f244e"},"geometry":{"type":"Polygon","coordinates":[[[135.8106254168291,35.478512616606174],[135.81074470558374,35.47871130801742],[135.81100906004957,35.478612809788864],[135.81090979008874,35.4784302784888],[135.8106254168291,35.478512616606174]]]}},{"type":"Feature","properties":{"pid":"58b1acf9-16e5-47b1-bf8e-85187b290ddc"},"geometry":{"type":"Polygon","coordinates":[[[135.8109277931408,35.47775367399272],[135.8105835077942,35.477877297165435],[135.81048839766717,35.477911319212424],[135.81055513109402,35.47802916596583],[135.81101843587493,35.47791326003119],[135.8109277931408,35.47775367399272]]]}},{"type":"Feature","properties":{"pid":"e71c2f44-f95a-4a75-a405-bb0e5f64a523"},"geometry":{"type":"Polygon","coordinates":[[[135.81130057776767,35.478935822700954],[135.8112383747799,35.47895999261854],[135.8111938330076,35.478947550968385],[135.81107057646523,35.478769777082626],[135.81083957651495,35.4788572799187],[135.81102392221553,35.4791531719081],[135.81135643268192,35.47902646164251],[135.81130057776767,35.478935822700954]]]}},{"type":"Feature","properties":{"pid":"7ace7e3a-f6c6-44e8-ad66-1ee32bc57a6f"},"geometry":{"type":"Polygon","coordinates":[[[135.8104304812331,35.47862917658623],[135.81017122489507,35.478686610534744],[135.81054443771947,35.479284034559065],[135.81078515276863,35.479183129010536],[135.8104304812331,35.47862917658623]]]}},{"type":"Feature","properties":{"pid":"f9513fde-5fa1-42e9-88a7-d0b971b5d1a5"},"geometry":{"type":"Polygon","coordinates":[[[135.81125594393498,35.47926203107314],[135.81110671080074,35.479320178246645],[135.811444980351,35.479857450028895],[135.81158622746014,35.47979823122404],[135.81125594393498,35.47926203107314]]]}},{"type":"Feature","properties":{"pid":"b74bed1e-cca0-4819-acbc-65d1cec0121c"},"geometry":{"type":"Polygon","coordinates":[[[135.81057235296362,35.47943386240078],[135.81023111134772,35.47958021942437],[135.81067075653442,35.480301275156705],[135.81102193748876,35.4801537417628],[135.81057235296362,35.47943386240078]]]}},{"type":"Feature","properties":{"pid":"659825ef-c59f-4aa3-a1ec-6eae453484d0"},"geometry":{"type":"Polygon","coordinates":[[[135.81112370836905,35.48010926294731],[135.81131514622106,35.480030590248816],[135.81086595015807,35.479311700092815],[135.81067787616058,35.479391572887536],[135.81112370836905,35.48010926294731]]]}},{"type":"Feature","properties":{"pid":"bb952ade-d785-439e-9918-9bba0c0cfd35"},"geometry":{"type":"Polygon","coordinates":[[[135.80947739184057,35.479890063700296],[135.8091881232281,35.480010542548015],[135.80963551912893,35.48072803950117],[135.80992571157714,35.48061083886227],[135.80947739184057,35.479890063700296]]]}},{"type":"Feature","properties":{"pid":"2ec14940-232a-4183-a272-4ac0c9db67cb"},"geometry":{"type":"Polygon","coordinates":[[[135.81017263051805,35.48050822791314],[135.8097248474071,35.47978749374552],[135.80958734299088,35.47984922690193],[135.8100331434743,35.480565713449316],[135.81017263051805,35.48050822791314]]]}},{"type":"Feature","properties":{"pid":"7142e564-30f3-48c9-95dd-1ed22f194ea6"},"geometry":{"type":"Polygon","coordinates":[[[135.81011576237273,35.47963312674309],[135.80983024796396,35.47974286584087],[135.8102769907137,35.48046069724743],[135.81055514915738,35.48034797984205],[135.81011576237273,35.47963312674309]]]}},{"type":"Feature","properties":{"pid":"7c61f74e-0aea-48c3-9ff8-6e0b7398a574"},"geometry":{"type":"Polygon","coordinates":[[[135.8095299928209,35.48077511603291],[135.80908133819628,35.48005661132986],[135.8088773542072,35.4801410392475],[135.8093307160376,35.48085941473471],[135.8095299928209,35.48077511603291]]]}},{"type":"Feature","properties":{"pid":"85688baa-f7f8-478f-89db-e6573a806d1f"},"geometry":{"type":"Polygon","coordinates":[[[135.81035303707498,35.48169601116129],[135.81054446710073,35.48161627957046],[135.8101052310708,35.48091225979016],[135.80991134553577,35.48099194349669],[135.81035303707498,35.48169601116129]]]}},{"type":"Feature","properties":{"pid":"33093e83-f057-4a69-a0b7-8d6f19c4b47a"},"geometry":{"type":"Polygon","coordinates":[[[135.8113662583551,35.48127291880234],[135.8109252079302,35.48056852059215],[135.8104764870959,35.48075207996794],[135.81091419918195,35.48145918416307],[135.8113662583551,35.48127291880234]]]}},{"type":"Feature","properties":{"pid":"9badeecf-8ccb-4be4-875b-743857a3c363"},"geometry":{"type":"Polygon","coordinates":[[[135.81036119456147,35.48080001090101],[135.8102390470641,35.48085168148379],[135.81041049334473,35.48112069334475],[135.81053028764762,35.481069614354276],[135.81036119456147,35.48080001090101]]]}},{"type":"Feature","properties":{"pid":"1351907e-6ee8-44a9-b47f-388e1646fd8b"},"geometry":{"type":"Polygon","coordinates":[[[135.8117726820608,35.48110484925123],[135.81194529514016,35.48103306729841],[135.81149928602943,35.48031910849429],[135.8113275520753,35.480392173129566],[135.8117726820608,35.48110484925123]]]}},{"type":"Feature","properties":{"pid":"aa62f2a6-0504-4a14-b803-a03a82f2be3c"},"geometry":{"type":"Polygon","coordinates":[[[135.81147839945538,35.48122420744059],[135.8116623330435,35.481149116374596],[135.81121856630955,35.48044282742936],[135.81103663988364,35.480523131558215],[135.81147839945538,35.48122420744059]]]}},{"type":"Feature","properties":{"pid":"9ef55745-9367-4bde-b5c6-d49dc8e7ab01"},"geometry":{"type":"Polygon","coordinates":[[[135.81221086226824,35.48110680728348],[135.8125450922941,35.480978041456],[135.81230960126598,35.48055424566045],[135.8122354257281,35.48052255062118],[135.8119223426764,35.48063944002821],[135.81221086226824,35.48110680728348]]]}},{"type":"Feature","properties":{"pid":"cf8d19fc-9785-4799-a0cd-feb468eefb90"},"geometry":{"type":"Polygon","coordinates":[[[135.8117246829287,35.4802195385319],[135.8118872437292,35.480489592713965],[135.81196717832302,35.480457373685546],[135.81179429911072,35.480191138354755],[135.8117246829287,35.4802195385319]]]}},{"type":"Feature","properties":{"pid":"36b2c6e9-0592-482c-ba07-2f22cb78b502"},"geometry":{"type":"Polygon","coordinates":[[[135.81358777881286,35.47983498111189],[135.8136856286603,35.479852792772384],[135.8138291095058,35.48005048974593],[135.81399666504075,35.480006583988015],[135.81389092458167,35.4798871244796],[135.81388639714643,35.47985393638955],[135.81375921786253,35.47967916095096],[135.81372727879972,35.47967157156429],[135.8136828526281,35.479691015439585],[135.81370426958108,35.47972484953831],[135.81370306764325,35.47977156291107],[135.81358777881286,35.47983498111189]]]}},{"type":"Feature","properties":{"pid":"8dd30c28-2ecb-4797-9b29-a89e1b81e93c"},"geometry":{"type":"Polygon","coordinates":[[[135.81365434901736,35.480544068737196],[135.81407883721963,35.480385222742306],[135.8139661153516,35.4802645543121],[135.81397759736683,35.480227134399385],[135.8140465619879,35.48018670470582],[135.81400267713533,35.48011279414484],[135.8138195928777,35.480162097630874],[135.81358584362712,35.48025480595504],[135.8135240243959,35.4803244434571],[135.81365434901736,35.480544068737196]]]}},{"type":"Feature","properties":{"pid":"a0a56d0a-ccd8-4d21-aabf-22988d869622"},"geometry":{"type":"Polygon","coordinates":[[[135.81347385407574,35.48061050182252],[135.81354607621213,35.48058336155667],[135.81343815897392,35.48039989938992],[135.81338268546304,35.480447481851776],[135.81347385407574,35.48061050182252]]]}},{"type":"Feature","properties":{"pid":"2373317d-0372-42da-9d0a-0327300818f5"},"geometry":{"type":"Polygon","coordinates":[[[135.81340500818123,35.48153811577563],[135.81305423515258,35.48096774843817],[135.81291040462398,35.48102064625086],[135.81326349918646,35.48159070890173],[135.81340500818123,35.48153811577563]]]}},{"type":"Feature","properties":{"pid":"00c77253-e9ad-4a03-a430-e4e4d191bf33"},"geometry":{"type":"Polygon","coordinates":[[[135.81316041820642,35.480927223997014],[135.8135139357031,35.48149743741866],[135.81371485196465,35.4814232211989],[135.81339014585643,35.48086710259985],[135.8133509930335,35.480849748452684],[135.81316041820642,35.480927223997014]]]}},{"type":"Feature","properties":{"pid":"6093ef0c-9403-4fdb-b262-24e556e4caa5"},"geometry":{"type":"Polygon","coordinates":[[[135.81356167797617,35.48077239134072],[135.81390327390835,35.48135497229877],[135.81401247626923,35.48131553501397],[135.8136676510025,35.480728273112234],[135.81356167797617,35.48077239134072]]]}},{"type":"Feature","properties":{"pid":"8440b33a-51ac-4c01-b1f7-b41ed4224c6b"},"geometry":{"type":"MultiPolygon","coordinates":[[[[135.8140203829152,35.48109797729963],[135.8140641593703,35.48107977355739],[135.8142191178082,35.481089076955556],[135.8142392954392,35.48111932630414],[135.81423906902145,35.481232814001615],[135.81439502169712,35.48117553892231],[135.81404866060169,35.480581968637935],[135.81378073797663,35.48068444247274],[135.8140203829152,35.48109797729963]]],[[[135.81413855967995,35.48126761785608],[135.81411880061268,35.481267806925246],[135.81412189178656,35.48127314104315],[135.81413855967995,35.48126761785608]]]]}},{"type":"Feature","properties":{"pid":"4e8f9e30-3646-4140-983d-e95db242a6eb"},"geometry":{"type":"Polygon","coordinates":[[[135.81444774221907,35.48043040460687],[135.81415936216095,35.480538499593294],[135.81451146672867,35.48113298467471],[135.81479892605088,35.48102811991297],[135.81444774221907,35.48043040460687]]]}},{"type":"Feature","properties":{"pid":"a67007cf-bb5f-403c-864e-92673af42453"},"geometry":{"type":"Polygon","coordinates":[[[135.81456148995971,35.48038460113835],[135.81491213226056,35.48098666711938],[135.81518505591046,35.480886531040916],[135.81483347747613,35.48028386503408],[135.81456148995971,35.48038460113835]]]}},{"type":"Feature","properties":{"pid":"42551906-03fd-4d63-84e7-916977cae49c"},"geometry":{"type":"Polygon","coordinates":[[[135.81530104024478,35.480844314567406],[135.8154546116045,35.48078801138353],[135.81511926154386,35.48017498516911],[135.81494543232694,35.480236322878476],[135.81530104024478,35.480844314567406]]]}},{"type":"Feature","properties":{"pid":"5b6eb2b0-459d-4567-88a7-37cff74219c6"},"geometry":{"type":"Polygon","coordinates":[[[135.81579503483374,35.48081594644093],[135.81620160521058,35.48155561815158],[135.81640119238247,35.48147756439862],[135.81597708534107,35.48074580097016],[135.81579503483374,35.48081594644093]]]}},{"type":"Feature","properties":{"pid":"68cc4033-df10-4f78-b75b-5f6f6ac137d5"},"geometry":{"type":"Polygon","coordinates":[[[135.81697254574962,35.48125517397875],[135.81654529264284,35.480523520932294],[135.81641059598917,35.480577363579805],[135.81682851107755,35.48131042564334],[135.81697254574962,35.48125517397875]]]}},{"type":"Feature","properties":{"pid":"6a129e5e-6939-42cc-97a7-a1e8270fdc95"},"geometry":{"type":"Polygon","coordinates":[[[135.8167158105256,35.48135399504456],[135.81629357791815,35.48062315800658],[135.81610473096177,35.480696348421176],[135.81651560134452,35.48143214896648],[135.8167158105256,35.48135399504456]]]}},{"type":"Feature","properties":{"pid":"878bc579-f91e-4cc7-888e-bceb715973c4"},"geometry":{"type":"Polygon","coordinates":[[[135.815436061423,35.47990109638732],[135.81550224122353,35.4800568678373],[135.81548415732868,35.48010411774278],[135.8154295034936,35.48012904488862],[135.81546695927895,35.480205604726116],[135.81570685514515,35.48011571856817],[135.81556375986233,35.47985949626158],[135.815436061423,35.47990109638732]]]}},{"type":"Feature","properties":{"pid":"92047fae-6253-4e61-ab60-71fffa42f75d"},"geometry":{"type":"Polygon","coordinates":[[[135.8158761603944,35.48018719620418],[135.81608396706815,35.4805446949266],[135.81620735627948,35.48049775153658],[135.81600130013587,35.480137422043825],[135.8158761603944,35.48018719620418]]]}},{"type":"Feature","properties":{"pid":"4bcb828a-bd4b-4ee4-94ea-cc7baf8e02e7"},"geometry":{"type":"Polygon","coordinates":[[[135.81589673288005,35.47971877413417],[135.81631711489075,35.480452813390514],[135.81658000532957,35.480351081551206],[135.81615026027083,35.479613005679],[135.81589673288005,35.47971877413417]]]}},{"type":"Feature","properties":{"pid":"a2a64c1f-fac1-4544-818b-c5aa27b908e3"},"geometry":{"type":"Polygon","coordinates":[[[135.81625885247547,35.47956637789206],[135.81668641379852,35.4803057727946],[135.8167716755564,35.48027438925711],[135.81634034861077,35.4795305660949],[135.81625885247547,35.47956637789206]]]}},{"type":"Feature","properties":{"pid":"ddfd2c88-1e80-48d9-8e21-76ec336bc373"},"geometry":{"type":"Polygon","coordinates":[[[135.81581182625752,35.48007366692917],[135.8159391390634,35.48002472060761],[135.8157894853384,35.47976704890923],[135.81566742051706,35.479818796624755],[135.81581182625752,35.48007366692917]]]}},{"type":"Feature","properties":{"pid":"09c2ecec-8aed-413d-8552-2beabd1f9aa4"},"geometry":{"type":"Polygon","coordinates":[[[135.81534752402226,35.479766648821624],[135.81550096933037,35.47971561600132],[135.81544970744662,35.47958488185817],[135.81529284780214,35.479633685915246],[135.81534752402226,35.479766648821624]]]}},{"type":"Feature","properties":{"pid":"81319c40-be4e-45fb-983e-f03313906e46"},"geometry":{"type":"Polygon","coordinates":[[[135.81540477506846,35.479450164721726],[135.8153092483371,35.47921893036852],[135.81506641155667,35.47927843561616],[135.8150362524599,35.47936471795408],[135.8151241443352,35.47953619749762],[135.81540477506846,35.479450164721726]]]}},{"type":"Feature","properties":{"pid":"e08db9c5-2d69-4bee-85cd-fd8f48f4442d"},"geometry":{"type":"Polygon","coordinates":[[[135.81561827550195,35.4796651256767],[135.81601200274469,35.47950020941474],[135.81581033054903,35.478977070256256],[135.81564831818926,35.479074582786104],[135.81541990401738,35.47918071999101],[135.81561827550195,35.4796651256767]]]}},{"type":"Feature","properties":{"pid":"86abe524-4d74-4b12-bf47-7a92636bb322"},"geometry":{"type":"Polygon","coordinates":[[[135.81639410274013,35.479340914367626],[135.8165639020803,35.479269333419076],[135.81632311728507,35.478636902866924],[135.81621471507836,35.47865892431266],[135.81615362577872,35.4787078864614],[135.81639410274013,35.479340914367626]]]}},{"type":"Feature","properties":{"pid":"ab0f2c68-9ecd-435d-b753-32ea11d39354"},"geometry":{"type":"Polygon","coordinates":[[[135.81653428576828,35.47858737434983],[135.8164362089647,35.47861045542724],[135.816673089027,35.479225302374736],[135.81676234171212,35.47918933687202],[135.81653428576828,35.47858737434983]]]}},{"type":"Feature","properties":{"pid":"f11f0984-e8f8-44f3-ac89-0ca2c21da6e2"},"geometry":{"type":"Polygon","coordinates":[[[135.81628666189903,35.47938680408001],[135.81605827635127,35.478786936426125],[135.81590955670427,35.47890715367033],[135.81611929197805,35.479453961114764],[135.81628666189903,35.47938680408001]]]}},{"type":"Feature","properties":{"pid":"7795661c-56bc-469f-92cb-360d76c09036"},"geometry":{"type":"Polygon","coordinates":[[[135.8116286574036,35.47911819120189],[135.81204812030273,35.479785275825286],[135.8123066390686,35.47975152060962],[135.81231133326742,35.47971006438642],[135.81235095493028,35.47968727624185],[135.81209815908147,35.47942670179749],[135.81204034016397,35.47940599030238],[135.811822866239,35.47904166589037],[135.8116286574036,35.47911819120189]]]}},{"type":"Feature","properties":{"pid":"22eafcd1-44a0-43be-bf9b-ad926dee06f6"},"geometry":{"type":"Polygon","coordinates":[[[135.81175198029015,35.479853422177634],[135.81193148542994,35.479814291076416],[135.81151869327252,35.479159170406874],[135.81136380659152,35.47922065493213],[135.81175198029015,35.479853422177634]]]}},{"type":"Feature","properties":{"pid":"dc5e5f2d-b9c0-4c37-9f66-a66db963b01d"},"geometry":{"type":"Polygon","coordinates":[[[135.81193660546273,35.47895779626942],[135.81205111419484,35.479154493862815],[135.81208351712712,35.47920934862777],[135.81211075002216,35.47909271301254],[135.81200571428323,35.478929951370475],[135.81193660546273,35.47895779626942]]]}},{"type":"Feature","properties":{"pid":"836ce78c-2773-4e41-a4d9-593b255c4c35"},"geometry":{"type":"Polygon","coordinates":[[[135.81213756583938,35.47887536287635],[135.8121979250836,35.478973155911774],[135.81226631200516,35.47891209642143],[135.8122102899879,35.47884731950977],[135.81213756583938,35.47887536287635]]]}},{"type":"Feature","properties":{"pid":"832c4b39-da50-4703-9f42-41241240f82a"},"geometry":{"type":"Polygon","coordinates":[[[135.81141620012937,35.478901631034816],[135.8114674659651,35.47898490200754],[135.81195554012984,35.47879765512566],[135.81194501168122,35.47877433352243],[135.81141620012937,35.478901631034816]]]}},{"type":"Feature","properties":{"pid":"3884cc73-6eb4-4788-a94a-f52b6e4961c5"},"geometry":{"type":"Polygon","coordinates":[[[135.81180238981716,35.478280335932304],[135.8119538892135,35.47831122296737],[135.8118930712642,35.47814518025861],[135.8117554605058,35.478188442469886],[135.81180238981716,35.478280335932304]]]}},{"type":"Feature","properties":{"pid":"b63f39d9-6685-4897-b11f-0037159930e3"},"geometry":{"type":"Polygon","coordinates":[[[135.81198580741267,35.47766846404728],[135.81185623565227,35.47742040853008],[135.81155414990442,35.47752427702227],[135.81166927867335,35.4777486074259],[135.81198580741267,35.47766846404728]]]}},{"type":"Feature","properties":{"pid":"ba87cd62-59f3-498a-894d-149c2e7ba9c1"},"geometry":{"type":"Polygon","coordinates":[[[135.81220585125124,35.477306009232755],[135.81217893255,35.47730345071297],[135.81196170636386,35.477382606371236],[135.8120984395886,35.4776399224911],[135.81235336497895,35.477576299749764],[135.81220585125124,35.477306009232755]]]}},{"type":"Feature","properties":{"pid":"9982b0a5-176d-4ba8-97c7-48f78c29c14b"},"geometry":{"type":"Polygon","coordinates":[[[135.8123695269194,35.47722613118767],[135.8125319505535,35.47752237582615],[135.8125992125676,35.47750486403951],[135.81264784864373,35.47751486994816],[135.81247491145746,35.47718748847012],[135.8123695269194,35.47722613118767]]]}},{"type":"Feature","properties":{"pid":"bf3b94a2-206e-442f-a56b-1cf11c401059"},"geometry":{"type":"Polygon","coordinates":[[[135.81397345980767,35.47666229468449],[135.81332915356347,35.47689459432661],[135.81386522096912,35.47762468788053],[135.81428009974675,35.47746721155605],[135.81397345980767,35.47666229468449]]]}},{"type":"Feature","properties":{"pid":"e23b63d6-bf7d-4ddd-93e4-9bae4bc1ac85"},"geometry":{"type":"Polygon","coordinates":[[[135.81337851269265,35.475672126945376],[135.81371710042137,35.476586015044816],[135.81388418137303,35.47652835663742],[135.81354939272117,35.47561374059863],[135.81337851269265,35.475672126945376]]]}},{"type":"Feature","properties":{"pid":"6931b773-8232-4dba-ab32-06d3c1730683"},"geometry":{"type":"Polygon","coordinates":[[[135.81308642969475,35.475780403718446],[135.81337151322313,35.476542876828205],[135.81344230348574,35.476679685768126],[135.81360935773762,35.476622414647316],[135.81327274910046,35.475710339072776],[135.81308642969475,35.475780403718446]]]}},{"type":"Feature","properties":{"pid":"6919981f-defb-4447-a8bf-5a7bb51029d4"},"geometry":{"type":"Polygon","coordinates":[[[135.81266808772318,35.47594236980821],[135.81310889725125,35.476573983659705],[135.8132477110241,35.47653299228763],[135.81298031700825,35.475820942039405],[135.81266808772318,35.47594236980821]]]}},{"type":"Feature","properties":{"pid":"52b7ffab-5583-447b-b803-8cd8dfd67ddc"},"geometry":{"type":"Polygon","coordinates":[[[135.8120718253357,35.47617146012358],[135.8125282975218,35.4770025349726],[135.8129238623365,35.47684775687618],[135.81229162455767,35.4760599318841],[135.8120718253357,35.47617146012358]]]}},{"type":"Feature","properties":{"pid":"40154294-683c-4152-8f91-27483332d61f"},"geometry":{"type":"Polygon","coordinates":[[[135.81175315089337,35.47630802127506],[135.81220014770625,35.477123712512416],[135.81241464924605,35.477044817819305],[135.81196295464383,35.47621849363265],[135.81175315089337,35.47630802127506]]]}},{"type":"Feature","properties":{"pid":"fe8688c6-001c-4788-97c0-429e47203aa8"},"geometry":{"type":"Polygon","coordinates":[[[135.81142365912686,35.476448539732324],[135.81186222760752,35.47724870965932],[135.81208598834107,35.477165701126935],[135.81164286982343,35.47635478275864],[135.81142365912686,35.476448539732324]]]}},{"type":"Feature","properties":{"pid":"ada67f27-34c2-4b20-8fa0-82263491ed9c"},"geometry":{"type":"Polygon","coordinates":[[[135.81192843874777,35.47489143483069],[135.8119661884043,35.47489459945833],[135.8120931958368,35.47484785195254],[135.81171003446102,35.47441208219052],[135.81157170906627,35.4744522851693],[135.81192843874777,35.47489143483069]]]}},{"type":"Feature","properties":{"pid":"b7a0422f-d303-4cef-b71c-d3e92f68ef38"},"geometry":{"type":"Polygon","coordinates":[[[135.81217020793304,35.47476407180146],[135.8122472837427,35.47461681221821],[135.8120371110115,35.474359467200614],[135.8118381596021,35.474388853721614],[135.81217020793304,35.47476407180146]]]}},{"type":"Feature","properties":{"pid":"3896b3c9-0586-4cc8-aae6-f3a090c4b08c"},"geometry":{"type":"Polygon","coordinates":[[[135.81365752232958,35.47557850237032],[135.8139913630021,35.47649110108117],[135.81416454895773,35.47642957527355],[135.81382891398985,35.47552460462954],[135.81365752232958,35.47557850237032]]]}},{"type":"Feature","properties":{"pid":"4a648cfe-e15e-403b-aa4f-035b7c7a9ba1"},"geometry":{"type":"Polygon","coordinates":[[[135.81393939749526,35.47549139090018],[135.81427521056196,35.47639172113105],[135.8147934707584,35.47621639124062],[135.81448285157487,35.475345839384715],[135.81393939749526,35.47549139090018]]]}},{"type":"Feature","properties":{"pid":"4359618f-2bb2-49db-9932-11f04ad0fa1e"},"geometry":{"type":"Polygon","coordinates":[[[135.81490366161353,35.47617535544922],[135.81507996117514,35.476113537670834],[135.8147684210559,35.47526762925531],[135.81459402686394,35.475315963564334],[135.81490366161353,35.47617535544922]]]}},{"type":"Feature","properties":{"pid":"5b1b665e-f654-4b26-81a8-372d2bea28e9"},"geometry":{"type":"Polygon","coordinates":[[[135.81506852965325,35.47519091248798],[135.81488147351521,35.475239510846215],[135.8151890862434,35.4760773188882],[135.81536834387498,35.47601972772759],[135.81506852965325,35.47519091248798]]]}},{"type":"Feature","properties":{"pid":"3e5cef08-c0da-4150-82bd-a96e26c49e07"},"geometry":{"type":"Polygon","coordinates":[[[135.81621997985403,35.47499630635472],[135.816490269686,35.47574573956218],[135.81671580457098,35.47569043495771],[135.81646615189635,35.47497813530325],[135.81621997985403,35.47499630635472]]]}},{"type":"Feature","properties":{"pid":"ad11b8ab-b8f2-4926-a1c7-2878c5d46b21"},"geometry":{"type":"Polygon","coordinates":[[[135.81592609351623,35.475031527090685],[135.81620194028994,35.475804402712406],[135.81637468205383,35.47576738395858],[135.81610399500755,35.475009804936455],[135.81592609351623,35.475031527090685]]]}},{"type":"Feature","properties":{"pid":"01b7fa44-e906-4e9d-ad5d-f094c26f7efb"},"geometry":{"type":"Polygon","coordinates":[[[135.81554008180467,35.47597248256565],[135.81608986971005,35.47583025555721],[135.81581144279312,35.475047454160475],[135.81523685309855,35.4751511281522],[135.81554008180467,35.47597248256565]]]}},{"type":"Feature","properties":{"pid":"c2ca547d-50d2-48ee-aede-685c1acff8b8"},"geometry":{"type":"Polygon","coordinates":[[[135.81623376639865,35.47596620127158],[135.81650163506757,35.476739247603646],[135.81670737307186,35.47668882626805],[135.8164300236667,35.4759205782003],[135.81623376639865,35.47596620127158]]]}},{"type":"Feature","properties":{"pid":"8cb0ec3c-a925-4f92-a187-7ac90a7b661d"},"geometry":{"type":"Polygon","coordinates":[[[135.81559049211523,35.476119920095314],[135.81587150650276,35.476889490053885],[135.8163874239288,35.47676690429973],[135.81612306809967,35.475997385434745],[135.81559049211523,35.476119920095314]]]}},{"type":"Feature","properties":{"pid":"241ff0db-03fa-495e-b9a6-8588ab150386"},"geometry":{"type":"Polygon","coordinates":[[[135.81478358145813,35.47639208869749],[135.81446626471103,35.47651119599579],[135.8147449358086,35.47728714022172],[135.81506319079935,35.47717266884029],[135.81478358145813,35.47639208869749]]]}},{"type":"Feature","properties":{"pid":"e200f4e2-b146-4957-bfc8-121831f500ab"},"geometry":{"type":"Polygon","coordinates":[[[135.81511228207745,35.47628026756887],[135.81488947954895,35.476355508835766],[135.8151697999162,35.4771339499023],[135.81539181000423,35.47705456622822],[135.81511228207745,35.47628026756887]]]}},{"type":"Feature","properties":{"pid":"3591347b-4010-4a6c-8ddf-921b974a9458"},"geometry":{"type":"Polygon","coordinates":[[[135.81522608489217,35.47624213389349],[135.8154988444162,35.477011391077774],[135.81569716125287,35.47694393131551],[135.81541609188204,35.47617713025329],[135.81522608489217,35.47624213389349]]]}},{"type":"Feature","properties":{"pid":"e3029ecf-83ed-4c37-9a58-db0a571ccce2"},"geometry":{"type":"Polygon","coordinates":[[[135.81409815917897,35.47664794579391],[135.81438934823692,35.477427244720296],[135.8146349418416,35.47733317838587],[135.81434982708453,35.47654007436123],[135.81413289635734,35.476610294022414],[135.81409815917897,35.47664794579391]]]}},{"type":"Feature","properties":{"pid":"910fd5a9-ae44-43f0-978d-aaecb965115a"},"geometry":{"type":"Polygon","coordinates":[[[135.8139618655798,35.47774859633405],[135.81405373583695,35.47787615437058],[135.81425448229132,35.477941568549205],[135.81480936944408,35.47798039888044],[135.81501932500726,35.477963107972805],[135.81475424865053,35.47745259741995],[135.8139618655798,35.47774859633405]]]}},{"type":"Feature","properties":{"pid":"37239a3d-4d1e-4703-9c1b-e63c09c365c4"},"geometry":{"type":"Polygon","coordinates":[[[135.81514156111933,35.477954349977054],[135.81568177107712,35.47783011602155],[135.8153660819107,35.477223482861184],[135.81485717419744,35.477409223782104],[135.81514156111933,35.477954349977054]]]}},{"type":"Feature","properties":{"pid":"85ca9409-2aa3-4ba7-bd1e-3927f6fe48c2"},"geometry":{"type":"Polygon","coordinates":[[[135.8154739927572,35.47718477826378],[135.81578864121863,35.477792081747545],[135.81598690134078,35.47774965636667],[135.81574775320217,35.47708578867129],[135.8154739927572,35.47718477826378]]]}},{"type":"Feature","properties":{"pid":"cc7e1d1d-e95d-434d-853f-a4afe984c813"},"geometry":{"type":"Polygon","coordinates":[[[135.81630645546315,35.47693594530627],[135.81659942821216,35.47772499569929],[135.8167250381511,35.477703853808094],[135.81642924006417,35.476908178071206],[135.81630645546315,35.47693594530627]]]}},{"type":"Feature","properties":{"pid":"a70f9216-5f55-460d-bd51-f3850c2ad53c"},"geometry":{"type":"Polygon","coordinates":[[[135.8161952321153,35.47696193147376],[135.81592117010766,35.47702979535229],[135.81617984304177,35.47772223571224],[135.81647144107723,35.4777312987047],[135.8161952321153,35.47696193147376]]]}},{"type":"Feature","properties":{"pid":"db6e33d3-3161-426a-87c5-cede2224e230"},"geometry":{"type":"Polygon","coordinates":[[[135.81655878905943,35.47687582697836],[135.81685979939314,35.47767134356015],[135.81703904466355,35.4776272396315],[135.81675996351547,35.47682858355366],[135.81655878905943,35.47687582697836]]]}},{"type":"Feature","properties":{"pid":"ace88abe-5a3f-446b-bfda-fb62ef456cc2"},"geometry":{"type":"Polygon","coordinates":[[[135.81715718614976,35.47759653448225],[135.8172454600239,35.47757334392907],[135.8169661184681,35.47678157244463],[135.81687705175216,35.47680229821808],[135.81715718614976,35.47759653448225]]]}},{"type":"Feature","properties":{"pid":"00fb27f0-eac8-46fc-86ab-f8cc2d0af87b"},"geometry":{"type":"Polygon","coordinates":[[[135.81735706994303,35.47754229200686],[135.81769715339613,35.47744070125762],[135.81741810140053,35.4766722662443],[135.81707932834848,35.476755059244866],[135.81735706994303,35.47754229200686]]]}},{"type":"Feature","properties":{"pid":"d633d301-ad68-4f0e-a05c-0f78d59fefc7"},"geometry":{"type":"Polygon","coordinates":[[[135.8175288292165,35.47664347002423],[135.81780988515908,35.47741599693024],[135.81801628134963,35.4773589733274],[135.8177373780379,35.476595101277084],[135.8175288292165,35.47664347002423]]]}},{"type":"Feature","properties":{"pid":"1fd5d396-5843-4595-ad31-bf0e863c2ca9"},"geometry":{"type":"Polygon","coordinates":[[[135.81840209613586,35.477271747639165],[135.81812208924657,35.47649528101565],[135.81791408768783,35.47654150447171],[135.81819720446356,35.47732298651902],[135.81840209613586,35.477271747639165]]]}},{"type":"Feature","properties":{"pid":"1b6d5e3d-c18c-4cf3-b969-9345b925085b"},"geometry":{"type":"Polygon","coordinates":[[[135.81851499663304,35.4772419272575],[135.81880730114435,35.47717360702451],[135.81853008938313,35.476400758185534],[135.81823610072453,35.476469567882624],[135.81851499663304,35.4772419272575]]]}},{"type":"Feature","properties":{"pid":"c7816236-0515-4b91-bf97-b6b870fb682a"},"geometry":{"type":"Polygon","coordinates":[[[135.81894825569714,35.47629216270309],[135.8186435358988,35.47636661845031],[135.81892227701292,35.47714785686329],[135.81922955678297,35.477073845579724],[135.81894825569714,35.47629216270309]]]}},{"type":"Feature","properties":{"pid":"d668894e-307a-4ff5-9358-f2afdec71515"},"geometry":{"type":"Polygon","coordinates":[[[135.81922311977,35.476227085641504],[135.81907398036606,35.47626200685701],[135.8191888856476,35.47659126391868],[135.81935471847893,35.477043785844444],[135.81950510162497,35.477008190082834],[135.81922311977,35.476227085641504]]]}},{"type":"Feature","properties":{"pid":"32d31c09-0c7f-4ce3-a751-08c519db8bdd"},"geometry":{"type":"Polygon","coordinates":[[[135.8168194376572,35.47665836019304],[135.81769552121744,35.47645203455342],[135.8174137959629,35.47567686449715],[135.81654156468554,35.47589242142682],[135.8168194376572,35.47665836019304]]]}},{"type":"Feature","properties":{"pid":"f38bbec4-71b0-47b5-8998-c65cbcbf8b28"},"geometry":{"type":"Polygon","coordinates":[[[135.81758546370284,35.47563610392325],[135.81786328932037,35.47640794882832],[135.8179783903136,35.47637911325389],[135.81771427404001,35.47561743764981],[135.8176995098348,35.47560887957521],[135.81758546370284,35.47563610392325]]]}},{"type":"Feature","properties":{"pid":"b9b18ff0-7acd-4067-9c06-ba171e7d298f"},"geometry":{"type":"Polygon","coordinates":[[[135.81733237991878,35.4749370492118],[135.81753533736398,35.47549501317902],[135.81804555887493,35.47536928419917],[135.81788628155277,35.474921358941074],[135.81733237991878,35.4749370492118]]]}},{"type":"Feature","properties":{"pid":"4a94f076-3a94-4c8d-85aa-d6697e5d2b7c"},"geometry":{"type":"Polygon","coordinates":[[[135.81711900063326,35.475589713927505],[135.81736396508666,35.475531667038396],[135.81715090667709,35.474945125892916],[135.8168884923184,35.47495476471865],[135.81711900063326,35.475589713927505]]]}},{"type":"Feature","properties":{"pid":"19391a45-49a3-49da-af86-3563dc49b9ba"},"geometry":{"type":"Polygon","coordinates":[[[135.8168245164712,35.47565840937834],[135.81700524105077,35.47561561309822],[135.81676674420575,35.474959493295636],[135.8165834565032,35.474969170824636],[135.8168245164712,35.47565840937834]]]}},{"type":"Feature","properties":{"pid":"6dbcc60e-5d36-410d-9fd4-c52592d5118a"},"geometry":{"type":"Polygon","coordinates":[[[135.8188096958214,35.474896241107324],[135.81853782559153,35.47490241776134],[135.8186496914864,35.47522227076378],[135.8189084677679,35.475160490105914],[135.8188096958214,35.474896241107324]]]}},{"type":"Feature","properties":{"pid":"ca1526a6-3635-4ae6-bdde-b4fa40f24148"},"geometry":{"type":"Polygon","coordinates":[[[135.81903720127968,35.47512942499845],[135.81937568014936,35.47504847639895],[135.8193161086802,35.47488314408804],[135.81894674213765,35.47488753863346],[135.81903720127968,35.47512942499845]]]}},{"type":"Feature","properties":{"pid":"0fa2d132-9db7-4889-9a5e-777d550bf133"},"geometry":{"type":"Polygon","coordinates":[[[135.81852906361567,35.47525109262317],[135.81840920222436,35.47490609412141],[135.81800809393215,35.474917589212545],[135.8181581766357,35.47534125414007],[135.81852906361567,35.47525109262317]]]}},{"type":"Feature","properties":{"pid":"1a09607f-44ea-4d52-ae3f-7e456d0521f7"},"geometry":{"type":"Polygon","coordinates":[[[135.81783226840653,35.475576331678376],[135.8178235880066,35.475589429105156],[135.8180894378109,35.4763522619152],[135.81836550742548,35.476286857156865],[135.81808838510676,35.47551509540098],[135.81783226840653,35.475576331678376]]]}},{"type":"Feature","properties":{"pid":"f022648c-796c-4f9b-9426-ca72c0fafa89"},"geometry":{"type":"Polygon","coordinates":[[[135.8184801866884,35.47625844817757],[135.81860088031104,35.476228371768144],[135.81832961332267,35.47545693021326],[135.81820353604576,35.475487930601524],[135.8184801866884,35.47625844817757]]]}},{"type":"Feature","properties":{"pid":"a15c623f-0890-4238-9a01-4c18919ef31b"},"geometry":{"type":"Polygon","coordinates":[[[135.81871266508932,35.476201779537924],[135.81882740705555,35.476173709959745],[135.81854946946518,35.47540160408946],[135.81844264869503,35.47542915375508],[135.81871266508932,35.476201779537924]]]}},{"type":"Feature","properties":{"pid":"92995dc9-9ec9-4378-982e-a6ca19a39750"},"geometry":{"type":"Polygon","coordinates":[[[135.81865637505936,35.4753717054245],[135.81893400836773,35.47614827659574],[135.8194394537245,35.47602638790105],[135.81915992580008,35.47525152858052],[135.81865637505936,35.4753717054245]]]}},{"type":"Feature","properties":{"pid":"412d2928-88a3-4ba1-9b28-6328a20aa6ac"},"geometry":{"type":"Polygon","coordinates":[[[135.8194233622197,35.47518649420442],[135.81928545906257,35.475220812141984],[135.81956362362374,35.475996471622906],[135.81970400104467,35.47596298541227],[135.8194233622197,35.47518649420442]]]}},{"type":"Feature","properties":{"pid":"bb858756-b076-4fdd-a2b6-a34dc65ec0e2"},"geometry":{"type":"Polygon","coordinates":[[[135.8197769117586,35.47490775806631],[135.8201186320298,35.475862247751415],[135.82045046092736,35.475783625767846],[135.8201239763804,35.4748894688397],[135.8197769117586,35.47490775806631]]]}},{"type":"Feature","properties":{"pid":"a955eef1-3b7c-480c-baf9-b3b4678ce5ca"},"geometry":{"type":"Polygon","coordinates":[[[135.82046890121342,35.47484787202297],[135.8202628033449,35.474874934954066],[135.82058284556797,35.47575190008329],[135.82078165871678,35.47570429090224],[135.82046890121342,35.47484787202297]]]}},{"type":"Feature","properties":{"pid":"197d37cc-72e4-42ce-b7e2-8ec2f08b3ae6"},"geometry":{"type":"Polygon","coordinates":[[[135.81950606688315,35.474912785265204],[135.81987176313226,35.475921955634185],[135.8199920738298,35.47589267544019],[135.81964792113888,35.474947352852254],[135.81958682695546,35.47491180840712],[135.81950606688315,35.474912785265204]]]}},{"type":"Feature","properties":{"pid":"b25cc351-83ce-48aa-b785-a9d6ae67ff86"},"geometry":{"type":"Polygon","coordinates":[[[135.8215155236461,35.475524059497694],[135.82190351342115,35.47542845891461],[135.82160331701698,35.47458167787024],[135.82120818341102,35.474679191752365],[135.8215155236461,35.475524059497694]]]}},{"type":"Feature","properties":{"pid":"b7e51aea-f29a-4ee3-aaee-60155cff5fa7"},"geometry":{"type":"Polygon","coordinates":[[[135.82139873277154,35.4755539791982],[135.82109097537213,35.47471118699932],[135.82083026806623,35.47477557764168],[135.82113277197533,35.47561627263329],[135.82139873277154,35.4755539791982]]]}},{"type":"Feature","properties":{"pid":"5184e460-9fe1-4599-83a1-b11a1549e40e"},"geometry":{"type":"Polygon","coordinates":[[[135.8207095207225,35.47480279648287],[135.82059703871536,35.474824767585126],[135.82091172897202,35.47567254677058],[135.8210170554422,35.47564677354323],[135.8207095207225,35.47480279648287]]]}},{"type":"Feature","properties":{"pid":"096a60b3-f21b-4e9a-9d2c-0f5d98083189"},"geometry":{"type":"Polygon","coordinates":[[[135.82166322695363,35.4764861080551],[135.8219170178173,35.47642481969515],[135.82163114048106,35.47564658647559],[135.82138290404237,35.47570646864432],[135.82166322695363,35.4764861080551]]]}},{"type":"Feature","properties":{"pid":"40129cbb-c88c-424c-a5ec-055633c26df2"},"geometry":{"type":"Polygon","coordinates":[[[135.82125837042867,35.475736340719514],[135.82106774281573,35.4757821223736],[135.82135035895817,35.476561774770026],[135.8215412459578,35.47651568734674],[135.82125837042867,35.475736340719514]]]}},{"type":"Feature","properties":{"pid":"189147db-c0fd-4e8a-8140-85dab5a27308"},"geometry":{"type":"Polygon","coordinates":[[[135.82062616704133,35.475889588978774],[135.82040642587586,35.475942822517275],[135.82069227166866,35.476721951298195],[135.8209058628794,35.476668982361566],[135.82062616704133,35.475889588978774]]]}},{"type":"Feature","properties":{"pid":"8f41915b-98dd-41d1-909b-bbeb8f0e5cb3"},"geometry":{"type":"Polygon","coordinates":[[[135.8209420214977,35.475811283744996],[135.82075239543383,35.475858250381194],[135.82103322330238,35.476637894547196],[135.82122296901096,35.47659243345133],[135.8209420214977,35.475811283744996]]]}},{"type":"Feature","properties":{"pid":"5115d2aa-5fac-49e1-b8eb-04bf168eea9a"},"geometry":{"type":"Polygon","coordinates":[[[135.8202809271211,35.475973161045],[135.82019139030598,35.47599498330055],[135.82048043438436,35.47677300069091],[135.8205630286031,35.47675332037092],[135.8202809271211,35.475973161045]]]}},{"type":"Feature","properties":{"pid":"4ad8d85e-c708-4124-ae68-c536033d79ce"},"geometry":{"type":"Polygon","coordinates":[[[135.8200683345962,35.47602483988416],[135.8199657608736,35.47604957728996],[135.82025086166774,35.47682772377893],[135.82035338438126,35.476803281403775],[135.8200683345962,35.47602483988416]]]}},{"type":"Feature","properties":{"pid":"3d39a6fe-3d63-4db0-99a3-2509ba0005ea"},"geometry":{"type":"Polygon","coordinates":[[[135.81963453889966,35.47697720417739],[135.82003306848176,35.47688038776573],[135.81979694072595,35.47622236769384],[135.81960095879222,35.4762691603563],[135.81955718533288,35.47624493426836],[135.81952491504768,35.47615497918321],[135.8193485760113,35.47619739239405],[135.81963453889966,35.47697720417739]]]}},{"type":"Feature","properties":{"pid":"eeb914eb-b94c-42a5-9352-7d34f9cf6eae"},"geometry":{"type":"Polygon","coordinates":[[[135.819272931563,35.478041288363514],[135.81958331185078,35.47794110803106],[135.81940620141998,35.47748508011399],[135.81908261651387,35.47756610662938],[135.819272931563,35.478041288363514]]]}},{"type":"Feature","properties":{"pid":"5871588e-5d32-4d84-9f9a-b0d1539c2e86"},"geometry":{"type":"Polygon","coordinates":[[[135.81972100419037,35.477955417481944],[135.81983568533167,35.47785761533116],[135.81965401116827,35.47742727540727],[135.81952399293039,35.47745707984425],[135.81972100419037,35.477955417481944]]]}},{"type":"Feature","properties":{"pid":"68de098a-4640-42b1-bbfa-fccd3aee63c1"},"geometry":{"type":"Polygon","coordinates":[[[135.82013019569044,35.4773081170384],[135.81977050343963,35.477398597617174],[135.81992202908572,35.47775864419137],[135.8200490268984,35.47769993051238],[135.82023518669362,35.47756280421886],[135.82013019569044,35.4773081170384]]]}},{"type":"Feature","properties":{"pid":"c9120cbe-a5b7-4327-ad6f-3be6d378e396"},"geometry":{"type":"Polygon","coordinates":[[[135.82054275195838,35.477745326424746],[135.82059847331683,35.477870880474846],[135.82082203679022,35.47780265644978],[135.8207070740578,35.47766306824286],[135.82054275195838,35.477745326424746]]]}},{"type":"Feature","properties":{"pid":"4ebd8fec-3000-4e32-8d8f-6eec2ef928fd"},"geometry":{"type":"Polygon","coordinates":[[[135.82055073597482,35.477179855694956],[135.8206004368878,35.47732851021726],[135.82077340684455,35.47746026415739],[135.8206625589824,35.477152117095706],[135.82055073597482,35.477179855694956]]]}},{"type":"Feature","properties":{"pid":"4a727f1c-9908-4df2-bb71-ee092365a720"},"geometry":{"type":"Polygon","coordinates":[[[135.82087535897006,35.4773812870052],[135.82095936162136,35.47732059819724],[135.820884040216,35.47709141759339],[135.82077974544129,35.47711770443688],[135.82087535897006,35.4773812870052]]]}},{"type":"Feature","properties":{"pid":"20f9e13e-3afa-4a0d-aa6d-4808349ed59c"},"geometry":{"type":"Polygon","coordinates":[[[135.82171421166677,35.47697257663398],[135.82173998967144,35.47704030976376],[135.82184081051693,35.47701532044448],[135.82181637301323,35.47694804994938],[135.82171421166677,35.47697257663398]]]}},{"type":"Feature","properties":{"pid":"23be0181-31e9-4fd1-8048-4e9ce4fee07b"},"geometry":{"type":"Polygon","coordinates":[[[135.8215758613489,35.47822273944813],[135.8216241275714,35.478197622755566],[135.82158094251417,35.47810743153535],[135.82152465112722,35.47812511800815],[135.8215758613489,35.47822273944813]]]}},{"type":"Feature","properties":{"pid":"1375c469-9aef-4cb3-9877-07ba420d890d"},"geometry":{"type":"Polygon","coordinates":[[[135.8207970962388,35.47807639176578],[135.82080924190288,35.478038815309695],[135.82088234575602,35.47799326567791],[135.82086525223315,35.477968598648935],[135.82064437507577,35.47803452697926],[135.82072273779582,35.478098136236284],[135.8207970962388,35.47807639176578]]]}},{"type":"Feature","properties":{"pid":"b813960f-2423-45e6-86e7-23240f57477a"},"geometry":{"type":"Polygon","coordinates":[[[135.8218035352464,35.47855793271771],[135.8217434320117,35.47863270565395],[135.82180933272835,35.47873356217127],[135.821917437715,35.47863466651478],[135.8218035352464,35.47855793271771]]]}},{"type":"Feature","properties":{"pid":"c4cef220-84e1-4a79-947a-78334423f136"},"geometry":{"type":"Polygon","coordinates":[[[135.8214926340992,35.478677020216395],[135.8216328171169,35.47879580183802],[135.8216600755991,35.47879486233814],[135.8215785402163,35.478658596668225],[135.8214926340992,35.478677020216395]]]}},{"type":"Feature","properties":{"pid":"5bae97ea-8bd3-45fa-917f-c9cf27f74159"},"geometry":{"type":"Polygon","coordinates":[[[135.82172323714437,35.47940524344966],[135.82195698725448,35.479318265375895],[135.82183110960636,35.47909927002191],[135.82161232420307,35.47920223960758],[135.82172323714437,35.47940524344966]]]}},{"type":"Feature","properties":{"pid":"c9adaa8e-44a1-40cf-9494-089c748cf46f"},"geometry":{"type":"Polygon","coordinates":[[[135.8214703810149,35.47950647737365],[135.82162443935908,35.47944746317413],[135.82141703391162,35.47908652262077],[135.8212866544757,35.479181919355455],[135.8214703810149,35.47950647737365]]]}},{"type":"Feature","properties":{"pid":"60ff6141-f1c3-41a4-a103-f5da0f5de203"},"geometry":{"type":"Polygon","coordinates":[[[135.8210986330523,35.47965070891798],[135.82134763755707,35.47955390756223],[135.82118394586945,35.47925832331797],[135.82097035710214,35.479417415976904],[135.8210986330523,35.47965070891798]]]}},{"type":"Feature","properties":{"pid":"12f81fa3-e6ef-42f7-982e-5f658dd8eda6"},"geometry":{"type":"Polygon","coordinates":[[[135.82052909863046,35.47911138952744],[135.82071194856167,35.4794294840839],[135.8209735144274,35.479245211484745],[135.82090930572343,35.47917940907555],[135.82085189507788,35.479176585477894],[135.8207696911819,35.479105915537005],[135.8207650359542,35.47906824592069],[135.82080601554594,35.47902827006118],[135.82075627014598,35.47896605678228],[135.82052909863046,35.47911138952744]]]}},{"type":"Feature","properties":{"pid":"202ae3d5-9ba8-4a40-a8cd-ecdf73d06eba"},"geometry":{"type":"Polygon","coordinates":[[[135.82105605415748,35.47916872532119],[135.8212038715689,35.47905830281007],[135.82117557631142,35.479025581136945],[135.8210185986609,35.479131630122616],[135.82105605415748,35.47916872532119]]]}},{"type":"Feature","properties":{"pid":"5ede7db2-4aa5-4c1b-b74e-ccee4b2c7a9e"},"geometry":{"type":"Polygon","coordinates":[[[135.82003114345298,35.478870815973934],[135.82026580817072,35.47912333058299],[135.82062634736997,35.47888474365984],[135.82047122488183,35.47872205147728],[135.82003114345298,35.478870815973934]]]}},{"type":"Feature","properties":{"pid":"12cd32ea-e6d0-40b3-8ebf-8c128fca06de"},"geometry":{"type":"Polygon","coordinates":[[[135.82060927927938,35.479840528844974],[135.82072504996273,35.479795069604116],[135.82062136556624,35.47961163609694],[135.82056583484442,35.47958647337129],[135.820362058606,35.47924070943786],[135.82029095719292,35.47929204712334],[135.82060927927938,35.479840528844974]]]}},{"type":"Feature","properties":{"pid":"bfa6cbff-8c6b-44d5-bc19-21772137e8aa"},"geometry":{"type":"Polygon","coordinates":[[[135.81991014022367,35.478371327632935],[135.8196019572118,35.47854450807816],[135.81959965016762,35.47878335840925],[135.819643419178,35.478887392804886],[135.81969474799374,35.47893767690345],[135.81987139270115,35.47883750524444],[135.8197538940437,35.478631964230544],[135.8197564791323,35.478596998813224],[135.81979778499576,35.47856684848192],[135.8199836241342,35.47849966157908],[135.81991014022367,35.478371327632935]]]}},{"type":"Feature","properties":{"pid":"ee7473f2-5731-4281-bc93-d744a0f37207"},"geometry":{"type":"Polygon","coordinates":[[[135.82037611972567,35.478646210578894],[135.8204776801712,35.478628957781375],[135.82053303456314,35.47858695509233],[135.820461488603,35.47850042074987],[135.82032378717747,35.47853726427966],[135.82037611972567,35.478646210578894]]]}},{"type":"Feature","properties":{"pid":"dedc76c2-4025-490c-ab11-78fbf59bc055"},"geometry":{"type":"Polygon","coordinates":[[[135.82005822656924,35.47834105981911],[135.82018667715565,35.47830144842775],[135.82022337954092,35.47832540674613],[135.82027385909623,35.478434699559266],[135.82038518119262,35.4784062128214],[135.82021203281622,35.47821925688591],[135.82004224937717,35.478305447238874],[135.82005822656924,35.47834105981911]]]}},{"type":"Feature","properties":{"pid":"8f402aa3-c369-4fb6-a9d6-10ec00307b07"},"geometry":{"type":"Polygon","coordinates":[[[135.81856685601738,35.47805219827609],[135.81862019569263,35.478176377441805],[135.8188233065811,35.47829100866194],[135.8189015684747,35.47829495630647],[135.8192055078471,35.47818502838681],[135.818968864487,35.47759242269325],[135.8188635126372,35.477614190101576],[135.81897222801103,35.477911511269006],[135.81896400641958,35.4779456389062],[135.81856685601738,35.47805219827609]]]}},{"type":"Feature","properties":{"pid":"70008109-1a81-4bcc-9759-06c54ec15841"},"geometry":{"type":"Polygon","coordinates":[[[135.81925782238957,35.47833433292119],[135.81931149065537,35.47847435105283],[135.81934761756528,35.47846869665891],[135.81929083133562,35.478321783797576],[135.81925782238957,35.47833433292119]]]}},{"type":"Feature","properties":{"pid":"84ed1eb6-3c68-4f7e-80e8-36a76d399499"},"geometry":{"type":"Polygon","coordinates":[[[135.81815018395295,35.47826431934187],[135.818276179264,35.478229997689645],[135.8182526688485,35.478168922485786],[135.81826063806344,35.478139465666416],[135.81838472808744,35.47809409584118],[135.8181983151446,35.47777132992703],[135.81796914847834,35.47784883610918],[135.81815018395295,35.47826431934187]]]}},{"type":"Feature","properties":{"pid":"1d43e5f8-027c-417f-8b23-7331769a861e"},"geometry":{"type":"Polygon","coordinates":[[[135.81785713453482,35.477885575560045],[135.8175429531453,35.47798627303334],[135.81772272871578,35.47838740135879],[135.8180115913273,35.47830306013489],[135.81801695433924,35.47825028764017],[135.81785713453482,35.477885575560045]]]}},{"type":"Feature","properties":{"pid":"bc674736-e149-4e5e-a176-7bb3407a9ad7"},"geometry":{"type":"Polygon","coordinates":[[[135.81756961238003,35.47833156981284],[135.81742431703955,35.47801410055308],[135.81708606336244,35.47805991634549],[135.81721671912288,35.478421740539304],[135.81756961238003,35.47833156981284]]]}},{"type":"Feature","properties":{"pid":"af20e61c-b344-4d1a-807a-8a6c9dc49e5f"},"geometry":{"type":"Polygon","coordinates":[[[135.81730709911355,35.47867417131277],[135.8173932761073,35.47890021887482],[135.8174196066385,35.47890733556066],[135.81764851592877,35.47881079848293],[135.81774066530443,35.478797185248254],[135.817695853424,35.47869269431695],[135.81771645651864,35.47865038052677],[135.81768641506164,35.478569435575984],[135.81730709911355,35.47867417131277]]]}},{"type":"Feature","properties":{"pid":"dc2355ea-64cb-422d-a3ac-8e6f6bea9934"},"geometry":{"type":"Polygon","coordinates":[[[135.8170390981165,35.47862320172851],[135.8171751794522,35.47900417798215],[135.817215085148,35.47898781890838],[135.8170934749663,35.478663343925426],[135.8170390981165,35.47862320172851]]]}},{"type":"Feature","properties":{"pid":"5732186f-7a82-41ec-9c05-23e22e26560f"},"geometry":{"type":"Polygon","coordinates":[[[135.81707022563594,35.47904812993209],[135.81687609498587,35.478504237310695],[135.81664378602824,35.47855994203687],[135.81686025632834,35.479128296522944],[135.81687813081822,35.479133757800284],[135.81707022563594,35.47904812993209]]]}},{"type":"Feature","properties":{"pid":"316ade10-1aa7-439b-b65d-a59b4ff62c43"},"geometry":{"type":"Polygon","coordinates":[[[135.81706769305802,35.47922328703582],[135.8174964561262,35.47995470391464],[135.81792025134874,35.479787691669685],[135.81761897692323,35.479210011131684],[135.81762921343687,35.479167743126496],[135.81769618957136,35.479135356754725],[135.81764088121687,35.47899933515038],[135.81761715912563,35.478992287313176],[135.81706769305802,35.47922328703582]]]}},{"type":"Feature","properties":{"pid":"5af05f6b-badd-409d-aee5-9a1e323f4bb5"},"geometry":{"type":"Polygon","coordinates":[[[135.8187420130137,35.47937086891934],[135.818666199516,35.47907927559893],[135.81831857721357,35.47908335051692],[135.81842682145106,35.47950603957096],[135.8187420130137,35.47937086891934]]]}},{"type":"Feature","properties":{"pid":"4337fa94-4cf2-4340-91e0-2e87e51bd4e4"},"geometry":{"type":"Polygon","coordinates":[[[135.81885088105523,35.47932417484896],[135.8189968957794,35.47926110482855],[135.819170713575,35.47918641797277],[135.81913070831172,35.47913167334056],[135.81878748356405,35.47908245251384],[135.81885088105523,35.47932417484896]]]}},{"type":"Feature","properties":{"pid":"1e60cb67-97d2-4d7e-85d1-d2f7ac403418"},"geometry":{"type":"Polygon","coordinates":[[[135.81902959671126,35.479438653639995],[135.81886642807,35.47950875300084],[135.81934077742937,35.48033793058405],[135.81951364931527,35.480268343807595],[135.81902959671126,35.479438653639995]]]}},{"type":"Feature","properties":{"pid":"73f4bdb9-98bf-44a4-b531-5209ac078a0d"},"geometry":{"type":"Polygon","coordinates":[[[135.81875784579083,35.47955598541007],[135.8185241669129,35.47965662838337],[135.81853964191123,35.47970159130685],[135.81899103094244,35.48048062855597],[135.81923684584564,35.48038348145209],[135.81875784579083,35.47955598541007]]]}},{"type":"Feature","properties":{"pid":"1a1fea05-0a1e-4543-948a-143795b13d3a"},"geometry":{"type":"Polygon","coordinates":[[[135.81826755892604,35.4798553843129],[135.8186925300799,35.48059103305551],[135.8188712765835,35.48052827930198],[135.8184385368603,35.47979719827025],[135.81826755892604,35.4798553843129]]]}},{"type":"Feature","properties":{"pid":"f329d254-5ff6-4acb-90de-574fb2ed8a95"},"geometry":{"type":"Polygon","coordinates":[[[135.81834349404573,35.480723689289846],[135.81858090306707,35.48063102061939],[135.81816093807424,35.47989780274216],[135.8179155015165,35.479991220155455],[135.81834349404573,35.480723689289846]]]}},{"type":"Feature","properties":{"pid":"25420b11-ff60-42f9-a19a-941cb296fec8"},"geometry":{"type":"Polygon","coordinates":[[[135.8179792461832,35.479616995140645],[135.81804999740942,35.47973859472814],[135.81829843326824,35.47964430085576],[135.81825640597788,35.479520162555566],[135.8179792461832,35.479616995140645]]]}},{"type":"Feature","properties":{"pid":"cd654134-ae4c-4289-9889-5734d7eddf18"},"geometry":{"type":"Polygon","coordinates":[[[135.81644806050204,35.479487527237666],[135.81688018577609,35.48023113117521],[135.81734206480806,35.4800496092433],[135.8169444547582,35.47934977966768],[135.8169119574752,35.479316744107926],[135.81688575195807,35.47930708729401],[135.81644806050204,35.479487527237666]]]}},{"type":"Feature","properties":{"pid":"31778a14-2721-4015-b67c-d2273e29b084"},"geometry":{"type":"Polygon","coordinates":[[[135.8180188533293,35.480849950870066],[135.81823181434427,35.480765196337714],[135.81781321963038,35.48003411935859],[135.81759281046536,35.48011880288729],[135.8180188533293,35.480849950870066]]]}},{"type":"Feature","properties":{"pid":"8e0586b3-b99e-44f8-a3d6-b2b8f3f2bd4f"},"geometry":{"type":"Polygon","coordinates":[[[135.81742838917157,35.480179713470704],[135.81723112214542,35.48025651396141],[135.8176588137474,35.48098777846902],[135.81785642296043,35.48091133404033],[135.81742838917157,35.480179713470704]]]}},{"type":"Feature","properties":{"pid":"5c797dc7-ea35-413f-8881-e82b3a22e43a"},"geometry":{"type":"Polygon","coordinates":[[[135.81718193911095,35.48117430071591],[135.81675531503672,35.48044150407459],[135.81666071299472,35.48047811407237],[135.81708663562395,35.4812111874596],[135.81718193911095,35.48117430071591]]]}},{"type":"Feature","properties":{"pid":"2ef61128-fd9a-4fd1-86b0-1286b262e672"},"geometry":{"type":"Polygon","coordinates":[[[135.81753940175793,35.48103502205428],[135.8171124758064,35.48030259782927],[135.8168699528552,35.480396995124295],[135.8172996107894,35.48112861366691],[135.81753940175793,35.48103502205428]]]}},{"type":"Feature","properties":{"pid":"729802af-ea84-44d1-8955-5490da9d99f5"},"geometry":{"type":"Polygon","coordinates":[[[135.81809563164995,35.48098132724676],[135.81852278135824,35.48171436268751],[135.81871981689926,35.48163722988949],[135.81829642322714,35.48090385765928],[135.81809563164995,35.48098132724676]]]}},{"type":"Feature","properties":{"pid":"ed41b51a-119b-4c83-8ad0-3bfe584cd6d6"},"geometry":{"type":"Polygon","coordinates":[[[135.81941648357562,35.481365641092815],[135.8189914517181,35.48063491868863],[135.81870627019634,35.48074564547902],[135.8191343590752,35.48147414407548],[135.81941648357562,35.481365641092815]]]}},{"type":"Feature","properties":{"pid":"22febdee-e393-4949-939a-c61df78e80d8"},"geometry":{"type":"Polygon","coordinates":[[[135.81901801055423,35.48152107778638],[135.8185927400738,35.48079083031837],[135.81841216153902,35.48085955129749],[135.8188349997308,35.48159211013141],[135.81901801055423,35.48152107778638]]]}},{"type":"Feature","properties":{"pid":"5e987a1d-f451-4678-9c00-f86b6f39edc3"},"geometry":{"type":"Polygon","coordinates":[[[135.81966552545848,35.48126811668534],[135.8192527879877,35.48054073634977],[135.8191063014782,35.480591489894664],[135.8195260855652,35.481322413287174],[135.81966552545848,35.48126811668534]]]}},{"type":"Feature","properties":{"pid":"e1e5a61b-4ef3-4899-988f-a9e75a9864cf"},"geometry":{"type":"Polygon","coordinates":[[[135.82050241989919,35.48149288047484],[135.82085223365303,35.48127762832629],[135.82070481474676,35.4810321873147],[135.82032284742036,35.48117722411781],[135.82050241989919,35.48149288047484]]]}},{"type":"Feature","properties":{"pid":"030bd9d1-1cef-4f41-ab6a-778f9bfafa51"},"geometry":{"type":"Polygon","coordinates":[[[135.8202641926296,35.48103687053124],[135.8198386118632,35.48030742212279],[135.81964391060424,35.480386173390215],[135.82006259379676,35.48111448832174],[135.8202641926296,35.48103687053124]]]}},{"type":"Feature","properties":{"pid":"7b3f913a-1692-45aa-8d9d-b4a3dba09296"},"geometry":{"type":"Polygon","coordinates":[[[135.8202458145409,35.48014802427176],[135.81994703276297,35.48026574234679],[135.82037029640887,35.48099372323616],[135.82067375716605,35.48087726731413],[135.8202458145409,35.48014802427176]]]}},{"type":"Feature","properties":{"pid":"93ed6f73-ffe1-44cc-b1b9-8ca73be588b1"},"geometry":{"type":"Polygon","coordinates":[[[135.8199564024577,35.48115495818143],[135.81953780427745,35.48043083906028],[135.8193576335515,35.480499533000334],[135.8197725138417,35.48122428410213],[135.8199564024577,35.48115495818143]]]}},{"type":"Feature","properties":{"pid":"3305f2c1-d5d6-4a57-bbf7-1e5ba0ba6ffc"},"geometry":{"type":"Polygon","coordinates":[[[135.8192972136242,35.47932266660598],[135.81913736194568,35.47939199759102],[135.81961972638942,35.4802264711913],[135.8197861838324,35.48016212042641],[135.8192972136242,35.47932266660598]]]}},{"type":"Feature","properties":{"pid":"822a8b47-3d89-4144-8215-8825c5dc0103"},"geometry":{"type":"Polygon","coordinates":[[[135.81988665306955,35.479528505260284],[135.81983350098395,35.47950685633662],[135.81966279247848,35.479215156294735],[135.819413879067,35.47928659774303],[135.81989837961834,35.48011643813951],[135.82017005356553,35.48001229396477],[135.81988665306955,35.479528505260284]]]}},{"type":"Feature","properties":{"pid":"3c8019ed-0e44-406c-93e4-dd647b3f8eaa"},"geometry":{"type":"Polygon","coordinates":[[[135.8203281278447,35.47995177629429],[135.8204885370314,35.479888198882655],[135.82018407006822,35.47936396129607],[135.8200440546057,35.47946210450372],[135.8203281278447,35.47995177629429]]]}},{"type":"Feature","properties":{"pid":"57fc0f92-5d18-47b1-812d-33cc57af780a"},"geometry":{"type":"Polygon","coordinates":[[[135.82088767547722,35.47973296309289],[135.82098104536206,35.47969676823588],[135.82087153864785,35.47949188201108],[135.82078159361953,35.479546804406084],[135.82088767547722,35.47973296309289]]]}},{"type":"Feature","properties":{"pid":"1bd6da66-b1dc-479b-a472-3a0a75ba7d4e"},"geometry":{"type":"Polygon","coordinates":[[[135.82173400235365,35.47957220409772],[135.82131767462675,35.47973797221288],[135.82181139510587,35.48061166466427],[135.82218742793896,35.480362882031436],[135.82173400235365,35.47957220409772]]]}},{"type":"Feature","properties":{"pid":"d7402727-6815-48d1-99f3-58d71b48d7bf"},"geometry":{"type":"Polygon","coordinates":[[[135.82154580086024,35.48079041798984],[135.82171587372687,35.480674540408685],[135.82120969806817,35.47978004471415],[135.82100563304448,35.479854022597394],[135.82154580086024,35.48079041798984]]]}},{"type":"Feature","properties":{"pid":"9a1a2b96-5877-4669-98a0-f5e209b3a9ca"},"geometry":{"type":"Polygon","coordinates":[[[135.82064687203408,35.479989924069585],[135.82123372121342,35.48100150816999],[135.82145359221172,35.48085491247952],[135.82090290856746,35.47990077617036],[135.82064687203408,35.479989924069585]]]}},{"type":"Feature","properties":{"pid":"98172814-a27e-4987-9660-13066753ff19"},"geometry":{"type":"Polygon","coordinates":[[[135.82040796232758,35.480083291647276],[135.82086357502826,35.48086737567633],[135.82102106522868,35.481145663066826],[135.8211369517583,35.48106514161077],[135.82054066368008,35.48003296686584],[135.82040796232758,35.480083291647276]]]}},{"type":"Feature","properties":{"pid":"940d8345-1905-4379-9ac2-044abcc8026f"},"geometry":{"type":"Polygon","coordinates":[[[135.82158303874488,35.48114595532035],[135.8217393530385,35.48105435106095],[135.82167710338928,35.48098146426821],[135.82152677336077,35.48108000650197],[135.82158303874488,35.48114595532035]]]}},{"type":"Feature","properties":{"pid":"389e3ae8-54e9-4940-a44b-3abe08cd30e7"},"geometry":{"type":"Polygon","coordinates":[[[135.82137927389527,35.48151514954499],[135.82162805189074,35.48137086905698],[135.82143820087109,35.481140680504325],[135.82119958683552,35.48130053838012],[135.82137927389527,35.48151514954499]]]}},{"type":"Feature","properties":{"pid":"5381afae-9749-4a06-b7c8-59f37b2b7ad1"},"geometry":{"type":"Polygon","coordinates":[[[135.8210217659892,35.48170652957925],[135.82128183785233,35.48156766875973],[135.821105706996,35.481360468870804],[135.82086150735705,35.48151902312926],[135.8210217659892,35.48170652957925]]]}},{"type":"Feature","properties":{"pid":"272fa604-291e-4f77-8c5b-cf5e361506fa"},"geometry":{"type":"Polygon","coordinates":[[[135.8200864315465,35.48177347676412],[135.8204027626392,35.48155528442523],[135.82021351042354,35.48121972413088],[135.819762747437,35.481395562328],[135.81999730743587,35.481802101925055],[135.82004327574333,35.481773455887776],[135.8200864315465,35.48177347676412]]]}},{"type":"Feature","properties":{"pid":"cb6bd119-6eb7-4f1f-8cc5-36bcbe79fbec"},"geometry":{"type":"Polygon","coordinates":[[[135.81965575101876,35.48144063605877],[135.81951030527637,35.481492480430106],[135.81979416098042,35.48197763901947],[135.81991737432514,35.481890824686104],[135.81965575101876,35.48144063605877]]]}},{"type":"Feature","properties":{"pid":"1be3bf52-7977-48e5-a906-e855b716fbab"},"geometry":{"type":"Polygon","coordinates":[[[135.8194034559385,35.481531262394356],[135.8191427384394,35.48163368573733],[135.819476958438,35.48220734804109],[135.8197039503761,35.482042530355145],[135.8194034559385,35.481531262394356]]]}},{"type":"Feature","properties":{"pid":"c6fbdac2-eabc-4359-b036-c5cadab80148"},"geometry":{"type":"Polygon","coordinates":[[[135.8207062040175,35.48160871814304],[135.82006730265485,35.48203279555455],[135.82033966874096,35.48234388846994],[135.82100740252224,35.481980354721294],[135.8207062040175,35.48160871814304]]]}},{"type":"Feature","properties":{"pid":"a7493289-b413-4fa8-8e61-0af2030af56e"},"geometry":{"type":"Polygon","coordinates":[[[135.81976716248192,35.48227063792877],[135.81997874046417,35.48254432740773],[135.82023133182722,35.48240365637174],[135.81997599637953,35.48209694287455],[135.8197741237186,35.48224031840618],[135.81976716248192,35.48227063792877]]]}},{"type":"Feature","properties":{"pid":"abe53ad6-dde7-449d-8f49-d279ea3209f6"},"geometry":{"type":"Polygon","coordinates":[[[135.8194421478805,35.482506499844966],[135.81962839843575,35.48274250083588],[135.81988204306856,35.48259885931904],[135.8196644438948,35.4823190349725],[135.81944010314163,35.48248182048803],[135.8194421478805,35.482506499844966]]]}},{"type":"Feature","properties":{"pid":"beb90a69-dcc9-4588-bccb-f45a42fbb338"},"geometry":{"type":"Polygon","coordinates":[[[135.81921525100844,35.48271247016388],[135.81937290231048,35.48288298072305],[135.8195315457926,35.4827957023009],[135.81934440117934,35.48255809233087],[135.8192496100574,35.48263995331164],[135.81921840392022,35.48267906466644],[135.81921525100844,35.48271247016388]]]}},{"type":"Feature","properties":{"pid":"d02edfde-194f-4b47-9b5a-18fab764d66c"},"geometry":{"type":"Polygon","coordinates":[[[135.8206751749247,35.48323515671225],[135.82159584674616,35.48271702017334],[135.82110987954476,35.48212557283801],[135.82017611256276,35.482636732656815],[135.8206751749247,35.48323515671225]]]}},{"type":"Feature","properties":{"pid":"2fcaa41d-b975-4ca3-9b41-9b8547f84866"},"geometry":{"type":"Polygon","coordinates":[[[135.82064065983272,35.48449729373399],[135.82229832071033,35.483579586893065],[135.82168588462835,35.48283309820612],[135.81992013532235,35.48381075334865],[135.82047897742686,35.4844778036729],[135.82064065983272,35.48449729373399]]]}},{"type":"Feature","properties":{"pid":"b3251305-8ee1-4b8a-ad80-7259300ce374"},"geometry":{"type":"Polygon","coordinates":[[[135.82006274921602,35.483578953158755],[135.82057828077296,35.48328848760003],[135.82007699648906,35.48268803432385],[135.81957050650513,35.482966103874475],[135.82006274921602,35.483578953158755]]]}},{"type":"Feature","properties":{"pid":"c365559a-34ea-4706-bc42-89316b3c05ee"},"geometry":{"type":"Polygon","coordinates":[[[135.81983452962226,35.483697521656154],[135.81996223197288,35.48362837410933],[135.8194690301675,35.48302081382284],[135.8193359959284,35.483090039308294],[135.81983452962226,35.483697521656154]]]}},{"type":"Feature","properties":{"pid":"6d2d057d-fa9a-43b9-a031-8d1edabef8db"},"geometry":{"type":"Polygon","coordinates":[[[135.81849350269707,35.483144372973825],[135.81862470432566,35.483291724361344],[135.81885743037316,35.48316311383295],[135.81873642916844,35.48303220748375],[135.81849350269707,35.483144372973825]]]}},{"type":"Feature","properties":{"pid":"fad5fcae-8658-4ce5-82a2-cf085c4fa5fd"},"geometry":{"type":"Polygon","coordinates":[[[135.81811232419062,35.48330076965247],[135.81839592082267,35.483411087519976],[135.81851787175668,35.483341300819546],[135.81838689584632,35.48319465199551],[135.81828120897703,35.4832192078077],[135.81814882567184,35.48321596146761],[135.81808657125012,35.483237187252456],[135.81811232419062,35.48330076965247]]]}},{"type":"Feature","properties":{"pid":"f9d1b314-936e-4340-a143-124c49a4b84b"},"geometry":{"type":"Polygon","coordinates":[[[135.81725829931509,35.482361854376],[135.81705694541162,35.48243974187822],[135.81741149922223,35.48306229499764],[135.81768548963817,35.48309354352416],[135.81725829931509,35.482361854376]]]}},{"type":"Feature","properties":{"pid":"7d582a51-e8a0-4941-89db-5318cab7e754"},"geometry":{"type":"Polygon","coordinates":[[[135.81693130302978,35.48248881598375],[135.81676305062155,35.48255480124966],[135.8169640714849,35.48300689915518],[135.81725918373513,35.483049906820874],[135.81693130302978,35.48248881598375]]]}},{"type":"Feature","properties":{"pid":"c38d0048-02ee-49fa-b946-60e5c209ff75"},"geometry":{"type":"Polygon","coordinates":[[[135.81767755557138,35.482200636233735],[135.81760630557878,35.48222784314017],[135.81808755889554,35.48304776221298],[135.81816926797163,35.483043846520964],[135.81767755557138,35.482200636233735]]]}},{"type":"Feature","properties":{"pid":"1260c006-4a44-43dc-9c15-bb1954d4c0a6"},"geometry":{"type":"Polygon","coordinates":[[[135.81749679218805,35.48226984407054],[135.81737157465608,35.482318119863606],[135.8178317617038,35.48311150961765],[135.817965527955,35.48307452317555],[135.81749679218805,35.48226984407054]]]}},{"type":"Feature","properties":{"pid":"b8ef4410-ee24-4487-80dd-f8850194490c"},"geometry":{"type":"Polygon","coordinates":[[[135.8188332193831,35.48297467270912],[135.81895579705653,35.4831060986723],[135.8192741020954,35.48293644502464],[135.81912111642242,35.482771812917974],[135.8188332193831,35.48297467270912]]]}},{"type":"Feature","properties":{"pid":"b56c3e8c-1ab0-4a76-89c1-fcce437c65d4"},"geometry":{"type":"Polygon","coordinates":[[[135.81865821031542,35.482844370559405],[135.81888662934415,35.48268537824248],[135.8185664635195,35.4821367056692],[135.81843290248443,35.48190897800419],[135.81817113648444,35.482011234845864],[135.81865821031542,35.482844370559405]]]}},{"type":"Feature","properties":{"pid":"c941f55c-4fde-4b3b-95f2-e8336b21fc30"},"geometry":{"type":"Polygon","coordinates":[[[135.8185512989083,35.48289962872257],[135.8180590717076,35.48205461612914],[135.81798118172384,35.482084424413465],[135.81847525232894,35.482936722479565],[135.8185512989083,35.48289962872257]]]}},{"type":"Feature","properties":{"pid":"d9b697ec-02b4-4cd8-b72c-5cea57964560"},"geometry":{"type":"Polygon","coordinates":[[[135.81836924931284,35.48298874573007],[135.81786781072384,35.482127876266674],[135.81778958315718,35.48215782921169],[135.81829243424122,35.48302406905109],[135.81836924931284,35.48298874573007]]]}},{"type":"Feature","properties":{"pid":"25db2d2e-f808-44d6-b7d9-d41e08929778"},"geometry":{"type":"Polygon","coordinates":[[[135.8186964073954,35.481806246252305],[135.81860012446955,35.48184363345199],[135.81902272127607,35.482579764492414],[135.81910245327737,35.48249942268926],[135.8186964073954,35.481806246252305]]]}},{"type":"Feature","properties":{"pid":"8cebefa3-a48a-4c1d-b20a-6bbd6d42f40e"},"geometry":{"type":"Polygon","coordinates":[[[135.81902890350995,35.481675273133106],[135.81881008417906,35.481761615020716],[135.8191986656546,35.482418913497206],[135.8193801740665,35.482278079652126],[135.81902890350995,35.481675273133106]]]}},{"type":"Feature","properties":{"pid":"02d8fe62-4874-4d39-994f-866f1bac4177"},"geometry":{"type":"MultiPolygon","coordinates":[[[[135.81791678463517,35.48105000674917],[135.81793599426797,35.481056386793895],[135.81794826443027,35.48106530946647],[135.8179354129479,35.48104290721788],[135.81791678463517,35.48105000674917]]],[[[135.8179600743094,35.48108589601674],[135.81796176941515,35.481196355082865],[135.81794984741543,35.48122053468841],[135.81791834471417,35.48123639808515],[135.8178187525727,35.48123839890547],[135.81817094872537,35.48184930740637],[135.81836277157086,35.48177485187596],[135.8179600743094,35.48108589601674]]]]}},{"type":"Feature","properties":{"pid":"ebe8e724-01e6-4f0a-9d13-620438b8f2b6"},"geometry":{"type":"Polygon","coordinates":[[[135.81775361125995,35.48201249072104],[135.81732554071218,35.481280045471436],[135.8170896865868,35.48137241930019],[135.81751321451202,35.48210679604801],[135.81775361125995,35.48201249072104]]]}},{"type":"Feature","properties":{"pid":"9e5ca491-4c7b-45af-b83f-f2006f1499a1"},"geometry":{"type":"Polygon","coordinates":[[[135.8176335731569,35.48115820301093],[135.8174346865687,35.48123479653263],[135.8178694548123,35.4819671078937],[135.81806193213106,35.481891780417534],[135.8176335731569,35.48115820301093]]]}},{"type":"Feature","properties":{"pid":"6bbd7e28-6fb7-4f92-896c-e9e95a3db539"},"geometry":{"type":"Polygon","coordinates":[[[135.8169711468359,35.481418370073186],[135.81685045210403,35.48146448769281],[135.81728074594554,35.482198930737475],[135.81739881732454,35.48215195007943],[135.8169711468359,35.481418370073186]]]}},{"type":"Feature","properties":{"pid":"797c7b75-c501-4346-b295-f08509fb660d"},"geometry":{"type":"Polygon","coordinates":[[[135.81560299226376,35.48178309631125],[135.8159358474261,35.48165474377531],[135.81552682736398,35.48091919062181],[135.81517719926865,35.481050416977844],[135.81560299226376,35.48178309631125]]]}},{"type":"Feature","properties":{"pid":"4082138b-d1f3-47a5-92eb-b9ef6693d25c"},"geometry":{"type":"Polygon","coordinates":[[[135.8167384131368,35.48151062660876],[135.81627584653802,35.48168992491504],[135.8166752172045,35.482435146913886],[135.81716599088867,35.48224417204482],[135.8167384131368,35.48151062660876]]]}},{"type":"Feature","properties":{"pid":"9913f158-1816-4d07-afb7-39f8fbc4e433"},"geometry":{"type":"Polygon","coordinates":[[[135.81599071584867,35.48201957775545],[135.81632536001206,35.482582020286706],[135.81643200442565,35.48254011732387],[135.81612010898954,35.48196942165899],[135.81599071584867,35.48201957775545]]]}},{"type":"Feature","properties":{"pid":"97b6b205-799b-4c21-a156-8e2061288c99"},"geometry":{"type":"Polygon","coordinates":[[[135.8157714107382,35.48188607824821],[135.81555999417233,35.48196619853578],[135.81599523775648,35.48271239358022],[135.81620753942846,35.48262817096089],[135.8157714107382,35.48188607824821]]]}},{"type":"Feature","properties":{"pid":"85303dcd-976c-45b8-be66-662b0daa9c2e"},"geometry":{"type":"Polygon","coordinates":[[[135.815441254573,35.48201196255924],[135.81529659083867,35.48206886304188],[135.81573153814918,35.48281695778742],[135.81588065789717,35.48275782642893],[135.815441254573,35.48201196255924]]]}},{"type":"Feature","properties":{"pid":"0ddf93e9-ee65-4873-a53b-0346c829767e"},"geometry":{"type":"Polygon","coordinates":[[[135.81491120773316,35.48221912919047],[135.81494647068675,35.48227884189015],[135.81499223049948,35.48230039791109],[135.81504821634078,35.48239442642629],[135.8151105645996,35.48240468801828],[135.8151756724827,35.482505461004074],[135.81520650867708,35.482493590662166],[135.81502051012873,35.48217643578961],[135.81491120773316,35.48221912919047]]]}},{"type":"Feature","properties":{"pid":"87707ff2-d14e-4d47-a408-657547e4eb87"},"geometry":{"type":"Polygon","coordinates":[[[135.81513578230843,35.48213157467799],[135.81556267126234,35.482845084715386],[135.815604807798,35.482845369321744],[135.8151757219766,35.48211610501149],[135.81513578230843,35.48213157467799]]]}},{"type":"Feature","properties":{"pid":"b19862a7-c49e-4685-a1a0-0a2ec2593487"},"geometry":{"type":"Polygon","coordinates":[[[135.8141309272762,35.481746015954336],[135.81434399346128,35.48211302855683],[135.8144529164576,35.48207057652318],[135.81448984997937,35.48207034860154],[135.81451866635646,35.482089245923014],[135.81457673224585,35.482185667478355],[135.81478400359433,35.48210402954241],[135.81434573824004,35.48135439862058],[135.81424638275737,35.4813909772125],[135.81437419142011,35.481611328216616],[135.8143718764428,35.48164625791298],[135.8141309272762,35.481746015954336]]]}},{"type":"Feature","properties":{"pid":"d9adf416-978b-45f8-97ab-c85aae24d379"},"geometry":{"type":"Polygon","coordinates":[[[135.8146000567867,35.481261667344725],[135.81503593166758,35.482005242374214],[135.81523940946613,35.481924462576],[135.81480639019728,35.48118556577394],[135.8146000567867,35.481261667344725]]]}},{"type":"Feature","properties":{"pid":"b52e3e85-82b7-4008-a42d-a5b64a2d457b"},"geometry":{"type":"Polygon","coordinates":[[[135.814921524245,35.48114374394185],[135.81536003380666,35.481877213637354],[135.81548864860991,35.48182730940474],[135.81505902794532,35.481094073990675],[135.814921524245,35.48114374394185]]]}},{"type":"Feature","properties":{"pid":"7798dbb4-4634-4157-9b73-6eb7133dd6a1"},"geometry":{"type":"Polygon","coordinates":[[[135.81481665042926,35.48187413766498],[135.81448062495016,35.481305260012554],[135.81446091404166,35.4813123974805],[135.81479668433238,35.481881827736856],[135.81481665042926,35.48187413766498]]]}},{"type":"Feature","properties":{"pid":"30fe6d62-851a-457c-a00c-2c567abd48c2"},"geometry":{"type":"Polygon","coordinates":[[[135.8141409810507,35.482355682909805],[135.8142375372611,35.48231999688914],[135.8137951922257,35.48155979027377],[135.81367265682604,35.48160641900475],[135.8141409810507,35.482355682909805]]]}},{"type":"Feature","properties":{"pid":"c66f1547-9f00-4737-b60d-060e8c4dcfbb"},"geometry":{"type":"Polygon","coordinates":[[[135.81356365677004,35.48164637079594],[135.81329065900144,35.481747524580335],[135.81375865457935,35.4825008245838],[135.81403360877158,35.4823975972263],[135.81356365677004,35.48164637079594]]]}},{"type":"Feature","properties":{"pid":"e46be983-1c5d-4c53-8d84-dc775a4a8307"},"geometry":{"type":"Polygon","coordinates":[[[135.81310034179015,35.48164924033492],[135.81279620024642,35.48114823491485],[135.81268661510674,35.48118771785795],[135.8126525987248,35.481174036797725],[135.8126231029455,35.4811301127477],[135.8122463166904,35.481274224224336],[135.812582359256,35.48183847330304],[135.81310034179015,35.48164924033492]]]}},{"type":"Feature","properties":{"pid":"b1c28767-bb12-47bb-8af7-fdc50995017a"},"geometry":{"type":"Polygon","coordinates":[[[135.81156082809073,35.48135746388521],[135.8114944313969,35.48138599058786],[135.81192377385634,35.48208205388539],[135.81199437375932,35.48205672073847],[135.81156082809073,35.48135746388521]]]}},{"type":"Feature","properties":{"pid":"62fc9d33-b584-4132-9879-1c5bebdfc7c8"},"geometry":{"type":"Polygon","coordinates":[[[135.81202111855464,35.481164323039856],[135.81166748637236,35.481310862039486],[135.81210867323927,35.48201303856585],[135.8124686477383,35.48188149542733],[135.81202111855464,35.481164323039856]]]}},{"type":"Feature","properties":{"pid":"525aec18-8b37-4fc6-ad65-c2268b9b3986"},"geometry":{"type":"Polygon","coordinates":[[[135.81315489321892,35.48271837188856],[135.81268611326016,35.481964561900135],[135.812487720687,35.4820383020207],[135.81291647341166,35.482720228759355],[135.81315489321892,35.48271837188856]]]}},{"type":"Feature","properties":{"pid":"575133eb-153a-4ea9-a849-ad32518b5f87"},"geometry":{"type":"Polygon","coordinates":[[[135.81278509363665,35.482720804727194],[135.81237699464145,35.48207269862191],[135.81223280295367,35.48212605654307],[135.81260204686123,35.48272175531105],[135.81278509363665,35.482720804727194]]]}},{"type":"Feature","properties":{"pid":"1c3c4e50-a864-4963-9308-1af99e1aa7a4"},"geometry":{"type":"Polygon","coordinates":[[[135.8117353972459,35.48230998474548],[135.81160949294082,35.48235686460292],[135.81184182986544,35.4827284298477],[135.81199568344854,35.4827275081521],[135.8117353972459,35.48230998474548]]]}},{"type":"Feature","properties":{"pid":"f08733f3-24f9-46c0-8c83-18291c2fdf8f"},"geometry":{"type":"Polygon","coordinates":[[[135.81245271231995,35.48272330688482],[135.81210512174866,35.48217293566657],[135.81185705502327,35.48226460234001],[135.81213851882447,35.4827276814904],[135.81245271231995,35.48272330688482]]]}},{"type":"Feature","properties":{"pid":"a0267dc3-3466-4380-9dc6-989b4f6b6987"},"geometry":{"type":"Polygon","coordinates":[[[135.8131796777353,35.48178771226928],[135.81279990559452,35.48192215165111],[135.81326765100775,35.4826820740373],[135.81364789918322,35.48253920653061],[135.8131796777353,35.48178771226928]]]}},{"type":"Feature","properties":{"pid":"97625d24-700c-46e6-96c4-983a9f3ab05f"},"geometry":{"type":"Polygon","coordinates":[[[135.81353716627274,35.48275463085846],[135.81393290694643,35.48275656717287],[135.8144651830239,35.48280947370162],[135.8142680115964,35.48247539581832],[135.81353716627274,35.48275463085846]]]}},{"type":"Feature","properties":{"pid":"91809afc-560b-4183-b050-f815240711dc"},"geometry":{"type":"Polygon","coordinates":[[[135.81375217371735,35.48348713765756],[135.81393359346984,35.48346065658779],[135.8140362212524,35.48340212672644],[135.81399619421384,35.483377025920085],[135.81377469246434,35.48335564907316],[135.81375217371735,35.48348713765756]]]}},{"type":"Feature","properties":{"pid":"0b50b6f1-8ea5-48f4-a5e3-420465b28472"},"geometry":{"type":"Polygon","coordinates":[[[135.81322263906654,35.48336491788451],[135.81345078123957,35.48348229124814],[135.81362909966495,35.483504037775596],[135.8136561925616,35.48334379275682],[135.81323070888183,35.483303687209485],[135.81322263906654,35.48336491788451]]]}},{"type":"Feature","properties":{"pid":"249bd55c-ac1c-472f-bc5c-0bd23867d143"},"geometry":{"type":"Polygon","coordinates":[[[135.81525611978898,35.48367378496916],[135.81544488415494,35.483637017060296],[135.81548140032106,35.48364261482596],[135.81550464994112,35.48360476027381],[135.8152738920243,35.48357507532762],[135.81528001046183,35.48364085690126],[135.81525611978898,35.48367378496916]]]}},{"type":"Feature","properties":{"pid":"ea395e86-23d4-4235-8d53-1d4e9173be1d"},"geometry":{"type":"Polygon","coordinates":[[[135.81882563936122,35.48624775029555],[135.819502753698,35.48587193805113],[135.81902063970378,35.48526977182852],[135.81850685831026,35.48555704485341],[135.81882563936122,35.48624775029555]]]}},{"type":"Feature","properties":{"pid":"786fb4fa-3382-43ea-9d49-49ea1bf9d5a6"},"geometry":{"type":"Polygon","coordinates":[[[135.819339938953,35.48713927284622],[135.82015963328018,35.48667578869929],[135.81961795877356,35.48600434863255],[135.81889312149937,35.48641470160355],[135.818975128065,35.486593025070235],[135.8191801997524,35.4869357916357],[135.819339938953,35.48713927284622]]]}},{"type":"Feature","properties":{"pid":"abde0387-dd00-474b-bbad-3da48514ae3f"},"geometry":{"type":"Polygon","coordinates":[[[135.81978652892053,35.48511520663084],[135.8203812492162,35.48478330000423],[135.82039496600834,35.48477137782567],[135.82013322307353,35.48470686347193],[135.81966919476224,35.4849636937776],[135.81978652892053,35.48511520663084]]]}},{"type":"Feature","properties":{"pid":"af42a161-1e73-4167-bf56-7b0d80259609"},"geometry":{"type":"Polygon","coordinates":[[[135.82073876968803,35.48508487417725],[135.82055102432713,35.48486436746639],[135.81988705448913,35.48522434143763],[135.82005573316647,35.48544975406857],[135.82073876968803,35.48508487417725]]]}},{"type":"Feature","properties":{"pid":"03a80541-a46a-4873-9dd1-979c331d16e8"},"geometry":{"type":"Polygon","coordinates":[[[135.82134116868497,35.48714289523487],[135.822076442439,35.48673841053079],[135.82135284757763,35.4858579043922],[135.82064609099336,35.48624246876696],[135.82134116868497,35.48714289523487]]]}},{"type":"Feature","properties":{"pid":"696eb735-e381-4ad7-b2c4-0210fbb7da81"},"geometry":{"type":"Polygon","coordinates":[[[135.8202285752335,35.48753861510356],[135.8206256978999,35.48729890919662],[135.82025537931952,35.48681348924009],[135.819819235406,35.48705109028051],[135.8202285752335,35.48753861510356]]]}},{"type":"Feature","properties":{"pid":"8a765078-1ae9-4cdb-acad-67f111cb858b"},"geometry":{"type":"Polygon","coordinates":[[[135.82089032935144,35.48872543256049],[135.8212305627133,35.488584368839994],[135.82162729553562,35.488373249136984],[135.82133925373157,35.48801641430067],[135.82069653689973,35.48837037749753],[135.82089032935144,35.48872543256049]]]}},{"type":"Feature","properties":{"pid":"d0e81abf-0065-453a-a82c-e9b2d5d2307f"},"geometry":{"type":"Polygon","coordinates":[[[135.82045690948766,35.48760447681713],[135.82083368620263,35.48806688418424],[135.8211313653514,35.48789407654086],[135.82076365369792,35.48743000908382],[135.82045690948766,35.48760447681713]]]}},{"type":"Feature","properties":{"pid":"425f4ce8-e66d-4d48-83cf-67a1755746c7"},"geometry":{"type":"Polygon","coordinates":[[[135.81984446066005,35.48914874817378],[135.82070192006643,35.48881258925942],[135.82051203815777,35.48847056560135],[135.81983866033593,35.488834975475655],[135.81984446066005,35.48914874817378]]]}},{"type":"Feature","properties":{"pid":"d147255c-0fa0-4a86-8082-5db18d4eaf56"},"geometry":{"type":"Polygon","coordinates":[[[135.81948519871193,35.48850920350813],[135.81958548006975,35.4885215367775],[135.81960679039744,35.48846164343356],[135.81950949651974,35.488439698926115],[135.81948519871193,35.48850920350813]]]}},{"type":"Feature","properties":{"pid":"9a8adfab-7388-4c2d-be4b-d47956a056f4"},"geometry":{"type":"Polygon","coordinates":[[[135.80245198921205,35.486582950779756],[135.80239768868253,35.48647459248424],[135.8018378195796,35.486658874536644],[135.80202641246538,35.48701968042581],[135.80219579619163,35.48689423104785],[135.80226742059324,35.486785486658654],[135.80245198921205,35.486582950779756]]]}},{"type":"Feature","properties":{"pid":"c3e4085b-e808-4c2d-9eb2-aaa93389de2e"},"geometry":{"type":"Polygon","coordinates":[[[135.80253884831689,35.48651034876559],[135.80263325178012,35.486439510849884],[135.80275150646565,35.486349181412784],[135.8025028392451,35.48643740886884],[135.80253884831689,35.48651034876559]]]}},{"type":"Feature","properties":{"pid":"dc1087d2-c53d-4679-8c4a-940d924679ed"},"geometry":{"type":"Polygon","coordinates":[[[135.80230515973963,35.48633017345723],[135.8020171190775,35.485754873039276],[135.8011821616492,35.48604022364723],[135.80146791149386,35.4866152230002],[135.80230515973963,35.48633017345723]]]}},{"type":"Feature","properties":{"pid":"9eeb490b-a888-4792-9d08-8e0ad24ecb92"},"geometry":{"type":"Polygon","coordinates":[[[135.80183659807005,35.4849948444382],[135.80213016117364,35.48555701963],[135.80227645206986,35.48550919113572],[135.80199591234845,35.48495535046264],[135.80183659807005,35.4849948444382]]]}},{"type":"Feature","properties":{"pid":"92ef215f-2bda-4f4f-a9a3-e6a7e05b62aa"},"geometry":{"type":"Polygon","coordinates":[[[135.80210533550658,35.48492384528613],[135.80238404729946,35.48547387340299],[135.80256798310896,35.48541471533739],[135.80229068606965,35.4848690973105],[135.80210533550658,35.48492384528613]]]}},{"type":"Feature","properties":{"pid":"7ad76c45-f840-4fd6-83cd-e958ca54b883"},"geometry":{"type":"Polygon","coordinates":[[[135.80239782636235,35.48483504562115],[135.80267500138396,35.485379278826535],[135.80286863106167,35.48531374694354],[135.80259558999794,35.484769276818305],[135.80239782636235,35.48483504562115]]]}},{"type":"Feature","properties":{"pid":"077daeef-227d-42bf-b7ab-69991e424343"},"geometry":{"type":"Polygon","coordinates":[[[135.80297590741353,35.4852767798726],[135.8033085402846,35.48516851863466],[135.80323889642176,35.485029346654564],[135.80324593525881,35.48499123651963],[135.8035323418657,35.48488667451175],[135.80333905817972,35.484743839019956],[135.80322085859413,35.4847027373248],[135.80308118316066,35.48458746155769],[135.8027010477291,35.4847312562864],[135.80297590741353,35.4852767798726]]]}},{"type":"Feature","properties":{"pid":"13b71d07-400e-4757-9350-58321b500725"},"geometry":{"type":"Polygon","coordinates":[[[135.80369032826746,35.485409142185055],[135.80384345995728,35.485403377690034],[135.80405682391302,35.4854402478701],[135.80408872891445,35.48533096454059],[135.80419323071914,35.48528716799413],[135.80411969786203,35.48512933198456],[135.80408939514794,35.48510104699732],[135.80403408977713,35.48508974746305],[135.8036040111032,35.485230872886916],[135.80369032826746,35.485409142185055]]]}},{"type":"Feature","properties":{"pid":"9e0c93ad-e9ae-4fe6-80f1-630c059cd0a5"},"geometry":{"type":"Polygon","coordinates":[[[135.8024856812203,35.486273663737144],[135.80292485972703,35.48609944089019],[135.8031588674877,35.48571028882231],[135.80328531919707,35.485593083317504],[135.80317987450286,35.48536827078965],[135.80219920829697,35.48569730220395],[135.8024856812203,35.486273663737144]]]}},{"type":"Feature","properties":{"pid":"cb789286-dce3-4617-89d8-4cee23c17458"},"geometry":{"type":"Polygon","coordinates":[[[135.80711247899745,35.48430031782586],[135.80724645756194,35.484587483189905],[135.807425919743,35.48457733969996],[135.80728762323096,35.48423345319134],[135.80711247899745,35.48430031782586]]]}},{"type":"Feature","properties":{"pid":"ac880045-920b-4552-a886-65fd6f57adbf"},"geometry":{"type":"Polygon","coordinates":[[[135.8067349274666,35.484291688167964],[135.80678249497194,35.484372686635425],[135.806893463875,35.484281475580026],[135.80688869521842,35.484264586266875],[135.8067349274666,35.484291688167964]]]}},{"type":"Feature","properties":{"pid":"174cce00-37b5-43f7-b1a7-c569806b40ba"},"geometry":{"type":"Polygon","coordinates":[[[135.80652955809714,35.48390839055537],[135.8065902924465,35.48414213037205],[135.80687371459413,35.48410099122488],[135.8068617151931,35.48403975422519],[135.80690030761082,35.48400051095655],[135.80727132590377,35.48393870955015],[135.80722102373463,35.483800106556764],[135.80652955809714,35.48390839055537]]]}},{"type":"Feature","properties":{"pid":"258ad2fc-781b-4330-8f8f-682c098ff310"},"geometry":{"type":"Polygon","coordinates":[[[135.8067869852998,35.48317710797147],[135.80686903168504,35.48332285524767],[135.80709854061652,35.483291594482914],[135.80698716308763,35.48309975735242],[135.8067869852998,35.48317710797147]]]}},{"type":"Feature","properties":{"pid":"5ab29d18-f656-4113-9e26-a9b28e07d393"},"geometry":{"type":"Polygon","coordinates":[[[135.80740426971758,35.48309207381693],[135.80750201070825,35.48325274619606],[135.80772780907193,35.48322442836084],[135.80758086064623,35.48301619505444],[135.80740426971758,35.48309207381693]]]}},{"type":"Feature","properties":{"pid":"142399cd-82dc-4b0a-a7f5-d74773ca37ee"},"geometry":{"type":"Polygon","coordinates":[[[135.808254780971,35.483938534418556],[135.80849011480956,35.483834984234726],[135.80845404785464,35.48377569628643],[135.80831299955054,35.48381341943067],[135.80823864499172,35.48385736112768],[135.808254780971,35.483938534418556]]]}},{"type":"Feature","properties":{"pid":"6a795de4-8cac-420f-94c8-d4893fe87153"},"geometry":{"type":"Polygon","coordinates":[[[135.80890466889937,35.48357232521521],[135.80895838281558,35.48366561244788],[135.80920706067292,35.48368364733033],[135.80918791480136,35.48352564921339],[135.80890466889937,35.48357232521521]]]}},{"type":"Feature","properties":{"pid":"d67a2214-f56f-42c9-83e1-b3b8181bd50e"},"geometry":{"type":"Polygon","coordinates":[[[135.8086060905697,35.48379643825335],[135.80874368346014,35.48374702791017],[135.80876592626083,35.48370628037927],[135.8088079860654,35.483685556616166],[135.80877803166507,35.483631232140326],[135.80856065070287,35.48372548905815],[135.8086060905697,35.48379643825335]]]}},{"type":"Feature","properties":{"pid":"1c806d24-418e-4107-a089-1f5fbecefc85"},"geometry":{"type":"Polygon","coordinates":[[[135.81071711388654,35.48359839928297],[135.81073263820304,35.483643593271374],[135.81088908012592,35.4836072950086],[135.81089524343392,35.483571007599295],[135.81088849247607,35.48355981461987],[135.81071711388654,35.48359839928297]]]}},{"type":"Feature","properties":{"pid":"925ba7a5-bc6f-4ce6-90b9-134fc6ee7760"},"geometry":{"type":"Polygon","coordinates":[[[135.81105621520555,35.483372214438276],[135.81104343551578,35.48333318627891],[135.81044901282755,35.48338997611895],[135.81045838005187,35.483415899664834],[135.81060732787964,35.48345765222607],[135.81105621520555,35.483372214438276]]]}},{"type":"Feature","properties":{"pid":"a38a16f0-db04-4d5a-9c51-eeda250d750e"},"geometry":{"type":"Polygon","coordinates":[[[135.80935561687858,35.48228610996742],[135.8091109379933,35.482388718743636],[135.80946803472793,35.48297293316833],[135.80974515751402,35.48294190677519],[135.80965532927274,35.48275758580466],[135.80935561687858,35.48228610996742]]]}},{"type":"Feature","properties":{"pid":"aaf65fa8-9ecf-4a24-b72c-40b9e9e64da5"},"geometry":{"type":"Polygon","coordinates":[[[135.8095332405828,35.48220131842185],[135.80997987184648,35.48288654519188],[135.81018129638454,35.48288582933003],[135.81065187785234,35.48283326627746],[135.81011009784515,35.4819638840429],[135.8095332405828,35.48220131842185]]]}},{"type":"Feature","properties":{"pid":"55f2179d-3847-4a65-a43a-40287db353e2"},"geometry":{"type":"Polygon","coordinates":[[[135.8116204952532,35.48278933069256],[135.81141682204685,35.482436660107794],[135.81137992594356,35.482450907102155],[135.81138580943264,35.482481668404844],[135.81136182075002,35.48251061615158],[135.81088574011787,35.482712217815795],[135.8109706233544,35.482842008735396],[135.8116204952532,35.48278933069256]]]}},{"type":"Feature","properties":{"pid":"383683ed-ba9d-401e-aabe-edacf46e28c3"},"geometry":{"type":"Polygon","coordinates":[[[135.81059273685625,35.48176263455911],[135.8102274328369,35.481915055216106],[135.81067271491037,35.48263326543088],[135.81104065844875,35.48248080332532],[135.81059273685625,35.48176263455911]]]}},{"type":"Feature","properties":{"pid":"1d8a8018-3d6c-4106-a06d-3e5f842f867f"},"geometry":{"type":"Polygon","coordinates":[[[135.8109083010974,35.481630233526936],[135.81071513434983,35.48171148686195],[135.81115818993624,35.4824315047752],[135.8113555021492,35.48234912874737],[135.8109083010974,35.481630233526936]]]}},{"type":"Feature","properties":{"pid":"38566e14-8d2e-44dc-987f-8927d56bc4cb"},"geometry":{"type":"Polygon","coordinates":[[[135.81106738686893,35.48156348341895],[135.81148998174177,35.482244022899366],[135.8115929838475,35.482206201015515],[135.81116718640612,35.48152176932465],[135.81106738686893,35.48156348341895]]]}},{"type":"Feature","properties":{"pid":"2b0cd79d-dd09-46df-a6da-f88f340d6099"},"geometry":{"type":"Polygon","coordinates":[[[135.811384070658,35.48142973043724],[135.81127686537752,35.481473706182626],[135.81170154189178,35.48216533122048],[135.81181620418337,35.48212436584319],[135.811384070658,35.48142973043724]]]}},{"type":"Feature","properties":{"pid":"0a9919af-d394-47e0-8aaa-7c99386f7233"},"geometry":{"type":"Polygon","coordinates":[[[135.81068432821064,35.48155843158222],[135.810804512794,35.48150744395305],[135.81071608599927,35.481365226666355],[135.81059552570647,35.48141663240541],[135.81068432821064,35.48155843158222]]]}},{"type":"Feature","properties":{"pid":"7ed34e2f-47a9-499d-9910-7b28cb5a6ccc"},"geometry":{"type":"Polygon","coordinates":[[[135.8100521429744,35.48182526501858],[135.81024580692957,35.48174199908664],[135.80980321233517,35.481036492906746],[135.80961154167494,35.48111112598773],[135.8100521429744,35.48182526501858]]]}},{"type":"Feature","properties":{"pid":"9a40ad31-a04d-414f-95c4-0007f20e7d7e"},"geometry":{"type":"Polygon","coordinates":[[[135.80919748237008,35.48128320357945],[135.80900949044735,35.48135826088571],[135.80944232434075,35.48207695793132],[135.80963352704381,35.481999977824515],[135.80919748237008,35.48128320357945]]]}},{"type":"Feature","properties":{"pid":"6eb5e852-c660-45a1-84c5-c4796502a1d9"},"geometry":{"type":"Polygon","coordinates":[[[135.80974585222518,35.48195437520911],[135.80994680077254,35.48187121986144],[135.80950567922002,35.48115467674295],[135.80931370380625,35.481235070016325],[135.80974585222518,35.48195437520911]]]}},{"type":"Feature","properties":{"pid":"8cf6e600-d7cc-42b6-ad60-4fd86a8d87e1"},"geometry":{"type":"Polygon","coordinates":[[[135.80792102671086,35.48181933432318],[135.80835303217745,35.48251572129101],[135.80837152187647,35.48251953747598],[135.80877852556662,35.48235035109293],[135.8083363125452,35.481648434587385],[135.80792102671086,35.48181933432318]]]}},{"type":"Feature","properties":{"pid":"4fc9c488-9bcc-4fa8-877a-43c2691ca410"},"geometry":{"type":"Polygon","coordinates":[[[135.80844597817816,35.48159899861572],[135.80887902954584,35.48229720011771],[135.80927396011478,35.48214531575212],[135.80883093965957,35.48143463202258],[135.80844597817816,35.48159899861572]]]}},{"type":"Feature","properties":{"pid":"e9245bc8-97c8-4009-9878-6a45ad88a239"},"geometry":{"type":"Polygon","coordinates":[[[135.80875494405527,35.482528832533966],[135.8090628063509,35.483040355172875],[135.80934596461196,35.48299780541383],[135.808999232605,35.48242785005729],[135.80875494405527,35.482528832533966]]]}},{"type":"Feature","properties":{"pid":"2160f1c5-023f-4af8-ad6f-46cc3f860af5"},"geometry":{"type":"Polygon","coordinates":[[[135.80893830647432,35.48306111605629],[135.8086462669166,35.482575880323665],[135.80841254852785,35.48267566975028],[135.8086643987796,35.483093601036224],[135.80893830647432,35.48306111605629]]]}},{"type":"Feature","properties":{"pid":"701416b7-b342-40de-aec9-39f90ba35c6c"},"geometry":{"type":"Polygon","coordinates":[[[135.80853719574256,35.48311134052372],[135.8083029337956,35.48272501056693],[135.80769938864182,35.482969314699],[135.80785193990522,35.483204521205046],[135.80853719574256,35.48311134052372]]]}},{"type":"Feature","properties":{"pid":"2103c906-a242-4b8e-9a41-eb6fcb9c6ce3"},"geometry":{"type":"Polygon","coordinates":[[[135.80763624174426,35.48193883410489],[135.80806005068894,35.4826354762368],[135.8082499807853,35.482569016939344],[135.80781497020294,35.481864143376406],[135.80763624174426,35.48193883410489]]]}},{"type":"Feature","properties":{"pid":"638bab2b-9165-4bad-b268-e585cec8dc6a"},"geometry":{"type":"Polygon","coordinates":[[[135.80733817036696,35.482061699133105],[135.80775614251982,35.482746776700644],[135.8077970085306,35.48275583370538],[135.80795737881493,35.48269015962337],[135.80752661093499,35.48198412337239],[135.80733817036696,35.482061699133105]]]}},{"type":"Feature","properties":{"pid":"5f706689-3eb5-4a4b-96c2-85ffa36f7742"},"geometry":{"type":"Polygon","coordinates":[[[135.8070466764084,35.48218292990506],[135.80745928796446,35.482868819384784],[135.8074933215964,35.48288224889873],[135.8076615004089,35.482813487020515],[135.80723224361046,35.48210704277308],[135.8070466764084,35.48218292990506]]]}},{"type":"Feature","properties":{"pid":"c34a4253-f73c-4119-b8a4-ac3504d88dfa"},"geometry":{"type":"Polygon","coordinates":[[[135.8062884254787,35.482495271499104],[135.80663802784247,35.4830666883434],[135.80691203453438,35.482954867389246],[135.80655813584892,35.48238605928762],[135.8062884254787,35.482495271499104]]]}},{"type":"Feature","properties":{"pid":"148becb8-0eda-4e24-a5de-e75c4a5d194a"},"geometry":{"type":"Polygon","coordinates":[[[135.80674021866005,35.482305831495026],[135.80717989455576,35.48301544601048],[135.80735504769297,35.48294054008119],[135.80735806306856,35.482925062322295],[135.80694109316582,35.48222681278151],[135.80674021866005,35.482305831495026]]]}},{"type":"Feature","properties":{"pid":"36e10213-f8c0-48ba-bdff-9cd3cc4d6965"},"geometry":{"type":"Polygon","coordinates":[[[135.8065080236895,35.48112742437899],[135.8069501399636,35.48183766235364],[135.8071087838328,35.4817773828865],[135.8066627785231,35.481067187435976],[135.8065080236895,35.48112742437899]]]}},{"type":"Feature","properties":{"pid":"eedaff6d-07b9-4d4c-a1fe-f45f2ad91b72"},"geometry":{"type":"Polygon","coordinates":[[[135.80637436658623,35.48208653276985],[135.8059380717031,35.48136591108444],[135.80574794560115,35.48144524994186],[135.8061805222828,35.48216187832899],[135.80637436658623,35.48208653276985]]]}},{"type":"Feature","properties":{"pid":"ec9905af-001f-459c-9f3e-1dc549da2a3a"},"geometry":{"type":"Polygon","coordinates":[[[135.8060947425888,35.48130007255246],[135.80654671409715,35.48201830616105],[135.8068483433108,35.48189282174869],[135.8063992864969,35.481173015132924],[135.8060947425888,35.48130007255246]]]}},{"type":"Feature","properties":{"pid":"05c1a7d1-a569-4686-9d6f-7f804a9e3a8b"},"geometry":{"type":"Polygon","coordinates":[[[135.80606495686965,35.482209398734234],[135.80563530104283,35.48149232319306],[135.80516917195752,35.48168678450093],[135.80561203632848,35.482401640376395],[135.80606495686965,35.482209398734234]]]}},{"type":"Feature","properties":{"pid":"fc46d4dc-5435-4009-a0f6-df47ca7abebb"},"geometry":{"type":"Polygon","coordinates":[[[135.80421307431186,35.48101752686225],[135.80465229811537,35.481738228941346],[135.80486505988438,35.4816481698592],[135.80441778856863,35.48093194779803],[135.80421307431186,35.48101752686225]]]}},{"type":"Feature","properties":{"pid":"25fb45dd-662e-4c6f-b5dd-42f008faa285"},"geometry":{"type":"Polygon","coordinates":[[[135.8045381348452,35.48178647561821],[135.80409066024637,35.48106861889303],[135.80391192994074,35.48114332325692],[135.80435805976722,35.48186241554617],[135.8045381348452,35.48178647561821]]]}},{"type":"Feature","properties":{"pid":"5e6a6f35-7a19-4b80-acb4-cd80bb8c259e"},"geometry":{"type":"Polygon","coordinates":[[[135.8049290091206,35.48178672308966],[135.8053823045631,35.482505117101276],[135.80550168979144,35.48245579683628],[135.8050594266279,35.4817324565854],[135.8049290091206,35.48178672308966]]]}},{"type":"Feature","properties":{"pid":"15d62b7c-d067-4071-b3c4-14f99973bcc2"},"geometry":{"type":"Polygon","coordinates":[[[135.80482053357716,35.481831950383935],[135.80465354157383,35.48190174369816],[135.80510545500175,35.482620037213906],[135.80526831573636,35.48255283357693],[135.80482053357716,35.481831950383935]]]}},{"type":"Feature","properties":{"pid":"d1ec6739-be72-4122-92d0-ab0b1e7f04f8"},"geometry":{"type":"Polygon","coordinates":[[[135.80426836101697,35.48206234771807],[135.80470984610864,35.482775777376496],[135.80498923633107,35.48266845661859],[135.80454133690233,35.481948581267076],[135.80426836101697,35.48206234771807]]]}},{"type":"Feature","properties":{"pid":"5f3599f2-0a88-4644-b223-12f8ee031284"},"geometry":{"type":"Polygon","coordinates":[[[135.80414572436905,35.48300895746849],[135.8045891627938,35.48282055824407],[135.80414998531668,35.48211137997481],[135.80369753276253,35.48229784281143],[135.80414572436905,35.48300895746849]]]}},{"type":"Feature","properties":{"pid":"2c31ad5e-13c2-4828-bc82-8c5747ffc71b"},"geometry":{"type":"Polygon","coordinates":[[[135.80573590461245,35.482725415048755],[135.80608687650314,35.483290161763755],[135.80652605884055,35.483108049289854],[135.80618166102968,35.48254188867602],[135.80573590461245,35.482725415048755]]]}},{"type":"Feature","properties":{"pid":"b5e02186-d55a-471f-a1df-ed55087523f2"},"geometry":{"type":"Polygon","coordinates":[[[135.80622518223893,35.483407762285616],[135.80674552231372,35.48334120622439],[135.80668022742415,35.48322309798543],[135.80622518223893,35.483407762285616]]]}},{"type":"Feature","properties":{"pid":"e90913ba-8058-4860-b1a7-58955b38cdaa"},"geometry":{"type":"Polygon","coordinates":[[[135.80528519965844,35.482908424427485],[135.8056432037024,35.48348369608667],[135.80579631985827,35.483471514953514],[135.80584171936087,35.48340367243488],[135.80598262901367,35.4833434071239],[135.80562268009496,35.482766421910185],[135.80528519965844,35.482908424427485]]]}},{"type":"Feature","properties":{"pid":"5d5746d2-7af7-4b72-b90c-a15fd016cbaf"},"geometry":{"type":"Polygon","coordinates":[[[135.8059587913636,35.48399420343571],[135.80603008805846,35.48423829666172],[135.80647660419802,35.48417188740847],[135.8064136440853,35.483925887769516],[135.8059587913636,35.48399420343571]]]}},{"type":"Feature","properties":{"pid":"43e83e24-3a11-4a2a-90f6-e537fd285a7d"},"geometry":{"type":"Polygon","coordinates":[[[135.8055489259142,35.484655622966436],[135.80558588797402,35.48468345430379],[135.80568162644258,35.484659380933216],[135.80564178660606,35.484480438709845],[135.80549069336158,35.484507233385116],[135.8055489259142,35.484655622966436]]]}},{"type":"Feature","properties":{"pid":"4c1e84b3-c180-418b-b8be-d77642b99ba1"},"geometry":{"type":"Polygon","coordinates":[[[135.80523840068787,35.48456471198791],[135.80527508733522,35.48466281105674],[135.80529109322993,35.48465883613651],[135.80530695616918,35.484602727538785],[135.80536051693804,35.48457791798566],[135.80534541189084,35.48454863585428],[135.80523840068787,35.48456471198791]]]}},{"type":"Feature","properties":{"pid":"c3d0d784-3e0a-4811-a1fe-98b4128d7cb0"},"geometry":{"type":"Polygon","coordinates":[[[135.80521567383093,35.48408761217029],[135.80528929617958,35.484372489333225],[135.80558072416494,35.48432194302873],[135.8055945778677,35.48430349940655],[135.80552408726118,35.48404393667604],[135.80521567383093,35.48408761217029]]]}},{"type":"Feature","properties":{"pid":"14d1e7d1-1498-4a22-8c1a-7a748f877909"},"geometry":{"type":"Polygon","coordinates":[[[135.80563803738627,35.48402871801604],[135.80570712070448,35.484285339434685],[135.8057220469232,35.484293848326836],[135.80588820127744,35.484266252996335],[135.80581691192432,35.48400503904081],[135.80563803738627,35.48402871801604]]]}},{"type":"Feature","properties":{"pid":"cd3ef405-b90b-4263-8b98-0afaad6aa4ca"},"geometry":{"type":"Polygon","coordinates":[[[135.80468848139157,35.48426394566719],[135.80471197480205,35.48430498265989],[135.80475161639498,35.48446523638942],[135.80479068641125,35.484459026960074],[135.80473715216925,35.48425632449635],[135.80468848139157,35.48426394566719]]]}},{"type":"Feature","properties":{"pid":"e9ddd908-e0ea-4282-ac81-e23f7b5d57ec"},"geometry":{"type":"Polygon","coordinates":[[[135.80490676701618,35.48444002737128],[135.80517842448663,35.484392007359205],[135.80510304982784,35.48410391281842],[135.80482609598604,35.484141026922636],[135.80490676701618,35.48444002737128]]]}},{"type":"Feature","properties":{"pid":"a7c2af23-57d5-4da5-9c0b-34a6c930a730"},"geometry":{"type":"Polygon","coordinates":[[[135.80426964142586,35.48448148190206],[135.80428571090997,35.484543254254014],[135.80449948510633,35.48450238197178],[135.80450761373945,35.48442434488442],[135.80426964142586,35.48448148190206]]]}},{"type":"Feature","properties":{"pid":"98831d7d-30ba-4dcb-af30-95889672517b"},"geometry":{"type":"Polygon","coordinates":[[[135.80475659429064,35.48356432992073],[135.8050679533569,35.48354032481161],[135.80480496035233,35.48311269581239],[135.8045326439189,35.48322437744274],[135.8047301707472,35.483553043676515],[135.80475659429064,35.48356432992073]]]}},{"type":"Feature","properties":{"pid":"40c0eb73-a9c0-43bf-8c34-08a232326bd3"},"geometry":{"type":"Polygon","coordinates":[[[135.8049124731207,35.48306818698404],[135.80519818820943,35.483530698533315],[135.80524812215086,35.48353341037329],[135.8054781549907,35.483441390613386],[135.80517265211063,35.48295202112128],[135.8049124731207,35.48306818698404]]]}},{"type":"Feature","properties":{"pid":"ca4d751c-46a5-4b77-89c8-61f38199aab9"},"geometry":{"type":"Polygon","coordinates":[[[135.80387248175188,35.4834966520733],[135.80396068206142,35.48363865401224],[135.80401850512578,35.483663499289285],[135.8046147604941,35.48358139715069],[135.80442256867366,35.483267076105626],[135.80387248175188,35.4834966520733]]]}},{"type":"Feature","properties":{"pid":"8e246c71-2049-43de-a965-dae63be04a12"},"geometry":{"type":"Polygon","coordinates":[[[135.80306285789115,35.483877918044094],[135.80313265889268,35.483858549750565],[135.80327828246948,35.48382158839734],[135.80324067389984,35.48376139052225],[135.80306285789115,35.483877918044094]]]}},{"type":"Feature","properties":{"pid":"c11b20ae-8102-410f-b96e-c55b74aa1f86"},"geometry":{"type":"Polygon","coordinates":[[[135.80337906554294,35.48377939779776],[135.80340925001843,35.48378743998523],[135.80378481049232,35.48370085993694],[135.8036979628946,35.48357014152275],[135.8033407814114,35.48371804191349],[135.80337906554294,35.48377939779776]]]}},{"type":"Feature","properties":{"pid":"242c9736-f115-4def-be43-08ebbacab387"},"geometry":{"type":"Polygon","coordinates":[[[135.8037153882868,35.48481193294256],[135.8037424917667,35.484835083993715],[135.80391019532672,35.484803302779646],[135.80395262105048,35.48481253278571],[135.80394376478387,35.48477260786297],[135.8037153882868,35.48481193294256]]]}},{"type":"Feature","properties":{"pid":"a775c256-e331-4482-b436-147ccbca990b"},"geometry":{"type":"Polygon","coordinates":[[[135.80388062047646,35.48429608140549],[135.80386695029895,35.48429871976158],[135.80334557364105,35.484443939727356],[135.80350471657073,35.48461821489845],[135.80356801902994,35.484655802157576],[135.80396387529092,35.48459847968677],[135.80388062047646,35.48429608140549]]]}},{"type":"Feature","properties":{"pid":"54efc75e-d424-4c39-97c6-fc2c7b165c8c"},"geometry":{"type":"Polygon","coordinates":[[[135.80132698903566,35.48328797961817],[135.80176246359812,35.483986457737],[135.80188729592814,35.48394180130051],[135.80145989912714,35.483232862146835],[135.80132698903566,35.48328797961817]]]}},{"type":"Feature","properties":{"pid":"f78edd0b-7d55-45cb-80a9-21deb121ce59"},"geometry":{"type":"Polygon","coordinates":[[[135.8018926064849,35.48305670046273],[135.80230635150798,35.48374488873211],[135.80234192640455,35.48375497410233],[135.8027794428471,35.48357979599287],[135.80234853944188,35.4828676427668],[135.8018926064849,35.48305670046273]]]}},{"type":"Feature","properties":{"pid":"cc67aff0-eee5-421f-af13-ba51624ac5fb"},"geometry":{"type":"Polygon","coordinates":[[[135.80156553381752,35.48319146069029],[135.80198822172935,35.48389394412201],[135.80220849807176,35.48381001093606],[135.8017829183568,35.48310289668363],[135.80156553381752,35.48319146069029]]]}},{"type":"Feature","properties":{"pid":"83c6bd51-ba3f-4bc8-a326-fade00a61307"},"geometry":{"type":"Polygon","coordinates":[[[135.80115596540332,35.48229865532605],[135.8015839805314,35.483014253811525],[135.80187355857888,35.482894885480874],[135.80143584503006,35.48217895478508],[135.80115596540332,35.48229865532605]]]}},{"type":"Feature","properties":{"pid":"df412320-c6d5-46ca-b4a3-246a13220b51"},"geometry":{"type":"Polygon","coordinates":[[[135.80197977829337,35.482850232718235],[135.80224156252817,35.48274296156647],[135.80180157455135,35.48203073739687],[135.80154468813885,35.482133037349314],[135.80197977829337,35.482850232718235]]]}},{"type":"Feature","properties":{"pid":"ce3603ca-3f14-4b0c-8294-2ee8785d3395"},"geometry":{"type":"Polygon","coordinates":[[[135.80235296742347,35.482696587460424],[135.8029227204382,35.48246562063641],[135.80248292983973,35.48174629099179],[135.80191502220887,35.481984008279554],[135.80235296742347,35.482696587460424]]]}},{"type":"Feature","properties":{"pid":"a2bcfdb9-d6d2-4f32-a46c-55f564d42d45"},"geometry":{"type":"Polygon","coordinates":[[[135.802897995149,35.483534295413705],[135.80344931567174,35.48331990644631],[135.80300406083722,35.48259161643038],[135.8024564127639,35.482819602144296],[135.802897995149,35.483534295413705]]]}},{"type":"Feature","properties":{"pid":"53322d63-35d8-47a7-9119-9fad7c833c47"},"geometry":{"type":"Polygon","coordinates":[[[135.80311857492842,35.48254260070805],[135.80356299129284,35.48327516524061],[135.80399485398817,35.4830967959593],[135.8035446601437,35.482376101518],[135.80311857492842,35.48254260070805]]]}},{"type":"Feature","properties":{"pid":"bf22240b-248e-411a-bea6-645253db7a27"},"geometry":{"type":"Polygon","coordinates":[[[135.80302948853276,35.482417940617545],[135.80315675694249,35.482368460468095],[135.80271535142563,35.48165018428521],[135.80259331684374,35.48170270630644],[135.80302948853276,35.482417940617545]]]}},{"type":"Feature","properties":{"pid":"23e761a2-7560-4ebf-b0aa-11754b137c1b"},"geometry":{"type":"Polygon","coordinates":[[[135.80301908972282,35.48152929248607],[135.80282642508715,35.48160544741484],[135.80326846301682,35.48232288964704],[135.80337052367042,35.48228135829907],[135.80334778316916,35.482242141158146],[135.80335097776015,35.48221616101281],[135.80342376399378,35.48217276496166],[135.80301908972282,35.48152929248607]]]}},{"type":"Feature","properties":{"pid":"c88d81e2-f186-441c-b0bb-d930360b57b6"},"geometry":{"type":"Polygon","coordinates":[[[135.8031763102572,35.48144971837775],[135.8036195504963,35.48217021889671],[135.8039379111559,35.482038124994936],[135.80348847343996,35.48131819985492],[135.8031763102572,35.48144971837775]]]}},{"type":"Feature","properties":{"pid":"609f6bad-5dc3-40c6-8458-37577ed8a26b"},"geometry":{"type":"Polygon","coordinates":[[[135.80360412386923,35.4812700620162],[135.80405590222682,35.48198895652757],[135.80424437613902,35.48191017475681],[135.80379629031097,35.48119126040967],[135.80360412386923,35.4812700620162]]]}},{"type":"Feature","properties":{"pid":"ac729151-74b0-4ea3-b58c-d6dcb196c730"},"geometry":{"type":"Polygon","coordinates":[[[135.8010438761316,35.4813206967142],[135.8014639516925,35.48197748433842],[135.8014968830747,35.48198391287311],[135.80182397849296,35.48184708636336],[135.80134147984768,35.481092462508514],[135.8010438761316,35.4813206967142]]]}},{"type":"Feature","properties":{"pid":"f7287ae8-a701-49d4-9b1e-c64da4fb6a5b"},"geometry":{"type":"Polygon","coordinates":[[[135.80095539401609,35.48139856642027],[135.80075872581733,35.48157577295987],[135.80111357481726,35.48212633312744],[135.8011518238605,35.48212623350387],[135.80136291026986,35.482039721693766],[135.80095539401609,35.48139856642027]]]}},{"type":"Feature","properties":{"pid":"c70b826f-a63a-4e1f-a244-f5fde47ab9a2"},"geometry":{"type":"Polygon","coordinates":[[[135.8002760757841,35.48207710873974],[135.80046731787633,35.48240093320907],[135.80101221161172,35.482185139408784],[135.80067604854048,35.48165994983832],[135.8002760757841,35.48207710873974]]]}},{"type":"Feature","properties":{"pid":"4d3f44d2-02db-42b1-a91d-08aa1b006ec7"},"geometry":{"type":"Polygon","coordinates":[[[135.80062520859735,35.483460740404],[135.80086895734166,35.48336020267142],[135.80040190237963,35.48260132793516],[135.80016060642882,35.48269561361689],[135.80062520859735,35.483460740404]]]}},{"type":"Feature","properties":{"pid":"56ddd419-7f7e-4958-a854-facf17501b92"},"geometry":{"type":"Polygon","coordinates":[[[135.80054784641,35.48254505051559],[135.80098805612633,35.48326771985974],[135.80147569032687,35.48306166500209],[135.80104387495004,35.48234424731048],[135.80054784641,35.48254505051559]]]}},{"type":"Feature","properties":{"pid":"194c3c02-c31d-4455-815e-525c67e8362e"},"geometry":{"type":"Polygon","coordinates":[[[135.80005289063004,35.48274073438016],[135.79976314347843,35.482858642006406],[135.8002307692386,35.483623753955726],[135.80052052362188,35.4835058543295],[135.80005289063004,35.48274073438016]]]}},{"type":"Feature","properties":{"pid":"9b4543d9-3733-4750-8139-7ec24f02896c"},"geometry":{"type":"Polygon","coordinates":[[[135.8012034884167,35.48428106328725],[135.80140017462335,35.484199795232435],[135.8009547686961,35.4834891851276],[135.80076161216266,35.48356974902951],[135.8012034884167,35.48428106328725]]]}},{"type":"Feature","properties":{"pid":"54160ce8-26e9-4ac0-bd87-65d63e6ea49a"},"geometry":{"type":"Polygon","coordinates":[[[135.80166295624727,35.48403518490387],[135.80121970435897,35.48333021684891],[135.80106804075848,35.48339408483922],[135.80150573668175,35.48409321534176],[135.80166295624727,35.48403518490387]]]}},{"type":"Feature","properties":{"pid":"56dbcacc-c66f-4f56-86a5-bdb1af4870d6"},"geometry":{"type":"Polygon","coordinates":[[[135.80097116986303,35.48437917883614],[135.80108669913557,35.48433022218707],[135.80064439945357,35.48361863436444],[135.80052993755484,35.48366636716621],[135.80097116986303,35.48437917883614]]]}},{"type":"Feature","properties":{"pid":"d0873534-a9f8-4190-b805-0847e1a388e7"},"geometry":{"type":"Polygon","coordinates":[[[135.80031331083674,35.48464598380553],[135.80057261130494,35.48454225076042],[135.8001293661559,35.48383259261265],[135.7998757491937,35.48393921228889],[135.80031331083674,35.48464598380553]]]}},{"type":"Feature","properties":{"pid":"d275f89c-f6e6-40b0-8bba-2f6fef622bbd"},"geometry":{"type":"Polygon","coordinates":[[[135.80068454229638,35.4844968390739],[135.80085602260377,35.48442647842408],[135.80041343352542,35.48371477593119],[135.8002450887192,35.48378437769354],[135.80068454229638,35.4844968390739]]]}},{"type":"Feature","properties":{"pid":"6e8022b0-b501-4a1e-9b44-08cd80ecdb66"},"geometry":{"type":"Polygon","coordinates":[[[135.79976541175034,35.485696943223104],[135.80005052914873,35.486262897157665],[135.8019509786914,35.4856250936382],[135.80166437825216,35.485048043336256],[135.79976541175034,35.485696943223104]]]}},{"type":"Feature","properties":{"pid":"dfd28154-c1c0-41e0-acfc-4ef70cb0c580"},"geometry":{"type":"Polygon","coordinates":[[[135.80135094935886,35.4866536822223],[135.80106987553344,35.48608405281267],[135.80010619384296,35.48639753289719],[135.80040360788237,35.486973549597565],[135.80135094935886,35.4866536822223]]]}},{"type":"Feature","properties":{"pid":"2c99688e-85c4-45fc-9b58-6bec42b316fe"},"geometry":{"type":"Polygon","coordinates":[[[135.8004790142942,35.48711294126608],[135.80063388526594,35.487420252144965],[135.80079877064426,35.48732483001699],[135.80094863325408,35.487289785035806],[135.80146529446773,35.4873539964174],[135.80193632554406,35.48708872757927],[135.80173085406838,35.48669289778903],[135.8004790142942,35.48711294126608]]]}},{"type":"Feature","properties":{"pid":"d0804865-d2e9-4813-9547-e154a5ef6e1a"},"geometry":{"type":"Polygon","coordinates":[[[135.80048492521559,35.480104135485064],[135.80128041485733,35.47959670386806],[135.8008626598509,35.47886401287043],[135.79994865527092,35.47920909798259],[135.80044544233272,35.480099299765435],[135.80048492521559,35.480104135485064]]]}},{"type":"Feature","properties":{"pid":"db30198f-e860-4a93-aaa0-367b813f861b"},"geometry":{"type":"Polygon","coordinates":[[[135.800509895886,35.477927087029435],[135.80092157779043,35.47866601355848],[135.80192412728366,35.478289992445625],[135.8015051768802,35.47755332808655],[135.800509895886,35.477927087029435]]]}},{"type":"Feature","properties":{"pid":"742c3fda-317f-4857-8eb1-1d4aefa17897"},"geometry":{"type":"Polygon","coordinates":[[[135.79993649933766,35.479052535588984],[135.8007875610727,35.47872872162851],[135.8003686879857,35.47799440817671],[135.79946927563023,35.478338713760486],[135.79985231049466,35.47904603649548],[135.79989905257108,35.4790360486192],[135.79993649933766,35.479052535588984]]]}},{"type":"Feature","properties":{"pid":"3afce197-7d86-44c2-9c79-efed3c985c33"},"geometry":{"type":"Polygon","coordinates":[[[135.80045121257075,35.47783294258897],[135.80143084839614,35.47746318854853],[135.8014433669608,35.47743912191248],[135.80114934176544,35.476921771592274],[135.80092285786918,35.4770096633275],[135.80088560149986,35.47700968546932],[135.80085684095113,35.47699031333414],[135.80074442424157,35.47679479515705],[135.8000281675353,35.47706245283544],[135.80045121257075,35.47783294258897]]]}},{"type":"Feature","properties":{"pid":"5e5bf39f-904f-433e-9908-c116378aba7c"},"geometry":{"type":"Polygon","coordinates":[[[135.80100754975533,35.476511139796884],[135.8018976084758,35.47617259269207],[135.80163967142192,35.47571422220234],[135.80075401940982,35.47604845039085],[135.80100754975533,35.476511139796884]]]}},{"type":"Feature","properties":{"pid":"a39c00c2-bef4-4b18-afa6-36e9bd8cff8e"},"geometry":{"type":"Polygon","coordinates":[[[135.79985499467895,35.47627872416007],[135.79966537113805,35.47644777967364],[135.79972906509116,35.476556077423744],[135.80004959757005,35.47643828937977],[135.8000918475859,35.476440713151426],[135.8001175702045,35.476462794559964],[135.8002693880997,35.476743770895915],[135.80028084122003,35.47679184566626],[135.80084351317421,35.47657866582534],[135.80040038961616,35.47579683839663],[135.8000617743883,35.476094988184435],[135.80017316512118,35.47610899572965],[135.8002464333982,35.476167398485224],[135.80027357157033,35.47624556074646],[135.80025204466438,35.47634621030729],[135.7999536152701,35.476449513621304],[135.7999126808664,35.47642319446347],[135.79985499467895,35.47627872416007]]]}},{"type":"Feature","properties":{"pid":"9000d6ca-dfb1-4a74-81bc-ac0f224e75b9"},"geometry":{"type":"MultiPolygon","coordinates":[[[[135.8006706694667,35.47594307274549],[135.80124987110833,35.475734678369655],[135.801214340231,35.475710381657656],[135.80110524130578,35.47552020217916],[135.80110525598514,35.47548993415069],[135.80112866957805,35.475466496169865],[135.801364001768,35.47537433159118],[135.80142314338008,35.475380523353394],[135.80125740372046,35.475085069662484],[135.80095800855074,35.475301525973705],[135.8005306780122,35.475686616225985],[135.8006706694667,35.47594307274549]]],[[[135.80152366891977,35.47563616570325],[135.80156297635915,35.47562202278545],[135.8014879851803,35.475492842045306],[135.80153960477702,35.47559472912696],[135.80152366891977,35.47563616570325]]]]}}]}