{"type":"FeatureCollection","features":[{"type":"Feature","properties":{"pid":"7be31d4b-8025-417b-a46f-0dbf9007b02e","full":3.2},"geometry":{"type":"Polygon","coordinates":[[[136.1505,36.14646],[136.1504,36.14644],[136.1503,36.14656],[136.15013,36.14669],[136.14985,36.14679],[136.14984,36.14682],[136.14995,36.14684],[136.15005,36.14684],[136.1505,36.1467],[136.1505,36.14646]]]}},{"type":"Feature","properties":{"pid":"8e0e9fba-02c1-4885-a102-34d9c011e776","full":10.9},"geometry":{"type":"Polygon","coordinates":[[[136.15023,36.1463],[136.14992,36.14618],[136.14992,36.14619],[136.14988,36.14618],[136.1497,36.14646],[136.15015,36.14664],[136.15021,36.1466],[136.15026,36.14656],[136.15041,36.14635],[136.15041,36.14631],[136.15023,36.1463]]]}},{"type":"Feature","properties":{"pid":"1ee6505b-0b8e-4401-8e7c-103539812eec","full":7.5},"geometry":{"type":"Polygon","coordinates":[[[136.15124,36.1462],[136.15076,36.14612],[136.15069,36.1462],[136.15064,36.1463],[136.15061,36.14637],[136.1513,36.14643],[136.1513,36.14638],[136.15124,36.14627],[136.15124,36.1462]]]}},{"type":"Feature","properties":{"pid":"766cbbdc-3f9b-4d98-b403-ca53ebfbaf1a","full":2.1},"geometry":{"type":"Polygon","coordinates":[[[136.15117,36.14602],[136.15086,36.14595],[136.15076,36.14611],[136.15122,36.14618],[136.15125,36.14613],[136.15119,36.14607],[136.15117,36.14602]]]}},{"type":"Feature","properties":{"pid":"78a90dfc-0497-4fb0-8f2e-d6e7ce59a35d","full":9.8},"geometry":{"type":"Polygon","coordinates":[[[136.15131,36.14644],[136.15062,36.14638],[136.15059,36.14655],[136.15059,36.14667],[136.15115,36.14668],[136.1512,36.14668],[136.15129,36.14651],[136.15131,36.14644]]]}},{"type":"Feature","properties":{"pid":"bc5623f7-7f0c-43b7-9703-909562bdae7a","full":2.2},"geometry":{"type":"Polygon","coordinates":[[[136.15118,36.14669],[136.15097,36.14668],[136.1506,36.14669],[136.15061,36.14677],[136.15064,36.14684],[136.15113,36.1468],[136.15118,36.14669]]]}},{"type":"Feature","properties":{"pid":"01cb981b-1c17-4bd3-ae7a-8aa290562e96","full":7.6},"geometry":{"type":"Polygon","coordinates":[[[136.15117,36.14719],[136.15113,36.14689],[136.15068,36.14695],[136.15078,36.14722],[136.15081,36.14731],[136.15117,36.14719]]]}},{"type":"Feature","properties":{"pid":"3c0af485-3fce-447c-95e2-f60456f25436","full":32.8},"geometry":{"type":"Polygon","coordinates":[[[136.15244,36.14457],[136.15178,36.14455],[136.15138,36.14505],[136.15139,36.14507],[136.15241,36.14511],[136.15244,36.14457]]]}},{"type":"Feature","properties":{"pid":"b3884eea-dfe9-4f6d-85ce-77543c6d48bf","full":1.4},"geometry":{"type":"Polygon","coordinates":[[[136.15267,36.14458],[136.15253,36.14457],[136.1525,36.14511],[136.15265,36.14512],[136.15267,36.14458]]]}},{"type":"Feature","properties":{"pid":"5dc88fc8-0185-4030-92d2-a77b229cab39","full":12.9},"geometry":{"type":"Polygon","coordinates":[[[136.15308,36.1446],[136.15268,36.14458],[136.15265,36.14512],[136.15305,36.14514],[136.15308,36.1446]]]}},{"type":"Feature","properties":{"pid":"e57e6f77-abe3-44a5-93c5-ca82e41f9047","full":1.4},"geometry":{"type":"Polygon","coordinates":[[[136.15292,36.14524],[136.15255,36.14523],[136.15255,36.14537],[136.15291,36.14538],[136.15292,36.14524]]]}},{"type":"Feature","properties":{"pid":"b6cbdb18-2c0e-4a43-898c-293fd942b11b","full":11.4},"geometry":{"type":"Polygon","coordinates":[[[136.1545,36.14531],[136.15394,36.14529],[136.15392,36.14569],[136.15421,36.14565],[136.15438,36.14561],[136.15448,36.14556],[136.1545,36.14531]]]}},{"type":"Feature","properties":{"pid":"43a2cc54-138b-447d-aa90-0b91676cc204","full":25.1},"geometry":{"type":"Polygon","coordinates":[[[136.15458,36.14466],[136.1539,36.14463],[136.15387,36.14517],[136.15454,36.1452],[136.15458,36.14466]]]}},{"type":"Feature","properties":{"pid":"da39f6b9-46e3-45d7-a964-a51a7d12e9c2","full":0.7},"geometry":{"type":"Polygon","coordinates":[[[136.15361,36.14462],[136.15348,36.14461],[136.15345,36.14515],[136.15357,36.14515],[136.15361,36.14462]]]}},{"type":"Feature","properties":{"pid":"ba99e1f7-55fc-49f3-81a4-500d48f73cf3","full":5.3},"geometry":{"type":"Polygon","coordinates":[[[136.15384,36.14463],[136.15361,36.14462],[136.15358,36.14516],[136.1538,36.14516],[136.15384,36.14463]]]}},{"type":"Feature","properties":{"pid":"025547b0-4b3d-4a30-9f73-20ad374817b4","full":12.1},"geometry":{"type":"Polygon","coordinates":[[[136.15347,36.14461],[136.15309,36.14461],[136.15306,36.14512],[136.15308,36.14512],[136.15308,36.14514],[136.15344,36.14515],[136.15347,36.14461]]]}},{"type":"Feature","properties":{"pid":"b27cb8a3-81b6-4877-bf9a-40aeaa63ab92","full":24.7},"geometry":{"type":"Polygon","coordinates":[[[136.15365,36.14405],[136.15298,36.14403],[136.15295,36.14456],[136.15362,36.14458],[136.15365,36.14405]]]}},{"type":"Feature","properties":{"pid":"ac0c7b90-2929-46a9-8e78-1e251eecf299","full":4.5},"geometry":{"type":"Polygon","coordinates":[[[136.15387,36.14406],[136.15366,36.14405],[136.15363,36.14458],[136.15384,36.14459],[136.15387,36.14406]]]}},{"type":"Feature","properties":{"pid":"36f4d522-fc52-4b22-98a3-278a77113eca","full":5.1},"geometry":{"type":"Polygon","coordinates":[[[136.15298,36.14403],[136.15275,36.14401],[136.15272,36.14455],[136.15294,36.14456],[136.15298,36.14403]]]}},{"type":"Feature","properties":{"pid":"a8e7ffb0-162b-4e6a-af18-b311542db922","full":4.6},"geometry":{"type":"Polygon","coordinates":[[[136.15274,36.14401],[136.15253,36.14401],[136.1525,36.14454],[136.15271,36.14455],[136.15274,36.14401]]]}},{"type":"Feature","properties":{"pid":"eec81128-e009-4916-8c42-43a06ca072e0","full":15.3},"geometry":{"type":"Polygon","coordinates":[[[136.15249,36.144],[136.15222,36.14399],[136.1518,36.14451],[136.15244,36.14454],[136.15249,36.144]]]}},{"type":"Feature","properties":{"pid":"e10b7de1-306b-46fa-ab61-506450d8564c","full":14.3},"geometry":{"type":"Polygon","coordinates":[[[136.15163,36.14411],[136.15113,36.14393],[136.1509,36.14434],[136.15132,36.1445],[136.15163,36.14411]]]}},{"type":"Feature","properties":{"pid":"8356e605-188c-42fa-98e4-6c51061517b5","full":4.3},"geometry":{"type":"Polygon","coordinates":[[[136.15089,36.14384],[136.15068,36.14376],[136.15045,36.14418],[136.15066,36.14425],[136.15089,36.14384]]]}},{"type":"Feature","properties":{"pid":"5e480c4f-c612-4b49-8601-b65d91c25f11","full":3.8},"geometry":{"type":"Polygon","coordinates":[[[136.15112,36.14393],[136.15093,36.14386],[136.15069,36.14427],[136.15089,36.14434],[136.15112,36.14393]]]}},{"type":"Feature","properties":{"pid":"6b8ddec7-dc8f-4e89-9cb6-d78d6fc6bff4","full":1.4},"geometry":{"type":"Polygon","coordinates":[[[136.15087,36.14439],[136.1507,36.14432],[136.15055,36.1446],[136.15072,36.14466],[136.15087,36.14439]]]}},{"type":"Feature","properties":{"pid":"523d3acd-27dc-41f9-8903-42a04b5c6f90","full":3.7},"geometry":{"type":"Polygon","coordinates":[[[136.15107,36.14446],[136.15087,36.14439],[136.15067,36.14476],[136.1507,36.14477],[136.15068,36.14481],[136.15085,36.14487],[136.15107,36.14446]]]}},{"type":"Feature","properties":{"pid":"cd300542-7f3e-403b-988d-2aa32c74d0c2","full":2.6},"geometry":{"type":"Polygon","coordinates":[[[136.15129,36.14454],[136.15108,36.14447],[136.15085,36.14487],[136.15099,36.14491],[136.15129,36.14454]]]}},{"type":"Feature","properties":{"pid":"8f5906c8-0ead-4ded-bb2e-5219b87a0371","full":1.5},"geometry":{"type":"Polygon","coordinates":[[[136.1507,36.14432],[136.15054,36.14426],[136.15038,36.14453],[136.15055,36.14459],[136.1507,36.14432]]]}},{"type":"Feature","properties":{"pid":"174e12e3-c1d3-4530-a3ba-d72d2ad95a97","full":3.5},"geometry":{"type":"Polygon","coordinates":[[[136.15067,36.14376],[136.15048,36.1437],[136.15025,36.1441],[136.15044,36.14417],[136.15067,36.14376]]]}},{"type":"Feature","properties":{"pid":"9b68ba16-f2c0-485a-9dbe-de07ab86e701","full":3.9},"geometry":{"type":"Polygon","coordinates":[[[136.15048,36.14369],[136.15028,36.14362],[136.15005,36.14403],[136.15025,36.1441],[136.15048,36.14369]]]}},{"type":"Feature","properties":{"pid":"93c696be-37a6-401c-9732-9a73d7aa3294","full":3.8},"geometry":{"type":"Polygon","coordinates":[[[136.15032,36.14308],[136.15012,36.14301],[136.1499,36.14342],[136.1501,36.14349],[136.15032,36.14308]]]}},{"type":"Feature","properties":{"pid":"d90c5110-0457-4af3-8b06-ce342acf459b","full":11.6},"geometry":{"type":"Polygon","coordinates":[[[136.15073,36.14323],[136.15033,36.14309],[136.1501,36.14349],[136.1505,36.14364],[136.15073,36.14323]]]}},{"type":"Feature","properties":{"pid":"15af38a4-9167-4981-9d1e-4ef519def7b5","full":3.7},"geometry":{"type":"Polygon","coordinates":[[[136.15027,36.14362],[136.15007,36.14354],[136.14985,36.14396],[136.15004,36.14403],[136.15027,36.14362]]]}},{"type":"Feature","properties":{"pid":"94ea22e3-3635-48e6-8d53-e79e00c0ecd5","full":11.4},"geometry":{"type":"Polygon","coordinates":[[[136.15113,36.14337],[136.15074,36.14323],[136.15051,36.14364],[136.15087,36.14377],[136.15091,36.14376],[136.15113,36.14337]]]}},{"type":"Feature","properties":{"pid":"fe0458e8-d726-4d63-adaf-093aa31db0ac","full":13.1},"geometry":{"type":"Polygon","coordinates":[[[136.1514,36.14396],[136.15162,36.14355],[136.1512,36.14339],[136.15098,36.14378],[136.15099,36.14382],[136.1514,36.14396]]]}},{"type":"Feature","properties":{"pid":"40c6eadc-4fc3-4174-a0ef-667a2eb0d548","full":8.0},"geometry":{"type":"Polygon","coordinates":[[[136.15191,36.14365],[136.15163,36.14355],[136.15141,36.14397],[136.15167,36.14407],[136.15193,36.14374],[136.15191,36.14365]]]}},{"type":"Feature","properties":{"pid":"4f97fbe6-9b2f-4cad-b56a-73e71a19b848","full":45.3},"geometry":{"type":"Polygon","coordinates":[[[136.15189,36.14359],[136.15158,36.14241],[136.151,36.1425],[136.15122,36.14335],[136.15189,36.14359]]]}},{"type":"Feature","properties":{"pid":"f3709459-6e5f-4195-847a-2ad44c4ac20a","full":1.8},"geometry":{"type":"Polygon","coordinates":[[[136.15114,36.14332],[136.15106,36.14305],[136.15059,36.14313],[136.15114,36.14332]]]}},{"type":"Feature","properties":{"pid":"ccf99b5a-f680-41b6-a455-f754e26503ec","full":4.1},"geometry":{"type":"Polygon","coordinates":[[[136.15106,36.14304],[136.15101,36.14287],[136.15027,36.143],[136.15059,36.14313],[136.15106,36.14304]]]}},{"type":"Feature","properties":{"pid":"2c7e6c70-8464-4320-8057-e02da42511c9","full":5.6},"geometry":{"type":"Polygon","coordinates":[[[136.15102,36.14286],[136.15096,36.1427],[136.15023,36.14282],[136.15016,36.14296],[136.15026,36.14297],[136.15027,36.14299],[136.15102,36.14286]]]}},{"type":"Feature","properties":{"pid":"5d041a7a-ca90-4b7d-8778-b3fe82dcb2a6","full":5.2},"geometry":{"type":"Polygon","coordinates":[[[136.15158,36.14239],[136.15153,36.14219],[136.15095,36.1423],[136.151,36.14249],[136.15158,36.14239]]]}},{"type":"Feature","properties":{"pid":"0a800c4d-7b15-471e-a0bf-f33025713252","full":5.5},"geometry":{"type":"Polygon","coordinates":[[[136.15192,36.14258],[136.1518,36.14211],[136.15155,36.14215],[136.15168,36.14263],[136.15192,36.14258]]]}},{"type":"Feature","properties":{"pid":"479f52fd-ba35-49c8-870f-eceba506f606","full":3.4},"geometry":{"type":"Polygon","coordinates":[[[136.15095,36.14229],[136.15152,36.14218],[136.15148,36.14202],[136.15091,36.14213],[136.15095,36.14229]]]}},{"type":"Feature","properties":{"pid":"54bee0ea-350b-4c61-aa67-0d4cba8cdc33","full":4.2},"geometry":{"type":"Polygon","coordinates":[[[136.15082,36.14213],[136.15077,36.14196],[136.1502,36.14206],[136.15023,36.14223],[136.15082,36.14213]]]}},{"type":"Feature","properties":{"pid":"0f9fe3d2-9592-4d59-8bc5-329ca0dd3d0c","full":12.6},"geometry":{"type":"Polygon","coordinates":[[[136.1509,36.14248],[136.15091,36.14246],[136.15082,36.14214],[136.15024,36.14224],[136.15033,36.14258],[136.1509,36.14248]]]}},{"type":"Feature","properties":{"pid":"61a7e376-990a-42b2-83ce-bf14893c6c2d","full":3.8},"geometry":{"type":"Polygon","coordinates":[[[136.15077,36.14195],[136.15072,36.14178],[136.15016,36.14188],[136.15019,36.14205],[136.15077,36.14195]]]}},{"type":"Feature","properties":{"pid":"151a1561-cafd-4a51-9d7c-bd4b0b08722e","full":3.8},"geometry":{"type":"Polygon","coordinates":[[[136.15073,36.14177],[136.15068,36.1416],[136.15012,36.14171],[136.15015,36.14187],[136.15073,36.14177]]]}},{"type":"Feature","properties":{"pid":"4e839fdd-2816-4e05-ba1b-8c666fbddaaf","full":1.2},"geometry":{"type":"Polygon","coordinates":[[[136.15027,36.14144],[136.15022,36.14128],[136.1498,36.14134],[136.14991,36.14135],[136.14998,36.1414],[136.15003,36.14145],[136.15003,36.14148],[136.15027,36.14144]]]}},{"type":"Feature","properties":{"pid":"c8b546db-6dfe-42bb-a409-13897b92a64e","full":4.4},"geometry":{"type":"Polygon","coordinates":[[[136.15068,36.14159],[136.15063,36.14142],[136.15007,36.14152],[136.15012,36.1417],[136.15068,36.14159]]]}},{"type":"Feature","properties":{"pid":"354bc3e2-cfe6-40b9-b3fe-20830ac9baa0","full":1.9},"geometry":{"type":"Polygon","coordinates":[[[136.15062,36.14139],[136.15058,36.14121],[136.15026,36.14127],[136.1503,36.14144],[136.15062,36.14139]]]}},{"type":"Feature","properties":{"pid":"08f2f966-bd90-4c21-a914-4acc6f3dafb0","full":1.2},"geometry":{"type":"Polygon","coordinates":[[[136.15037,36.14058],[136.15006,36.14051],[136.15011,36.14073],[136.15043,36.14068],[136.15041,36.1406],[136.15037,36.1406],[136.15037,36.14058]]]}},{"type":"Feature","properties":{"pid":"52979588-334a-40f2-9f6a-62cda145d7c9","full":1.9},"geometry":{"type":"Polygon","coordinates":[[[136.15049,36.14085],[136.15044,36.14068],[136.15012,36.14073],[136.15016,36.14091],[136.15049,36.14085]]]}},{"type":"Feature","properties":{"pid":"e284e7d8-cd2c-464f-a5cd-5c3e791c23eb","full":1.8},"geometry":{"type":"Polygon","coordinates":[[[136.15058,36.14121],[136.15054,36.14104],[136.15021,36.14109],[136.15026,36.14126],[136.15058,36.14121]]]}},{"type":"Feature","properties":{"pid":"cb998db5-75aa-46a2-bf04-b023ef9af610","full":2.1},"geometry":{"type":"Polygon","coordinates":[[[136.15054,36.14103],[136.15049,36.14085],[136.15016,36.14091],[136.15021,36.14109],[136.15054,36.14103]]]}},{"type":"Feature","properties":{"pid":"1cfdd6e0-9139-4e99-aa5c-5e3408c38b89","full":3.9},"geometry":{"type":"Polygon","coordinates":[[[136.15067,36.14119],[136.15124,36.14109],[136.1512,36.14092],[136.15063,36.14102],[136.15067,36.14119]]]}},{"type":"Feature","properties":{"pid":"4c508ba3-4ee0-42cc-9474-2620652474b7","full":3.3},"geometry":{"type":"Polygon","coordinates":[[[136.15061,36.14082],[136.15115,36.14073],[136.15111,36.1406],[136.15099,36.1406],[136.15078,36.14064],[136.15064,36.14064],[136.15052,36.14063],[136.15056,36.14081],[136.1506,36.14081],[136.15061,36.14082]]]}},{"type":"Feature","properties":{"pid":"8bc74ca2-8328-4b3a-aa39-427210b7e95d","full":4.2},"geometry":{"type":"Polygon","coordinates":[[[136.15062,36.14101],[136.1512,36.14091],[136.15115,36.14074],[136.15057,36.14084],[136.15062,36.14101]]]}},{"type":"Feature","properties":{"pid":"201cd29f-9d29-4e7a-87e3-ee3243ace1f6","full":36.4},"geometry":{"type":"Polygon","coordinates":[[[136.15228,36.14093],[136.15216,36.14045],[136.15116,36.14061],[136.15128,36.1411],[136.15228,36.14093]]]}},{"type":"Feature","properties":{"pid":"7125b1dc-b099-4cd1-ad81-44343cb17362","full":15.5},"geometry":{"type":"Polygon","coordinates":[[[136.15201,36.14151],[136.15189,36.14103],[136.15141,36.1411],[136.15154,36.1416],[136.15201,36.14151]]]}},{"type":"Feature","properties":{"pid":"e535c06a-e5e4-4dd0-b6f0-ae1a45e8844d","full":5.3},"geometry":{"type":"Polygon","coordinates":[[[136.15072,36.14139],[136.15129,36.1413],[136.15124,36.14109],[136.15067,36.1412],[136.15072,36.14139]]]}},{"type":"Feature","properties":{"pid":"e038ebea-6f56-4865-b1d1-2c24b178db68","full":4.3},"geometry":{"type":"Polygon","coordinates":[[[136.15081,36.14175],[136.15138,36.14166],[136.15134,36.14148],[136.15078,36.14157],[136.15079,36.14159],[136.15077,36.1416],[136.15081,36.14175]]]}},{"type":"Feature","properties":{"pid":"d3c9daa6-0135-4bf3-a55c-cc9bd8296b3b","full":4.0},"geometry":{"type":"Polygon","coordinates":[[[136.15085,36.14193],[136.15143,36.14183],[136.15139,36.14166],[136.15081,36.14176],[136.15085,36.14193]]]}},{"type":"Feature","properties":{"pid":"d838e6da-625c-4a76-b7cf-b4db47c31f9b","full":4.5},"geometry":{"type":"Polygon","coordinates":[[[136.1509,36.1421],[136.15092,36.1421],[136.15092,36.14212],[136.15148,36.14202],[136.15144,36.14184],[136.15087,36.14194],[136.15087,36.14195],[136.15086,36.14195],[136.1509,36.1421]]]}},{"type":"Feature","properties":{"pid":"b7daab27-9c6d-45e7-8e67-3670d9cafec3","full":7.0},"geometry":{"type":"Polygon","coordinates":[[[136.15184,36.14208],[136.15171,36.14161],[136.15143,36.14165],[136.15155,36.14213],[136.15184,36.14208]]]}},{"type":"Feature","properties":{"pid":"7e381d9a-41f5-454f-a798-b19686d2022c","full":19.8},"geometry":{"type":"Polygon","coordinates":[[[136.15245,36.14159],[136.15242,36.14148],[136.15171,36.1416],[136.15185,36.14208],[136.1524,36.14199],[136.15235,36.1418],[136.15233,36.14173],[136.15235,36.14167],[136.15245,36.14159]]]}},{"type":"Feature","properties":{"pid":"2e95116a-cba6-4cd8-90e2-4a4c3062e80e","full":11.4},"geometry":{"type":"Polygon","coordinates":[[[136.15242,36.14144],[136.15229,36.14096],[136.1519,36.14103],[136.15202,36.14151],[136.15242,36.14144]]]}},{"type":"Feature","properties":{"pid":"f65bdab9-ebd0-4448-9d33-72dd1b361a2e","full":8.1},"geometry":{"type":"Polygon","coordinates":[[[136.15265,36.14088],[136.15253,36.1404],[136.15222,36.14044],[136.15235,36.14093],[136.15265,36.14088]]]}},{"type":"Feature","properties":{"pid":"9901fd09-af03-4187-9f92-973d8ea39e6d","full":10.7},"geometry":{"type":"Polygon","coordinates":[[[136.15303,36.14082],[136.1529,36.14034],[136.15254,36.1404],[136.15266,36.14088],[136.15303,36.14082]]]}},{"type":"Feature","properties":{"pid":"feae547b-6917-46e9-b2a4-1d787554eb4f","full":1.5},"geometry":{"type":"Polygon","coordinates":[[[136.15358,36.14097],[136.15354,36.14077],[136.15327,36.14081],[136.15332,36.14098],[136.15343,36.14098],[136.15358,36.14097]]]}},{"type":"Feature","properties":{"pid":"000d1009-5c09-48d9-8e39-69a60044259f","full":18.0},"geometry":{"type":"Polygon","coordinates":[[[136.15463,36.14143],[136.15411,36.14125],[136.15397,36.14139],[136.1538,36.14162],[136.1544,36.14183],[136.15463,36.14143]]]}},{"type":"Feature","properties":{"pid":"3c14ff52-671e-44df-a3d4-1e16132c38b8","full":1.6},"geometry":{"type":"Polygon","coordinates":[[[136.15378,36.1419],[136.15361,36.14185],[136.15347,36.14209],[136.15348,36.14213],[136.15363,36.14218],[136.15378,36.1419]]]}},{"type":"Feature","properties":{"pid":"157e5dcb-3c2a-4cfc-af25-9f624868ec45","full":7.2},"geometry":{"type":"Polygon","coordinates":[[[136.15453,36.14189],[136.15386,36.14167],[136.15374,36.14185],[136.15443,36.14208],[136.15453,36.14189]]]}},{"type":"Feature","properties":{"pid":"8e61e4c0-0d3b-4a3b-b9eb-85deb20e8896","full":1.4},"geometry":{"type":"Polygon","coordinates":[[[136.15474,36.14223],[136.15414,36.14202],[136.15405,36.1422],[136.15408,36.14221],[136.15473,36.14223],[136.15474,36.14223]]]}},{"type":"Feature","properties":{"pid":"9e5ccda4-944a-482e-a1b7-b07a5b32132c","full":3.9},"geometry":{"type":"Polygon","coordinates":[[[136.1541,36.14201],[136.15378,36.1419],[136.15363,36.14219],[136.154,36.1422],[136.1541,36.14201]]]}},{"type":"Feature","properties":{"pid":"16decfac-ebb3-4843-9782-dee0e768b173","full":8.8},"geometry":{"type":"Polygon","coordinates":[[[136.15438,36.14257],[136.15403,36.14256],[136.154,36.14301],[136.15436,36.14302],[136.15438,36.14257]]]}},{"type":"Feature","properties":{"pid":"6e6dd818-8995-4772-aaff-bc66e10c4528","full":23.5},"geometry":{"type":"Polygon","coordinates":[[[136.15397,36.14255],[136.15339,36.14253],[136.15304,36.14297],[136.15306,36.14298],[136.15394,36.14301],[136.15397,36.14255]]]}},{"type":"Feature","properties":{"pid":"3fb4fbcd-0dec-4606-a664-314cc64e9b8f","full":5.7},"geometry":{"type":"Polygon","coordinates":[[[136.15397,36.14227],[136.15364,36.14225],[136.15358,36.14227],[136.15342,36.14249],[136.15397,36.14252],[136.15398,36.14228],[136.15397,36.14227]]]}},{"type":"Feature","properties":{"pid":"d761728a-2c3f-4424-85f1-d3126e4dd387","full":22.8},"geometry":{"type":"Polygon","coordinates":[[[136.15245,36.14216],[136.1524,36.14201],[136.15181,36.14211],[136.15192,36.14255],[136.15197,36.14255],[136.15198,36.14257],[136.15291,36.14242],[136.15252,36.14224],[136.15248,36.14221],[136.15245,36.14216]]]}},{"type":"Feature","properties":{"pid":"95fdc687-8505-45ee-9a9d-d6ceb10cb86f","full":7.0},"geometry":{"type":"Polygon","coordinates":[[[136.15209,36.14311],[136.15197,36.14262],[136.15169,36.14267],[136.15181,36.14316],[136.15209,36.14311]]]}},{"type":"Feature","properties":{"pid":"bd086346-abe4-4c06-a55d-2cf3ee16d7e1","full":5.6},"geometry":{"type":"Polygon","coordinates":[[[136.15234,36.14307],[136.15222,36.14258],[136.15198,36.14262],[136.1521,36.14311],[136.15234,36.14307]]]}},{"type":"Feature","properties":{"pid":"a7ce5ec1-b707-45d5-96a7-0ca5ae234a5d","full":4.1},"geometry":{"type":"Polygon","coordinates":[[[136.15255,36.14299],[136.15244,36.14254],[136.15223,36.14258],[136.15236,36.14307],[136.1525,36.14304],[136.15255,36.14299]]]}},{"type":"Feature","properties":{"pid":"d21bdb09-4aee-4f60-b8ed-92305bf0db54","full":6.6},"geometry":{"type":"Polygon","coordinates":[[[136.15301,36.14248],[136.15297,36.14245],[136.15245,36.14254],[136.15255,36.14298],[136.15301,36.1425],[136.15301,36.14248]]]}},{"type":"Feature","properties":{"pid":"ca42eed5-f8df-4e5b-8a3b-7622375f4e3b","full":4.2},"geometry":{"type":"Polygon","coordinates":[[[136.15298,36.14292],[136.15331,36.14249],[136.15322,36.14245],[136.15306,36.14254],[136.15303,36.14254],[136.15276,36.14283],[136.15277,36.14284],[136.15295,36.14293],[136.15298,36.14292]]]}},{"type":"Feature","properties":{"pid":"72118ab7-16de-4abc-bd2b-db0afb6dd2ff","full":5.5},"geometry":{"type":"Polygon","coordinates":[[[136.15293,36.14297],[136.15272,36.14286],[136.1524,36.14323],[136.15264,36.14334],[136.15293,36.14297]]]}},{"type":"Feature","properties":{"pid":"11b2c4cd-266d-4d51-bf2c-642e136c6ce7","full":2.9},"geometry":{"type":"Polygon","coordinates":[[[136.15213,36.14349],[136.15249,36.14306],[136.15204,36.14313],[136.15213,36.14349]]]}},{"type":"Feature","properties":{"pid":"9d5079ce-62db-447d-8e9f-728cab88ef24","full":9.4},"geometry":{"type":"Polygon","coordinates":[[[136.15263,36.14335],[136.15239,36.14323],[136.15196,36.14378],[136.15219,36.1439],[136.15263,36.14335]]]}},{"type":"Feature","properties":{"pid":"e98aa3a8-d890-4d20-9682-a09733855d42","full":3.8},"geometry":{"type":"Polygon","coordinates":[[[136.15213,36.1435],[136.15203,36.14313],[136.15182,36.14317],[136.15196,36.14371],[136.15213,36.1435]]]}},{"type":"Feature","properties":{"pid":"60fbe377-13dd-4871-b0a1-8939cba68317","full":9.5},"geometry":{"type":"Polygon","coordinates":[[[136.15283,36.1435],[136.15262,36.14349],[136.15226,36.14393],[136.1528,36.14396],[136.15283,36.1435]]]}},{"type":"Feature","properties":{"pid":"f0c1faf5-23b1-4308-ac9c-25dcd6d505c5","full":4.9},"geometry":{"type":"Polygon","coordinates":[[[136.15307,36.14351],[136.15284,36.1435],[136.1528,36.14396],[136.15303,36.14396],[136.15303,36.14395],[136.15306,36.14394],[136.15307,36.14351]]]}},{"type":"Feature","properties":{"pid":"65bb8d9d-b4f5-4be4-9a13-9a1c1cd6f6e8","full":10.0},"geometry":{"type":"Polygon","coordinates":[[[136.15346,36.14352],[136.15308,36.14351],[136.15306,36.14397],[136.15344,36.14398],[136.15346,36.14352]]]}},{"type":"Feature","properties":{"pid":"7f6ec05e-a37e-4407-bc7e-8267574cae3a","full":4.0},"geometry":{"type":"Polygon","coordinates":[[[136.15369,36.14353],[136.15346,36.14352],[136.15344,36.14398],[136.15365,36.14399],[136.15369,36.14353]]]}},{"type":"Feature","properties":{"pid":"64fba13b-48a8-4558-9cf4-a378e25e7ed4","full":36.4},"geometry":{"type":"Polygon","coordinates":[[[136.15394,36.14305],[136.153,36.14301],[136.15263,36.14346],[136.15391,36.14351],[136.15394,36.14305]]]}},{"type":"Feature","properties":{"pid":"34aaaf3a-3a17-4653-9b1b-709ce618618f","full":4.1},"geometry":{"type":"Polygon","coordinates":[[[136.15422,36.14307],[136.154,36.14305],[136.15397,36.14351],[136.15419,36.14352],[136.15422,36.14307]]]}},{"type":"Feature","properties":{"pid":"435026bd-b221-4672-8536-0542490622d2","full":3.9},"geometry":{"type":"Polygon","coordinates":[[[136.15444,36.14307],[136.15422,36.14306],[136.15419,36.14352],[136.15441,36.14353],[136.15444,36.14307]]]}},{"type":"Feature","properties":{"pid":"8de25794-bd79-4698-976c-bba28e719eb2","full":3.9},"geometry":{"type":"Polygon","coordinates":[[[136.15391,36.14354],[136.15369,36.14353],[136.15366,36.14399],[136.15388,36.14399],[136.15391,36.14354]]]}},{"type":"Feature","properties":{"pid":"0a0eddd5-aa67-4837-b7f8-cabf56600674","full":44.5},"geometry":{"type":"Polygon","coordinates":[[[136.15528,36.14359],[136.15396,36.14355],[136.15393,36.144],[136.15525,36.14406],[136.15528,36.14359]]]}},{"type":"Feature","properties":{"pid":"2bb9746a-ae4a-4b46-9ed9-bf07677bc28a","full":4.0},"geometry":{"type":"Polygon","coordinates":[[[136.15466,36.14308],[136.15444,36.14307],[136.15442,36.14353],[136.15464,36.14354],[136.15466,36.14308]]]}},{"type":"Feature","properties":{"pid":"04db1863-82a5-4b0c-80c8-503159780442","full":5.4},"geometry":{"type":"Polygon","coordinates":[[[136.15493,36.1431],[136.15467,36.14309],[136.15464,36.14354],[136.1549,36.14355],[136.15493,36.1431]]]}},{"type":"Feature","properties":{"pid":"62c16cbf-bf59-4236-9578-f845df259982","full":1.4},"geometry":{"type":"Polygon","coordinates":[[[136.15509,36.1431],[136.15493,36.1431],[136.15491,36.14355],[136.15505,36.14356],[136.15509,36.1431]]]}},{"type":"Feature","properties":{"pid":"17f957eb-2347-4740-976c-22bd9ad8fc63","full":3.6},"geometry":{"type":"Polygon","coordinates":[[[136.1553,36.14311],[136.15509,36.1431],[136.15506,36.14356],[136.15527,36.14356],[136.1553,36.14311]]]}},{"type":"Feature","properties":{"pid":"61a0aa22-3135-4120-8eb3-6587b059b8a8","full":11.4},"geometry":{"type":"Polygon","coordinates":[[[136.15578,36.14313],[136.15535,36.14312],[136.15532,36.14357],[136.15575,36.14359],[136.15578,36.14313]]]}},{"type":"Feature","properties":{"pid":"0a46015f-1083-44e0-8ad6-4cfa99f1ea01","full":13.6},"geometry":{"type":"Polygon","coordinates":[[[136.15627,36.14315],[136.15579,36.14314],[136.15576,36.14358],[136.15625,36.14361],[136.15627,36.14315]]]}},{"type":"Feature","properties":{"pid":"aaca7857-3bf1-4148-9f84-8861dccd91b5","full":3.8},"geometry":{"type":"Polygon","coordinates":[[[136.15699,36.14318],[136.15677,36.14317],[136.15674,36.14362],[136.15696,36.14363],[136.15699,36.14318]]]}},{"type":"Feature","properties":{"pid":"914dfc65-7dbf-4c96-830c-29187b50da2e","full":3.7},"geometry":{"type":"Polygon","coordinates":[[[136.15672,36.14318],[136.15651,36.14316],[136.15648,36.14361],[136.15669,36.14362],[136.1567,36.14361],[136.15672,36.14318]]]}},{"type":"Feature","properties":{"pid":"7314d8c3-9c6c-4bc7-887a-dd178ff48309","full":4.0},"geometry":{"type":"Polygon","coordinates":[[[136.1565,36.14316],[136.15628,36.14315],[136.15625,36.1436],[136.15648,36.14361],[136.1565,36.14316]]]}},{"type":"Feature","properties":{"pid":"aa5516b6-231d-4f75-920b-72f1b4812a3c","full":14.2},"geometry":{"type":"Polygon","coordinates":[[[136.15614,36.14265],[136.15563,36.14262],[136.1556,36.14307],[136.15611,36.14309],[136.15614,36.14265]]]}},{"type":"Feature","properties":{"pid":"8b1bd9d5-9500-40a1-b8bc-acdccd9a158d","full":3.4},"geometry":{"type":"Polygon","coordinates":[[[136.15614,36.1431],[136.15633,36.1431],[136.15635,36.14265],[136.15615,36.14265],[136.15612,36.14307],[136.15614,36.14307],[136.15614,36.1431]]]}},{"type":"Feature","properties":{"pid":"6ab02888-a447-41a0-a386-8e3343e09197","full":1.7},"geometry":{"type":"Polygon","coordinates":[[[136.15652,36.14266],[136.15636,36.14266],[136.15634,36.14309],[136.15636,36.14308],[136.15636,36.1431],[136.1565,36.1431],[136.15652,36.14266]]]}},{"type":"Feature","properties":{"pid":"5ca6aea1-d224-480b-b71d-0707a4b46679","full":3.9},"geometry":{"type":"Polygon","coordinates":[[[136.15675,36.14267],[136.15653,36.14266],[136.1565,36.1431],[136.15672,36.14311],[136.15675,36.14267]]]}},{"type":"Feature","properties":{"pid":"6f6e6bad-29bb-44c8-bbde-bbfb1a294c72","full":4.5},"geometry":{"type":"Polygon","coordinates":[[[136.15678,36.14217],[136.15655,36.14217],[136.15652,36.14262],[136.15675,36.14263],[136.15678,36.14217]]]}},{"type":"Feature","properties":{"pid":"acf19500-03ac-4eae-88ef-8ebda5c606c3","full":3.4},"geometry":{"type":"Polygon","coordinates":[[[136.15703,36.14219],[136.15683,36.14218],[136.1568,36.14264],[136.15701,36.14264],[136.15703,36.14219]]]}},{"type":"Feature","properties":{"pid":"f19cf9b8-d81c-4d89-a1f8-dae92a904f60","full":0.8},"geometry":{"type":"Polygon","coordinates":[[[136.1563,36.14262],[136.15632,36.14224],[136.15623,36.14232],[136.15616,36.14234],[136.15615,36.14261],[136.1563,36.14262]]]}},{"type":"Feature","properties":{"pid":"0816bfbf-4b93-40ae-9bf3-163b6c869a5f","full":2.6},"geometry":{"type":"Polygon","coordinates":[[[136.15614,36.14261],[136.15615,36.14235],[136.15611,36.14235],[136.15589,36.14235],[136.15587,36.1426],[136.15614,36.14261]]]}},{"type":"Feature","properties":{"pid":"cc33197a-1f21-449f-9847-9a3dfa4f563f","full":3.6},"geometry":{"type":"Polygon","coordinates":[[[136.15626,36.14211],[136.15579,36.14202],[136.15568,36.14227],[136.15599,36.14228],[136.15604,36.1422],[136.15618,36.14222],[136.15626,36.14211]]]}},{"type":"Feature","properties":{"pid":"66c95a03-cafb-4ae6-8a98-b84dcf5a08d6","full":3.1},"geometry":{"type":"Polygon","coordinates":[[[136.15534,36.14232],[136.15503,36.14231],[136.15502,36.14256],[136.15532,36.14257],[136.15534,36.14232]]]}},{"type":"Feature","properties":{"pid":"b2866588-992f-400a-9cd1-5e31b5f3de31","full":5.7},"geometry":{"type":"Polygon","coordinates":[[[136.15588,36.14235],[136.15541,36.14233],[136.1554,36.14258],[136.15586,36.1426],[136.15588,36.14235]]]}},{"type":"Feature","properties":{"pid":"c8083ec9-1a26-49ef-9caf-802f66dc72ef","full":4.3},"geometry":{"type":"Polygon","coordinates":[[[136.15562,36.14262],[136.15539,36.14261],[136.15536,36.14305],[136.1554,36.14305],[136.1554,36.14306],[136.15559,36.14307],[136.15562,36.14262]]]}},{"type":"Feature","properties":{"pid":"087af8e3-f2b0-4836-86d1-a1b4b78e452a","full":1.8},"geometry":{"type":"Polygon","coordinates":[[[136.15533,36.14261],[136.15517,36.1426],[136.15515,36.14305],[136.15531,36.14306],[136.15533,36.14261]]]}},{"type":"Feature","properties":{"pid":"31d2c4c1-0cf1-443f-a93b-130272ef17bb","full":12.7},"geometry":{"type":"Polygon","coordinates":[[[136.15517,36.14261],[136.15471,36.14258],[136.15468,36.14304],[136.15514,36.14305],[136.15517,36.14261]]]}},{"type":"Feature","properties":{"pid":"23f4a381-23d9-4669-84c0-95f1cfbdde23","full":7.2},"geometry":{"type":"Polygon","coordinates":[[[136.1547,36.14258],[136.15439,36.14257],[136.15436,36.14302],[136.15467,36.14304],[136.1547,36.14258]]]}},{"type":"Feature","properties":{"pid":"1dd68ce4-daf5-4596-a669-e068896a3414","full":13.7},"geometry":{"type":"Polygon","coordinates":[[[136.15503,36.14231],[136.15404,36.14227],[136.15404,36.14252],[136.15501,36.14256],[136.15503,36.14231]]]}},{"type":"Feature","properties":{"pid":"f94cfb20-e7c7-441d-b07a-09d77dcb573e","full":5.7},"geometry":{"type":"Polygon","coordinates":[[[136.15508,36.14207],[136.15454,36.14189],[136.15444,36.14208],[136.15483,36.14221],[136.15484,36.14224],[136.15499,36.14225],[136.15508,36.14207]]]}},{"type":"Feature","properties":{"pid":"1cc09b99-0900-42f6-b581-9bb2d0feaaef","full":21.8},"geometry":{"type":"Polygon","coordinates":[[[136.15533,36.14164],[136.15517,36.1416],[136.15515,36.1416],[136.15464,36.14143],[136.15441,36.14183],[136.15509,36.14206],[136.15533,36.14164]]]}},{"type":"Feature","properties":{"pid":"8e92b975-1fce-42d0-98e3-aaa0d95fb16f","full":23.3},"geometry":{"type":"Polygon","coordinates":[[[136.15587,36.14176],[136.15534,36.14164],[136.155,36.14224],[136.15563,36.14227],[136.15587,36.14176]]]}},{"type":"Feature","properties":{"pid":"f4d6419b-3226-42b3-9d3d-7cd301ef61b5","full":11.6},"geometry":{"type":"Polygon","coordinates":[[[136.15534,36.14121],[136.15445,36.14091],[136.15426,36.14109],[136.15524,36.14142],[136.15534,36.14121]]]}},{"type":"Feature","properties":{"pid":"c8b4a64a-a710-4289-b95b-3801c1df5744","full":9.1},"geometry":{"type":"Polygon","coordinates":[[[136.15524,36.14142],[136.15426,36.1411],[136.15412,36.14124],[136.15515,36.14159],[136.15524,36.14142]]]}},{"type":"Feature","properties":{"pid":"2e510e05-983b-432d-9450-ba60083906c5","full":46.7},"geometry":{"type":"Polygon","coordinates":[[[136.15581,36.14006],[136.15568,36.14005],[136.15564,36.14007],[136.1554,36.14028],[136.15518,36.14043],[136.15497,36.14055],[136.15483,36.1407],[136.15478,36.14074],[136.1546,36.14082],[136.15446,36.14091],[136.15534,36.1412],[136.15544,36.141],[136.15585,36.14011],[136.15585,36.14008],[136.15581,36.14006]]]}},{"type":"Feature","properties":{"pid":"f79bf6fe-e55c-4761-b78a-2a7b9c1faa6a","full":29.7},"geometry":{"type":"Polygon","coordinates":[[[136.15676,36.1407],[136.15574,36.14047],[136.15557,36.14084],[136.15669,36.14108],[136.15671,36.14099],[136.15676,36.1407]]]}},{"type":"Feature","properties":{"pid":"567a4cc5-d73a-4576-8912-fc0f88567865","full":2.4},"geometry":{"type":"Polygon","coordinates":[[[136.15691,36.14117],[136.15679,36.14117],[136.1567,36.14147],[136.15663,36.14163],[136.15688,36.14164],[136.15691,36.14117]]]}},{"type":"Feature","properties":{"pid":"e41c3f74-a271-4c48-9397-1b5367a3df86","full":19.8},"geometry":{"type":"Polygon","coordinates":[[[136.15664,36.14126],[136.15548,36.14101],[136.15536,36.14125],[136.15656,36.14152],[136.15664,36.14126]]]}},{"type":"Feature","properties":{"pid":"2f85f15a-df5c-42d4-8680-a399c4e3f629","full":27.3},"geometry":{"type":"Polygon","coordinates":[[[136.15655,36.14153],[136.15535,36.14127],[136.15521,36.14157],[136.15639,36.14185],[136.15655,36.14153]]]}},{"type":"Feature","properties":{"pid":"c44b182d-4043-4648-b05b-d5425a65cc49","full":7.0},"geometry":{"type":"Polygon","coordinates":[[[136.15639,36.14186],[136.1559,36.14174],[136.15578,36.142],[136.15626,36.1421],[136.15639,36.14186]]]}},{"type":"Feature","properties":{"pid":"1e9ecf8d-4234-48a9-b8b0-b3d8376566c0","full":1.9},"geometry":{"type":"Polygon","coordinates":[[[136.15668,36.14168],[136.15661,36.14169],[136.15639,36.14209],[136.15641,36.1421],[136.15666,36.14211],[136.15668,36.14168]]]}},{"type":"Feature","properties":{"pid":"6ec0a3a4-e043-460c-8093-89253958c9e3","full":5.8},"geometry":{"type":"Polygon","coordinates":[[[136.15697,36.14168],[136.15669,36.14167],[136.15666,36.14211],[136.15694,36.14212],[136.15697,36.14168]]]}},{"type":"Feature","properties":{"pid":"03a491be-83d8-47a6-8c76-120ab9b5e06a","full":12.9},"geometry":{"type":"Polygon","coordinates":[[[136.15745,36.1417],[136.15697,36.14168],[136.15694,36.14212],[136.15742,36.14214],[136.15745,36.1417]]]}},{"type":"Feature","properties":{"pid":"484806ec-e70d-4036-81aa-8a162eee6b21","full":6.5},"geometry":{"type":"Polygon","coordinates":[[[136.15775,36.14171],[136.15745,36.1417],[136.15742,36.14214],[136.15772,36.14215],[136.15775,36.14171]]]}},{"type":"Feature","properties":{"pid":"2dbac255-a57f-4a23-8d60-1523b74599d1","full":3.8},"geometry":{"type":"Polygon","coordinates":[[[136.15797,36.14172],[136.15775,36.14171],[136.15773,36.14213],[136.15775,36.14213],[136.15775,36.14216],[136.15794,36.14217],[136.15797,36.14172]]]}},{"type":"Feature","properties":{"pid":"92c5da73-b325-4ffe-8893-b4d00697c92a","full":3.4},"geometry":{"type":"Polygon","coordinates":[[[136.15797,36.14172],[136.15795,36.14214],[136.15797,36.14214],[136.15797,36.14217],[136.15815,36.14217],[136.15818,36.14173],[136.15797,36.14172]]]}},{"type":"Feature","properties":{"pid":"981b7d01-9128-45f3-86c0-ae8f46660c71","full":10.8},"geometry":{"type":"Polygon","coordinates":[[[136.15821,36.14124],[136.1578,36.14122],[136.15777,36.14167],[136.15818,36.14169],[136.15821,36.14124]]]}},{"type":"Feature","properties":{"pid":"0275210e-fc55-4efe-98d2-8d461ba248e3","full":10.2},"geometry":{"type":"Polygon","coordinates":[[[136.15777,36.14122],[136.1574,36.1412],[136.15738,36.14166],[136.15777,36.14167],[136.15779,36.14122],[136.15777,36.14122]]]}},{"type":"Feature","properties":{"pid":"1f3e124b-825f-4b90-8df8-722e802523f1","full":2.2},"geometry":{"type":"Polygon","coordinates":[[[136.15722,36.14119],[136.1572,36.14165],[136.15737,36.14166],[136.1574,36.1412],[136.15722,36.14119]]]}},{"type":"Feature","properties":{"pid":"c7fde339-6776-48dc-b595-faf522735d1f","full":4.2},"geometry":{"type":"Polygon","coordinates":[[[136.15714,36.14119],[136.15691,36.14118],[136.15688,36.14164],[136.15711,36.14165],[136.15714,36.14119]]]}},{"type":"Feature","properties":{"pid":"5fe36848-2f21-4b1e-9ce6-36644da2d475","full":9.3},"geometry":{"type":"Polygon","coordinates":[[[136.15769,36.1407],[136.15733,36.14069],[136.1573,36.14114],[136.15766,36.14116],[136.15769,36.1407]]]}},{"type":"Feature","properties":{"pid":"f712a9d6-b210-443d-adc2-ef78eb233990","full":12.3},"geometry":{"type":"Polygon","coordinates":[[[136.15732,36.14069],[136.15689,36.14067],[136.15682,36.14112],[136.15729,36.14114],[136.15732,36.14069]]]}},{"type":"Feature","properties":{"pid":"eae5d9b2-eeb2-42b5-a722-6c92a300924d","full":15.6},"geometry":{"type":"Polygon","coordinates":[[[136.15825,36.14073],[136.1577,36.14071],[136.15767,36.14116],[136.15822,36.14117],[136.15825,36.14073]]]}},{"type":"Feature","properties":{"pid":"db71a487-6ae1-41ca-ad43-19cf6865fa28","full":0.8},"geometry":{"type":"Polygon","coordinates":[[[136.15884,36.14075],[136.15871,36.14075],[136.15868,36.14117],[136.1587,36.14117],[136.1587,36.14119],[136.15881,36.1412],[136.15884,36.14075]]]}},{"type":"Feature","properties":{"pid":"2d8cd42f-d6a4-4688-ad75-604cc78ffead","full":4.3},"geometry":{"type":"Polygon","coordinates":[[[136.15917,36.14077],[136.15893,36.14076],[136.15891,36.14118],[136.15893,36.14118],[136.15893,36.1412],[136.15914,36.14121],[136.15917,36.14077]]]}},{"type":"Feature","properties":{"pid":"721d0f82-48cf-4c5d-b312-f7245f2582c1","full":8.1},"geometry":{"type":"Polygon","coordinates":[[[136.15952,36.14078],[136.15917,36.14077],[136.15915,36.14119],[136.15917,36.14119],[136.15917,36.14121],[136.15949,36.14122],[136.15952,36.14078]]]}},{"type":"Feature","properties":{"pid":"6ed859b3-d56e-4b34-88bc-c73df0cc4b3d","full":3.8},"geometry":{"type":"Polygon","coordinates":[[[136.15948,36.14132],[136.15926,36.14131],[136.15923,36.14174],[136.15945,36.14174],[136.15948,36.14132]]]}},{"type":"Feature","properties":{"pid":"afd3d4c0-36af-4431-b362-23e506b1288b","full":11.4},"geometry":{"type":"Polygon","coordinates":[[[136.1588,36.14129],[136.15877,36.14172],[136.15922,36.14173],[136.15925,36.14131],[136.1588,36.14129]]]}},{"type":"Feature","properties":{"pid":"2b7d3d35-f938-4329-a30b-8d93593290d7","full":1.9},"geometry":{"type":"Polygon","coordinates":[[[136.15886,36.14175],[136.15869,36.14175],[136.15867,36.14219],[136.15883,36.1422],[136.15886,36.14175]]]}},{"type":"Feature","properties":{"pid":"a83ff210-1d65-477a-809b-a523b4706b83","full":3.4},"geometry":{"type":"Polygon","coordinates":[[[136.15907,36.14176],[136.15886,36.14175],[136.15884,36.1422],[136.15904,36.14221],[136.15907,36.14176]]]}},{"type":"Feature","properties":{"pid":"5926b1ae-ce8d-40c5-8b7a-9384d8360e14","full":9.4},"geometry":{"type":"Polygon","coordinates":[[[136.15945,36.14178],[136.15908,36.14176],[136.15905,36.14221],[136.15942,36.14222],[136.15945,36.14178]]]}},{"type":"Feature","properties":{"pid":"5b1dafc4-997c-4112-9d3d-f639307ec74d","full":17.5},"geometry":{"type":"Polygon","coordinates":[[[136.15942,36.14231],[136.15877,36.14229],[136.15875,36.14271],[136.15938,36.14274],[136.15942,36.14231]]]}},{"type":"Feature","properties":{"pid":"23f6ae2d-002e-4c89-9ee8-a9ae35ef35af","full":10.9},"geometry":{"type":"Polygon","coordinates":[[[136.15815,36.14224],[136.15774,36.14222],[136.15771,36.14267],[136.15813,36.14269],[136.15815,36.14224]]]}},{"type":"Feature","properties":{"pid":"5ea1eb43-2fe0-48f5-bc6b-0d1115649f06","full":12.2},"geometry":{"type":"Polygon","coordinates":[[[136.15749,36.14221],[136.15704,36.14219],[136.15702,36.14264],[136.15747,36.14266],[136.15749,36.14221]]]}},{"type":"Feature","properties":{"pid":"7bc610df-7838-4307-82ac-3fe9a2f59b88","full":4.4},"geometry":{"type":"Polygon","coordinates":[[[136.15773,36.14222],[136.1575,36.14221],[136.15747,36.14266],[136.15771,36.14267],[136.15773,36.14222]]]}},{"type":"Feature","properties":{"pid":"a09d6a00-4c0d-4477-9b1b-867c346f341c","full":12.0},"geometry":{"type":"Polygon","coordinates":[[[136.15726,36.1427],[136.15681,36.14268],[136.15677,36.14311],[136.15724,36.14313],[136.15726,36.1427]]]}},{"type":"Feature","properties":{"pid":"ce3e15f0-9328-4dc5-8423-dc6b18d1827d","full":2.7},"geometry":{"type":"Polygon","coordinates":[[[136.15746,36.14271],[136.15727,36.1427],[136.15725,36.14313],[136.15743,36.14314],[136.15746,36.14271]]]}},{"type":"Feature","properties":{"pid":"272776c8-fb3d-492d-bd2c-40437943e42d","full":10.2},"geometry":{"type":"Polygon","coordinates":[[[136.15812,36.14273],[136.15772,36.14271],[136.15769,36.14315],[136.15809,36.14317],[136.15812,36.14273]]]}},{"type":"Feature","properties":{"pid":"3d4df3de-15a4-4d03-9e0a-ea917082f826","full":4.4},"geometry":{"type":"Polygon","coordinates":[[[136.15771,36.14272],[136.15747,36.14271],[136.15744,36.14314],[136.15768,36.14315],[136.15771,36.14272]]]}},{"type":"Feature","properties":{"pid":"5ab7cdb9-c9cc-436a-a2c0-2550a3605bfa","full":13.7},"geometry":{"type":"Polygon","coordinates":[[[136.15748,36.1432],[136.15699,36.14319],[136.15697,36.14363],[136.15746,36.14365],[136.15749,36.14323],[136.15748,36.14322],[136.15748,36.1432]]]}},{"type":"Feature","properties":{"pid":"7f8503a3-c76c-49f5-9829-6a65cc16ea0d","full":7.0},"geometry":{"type":"Polygon","coordinates":[[[136.15781,36.14322],[136.1575,36.14321],[136.15747,36.14365],[136.15778,36.14367],[136.15781,36.14322]]]}},{"type":"Feature","properties":{"pid":"b25d00be-9fbd-4375-b9d7-fbfcb8fdf955","full":6.0},"geometry":{"type":"Polygon","coordinates":[[[136.15809,36.14324],[136.15782,36.14322],[136.15779,36.14367],[136.15804,36.14368],[136.15805,36.14365],[136.15808,36.14365],[136.15809,36.14324]]]}},{"type":"Feature","properties":{"pid":"e4a73fbe-c631-498c-93d7-3c8b00541ada","full":7.8},"geometry":{"type":"Polygon","coordinates":[[[136.15897,36.14334],[136.15867,36.14333],[136.15857,36.1434],[136.15855,36.1437],[136.15895,36.14371],[136.15897,36.14334]]]}},{"type":"Feature","properties":{"pid":"98390d2b-7d06-4f84-a08d-48d118fbec96","full":5.4},"geometry":{"type":"Polygon","coordinates":[[[136.15861,36.143],[136.15874,36.14313],[136.15892,36.14314],[136.15894,36.14276],[136.15862,36.14274],[136.15861,36.143]]]}},{"type":"Feature","properties":{"pid":"30910f6a-5a4e-41e7-9f96-e1c06e5a4157","full":9.3},"geometry":{"type":"Polygon","coordinates":[[[136.15893,36.14314],[136.15936,36.14315],[136.15938,36.14278],[136.15895,36.14276],[136.15893,36.14314]]]}},{"type":"Feature","properties":{"pid":"dd53f95e-78bc-4552-9b13-ebf660a0a78c","full":7.4},"geometry":{"type":"Polygon","coordinates":[[[136.15936,36.14336],[136.15898,36.14334],[136.15896,36.14371],[136.15933,36.14373],[136.15936,36.14336]]]}},{"type":"Feature","properties":{"pid":"e77cf9f7-2a36-46ec-8b9d-3bf4c14f513b","full":3.4},"geometry":{"type":"Polygon","coordinates":[[[136.15958,36.14377],[136.15937,36.14377],[136.15935,36.14421],[136.15956,36.14422],[136.15958,36.14377]]]}},{"type":"Feature","properties":{"pid":"b0d9c45a-e8bb-435f-9bf7-11a068dc742f","full":11.8},"geometry":{"type":"Polygon","coordinates":[[[136.15933,36.14376],[136.15888,36.14374],[136.15886,36.14419],[136.1593,36.14421],[136.15933,36.14376]]]}},{"type":"Feature","properties":{"pid":"eaa9e153-f355-4857-89a4-84b0adf340ec","full":8.3},"geometry":{"type":"Polygon","coordinates":[[[136.15887,36.14374],[136.15853,36.14373],[136.1585,36.14417],[136.15884,36.14419],[136.15887,36.14374]]]}},{"type":"Feature","properties":{"pid":"47283453-7e81-4b75-8c3c-7bf8729191b7","full":4.6},"geometry":{"type":"Polygon","coordinates":[[[136.15931,36.14482],[136.15954,36.14482],[136.15956,36.14432],[136.15935,36.14431],[136.15931,36.14482]]]}},{"type":"Feature","properties":{"pid":"7ab06fe0-5e86-4f98-9440-6ff07833b59c","full":1.2},"geometry":{"type":"Polygon","coordinates":[[[136.15909,36.14536],[136.15924,36.14537],[136.15927,36.14485],[136.15913,36.14485],[136.15909,36.14536]]]}},{"type":"Feature","properties":{"pid":"3d50934d-95fe-4883-a2fa-6b2cf580c909","full":23.5},"geometry":{"type":"Polygon","coordinates":[[[136.15912,36.14485],[136.15845,36.14482],[136.15843,36.14533],[136.15909,36.14536],[136.15912,36.14485]]]}},{"type":"Feature","properties":{"pid":"b5b412ca-fbd9-4321-a9c1-bc7189dd0826","full":4.5},"geometry":{"type":"Polygon","coordinates":[[[136.15781,36.14478],[136.15759,36.14477],[136.15756,36.1453],[136.15777,36.14531],[136.15781,36.14478]]]}},{"type":"Feature","properties":{"pid":"3a05b399-9e12-4e8b-a8cf-ab4995a44f8f","full":3.0},"geometry":{"type":"Polygon","coordinates":[[[136.158,36.14479],[136.15782,36.14478],[136.15778,36.14531],[136.15794,36.14532],[136.15796,36.1453],[136.158,36.14479]]]}},{"type":"Feature","properties":{"pid":"d3a2e08a-e9ac-4379-a08d-e6cdb5ee07a9","full":13.3},"geometry":{"type":"Polygon","coordinates":[[[136.15736,36.14476],[136.15695,36.14474],[136.15692,36.14528],[136.15733,36.14529],[136.15736,36.14476]]]}},{"type":"Feature","properties":{"pid":"099ef7c5-0774-446c-b470-5747b0f24819","full":4.6},"geometry":{"type":"Polygon","coordinates":[[[136.15737,36.14476],[136.15734,36.14529],[136.15755,36.14531],[136.15758,36.14477],[136.15737,36.14476]]]}},{"type":"Feature","properties":{"pid":"975f2278-ef23-4280-9aba-8cc29a7342a9","full":1.0},"geometry":{"type":"Polygon","coordinates":[[[136.15762,36.14421],[136.15748,36.14421],[136.15745,36.14474],[136.15758,36.14474],[136.15762,36.14421]]]}},{"type":"Feature","properties":{"pid":"ca188d17-6b3f-425c-983b-8132f9fbfbda","full":6.3},"geometry":{"type":"Polygon","coordinates":[[[136.15788,36.14422],[136.15762,36.14421],[136.15759,36.14475],[136.15784,36.14476],[136.15788,36.14422]]]}},{"type":"Feature","properties":{"pid":"44e286e6-f94a-4b40-851c-1384aaacbaf6","full":1.5},"geometry":{"type":"Polygon","coordinates":[[[136.15803,36.14423],[136.15789,36.14422],[136.15785,36.14476],[136.15799,36.14476],[136.15803,36.14423]]]}},{"type":"Feature","properties":{"pid":"95cfcb3e-d679-44e5-ba3a-0834e5d20ff2","full":2.6},"geometry":{"type":"Polygon","coordinates":[[[136.15806,36.1437],[136.15788,36.1437],[136.15785,36.14415],[136.15803,36.14415],[136.15806,36.1437]]]}},{"type":"Feature","properties":{"pid":"8d6f7b43-9e4f-4437-9db3-07401e81f180","full":13.0},"geometry":{"type":"Polygon","coordinates":[[[136.1574,36.14368],[136.15738,36.14413],[136.15784,36.14415],[136.15787,36.14369],[136.1574,36.14368]]]}},{"type":"Feature","properties":{"pid":"a3ecaf84-d3ed-4893-9044-0c9d97aa31d7","full":3.3},"geometry":{"type":"Polygon","coordinates":[[[136.15739,36.14368],[136.15719,36.14367],[136.15716,36.14412],[136.15736,36.14413],[136.15739,36.14368]]]}},{"type":"Feature","properties":{"pid":"5fd017fb-030e-4ad3-b9ed-20d9087d10b8","full":3.8},"geometry":{"type":"Polygon","coordinates":[[[136.15715,36.14412],[136.15718,36.14367],[136.15696,36.14366],[136.15694,36.14411],[136.15715,36.14412]]]}},{"type":"Feature","properties":{"pid":"2ab735a8-a8bf-4302-88d7-eff40cfce3d0","full":3.1},"geometry":{"type":"Polygon","coordinates":[[[136.15693,36.14411],[136.15696,36.14366],[136.15674,36.14365],[136.15672,36.14401],[136.15678,36.14401],[136.15693,36.14411]]]}},{"type":"Feature","properties":{"pid":"b4c342c0-4d07-440d-8704-7df253a3f9d3","full":5.6},"geometry":{"type":"Polygon","coordinates":[[[136.15643,36.14365],[136.1564,36.14409],[136.15667,36.1441],[136.1567,36.14365],[136.15643,36.14365]]]}},{"type":"Feature","properties":{"pid":"a59cbb72-2e0b-48f5-acc5-a3f3babe04f1","full":6.4},"geometry":{"type":"Polygon","coordinates":[[[136.15625,36.14416],[136.15599,36.14415],[136.15596,36.14468],[136.15621,36.14469],[136.15625,36.14416]]]}},{"type":"Feature","properties":{"pid":"e4ea8c01-66cd-42dc-85a4-b1d53e35fa59","full":2.1},"geometry":{"type":"Polygon","coordinates":[[[136.1564,36.14416],[136.15625,36.14416],[136.15622,36.14469],[136.15638,36.14469],[136.15641,36.14417],[136.1564,36.14416]]]}},{"type":"Feature","properties":{"pid":"fb6af325-c5ea-45d5-a1c0-2ab2a2087195","full":4.4},"geometry":{"type":"Polygon","coordinates":[[[136.15578,36.14414],[136.15574,36.14467],[136.15595,36.14468],[136.15599,36.14415],[136.15578,36.14414]]]}},{"type":"Feature","properties":{"pid":"19937ec4-6475-469b-9d66-f7424af82721","full":4.8},"geometry":{"type":"Polygon","coordinates":[[[136.15642,36.14364],[136.15618,36.14364],[136.15615,36.14409],[136.1564,36.14409],[136.15642,36.14364]]]}},{"type":"Feature","properties":{"pid":"d89b1671-0365-4a1d-a8f5-222793c4bd34","full":2.8},"geometry":{"type":"Polygon","coordinates":[[[136.15617,36.14364],[136.15598,36.14363],[136.15595,36.14408],[136.15614,36.14409],[136.15617,36.14364]]]}},{"type":"Feature","properties":{"pid":"9344427a-b898-4c20-87e8-217599373935","full":6.0},"geometry":{"type":"Polygon","coordinates":[[[136.1557,36.14361],[136.15568,36.14404],[136.1557,36.14404],[136.1557,36.14407],[136.15595,36.14408],[136.15598,36.14363],[136.1557,36.14361]]]}},{"type":"Feature","properties":{"pid":"7e8f8dee-5dc8-4cb6-b81b-931462565e0c","full":9.5},"geometry":{"type":"Polygon","coordinates":[[[136.15569,36.14361],[136.15532,36.14359],[136.15529,36.14403],[136.15533,36.14403],[136.15533,36.14406],[136.15566,36.14407],[136.15569,36.14361]]]}},{"type":"Feature","properties":{"pid":"dc505eee-76c3-4fa8-b6c1-550d33894d7c","full":44.7},"geometry":{"type":"Polygon","coordinates":[[[136.15506,36.14411],[136.15394,36.14406],[136.1539,36.1446],[136.15502,36.14464],[136.15506,36.14411]]]}},{"type":"Feature","properties":{"pid":"3c515de2-5244-4bf0-a79c-a53f97cd73c3","full":2.6},"geometry":{"type":"Polygon","coordinates":[[[136.15523,36.14412],[136.15506,36.14411],[136.15503,36.14464],[136.1552,36.14465],[136.15523,36.14412]]]}},{"type":"Feature","properties":{"pid":"77f1dfc7-8e38-4889-bc37-5be660234dfc","full":3.9},"geometry":{"type":"Polygon","coordinates":[[[136.15549,36.14413],[136.1553,36.14411],[136.15526,36.14465],[136.15546,36.14466],[136.15549,36.14413]]]}},{"type":"Feature","properties":{"pid":"fbc4217d-e7ad-40d4-ae11-3cdd7d2959ac","full":2.4},"geometry":{"type":"Polygon","coordinates":[[[136.15567,36.14414],[136.1555,36.14413],[136.15547,36.14466],[136.15563,36.14467],[136.15567,36.14414]]]}},{"type":"Feature","properties":{"pid":"10f6311b-eabc-4b0b-b483-b70a8b6c8dd2","full":10.3},"geometry":{"type":"Polygon","coordinates":[[[136.1556,36.14471],[136.15525,36.14469],[136.15522,36.14522],[136.15556,36.14524],[136.1556,36.14471]]]}},{"type":"Feature","properties":{"pid":"3da0403b-2186-4961-be0c-07a6178bb37e","full":4.8},"geometry":{"type":"Polygon","coordinates":[[[136.1548,36.14467],[136.15458,36.14466],[136.15455,36.1452],[136.15477,36.1452],[136.1548,36.14467]]]}},{"type":"Feature","properties":{"pid":"cfcd27f8-9721-42d6-a686-6bce550c8ca7","full":12.9},"geometry":{"type":"Polygon","coordinates":[[[136.1552,36.14469],[136.1548,36.14467],[136.15477,36.14521],[136.15517,36.14522],[136.1552,36.14469]]]}},{"type":"Feature","properties":{"pid":"53a8dae4-ec15-4e5e-9ae4-20a9fec1fd03","full":0.7},"geometry":{"type":"Polygon","coordinates":[[[136.15475,36.14532],[136.15451,36.14531],[136.15449,36.14555],[136.15457,36.1455],[136.15468,36.14544],[136.15474,36.14542],[136.15475,36.14532]]]}},{"type":"Feature","properties":{"pid":"5c1609d7-d402-42bc-b14f-4b2b07cb1477","full":2.3},"geometry":{"type":"Polygon","coordinates":[[[136.15514,36.14559],[136.15516,36.14533],[136.15478,36.14532],[136.15477,36.14542],[136.15486,36.14541],[136.15499,36.14558],[136.15514,36.14559]]]}},{"type":"Feature","properties":{"pid":"647b1229-f8a5-4c93-8ce1-fe2cf3c9bddc","full":2.0},"geometry":{"type":"Polygon","coordinates":[[[136.15599,36.14472],[136.15583,36.14471],[136.1558,36.14524],[136.15596,36.14525],[136.15599,36.14472]]]}},{"type":"Feature","properties":{"pid":"e05d5ae5-bacb-4edc-b1f8-943c47cafbac","full":17.3},"geometry":{"type":"Polygon","coordinates":[[[136.156,36.14472],[136.15597,36.14525],[136.15647,36.14527],[136.1565,36.14474],[136.156,36.14472]]]}},{"type":"Feature","properties":{"pid":"6b9beba1-fc93-47de-b7c9-39adbfeaf3fd","full":3.4},"geometry":{"type":"Polygon","coordinates":[[[136.15694,36.14474],[136.15676,36.14474],[136.15672,36.14527],[136.15691,36.14528],[136.15694,36.14474]]]}},{"type":"Feature","properties":{"pid":"c0f7196f-3bdc-4f1a-a358-de4bd7485366","full":6.5},"geometry":{"type":"Polygon","coordinates":[[[136.15703,36.14542],[136.15676,36.14541],[136.15673,36.14591],[136.157,36.14592],[136.15703,36.14542]]]}},{"type":"Feature","properties":{"pid":"db10407f-0d8f-435f-9309-8b13296d677f","full":6.9},"geometry":{"type":"Polygon","coordinates":[[[136.15629,36.1454],[136.15626,36.1459],[136.15654,36.14591],[136.15657,36.1454],[136.15629,36.1454]]]}},{"type":"Feature","properties":{"pid":"3977b89b-960d-40a6-8b48-b2002d4855a6","full":7.5},"geometry":{"type":"Polygon","coordinates":[[[136.15673,36.146],[136.15641,36.14599],[136.15638,36.14645],[136.1567,36.14646],[136.15673,36.146]]]}},{"type":"Feature","properties":{"pid":"460e10c8-e378-413d-857c-cfc7a315a2be","full":24.3},"geometry":{"type":"Polygon","coordinates":[[[136.15618,36.14598],[136.15541,36.14594],[136.15539,36.1464],[136.15616,36.14644],[136.15618,36.14598]]]}},{"type":"Feature","properties":{"pid":"a0e5d5b7-a5bc-470b-81db-8965d50ea849","full":1.5},"geometry":{"type":"Polygon","coordinates":[[[136.15629,36.14539],[136.15615,36.14539],[136.1561,36.14589],[136.15626,36.14589],[136.15629,36.14539]]]}},{"type":"Feature","properties":{"pid":"fcc452bd-edbf-48ab-b87f-fc7d47c9d3a2","full":14.7},"geometry":{"type":"Polygon","coordinates":[[[136.15578,36.14537],[136.15531,36.14535],[136.15528,36.14585],[136.15575,36.14587],[136.15578,36.14537]]]}},{"type":"Feature","properties":{"pid":"4d7c5e32-13d2-4d38-8868-4d2577fdb982","full":1.7},"geometry":{"type":"Polygon","coordinates":[[[136.15557,36.14647],[136.1554,36.14646],[136.15539,36.14682],[136.15555,36.14691],[136.15557,36.14647]]]}},{"type":"Feature","properties":{"pid":"2519cb06-1196-4063-b66f-2e14fa364139","full":2.4},"geometry":{"type":"Polygon","coordinates":[[[136.15575,36.14648],[136.15558,36.14647],[136.15555,36.14697],[136.15572,36.14698],[136.15575,36.14648]]]}},{"type":"Feature","properties":{"pid":"eed05909-e0f0-4505-8083-538683289bd2","full":1.8},"geometry":{"type":"Polygon","coordinates":[[[136.15539,36.14646],[136.15518,36.14646],[136.15514,36.14649],[136.15513,36.14658],[136.15538,36.14681],[136.15539,36.14646]]]}},{"type":"Feature","properties":{"pid":"cb5bf39b-f5a0-463d-a56e-47d7919492f8","full":5.1},"geometry":{"type":"Polygon","coordinates":[[[136.15623,36.14706],[136.15595,36.14705],[136.15593,36.14724],[136.15597,36.14729],[136.15599,36.14734],[136.15599,36.14744],[136.15601,36.1475],[136.15605,36.14754],[136.15609,36.14757],[136.15618,36.1476],[136.15623,36.14706]]]}},{"type":"Feature","properties":{"pid":"dda5f3a4-4525-4542-93ee-d0b9b3c9be2d","full":10.7},"geometry":{"type":"Polygon","coordinates":[[[136.15612,36.14649],[136.15575,36.14648],[136.15573,36.14698],[136.1561,36.14699],[136.15612,36.14649]]]}},{"type":"Feature","properties":{"pid":"4b3fe75f-909e-4dfc-ab3a-eb0abb305934","full":4.1},"geometry":{"type":"Polygon","coordinates":[[[136.15613,36.14649],[136.15611,36.14699],[136.15632,36.147],[136.15634,36.1465],[136.15613,36.14649]]]}},{"type":"Feature","properties":{"pid":"7ffbf2e5-6f68-40c6-9802-8ad12645165e","full":6.7},"geometry":{"type":"Polygon","coordinates":[[[136.15664,36.14707],[136.15623,36.14706],[136.1562,36.14737],[136.1566,36.1474],[136.15664,36.14707]]]}},{"type":"Feature","properties":{"pid":"ac1b7347-7ef6-4e1d-9a02-017a4f6eaede","full":3.2},"geometry":{"type":"Polygon","coordinates":[[[136.15683,36.14708],[136.15665,36.14708],[136.15658,36.14762],[136.15676,36.14763],[136.15683,36.14708]]]}},{"type":"Feature","properties":{"pid":"6cea1137-3482-48de-8226-d42aae2155ec","full":5.8},"geometry":{"type":"Polygon","coordinates":[[[136.15766,36.14709],[136.1569,36.14706],[136.15689,36.14708],[136.15687,36.14724],[136.1576,36.14727],[136.15766,36.14709]]]}},{"type":"Feature","properties":{"pid":"d59ec864-1bea-46e2-ae63-ffc2c7bc53c3","full":1.6},"geometry":{"type":"Polygon","coordinates":[[[136.15805,36.1471],[136.1577,36.14709],[136.15766,36.14724],[136.15805,36.14726],[136.15805,36.1471]]]}},{"type":"Feature","properties":{"pid":"9513723d-a39d-472d-a4e2-c81e08e2d515","full":1.9},"geometry":{"type":"Polygon","coordinates":[[[136.15805,36.14659],[136.1579,36.14659],[136.15788,36.14704],[136.15791,36.14704],[136.15791,36.14707],[136.15805,36.14707],[136.15805,36.14659]]]}},{"type":"Feature","properties":{"pid":"7226ea20-6680-440f-9ae3-b3085430dba8","full":11.9},"geometry":{"type":"Polygon","coordinates":[[[136.1575,36.14655],[136.1571,36.14654],[136.15707,36.14703],[136.15747,36.14705],[136.1575,36.14655]]]}},{"type":"Feature","properties":{"pid":"80c5ac4b-9e6d-448c-a9d7-1c1bb3ce431d","full":3.9},"geometry":{"type":"Polygon","coordinates":[[[136.15835,36.14659],[136.15859,36.14659],[136.15867,36.14645],[136.15881,36.14631],[136.15836,36.1463],[136.15835,36.14659]]]}},{"type":"Feature","properties":{"pid":"ae7d20d2-8b7a-4fb8-b243-c075441d0780","full":1.4},"geometry":{"type":"Polygon","coordinates":[[[136.15833,36.14708],[136.1584,36.14708],[136.1584,36.147],[136.15844,36.147],[136.15849,36.14679],[136.15858,36.14659],[136.15835,36.14659],[136.15833,36.14708]]]}},{"type":"Feature","properties":{"pid":"b8b19740-5dda-4d25-a3f2-d4f237bc7bd9","full":3.5},"geometry":{"type":"Polygon","coordinates":[[[136.16027,36.14557],[136.16001,36.14555],[136.15999,36.14588],[136.16024,36.14591],[136.16027,36.14557]]]}},{"type":"Feature","properties":{"pid":"4d519e55-25c7-45a5-9260-42206b29a44f","full":4.8},"geometry":{"type":"Polygon","coordinates":[[[136.15996,36.1454],[136.16018,36.1454],[136.16022,36.14488],[136.16,36.14488],[136.15996,36.1454]]]}},{"type":"Feature","properties":{"pid":"9219443b-c0ef-45cc-aabf-85aad7af3521","full":2.8},"geometry":{"type":"Polygon","coordinates":[[[136.16088,36.14491],[136.1607,36.14491],[136.16067,36.14542],[136.16084,36.14543],[136.16088,36.14491]]]}},{"type":"Feature","properties":{"pid":"f5f2aff0-53ff-41f4-a03f-ab37043f5bb8","full":14.1},"geometry":{"type":"Polygon","coordinates":[[[136.16066,36.1449],[136.16022,36.14489],[136.16019,36.14541],[136.16063,36.14543],[136.16066,36.1449]]]}},{"type":"Feature","properties":{"pid":"3945cba0-1fd6-4b5d-adbf-6c43f72a08a5","full":5.7},"geometry":{"type":"Polygon","coordinates":[[[136.15999,36.14488],[136.15975,36.14487],[136.15971,36.14539],[136.15996,36.1454],[136.15999,36.14488]]]}},{"type":"Feature","properties":{"pid":"1f56eba4-0b0b-4254-ba74-74af2ce7c336","full":1.4},"geometry":{"type":"Polygon","coordinates":[[[136.15949,36.14485],[136.15946,36.14538],[136.1596,36.14538],[136.15963,36.14486],[136.15949,36.14485]]]}},{"type":"Feature","properties":{"pid":"d5da69b1-d5ed-4bdf-b0b8-b8528df0a921","full":13.5},"geometry":{"type":"Polygon","coordinates":[[[136.16001,36.14433],[136.15957,36.14432],[136.15955,36.14482],[136.15997,36.14484],[136.16001,36.14433]]]}},{"type":"Feature","properties":{"pid":"2b6a1a78-1e7a-46fe-a0dc-4ce09eb781f4","full":1.8},"geometry":{"type":"Polygon","coordinates":[[[136.15975,36.14378],[136.15959,36.14378],[136.15956,36.14422],[136.15972,36.14423],[136.15975,36.14378]]]}},{"type":"Feature","properties":{"pid":"ddf0a18a-a2bb-4936-b6d8-652434ff7828","full":14.3},"geometry":{"type":"Polygon","coordinates":[[[136.16027,36.14381],[136.15976,36.14378],[136.15973,36.14423],[136.16024,36.14425],[136.16027,36.14381]]]}},{"type":"Feature","properties":{"pid":"4cc1b01d-4934-44ab-b837-55d91e67b8c5","full":3.5},"geometry":{"type":"Polygon","coordinates":[[[136.16049,36.14382],[136.16028,36.14381],[136.16025,36.14425],[136.16047,36.14426],[136.16049,36.14382]]]}},{"type":"Feature","properties":{"pid":"bc51127d-55b8-442a-8d26-41e368f81aa5","full":4.1},"geometry":{"type":"Polygon","coordinates":[[[136.1605,36.14382],[136.16047,36.14426],[136.1607,36.14427],[136.16073,36.14383],[136.1605,36.14382]]]}},{"type":"Feature","properties":{"pid":"c3689875-0ef0-44c8-a67b-c184aaad6719","full":24.1},"geometry":{"type":"Polygon","coordinates":[[[136.16069,36.14436],[136.16001,36.14433],[136.15998,36.14485],[136.16066,36.14487],[136.16069,36.14436]]]}},{"type":"Feature","properties":{"pid":"580ac6cb-6461-4d10-9cc9-99a4dd22f28c","full":19.4},"geometry":{"type":"Polygon","coordinates":[[[136.1613,36.14438],[136.16073,36.14436],[136.1607,36.14488],[136.16126,36.1449],[136.1613,36.14438]]]}},{"type":"Feature","properties":{"pid":"e9870e1e-850d-4943-bccd-8c4cff495f1a","full":7.9},"geometry":{"type":"Polygon","coordinates":[[[136.16108,36.14383],[136.16075,36.14382],[136.16073,36.14427],[136.16106,36.14429],[136.16108,36.14383]]]}},{"type":"Feature","properties":{"pid":"c3088bff-c771-4d9c-b055-dee2190439ac","full":26.1},"geometry":{"type":"Polygon","coordinates":[[[136.16193,36.14386],[136.16109,36.14383],[136.16107,36.14429],[136.16167,36.14431],[136.16183,36.14437],[136.16184,36.14426],[136.16189,36.14414],[136.16191,36.14411],[136.16194,36.14406],[136.16198,36.14402],[136.16194,36.14403],[136.16193,36.14386]]]}},{"type":"Feature","properties":{"pid":"9b0f28ad-8004-4ddc-9db1-edd1e5d90cd7","full":27.8},"geometry":{"type":"Polygon","coordinates":[[[136.16224,36.14492],[136.16226,36.14493],[136.16237,36.14478],[136.16202,36.14477],[136.16203,36.14452],[136.16167,36.14439],[136.16131,36.14438],[136.16127,36.1449],[136.16222,36.14494],[136.16224,36.14492]]]}},{"type":"Feature","properties":{"pid":"414031c3-a6bc-4aa0-a2ee-a370e86491eb","full":3.4},"geometry":{"type":"Polygon","coordinates":[[[136.16222,36.14497],[136.16163,36.14495],[136.16162,36.14512],[136.16209,36.14514],[136.16222,36.14497]]]}},{"type":"Feature","properties":{"pid":"d5530b8c-5738-42cc-87ef-4b59abd0141e","full":1.5},"geometry":{"type":"Polygon","coordinates":[[[136.16163,36.14495],[136.16146,36.14494],[136.16144,36.14527],[136.16161,36.14528],[136.16163,36.14495]]]}},{"type":"Feature","properties":{"pid":"2bf430a3-74e2-4783-b384-a23c8338ae81","full":3.2},"geometry":{"type":"Polygon","coordinates":[[[136.16145,36.14494],[136.16126,36.14493],[136.16123,36.14545],[136.16142,36.14546],[136.16145,36.14494]]]}},{"type":"Feature","properties":{"pid":"c08643a6-3589-4c25-8da9-a3c322855c98","full":2.3},"geometry":{"type":"Polygon","coordinates":[[[136.16105,36.14492],[136.16089,36.14491],[136.16085,36.14543],[136.16102,36.14544],[136.16105,36.14492]]]}},{"type":"Feature","properties":{"pid":"ae3de2ca-d2d1-4c62-ba95-893b1e7db42f","full":1.6},"geometry":{"type":"Polygon","coordinates":[[[136.16192,36.14525],[136.16199,36.14525],[136.16203,36.14523],[136.16209,36.14514],[136.16162,36.14512],[136.16162,36.14528],[136.16192,36.14529],[136.16192,36.14525]]]}},{"type":"Feature","properties":{"pid":"469af5f2-8f41-46bb-b762-8403e6b00116","full":2.7},"geometry":{"type":"Polygon","coordinates":[[[136.16277,36.1455],[136.16276,36.14536],[136.16207,36.1454],[136.16206,36.14549],[136.16257,36.14554],[136.16258,36.14552],[136.16277,36.1455]]]}},{"type":"Feature","properties":{"pid":"157e106f-381b-421b-9680-d3ded1f620e0","full":8.6},"geometry":{"type":"Polygon","coordinates":[[[136.16289,36.14512],[136.16286,36.14488],[136.16269,36.1449],[136.16266,36.14483],[136.16261,36.14484],[136.16262,36.14511],[136.1622,36.14516],[136.16209,36.14528],[136.16208,36.14535],[136.16282,36.14529],[136.16282,36.14514],[136.16289,36.14512]]]}},{"type":"Feature","properties":{"pid":"b4f1aa17-520c-4f85-b2cd-06a06ec85a52","full":1.0},"geometry":{"type":"Polygon","coordinates":[[[136.16261,36.1451],[136.1626,36.14496],[136.16233,36.14499],[136.1622,36.14515],[136.16261,36.1451]]]}},{"type":"Feature","properties":{"pid":"61baaa8b-2fd2-49fc-a714-882ab1624497","full":2.0},"geometry":{"type":"Polygon","coordinates":[[[136.16299,36.14414],[136.16251,36.1441],[136.16253,36.14426],[136.16298,36.14428],[136.16299,36.14414]]]}},{"type":"Feature","properties":{"pid":"471cd7b1-05f4-4d40-8c15-30e2b0ca1e87","full":2.4},"geometry":{"type":"Polygon","coordinates":[[[136.1626,36.14566],[136.16223,36.14562],[136.16219,36.14581],[136.1623,36.14583],[136.16262,36.14578],[136.1626,36.14566]]]}},{"type":"Feature","properties":{"pid":"a7bcdf1a-7d1b-4fad-aaaf-ace8b74ecd60","full":0.7},"geometry":{"type":"Polygon","coordinates":[[[136.16945,36.14447],[136.16955,36.14455],[136.16985,36.14431],[136.16977,36.14424],[136.16975,36.14423],[136.16945,36.14447]]]}},{"type":"Feature","properties":{"pid":"884339ed-a85a-41ed-8e5f-b07914cc40d2","full":1.9},"geometry":{"type":"Polygon","coordinates":[[[136.16932,36.14436],[136.16945,36.14446],[136.16975,36.14422],[136.16962,36.14411],[136.16932,36.14436]]]}},{"type":"Feature","properties":{"pid":"e5ba06b6-489a-481c-9b3f-ee5d894422a3","full":11.6},"geometry":{"type":"Polygon","coordinates":[[[136.16523,36.14228],[136.16499,36.1419],[136.16489,36.14194],[136.16479,36.1423],[136.16466,36.14263],[136.16472,36.14275],[136.16523,36.14228]]]}},{"type":"Feature","properties":{"pid":"474359c7-6df4-46f5-8826-953c6a4c9335","full":10.0},"geometry":{"type":"Polygon","coordinates":[[[136.16871,36.14115],[136.16873,36.14115],[136.1688,36.14109],[136.16895,36.14101],[136.16859,36.14051],[136.16831,36.14065],[136.16871,36.14115]]]}},{"type":"Feature","properties":{"pid":"07f865cb-dfb4-4608-ba6b-45a9861162cd","full":3.2},"geometry":{"type":"Polygon","coordinates":[[[136.1686,36.14051],[136.16895,36.141],[136.16906,36.14095],[136.16911,36.14093],[136.16874,36.14043],[136.1686,36.14051]]]}},{"type":"Feature","properties":{"pid":"fae10c1f-7aaa-4cf8-b975-ac02793c4d4c","full":24.2},"geometry":{"type":"Polygon","coordinates":[[[136.16912,36.14092],[136.16918,36.14091],[136.16961,36.14074],[136.16966,36.14072],[136.1692,36.14017],[136.16876,36.14042],[136.16912,36.14092]]]}},{"type":"Feature","properties":{"pid":"502d1db4-a22c-4126-8889-147c2a7646ec","full":1.7},"geometry":{"type":"Polygon","coordinates":[[[136.16869,36.14116],[136.1687,36.14114],[136.1683,36.14065],[136.16818,36.14072],[136.16859,36.14122],[136.16869,36.14116]]]}},{"type":"Feature","properties":{"pid":"940380d9-bfc8-40b3-adc2-5ff5cbbe2a75","full":1.4},"geometry":{"type":"Polygon","coordinates":[[[136.16794,36.14085],[136.16838,36.14135],[136.16843,36.14133],[136.16849,36.14129],[136.16806,36.14079],[136.16794,36.14085]]]}},{"type":"Feature","properties":{"pid":"86737a62-f71c-46ab-8896-5e058614bfb3","full":12.3},"geometry":{"type":"Polygon","coordinates":[[[136.16722,36.14041],[136.16657,36.14067],[136.16677,36.14099],[136.16701,36.14083],[136.16735,36.14063],[136.16722,36.14041]]]}},{"type":"Feature","properties":{"pid":"0c9b59ac-4df8-445d-bc60-fb7617c359ec","full":4.1},"geometry":{"type":"Polygon","coordinates":[[[136.16618,36.14078],[136.16592,36.14033],[136.16573,36.14041],[136.166,36.14085],[136.16618,36.14078]]]}},{"type":"Feature","properties":{"pid":"8d64a344-9e67-4163-92da-33148b13377c","full":13.0},"geometry":{"type":"Polygon","coordinates":[[[136.16667,36.14107],[136.16645,36.14072],[136.16602,36.1409],[136.16627,36.14134],[136.16667,36.14107]]]}},{"type":"Feature","properties":{"pid":"31226a82-0a71-4354-8a10-ef45a505b27f","full":10.1},"geometry":{"type":"Polygon","coordinates":[[[136.16627,36.14134],[136.16601,36.1409],[136.16571,36.14103],[136.16602,36.14155],[136.16627,36.14134]]]}},{"type":"Feature","properties":{"pid":"e6a2748e-27e3-45b8-af91-f3de45f15bf5","full":24.8},"geometry":{"type":"Polygon","coordinates":[[[136.16601,36.14156],[136.1657,36.14103],[136.1652,36.14123],[136.16562,36.1419],[136.16601,36.14156]]]}},{"type":"Feature","properties":{"pid":"c49ecf08-cae7-486e-bffa-798832a28233","full":9.6},"geometry":{"type":"Polygon","coordinates":[[[136.1656,36.14192],[136.16546,36.14171],[136.165,36.1419],[136.16523,36.14227],[136.1656,36.14192]]]}},{"type":"Feature","properties":{"pid":"f71892ea-9941-45cb-ada3-9bf0906ea518","full":7.7},"geometry":{"type":"Polygon","coordinates":[[[136.16543,36.14167],[136.16516,36.14124],[136.16499,36.14132],[136.16499,36.14149],[136.16498,36.14157],[136.16513,36.1418],[136.16543,36.14167]]]}},{"type":"Feature","properties":{"pid":"ce5e8319-38f5-4c12-af96-d32ab5342f7c","full":8.6},"geometry":{"type":"Polygon","coordinates":[[[136.16535,36.14111],[136.16509,36.14067],[136.16486,36.14076],[136.16499,36.14125],[136.16535,36.14111]]]}},{"type":"Feature","properties":{"pid":"1b9c4e85-04ed-47ef-9f92-3fd48bc067d0","full":0.9},"geometry":{"type":"Polygon","coordinates":[[[136.16569,36.14098],[136.16542,36.14053],[136.1653,36.14058],[136.16557,36.14102],[136.16569,36.14098]]]}},{"type":"Feature","properties":{"pid":"d8f05b61-88e0-4e6a-a067-21cfe7bf8983","full":4.5},"geometry":{"type":"Polygon","coordinates":[[[136.16557,36.14103],[136.1653,36.14059],[136.1651,36.14066],[136.16536,36.14111],[136.16557,36.14103]]]}},{"type":"Feature","properties":{"pid":"aaa92cf0-d6dc-4e19-a57c-07486e03170c","full":8.8},"geometry":{"type":"Polygon","coordinates":[[[136.16599,36.14086],[136.16572,36.14041],[136.16543,36.14053],[136.1657,36.14097],[136.16599,36.14086]]]}},{"type":"Feature","properties":{"pid":"199aa4d3-f143-44e5-8669-d56b697b7a80","full":1.0},"geometry":{"type":"Polygon","coordinates":[[[136.16231,36.14134],[136.16232,36.14118],[136.16244,36.14118],[136.16245,36.14089],[136.16229,36.14089],[136.16227,36.14134],[136.16231,36.14134]]]}},{"type":"Feature","properties":{"pid":"c2f5d976-f7d4-4817-9cd7-b08b6596885f","full":2.6},"geometry":{"type":"Polygon","coordinates":[[[136.16243,36.14143],[136.16224,36.14142],[136.16221,36.14185],[136.1624,36.14186],[136.16243,36.14143]]]}},{"type":"Feature","properties":{"pid":"ced26fb9-59d2-45f3-9d97-b67101dfb3fe","full":0.7},"geometry":{"type":"Polygon","coordinates":[[[136.16201,36.14284],[136.16243,36.14287],[136.16243,36.14273],[136.16202,36.14275],[136.16201,36.14284]]]}},{"type":"Feature","properties":{"pid":"21ffc9fc-98fe-4663-8a0d-206e06538aed","full":10.9},"geometry":{"type":"Polygon","coordinates":[[[136.16185,36.14222],[136.16199,36.14223],[136.16201,36.14189],[136.16155,36.14187],[136.16153,36.14231],[136.16184,36.14232],[136.16185,36.14222]]]}},{"type":"Feature","properties":{"pid":"9e6bee30-12d8-4497-99c1-3eeb2f90993a","full":11.6},"geometry":{"type":"Polygon","coordinates":[[[136.16155,36.14187],[136.16111,36.14185],[136.16108,36.14229],[136.16152,36.14231],[136.16155,36.14187]]]}},{"type":"Feature","properties":{"pid":"1737ca56-20fe-4d1b-bb1a-8329113f5c1c","full":3.6},"geometry":{"type":"Polygon","coordinates":[[[136.1611,36.14185],[136.16089,36.14184],[136.16086,36.14229],[136.16108,36.14229],[136.1611,36.14185]]]}},{"type":"Feature","properties":{"pid":"1f7e34a6-cec8-4500-aa29-f19a9f1b808e","full":11.1},"geometry":{"type":"Polygon","coordinates":[[[136.1613,36.14239],[136.16086,36.14237],[136.16084,36.14276],[136.16087,36.14277],[136.16088,36.1428],[136.16128,36.14282],[136.1613,36.14239]]]}},{"type":"Feature","properties":{"pid":"f6422cf5-33a0-4c17-8faa-c5d463aea779","full":3.2},"geometry":{"type":"Polygon","coordinates":[[[136.16151,36.14247],[136.16169,36.14247],[136.16169,36.1424],[136.16131,36.14239],[136.16128,36.14282],[136.16148,36.14283],[136.16151,36.14247]]]}},{"type":"Feature","properties":{"pid":"552d103e-b522-4814-8b02-fd987d6633aa","full":2.4},"geometry":{"type":"Polygon","coordinates":[[[136.16172,36.1432],[136.16193,36.1432],[136.16195,36.14288],[136.16174,36.14287],[136.16172,36.1432]]]}},{"type":"Feature","properties":{"pid":"94839267-db14-48a3-809d-8b59cb93e774","full":5.3},"geometry":{"type":"Polygon","coordinates":[[[136.16172,36.14287],[136.1614,36.14285],[136.16137,36.14319],[136.16171,36.1432],[136.16172,36.14287]]]}},{"type":"Feature","properties":{"pid":"c7c51e35-abf2-4272-88f9-328a7f738db8","full":2.2},"geometry":{"type":"Polygon","coordinates":[[[136.1619,36.14352],[136.16169,36.14351],[136.16167,36.14382],[136.16188,36.14382],[136.1619,36.14352]]]}},{"type":"Feature","properties":{"pid":"787f15a0-6f94-49fb-ac04-691d845ffe6a","full":2.3},"geometry":{"type":"Polygon","coordinates":[[[136.16168,36.14351],[136.16147,36.1435],[136.16145,36.14381],[136.16167,36.14382],[136.16168,36.14351]]]}},{"type":"Feature","properties":{"pid":"6d2899c8-2b26-497e-8447-cb26bba5e2b4","full":7.7},"geometry":{"type":"Polygon","coordinates":[[[136.16146,36.1435],[136.16101,36.14347],[136.16099,36.14379],[136.16144,36.14381],[136.16146,36.1435]]]}},{"type":"Feature","properties":{"pid":"d4f47451-b2b5-4c69-840c-b2b1607e86a2","full":2.8},"geometry":{"type":"Polygon","coordinates":[[[136.161,36.14347],[136.16077,36.14346],[136.16076,36.14378],[136.16099,36.14379],[136.161,36.14347]]]}},{"type":"Feature","properties":{"pid":"c6c16b4d-246a-446f-a7d3-3b3ff62ec1ae","full":11.3},"geometry":{"type":"Polygon","coordinates":[[[136.16081,36.14314],[136.16084,36.14318],[136.16136,36.14319],[136.16138,36.14285],[136.16082,36.14283],[136.16081,36.14314]]]}},{"type":"Feature","properties":{"pid":"11e477d0-6b62-4339-8110-9c400e6949c6","full":11.8},"geometry":{"type":"Polygon","coordinates":[[[136.16077,36.14315],[136.16079,36.14283],[136.16023,36.14281],[136.1602,36.14317],[136.16074,36.14317],[136.16077,36.14315]]]}},{"type":"Feature","properties":{"pid":"f8b51034-d3e1-4814-b52e-be53ab353b60","full":12.7},"geometry":{"type":"Polygon","coordinates":[[[136.16074,36.14345],[136.16013,36.14341],[136.1601,36.14376],[136.16072,36.14379],[136.16074,36.14345]]]}},{"type":"Feature","properties":{"pid":"bb3f3b16-d1c9-4f1c-8b26-a6a981759977","full":2.2},"geometry":{"type":"Polygon","coordinates":[[[136.15937,36.14373],[136.15967,36.14374],[136.1597,36.14339],[136.15966,36.14338],[136.15966,36.14347],[136.15964,36.14349],[136.15958,36.14349],[136.15952,36.14351],[136.15948,36.14354],[136.15947,36.14358],[136.15938,36.14358],[136.15937,36.14373]]]}},{"type":"Feature","properties":{"pid":"9a53c849-c0f8-4062-ba6e-d1ae86323cae","full":4.7},"geometry":{"type":"Polygon","coordinates":[[[136.15999,36.1434],[136.15971,36.14339],[136.15968,36.14375],[136.15997,36.14375],[136.15999,36.1434]]]}},{"type":"Feature","properties":{"pid":"a6ef42e8-6da2-407d-bef5-13042965c548","full":6.3},"geometry":{"type":"Polygon","coordinates":[[[136.15986,36.14317],[136.1602,36.14317],[136.16022,36.14281],[136.15988,36.1428],[136.15986,36.14317]]]}},{"type":"Feature","properties":{"pid":"dca7cb20-563d-4420-9156-a540621085f6","full":9.5},"geometry":{"type":"Polygon","coordinates":[[[136.15941,36.14314],[136.15943,36.14317],[136.15985,36.14317],[136.15987,36.14279],[136.15944,36.14278],[136.15941,36.14314]]]}},{"type":"Feature","properties":{"pid":"6088ee58-35d8-4c78-9d8e-417296cd4d31","full":3.8},"geometry":{"type":"Polygon","coordinates":[[[136.15968,36.14232],[136.15945,36.14231],[136.15943,36.14274],[136.15966,36.14274],[136.15968,36.14232]]]}},{"type":"Feature","properties":{"pid":"422fcaf2-a04f-4aae-bb15-d00692e804b4","full":3.8},"geometry":{"type":"Polygon","coordinates":[[[136.15991,36.14233],[136.15969,36.14232],[136.15966,36.14275],[136.15989,36.14275],[136.15991,36.14233]]]}},{"type":"Feature","properties":{"pid":"8b34f5fa-9ff2-4c02-bc3d-8c19250056da","full":6.7},"geometry":{"type":"Polygon","coordinates":[[[136.15991,36.14233],[136.1599,36.14276],[136.1602,36.14276],[136.16023,36.14234],[136.15991,36.14233]]]}},{"type":"Feature","properties":{"pid":"8ea363af-3270-49e3-8009-feb8ff0fae29","full":15.8},"geometry":{"type":"Polygon","coordinates":[[[136.16082,36.14236],[136.16023,36.14234],[136.16021,36.14277],[136.16079,36.14279],[136.16082,36.14236]]]}},{"type":"Feature","properties":{"pid":"bcdf5072-2184-4170-9795-561c76c8a7d0","full":11.3},"geometry":{"type":"Polygon","coordinates":[[[136.16084,36.14184],[136.16042,36.14183],[136.16039,36.14226],[136.16041,36.14226],[136.16041,36.14227],[136.16082,36.14229],[136.16084,36.14184]]]}},{"type":"Feature","properties":{"pid":"68cd2c0f-113d-4545-bc20-c90b1a2635f4","full":14.5},"geometry":{"type":"Polygon","coordinates":[[[136.16002,36.14181],[136.15949,36.14178],[136.15947,36.14222],[136.15999,36.14224],[136.16002,36.14181]]]}},{"type":"Feature","properties":{"pid":"1584f591-51e9-431a-8976-b5aba122325e","full":11.3},"geometry":{"type":"Polygon","coordinates":[[[136.15996,36.14133],[136.15952,36.14131],[136.1595,36.14175],[136.15994,36.14176],[136.15996,36.14133]]]}},{"type":"Feature","properties":{"pid":"4faa19b0-395e-4a13-9c96-59a75eb64e69","full":3.7},"geometry":{"type":"Polygon","coordinates":[[[136.16019,36.14134],[136.15997,36.14133],[136.15994,36.14177],[136.16017,36.14177],[136.16019,36.14134]]]}},{"type":"Feature","properties":{"pid":"178c3427-bb3c-401d-9168-b17fe4318920","full":3.7},"geometry":{"type":"Polygon","coordinates":[[[136.16042,36.14135],[136.1602,36.14135],[136.16017,36.14177],[136.16039,36.14178],[136.16042,36.14135]]]}},{"type":"Feature","properties":{"pid":"ea275df3-37b2-493d-980d-5c072d90c380","full":11.5},"geometry":{"type":"Polygon","coordinates":[[[136.16087,36.14137],[136.16043,36.14135],[136.1604,36.14178],[136.16085,36.1418],[136.16087,36.14137]]]}},{"type":"Feature","properties":{"pid":"06322f29-da5c-4141-b196-e80bbfd75250","full":1.0},"geometry":{"type":"Polygon","coordinates":[[[136.16029,36.14182],[136.16015,36.14181],[136.16012,36.14225],[136.16026,36.14226],[136.16029,36.14182]]]}},{"type":"Feature","properties":{"pid":"909ac76e-14ad-4e6e-8658-b51e29e886f8","full":9.2},"geometry":{"type":"Polygon","coordinates":[[[136.1613,36.14139],[136.16092,36.14137],[136.16089,36.1418],[136.16127,36.14182],[136.1613,36.14139]]]}},{"type":"Feature","properties":{"pid":"c3271847-b0fd-44c6-b6bf-b1123b4d755d","full":4.0},"geometry":{"type":"Polygon","coordinates":[[[136.16117,36.14085],[136.16094,36.14084],[136.16092,36.14127],[136.16094,36.14127],[136.16094,36.14129],[136.16114,36.1413],[136.16117,36.14085]]]}},{"type":"Feature","properties":{"pid":"f371218e-0980-4e0a-845a-b238bf426979","full":5.9},"geometry":{"type":"Polygon","coordinates":[[[136.16145,36.14086],[136.16118,36.14085],[136.16115,36.14127],[136.16117,36.14128],[136.16116,36.1413],[136.16142,36.14131],[136.16145,36.14086]]]}},{"type":"Feature","properties":{"pid":"0501ba73-9dcc-40d6-a678-964107f535fa","full":4.2},"geometry":{"type":"Polygon","coordinates":[[[136.16168,36.14086],[136.16146,36.14086],[136.16143,36.14129],[136.16145,36.14129],[136.16145,36.14131],[136.16166,36.14131],[136.16168,36.14086]]]}},{"type":"Feature","properties":{"pid":"2a259248-3df3-4a6d-b007-0afb75aed427","full":4.4},"geometry":{"type":"Polygon","coordinates":[[[136.16219,36.14089],[136.16176,36.14087],[136.16176,36.14105],[136.16201,36.14106],[136.16199,36.14133],[136.16216,36.14134],[136.16219,36.14089]]]}},{"type":"Feature","properties":{"pid":"8c8ab0b5-b69c-4ed4-89e9-d3792993ff4a","full":4.2},"geometry":{"type":"Polygon","coordinates":[[[136.16186,36.14041],[136.16163,36.14041],[136.16161,36.14083],[136.16185,36.14084],[136.16186,36.14041]]]}},{"type":"Feature","properties":{"pid":"ceca44ea-10c3-4576-9a64-0c4f4fc8cb24","full":9.9},"geometry":{"type":"Polygon","coordinates":[[[136.16122,36.14039],[136.1612,36.14082],[136.1616,36.14083],[136.16163,36.14041],[136.16122,36.14039]]]}},{"type":"Feature","properties":{"pid":"9b720fbc-aad0-4173-8a55-a971384c43ff","full":4.5},"geometry":{"type":"Polygon","coordinates":[[[136.16122,36.14039],[136.16097,36.14038],[136.16094,36.14081],[136.16119,36.14082],[136.16122,36.14039]]]}},{"type":"Feature","properties":{"pid":"a5c5d104-43a1-4ac4-961d-b88b28fbf65a","full":3.2},"geometry":{"type":"Polygon","coordinates":[[[136.16093,36.14037],[136.16073,36.14037],[136.1607,36.14079],[136.16091,36.1408],[136.16093,36.14037]]]}},{"type":"Feature","properties":{"pid":"e94bb1a5-2b48-49a9-a06e-688ffdd0969c","full":4.5},"geometry":{"type":"Polygon","coordinates":[[[136.16047,36.14035],[136.16022,36.14035],[136.1602,36.14077],[136.16044,36.14078],[136.16047,36.14035]]]}},{"type":"Feature","properties":{"pid":"8a421b17-7793-4ea1-b8b4-a04797935ff1","full":4.6},"geometry":{"type":"Polygon","coordinates":[[[136.16072,36.14037],[136.16047,36.14036],[136.16045,36.14078],[136.1607,36.14079],[136.16072,36.14037]]]}},{"type":"Feature","properties":{"pid":"12536b01-f8c8-439b-84ae-a3cc76672d9a","full":4.9},"geometry":{"type":"Polygon","coordinates":[[[136.1609,36.14084],[136.16065,36.14083],[136.16063,36.14125],[136.16066,36.14125],[136.16065,36.14127],[136.16088,36.14128],[136.1609,36.14084]]]}},{"type":"Feature","properties":{"pid":"7b0a6b7d-5a2e-4691-9460-ac84e62434ab","full":5.2},"geometry":{"type":"Polygon","coordinates":[[[136.16065,36.14083],[136.16039,36.14082],[136.16036,36.14126],[136.16062,36.14127],[136.16065,36.14083]]]}},{"type":"Feature","properties":{"pid":"135baffd-5001-4b7f-aec8-2f99928d1493","full":2.8},"geometry":{"type":"Polygon","coordinates":[[[136.16038,36.14082],[136.16019,36.14081],[136.16016,36.14124],[136.16019,36.14124],[136.16019,36.14126],[136.16036,36.14126],[136.16038,36.14082]]]}},{"type":"Feature","properties":{"pid":"4626d1a2-c3fc-4f84-bee3-a04512f13cbb","full":2.5},"geometry":{"type":"Polygon","coordinates":[[[136.16019,36.14081],[136.16,36.1408],[136.15998,36.14125],[136.16016,36.14125],[136.16019,36.14081]]]}},{"type":"Feature","properties":{"pid":"aabea3e3-ffd0-4027-8650-92ab3a161aef","full":4.0},"geometry":{"type":"Polygon","coordinates":[[[136.15999,36.1408],[136.15977,36.14079],[136.15974,36.14124],[136.15997,36.14125],[136.15999,36.1408]]]}},{"type":"Feature","properties":{"pid":"18c7e83d-a79f-486f-8565-669c090f981d","full":3.4},"geometry":{"type":"Polygon","coordinates":[[[136.15977,36.1408],[136.15956,36.14079],[136.15953,36.14121],[136.15955,36.14121],[136.15955,36.14123],[136.15973,36.14124],[136.15977,36.1408]]]}},{"type":"Feature","properties":{"pid":"5458bbb1-47f7-4446-a9d3-9fa9388e1a33","full":13.8},"geometry":{"type":"Polygon","coordinates":[[[136.1754,36.14341],[136.17461,36.1428],[136.17437,36.14293],[136.17521,36.14358],[136.1754,36.14341]]]}},{"type":"Feature","properties":{"pid":"6cb71c3d-7336-4e16-8dc8-062ff5f719c0","full":11.8},"geometry":{"type":"Polygon","coordinates":[[[136.17445,36.14099],[136.17486,36.14134],[136.17516,36.14109],[136.17514,36.1411],[136.17513,36.14109],[136.17514,36.14107],[136.17479,36.14077],[136.17445,36.14099]]]}},{"type":"Feature","properties":{"pid":"3b13f15f-225a-45ca-ac5f-778fc0cb5682","full":25.3},"geometry":{"type":"Polygon","coordinates":[[[136.17412,36.14122],[136.17485,36.14186],[136.17518,36.14163],[136.17445,36.141],[136.17412,36.14122]]]}},{"type":"Feature","properties":{"pid":"a082a0a7-e111-4c6f-9819-28b0f839592b","full":8.0},"geometry":{"type":"Polygon","coordinates":[[[136.17457,36.14219],[136.1749,36.14197],[136.17462,36.14171],[136.17459,36.14171],[136.1743,36.14194],[136.17457,36.14219]]]}},{"type":"Feature","properties":{"pid":"98444772-3633-40a3-a808-af5bdda14a3c","full":1.0},"geometry":{"type":"Polygon","coordinates":[[[136.17429,36.14194],[136.17459,36.14171],[136.17458,36.1417],[136.17459,36.14168],[136.17451,36.14161],[136.17419,36.14185],[136.17429,36.14194]]]}},{"type":"Feature","properties":{"pid":"d24e0e54-115d-4ec4-b5cc-7c1f99139e89","full":1.3},"geometry":{"type":"Polygon","coordinates":[[[136.17419,36.14185],[136.1745,36.1416],[136.17439,36.14151],[136.17408,36.14176],[136.17419,36.14185]]]}},{"type":"Feature","properties":{"pid":"d891adde-66b6-403c-aa04-fb2201101976","full":13.5},"geometry":{"type":"Polygon","coordinates":[[[136.17413,36.14232],[136.17444,36.14208],[136.174,36.14171],[136.17369,36.14196],[136.17413,36.14232]]]}},{"type":"Feature","properties":{"pid":"ea10c2d0-fe9f-4eed-b7de-aaeb76151e71","full":6.6},"geometry":{"type":"Polygon","coordinates":[[[136.17368,36.14196],[136.174,36.14171],[136.17371,36.14146],[136.1735,36.14158],[136.17351,36.14161],[136.1735,36.14161],[136.17361,36.14171],[136.17349,36.1418],[136.17368,36.14196]]]}},{"type":"Feature","properties":{"pid":"0ef9bcc2-9fc5-4df2-a2c6-8ff9e673a4c9","full":10.1},"geometry":{"type":"Polygon","coordinates":[[[136.17407,36.14175],[136.17439,36.14151],[136.17407,36.14123],[136.17374,36.14144],[136.17374,36.14145],[136.17373,36.14146],[136.17407,36.14175]]]}},{"type":"Feature","properties":{"pid":"d988ce89-f092-499c-a378-f1b5c97da9f8","full":7.3},"geometry":{"type":"Polygon","coordinates":[[[136.17327,36.14217],[136.17358,36.14194],[136.17331,36.14172],[136.17297,36.14192],[136.17327,36.14217]]]}},{"type":"Feature","properties":{"pid":"a70660e1-c5a7-4f77-b91b-5e40e312b0b2","full":7.7},"geometry":{"type":"Polygon","coordinates":[[[136.17218,36.14288],[136.17249,36.14263],[136.17222,36.1424],[136.17191,36.14264],[136.1719,36.14266],[136.17218,36.14288]]]}},{"type":"Feature","properties":{"pid":"68c02343-06a6-4567-a36e-a9f7a178fdb0","full":4.7},"geometry":{"type":"Polygon","coordinates":[[[136.17177,36.14312],[136.17208,36.14287],[136.17189,36.1427],[136.17157,36.14295],[136.17177,36.14312]]]}},{"type":"Feature","properties":{"pid":"d5304e69-325e-48a6-b1f6-b5127c7665ad","full":8.1},"geometry":{"type":"Polygon","coordinates":[[[136.17118,36.14316],[136.17151,36.14291],[136.17157,36.14295],[136.17188,36.1427],[136.17177,36.14259],[136.17176,36.14261],[136.17174,36.1426],[136.17169,36.14261],[136.17099,36.14298],[136.17099,36.14299],[136.17118,36.14316]]]}},{"type":"Feature","properties":{"pid":"58c181dc-ec3b-48f9-a109-ff690828d595","full":6.0},"geometry":{"type":"Polygon","coordinates":[[[136.1703,36.14353],[136.17045,36.14365],[136.1711,36.14315],[136.17097,36.14304],[136.17094,36.14305],[136.17064,36.14329],[136.1706,36.14326],[136.17052,36.14334],[136.17045,36.14339],[136.17038,36.14346],[136.1703,36.14353]]]}},{"type":"Feature","properties":{"pid":"f2551f3f-6133-417b-91de-24e64699edf7","full":1.0},"geometry":{"type":"Polygon","coordinates":[[[136.16995,36.1438],[136.17004,36.14389],[136.17036,36.14363],[136.17026,36.14355],[136.17023,36.14356],[136.16995,36.1438]]]}},{"type":"Feature","properties":{"pid":"fbbae127-1186-4401-8fcb-7eb2308050cf","full":2.6},"geometry":{"type":"Polygon","coordinates":[[[136.17045,36.14365],[136.17056,36.14375],[136.17119,36.14324],[136.17118,36.14323],[136.17119,36.14322],[136.1711,36.14316],[136.17045,36.14365]]]}},{"type":"Feature","properties":{"pid":"8de2db1d-3607-479b-8861-0a19afa6a2c3","full":5.1},"geometry":{"type":"Polygon","coordinates":[[[136.17057,36.14375],[136.17076,36.14392],[136.17077,36.14391],[136.17079,36.14391],[136.1711,36.14367],[136.17088,36.14349],[136.17057,36.14375]]]}},{"type":"Feature","properties":{"pid":"840c061d-9f47-449e-9ce7-0301b3e0a83f","full":1.5},"geometry":{"type":"Polygon","coordinates":[[[136.17133,36.14386],[136.17166,36.14361],[136.17156,36.14353],[136.17154,36.14353],[136.17122,36.14376],[136.17133,36.14386]]]}},{"type":"Feature","properties":{"pid":"e917ed07-356a-43ef-9641-728800f97db1","full":5.0},"geometry":{"type":"Polygon","coordinates":[[[136.17121,36.14376],[136.17154,36.14353],[136.17154,36.14351],[136.17133,36.14334],[136.17102,36.14359],[136.17121,36.14376]]]}},{"type":"Feature","properties":{"pid":"a97b4ab7-b984-4ebc-ab54-ea3ccb521d86","full":1.8},"geometry":{"type":"Polygon","coordinates":[[[136.17121,36.14324],[136.1712,36.14324],[136.17089,36.14349],[136.17102,36.14359],[136.17133,36.14333],[136.17121,36.14324]]]}},{"type":"Feature","properties":{"pid":"bcb2bbc2-da81-471a-99bb-5f0b5b24da9c","full":6.6},"geometry":{"type":"Polygon","coordinates":[[[136.17118,36.14317],[136.17143,36.14337],[136.17176,36.14313],[136.17151,36.14292],[136.17118,36.14317]]]}},{"type":"Feature","properties":{"pid":"4b1f06c4-3f75-4688-8f98-6fe597b6d61e","full":5.3},"geometry":{"type":"Polygon","coordinates":[[[136.172,36.1433],[136.17231,36.14305],[136.17209,36.14287],[136.17178,36.14312],[136.172,36.1433]]]}},{"type":"Feature","properties":{"pid":"f86973a6-f9a4-46e2-b3fb-7cef42a6243f","full":1.1},"geometry":{"type":"Polygon","coordinates":[[[136.1721,36.14339],[136.17243,36.14315],[136.17232,36.14306],[136.172,36.1433],[136.1721,36.14339]]]}},{"type":"Feature","properties":{"pid":"52f07ba1-0d2f-43dc-bf4c-8a7e8111c058","full":11.0},"geometry":{"type":"Polygon","coordinates":[[[136.17177,36.14365],[136.17216,36.14345],[136.17177,36.14313],[136.17144,36.14337],[136.17177,36.14365]]]}},{"type":"Feature","properties":{"pid":"5cc97d9c-d5e1-4fb4-954d-2902505a5db9","full":0.6},"geometry":{"type":"Polygon","coordinates":[[[136.17216,36.14344],[136.17255,36.14326],[136.17243,36.14315],[136.17211,36.14339],[136.17216,36.14344]]]}},{"type":"Feature","properties":{"pid":"4935b4a2-6b73-4057-90c6-b72e18e4aaa9","full":14.3},"geometry":{"type":"Polygon","coordinates":[[[136.17262,36.14323],[136.17299,36.14305],[136.1725,36.14263],[136.17218,36.14288],[136.17262,36.14323]]]}},{"type":"Feature","properties":{"pid":"529b5d77-d725-41ac-80d1-18d4c0e2121e","full":5.3},"geometry":{"type":"Polygon","coordinates":[[[136.17264,36.14274],[136.17285,36.14292],[136.17316,36.14267],[136.17316,36.14266],[136.17296,36.14249],[136.17264,36.14274]]]}},{"type":"Feature","properties":{"pid":"c7c47093-4b2b-4259-b637-9a8e26b1203b","full":0.6},"geometry":{"type":"Polygon","coordinates":[[[136.17254,36.14266],[136.17263,36.14274],[136.17296,36.14248],[136.17293,36.14248],[136.17293,36.14246],[136.17287,36.1424],[136.17254,36.14266]]]}},{"type":"Feature","properties":{"pid":"9e6294ac-0fa1-477a-a6e8-6426c53ab14f","full":5.1},"geometry":{"type":"Polygon","coordinates":[[[136.17219,36.14235],[136.17242,36.14256],[136.17272,36.14231],[136.17271,36.1423],[136.17273,36.14228],[136.17256,36.14215],[136.17219,36.14235]]]}},{"type":"Feature","properties":{"pid":"e8fda913-0197-4bf2-86e8-2cadfc8de4a6","full":1.4},"geometry":{"type":"Polygon","coordinates":[[[136.17275,36.14224],[136.17306,36.14201],[136.17296,36.14193],[136.17261,36.14213],[136.17275,36.14224]]]}},{"type":"Feature","properties":{"pid":"ee65bd5e-0753-44fe-9e8d-6623c3a0085a","full":1.5},"geometry":{"type":"Polygon","coordinates":[[[136.17242,36.14256],[136.17253,36.14265],[136.17286,36.1424],[136.17275,36.14231],[136.17272,36.14232],[136.17242,36.14256]]]}},{"type":"Feature","properties":{"pid":"87591317-d624-4dee-891f-808b1e0d1fe0","full":9.0},"geometry":{"type":"Polygon","coordinates":[[[136.17318,36.1426],[136.17349,36.14236],[136.17317,36.14209],[136.17286,36.14234],[136.17318,36.1426]]]}},{"type":"Feature","properties":{"pid":"ad366d47-be46-492b-9224-dbcccac8aae3","full":1.0},"geometry":{"type":"Polygon","coordinates":[[[136.17286,36.14233],[136.17317,36.14209],[136.17306,36.14201],[136.17275,36.14225],[136.17286,36.14233]]]}},{"type":"Feature","properties":{"pid":"3cc6578a-1ed2-4be9-af00-1be387243b93","full":5.0},"geometry":{"type":"Polygon","coordinates":[[[136.17349,36.14236],[136.17379,36.14213],[136.17358,36.14194],[136.17328,36.14218],[136.17349,36.14236]]]}},{"type":"Feature","properties":{"pid":"3f4e07b3-7ce2-4b6f-af6d-baa35e9fb26c","full":4.2},"geometry":{"type":"Polygon","coordinates":[[[136.173,36.14305],[136.17337,36.14286],[136.17336,36.14283],[136.17317,36.14267],[136.17285,36.14292],[136.173,36.14305]]]}},{"type":"Feature","properties":{"pid":"9f08800a-16e6-416b-8f4b-8f5af08f64b8","full":21.8},"geometry":{"type":"Polygon","coordinates":[[[136.17318,36.14261],[136.17345,36.14284],[136.17388,36.14261],[136.17418,36.14243],[136.1738,36.14213],[136.17318,36.14261]]]}},{"type":"Feature","properties":{"pid":"05b0e2c2-9df7-4c1e-9f6f-6ce8493bfc46","full":1.5},"geometry":{"type":"Polygon","coordinates":[[[136.17422,36.14241],[136.17437,36.14233],[136.17457,36.1422],[136.17444,36.14208],[136.17413,36.14233],[136.17422,36.14241]]]}},{"type":"Feature","properties":{"pid":"1f795cd8-b26d-4ace-be6e-9dae42cc089f","full":17.3},"geometry":{"type":"Polygon","coordinates":[[[136.17471,36.14365],[136.17516,36.14361],[136.17433,36.14298],[136.17431,36.14297],[136.17403,36.14313],[136.17471,36.14365]]]}},{"type":"Feature","properties":{"pid":"2f6901ac-d7c0-4a22-925c-a777c2dacd74","full":18.5},"geometry":{"type":"Polygon","coordinates":[[[136.17403,36.14313],[136.17366,36.14332],[136.17424,36.14377],[136.17446,36.14369],[136.17455,36.14367],[136.1747,36.14365],[136.17403,36.14313]]]}},{"type":"Feature","properties":{"pid":"258c9e16-2a4f-476d-b18d-33c0f66f3f23","full":36.2},"geometry":{"type":"Polygon","coordinates":[[[136.17297,36.14366],[136.17352,36.14409],[136.17424,36.14378],[136.17365,36.14332],[136.17297,36.14366]]]}},{"type":"Feature","properties":{"pid":"12b810cc-d9eb-40cc-a1ad-8c0073a8226c","full":2.6},"geometry":{"type":"Polygon","coordinates":[[[136.17447,36.14406],[136.17452,36.14377],[136.17429,36.14386],[136.17395,36.14401],[136.17447,36.14406]]]}},{"type":"Feature","properties":{"pid":"34a9c368-3ea5-4635-a2a8-8f109a9b8f6c","full":41.9},"geometry":{"type":"Polygon","coordinates":[[[136.17394,36.14402],[136.1734,36.14426],[136.17345,36.1446],[136.17438,36.14469],[136.17447,36.14407],[136.17394,36.14402]]]}},{"type":"Feature","properties":{"pid":"8f41f22a-909d-425d-b2b6-cc8ef1431cf3","full":40.6},"geometry":{"type":"Polygon","coordinates":[[[136.17436,36.1454],[136.1752,36.14548],[136.17529,36.14484],[136.17446,36.14476],[136.17436,36.1454]]]}},{"type":"Feature","properties":{"pid":"094f7873-b054-4882-bc44-f4a990ea5dd5","full":7.1},"geometry":{"type":"Polygon","coordinates":[[[136.17436,36.14542],[136.17433,36.14559],[136.17517,36.14567],[136.1752,36.14548],[136.17438,36.14541],[136.17438,36.14542],[136.17436,36.14542]]]}},{"type":"Feature","properties":{"pid":"015b2295-3bd2-413b-ae87-e52049b202c3","full":11.0},"geometry":{"type":"Polygon","coordinates":[[[136.17421,36.14571],[136.17421,36.1457],[136.17423,36.1457],[136.17427,36.14543],[136.17355,36.14536],[136.17359,36.14565],[136.17421,36.14571]]]}},{"type":"Feature","properties":{"pid":"f1a8e5e0-d2d8-46a7-9358-10455d1d93d6","full":41.7},"geometry":{"type":"Polygon","coordinates":[[[136.17355,36.14536],[136.17427,36.14543],[136.17437,36.14475],[136.17346,36.14466],[136.17355,36.14536]]]}},{"type":"Feature","properties":{"pid":"85eaa85a-21e9-4c8d-a872-088b0b434884","full":8.0},"geometry":{"type":"Polygon","coordinates":[[[136.17342,36.145],[136.17339,36.14479],[136.17263,36.14483],[136.17264,36.14504],[136.17342,36.145]]]}},{"type":"Feature","properties":{"pid":"9218b58e-c2fe-4aa4-b7d8-4795a10c5801","full":7.1},"geometry":{"type":"Polygon","coordinates":[[[136.17345,36.14519],[136.17342,36.145],[136.17264,36.14505],[136.17266,36.14524],[136.17345,36.14519]]]}},{"type":"Feature","properties":{"pid":"7312fc27-4e07-467a-b943-67b53386ac30","full":12.0},"geometry":{"type":"Polygon","coordinates":[[[136.1727,36.14568],[136.1735,36.14563],[136.17347,36.14537],[136.17268,36.14541],[136.1727,36.14568]]]}},{"type":"Feature","properties":{"pid":"32e39f6f-bca8-46b6-a2ab-6c90dda535ec","full":5.0},"geometry":{"type":"Polygon","coordinates":[[[136.17347,36.14536],[136.17344,36.1452],[136.17266,36.14525],[136.17268,36.14541],[136.17347,36.14536]]]}},{"type":"Feature","properties":{"pid":"7cf087ff-622c-481a-b497-cf78100f71e5","full":10.0},"geometry":{"type":"Polygon","coordinates":[[[136.17261,36.14474],[136.17338,36.1447],[136.17333,36.14434],[136.17302,36.14448],[136.17285,36.14453],[136.17277,36.14452],[136.17264,36.14448],[136.17258,36.14447],[136.17261,36.14474]]]}},{"type":"Feature","properties":{"pid":"5275a7c3-a986-40b1-a503-993c506b6ccf","full":22.1},"geometry":{"type":"Polygon","coordinates":[[[136.17301,36.14431],[136.17351,36.1441],[136.17297,36.14367],[136.17295,36.14368],[136.17294,36.14367],[136.17248,36.1439],[136.17301,36.14431]]]}},{"type":"Feature","properties":{"pid":"cbfd2d8f-3820-4331-b66d-437e1f7bc6ad","full":2.8},"geometry":{"type":"Polygon","coordinates":[[[136.17248,36.14391],[136.17247,36.14392],[136.17246,36.1439],[136.17232,36.14397],[136.1728,36.14435],[136.17288,36.14434],[136.17301,36.14431],[136.17248,36.14391]]]}},{"type":"Feature","properties":{"pid":"c189b21c-c61e-4c6d-a630-13a53fbb2c06","full":1.9},"geometry":{"type":"Polygon","coordinates":[[[136.17217,36.14404],[136.17257,36.14435],[136.17267,36.14436],[136.17279,36.14435],[136.17232,36.14398],[136.17231,36.14398],[136.1723,36.14398],[136.17217,36.14404]]]}},{"type":"Feature","properties":{"pid":"b262b165-fc0f-44b8-b9bd-c1b5ab61b874","full":0.5},"geometry":{"type":"Polygon","coordinates":[[[136.17257,36.14436],[136.17216,36.14404],[136.17205,36.1441],[136.17237,36.14435],[136.17257,36.14436]]]}},{"type":"Feature","properties":{"pid":"227eb87a-4f02-4660-8c4f-f0db8236bdce","full":4.5},"geometry":{"type":"Polygon","coordinates":[[[136.17206,36.14412],[136.17205,36.14413],[136.17203,36.14411],[136.17177,36.14426],[136.17197,36.14442],[136.17221,36.14439],[136.17237,36.14439],[136.17237,36.14436],[136.17206,36.14412]]]}},{"type":"Feature","properties":{"pid":"1ec4d076-2108-465c-a7b4-7700500619a4","full":6.7},"geometry":{"type":"Polygon","coordinates":[[[136.17101,36.14413],[136.17135,36.14389],[136.1711,36.14367],[136.17079,36.14392],[136.17079,36.14393],[136.17078,36.14394],[136.17101,36.14413]]]}},{"type":"Feature","properties":{"pid":"b028bd83-da32-4945-bada-5bead0ff5c60","full":5.0},"geometry":{"type":"Polygon","coordinates":[[[136.17072,36.14436],[136.17097,36.14414],[136.17074,36.14394],[136.17047,36.14415],[136.17072,36.14436]]]}},{"type":"Feature","properties":{"pid":"ef6cd6ac-942d-454c-bee7-8629d4259cf7","full":23.9},"geometry":{"type":"Polygon","coordinates":[[[136.16973,36.14415],[136.17004,36.14441],[136.17036,36.14416],[136.17041,36.14419],[136.17071,36.14396],[136.1707,36.14394],[136.17071,36.14392],[136.17036,36.14363],[136.16973,36.14415]]]}},{"type":"Feature","properties":{"pid":"a94f1da4-750d-4cb7-95d6-c026ca0c2bb3","full":10.4},"geometry":{"type":"Polygon","coordinates":[[[136.1703,36.14463],[136.17048,36.14458],[136.17072,36.14436],[136.17047,36.14415],[136.17041,36.1442],[136.17036,36.14417],[136.17004,36.14441],[136.1703,36.14463]]]}},{"type":"Feature","properties":{"pid":"8698a497-014f-4d62-aaaf-36d71b948480","full":6.0},"geometry":{"type":"Polygon","coordinates":[[[136.1698,36.14475],[136.1701,36.14452],[136.16986,36.14431],[136.16955,36.14455],[136.1698,36.14475]]]}},{"type":"Feature","properties":{"pid":"4dc632b0-77fa-4067-b268-aa8ae7f572b1","full":16.2},"geometry":{"type":"Polygon","coordinates":[[[136.17261,36.14514],[136.17199,36.14518],[136.172,36.14529],[136.17201,36.14529],[136.17204,36.14559],[136.17264,36.14555],[136.17261,36.14514]]]}},{"type":"Feature","properties":{"pid":"fc100011-5cda-401b-9900-825548e68ba2","full":3.7},"geometry":{"type":"Polygon","coordinates":[[[136.17204,36.1458],[136.17203,36.14564],[136.17143,36.14567],[136.17144,36.14584],[136.17204,36.1458]]]}},{"type":"Feature","properties":{"pid":"4b80dfd2-fe96-4a33-ab13-b6d6d434e8cf","full":3.6},"geometry":{"type":"Polygon","coordinates":[[[136.17206,36.14597],[136.17204,36.14581],[136.17144,36.14584],[136.17145,36.14601],[136.17206,36.14597]]]}},{"type":"Feature","properties":{"pid":"1b0ca385-8d50-4774-ac28-dc13b957a070","full":11.7},"geometry":{"type":"Polygon","coordinates":[[[136.17209,36.1463],[136.17205,36.14598],[136.17145,36.14601],[136.17149,36.14634],[136.17209,36.1463]]]}},{"type":"Feature","properties":{"pid":"4297b395-bd92-4847-a514-c3c4647ecdef","full":1.3},"geometry":{"type":"Polygon","coordinates":[[[136.17101,36.14637],[136.17101,36.14639],[136.17122,36.14649],[136.17142,36.14656],[136.17145,36.14657],[136.17144,36.14635],[136.17101,36.14637]]]}},{"type":"Feature","properties":{"pid":"999662f6-c7db-4ba4-a012-84678a35d777","full":7.7},"geometry":{"type":"Polygon","coordinates":[[[136.17144,36.14626],[136.17142,36.14601],[136.17081,36.14605],[136.17083,36.14629],[136.17144,36.14626]]]}},{"type":"Feature","properties":{"pid":"e0a8030b-5e14-46a2-ab75-4651c7756075","full":7.6},"geometry":{"type":"Polygon","coordinates":[[[136.17142,36.14601],[136.17139,36.14577],[136.17079,36.1458],[136.17081,36.14605],[136.17142,36.14601]]]}},{"type":"Feature","properties":{"pid":"f20c5755-6054-4edd-a9d7-fc4e4953e452","full":1.8},"geometry":{"type":"Polygon","coordinates":[[[136.17033,36.14599],[136.17078,36.14597],[136.17076,36.14581],[136.17045,36.14583],[136.17033,36.14599]]]}},{"type":"Feature","properties":{"pid":"04761e34-ed3c-4afa-b884-492e3bc6442c","full":2.3},"geometry":{"type":"Polygon","coordinates":[[[136.17028,36.14608],[136.17041,36.14615],[136.1708,36.14612],[136.17078,36.14597],[136.17033,36.146],[136.17028,36.14608]]]}},{"type":"Feature","properties":{"pid":"8943b737-80d9-4ef1-b704-92e05489271f","full":1.0},"geometry":{"type":"Polygon","coordinates":[[[136.17088,36.14687],[136.17149,36.14683],[136.17148,36.14682],[136.17087,36.14669],[136.17088,36.14687]]]}},{"type":"Feature","properties":{"pid":"f6003bbc-75a6-4a54-ae35-9c45aa0cace5","full":10.4},"geometry":{"type":"Polygon","coordinates":[[[136.17149,36.14634],[136.17151,36.14659],[136.17168,36.14664],[136.17212,36.14662],[136.17209,36.14631],[136.17149,36.14634]]]}},{"type":"Feature","properties":{"pid":"a6c1d8ce-ac3f-494c-9b24-9179df4a86e9","full":11.8},"geometry":{"type":"Polygon","coordinates":[[[136.17261,36.14744],[136.17256,36.14695],[136.17216,36.14698],[136.1722,36.14747],[136.17261,36.14744]]]}},{"type":"Feature","properties":{"pid":"c317391f-5af2-4beb-9e49-dc829eda47b7","full":4.1},"geometry":{"type":"Polygon","coordinates":[[[136.1728,36.14682],[136.17298,36.14683],[136.17321,36.1468],[136.17366,36.14674],[136.17365,36.14663],[136.1728,36.14668],[136.17279,36.1467],[136.1728,36.14682]]]}},{"type":"Feature","properties":{"pid":"6f5aaf5b-97eb-4a61-8da4-8e31bfd94557","full":5.6},"geometry":{"type":"Polygon","coordinates":[[[136.17364,36.14662],[136.17362,36.14646],[136.17278,36.14651],[136.17279,36.14667],[136.17364,36.14662]]]}},{"type":"Feature","properties":{"pid":"4eb3fecb-352c-4ce4-8d98-4368f62ca0f0","full":7.4},"geometry":{"type":"Polygon","coordinates":[[[136.17213,36.14639],[136.17215,36.14663],[136.17274,36.1466],[136.17271,36.14635],[136.17213,36.14639]]]}},{"type":"Feature","properties":{"pid":"e10eb48c-c4a5-4f4c-ba17-9e38c16f766f","full":27.1},"geometry":{"type":"Polygon","coordinates":[[[136.17207,36.14572],[136.17213,36.14639],[136.17272,36.14635],[136.17266,36.14569],[136.17207,36.14572]]]}},{"type":"Feature","properties":{"pid":"c5b269dc-f2fc-411d-9b87-8ae02254f11c","full":4.2},"geometry":{"type":"Polygon","coordinates":[[[136.17355,36.14596],[136.17353,36.14581],[136.17271,36.14586],[136.17273,36.14601],[136.17355,36.14596]]]}},{"type":"Feature","properties":{"pid":"43377490-4c64-4f6a-95e5-35ac6073efc5","full":6.0},"geometry":{"type":"Polygon","coordinates":[[[136.17353,36.14581],[136.1735,36.14564],[136.1727,36.14568],[136.17271,36.14586],[136.17353,36.14581]]]}},{"type":"Feature","properties":{"pid":"26133a1c-f5b7-4f80-9b15-8a8443cf9b57","full":4.6},"geometry":{"type":"Polygon","coordinates":[[[136.1736,36.14629],[136.17358,36.14614],[136.17275,36.14619],[136.17276,36.14634],[136.1736,36.14629]]]}},{"type":"Feature","properties":{"pid":"ea2b9503-7ccf-42d4-ab2b-878ff6785482","full":4.6},"geometry":{"type":"Polygon","coordinates":[[[136.17362,36.14645],[136.1736,36.1463],[136.17276,36.14635],[136.17278,36.1465],[136.17362,36.14645]]]}},{"type":"Feature","properties":{"pid":"9dae7d53-3393-4ce9-a79f-e357888bee5f","full":9.2},"geometry":{"type":"Polygon","coordinates":[[[136.17359,36.14566],[136.17363,36.14594],[136.17418,36.146],[136.17422,36.14573],[136.1742,36.14573],[136.17421,36.14572],[136.17359,36.14566]]]}},{"type":"Feature","properties":{"pid":"6874a73b-dc49-4b89-af0d-b62a6d5c79e4","full":29.6},"geometry":{"type":"Polygon","coordinates":[[[136.17433,36.14561],[136.17425,36.14609],[136.17509,36.14617],[136.17517,36.14567],[136.17435,36.1456],[136.17435,36.14561],[136.17433,36.14561]]]}},{"type":"Feature","properties":{"pid":"021f604b-8606-4936-b1ad-3115a14c18fb","full":24.6},"geometry":{"type":"Polygon","coordinates":[[[136.17426,36.1461],[136.17422,36.1464],[136.1743,36.14658],[136.17429,36.14664],[136.17505,36.14649],[136.17509,36.14617],[136.17428,36.1461],[136.17428,36.14611],[136.17426,36.1461]]]}},{"type":"Feature","properties":{"pid":"e21a0083-749c-4cd4-8cfc-95fbb030acbd","full":8.0},"geometry":{"type":"Polygon","coordinates":[[[136.17433,36.1468],[136.17451,36.1469],[136.17491,36.14695],[136.17503,36.1466],[136.17499,36.1466],[136.17433,36.14672],[136.17437,36.14676],[136.17433,36.1468]]]}},{"type":"Feature","properties":{"pid":"6af06ff1-7837-4df0-a9e2-a710bd14a732","full":7.5},"geometry":{"type":"Polygon","coordinates":[[[136.17479,36.14734],[136.17491,36.14696],[136.17451,36.14691],[136.17436,36.14711],[136.17479,36.14734]]]}},{"type":"Feature","properties":{"pid":"08bd92b5-f3a8-4b7d-92cf-7e491cb1a8f0","full":69.3},"geometry":{"type":"Polygon","coordinates":[[[136.17546,36.14368],[136.17459,36.14375],[136.17445,36.1447],[136.1753,36.14478],[136.17546,36.14368]]]}},{"type":"Feature","properties":{"pid":"41b53614-38aa-46b1-b1b4-07293ba46ef5","full":22.9},"geometry":{"type":"Polygon","coordinates":[[[136.1753,36.15618],[136.17492,36.15632],[136.1748,36.15635],[136.17466,36.15636],[136.17463,36.15646],[136.17462,36.15654],[136.17463,36.1566],[136.17466,36.15681],[136.17541,36.15669],[136.1753,36.15618]]]}},{"type":"Feature","properties":{"pid":"9d729cfb-cce2-456e-822d-38c585646833","full":1.5},"geometry":{"type":"Polygon","coordinates":[[[136.16964,36.15704],[136.17069,36.15704],[136.17069,36.15693],[136.16964,36.15694],[136.16964,36.15704]]]}},{"type":"Feature","properties":{"pid":"0a163e59-deab-40f5-b90c-cd1c6b49c45e","full":22.1},"geometry":{"type":"Polygon","coordinates":[[[136.17077,36.15694],[136.17078,36.15725],[136.17189,36.15724],[136.17189,36.15693],[136.17077,36.15694]]]}},{"type":"Feature","properties":{"pid":"537485b3-6d4d-4466-9c01-bfcb737a3603","full":40.9},"geometry":{"type":"Polygon","coordinates":[[[136.17076,36.15643],[136.17078,36.15693],[136.17189,36.15692],[136.17188,36.15642],[136.17076,36.15643]]]}},{"type":"Feature","properties":{"pid":"a0e3d43b-20cd-4ce0-a10f-6904c52a7975","full":31.4},"geometry":{"type":"Polygon","coordinates":[[[136.17077,36.15602],[136.17076,36.15642],[136.17188,36.15642],[136.17187,36.15601],[136.17077,36.15602]]]}},{"type":"Feature","properties":{"pid":"14488aa1-8475-4238-bcf5-3446d9eaee3b","full":8.3},"geometry":{"type":"Polygon","coordinates":[[[136.17195,36.15728],[136.17304,36.15727],[136.17305,36.15725],[136.17307,36.15724],[136.17306,36.1571],[136.17195,36.15711],[136.17195,36.15728]]]}},{"type":"Feature","properties":{"pid":"4ad8e305-5715-4638-b9e8-b8536eb7d64e","full":33.9},"geometry":{"type":"Polygon","coordinates":[[[136.17194,36.15667],[136.17195,36.1571],[136.17305,36.1571],[136.17305,36.15708],[136.17307,36.15708],[136.17305,36.15667],[136.17194,36.15667]]]}},{"type":"Feature","properties":{"pid":"620c0aa5-e5d3-421b-a249-66a029bfe5c9","full":17.4},"geometry":{"type":"Polygon","coordinates":[[[136.17194,36.15667],[136.17304,36.15666],[136.17304,36.15664],[136.17306,36.15664],[136.17305,36.1564],[136.17194,36.15641],[136.17194,36.15667]]]}},{"type":"Feature","properties":{"pid":"fadd4ec5-8465-4480-9f94-7ab01efb69d9","full":57.0},"geometry":{"type":"Polygon","coordinates":[[[136.17305,36.15639],[136.17305,36.15595],[136.17303,36.15594],[136.17303,36.1559],[136.17193,36.15557],[136.17194,36.1564],[136.17305,36.15639]]]}},{"type":"Feature","properties":{"pid":"634ea671-a871-4aed-9db0-ea68c1c4ea35","full":12.6},"geometry":{"type":"Polygon","coordinates":[[[136.17395,36.15561],[136.17394,36.15557],[136.17332,36.15557],[136.17331,36.15581],[136.17394,36.15599],[136.17394,36.15598],[136.17395,36.15598],[136.17395,36.15561]]]}},{"type":"Feature","properties":{"pid":"e8d166c9-4824-4fb4-b83a-d540b9ea7fcc","full":43.3},"geometry":{"type":"Polygon","coordinates":[[[136.17473,36.15514],[136.17471,36.15512],[136.17405,36.15513],[136.17403,36.15516],[136.17405,36.15603],[136.17455,36.15617],[136.17473,36.15514]]]}},{"type":"Feature","properties":{"pid":"53604d47-0c86-4714-8bdb-73746958b0e8","full":23.7},"geometry":{"type":"Polygon","coordinates":[[[136.17346,36.1555],[136.17393,36.1555],[136.17393,36.15549],[136.17394,36.15548],[136.17393,36.15477],[136.17345,36.15477],[136.17346,36.1555]]]}},{"type":"Feature","properties":{"pid":"d1df6e65-7a63-4226-9a6c-c1e972c80453","full":22.7},"geometry":{"type":"Polygon","coordinates":[[[136.17345,36.1555],[136.17344,36.15477],[136.17297,36.15478],[136.17298,36.1555],[136.17345,36.1555]]]}},{"type":"Feature","properties":{"pid":"8f413d49-232b-4919-9e31-51e6b9b4ec8c","full":23.2},"geometry":{"type":"Polygon","coordinates":[[[136.17297,36.15478],[136.17248,36.15478],[136.1725,36.15548],[136.17253,36.15548],[136.17253,36.1555],[136.17298,36.1555],[136.17297,36.15478]]]}},{"type":"Feature","properties":{"pid":"32bc5a53-b6da-46ce-aa3e-4e18b75522ab","full":17.1},"geometry":{"type":"Polygon","coordinates":[[[136.17163,36.15479],[136.17099,36.15479],[136.171,36.15513],[136.17163,36.15529],[136.17163,36.15479]]]}},{"type":"Feature","properties":{"pid":"39672252-5ac1-4abc-9d98-6e6be4a4693e","full":36.5},"geometry":{"type":"Polygon","coordinates":[[[136.17163,36.15479],[136.17163,36.1553],[136.17236,36.15551],[136.17241,36.1555],[136.17241,36.15549],[136.17244,36.15549],[136.17243,36.15478],[136.17163,36.15479]]]}},{"type":"Feature","properties":{"pid":"effe28da-e0a6-4564-b2e4-7dd15da16810","full":51.6},"geometry":{"type":"Polygon","coordinates":[[[136.17076,36.15599],[136.17078,36.15599],[136.17079,36.15602],[136.17187,36.156],[136.17187,36.15556],[136.17107,36.15533],[136.17082,36.15528],[136.17075,36.15528],[136.17076,36.15599]]]}},{"type":"Feature","properties":{"pid":"823c0af1-651b-4afe-9949-0b75171ca279","full":59.7},"geometry":{"type":"Polygon","coordinates":[[[136.16962,36.15579],[136.16964,36.15652],[136.17069,36.15651],[136.17068,36.15578],[136.16962,36.15579]]]}},{"type":"Feature","properties":{"pid":"c2120eda-1a44-441b-8fc7-733a0f2d615b","full":15.2},"geometry":{"type":"Polygon","coordinates":[[[136.16959,36.1555],[136.17069,36.15549],[136.17068,36.15532],[136.17063,36.15532],[136.17063,36.15527],[136.16956,36.15524],[136.16957,36.1554],[136.16959,36.1555]]]}},{"type":"Feature","properties":{"pid":"c54763bb-3570-49a6-9cdc-f44dc0bf32f3","full":14.7},"geometry":{"type":"Polygon","coordinates":[[[136.17098,36.15479],[136.17021,36.1548],[136.17009,36.15504],[136.17015,36.15504],[136.17015,36.15507],[136.17052,36.15508],[136.17075,36.1551],[136.17099,36.15513],[136.17098,36.15479]]]}},{"type":"Feature","properties":{"pid":"c20290c3-82f6-4e71-b2b9-d7ac5a0ee720","full":25.7},"geometry":{"type":"Polygon","coordinates":[[[136.17011,36.15485],[136.17031,36.15443],[136.16955,36.1542],[136.16954,36.15422],[136.16951,36.15421],[136.1694,36.15451],[136.16938,36.15463],[136.17011,36.15485]]]}},{"type":"Feature","properties":{"pid":"dd5f80c9-0b95-40a5-a760-1501f1995f42","full":30.5},"geometry":{"type":"Polygon","coordinates":[[[136.16953,36.15419],[136.1703,36.15442],[136.17053,36.15393],[136.16976,36.1537],[136.16953,36.15419]]]}},{"type":"Feature","properties":{"pid":"af44d838-70a2-47a2-a67d-92e7c9f8f15e","full":10.9},"geometry":{"type":"Polygon","coordinates":[[[136.17053,36.15393],[136.17063,36.15369],[136.16987,36.15347],[136.16987,36.15349],[136.16985,36.15349],[136.16976,36.15369],[136.17053,36.15393]]]}},{"type":"Feature","properties":{"pid":"1c32e455-0b6a-407e-bdb5-9f10c13d8585","full":23.7},"geometry":{"type":"Polygon","coordinates":[[[136.17122,36.15327],[136.17089,36.15328],[136.17058,36.15401],[136.17123,36.154],[136.17122,36.15327]]]}},{"type":"Feature","properties":{"pid":"a3e31c40-e785-4ce4-bc42-f551ba14acad","full":36.9},"geometry":{"type":"Polygon","coordinates":[[[136.17112,36.15475],[136.17111,36.15406],[136.17053,36.15407],[136.17022,36.15475],[136.17112,36.15475]]]}},{"type":"Feature","properties":{"pid":"f8561cbf-931c-44a0-bb75-f436c58a03f6","full":50.3},"geometry":{"type":"Polygon","coordinates":[[[136.17113,36.15475],[136.17209,36.15475],[136.17208,36.15408],[136.17206,36.15408],[136.17207,36.15406],[136.17112,36.15406],[136.17113,36.15475]]]}},{"type":"Feature","properties":{"pid":"3f844add-81db-4456-b6e3-72812228ad55","full":8.1},"geometry":{"type":"Polygon","coordinates":[[[136.17218,36.15474],[136.17243,36.15474],[136.17242,36.15406],[136.17218,36.15406],[136.17218,36.15474]]]}},{"type":"Feature","properties":{"pid":"957a5b24-5344-4999-9c92-f655b25fdf7f","full":28.0},"geometry":{"type":"Polygon","coordinates":[[[136.17189,36.154],[136.17242,36.15399],[136.17241,36.15326],[136.17187,36.15327],[136.17186,36.15398],[136.17189,36.15398],[136.17189,36.154]]]}},{"type":"Feature","properties":{"pid":"1cd046b2-d3d3-42f6-bc58-00afbfd58fdc","full":32.6},"geometry":{"type":"Polygon","coordinates":[[[136.17186,36.15327],[136.17123,36.15328],[136.17124,36.15398],[136.17125,36.15398],[136.17126,36.154],[136.17185,36.154],[136.17186,36.15327]]]}},{"type":"Feature","properties":{"pid":"f4b29d27-5a7b-4f03-b189-39452d618af1","full":37.5},"geometry":{"type":"Polygon","coordinates":[[[136.17175,36.15322],[136.17241,36.15322],[136.1724,36.15247],[136.17239,36.15247],[136.17238,36.15245],[136.17174,36.15246],[136.17175,36.15322]]]}},{"type":"Feature","properties":{"pid":"a67f90ac-daa4-47c9-abe0-5a3835ecd8ec","full":36.1},"geometry":{"type":"Polygon","coordinates":[[[136.17172,36.15248],[136.17171,36.15248],[136.17171,36.15245],[136.17126,36.15246],[136.17091,36.15324],[136.17174,36.15323],[136.17172,36.15248]]]}},{"type":"Feature","properties":{"pid":"b36df095-9d4f-4059-a2b4-a457c86f3625","full":39.6},"geometry":{"type":"Polygon","coordinates":[[[136.16986,36.15346],[136.17063,36.15369],[136.17091,36.15308],[136.17014,36.15285],[136.16986,36.15346]]]}},{"type":"Feature","properties":{"pid":"b37b993c-ebff-4fb6-8da1-662bbfeed7f8","full":41.6},"geometry":{"type":"Polygon","coordinates":[[[136.17014,36.15284],[136.17091,36.15308],[136.1712,36.15244],[136.17044,36.15221],[136.17014,36.15284]]]}},{"type":"Feature","properties":{"pid":"50b45624-7251-4293-a88f-08e98fde6be2","full":27.2},"geometry":{"type":"Polygon","coordinates":[[[136.17066,36.15171],[136.17045,36.15216],[136.17122,36.15239],[136.17142,36.15194],[136.17066,36.15171]]]}},{"type":"Feature","properties":{"pid":"5103f5a0-ac20-4cb6-b1d8-fd66511ffd48","full":24.6},"geometry":{"type":"Polygon","coordinates":[[[136.1692,36.15205],[136.17023,36.15236],[136.17037,36.15204],[136.16934,36.15173],[136.1692,36.15205]]]}},{"type":"Feature","properties":{"pid":"baa83e3c-7726-4267-89b6-00c4361955b6","full":45.9},"geometry":{"type":"Polygon","coordinates":[[[136.16958,36.15121],[136.16935,36.15172],[136.17039,36.15204],[136.17062,36.15152],[136.16958,36.15121]]]}},{"type":"Feature","properties":{"pid":"0def6a8e-13e4-4cb9-b858-27eea9860db6","full":7.0},"geometry":{"type":"Polygon","coordinates":[[[136.1697,36.15096],[136.17073,36.15127],[136.1708,36.15111],[136.17086,36.151],[136.17094,36.15088],[136.17088,36.15085],[136.1706,36.15097],[136.17022,36.151],[136.17013,36.151],[136.16972,36.15091],[136.1697,36.15096]]]}},{"type":"Feature","properties":{"pid":"bd713fdf-55a9-40b3-a50e-42af7b503915","full":15.9},"geometry":{"type":"Polygon","coordinates":[[[136.16959,36.15121],[136.17062,36.15151],[136.17072,36.15127],[136.1697,36.15096],[136.16959,36.15121]]]}},{"type":"Feature","properties":{"pid":"7e19dbcf-501a-4d58-918d-fe11266da7a0","full":27.9},"geometry":{"type":"Polygon","coordinates":[[[136.17143,36.15193],[136.17164,36.15148],[136.17087,36.15125],[136.17066,36.15171],[136.17143,36.15193]]]}},{"type":"Feature","properties":{"pid":"9acfc6e5-4810-49c3-8274-dd526fec0eb0","full":32.8},"geometry":{"type":"Polygon","coordinates":[[[136.17164,36.15147],[136.17181,36.15112],[136.17166,36.15102],[136.17175,36.15089],[136.17173,36.15088],[136.17175,36.15085],[136.17143,36.15067],[136.17137,36.15069],[136.17123,36.15078],[136.1711,36.15088],[136.17099,36.15101],[136.17094,36.15109],[136.17087,36.15124],[136.17164,36.15147]]]}},{"type":"Feature","properties":{"pid":"8af1b443-e741-4555-a12f-c0b9818d7f5c","full":17.8},"geometry":{"type":"Polygon","coordinates":[[[136.17217,36.15168],[136.17216,36.15095],[136.17213,36.15095],[136.17213,36.15094],[136.17194,36.15094],[136.17161,36.15168],[136.17217,36.15168]]]}},{"type":"Feature","properties":{"pid":"c31bf7cc-34f3-454c-9ea5-87b2a9e7986c","full":8.0},"geometry":{"type":"Polygon","coordinates":[[[136.1724,36.15093],[136.17219,36.15093],[136.17219,36.15095],[136.17217,36.15095],[136.17217,36.15168],[136.17241,36.15168],[136.1724,36.15093]]]}},{"type":"Feature","properties":{"pid":"939a052b-fa40-4846-83cb-9df5e7645ab4","full":14.6},"geometry":{"type":"Polygon","coordinates":[[[136.17212,36.15174],[136.17214,36.15237],[136.17216,36.15237],[136.17216,36.15239],[136.1725,36.15239],[136.17249,36.15173],[136.17212,36.15174]]]}},{"type":"Feature","properties":{"pid":"6656d996-0f3d-40f9-a4c3-595d39625f4d","full":31.4},"geometry":{"type":"Polygon","coordinates":[[[136.17213,36.15239],[136.17211,36.15174],[136.17159,36.15174],[136.17133,36.15231],[136.17134,36.15239],[136.17213,36.15239]]]}},{"type":"Feature","properties":{"pid":"76bd1caf-d9b2-47a6-9ea5-fbe224c62b56","full":5.8},"geometry":{"type":"Polygon","coordinates":[[[136.17299,36.15238],[136.1732,36.15238],[136.1732,36.15173],[136.17298,36.15173],[136.17299,36.15238]]]}},{"type":"Feature","properties":{"pid":"c88293a8-de89-42d4-a6f7-e4a9e7477454","full":23.4},"geometry":{"type":"Polygon","coordinates":[[[136.17323,36.15238],[136.1739,36.15237],[136.17381,36.15211],[136.17367,36.15194],[136.17353,36.15173],[136.1732,36.15173],[136.17321,36.15235],[136.17323,36.15236],[136.17323,36.15238]]]}},{"type":"Feature","properties":{"pid":"ac7bb2f0-3284-46c2-901b-c5604166c5c5","full":20.0},"geometry":{"type":"Polygon","coordinates":[[[136.1725,36.15173],[136.17251,36.15237],[136.17254,36.15237],[136.17253,36.15238],[136.17298,36.15238],[136.17297,36.15173],[136.1725,36.15173]]]}},{"type":"Feature","properties":{"pid":"bcb4ee3d-4bd2-4348-b839-e1b4c14f6c7f","full":40.7},"geometry":{"type":"Polygon","coordinates":[[[136.17242,36.15168],[136.17315,36.15168],[136.17315,36.15095],[136.17313,36.15095],[136.17313,36.15093],[136.17241,36.15094],[136.17242,36.15168]]]}},{"type":"Feature","properties":{"pid":"8dd3a337-a23f-405d-a3eb-b763b2932259","full":17.9},"geometry":{"type":"Polygon","coordinates":[[[136.17343,36.15114],[136.17362,36.15169],[136.17402,36.15173],[136.17408,36.1512],[136.17343,36.15114]]]}},{"type":"Feature","properties":{"pid":"0008ac2f-05a8-4703-874d-9f2011d833d3","full":6.1},"geometry":{"type":"Polygon","coordinates":[[[136.17337,36.15095],[136.17343,36.15114],[136.17408,36.1512],[136.17411,36.15101],[136.17339,36.15094],[136.17339,36.15095],[136.17337,36.15095]]]}},{"type":"Feature","properties":{"pid":"0a7ddad5-e4e1-456d-9168-bf5677751877","full":51.1},"geometry":{"type":"Polygon","coordinates":[[[136.1741,36.15152],[136.17518,36.15162],[136.17527,36.15104],[136.17524,36.15104],[136.17524,36.15102],[136.17419,36.15091],[136.1741,36.15152]]]}},{"type":"Feature","properties":{"pid":"f001d11c-d820-44db-ab89-e41e96875141","full":39.7},"geometry":{"type":"Polygon","coordinates":[[[136.1741,36.15153],[136.17406,36.15177],[136.17363,36.15173],[136.17379,36.15196],[136.17511,36.15208],[136.17518,36.15163],[136.1741,36.15153]]]}},{"type":"Feature","properties":{"pid":"eb5393d7-ab0c-4c5a-ba31-9887c4ce2adf","full":5.6},"geometry":{"type":"Polygon","coordinates":[[[136.17443,36.15267],[136.17419,36.15244],[136.17398,36.15244],[136.17399,36.15287],[136.17443,36.15267]]]}},{"type":"Feature","properties":{"pid":"41b67c2d-c50d-4de7-b7f7-646de2622ff7","full":20.8},"geometry":{"type":"Polygon","coordinates":[[[136.17505,36.15249],[136.17509,36.15217],[136.17508,36.15217],[136.17508,36.15215],[136.17394,36.15204],[136.17391,36.15206],[136.17389,36.15206],[136.17399,36.15217],[136.17404,36.15214],[136.17436,36.15243],[136.17505,36.15249]]]}},{"type":"Feature","properties":{"pid":"0a0262d1-35d9-4764-82b8-dfa54449ac54","full":1.7},"geometry":{"type":"Polygon","coordinates":[[[136.17451,36.15258],[136.17503,36.15262],[136.17505,36.1525],[136.17436,36.15243],[136.17451,36.15258]]]}},{"type":"Feature","properties":{"pid":"4049af3c-6f51-49e6-b679-642afcae41c1","full":5.1},"geometry":{"type":"Polygon","coordinates":[[[136.17451,36.15258],[136.17457,36.15265],[136.17456,36.15267],[136.17492,36.153],[136.17498,36.15299],[136.17503,36.15263],[136.17451,36.15258]]]}},{"type":"Feature","properties":{"pid":"e9d19786-4daf-4816-8e26-8522de818abe","full":15.5},"geometry":{"type":"Polygon","coordinates":[[[136.17349,36.15322],[136.17369,36.15321],[136.17369,36.15305],[136.17387,36.15305],[136.17386,36.15244],[136.17348,36.15244],[136.17349,36.15322]]]}},{"type":"Feature","properties":{"pid":"b2540313-b15f-454c-b3ef-63f5f02e64a1","full":54.6},"geometry":{"type":"Polygon","coordinates":[[[136.17348,36.15321],[136.17346,36.15245],[136.17269,36.15245],[136.1727,36.15269],[136.17247,36.15269],[136.17248,36.15322],[136.17348,36.15321]]]}},{"type":"Feature","properties":{"pid":"7a4d9855-db03-483e-910b-b27af77aefff","full":14.8},"geometry":{"type":"Polygon","coordinates":[[[136.17348,36.15326],[136.17313,36.15326],[136.17315,36.15398],[136.17349,36.15398],[136.17348,36.15326]]]}},{"type":"Feature","properties":{"pid":"07da3682-3e30-49c5-9d58-3c65440a5964","full":29.9},"geometry":{"type":"Polygon","coordinates":[[[136.17313,36.15326],[136.17248,36.15326],[136.17249,36.15393],[136.17252,36.15393],[136.17252,36.15396],[136.17268,36.15396],[136.17268,36.15391],[136.17282,36.15391],[136.17282,36.15389],[136.17314,36.1539],[136.17313,36.15326]]]}},{"type":"Feature","properties":{"pid":"13f5f25c-69be-4827-b751-7e2da21bce19","full":4.8},"geometry":{"type":"Polygon","coordinates":[[[136.17268,36.15406],[136.17251,36.15406],[136.17251,36.15408],[136.17249,36.15408],[136.17249,36.15474],[136.17269,36.15474],[136.17268,36.15406]]]}},{"type":"Feature","properties":{"pid":"767160dc-3353-4538-8e4c-52091cda7f81","full":21.5},"geometry":{"type":"Polygon","coordinates":[[[136.17269,36.15474],[136.17317,36.15473],[136.17317,36.15405],[136.17269,36.15406],[136.17269,36.15474]]]}},{"type":"Feature","properties":{"pid":"627305c9-a2a8-4c07-a3ba-9c033a2042d7","full":13.5},"geometry":{"type":"Polygon","coordinates":[[[136.17352,36.15473],[136.17351,36.15405],[136.17317,36.15406],[136.17318,36.15473],[136.17352,36.15473]]]}},{"type":"Feature","properties":{"pid":"b2425b94-fc70-4666-adc8-aa2c2c1c0a65","full":13.2},"geometry":{"type":"Polygon","coordinates":[[[136.17386,36.15473],[136.17386,36.15405],[136.17352,36.15406],[136.17353,36.15473],[136.17386,36.15473]]]}},{"type":"Feature","properties":{"pid":"4e754544-cb1f-435f-96af-cea000c8550c","full":15.7},"geometry":{"type":"Polygon","coordinates":[[[136.17385,36.15398],[136.17385,36.15326],[136.17349,36.15326],[136.17349,36.15398],[136.17385,36.15398]]]}},{"type":"Feature","properties":{"pid":"04a19ad2-249c-486a-8cb4-63b061810a1d","full":12.5},"geometry":{"type":"Polygon","coordinates":[[[136.17438,36.14956],[136.17434,36.14977],[136.17532,36.14987],[136.1754,36.14985],[136.17544,36.14981],[136.17547,36.14966],[136.17438,36.14956]]]}},{"type":"Feature","properties":{"pid":"7bb0f765-65a1-4344-b737-4581979ca35a","full":3.3},"geometry":{"type":"Polygon","coordinates":[[[136.17548,36.14959],[136.17549,36.14947],[136.17442,36.14937],[136.17439,36.14949],[136.17548,36.14959]]]}},{"type":"Feature","properties":{"pid":"beb9a1cd-b6c0-4480-9a49-edb515a77f7d","full":12.0},"geometry":{"type":"Polygon","coordinates":[[[136.17545,36.14946],[136.17546,36.14943],[136.1755,36.14944],[136.17552,36.14925],[136.17444,36.14915],[136.17442,36.14936],[136.17545,36.14946]]]}},{"type":"Feature","properties":{"pid":"d26c39f1-0263-4610-a80e-3bc05d54efe9","full":4.3},"geometry":{"type":"Polygon","coordinates":[[[136.1724,36.14748],[136.1722,36.14749],[136.17224,36.14802],[136.17246,36.14803],[136.1724,36.14748]]]}},{"type":"Feature","properties":{"pid":"192f0439-6153-4afc-a448-65a0d8501753","full":4.1},"geometry":{"type":"Polygon","coordinates":[[[136.17266,36.14808],[136.1726,36.14746],[136.17242,36.14748],[136.17242,36.14749],[136.17241,36.14749],[136.17246,36.14803],[136.17266,36.14808]]]}},{"type":"Feature","properties":{"pid":"cc10a1e2-049e-405f-9b16-bcf3a4cc21f9","full":7.5},"geometry":{"type":"Polygon","coordinates":[[[136.17267,36.14808],[136.17269,36.14809],[136.17299,36.14765],[136.17298,36.14746],[136.17295,36.14747],[136.17295,36.14745],[136.17261,36.14747],[136.17267,36.14808]]]}},{"type":"Feature","properties":{"pid":"f1550da5-1968-460a-a499-c41961f3eb98","full":3.3},"geometry":{"type":"Polygon","coordinates":[[[136.17267,36.14868],[136.17348,36.14876],[136.17348,36.14874],[136.17351,36.14874],[136.17353,36.14862],[136.17269,36.14855],[136.17267,36.14868]]]}},{"type":"Feature","properties":{"pid":"932a4162-ec00-4e48-9de9-6f8e32c0b270","full":27.6},"geometry":{"type":"Polygon","coordinates":[[[136.17353,36.1486],[136.17359,36.14818],[136.17284,36.14805],[136.17275,36.14818],[136.1727,36.14854],[136.1735,36.14862],[136.17351,36.1486],[136.17353,36.1486]]]}},{"type":"Feature","properties":{"pid":"82d85f24-a383-49c4-9539-583611a6cd13","full":10.0},"geometry":{"type":"Polygon","coordinates":[[[136.17267,36.14869],[136.17264,36.14891],[136.17345,36.14899],[136.17345,36.14896],[136.17348,36.14896],[136.17351,36.14876],[136.17267,36.14869]]]}},{"type":"Feature","properties":{"pid":"ee63b84e-7332-4cf0-b2ee-eec5d7a441d1","full":33.4},"geometry":{"type":"Polygon","coordinates":[[[136.1736,36.1487],[136.17351,36.14925],[136.17379,36.14928],[136.17382,36.14915],[136.17397,36.14916],[136.17394,36.14933],[136.17434,36.14937],[136.17443,36.14875],[136.17362,36.14867],[136.17362,36.1487],[136.1736,36.1487]]]}},{"type":"Feature","properties":{"pid":"227d85c4-050e-43dc-8935-e240aac47d26","full":15.2},"geometry":{"type":"Polygon","coordinates":[[[136.17361,36.14867],[136.17443,36.14875],[136.17447,36.14844],[136.17368,36.14837],[136.17367,36.14841],[136.17365,36.1484],[136.17361,36.14867]]]}},{"type":"Feature","properties":{"pid":"3fde8013-788c-4bc4-b4d1-c854b052bb59","full":57.6},"geometry":{"type":"Polygon","coordinates":[[[136.17525,36.15101],[136.17525,36.151],[136.17527,36.151],[136.17536,36.15034],[136.17429,36.15023],[136.17419,36.15091],[136.17525,36.15101]]]}},{"type":"Feature","properties":{"pid":"d7272cd7-9d7e-4f41-8dd3-5e91b68c78a6","full":26.0},"geometry":{"type":"Polygon","coordinates":[[[136.17321,36.15047],[136.17336,36.15092],[136.17337,36.15092],[136.17339,36.15093],[136.17411,36.151],[136.17417,36.15057],[136.17321,36.15047]]]}},{"type":"Feature","properties":{"pid":"d2d9de2e-0284-4ddc-88e2-85489c0da393","full":6.7},"geometry":{"type":"Polygon","coordinates":[[[136.17315,36.15029],[136.17321,36.15047],[136.17417,36.15056],[136.17419,36.1504],[136.17315,36.15029]]]}},{"type":"Feature","properties":{"pid":"2b0da46c-0ea2-4ae5-a8af-9cc8b0ccb322","full":9.4},"geometry":{"type":"Polygon","coordinates":[[[136.17419,36.15039],[136.17422,36.15019],[136.17333,36.15012],[136.17331,36.15013],[136.1733,36.15012],[136.17319,36.15016],[136.17315,36.15029],[136.17419,36.15039]]]}},{"type":"Feature","properties":{"pid":"d34ba11a-7466-4b14-91f3-a1ef580324f4","full":18.1},"geometry":{"type":"Polygon","coordinates":[[[136.17258,36.15038],[136.17274,36.15088],[136.17323,36.15087],[136.17324,36.15086],[136.17305,36.15031],[136.17292,36.15027],[136.17258,36.15038]]]}},{"type":"Feature","properties":{"pid":"85e28d3c-8f38-462f-8753-fa3f9711aa33","full":1.2},"geometry":{"type":"Polygon","coordinates":[[[136.17268,36.15],[136.17265,36.15024],[136.17273,36.15021],[136.17289,36.15014],[136.17293,36.15012],[136.17294,36.1501],[136.17292,36.15002],[136.17268,36.15]]]}},{"type":"Feature","properties":{"pid":"408015d3-f058-406c-85be-4e7fe381e36c","full":7.5},"geometry":{"type":"Polygon","coordinates":[[[136.17334,36.14973],[136.17288,36.14968],[136.1728,36.14969],[136.17306,36.15009],[136.17333,36.14998],[136.17336,36.14976],[136.17333,36.14975],[136.17334,36.14973]]]}},{"type":"Feature","properties":{"pid":"ef0681bc-e9dc-4c61-9bab-c4f706ec8c51","full":41.4},"geometry":{"type":"Polygon","coordinates":[[[136.17289,36.14963],[136.17335,36.14968],[136.17335,36.14966],[136.17337,36.14966],[136.17346,36.149],[136.17264,36.14892],[136.17256,36.14942],[136.17272,36.14958],[136.17289,36.14963]]]}},{"type":"Feature","properties":{"pid":"3835b2db-e553-45e2-b1aa-a6e46f47bb0d","full":4.0},"geometry":{"type":"Polygon","coordinates":[[[136.17181,36.14927],[136.17212,36.14937],[136.1722,36.14921],[136.17218,36.1492],[136.17219,36.14917],[136.17196,36.14894],[136.17181,36.14927]]]}},{"type":"Feature","properties":{"pid":"a761e139-d292-4687-bfae-7bace28c1292","full":13.3},"geometry":{"type":"Polygon","coordinates":[[[136.17251,36.15087],[136.17237,36.15044],[136.17184,36.15056],[136.17193,36.15086],[136.17195,36.15086],[136.17195,36.15088],[136.17251,36.15087]]]}},{"type":"Feature","properties":{"pid":"97a92240-5527-4054-a2aa-ebecf4b58e14","full":1.6},"geometry":{"type":"Polygon","coordinates":[[[136.17184,36.15056],[136.17156,36.15062],[136.17149,36.15064],[136.17189,36.15086],[136.17189,36.15085],[136.17192,36.15086],[136.17184,36.15056]]]}},{"type":"Feature","properties":{"pid":"dfa07ea1-8b14-4f73-b5c1-c514b2947280","full":78.5},"geometry":{"type":"Polygon","coordinates":[[[136.17068,36.14856],[136.17046,36.14866],[136.16962,36.14875],[136.16918,36.14886],[136.16906,36.14927],[136.1701,36.14947],[136.17089,36.14884],[136.1709,36.14885],[136.17095,36.14882],[136.17068,36.14856]]]}},{"type":"Feature","properties":{"pid":"aca8c763-8740-4d8a-9913-6d84fddee068","full":4.7},"geometry":{"type":"Polygon","coordinates":[[[136.1699,36.1487],[136.17026,36.14867],[136.17013,36.14841],[136.1701,36.14841],[136.17006,36.14838],[136.16992,36.14842],[136.16977,36.14844],[136.1699,36.1487]]]}},{"type":"Feature","properties":{"pid":"d30f87ba-e1e2-42b9-8e20-b6a3c26f8217","full":3.2},"geometry":{"type":"Polygon","coordinates":[[[136.17027,36.14866],[136.17046,36.14864],[136.17053,36.14861],[136.17034,36.14831],[136.17025,36.14834],[136.17025,36.14836],[136.17013,36.1484],[136.17027,36.14866]]]}},{"type":"Feature","properties":{"pid":"0f793fb1-b41a-4478-9bb0-42347280ef60","full":4.6},"geometry":{"type":"Polygon","coordinates":[[[136.17082,36.14847],[136.17061,36.1482],[136.1704,36.1483],[136.1704,36.14833],[136.17037,36.14834],[136.17053,36.14861],[136.17082,36.14847]]]}},{"type":"Feature","properties":{"pid":"797b0bf3-1ac2-4932-accf-88c777a3c0b9","full":4.1},"geometry":{"type":"Polygon","coordinates":[[[136.17196,36.14893],[136.17176,36.14873],[136.17162,36.14881],[136.17151,36.14891],[136.17175,36.14899],[136.17166,36.14921],[136.17181,36.14927],[136.17196,36.14893]]]}},{"type":"Feature","properties":{"pid":"a5ed4a85-6cab-4511-8e8a-7847428fc071","full":32.2},"geometry":{"type":"Polygon","coordinates":[[[136.17253,36.14931],[136.17268,36.14834],[136.1727,36.14818],[136.17183,36.1487],[136.17246,36.14931],[136.17247,36.1493],[136.17253,36.14931]]]}},{"type":"Feature","properties":{"pid":"3e90c43b-3537-4ddf-a501-e6d65b6bd8fb","full":17.7},"geometry":{"type":"Polygon","coordinates":[[[136.17097,36.14883],[136.17159,36.14865],[136.17161,36.14861],[136.17128,36.14828],[136.17068,36.14855],[136.17097,36.14883]]]}},{"type":"Feature","properties":{"pid":"4f64fab4-59cc-458d-8620-e12120fdfeba","full":2.8},"geometry":{"type":"Polygon","coordinates":[[[136.17141,36.14817],[136.1716,36.14809],[136.17156,36.14765],[136.17154,36.14767],[136.17149,36.14767],[136.17138,36.14776],[136.17137,36.14779],[136.17141,36.14817]]]}},{"type":"Feature","properties":{"pid":"0dbabb41-5eef-4fab-918a-b561f9af04a2","full":3.7},"geometry":{"type":"Polygon","coordinates":[[[136.1716,36.14808],[136.17179,36.14804],[136.17179,36.14802],[136.17181,36.14802],[136.17175,36.14752],[136.1717,36.14752],[136.17156,36.14765],[136.1716,36.14808]]]}},{"type":"Feature","properties":{"pid":"24077bdc-9167-49ce-b107-c9324af2f661","full":0.5},"geometry":{"type":"Polygon","coordinates":[[[136.17194,36.14802],[136.17188,36.14751],[136.17176,36.14752],[136.17181,36.14802],[136.17183,36.14802],[136.17183,36.14803],[136.17194,36.14802]]]}},{"type":"Feature","properties":{"pid":"74ea08ec-cd3a-43cf-8a0d-d80042ea0a36","full":7.2},"geometry":{"type":"Polygon","coordinates":[[[136.17194,36.14802],[136.17222,36.14801],[136.17217,36.14749],[136.17188,36.14751],[136.17194,36.14802]]]}},{"type":"Feature","properties":{"pid":"683722dd-ff7c-4d99-80e3-290ab59a28a4","full":13.3},"geometry":{"type":"Polygon","coordinates":[[[136.16971,36.14843],[136.16971,36.1484],[136.16965,36.14819],[136.16968,36.14804],[136.16972,36.14786],[136.16963,36.1477],[136.16946,36.14773],[136.16926,36.14849],[136.16971,36.14843]]]}},{"type":"Feature","properties":{"pid":"b3118bfe-bbac-4203-a8f6-6c258af17ea0","full":4.8},"geometry":{"type":"Polygon","coordinates":[[[136.16918,36.14884],[136.16964,36.14874],[136.16949,36.14847],[136.16926,36.14851],[136.16918,36.14884]]]}},{"type":"Feature","properties":{"pid":"e27711eb-ca45-4962-ae9c-b892973bb909","full":2.8},"geometry":{"type":"Polygon","coordinates":[[[136.16964,36.14873],[136.1699,36.1487],[136.16977,36.14844],[136.1695,36.14847],[136.16964,36.14873]]]}},{"type":"Feature","properties":{"pid":"e82f3994-9f10-4253-9322-442bdb309f78","full":4.1},"geometry":{"type":"Polygon","coordinates":[[[136.16903,36.14941],[136.17006,36.14961],[136.1701,36.14948],[136.16906,36.14927],[136.16903,36.14941]]]}},{"type":"Feature","properties":{"pid":"599e4fe5-e953-413f-a57f-1731f57d64a5","full":11.6},"geometry":{"type":"Polygon","coordinates":[[[136.16999,36.14982],[136.17006,36.14961],[136.16903,36.14941],[136.16897,36.14962],[136.16999,36.14982]]]}},{"type":"Feature","properties":{"pid":"df1f0b9f-6a8f-4bfa-9cc2-77ebc0ac1f65","full":10.5},"geometry":{"type":"Polygon","coordinates":[[[136.16892,36.14983],[136.16993,36.15002],[136.16999,36.14982],[136.16897,36.14962],[136.16892,36.14983]]]}},{"type":"Feature","properties":{"pid":"0037e0a0-ab2f-4eba-b410-ed5a50c08da2","full":18.2},"geometry":{"type":"Polygon","coordinates":[[[136.16892,36.14983],[136.16884,36.15015],[136.16976,36.15026],[136.16986,36.15025],[136.16993,36.15002],[136.16892,36.14983]]]}},{"type":"Feature","properties":{"pid":"a6b1787f-215d-40fd-a6f5-3388411e2c3a","full":26.9},"geometry":{"type":"Polygon","coordinates":[[[136.16976,36.15034],[136.16932,36.15032],[136.1688,36.15033],[136.16872,36.15059],[136.16962,36.15086],[136.16964,36.15083],[136.16961,36.15082],[136.16974,36.15051],[136.16977,36.15037],[136.16976,36.15034]]]}},{"type":"Feature","properties":{"pid":"5d95cd21-4a09-4ebb-ad6d-18630a70b6c3","full":31.0},"geometry":{"type":"Polygon","coordinates":[[[136.16852,36.15118],[136.16836,36.15166],[136.16914,36.1519],[136.16916,36.15188],[136.16917,36.15188],[136.16937,36.15144],[136.16852,36.15118]]]}},{"type":"Feature","properties":{"pid":"7d3bdf65-1617-453a-9c03-539c17bd0097","full":40.5},"geometry":{"type":"Polygon","coordinates":[[[136.16938,36.15142],[136.16962,36.15089],[136.16871,36.15062],[136.16852,36.15118],[136.16936,36.15144],[136.16937,36.15142],[136.16938,36.15142]]]}},{"type":"Feature","properties":{"pid":"31d99d4f-6d58-4668-b7ee-8a1308653ac5","full":20.8},"geometry":{"type":"Polygon","coordinates":[[[136.16809,36.15239],[136.16882,36.15261],[136.16882,36.15259],[136.16884,36.15259],[136.169,36.15225],[136.16823,36.15202],[136.16809,36.15239]]]}},{"type":"Feature","properties":{"pid":"29caafbd-99dd-400f-a406-7d60d3a247d9","full":19.3},"geometry":{"type":"Polygon","coordinates":[[[136.16835,36.15167],[136.16823,36.15201],[136.16899,36.15224],[136.16899,36.15222],[136.16901,36.15222],[136.16916,36.15191],[136.16835,36.15167]]]}},{"type":"Feature","properties":{"pid":"0a340c95-6093-4e2b-8802-e5d05120df32","full":15.8},"geometry":{"type":"Polygon","coordinates":[[[136.1692,36.15206],[136.16909,36.1523],[136.17013,36.15261],[136.17023,36.15237],[136.1692,36.15206]]]}},{"type":"Feature","properties":{"pid":"845cbae7-6338-4105-be3f-efe8130d886e","full":59.9},"geometry":{"type":"Polygon","coordinates":[[[136.16877,36.153],[136.16982,36.1533],[136.1701,36.15266],[136.16907,36.15234],[136.16877,36.153]]]}},{"type":"Feature","properties":{"pid":"8ab62535-c42b-427b-9aae-58b0392f82d4","full":55.4},"geometry":{"type":"Polygon","coordinates":[[[136.1685,36.15361],[136.16953,36.15392],[136.16981,36.15331],[136.16877,36.15301],[136.1685,36.15361]]]}},{"type":"Feature","properties":{"pid":"42fc2dfa-06a3-4ff3-adfc-89a28cc927c6","full":20.7},"geometry":{"type":"Polygon","coordinates":[[[136.16836,36.15389],[136.16825,36.15415],[136.16929,36.15447],[136.1694,36.15418],[136.16838,36.15387],[136.16836,36.15389]]]}},{"type":"Feature","properties":{"pid":"6f5ff286-400c-47f9-a0b2-ae1841709dd6","full":17.7},"geometry":{"type":"Polygon","coordinates":[[[136.16838,36.15384],[136.16839,36.15387],[136.16941,36.15418],[136.16952,36.15392],[136.16849,36.15362],[136.16838,36.15384]]]}},{"type":"Feature","properties":{"pid":"7d936aa7-fb06-41f8-8967-63401af31441","full":31.1},"geometry":{"type":"Polygon","coordinates":[[[136.16762,36.15337],[136.16733,36.15382],[136.16815,36.15407],[136.16815,36.15405],[136.16818,36.15405],[136.16839,36.1536],[136.16762,36.15337]]]}},{"type":"Feature","properties":{"pid":"9019f148-d89f-4be7-b248-e23bc6563915","full":5.1},"geometry":{"type":"Polygon","coordinates":[[[136.16723,36.15395],[136.16809,36.15422],[136.1681,36.1542],[136.16812,36.1542],[136.16817,36.15408],[136.16733,36.15382],[136.16723,36.15395]]]}},{"type":"Feature","properties":{"pid":"0a873022-a01f-4dfc-98a6-a952f6ca8931","full":23.0},"geometry":{"type":"Polygon","coordinates":[[[136.16722,36.15396],[136.167,36.15427],[136.16794,36.15456],[136.16795,36.15455],[136.16796,36.15455],[136.1681,36.15423],[136.16722,36.15396]]]}},{"type":"Feature","properties":{"pid":"623d9ade-d274-4255-9879-ec3478501383","full":31.1},"geometry":{"type":"Polygon","coordinates":[[[136.16762,36.15336],[136.16837,36.15359],[136.16838,36.15358],[136.1684,36.15358],[136.16862,36.15308],[136.16789,36.15287],[136.16762,36.15336]]]}},{"type":"Feature","properties":{"pid":"68659f01-be03-440a-9a91-91e6abdd6788","full":27.3},"geometry":{"type":"Polygon","coordinates":[[[136.16865,36.15306],[136.16883,36.15261],[136.16809,36.15239],[136.16789,36.15286],[136.16862,36.15307],[136.16863,36.15305],[136.16865,36.15306]]]}},{"type":"Feature","properties":{"pid":"09c815c2-19cc-42b5-8424-77f42f59a938","full":13.6},"geometry":{"type":"Polygon","coordinates":[[[136.15998,36.15319],[136.15946,36.15303],[136.15927,36.15339],[136.15979,36.15356],[136.15998,36.15319]]]}},{"type":"Feature","properties":{"pid":"c5b2053d-8b63-42d7-bcdf-fc7724b7f106","full":13.6},"geometry":{"type":"Polygon","coordinates":[[[136.16002,36.15277],[136.16015,36.15281],[136.16027,36.15257],[136.15977,36.15239],[136.15956,36.15285],[136.15993,36.15297],[136.16002,36.15277]]]}},{"type":"Feature","properties":{"pid":"db1ccb81-0d6f-4a67-8586-7565f5c33e88","full":3.8},"geometry":{"type":"Polygon","coordinates":[[[136.15947,36.15303],[136.15998,36.15319],[136.16005,36.15302],[136.15956,36.15286],[136.15947,36.15303]]]}},{"type":"Feature","properties":{"pid":"186f2909-eecf-427d-9c67-707824a748ee","full":4.7},"geometry":{"type":"Polygon","coordinates":[[[136.1604,36.15235],[136.15987,36.15216],[136.15978,36.15234],[136.16032,36.15252],[136.1604,36.15235]]]}},{"type":"Feature","properties":{"pid":"33f6851f-af72-43b7-be8b-9b1c6d6a6970","full":9.8},"geometry":{"type":"Polygon","coordinates":[[[136.15991,36.15203],[136.15942,36.15188],[136.15927,36.15218],[136.15976,36.15234],[136.15991,36.15203]]]}},{"type":"Feature","properties":{"pid":"0f65d1fb-39d5-47b5-bde9-971e1a819a98","full":12.5},"geometry":{"type":"Polygon","coordinates":[[[136.16057,36.152],[136.16005,36.15184],[136.15987,36.15216],[136.1604,36.15234],[136.16057,36.152]]]}},{"type":"Feature","properties":{"pid":"63e41301-fc79-4894-a26b-ad97661a7cff","full":0.6},"geometry":{"type":"Polygon","coordinates":[[[136.16084,36.15206],[136.16068,36.152],[136.16045,36.15247],[136.16052,36.15249],[136.16078,36.15213],[136.16084,36.15206]]]}},{"type":"Feature","properties":{"pid":"0eb29971-f65c-42b7-8cf2-8408bb687b20","full":4.3},"geometry":{"type":"Polygon","coordinates":[[[136.16068,36.15199],[136.16084,36.15205],[136.16099,36.15186],[136.16112,36.15162],[136.1611,36.15159],[136.16091,36.15152],[136.16068,36.15199]]]}},{"type":"Feature","properties":{"pid":"9d100722-a003-42c7-aa49-2c9b95c348d5","full":6.0},"geometry":{"type":"Polygon","coordinates":[[[136.16142,36.15103],[136.16119,36.15094],[136.16093,36.15149],[136.16112,36.15155],[136.16142,36.15103]]]}},{"type":"Feature","properties":{"pid":"b2aeece5-7a64-478b-a00e-789731ae7b37","full":4.3},"geometry":{"type":"Polygon","coordinates":[[[136.16101,36.15111],[136.16049,36.15094],[136.16041,36.15111],[136.16092,36.15128],[136.16101,36.15111]]]}},{"type":"Feature","properties":{"pid":"0eb9e1b0-cffa-4a63-94c0-3b67bfd6bf64","full":3.4},"geometry":{"type":"Polygon","coordinates":[[[136.1599,36.15091],[136.16038,36.15107],[136.16046,36.15092],[136.15998,36.15074],[136.1599,36.15091]]]}},{"type":"Feature","properties":{"pid":"850a99cf-0e09-4bf9-8a7a-33abd12f7371","full":20.6},"geometry":{"type":"Polygon","coordinates":[[[136.16082,36.1515],[136.1603,36.15133],[136.16005,36.15184],[136.16057,36.152],[136.16082,36.1515]]]}},{"type":"Feature","properties":{"pid":"243c121f-e23f-448c-8a9c-8f6de19aaa3d","full":24.1},"geometry":{"type":"Polygon","coordinates":[[[136.16022,36.15141],[136.15973,36.15125],[136.15942,36.15187],[136.15991,36.15203],[136.16022,36.15141]]]}},{"type":"Feature","properties":{"pid":"fb663573-741d-4292-a97b-16ba4143ff9e","full":0.7},"geometry":{"type":"Polygon","coordinates":[[[136.16027,36.15131],[136.15978,36.15115],[136.15973,36.15125],[136.16022,36.15141],[136.16027,36.15131]]]}},{"type":"Feature","properties":{"pid":"e130ab98-b862-4f74-ada1-0e6a63700fdd","full":5.0},"geometry":{"type":"Polygon","coordinates":[[[136.16038,36.15108],[136.1599,36.15092],[136.1598,36.15112],[136.16028,36.15128],[136.16038,36.15108]]]}},{"type":"Feature","properties":{"pid":"9376ff99-528e-4225-b748-ebe57d2880cf","full":3.7},"geometry":{"type":"Polygon","coordinates":[[[136.15995,36.15057],[136.15944,36.1504],[136.15936,36.15056],[136.15987,36.15073],[136.15995,36.15057]]]}},{"type":"Feature","properties":{"pid":"e84d61f2-8705-4c8f-b8d9-7f81f71a355b","full":11.1},"geometry":{"type":"Polygon","coordinates":[[[136.16067,36.15047],[136.16019,36.15032],[136.16003,36.15065],[136.1605,36.15082],[136.16067,36.15047]]]}},{"type":"Feature","properties":{"pid":"bb278f3d-7768-4259-a0de-1bbe31c1c8c4","full":0.5},"geometry":{"type":"Polygon","coordinates":[[[136.16072,36.15038],[136.16024,36.15022],[136.16019,36.15032],[136.16067,36.15047],[136.16072,36.15038]]]}},{"type":"Feature","properties":{"pid":"581ff53f-3b31-4875-a103-c7f33b8be5f1","full":2.8},"geometry":{"type":"Polygon","coordinates":[[[136.16078,36.15024],[136.16032,36.15006],[136.16024,36.15022],[136.16072,36.15038],[136.16078,36.15024]]]}},{"type":"Feature","properties":{"pid":"71abdb70-60c2-4a59-803d-3f2cea89fe84","full":0.7},"geometry":{"type":"Polygon","coordinates":[[[136.16014,36.15021],[136.15963,36.15003],[136.15958,36.15013],[136.16009,36.1503],[136.16014,36.15021]]]}},{"type":"Feature","properties":{"pid":"ac51cdd7-8467-4489-800b-ae91b7c7db42","full":8.7},"geometry":{"type":"Polygon","coordinates":[[[136.16009,36.1503],[136.15958,36.15013],[136.15944,36.1504],[136.15995,36.15057],[136.16009,36.1503]]]}},{"type":"Feature","properties":{"pid":"77271d5c-600a-4b6f-bd8a-8c9859e8b560","full":0.6},"geometry":{"type":"Polygon","coordinates":[[[136.16022,36.15003],[136.15971,36.14986],[136.15966,36.14996],[136.16017,36.15013],[136.16022,36.15003]]]}},{"type":"Feature","properties":{"pid":"aa66055e-6a13-4241-ba09-15b0649e1921","full":11.7},"geometry":{"type":"Polygon","coordinates":[[[136.16134,36.15043],[136.16084,36.15026],[136.16067,36.15059],[136.16118,36.15076],[136.16134,36.15043]]]}},{"type":"Feature","properties":{"pid":"f0661276-8ce0-420a-9b5a-cf75c2e2d80f","full":3.9},"geometry":{"type":"Polygon","coordinates":[[[136.16113,36.15085],[136.16062,36.15069],[136.16054,36.15085],[136.16105,36.15102],[136.16113,36.15085]]]}},{"type":"Feature","properties":{"pid":"313a8a80-69c1-42b7-be53-ad6aed2f29de","full":6.9},"geometry":{"type":"Polygon","coordinates":[[[136.1612,36.15094],[136.16143,36.15102],[136.1617,36.15055],[136.16144,36.15045],[136.1612,36.15094]]]}},{"type":"Feature","properties":{"pid":"ee95481d-fcf5-492b-8e1f-69522ecdd2c8","full":2.1},"geometry":{"type":"Polygon","coordinates":[[[136.15833,36.14796],[136.15829,36.14796],[136.15824,36.14843],[136.15833,36.14847],[136.1585,36.14814],[136.15833,36.14796]]]}},{"type":"Feature","properties":{"pid":"30ff0157-1922-43d9-895b-55f73d70fd48","full":10.1},"geometry":{"type":"Polygon","coordinates":[[[136.15805,36.14726],[136.15765,36.14725],[136.15753,36.14764],[136.15804,36.14765],[136.15805,36.14726]]]}},{"type":"Feature","properties":{"pid":"bfafd6bf-929c-47af-aac1-c3203b80047a","full":3.3},"geometry":{"type":"Polygon","coordinates":[[[136.15759,36.14729],[136.15735,36.14728],[136.15725,36.14756],[136.15749,36.14762],[136.1576,36.14729],[136.15759,36.14729]]]}},{"type":"Feature","properties":{"pid":"a1b165a9-e5d7-46a7-854e-4605897fb457","full":2.2},"geometry":{"type":"Polygon","coordinates":[[[136.15797,36.14854],[136.15799,36.14846],[136.15805,36.14802],[136.15781,36.14813],[136.15779,36.14815],[136.15781,36.14828],[136.15791,36.14851],[136.15794,36.14851],[136.15795,36.14853],[136.15797,36.14854]]]}},{"type":"Feature","properties":{"pid":"5aa68960-c9e4-4c41-ba4c-ee61976393bc","full":1.1},"geometry":{"type":"Polygon","coordinates":[[[136.15753,36.14905],[136.15755,36.14905],[136.15777,36.14872],[136.1577,36.14869],[136.15742,36.14889],[136.15751,36.14907],[136.15753,36.14905]]]}},{"type":"Feature","properties":{"pid":"6180c6be-9d9b-4140-beea-4fbda53c0700","full":3.8},"geometry":{"type":"Polygon","coordinates":[[[136.15886,36.14878],[136.15834,36.14862],[136.15826,36.14878],[136.15877,36.14895],[136.15886,36.14878]]]}},{"type":"Feature","properties":{"pid":"53324b0d-f0f6-4975-93be-9caf74c5de66","full":2.8},"geometry":{"type":"Polygon","coordinates":[[[136.15885,36.1484],[136.1585,36.14828],[136.15842,36.14845],[136.15891,36.14861],[136.15885,36.1484]]]}},{"type":"Feature","properties":{"pid":"a1e8d797-d438-4bea-a109-44bdbdfc6378","full":3.3},"geometry":{"type":"Polygon","coordinates":[[[136.15932,36.14872],[136.15921,36.14862],[136.15903,36.14868],[136.15908,36.14884],[136.15916,36.14897],[136.1594,36.14888],[136.1594,36.14883],[136.15932,36.14872]]]}},{"type":"Feature","properties":{"pid":"66d54ab2-bfb7-4bc0-845d-650385096646","full":0.6},"geometry":{"type":"Polygon","coordinates":[[[136.15913,36.14902],[136.15884,36.14892],[136.15878,36.14903],[136.15922,36.14916],[136.15913,36.14902]]]}},{"type":"Feature","properties":{"pid":"498d45cb-a933-4e30-836a-f7ac94844cdb","full":4.3},"geometry":{"type":"Polygon","coordinates":[[[136.15926,36.14931],[136.15873,36.14914],[136.15864,36.14931],[136.15917,36.14948],[136.15926,36.14931]]]}},{"type":"Feature","properties":{"pid":"8fc4f869-3369-46ac-8efe-a229029bbd10","full":1.1},"geometry":{"type":"Polygon","coordinates":[[[136.15922,36.14917],[136.15878,36.14903],[136.15873,36.14913],[136.15926,36.1493],[136.15928,36.14926],[136.15922,36.14917]]]}},{"type":"Feature","properties":{"pid":"ffde2252-ab30-4524-ad1b-9e5be1597c12","full":30.8},"geometry":{"type":"Polygon","coordinates":[[[136.15876,36.14898],[136.15824,36.1488],[136.15789,36.14949],[136.1579,36.14953],[136.15839,36.1497],[136.15876,36.14898]]]}},{"type":"Feature","properties":{"pid":"20c47699-45df-4d28-9134-1c4f3e50291f","full":10.8},"geometry":{"type":"Polygon","coordinates":[[[136.15917,36.14948],[136.15864,36.14931],[136.15852,36.14962],[136.15902,36.14979],[136.15917,36.14948]]]}},{"type":"Feature","properties":{"pid":"30486380-b6ac-4770-b28d-dac0d93216e8","full":4.5},"geometry":{"type":"Polygon","coordinates":[[[136.15898,36.14988],[136.15847,36.1497],[136.15838,36.14988],[136.15889,36.15006],[136.15898,36.14988]]]}},{"type":"Feature","properties":{"pid":"e1c61877-9eaa-4e02-b249-f78151763f1d","full":3.4},"geometry":{"type":"Polygon","coordinates":[[[136.1596,36.14978],[136.15932,36.14932],[136.15915,36.14966],[136.15963,36.14983],[136.1596,36.14978]]]}},{"type":"Feature","properties":{"pid":"16aa9b9e-9fca-4aa7-aa26-0d2067167314","full":10.1},"geometry":{"type":"Polygon","coordinates":[[[136.15963,36.14983],[136.15915,36.14966],[136.159,36.14996],[136.15953,36.15013],[136.15965,36.14985],[136.15963,36.14983]]]}},{"type":"Feature","properties":{"pid":"fc9e2494-8001-4dcc-9cbf-8f5cdc8375e4","full":8.6},"geometry":{"type":"Polygon","coordinates":[[[136.15953,36.15013],[136.159,36.14997],[136.15887,36.15022],[136.1594,36.15039],[136.15953,36.15013]]]}},{"type":"Feature","properties":{"pid":"369f5e98-4508-4ee0-8018-22066dfa140d","full":12.8},"geometry":{"type":"Polygon","coordinates":[[[136.15987,36.15073],[136.15936,36.15056],[136.15918,36.15092],[136.15969,36.15109],[136.15987,36.15073]]]}},{"type":"Feature","properties":{"pid":"c2d646f9-f601-4561-995b-63c1009a1269","full":20.8},"geometry":{"type":"Polygon","coordinates":[[[136.1594,36.15039],[136.15887,36.15022],[136.15862,36.15074],[136.15914,36.15091],[136.1594,36.15039]]]}},{"type":"Feature","properties":{"pid":"09528c23-6a2b-4aca-b769-cc0a16d13819","full":12.6},"geometry":{"type":"Polygon","coordinates":[[[136.15873,36.15039],[136.1582,36.15021],[136.15802,36.15055],[136.15856,36.15072],[136.15873,36.15039]]]}},{"type":"Feature","properties":{"pid":"247327e8-7b98-4bf2-839e-2c11c04ce1ec","full":11.9},"geometry":{"type":"Polygon","coordinates":[[[136.15889,36.15006],[136.15838,36.14988],[136.1582,36.15021],[136.15873,36.15038],[136.15889,36.15006]]]}},{"type":"Feature","properties":{"pid":"1b8c9c41-3149-47d7-835d-c3241d359ae7","full":5.1},"geometry":{"type":"Polygon","coordinates":[[[136.15822,36.15006],[136.1577,36.14989],[136.15761,36.15008],[136.15812,36.15025],[136.15822,36.15006]]]}},{"type":"Feature","properties":{"pid":"001aaf44-994f-4deb-8c91-4ba1fa11e794","full":20.6},"geometry":{"type":"Polygon","coordinates":[[[136.15812,36.15025],[136.15761,36.15008],[136.15735,36.1506],[136.15786,36.15077],[136.15812,36.15025]]]}},{"type":"Feature","properties":{"pid":"e7f54efe-a8b8-438f-9835-314857210423","full":2.4},"geometry":{"type":"Polygon","coordinates":[[[136.15786,36.15077],[136.15735,36.1506],[136.15729,36.15074],[136.1578,36.1509],[136.15786,36.15077]]]}},{"type":"Feature","properties":{"pid":"98ee506d-bb7e-49cc-ba7b-cd33b5167ccc","full":2.7},"geometry":{"type":"Polygon","coordinates":[[[136.15779,36.1509],[136.15729,36.15074],[136.15721,36.15088],[136.15772,36.15104],[136.15779,36.1509]]]}},{"type":"Feature","properties":{"pid":"bb584a2e-bb8d-4ff6-a65b-f5e7dafd3e84","full":22.7},"geometry":{"type":"Polygon","coordinates":[[[136.15741,36.14983],[136.15711,36.14973],[136.15655,36.15087],[136.15684,36.15095],[136.15741,36.14983]]]}},{"type":"Feature","properties":{"pid":"576e505d-abc9-4097-abf9-1aff303e095f","full":2.7},"geometry":{"type":"Polygon","coordinates":[[[136.15753,36.14957],[136.15723,36.14948],[136.15714,36.14965],[136.15715,36.14968],[136.15743,36.14977],[136.15753,36.14957]]]}},{"type":"Feature","properties":{"pid":"8506bdab-c822-417a-8d9b-928000599c83","full":12.1},"geometry":{"type":"Polygon","coordinates":[[[136.15839,36.1497],[136.1579,36.14953],[136.15788,36.14954],[136.15771,36.14987],[136.15823,36.15003],[136.15839,36.1497]]]}},{"type":"Feature","properties":{"pid":"296e4ca6-da3f-4efe-b842-cacaf2de8aec","full":5.1},"geometry":{"type":"Polygon","coordinates":[[[136.15772,36.14919],[136.15759,36.14915],[136.15732,36.1493],[136.15723,36.14948],[136.15753,36.14957],[136.15772,36.14919]]]}},{"type":"Feature","properties":{"pid":"ac4642bb-45be-4058-8d57-a0c6316ad44b","full":22.9},"geometry":{"type":"Polygon","coordinates":[[[136.15638,36.14904],[136.15632,36.14899],[136.15611,36.14899],[136.156,36.14901],[136.1557,36.14902],[136.15572,36.14946],[136.15575,36.14946],[136.15574,36.14947],[136.15649,36.14947],[136.15638,36.14904]]]}},{"type":"Feature","properties":{"pid":"11124f6b-af97-4ce3-9b02-c08a8e177d6b","full":15.0},"geometry":{"type":"Polygon","coordinates":[[[136.15646,36.14955],[136.15646,36.14953],[136.15569,36.14954],[136.1556,36.14974],[136.15625,36.14996],[136.15627,36.14995],[136.15646,36.14955]]]}},{"type":"Feature","properties":{"pid":"0298090c-feef-4ae9-8ccb-4fbc67900aec","full":66.5},"geometry":{"type":"Polygon","coordinates":[[[136.15708,36.14973],[136.15656,36.14956],[136.15582,36.15103],[136.15633,36.1512],[136.15708,36.14973]]]}},{"type":"Feature","properties":{"pid":"76b1247c-e795-49e6-9cbe-8ca5460848e5","full":39.6},"geometry":{"type":"Polygon","coordinates":[[[136.15625,36.14996],[136.15559,36.14974],[136.15525,36.15044],[136.1559,36.15066],[136.15625,36.14999],[136.15625,36.14996]]]}},{"type":"Feature","properties":{"pid":"f744aa3d-ab04-4863-aec7-9bc4cf8cba0c","full":16.2},"geometry":{"type":"Polygon","coordinates":[[[136.1559,36.15069],[136.15524,36.15046],[136.15507,36.1508],[136.15573,36.15102],[136.1559,36.15069]]]}},{"type":"Feature","properties":{"pid":"6edb6f5c-5b5f-4920-b672-e4b76b4b8656","full":11.9},"geometry":{"type":"Polygon","coordinates":[[[136.1552,36.15046],[136.15468,36.15029],[136.15452,36.15062],[136.15503,36.15079],[136.1552,36.15046]]]}},{"type":"Feature","properties":{"pid":"cd2cf074-1253-4de1-b659-c932f2de5d51","full":3.4},"geometry":{"type":"Polygon","coordinates":[[[136.15443,36.15079],[136.15494,36.15097],[136.15502,36.15082],[136.1545,36.15065],[136.15443,36.15079]]]}},{"type":"Feature","properties":{"pid":"eba59bc6-9cae-4d08-b16c-58b3342a3c9a","full":7.2},"geometry":{"type":"Polygon","coordinates":[[[136.15531,36.15021],[136.1548,36.15005],[136.15469,36.15025],[136.15469,36.15028],[136.1552,36.15045],[136.15531,36.15021]]]}},{"type":"Feature","properties":{"pid":"57cf16db-8815-4e04-9c03-891be2ca0502","full":7.4},"geometry":{"type":"Polygon","coordinates":[[[136.15475,36.15002],[136.1542,36.14984],[136.1542,36.1499],[136.15411,36.15009],[136.15462,36.15025],[136.15464,36.15024],[136.15475,36.15002]]]}},{"type":"Feature","properties":{"pid":"62f83c3b-c871-44c1-8376-2cb8e70968e1","full":14.2},"geometry":{"type":"Polygon","coordinates":[[[136.15483,36.14985],[136.15481,36.14956],[136.15419,36.14957],[136.15419,36.14984],[136.15475,36.15002],[136.15483,36.14985]]]}},{"type":"Feature","properties":{"pid":"f0f2c753-ae68-4447-8241-f37ae9e6022f","full":16.5},"geometry":{"type":"Polygon","coordinates":[[[136.15553,36.14981],[136.15488,36.14961],[136.1549,36.14985],[136.1548,36.15005],[136.15531,36.15021],[136.15553,36.14981]]]}},{"type":"Feature","properties":{"pid":"88b1ed3f-a377-48b1-818d-c1c600239cd9","full":4.3},"geometry":{"type":"Polygon","coordinates":[[[136.15553,36.14981],[136.15565,36.14954],[136.15488,36.14956],[136.15488,36.14961],[136.15553,36.14981]]]}},{"type":"Feature","properties":{"pid":"2ba52760-20c9-41b8-b906-009fd3aa4383","full":3.9},"geometry":{"type":"Polygon","coordinates":[[[136.15547,36.14949],[136.15569,36.14948],[136.15568,36.14904],[136.15546,36.14904],[136.15547,36.14949]]]}},{"type":"Feature","properties":{"pid":"31c059f6-cd99-4101-8830-c740e56a821d","full":2.6},"geometry":{"type":"Polygon","coordinates":[[[136.15528,36.14949],[136.15546,36.14949],[136.15545,36.14904],[136.15526,36.14906],[136.15528,36.14949]]]}},{"type":"Feature","properties":{"pid":"33edf633-7087-410c-a840-13a5b9d84102","full":2.4},"geometry":{"type":"Polygon","coordinates":[[[136.15525,36.14906],[136.15506,36.14907],[136.15509,36.14949],[136.15527,36.14949],[136.15525,36.14906]]]}},{"type":"Feature","properties":{"pid":"15bbc9ba-fc1d-47cf-aa46-cbfc63934fbe","full":4.1},"geometry":{"type":"Polygon","coordinates":[[[136.15496,36.14897],[136.15484,36.14893],[136.15486,36.14946],[136.15489,36.14947],[136.15491,36.1495],[136.15509,36.14949],[136.15506,36.14907],[136.15498,36.14907],[136.15496,36.14897]]]}},{"type":"Feature","properties":{"pid":"7e313051-0698-405a-85e1-7ae512e5bf57","full":0.6},"geometry":{"type":"Polygon","coordinates":[[[136.15471,36.1495],[136.15467,36.1488],[136.15456,36.1488],[136.15458,36.1495],[136.15471,36.1495]]]}},{"type":"Feature","properties":{"pid":"7c3a66fc-4563-44c1-b06a-c99def0993ae","full":13.3},"geometry":{"type":"Polygon","coordinates":[[[136.15446,36.14817],[136.1545,36.14803],[136.15413,36.14806],[136.15393,36.1481],[136.15385,36.14814],[136.1538,36.14826],[136.1538,36.14842],[136.15447,36.14839],[136.15446,36.14817]]]}},{"type":"Feature","properties":{"pid":"887e62a0-bd97-46a0-a676-901c48027132","full":11.9},"geometry":{"type":"Polygon","coordinates":[[[136.15456,36.14861],[136.15453,36.14848],[136.15385,36.14854],[136.15379,36.14858],[136.15379,36.14881],[136.15458,36.14875],[136.15456,36.14861]]]}},{"type":"Feature","properties":{"pid":"39b3425c-eb45-4c73-ae62-d393e71ba149","full":19.6},"geometry":{"type":"Polygon","coordinates":[[[136.15149,36.14766],[136.1514,36.14754],[136.15118,36.14719],[136.15082,36.14731],[136.15086,36.14739],[136.15102,36.14764],[136.15104,36.14764],[136.15106,36.14767],[136.15104,36.14768],[136.15131,36.148],[136.15168,36.1478],[136.15164,36.14772],[136.15149,36.14766]]]}},{"type":"Feature","properties":{"pid":"709c10af-e7a8-471f-b5cb-40347901cbd3","full":5.1},"geometry":{"type":"Polygon","coordinates":[[[136.15183,36.14801],[136.15168,36.1478],[136.15131,36.148],[136.15143,36.14816],[136.15155,36.14816],[136.15182,36.14803],[136.15183,36.14801]]]}},{"type":"Feature","properties":{"pid":"34dbb519-6140-4673-8249-f1b8cead22c2","full":1.2},"geometry":{"type":"Polygon","coordinates":[[[136.15167,36.14844],[136.15162,36.14823],[136.15143,36.14825],[136.15146,36.14849],[136.15167,36.14844]]]}},{"type":"Feature","properties":{"pid":"0f66d231-32c8-496d-9af5-a7f9061d02e0","full":0.9},"geometry":{"type":"Polygon","coordinates":[[[136.15171,36.14863],[136.15167,36.14844],[136.15146,36.14849],[136.15149,36.14864],[136.15171,36.14863]]]}},{"type":"Feature","properties":{"pid":"ac2ec823-44a1-49c1-8427-b4cf6343011d","full":3.1},"geometry":{"type":"Polygon","coordinates":[[[136.15174,36.1487],[136.15149,36.1487],[136.15152,36.14885],[136.15178,36.14919],[136.15183,36.14903],[136.15179,36.14893],[136.15174,36.1487]]]}},{"type":"Feature","properties":{"pid":"ab0c4816-c221-41ea-a434-ae32ee611c4c","full":11.8},"geometry":{"type":"Polygon","coordinates":[[[136.15215,36.14988],[136.15164,36.14972],[136.15164,36.14973],[136.15162,36.14972],[136.15147,36.15004],[136.152,36.1502],[136.15215,36.14988]]]}},{"type":"Feature","properties":{"pid":"e00fc2a5-2d6e-4b04-ba1f-0a830034ee74","full":48.7},"geometry":{"type":"Polygon","coordinates":[[[136.15175,36.1493],[136.1512,36.14918],[136.15069,36.15023],[136.15122,36.1504],[136.15175,36.1493]]]}},{"type":"Feature","properties":{"pid":"6d675f8e-b064-4e00-a273-ca69080307cb","full":56.6},"geometry":{"type":"Polygon","coordinates":[[[136.15111,36.14915],[136.15061,36.14914],[136.15057,36.14917],[136.15001,36.15036],[136.15051,36.15052],[136.15117,36.14917],[136.15111,36.14915]]]}},{"type":"Feature","properties":{"pid":"ffce326f-1233-4191-a654-16dae5374ec4","full":12.3},"geometry":{"type":"Polygon","coordinates":[[[136.15052,36.14914],[136.15004,36.14912],[136.14994,36.1491],[136.14979,36.14938],[136.15031,36.14956],[136.15052,36.14914]]]}},{"type":"Feature","properties":{"pid":"0feb02ed-c73f-41a6-bb99-0c62b41dfb09","full":10.6},"geometry":{"type":"Polygon","coordinates":[[[136.1512,36.1504],[136.15069,36.15023],[136.15068,36.15024],[136.15054,36.15053],[136.15106,36.1507],[136.1512,36.15042],[136.1512,36.1504]]]}},{"type":"Feature","properties":{"pid":"99c7fa30-99b8-4607-93e0-e63fd7a4f13e","full":16.5},"geometry":{"type":"Polygon","coordinates":[[[136.15199,36.15021],[136.15147,36.15004],[136.15126,36.15047],[136.15177,36.15063],[136.15199,36.15021]]]}},{"type":"Feature","properties":{"pid":"620ed2d2-ebfb-4d52-8089-2471c875321d","full":8.7},"geometry":{"type":"Polygon","coordinates":[[[136.15178,36.15063],[136.15127,36.15047],[136.15126,36.15048],[136.15125,36.15048],[136.15113,36.15073],[136.15164,36.1509],[136.15178,36.15063]]]}},{"type":"Feature","properties":{"pid":"ca9dc868-7b72-42ab-a538-2d68b84ae38f","full":21.6},"geometry":{"type":"Polygon","coordinates":[[[136.15247,36.15057],[136.15193,36.1504],[136.15169,36.15091],[136.15219,36.15108],[136.1522,36.15105],[136.15224,36.15106],[136.15247,36.15057]]]}},{"type":"Feature","properties":{"pid":"9ba56bae-8f4a-4a1d-a23d-13d2b13c376c","full":29.2},"geometry":{"type":"Polygon","coordinates":[[[136.15332,36.15027],[136.15277,36.15009],[136.15245,36.15075],[136.15297,36.15092],[136.15298,36.15091],[136.15299,36.15091],[136.15332,36.15027]]]}},{"type":"Feature","properties":{"pid":"23b77eb4-ede2-4dc0-a389-fb394c4ab90a","full":4.3},"geometry":{"type":"Polygon","coordinates":[[[136.15255,36.1504],[136.15202,36.15023],[136.15193,36.1504],[136.15245,36.15056],[136.15246,36.15054],[136.15249,36.15055],[136.15255,36.1504]]]}},{"type":"Feature","properties":{"pid":"f0d99b22-894c-4986-b15e-6523c7615627","full":33.3},"geometry":{"type":"Polygon","coordinates":[[[136.15293,36.14961],[136.15292,36.14959],[136.15241,36.14946],[136.15203,36.15022],[136.15254,36.15038],[136.15254,36.15037],[136.15256,36.15038],[136.15293,36.14961]]]}},{"type":"Feature","properties":{"pid":"d6a9d910-a54b-4e60-a2af-a66607e5d9aa","full":7.9},"geometry":{"type":"Polygon","coordinates":[[[136.15227,36.14963],[136.15176,36.14946],[136.15163,36.14971],[136.15215,36.14988],[136.15227,36.14963]]]}},{"type":"Feature","properties":{"pid":"cf139a27-2f9d-48d7-9755-6b78b8b04b75","full":3.5},"geometry":{"type":"Polygon","coordinates":[[[136.15236,36.14945],[136.15186,36.14933],[136.15182,36.14935],[136.15176,36.14945],[136.15178,36.14945],[136.15177,36.14946],[136.15227,36.14962],[136.15236,36.14945]]]}},{"type":"Feature","properties":{"pid":"7d851495-1edd-4775-a29b-a05e3a8f3001","full":20.2},"geometry":{"type":"Polygon","coordinates":[[[136.15349,36.14989],[136.15345,36.1496],[136.15303,36.14961],[136.1528,36.15004],[136.15282,36.15005],[136.15281,36.15006],[136.15332,36.15023],[136.15349,36.14989]]]}},{"type":"Feature","properties":{"pid":"826f5b89-c2e9-49c1-942a-2377167112d4","full":0.9},"geometry":{"type":"Polygon","coordinates":[[[136.15367,36.14952],[136.15365,36.14899],[136.15351,36.14928],[136.15352,36.14949],[136.15355,36.14952],[136.15367,36.14952]]]}},{"type":"Feature","properties":{"pid":"761d185b-d972-429a-8c93-0def64e17b6f","full":21.7},"geometry":{"type":"Polygon","coordinates":[[[136.15416,36.14948],[136.15414,36.14883],[136.15374,36.14887],[136.15365,36.14899],[136.15367,36.14952],[136.15412,36.14952],[136.15413,36.14949],[136.15416,36.14948]]]}},{"type":"Feature","properties":{"pid":"6b39f4bd-668f-4fc5-9d23-ea577a08436d","full":10.8},"geometry":{"type":"Polygon","coordinates":[[[136.15447,36.14951],[136.15445,36.14881],[136.15416,36.14883],[136.15418,36.14951],[136.15447,36.14951]]]}},{"type":"Feature","properties":{"pid":"5e1017b9-b634-4726-8d21-4b7b4ad9f988","full":11.1},"geometry":{"type":"Polygon","coordinates":[[[136.15415,36.14991],[136.15415,36.14957],[136.15351,36.14959],[136.15353,36.14978],[136.15355,36.14978],[136.15355,36.1498],[136.15412,36.14998],[136.15415,36.14991]]]}},{"type":"Feature","properties":{"pid":"5805e782-db9f-45f5-8c4c-1bbb3422ea78","full":4.8},"geometry":{"type":"Polygon","coordinates":[[[136.15351,36.14999],[136.15403,36.15017],[136.15412,36.14998],[136.15354,36.14979],[136.15356,36.1499],[136.15351,36.14999]]]}},{"type":"Feature","properties":{"pid":"7112cbba-c53f-45ed-abd2-37a3ef1a6cd6","full":12.2},"geometry":{"type":"Polygon","coordinates":[[[136.15462,36.15025],[136.15411,36.15009],[136.15394,36.15043],[136.15444,36.1506],[136.15446,36.15059],[136.15462,36.15025]]]}},{"type":"Feature","properties":{"pid":"87509d35-cda3-4c85-8f89-f434a028e283","full":7.9},"geometry":{"type":"Polygon","coordinates":[[[136.1534,36.15022],[136.15342,36.15023],[136.15341,36.15025],[136.15391,36.15042],[136.15403,36.15017],[136.15351,36.15],[136.1534,36.15022]]]}},{"type":"Feature","properties":{"pid":"8be21aca-b801-4b4e-a7db-01adac081e4f","full":13.5},"geometry":{"type":"Polygon","coordinates":[[[136.1539,36.15045],[136.15338,36.15029],[136.15321,36.15062],[136.15322,36.15062],[136.1532,36.15064],[136.15371,36.15082],[136.1539,36.15045]]]}},{"type":"Feature","properties":{"pid":"356c2a2e-9f36-4bd2-9a5b-eac55dcc25e8","full":8.2},"geometry":{"type":"Polygon","coordinates":[[[136.15444,36.15063],[136.15393,36.15046],[136.15379,36.15071],[136.15431,36.15088],[136.15444,36.15063]]]}},{"type":"Feature","properties":{"pid":"a6bc2360-e582-4a95-913d-d6881f3ea5cd","full":18.1},"geometry":{"type":"Polygon","coordinates":[[[136.15416,36.1512],[136.15365,36.15102],[136.15341,36.15149],[136.15394,36.15165],[136.15416,36.1512]]]}},{"type":"Feature","properties":{"pid":"4a3b68f5-7a40-4721-ad3c-d65eba146316","full":11.0},"geometry":{"type":"Polygon","coordinates":[[[136.15431,36.15088],[136.15379,36.15071],[136.15365,36.15102],[136.15416,36.1512],[136.15431,36.15088]]]}},{"type":"Feature","properties":{"pid":"7041e2c1-200b-4d03-91a4-da489b67795d","full":27.6},"geometry":{"type":"Polygon","coordinates":[[[136.1537,36.15082],[136.1532,36.15065],[136.1532,36.15066],[136.15318,36.15066],[136.15287,36.1513],[136.15339,36.15147],[136.1537,36.15082]]]}},{"type":"Feature","properties":{"pid":"9a155c29-1c87-4a9c-9148-8c8895596492","full":5.3},"geometry":{"type":"Polygon","coordinates":[[[136.15461,36.15165],[136.15408,36.15148],[136.15399,36.15167],[136.15452,36.15184],[136.15461,36.15165]]]}},{"type":"Feature","properties":{"pid":"69ae485b-daf4-4fa4-bb9a-895ca0824988","full":18.2},"geometry":{"type":"Polygon","coordinates":[[[136.1545,36.15187],[136.15398,36.1517],[136.15375,36.15215],[136.15427,36.15233],[136.1545,36.15187]]]}},{"type":"Feature","properties":{"pid":"9592e4f1-2461-4ef6-901a-0c26d125737e","full":14.1},"geometry":{"type":"Polygon","coordinates":[[[136.15427,36.15233],[136.15375,36.15216],[136.15356,36.15252],[136.15408,36.1527],[136.15427,36.15233]]]}},{"type":"Feature","properties":{"pid":"41dc9c80-9af8-41f0-9a7e-ce7f4a825085","full":13.5},"geometry":{"type":"Polygon","coordinates":[[[136.15353,36.15252],[136.153,36.15235],[136.15282,36.15271],[136.15333,36.15287],[136.15335,36.15286],[136.15353,36.15252]]]}},{"type":"Feature","properties":{"pid":"f5e03edf-0416-4d15-85ad-445bbd5ba59d","full":11.7},"geometry":{"type":"Polygon","coordinates":[[[136.15301,36.15233],[136.15353,36.15251],[136.1537,36.15219],[136.15317,36.15201],[136.15301,36.15233]]]}},{"type":"Feature","properties":{"pid":"948e4cd6-1815-4370-b46f-a86dae33d505","full":20.4},"geometry":{"type":"Polygon","coordinates":[[[136.15395,36.15169],[136.15342,36.15152],[136.15317,36.15201],[136.1537,36.15218],[136.15395,36.15169]]]}},{"type":"Feature","properties":{"pid":"a6453c7c-3b4b-4088-8100-ea75a7dadbca","full":2.6},"geometry":{"type":"Polygon","coordinates":[[[136.15312,36.152],[136.1526,36.15182],[136.15253,36.15197],[136.15306,36.15213],[136.15312,36.152]]]}},{"type":"Feature","properties":{"pid":"ef9a03a4-9cf7-4a50-8391-fd233a0e0734","full":5.0},"geometry":{"type":"Polygon","coordinates":[[[136.15244,36.15215],[136.15296,36.15232],[136.15306,36.15214],[136.15253,36.15197],[136.15244,36.15215]]]}},{"type":"Feature","properties":{"pid":"de834dcf-81d9-42c9-9d8f-1cc00b854a78","full":13.2},"geometry":{"type":"Polygon","coordinates":[[[136.15295,36.15233],[136.15243,36.15216],[136.15226,36.15252],[136.15277,36.15269],[136.15295,36.15233]]]}},{"type":"Feature","properties":{"pid":"e16c31d4-f1ca-4a39-9564-06e82337804a","full":16.4},"geometry":{"type":"Polygon","coordinates":[[[136.15187,36.15191],[136.15166,36.15233],[136.15219,36.1525],[136.15239,36.15208],[136.15187,36.15191]]]}},{"type":"Feature","properties":{"pid":"c934a133-d14d-45dc-9f2a-1b6fd144ff91","full":31.4},"geometry":{"type":"Polygon","coordinates":[[[136.15277,36.15132],[136.15226,36.15116],[136.15188,36.15189],[136.1524,36.15207],[136.15277,36.15132]]]}},{"type":"Feature","properties":{"pid":"0d53379f-0c30-40c0-ba3c-c7540faa5d20","full":20.1},"geometry":{"type":"Polygon","coordinates":[[[136.1526,36.15181],[136.15313,36.15199],[136.15338,36.1515],[136.15285,36.15133],[136.1526,36.15181]]]}},{"type":"Feature","properties":{"pid":"465a2fdc-94a7-4147-944c-f02ac161f0dd","full":13.7},"geometry":{"type":"Polygon","coordinates":[[[136.15298,36.15093],[136.15245,36.15075],[136.15228,36.1511],[136.1523,36.1511],[136.15229,36.15112],[136.15281,36.15128],[136.15298,36.15093]]]}},{"type":"Feature","properties":{"pid":"12e37853-2da0-4cf0-81b6-248ad2f23999","full":14.9},"geometry":{"type":"Polygon","coordinates":[[[136.15217,36.15113],[136.15166,36.15096],[136.15147,36.15135],[136.15198,36.15153],[136.15217,36.15113]]]}},{"type":"Feature","properties":{"pid":"c5330f68-f0e9-40a0-b63a-0d594ef7b220","full":16.3},"geometry":{"type":"Polygon","coordinates":[[[136.15198,36.15153],[136.15146,36.15135],[136.15125,36.15178],[136.15176,36.15195],[136.15198,36.15153]]]}},{"type":"Feature","properties":{"pid":"4a1462df-e5e0-4b64-b074-2a2e7587a068","full":25.9},"geometry":{"type":"Polygon","coordinates":[[[136.1516,36.15101],[136.15108,36.15084],[136.15107,36.15087],[136.15105,36.15087],[136.15077,36.15145],[136.15129,36.15162],[136.1516,36.15101]]]}},{"type":"Feature","properties":{"pid":"c30764d9-e9f3-4dbd-9445-f3de30fd5466","full":22.5},"geometry":{"type":"Polygon","coordinates":[[[136.15102,36.15076],[136.15051,36.15059],[136.15023,36.15113],[136.15075,36.15131],[136.15102,36.15076]]]}},{"type":"Feature","properties":{"pid":"74de6baf-5423-45fd-8a5a-e47bb92862f6","full":5.3},"geometry":{"type":"Polygon","coordinates":[[[136.15054,36.15174],[136.15002,36.15156],[136.14992,36.15176],[136.15043,36.15192],[136.15046,36.1519],[136.15054,36.15174]]]}},{"type":"Feature","properties":{"pid":"ddf25262-9de0-4121-8c74-085fcf2a66f9","full":15.7},"geometry":{"type":"Polygon","coordinates":[[[136.15003,36.15155],[136.15054,36.15173],[136.15074,36.15132],[136.15022,36.15114],[136.15003,36.15155]]]}},{"type":"Feature","properties":{"pid":"22253f4b-cf76-48dc-b9f7-dc3e15e9c3fa","full":33.4},"geometry":{"type":"Polygon","coordinates":[[[136.15043,36.15196],[136.14991,36.15179],[136.14958,36.15246],[136.15,36.15284],[136.15043,36.15196]]]}},{"type":"Feature","properties":{"pid":"eaf53900-37ec-4328-b94c-8f9c7f9ad814","full":29.0},"geometry":{"type":"Polygon","coordinates":[[[136.15158,36.15233],[136.15105,36.15216],[136.15071,36.15285],[136.15122,36.15301],[136.15158,36.15233]]]}},{"type":"Feature","properties":{"pid":"18ac0875-d6c7-44c4-905b-8b7a4df99f02","full":30.0},"geometry":{"type":"Polygon","coordinates":[[[136.15102,36.15215],[136.15048,36.15198],[136.15015,36.15266],[136.15068,36.15284],[136.15102,36.15215]]]}},{"type":"Feature","properties":{"pid":"55924998-ec1e-4762-b4b4-ec2e4c491b82","full":20.1},"geometry":{"type":"Polygon","coordinates":[[[136.15129,36.15162],[136.15077,36.15145],[136.15052,36.15195],[136.15104,36.15212],[136.15129,36.15162]]]}},{"type":"Feature","properties":{"pid":"1f1195ca-cc8c-43a8-96d9-60f0a54951ce","full":12.7},"geometry":{"type":"Polygon","coordinates":[[[136.15176,36.15195],[136.15125,36.15178],[136.15107,36.15213],[136.15159,36.1523],[136.15176,36.15195]]]}},{"type":"Feature","properties":{"pid":"4264b00a-d2d9-4458-8ceb-79591d6b4056","full":28.6},"geometry":{"type":"Polygon","coordinates":[[[136.15216,36.15252],[136.15165,36.15236],[136.15132,36.15304],[136.15181,36.1532],[136.15184,36.15318],[136.15216,36.15255],[136.15216,36.15252]]]}},{"type":"Feature","properties":{"pid":"258a6407-5de5-450d-ad1d-64152147c1f0","full":24.7},"geometry":{"type":"Polygon","coordinates":[[[136.15182,36.15323],[136.1513,36.15306],[136.15101,36.15365],[136.15152,36.15383],[136.15182,36.15323]]]}},{"type":"Feature","properties":{"pid":"0c198151-9e20-4a6c-a0ac-8502318509dd","full":19.6},"geometry":{"type":"Polygon","coordinates":[[[136.15122,36.15304],[136.1507,36.15287],[136.15052,36.15326],[136.15094,36.15364],[136.15122,36.15304]]]}},{"type":"Feature","properties":{"pid":"70a2c2b4-d997-4968-8159-55e5b376d04c","full":9.5},"geometry":{"type":"Polygon","coordinates":[[[136.15067,36.15286],[136.15015,36.15269],[136.15005,36.15288],[136.15048,36.15324],[136.15067,36.15286]]]}},{"type":"Feature","properties":{"pid":"eb4596dc-d35c-4271-ad63-358923bc6d02","full":85.9},"geometry":{"type":"Polygon","coordinates":[[[136.15095,36.15451],[136.14979,36.15351],[136.14939,36.15381],[136.14961,36.154],[136.1494,36.15417],[136.15033,36.15497],[136.15095,36.15451]]]}},{"type":"Feature","properties":{"pid":"7fa01f21-c529-4dd2-879d-378a23bb03b0","full":47.5},"geometry":{"type":"Polygon","coordinates":[[[136.15137,36.15414],[136.15041,36.15329],[136.15003,36.15359],[136.15005,36.1536],[136.15003,36.15361],[136.15098,36.15445],[136.15101,36.15446],[136.15133,36.15422],[136.15137,36.15414]]]}},{"type":"Feature","properties":{"pid":"144df712-17db-4156-a3e6-8f0a39169dc0","full":1.4},"geometry":{"type":"Polygon","coordinates":[[[136.15152,36.15384],[136.151,36.15366],[136.15099,36.15368],[136.15122,36.15389],[136.15146,36.15397],[136.15152,36.15384]]]}},{"type":"Feature","properties":{"pid":"5aab69dd-4bf4-4f25-a2e5-86bad6b27c05","full":17.1},"geometry":{"type":"Polygon","coordinates":[[[136.15215,36.15394],[136.15163,36.15376],[136.15146,36.1541],[136.15188,36.15447],[136.15215,36.15394]]]}},{"type":"Feature","properties":{"pid":"8412bc9c-eabc-4ce6-9a3f-9ab506bd8f9b","full":3.7},"geometry":{"type":"Polygon","coordinates":[[[136.15271,36.15412],[136.1522,36.15395],[136.15213,36.15411],[136.15263,36.15428],[136.15271,36.15412]]]}},{"type":"Feature","properties":{"pid":"93b08f21-c217-4de5-9362-758c9868df47","full":4.6},"geometry":{"type":"Polygon","coordinates":[[[136.15203,36.1543],[136.15254,36.15447],[136.15263,36.15429],[136.15211,36.15411],[136.15203,36.1543]]]}},{"type":"Feature","properties":{"pid":"bb026904-e3ce-4b00-b7b0-0ab3638b3daf","full":10.6},"geometry":{"type":"Polygon","coordinates":[[[136.15327,36.1543],[136.15276,36.15413],[136.15261,36.15443],[136.15314,36.1546],[136.15328,36.15433],[136.15327,36.1543]]]}},{"type":"Feature","properties":{"pid":"37be9f4b-1465-4223-9f23-c0c9ca9bbade","full":14.0},"geometry":{"type":"Polygon","coordinates":[[[136.15221,36.15392],[136.15272,36.15409],[136.15275,36.15407],[136.15291,36.15373],[136.15239,36.15355],[136.15221,36.15392]]]}},{"type":"Feature","properties":{"pid":"647ee5ec-c885-4199-84da-cd751b31adbf","full":6.4},"geometry":{"type":"Polygon","coordinates":[[[136.15227,36.1537],[136.15174,36.15353],[136.15164,36.15374],[136.15216,36.15391],[136.15227,36.1537]]]}},{"type":"Feature","properties":{"pid":"143373f7-1fcd-4ebe-bb23-9559eb761e89","full":19.4},"geometry":{"type":"Polygon","coordinates":[[[136.15251,36.15322],[136.152,36.15304],[136.15174,36.15353],[136.15227,36.1537],[136.15251,36.15322]]]}},{"type":"Feature","properties":{"pid":"b1489fbd-5f76-4249-a4fb-cbbc091e9508","full":19.5},"geometry":{"type":"Polygon","coordinates":[[[136.15276,36.15272],[136.15224,36.15255],[136.152,36.15303],[136.15252,36.15321],[136.15276,36.15272]]]}},{"type":"Feature","properties":{"pid":"17ef5379-2cbd-4a69-bfb9-794d52193e08","full":6.6},"geometry":{"type":"Polygon","coordinates":[[[136.15331,36.1529],[136.15279,36.15273],[136.15268,36.15295],[136.15321,36.15312],[136.15331,36.15291],[136.15331,36.1529]]]}},{"type":"Feature","properties":{"pid":"7ca19fbf-80c0-4960-9e7e-e14421b5b476","full":9.3},"geometry":{"type":"Polygon","coordinates":[[[136.15321,36.15312],[136.15268,36.15296],[136.15254,36.15323],[136.15307,36.1534],[136.15321,36.15312]]]}},{"type":"Feature","properties":{"pid":"1a3ea8e0-e373-4b1a-b660-115709fff429","full":11.4},"geometry":{"type":"Polygon","coordinates":[[[136.15239,36.15354],[136.15291,36.15372],[136.15307,36.1534],[136.15254,36.15323],[136.15239,36.15354]]]}},{"type":"Feature","properties":{"pid":"392a1d91-9a0b-4233-952b-ee73a6190b15","full":32.7},"geometry":{"type":"Polygon","coordinates":[[[136.15391,36.15308],[136.15338,36.15292],[136.15299,36.15368],[136.15351,36.15384],[136.15391,36.15308]]]}},{"type":"Feature","properties":{"pid":"8edb6b32-a88d-4dd8-870c-81e6c12ea9f1","full":13.6},"geometry":{"type":"Polygon","coordinates":[[[136.15408,36.1527],[136.15356,36.15252],[136.15339,36.15286],[136.15341,36.1529],[136.1539,36.15306],[136.15408,36.1527]]]}},{"type":"Feature","properties":{"pid":"0567654c-f0d0-4b52-bf68-f406c70d62cf","full":74.6},"geometry":{"type":"Polygon","coordinates":[[[136.15461,36.15332],[136.15392,36.15309],[136.15334,36.15429],[136.15403,36.1545],[136.15461,36.15332]]]}},{"type":"Feature","properties":{"pid":"126c6996-11b9-442f-b94e-65f73361f7fc","full":16.4},"geometry":{"type":"Polygon","coordinates":[[[136.15351,36.15385],[136.15299,36.1537],[136.15277,36.15411],[136.1533,36.15428],[136.15351,36.15385]]]}},{"type":"Feature","properties":{"pid":"50c9331a-4845-47c8-b24c-55d946cf8257","full":12.1},"geometry":{"type":"Polygon","coordinates":[[[136.15485,36.15419],[136.15433,36.15402],[136.15415,36.15438],[136.15455,36.15451],[136.15478,36.15432],[136.15485,36.15419]]]}},{"type":"Feature","properties":{"pid":"902ea7bf-f3e7-4d67-a4e5-702802f94ec3","full":12.4},"geometry":{"type":"Polygon","coordinates":[[[136.15501,36.15385],[136.1545,36.15368],[136.15433,36.15402],[136.15485,36.15419],[136.15501,36.15385]]]}},{"type":"Feature","properties":{"pid":"9be26753-34b0-47b9-9b50-895fbfec2f14","full":12.5},"geometry":{"type":"Polygon","coordinates":[[[136.15519,36.15351],[136.15467,36.15334],[136.1545,36.15368],[136.15502,36.15385],[136.15519,36.15351]]]}},{"type":"Feature","properties":{"pid":"e50d2de3-30ef-47c2-ab8b-8050627db714","full":3.6},"geometry":{"type":"Polygon","coordinates":[[[136.15547,36.1536],[136.15523,36.15353],[136.15488,36.15423],[136.15488,36.15425],[136.15495,36.15421],[136.15517,36.15397],[136.15547,36.1536]]]}},{"type":"Feature","properties":{"pid":"64d1bc10-7c1c-4063-83a5-ec1a71160e1e","full":17.9},"geometry":{"type":"Polygon","coordinates":[[[136.15574,36.15369],[136.15569,36.15367],[136.15561,36.15378],[136.15542,36.15403],[136.15528,36.15417],[136.15465,36.15471],[136.15517,36.15488],[136.15574,36.15369]]]}},{"type":"Feature","properties":{"pid":"5a1bfb20-e728-4de8-a5af-d5485dd6e931","full":8.2},"geometry":{"type":"Polygon","coordinates":[[[136.15615,36.15422],[136.15564,36.15405],[136.15551,36.15431],[136.15602,36.15448],[136.15615,36.15422]]]}},{"type":"Feature","properties":{"pid":"92b8058c-44d5-4edf-ae7e-4b5cbb1becdd","full":10.7},"geometry":{"type":"Polygon","coordinates":[[[136.15652,36.15419],[136.15637,36.15418],[136.15628,36.15435],[136.15704,36.15466],[136.15717,36.15445],[136.15664,36.15423],[136.15652,36.15419]]]}},{"type":"Feature","properties":{"pid":"4e2c8547-6d18-41d7-b24e-89cf31c3df18","full":2.4},"geometry":{"type":"Polygon","coordinates":[[[136.15728,36.15425],[136.15667,36.15417],[136.15664,36.15423],[136.15717,36.15445],[136.15729,36.15427],[136.15728,36.15425]]]}},{"type":"Feature","properties":{"pid":"923d5d02-1a62-42a8-9757-6f1c7c0d3d58","full":11.1},"geometry":{"type":"Polygon","coordinates":[[[136.15704,36.15378],[136.15651,36.15362],[136.15636,36.15393],[136.15689,36.1541],[136.15704,36.15378]]]}},{"type":"Feature","properties":{"pid":"b3a04b4f-6844-439c-9271-3cc66bbafe5a","full":12.0},"geometry":{"type":"Polygon","coordinates":[[[136.15632,36.15388],[136.15581,36.15371],[136.15564,36.15405],[136.15615,36.15422],[136.15632,36.15388]]]}},{"type":"Feature","properties":{"pid":"91fff646-b3fa-4822-8bba-616b46dd6de5","full":21.9},"geometry":{"type":"Polygon","coordinates":[[[136.1566,36.15331],[136.15609,36.15314],[136.15582,36.15368],[136.15633,36.15385],[136.1566,36.15331]]]}},{"type":"Feature","properties":{"pid":"58daa00a-754a-45e8-81a6-88e2c6e0538c","full":23.8},"geometry":{"type":"Polygon","coordinates":[[[136.15733,36.15319],[136.15682,36.15302],[136.15652,36.1536],[136.15704,36.15377],[136.15733,36.15319]]]}},{"type":"Feature","properties":{"pid":"7d310d94-f00d-4743-b6d7-4e028b48cecd","full":26.6},"geometry":{"type":"Polygon","coordinates":[[[136.15693,36.15266],[136.15641,36.15249],[136.15609,36.15312],[136.15661,36.1533],[136.15693,36.15266]]]}},{"type":"Feature","properties":{"pid":"d3b5175d-eea2-43d0-aff2-3df6cdb7a9b2","full":53.4},"geometry":{"type":"Polygon","coordinates":[[[136.15579,36.15228],[136.15528,36.15212],[136.15468,36.15331],[136.1552,36.15348],[136.15579,36.15228]]]}},{"type":"Feature","properties":{"pid":"0ab424b7-fe9b-4fe6-9c96-88775e097cb5","full":22.6},"geometry":{"type":"Polygon","coordinates":[[[136.15614,36.1524],[136.15583,36.1523],[136.15525,36.15349],[136.1555,36.15358],[136.15614,36.1524]]]}},{"type":"Feature","properties":{"pid":"b4091315-3f00-4505-8443-d168f7050b59","full":44.4},"geometry":{"type":"Polygon","coordinates":[[[136.15498,36.15254],[136.1543,36.15232],[136.15394,36.15307],[136.15462,36.1533],[136.15498,36.15254]]]}},{"type":"Feature","properties":{"pid":"3b26967c-3142-4d23-8314-adf8818c2132","full":3.7},"geometry":{"type":"Polygon","coordinates":[[[136.1553,36.15193],[136.15462,36.15171],[136.15455,36.15185],[136.15523,36.15207],[136.1553,36.15193]]]}},{"type":"Feature","properties":{"pid":"650e64f9-e69d-46f7-b168-6ed7cc58a940","full":22.9},"geometry":{"type":"Polygon","coordinates":[[[136.1552,36.15209],[136.15453,36.15188],[136.15432,36.15231],[136.15499,36.15253],[136.1552,36.15209]]]}},{"type":"Feature","properties":{"pid":"e9cb063e-fa30-4a5b-bc35-4c96d49e3ec1","full":8.2},"geometry":{"type":"Polygon","coordinates":[[[136.1554,36.15172],[136.15472,36.15151],[136.15462,36.15171],[136.1553,36.15193],[136.1554,36.15172]]]}},{"type":"Feature","properties":{"pid":"b94fa5b4-573f-4117-b15c-59a210c5d81c","full":15.2},"geometry":{"type":"Polygon","coordinates":[[[136.1548,36.15123],[136.15429,36.15107],[136.15409,36.15146],[136.15462,36.15164],[136.1548,36.15123]]]}},{"type":"Feature","properties":{"pid":"e8e362a2-5d6c-41e0-aa62-999b067026fc","full":7.5},"geometry":{"type":"Polygon","coordinates":[[[136.15493,36.15098],[136.15442,36.15081],[136.15429,36.15105],[136.15481,36.15122],[136.15493,36.15098]]]}},{"type":"Feature","properties":{"pid":"72ef1b58-b530-4374-a741-42cdbd959084","full":4.4},"geometry":{"type":"Polygon","coordinates":[[[136.1556,36.1513],[136.15493,36.15108],[136.15486,36.15123],[136.15554,36.15145],[136.1556,36.1513]]]}},{"type":"Feature","properties":{"pid":"0aa92465-4cd1-4560-9fd6-70d1f984a4a7","full":10.8},"geometry":{"type":"Polygon","coordinates":[[[136.15572,36.15105],[136.15506,36.15083],[136.15493,36.15108],[136.1556,36.1513],[136.15572,36.15105]]]}},{"type":"Feature","properties":{"pid":"612fba83-71d9-4201-afbf-49ff20c6b7bd","full":2.7},"geometry":{"type":"Polygon","coordinates":[[[136.15553,36.15146],[136.15486,36.15123],[136.15479,36.15136],[136.15547,36.15158],[136.15553,36.15146]]]}},{"type":"Feature","properties":{"pid":"2dfab442-aeec-4db3-8a69-1ec7ee58557e","full":3.3},"geometry":{"type":"Polygon","coordinates":[[[136.15547,36.15159],[136.15479,36.15136],[136.15473,36.1515],[136.15541,36.15171],[136.15547,36.15159]]]}},{"type":"Feature","properties":{"pid":"381ca0b0-b96c-47d1-b544-b3869fb91d30","full":4.1},"geometry":{"type":"Polygon","coordinates":[[[136.15623,36.15141],[136.15571,36.15124],[136.15563,36.15142],[136.15614,36.15158],[136.15623,36.15141]]]}},{"type":"Feature","properties":{"pid":"a7632d63-42cf-425b-84d5-fed19f93a140","full":4.3},"geometry":{"type":"Polygon","coordinates":[[[136.15632,36.15124],[136.15581,36.15107],[136.15571,36.15124],[136.15623,36.15141],[136.15632,36.15124]]]}},{"type":"Feature","properties":{"pid":"04a78748-9683-4fa3-8b45-7e29dada3fd3","full":5.8},"geometry":{"type":"Polygon","coordinates":[[[136.15683,36.15099],[136.15653,36.15089],[136.15636,36.15122],[136.15668,36.15132],[136.15683,36.15099]]]}},{"type":"Feature","properties":{"pid":"603ba805-d0f3-4215-b20b-c244ae6ea651","full":2.4},"geometry":{"type":"Polygon","coordinates":[[[136.15665,36.15137],[136.15634,36.15128],[136.15625,36.15146],[136.15656,36.15156],[136.15665,36.15137]]]}},{"type":"Feature","properties":{"pid":"1b872333-e6ec-4113-bcc7-3e25cb00e7f2","full":8.1},"geometry":{"type":"Polygon","coordinates":[[[136.15728,36.15195],[136.15676,36.15179],[136.15664,36.15204],[136.15715,36.15221],[136.15728,36.15195]]]}},{"type":"Feature","properties":{"pid":"4865ed39-40c2-45f3-9ab2-5a8440244b25","full":15.2},"geometry":{"type":"Polygon","coordinates":[[[136.15656,36.15156],[136.15625,36.15146],[136.15589,36.15218],[136.1562,36.15228],[136.15656,36.15156]]]}},{"type":"Feature","properties":{"pid":"0fa6cf89-81c9-4832-bfa7-f765c6dffe04","full":23.7},"geometry":{"type":"Polygon","coordinates":[[[136.15609,36.15167],[136.15559,36.15151],[136.15529,36.15209],[136.15578,36.15226],[136.15581,36.15225],[136.15609,36.15167]]]}},{"type":"Feature","properties":{"pid":"1ad28f59-4df2-4326-9129-e04bbe523b73","full":16.4},"geometry":{"type":"Polygon","coordinates":[[[136.15715,36.15221],[136.15664,36.15204],[136.15643,36.15247],[136.15695,36.15263],[136.15715,36.15221]]]}},{"type":"Feature","properties":{"pid":"6b575017-a37a-452a-bc4f-ecffbfff8263","full":27.7},"geometry":{"type":"Polygon","coordinates":[[[136.15784,36.15214],[136.15733,36.15198],[136.157,36.15265],[136.15752,36.15281],[136.15784,36.15214]]]}},{"type":"Feature","properties":{"pid":"cda4490b-a340-48d3-8069-a7bbd45cb00f","full":28.7},"geometry":{"type":"Polygon","coordinates":[[[136.15861,36.15199],[136.15808,36.15182],[136.15776,36.15248],[136.15828,36.15266],[136.15861,36.15199]]]}},{"type":"Feature","properties":{"pid":"4ea9c172-4c25-4fa9-aafc-29db3c6f3f6c","full":12.1},"geometry":{"type":"Polygon","coordinates":[[[136.15802,36.15181],[136.15749,36.15164],[136.15733,36.15198],[136.15784,36.15214],[136.15802,36.15181]]]}},{"type":"Feature","properties":{"pid":"44679b0a-e8f6-428a-8810-4bed2a257804","full":12.0},"geometry":{"type":"Polygon","coordinates":[[[136.15744,36.15161],[136.15695,36.15145],[136.15693,36.15146],[136.15676,36.15179],[136.15728,36.15194],[136.15744,36.15161]]]}},{"type":"Feature","properties":{"pid":"fb6f00ec-1aea-4af3-881b-2b1d7f0f787c","full":4.0},"geometry":{"type":"Polygon","coordinates":[[[136.15772,36.15105],[136.15721,36.15088],[136.15713,36.15105],[136.15764,36.15121],[136.15772,36.15105]]]}},{"type":"Feature","properties":{"pid":"0cc23814-cf53-4c43-8ac3-fddd31461999","full":13.3},"geometry":{"type":"Polygon","coordinates":[[[136.15764,36.15121],[136.15713,36.15105],[136.15695,36.15141],[136.15746,36.15158],[136.15764,36.15121]]]}},{"type":"Feature","properties":{"pid":"daf1d921-9923-4261-b75f-5c66563a2253","full":20.1},"geometry":{"type":"Polygon","coordinates":[[[136.15853,36.15075],[136.15801,36.15059],[136.15776,36.15108],[136.15829,36.15126],[136.15853,36.15075]]]}},{"type":"Feature","properties":{"pid":"ade0c5e0-19c3-40ef-a94b-8fc3fb7437eb","full":4.3},"geometry":{"type":"Polygon","coordinates":[[[136.15829,36.15126],[136.15776,36.15109],[136.15768,36.15125],[136.1582,36.15143],[136.15829,36.15126]]]}},{"type":"Feature","properties":{"pid":"a17fa623-ec66-44d1-8d9f-801b4d7852f3","full":12.6},"geometry":{"type":"Polygon","coordinates":[[[136.1582,36.15143],[136.15768,36.15125],[136.1575,36.15159],[136.15805,36.15176],[136.1582,36.15143]]]}},{"type":"Feature","properties":{"pid":"0feb36d2-a719-4d4b-82de-a49413eca06d","full":30.9},"geometry":{"type":"Polygon","coordinates":[[[136.15906,36.1511],[136.15852,36.15093],[136.15818,36.15162],[136.15872,36.1518],[136.15906,36.1511]]]}},{"type":"Feature","properties":{"pid":"aa219e04-09c4-4dd8-b57e-dab5948f7b67","full":3.7},"geometry":{"type":"Polygon","coordinates":[[[136.15913,36.15094],[136.15859,36.15077],[136.15852,36.15093],[136.15906,36.1511],[136.15913,36.15094]]]}},{"type":"Feature","properties":{"pid":"39fe8d6f-81af-4023-be45-3b41b279f41a","full":19.6},"geometry":{"type":"Polygon","coordinates":[[[136.15968,36.15112],[136.15918,36.15095],[136.15893,36.15146],[136.15943,36.15162],[136.15968,36.15112]]]}},{"type":"Feature","properties":{"pid":"6dd0eea1-6a45-49c4-a68d-40eb093899c3","full":12.0},"geometry":{"type":"Polygon","coordinates":[[[136.15943,36.15162],[136.15893,36.15146],[136.15876,36.1518],[136.15927,36.15197],[136.15943,36.15162]]]}},{"type":"Feature","properties":{"pid":"8bf77cb5-08c4-4cc9-93ee-e1e9a5a4f20d","full":4.4},"geometry":{"type":"Polygon","coordinates":[[[136.15927,36.15197],[136.15876,36.1518],[136.15867,36.15197],[136.15918,36.15214],[136.15927,36.15197]]]}},{"type":"Feature","properties":{"pid":"910847cf-51d0-467c-8cab-c9ccaa23dc64","full":3.9},"geometry":{"type":"Polygon","coordinates":[[[136.15872,36.1518],[136.15818,36.15163],[136.1581,36.15179],[136.15864,36.15196],[136.15872,36.1518]]]}},{"type":"Feature","properties":{"pid":"6bc7f5ac-af0f-4563-8d53-e833b8104c36","full":12.1},"geometry":{"type":"Polygon","coordinates":[[[136.15916,36.1522],[136.15864,36.15203],[136.15848,36.15236],[136.15899,36.15254],[136.15916,36.1522]]]}},{"type":"Feature","properties":{"pid":"590ca044-32b3-455d-9c12-f5534568041a","full":3.3},"geometry":{"type":"Polygon","coordinates":[[[136.15917,36.15239],[136.15965,36.15255],[136.15972,36.15239],[136.15925,36.15223],[136.15917,36.15239]]]}},{"type":"Feature","properties":{"pid":"483a5d3e-b6c4-4d70-a76c-0d48fd562ce2","full":12.1},"geometry":{"type":"Polygon","coordinates":[[[136.15964,36.15256],[136.15916,36.1524],[136.15898,36.15276],[136.15947,36.15292],[136.15964,36.15256]]]}},{"type":"Feature","properties":{"pid":"3f029285-523c-4257-9ba7-5c6bb5a5dd0c","full":16.2},"geometry":{"type":"Polygon","coordinates":[[[136.15947,36.15293],[136.15899,36.15277],[136.15876,36.15323],[136.15924,36.15338],[136.15947,36.15293]]]}},{"type":"Feature","properties":{"pid":"7981aad6-dd12-4f5d-b5bf-bfe1756a1d7a","full":12.0},"geometry":{"type":"Polygon","coordinates":[[[136.15857,36.15362],[136.15905,36.15377],[136.15923,36.15341],[136.15875,36.15326],[136.15857,36.15362]]]}},{"type":"Feature","properties":{"pid":"ac406e8a-0874-41c9-b15a-2509e10b4f7b","full":4.0},"geometry":{"type":"Polygon","coordinates":[[[136.15797,36.15339],[136.15851,36.15356],[136.15859,36.15339],[136.15806,36.15322],[136.15797,36.15339]]]}},{"type":"Feature","properties":{"pid":"0e02852e-5194-47e4-90cd-7bcecc78e838","full":3.8},"geometry":{"type":"Polygon","coordinates":[[[136.15806,36.15322],[136.15859,36.15339],[136.15867,36.15323],[136.15814,36.15306],[136.15806,36.15322]]]}},{"type":"Feature","properties":{"pid":"ce6cd478-65d4-43e5-85c0-8a7d607f28e0","full":3.2},"geometry":{"type":"Polygon","coordinates":[[[136.15874,36.15304],[136.15823,36.15288],[136.15816,36.15303],[136.15866,36.1532],[136.15874,36.15304]]]}},{"type":"Feature","properties":{"pid":"b074413e-773e-42cc-88d9-9778f9d9a5ae","full":19.6},"geometry":{"type":"Polygon","coordinates":[[[136.15899,36.15254],[136.15848,36.15236],[136.15823,36.15287],[136.15874,36.15303],[136.15899,36.15254]]]}},{"type":"Feature","properties":{"pid":"8263b105-3099-4b87-abe8-b8c3dfdcb71f","full":12.4},"geometry":{"type":"Polygon","coordinates":[[[136.15827,36.15268],[136.15775,36.1525],[136.15758,36.15284],[136.15811,36.15302],[136.15827,36.15268]]]}},{"type":"Feature","properties":{"pid":"7e740a13-6c7d-4f9c-8837-f1bdb26979cc","full":10.8},"geometry":{"type":"Polygon","coordinates":[[[136.15749,36.15285],[136.15699,36.15269],[136.15683,36.153],[136.15734,36.15317],[136.15749,36.15285]]]}},{"type":"Feature","properties":{"pid":"23ac3b49-7f56-4bc1-841b-1b68d7669a37","full":17.9},"geometry":{"type":"Polygon","coordinates":[[[136.15736,36.15333],[136.15788,36.1535],[136.1581,36.15305],[136.15757,36.15287],[136.15736,36.15333]]]}},{"type":"Feature","properties":{"pid":"3ee9c98d-b96b-4e63-9b1e-416f166fcba6","full":3.7},"geometry":{"type":"Polygon","coordinates":[[[136.15789,36.15355],[136.15844,36.15372],[136.15851,36.15356],[136.15797,36.15339],[136.15789,36.15355]]]}},{"type":"Feature","properties":{"pid":"a03ed0b3-e84b-4f68-bca5-24acc123d621","full":20.5},"geometry":{"type":"Polygon","coordinates":[[[136.15843,36.15373],[136.15789,36.15355],[136.15764,36.15403],[136.1582,36.15421],[136.15843,36.15373]]]}},{"type":"Feature","properties":{"pid":"3c2d05ac-35b6-4b9e-8309-676e564fd951","full":10.3},"geometry":{"type":"Polygon","coordinates":[[[136.15721,36.15363],[136.15772,36.15379],[136.15787,36.1535],[136.15735,36.15333],[136.15721,36.15363]]]}},{"type":"Feature","properties":{"pid":"b87fec83-0f5d-4ef5-abe2-27c18fce648d","full":7.0},"geometry":{"type":"Polygon","coordinates":[[[136.15772,36.1538],[136.15719,36.15364],[136.15707,36.15386],[136.1576,36.15403],[136.15772,36.1538]]]}},{"type":"Feature","properties":{"pid":"73b48842-f71f-4859-83ee-d029d8196d9b","full":7.3},"geometry":{"type":"Polygon","coordinates":[[[136.1576,36.15403],[136.15706,36.15386],[136.15692,36.15413],[136.15751,36.15422],[136.1576,36.15403]]]}},{"type":"Feature","properties":{"pid":"3f6f1a9c-491a-4e4d-8e48-1ffb2697782f","full":2.0},"geometry":{"type":"Polygon","coordinates":[[[136.15816,36.15438],[136.15738,36.15427],[136.15812,36.15457],[136.15821,36.15441],[136.15816,36.15438]]]}},{"type":"Feature","properties":{"pid":"924cc102-8437-49c3-94ad-c20268cab4fa","full":3.0},"geometry":{"type":"Polygon","coordinates":[[[136.15819,36.15421],[136.15764,36.15403],[136.15755,36.15422],[136.15814,36.1543],[136.15819,36.15421]]]}},{"type":"Feature","properties":{"pid":"35664b5c-e021-43aa-9615-90320f07e463","full":8.6},"geometry":{"type":"Polygon","coordinates":[[[136.15886,36.15413],[136.15839,36.15397],[136.15823,36.15429],[136.15874,36.15437],[136.15886,36.15413]]]}},{"type":"Feature","properties":{"pid":"597bf990-90c9-4e41-81e9-30cc9bbdc7b7","full":3.4},"geometry":{"type":"Polygon","coordinates":[[[136.15848,36.15379],[136.15897,36.15394],[136.15904,36.15378],[136.15857,36.15363],[136.15848,36.15379]]]}},{"type":"Feature","properties":{"pid":"718cc6f2-e662-4259-a97d-bb4c54b538a0","full":4.2},"geometry":{"type":"Polygon","coordinates":[[[136.15896,36.15394],[136.15848,36.15379],[136.15839,36.15397],[136.15887,36.15413],[136.15896,36.15394]]]}},{"type":"Feature","properties":{"pid":"d919e13e-23db-45b9-9351-6f363463556b","full":19.0},"geometry":{"type":"Polygon","coordinates":[[[136.15908,36.15385],[136.15967,36.15404],[136.1599,36.15365],[136.15929,36.15344],[136.15908,36.15385]]]}},{"type":"Feature","properties":{"pid":"e4e709be-701a-465d-851e-56e3bc1b6ba3","full":21.3},"geometry":{"type":"Polygon","coordinates":[[[136.15967,36.15405],[136.15907,36.15386],[136.15882,36.15439],[136.15939,36.15448],[136.15967,36.15405]]]}},{"type":"Feature","properties":{"pid":"78862f32-5cc0-4601-9223-fb9315fe87ef","full":18.8},"geometry":{"type":"Polygon","coordinates":[[[136.15878,36.1553],[136.15795,36.15497],[136.15777,36.15526],[136.15859,36.15558],[136.15878,36.1553]]]}},{"type":"Feature","properties":{"pid":"9dbbf77b-e2fd-4851-8fb6-5118b4cf0d78","full":13.0},"geometry":{"type":"Polygon","coordinates":[[[136.15893,36.15508],[136.15809,36.15474],[136.15795,36.15496],[136.15878,36.1553],[136.15893,36.15508]]]}},{"type":"Feature","properties":{"pid":"ef7f8a49-4bce-4788-82ff-34f52c1d2da4","full":18.6},"geometry":{"type":"Polygon","coordinates":[[[136.15912,36.1548],[136.15826,36.15446],[136.15809,36.15474],[136.15893,36.15508],[136.15912,36.1548]]]}},{"type":"Feature","properties":{"pid":"c4046d82-657f-4605-bab2-d84d2db76060","full":3.2},"geometry":{"type":"Polygon","coordinates":[[[136.15857,36.15443],[136.1583,36.15439],[136.15826,36.15446],[136.15912,36.1548],[136.15919,36.1547],[136.15918,36.15467],[136.15857,36.15443]]]}},{"type":"Feature","properties":{"pid":"8f4c2956-53a1-4f37-85e3-e77e6c882998","full":14.2},"geometry":{"type":"Polygon","coordinates":[[[136.15812,36.15457],[136.15737,36.15427],[136.15722,36.15453],[136.15796,36.15483],[136.15812,36.15457]]]}},{"type":"Feature","properties":{"pid":"4cf844fe-89b6-400d-aff9-f6f32dd8ab8f","full":29.2},"geometry":{"type":"Polygon","coordinates":[[[136.15796,36.15483],[136.15722,36.15453],[136.15694,36.15497],[136.15769,36.15527],[136.15796,36.15483]]]}},{"type":"Feature","properties":{"pid":"580f3ab7-05d2-4927-aa21-6a40025d9b46","full":7.9},"geometry":{"type":"Polygon","coordinates":[[[136.15769,36.15527],[136.15694,36.15497],[136.15683,36.15515],[136.15758,36.15545],[136.15769,36.15527]]]}},{"type":"Feature","properties":{"pid":"54638ce0-ec06-47d6-aee3-97aa729b74ac","full":18.8},"geometry":{"type":"Polygon","coordinates":[[[136.15859,36.15558],[136.15777,36.15526],[136.1576,36.15556],[136.15839,36.15587],[136.15859,36.15558]]]}},{"type":"Feature","properties":{"pid":"3be3766e-5561-43ef-8e9a-56046eebd2bf","full":16.8},"geometry":{"type":"Polygon","coordinates":[[[136.15758,36.15545],[136.15683,36.15515],[136.15665,36.15544],[136.1574,36.15574],[136.15758,36.15545]]]}},{"type":"Feature","properties":{"pid":"b4290a35-6dac-4064-b3b3-a5c70e163000","full":12.5},"geometry":{"type":"Polygon","coordinates":[[[136.1582,36.15612],[136.15744,36.15582],[136.15729,36.15606],[136.15803,36.15635],[136.1582,36.15612]]]}},{"type":"Feature","properties":{"pid":"6383eb0f-59ab-48fc-9bdf-4da06281be00","full":10.8},"geometry":{"type":"Polygon","coordinates":[[[136.15838,36.15587],[136.15759,36.15556],[136.15747,36.15577],[136.15821,36.15607],[136.15825,36.15607],[136.15838,36.15587]]]}},{"type":"Feature","properties":{"pid":"d0e220f5-d2ed-498a-b30a-4dbd94ee0c73","full":14.9},"geometry":{"type":"Polygon","coordinates":[[[136.15753,36.15699],[136.15688,36.15673],[136.1567,36.15704],[136.15727,36.15729],[136.15729,36.15728],[136.15753,36.15699]]]}},{"type":"Feature","properties":{"pid":"b9d73459-d287-4fa3-8af5-e9d66703c70c","full":1.8},"geometry":{"type":"Polygon","coordinates":[[[136.15761,36.15689],[136.15695,36.15663],[136.15688,36.15673],[136.15753,36.15699],[136.15761,36.15689]]]}},{"type":"Feature","properties":{"pid":"7413d47e-336d-4816-90d2-295f1d802f3f","full":15.5},"geometry":{"type":"Polygon","coordinates":[[[136.15802,36.15636],[136.15729,36.15606],[136.15712,36.15635],[136.15782,36.15663],[136.15802,36.15636]]]}},{"type":"Feature","properties":{"pid":"eaaa1a12-b249-4628-aa21-4abfb19a23d5","full":14.3},"geometry":{"type":"Polygon","coordinates":[[[136.15782,36.15663],[136.15712,36.15635],[136.15695,36.15662],[136.15761,36.15689],[136.15764,36.15685],[136.15768,36.15682],[136.15782,36.15663]]]}},{"type":"Feature","properties":{"pid":"bd2da6e5-ffb2-49a3-835c-7c87f13cc8e1","full":19.5},"geometry":{"type":"Polygon","coordinates":[[[136.15696,36.15645],[136.15622,36.15615],[136.15602,36.15648],[136.15677,36.15678],[136.15696,36.15645]]]}},{"type":"Feature","properties":{"pid":"b5dd95c0-df10-4e69-9760-a0d665bc360f","full":7.5},"geometry":{"type":"Polygon","coordinates":[[[136.15678,36.15684],[136.156,36.15653],[136.15596,36.15671],[136.15667,36.15702],[136.15678,36.15684]]]}},{"type":"Feature","properties":{"pid":"45ba4490-dea9-4866-a868-d27bed26025f","full":23.4},"geometry":{"type":"Polygon","coordinates":[[[136.155,36.15695],[136.15454,36.15676],[136.15417,36.15737],[136.15463,36.15755],[136.155,36.15695]]]}},{"type":"Feature","properties":{"pid":"2797d204-c6d7-4d1d-82f4-7ccb22e7a18d","full":18.3},"geometry":{"type":"Polygon","coordinates":[[[136.15593,36.1565],[136.15563,36.15638],[136.15526,36.15699],[136.15567,36.15714],[136.15585,36.15684],[136.15593,36.1565]]]}},{"type":"Feature","properties":{"pid":"0ed2dce1-d8b6-410f-b7e3-8acb0582903b","full":17.3},"geometry":{"type":"Polygon","coordinates":[[[136.15562,36.15637],[136.15526,36.15622],[136.1549,36.15684],[136.15526,36.15698],[136.15562,36.15637]]]}},{"type":"Feature","properties":{"pid":"ec6067b0-b91a-45ad-a774-84b84b9b7b46","full":19.0},"geometry":{"type":"Polygon","coordinates":[[[136.15526,36.15622],[136.15487,36.15607],[136.15449,36.15667],[136.15489,36.15683],[136.15526,36.15622]]]}},{"type":"Feature","properties":{"pid":"b612bab7-2e60-4f7e-bb1f-c97f221c67eb","full":11.1},"geometry":{"type":"Polygon","coordinates":[[[136.15486,36.15606],[136.15459,36.15595],[136.15423,36.15654],[136.15424,36.15657],[136.15449,36.15667],[136.15486,36.15606]]]}},{"type":"Feature","properties":{"pid":"bb2c7ef8-e873-441f-b8d9-87e798b94e60","full":13.7},"geometry":{"type":"Polygon","coordinates":[[[136.15536,36.15578],[136.15483,36.15557],[136.15463,36.1559],[136.15515,36.15612],[136.15536,36.15578]]]}},{"type":"Feature","properties":{"pid":"286112d5-dd47-4ed1-99da-c1a2e0fac830","full":7.8},"geometry":{"type":"Polygon","coordinates":[[[136.15427,36.15512],[136.15404,36.15527],[136.15475,36.15556],[136.15487,36.15536],[136.15427,36.15512]]]}},{"type":"Feature","properties":{"pid":"5db7a76d-8c0e-4345-be02-f01a75482469","full":1.3},"geometry":{"type":"Polygon","coordinates":[[[136.15542,36.15567],[136.1549,36.15546],[136.15483,36.15556],[136.15536,36.15578],[136.15542,36.15567]]]}},{"type":"Feature","properties":{"pid":"d77d3ba6-b5ff-426e-ae5a-14ae5ef3ffe0","full":16.1},"geometry":{"type":"Polygon","coordinates":[[[136.1554,36.15516],[136.15512,36.15513],[136.15508,36.15515],[136.1549,36.15546],[136.15542,36.15567],[136.15567,36.15528],[136.1554,36.15516]]]}},{"type":"Feature","properties":{"pid":"a9da680a-d75e-45f3-8fc6-3f6bda2139c3","full":19.3},"geometry":{"type":"Polygon","coordinates":[[[136.15616,36.15613],[136.1554,36.15583],[136.15521,36.15614],[136.15597,36.15645],[136.15616,36.15613]]]}},{"type":"Feature","properties":{"pid":"a879be54-9ba5-4e14-b888-75311e98d7c9","full":22.9},"geometry":{"type":"Polygon","coordinates":[[[136.15719,36.15609],[136.15645,36.15579],[136.15622,36.15615],[136.15697,36.15645],[136.15719,36.15609]]]}},{"type":"Feature","properties":{"pid":"7155c333-555a-4b0b-b638-b6405549f2cd","full":17.2},"geometry":{"type":"Polygon","coordinates":[[[136.15737,36.15579],[136.15663,36.15549],[136.15645,36.15578],[136.1572,36.15609],[136.15737,36.15579]]]}},{"type":"Feature","properties":{"pid":"ef50aa0f-a3d7-40c0-8d8a-2e353b9e5a01","full":48.1},"geometry":{"type":"Polygon","coordinates":[[[136.15658,36.15547],[136.15583,36.15516],[136.1554,36.15582],[136.15617,36.15613],[136.15658,36.15547]]]}},{"type":"Feature","properties":{"pid":"926dc5dc-c507-4a8e-a1c2-c9fcfb80693d","full":20.5},"geometry":{"type":"Polygon","coordinates":[[[136.1568,36.15507],[136.15607,36.15478],[136.15598,36.15494],[136.15583,36.15511],[136.15659,36.15542],[136.1568,36.15507]]]}},{"type":"Feature","properties":{"pid":"45ac74df-0e09-49b2-b243-0f8812f7e816","full":8.4},"geometry":{"type":"Polygon","coordinates":[[[136.15691,36.15489],[136.15617,36.15459],[136.15607,36.15478],[136.1568,36.15507],[136.15691,36.15489]]]}},{"type":"Feature","properties":{"pid":"748e580f-5873-4997-8032-adc88e6debd2","full":11.5},"geometry":{"type":"Polygon","coordinates":[[[136.15704,36.15466],[136.15628,36.15435],[136.15617,36.15458],[136.15691,36.15488],[136.15704,36.15466]]]}},{"type":"Feature","properties":{"pid":"115792d7-598c-4eda-835d-703b8434c6da","full":4.0},"geometry":{"type":"Polygon","coordinates":[[[136.15597,36.15456],[136.15547,36.1544],[136.15538,36.15457],[136.15589,36.15473],[136.15597,36.15456]]]}},{"type":"Feature","properties":{"pid":"fa122993-7ef9-4ca2-ba97-f89a92d21b3a","full":4.2},"geometry":{"type":"Polygon","coordinates":[[[136.15589,36.15473],[136.15538,36.15457],[136.15529,36.15474],[136.15577,36.1549],[136.15582,36.15484],[136.15589,36.15473]]]}},{"type":"Feature","properties":{"pid":"69e70db6-0d55-494c-90e9-0a261aa00307","full":4.5},"geometry":{"type":"Polygon","coordinates":[[[136.15576,36.1549],[136.15529,36.15474],[136.15516,36.15501],[136.15531,36.15503],[136.15546,36.15503],[136.15556,36.15501],[136.15569,36.15496],[136.15576,36.1549]]]}},{"type":"Feature","properties":{"pid":"e8aeb296-2137-47b6-a030-533a6790c0a7","full":5.1},"geometry":{"type":"Polygon","coordinates":[[[136.1544,36.15503],[136.15436,36.15506],[136.15427,36.15512],[136.15487,36.15536],[136.155,36.15513],[136.15499,36.15512],[136.1544,36.15503]]]}},{"type":"Feature","properties":{"pid":"f8ac8e6d-f14a-4763-8b06-c18c3b4c795e","full":2.3},"geometry":{"type":"Polygon","coordinates":[[[136.15512,36.15491],[136.15463,36.15474],[136.15452,36.15492],[136.15508,36.155],[136.15512,36.15491]]]}},{"type":"Feature","properties":{"pid":"7fa0c31f-549b-487a-b2a7-794a98af69c4","full":1.7},"geometry":{"type":"Polygon","coordinates":[[[136.15454,36.15452],[136.15414,36.15438],[136.15408,36.15453],[136.1544,36.15463],[136.15454,36.15452]]]}},{"type":"Feature","properties":{"pid":"40fbe1e1-d21f-4842-a918-e0e556c3bcb5","full":3.0},"geometry":{"type":"Polygon","coordinates":[[[136.15438,36.15468],[136.15407,36.15458],[136.15384,36.15504],[136.15388,36.15503],[136.1543,36.15474],[136.15438,36.15468]]]}},{"type":"Feature","properties":{"pid":"4c8b3bfc-a8e9-4673-9f16-e340ead365cb","full":25.2},"geometry":{"type":"Polygon","coordinates":[[[136.15398,36.15453],[136.15332,36.15432],[136.15309,36.15477],[136.15378,36.155],[136.15398,36.15458],[136.15398,36.15453]]]}},{"type":"Feature","properties":{"pid":"d5aa7ee7-67f5-49fe-ae0c-8e2e76d0b91e","full":1.0},"geometry":{"type":"Polygon","coordinates":[[[136.15374,36.1551],[136.15374,36.15508],[136.15305,36.15486],[136.153,36.15495],[136.15365,36.15517],[136.15374,36.1551]]]}},{"type":"Feature","properties":{"pid":"7c2b20da-a0fb-4132-bfeb-44472b3e16d0","full":7.0},"geometry":{"type":"Polygon","coordinates":[[[136.15365,36.15517],[136.15301,36.15497],[136.1529,36.15518],[136.15338,36.15534],[136.15365,36.15517]]]}},{"type":"Feature","properties":{"pid":"5481e0b0-a241-4244-8b65-dbcfc2d4d0e4","full":20.0},"geometry":{"type":"Polygon","coordinates":[[[136.15404,36.15527],[136.15396,36.15532],[136.15379,36.15549],[136.15371,36.15554],[136.15455,36.15588],[136.15475,36.15556],[136.15404,36.15527]]]}},{"type":"Feature","properties":{"pid":"e2d12375-52a8-4848-a9c4-74f907a2b232","full":20.3},"geometry":{"type":"Polygon","coordinates":[[[136.15452,36.15592],[136.15411,36.15576],[136.15374,36.15637],[136.15413,36.15652],[136.15416,36.15652],[136.15452,36.15592]]]}},{"type":"Feature","properties":{"pid":"c3e5841e-e259-44aa-afa5-c0f632b88384","full":24.2},"geometry":{"type":"Polygon","coordinates":[[[136.1541,36.15576],[136.15367,36.15558],[136.15361,36.1556],[136.15326,36.15618],[136.15373,36.15636],[136.1541,36.15576]]]}},{"type":"Feature","properties":{"pid":"5a965a5c-8a72-495b-a144-b53b91b8ce44","full":7.4},"geometry":{"type":"Polygon","coordinates":[[[136.15357,36.15558],[136.15342,36.15565],[136.1529,36.15598],[136.1529,36.15601],[136.15291,36.15602],[136.15293,36.15604],[136.15325,36.15617],[136.15359,36.1556],[136.1536,36.15558],[136.15357,36.15558]]]}},{"type":"Feature","properties":{"pid":"a3f8b20f-7cbd-4953-af99-1405cfc18bcd","full":3.7},"geometry":{"type":"Polygon","coordinates":[[[136.15304,36.15554],[136.15338,36.15534],[136.15289,36.15518],[136.15284,36.1553],[136.15293,36.15538],[136.15299,36.15545],[136.15298,36.15554],[136.15304,36.15554]]]}},{"type":"Feature","properties":{"pid":"78e51429-d5b0-487c-a1af-ceaea55b85b8","full":12.3},"geometry":{"type":"Polygon","coordinates":[[[136.15226,36.15558],[136.15255,36.15582],[136.15293,36.15561],[136.15292,36.1555],[136.15267,36.15527],[136.15226,36.15558]]]}},{"type":"Feature","properties":{"pid":"8afbaaa3-9817-4ec3-9829-797b558cb4ff","full":16.4},"geometry":{"type":"Polygon","coordinates":[[[136.15228,36.15493],[136.15188,36.15524],[136.15226,36.15557],[136.15267,36.15527],[136.15228,36.15493]]]}},{"type":"Feature","properties":{"pid":"b59e181b-e084-41af-8a57-ff13990a06c4","full":8.7},"geometry":{"type":"Polygon","coordinates":[[[136.15299,36.15491],[136.15246,36.15474],[136.1524,36.15489],[136.15239,36.15493],[136.1528,36.15528],[136.1529,36.15507],[136.15299,36.15491]]]}},{"type":"Feature","properties":{"pid":"401c9852-b2e5-4610-98cc-96ebf550e934","full":10.9},"geometry":{"type":"Polygon","coordinates":[[[136.15314,36.15461],[136.15261,36.15443],[136.15246,36.15474],[136.15299,36.15491],[136.15314,36.15461]]]}},{"type":"Feature","properties":{"pid":"9a16a70e-7385-4110-87e7-2a18b0e2bb9e","full":0.9},"geometry":{"type":"Polygon","coordinates":[[[136.15249,36.15456],[136.15196,36.15439],[136.15191,36.15449],[136.15244,36.15466],[136.15249,36.15456]]]}},{"type":"Feature","properties":{"pid":"3f402793-d75b-4b33-b11e-ad8a3bfbc2a1","full":1.6},"geometry":{"type":"Polygon","coordinates":[[[136.15244,36.15466],[136.15191,36.15449],[136.15191,36.1545],[136.15234,36.15487],[136.15244,36.15466]]]}},{"type":"Feature","properties":{"pid":"6585c515-97df-41a2-9673-55a9a964fdc1","full":39.3},"geometry":{"type":"Polygon","coordinates":[[[136.15227,36.15492],[136.15144,36.15421],[136.15108,36.15448],[136.15106,36.15453],[136.15187,36.15523],[136.15227,36.15492]]]}},{"type":"Feature","properties":{"pid":"971a459f-2276-4094-a9aa-54c26212a3f4","full":111.8},"geometry":{"type":"Polygon","coordinates":[[[136.15173,36.15626],[136.15035,36.15504],[136.14977,36.15549],[136.1498,36.15551],[136.14976,36.15555],[136.15106,36.15667],[136.15173,36.15626]]]}},{"type":"Feature","properties":{"pid":"02170b09-8cee-4c2c-96ee-fd97295dc607","full":115.1},"geometry":{"type":"Polygon","coordinates":[[[136.15244,36.15583],[136.15104,36.15457],[136.15098,36.15458],[136.15042,36.155],[136.15043,36.15501],[136.15042,36.15503],[136.15179,36.15624],[136.15244,36.15583]]]}},{"type":"Feature","properties":{"pid":"7cbaa9c9-59aa-4890-bd69-9d2742ea2d25","full":32.1},"geometry":{"type":"Polygon","coordinates":[[[136.15174,36.15733],[136.15177,36.15735],[136.1518,36.15734],[136.15224,36.1567],[136.15195,36.15644],[136.15124,36.15689],[136.15125,36.15692],[136.15174,36.15733]]]}},{"type":"Feature","properties":{"pid":"23678f8c-8525-4e50-a3f1-e53065c3a753","full":17.8},"geometry":{"type":"Polygon","coordinates":[[[136.15098,36.15671],[136.15058,36.15639],[136.15004,36.15681],[136.15011,36.15686],[136.15017,36.15683],[136.15031,36.15695],[136.15052,36.15697],[136.15098,36.15671]]]}},{"type":"Feature","properties":{"pid":"224578a2-30f7-4f32-b983-ad9c27f5ec24","full":3.9},"geometry":{"type":"Polygon","coordinates":[[[136.15257,36.15609],[136.15255,36.15609],[136.15202,36.15641],[136.15228,36.15664],[136.15257,36.15609]]]}},{"type":"Feature","properties":{"pid":"a7ae535f-6251-4cfc-994c-4e9609a513ee","full":13.1},"geometry":{"type":"Polygon","coordinates":[[[136.15312,36.15619],[136.1528,36.15606],[136.15248,36.15668],[136.15276,36.1568],[136.15312,36.15619]]]}},{"type":"Feature","properties":{"pid":"e3af4a1c-9cb5-42d0-88ea-2d7c81b0d9df","full":27.9},"geometry":{"type":"Polygon","coordinates":[[[136.1541,36.15658],[136.15358,36.15638],[136.15322,36.15698],[136.15374,36.15719],[136.15411,36.1566],[136.1541,36.15658]]]}},{"type":"Feature","properties":{"pid":"3ccdb4e6-267e-4500-a559-82d7e4149739","full":22.2},"geometry":{"type":"Polygon","coordinates":[[[136.15358,36.15637],[136.15313,36.1562],[136.15277,36.1568],[136.15321,36.15698],[136.15358,36.15637]]]}},{"type":"Feature","properties":{"pid":"e98cbe4f-eb76-4ccf-a20c-3e2f6241d271","full":15.7},"geometry":{"type":"Polygon","coordinates":[[[136.15453,36.15676],[136.1542,36.15662],[136.15383,36.15723],[136.15416,36.15737],[136.15453,36.15676]]]}},{"type":"Feature","properties":{"pid":"1ce958c3-1cb5-40cc-b716-4d4c389b148f","full":36.4},"geometry":{"type":"Polygon","coordinates":[[[136.16715,36.15689],[136.1663,36.1569],[136.16631,36.15748],[136.16716,36.15747],[136.16715,36.15689]]]}},{"type":"Feature","properties":{"pid":"7aaef48a-74b4-4cc1-be74-41fc7c964df3","full":36.2},"geometry":{"type":"Polygon","coordinates":[[[136.16631,36.15689],[136.16715,36.15689],[136.16714,36.15631],[136.16629,36.15631],[136.16631,36.15689]]]}},{"type":"Feature","properties":{"pid":"d68eaf8d-321b-4dc7-96e6-767a9203c1af","full":23.7},"geometry":{"type":"Polygon","coordinates":[[[136.16623,36.15672],[136.16622,36.1563],[136.16538,36.15631],[136.16539,36.15672],[136.16623,36.15672]]]}},{"type":"Feature","properties":{"pid":"1b6d055d-a063-4083-b35f-9262eb70fdd1","full":45.7},"geometry":{"type":"Polygon","coordinates":[[[136.16539,36.15673],[136.16539,36.15745],[136.16622,36.15744],[136.16622,36.15742],[136.16624,36.15742],[136.16623,36.15673],[136.16539,36.15673]]]}},{"type":"Feature","properties":{"pid":"d8bf15db-30a3-40df-ac05-2803e22be649","full":8.4},"geometry":{"type":"Polygon","coordinates":[[[136.16484,36.15709],[136.16531,36.15708],[136.16529,36.15632],[136.16526,36.15632],[136.16514,36.15653],[136.16513,36.15662],[136.16484,36.15709]]]}},{"type":"Feature","properties":{"pid":"383dc8c5-01c9-41de-ac2c-3c3e88a6525d","full":16.1},"geometry":{"type":"Polygon","coordinates":[[[136.1672,36.156],[136.16831,36.15598],[136.16831,36.15573],[136.16719,36.15575],[136.1672,36.156]]]}},{"type":"Feature","properties":{"pid":"5e5142d6-37b7-48fc-98b7-0e313bbf2e8b","full":8.8},"geometry":{"type":"Polygon","coordinates":[[[136.16719,36.15555],[136.16829,36.15554],[136.16829,36.15553],[136.16831,36.15552],[136.1683,36.15537],[136.16719,36.15537],[136.16719,36.15555]]]}},{"type":"Feature","properties":{"pid":"b1dbbe2a-e2bd-4230-a3fb-308a348b0c95","full":9.4},"geometry":{"type":"Polygon","coordinates":[[[136.16831,36.15573],[136.16831,36.15556],[136.16829,36.15556],[136.16829,36.15555],[136.16719,36.15556],[136.16719,36.15574],[136.16831,36.15573]]]}},{"type":"Feature","properties":{"pid":"7867cbe5-eeeb-458a-bd9b-6def8fc9712d","full":8.4},"geometry":{"type":"Polygon","coordinates":[[[136.16728,36.15537],[136.1683,36.15536],[136.1683,36.15522],[136.16828,36.15522],[136.16828,36.1552],[136.16728,36.15516],[136.16728,36.15537]]]}},{"type":"Feature","properties":{"pid":"24e84b01-2b11-4c60-ad15-cd1103f5ac7a","full":7.9},"geometry":{"type":"Polygon","coordinates":[[[136.16779,36.15493],[136.1668,36.15462],[136.16674,36.1547],[136.16674,36.15473],[136.16723,36.155],[136.16771,36.15502],[136.16771,36.15499],[136.16775,36.15499],[136.16779,36.15493]]]}},{"type":"Feature","properties":{"pid":"59f51d72-8201-4a76-9537-e6b11fb2056f","full":25.8},"geometry":{"type":"Polygon","coordinates":[[[136.1668,36.15462],[136.16777,36.15492],[136.16778,36.1549],[136.1678,36.1549],[136.16794,36.15457],[136.16699,36.15428],[136.16689,36.15441],[136.16693,36.15446],[136.1668,36.15462]]]}},{"type":"Feature","properties":{"pid":"c8187cd9-73d0-4cb9-b6de-db4954fecccd","full":30.4},"geometry":{"type":"Polygon","coordinates":[[[136.16807,36.15454],[136.16785,36.15502],[136.1693,36.15508],[136.16926,36.15489],[136.16807,36.15454]]]}},{"type":"Feature","properties":{"pid":"fad21f99-e3a1-4be4-8204-dbc53bc94f52","full":32.4},"geometry":{"type":"Polygon","coordinates":[[[136.16808,36.15453],[136.16925,36.15489],[136.16924,36.15468],[136.16925,36.15462],[136.16928,36.15447],[136.16825,36.15416],[136.16808,36.15453]]]}},{"type":"Feature","properties":{"pid":"d423e3fc-a942-4fc0-9b99-2fe958bbfeb9","full":13.3},"geometry":{"type":"Polygon","coordinates":[[[136.16938,36.15467],[136.16938,36.15475],[136.16939,36.15489],[136.16943,36.15506],[136.17,36.15509],[136.17011,36.15485],[136.1694,36.15464],[136.1694,36.15467],[136.16938,36.15467]]]}},{"type":"Feature","properties":{"pid":"da62802f-83f4-408c-9efb-bed1f7f82dec","full":15.2},"geometry":{"type":"Polygon","coordinates":[[[136.16839,36.15555],[136.1694,36.15554],[136.16932,36.15528],[136.1684,36.15529],[136.1684,36.1553],[136.16838,36.1553],[136.16839,36.15555]]]}},{"type":"Feature","properties":{"pid":"14c73f72-9d41-44cf-8fb9-dd5a8116350d","full":26.4},"geometry":{"type":"Polygon","coordinates":[[[136.16839,36.15558],[136.1684,36.15594],[136.16945,36.15593],[136.16939,36.15555],[136.16841,36.15556],[136.1684,36.15558],[136.16839,36.15558]]]}},{"type":"Feature","properties":{"pid":"8d950bec-8394-4b8c-bd32-3b91f5b8f391","full":38.8},"geometry":{"type":"Polygon","coordinates":[[[136.16945,36.15594],[136.1684,36.15595],[136.16841,36.15644],[136.16843,36.15644],[136.16843,36.15646],[136.16946,36.15644],[136.16945,36.15594]]]}},{"type":"Feature","properties":{"pid":"1d8ddf2c-f280-4109-afbe-982d2f4f95db","full":26.2},"geometry":{"type":"Polygon","coordinates":[[[136.16945,36.15682],[136.16944,36.15645],[136.16841,36.15646],[136.16841,36.15684],[136.16945,36.15682]]]}},{"type":"Feature","properties":{"pid":"7abf97a2-9160-4b21-a64b-99ca5ce1f515","full":33.9},"geometry":{"type":"Polygon","coordinates":[[[136.16831,36.15642],[136.16831,36.15599],[136.1672,36.15601],[136.16721,36.15644],[136.16831,36.15642]]]}},{"type":"Feature","properties":{"pid":"8307f449-33a3-4b79-a6eb-048601105067","full":37.4},"geometry":{"type":"Polygon","coordinates":[[[136.16832,36.15689],[136.16832,36.15643],[136.1672,36.15645],[136.1672,36.15691],[136.16832,36.15689]]]}},{"type":"Feature","properties":{"pid":"4df8215a-3dc9-41a5-9d00-19b9a88bb5b7","full":54.2},"geometry":{"type":"Polygon","coordinates":[[[136.1672,36.15692],[136.16721,36.15754],[136.16833,36.15753],[136.16832,36.1569],[136.1672,36.15692]]]}},{"type":"Feature","properties":{"pid":"e401cbc6-869f-4344-8fd7-2f15ed4b70da","full":41.3},"geometry":{"type":"Polygon","coordinates":[[[136.16842,36.15738],[136.16946,36.15737],[136.16945,36.15683],[136.16841,36.15685],[136.16842,36.15738]]]}}],"precision":5}