{"type":"FeatureCollection","features":[{"type":"Feature","properties":{"pid":"41dd1c76-af49-46fb-81c5-20539ff64e39","full":61.9},"geometry":{"type":"Polygon","coordinates":[[[136.24949,36.19071],[136.25035,36.19077],[136.25045,36.18987],[136.24958,36.18981],[136.24949,36.19071]]]}},{"type":"Feature","properties":{"pid":"3e4db2b1-e6b6-4e95-98ef-091c1de8d3ac","full":28.2},"geometry":{"type":"Polygon","coordinates":[[[136.24901,36.19067],[136.24946,36.19071],[136.24957,36.18981],[136.24911,36.18977],[136.24901,36.19067]]]}},{"type":"Feature","properties":{"pid":"76054251-ee8c-4247-a8d8-ad2bec2113f9","full":48.0},"geometry":{"type":"Polygon","coordinates":[[[136.24829,36.19062],[136.249,36.19067],[136.24909,36.18977],[136.2484,36.18973],[136.24829,36.19062]]]}},{"type":"Feature","properties":{"pid":"92572c10-8644-4d7b-a054-dddb8a1eabbf","full":24.4},"geometry":{"type":"Polygon","coordinates":[[[136.24781,36.19059],[136.24822,36.19062],[136.24832,36.18972],[136.24791,36.18969],[136.24781,36.19059]]]}},{"type":"Feature","properties":{"pid":"2f342902-43da-439a-8821-ddd830dc299c","full":26.3},"geometry":{"type":"Polygon","coordinates":[[[136.24697,36.19053],[136.24741,36.19056],[136.24751,36.18966],[136.24707,36.18963],[136.24697,36.19053]]]}},{"type":"Feature","properties":{"pid":"b1e10203-7a33-418a-ac4c-af6a8ba8a81f","full":21.7},"geometry":{"type":"Polygon","coordinates":[[[136.24742,36.19056],[136.2478,36.19059],[136.24789,36.18969],[136.24752,36.18966],[136.24742,36.19056]]]}},{"type":"Feature","properties":{"pid":"c9d54a91-fcef-4b9b-8ba7-a30c001f269f","full":25.8},"geometry":{"type":"Polygon","coordinates":[[[136.24654,36.19049],[136.24697,36.19053],[136.24706,36.18964],[136.24663,36.1896],[136.24654,36.19049]]]}},{"type":"Feature","properties":{"pid":"6a315ea6-2407-4173-9726-44a006233cac","full":19.1},"geometry":{"type":"Polygon","coordinates":[[[136.24617,36.19047],[136.24652,36.19049],[136.24662,36.1896],[136.24627,36.18958],[136.24617,36.19047]]]}},{"type":"Feature","properties":{"pid":"54732a5f-d310-4451-8bb8-3b4cf147f686","full":28.5},"geometry":{"type":"Polygon","coordinates":[[[136.2457,36.19044],[136.24615,36.19047],[136.24626,36.18958],[136.24579,36.18954],[136.2457,36.19044]]]}},{"type":"Feature","properties":{"pid":"68142be2-a5c6-41ef-a04d-b6e99e08c12c","full":20.9},"geometry":{"type":"Polygon","coordinates":[[[136.24525,36.19041],[136.24562,36.19044],[136.24571,36.18954],[136.24535,36.18951],[136.24525,36.19041]]]}},{"type":"Feature","properties":{"pid":"cbe0dcb0-3370-4af6-aaaa-5fe48d355621","full":6.7},"geometry":{"type":"Polygon","coordinates":[[[136.2441,36.19049],[136.24441,36.19058],[136.24447,36.19005],[136.24422,36.19004],[136.24419,36.1903],[136.24412,36.19033],[136.2441,36.19049]]]}},{"type":"Feature","properties":{"pid":"4d0d2b07-9025-4d63-a6b0-81ea78f43455","full":4.4},"geometry":{"type":"Polygon","coordinates":[[[136.24442,36.19058],[136.2446,36.19062],[136.24463,36.1906],[136.24469,36.19007],[136.24449,36.19005],[136.24442,36.19058]]]}},{"type":"Feature","properties":{"pid":"248a610c-9448-426d-a13f-d45307af3dda","full":29.6},"geometry":{"type":"Polygon","coordinates":[[[136.24475,36.19038],[136.24522,36.19041],[136.24532,36.18952],[136.24485,36.18948],[136.24475,36.19038]]]}},{"type":"Feature","properties":{"pid":"6fb21efa-adbf-46b1-8173-e4d73d09fc4f","full":1.1},"geometry":{"type":"Polygon","coordinates":[[[136.24365,36.19022],[136.24376,36.19023],[136.24374,36.19038],[136.24381,36.1904],[136.24386,36.18999],[136.24368,36.18998],[136.24365,36.19022]]]}},{"type":"Feature","properties":{"pid":"c843bf68-f668-4cf8-90e1-bb5affb1619d","full":4.6},"geometry":{"type":"Polygon","coordinates":[[[136.2421,36.19045],[136.24219,36.19046],[136.24233,36.19033],[136.24237,36.18985],[136.24217,36.18984],[136.2421,36.19045]]]}},{"type":"Feature","properties":{"pid":"1ef23463-4875-4adb-bc38-4a3ca404c851","full":11.6},"geometry":{"type":"Polygon","coordinates":[[[136.24162,36.18979],[136.24141,36.1904],[136.24181,36.19043],[136.24189,36.18981],[136.24162,36.18979]]]}},{"type":"Feature","properties":{"pid":"01af120d-216d-4a2a-9ce9-b64bc3503f76","full":6.3},"geometry":{"type":"Polygon","coordinates":[[[136.24183,36.19043],[136.24208,36.19045],[136.24216,36.18983],[136.24209,36.18983],[136.24208,36.18993],[136.24196,36.18992],[136.24197,36.18982],[136.2419,36.18981],[136.24183,36.19043]]]}},{"type":"Feature","properties":{"pid":"08f5de7b-644a-49ab-84e5-1457dfb8c7c5","full":19.8},"geometry":{"type":"Polygon","coordinates":[[[136.2413,36.18981],[136.2413,36.18977],[136.24076,36.18973],[136.24069,36.19035],[136.2411,36.19038],[136.2413,36.18981]]]}},{"type":"Feature","properties":{"pid":"82cb16e2-2713-4492-a453-365c711c6533","full":32.1},"geometry":{"type":"Polygon","coordinates":[[[136.23995,36.1903],[136.24067,36.19035],[136.24074,36.18974],[136.24002,36.18968],[136.23995,36.1903]]]}},{"type":"Feature","properties":{"pid":"fae94fa3-1667-42ef-a196-269abfddbfe8","full":29.0},"geometry":{"type":"Polygon","coordinates":[[[136.23945,36.19027],[136.23994,36.1903],[136.24001,36.18968],[136.23919,36.18962],[136.23945,36.19027]]]}},{"type":"Feature","properties":{"pid":"3653e24d-bb48-4024-9b24-1f42e5fdf19e","full":34.2},"geometry":{"type":"Polygon","coordinates":[[[136.23826,36.19044],[136.23908,36.19023],[136.23904,36.19013],[136.23922,36.19008],[136.23908,36.18973],[136.23809,36.18998],[136.23826,36.19044]]]}},{"type":"Feature","properties":{"pid":"f6fb331d-d37b-445c-951f-d81c68085b2e","full":9.6},"geometry":{"type":"Polygon","coordinates":[[[136.23471,36.19063],[136.23475,36.19063],[136.23543,36.19068],[136.23551,36.19052],[136.23467,36.19033],[136.23467,36.19046],[136.23469,36.19056],[136.23471,36.19063]]]}},{"type":"Feature","properties":{"pid":"1954afcc-6328-48e9-b2be-055dc2f4f1ec","full":0.6},"geometry":{"type":"Polygon","coordinates":[[[136.23519,36.19008],[136.23505,36.19005],[136.23496,36.19034],[136.23509,36.19037],[136.23519,36.19008]]]}},{"type":"Feature","properties":{"pid":"23b9f95e-b703-4cac-ae60-da909e75c7a1","full":8.4},"geometry":{"type":"Polygon","coordinates":[[[136.2351,36.19037],[136.23556,36.19047],[136.23572,36.19023],[136.2357,36.19022],[136.2357,36.19021],[136.23519,36.19008],[136.2351,36.19037]]]}},{"type":"Feature","properties":{"pid":"459d7438-d0a0-45fe-8b8a-ba5f83ca403c","full":4.4},"geometry":{"type":"Polygon","coordinates":[[[136.23495,36.19034],[136.23505,36.19005],[136.23482,36.18999],[136.23466,36.1901],[136.23467,36.19027],[136.23495,36.19034]]]}},{"type":"Feature","properties":{"pid":"dda863f2-d5a0-4f77-89ba-a75a9e731683","full":24.8},"geometry":{"type":"Polygon","coordinates":[[[136.23434,36.19016],[136.23445,36.19009],[136.23437,36.18993],[136.23434,36.1899],[136.23394,36.18981],[136.23345,36.1897],[136.23341,36.18968],[136.23338,36.18969],[136.2334,36.19017],[136.23434,36.19016]]]}},{"type":"Feature","properties":{"pid":"0427ab73-98cc-4a11-806f-f70f5bfe91e9","full":15.7},"geometry":{"type":"Polygon","coordinates":[[[136.23359,36.19089],[136.23365,36.1908],[136.23374,36.19067],[136.23394,36.19046],[136.23393,36.19024],[136.2334,36.19025],[136.23342,36.1909],[136.23352,36.19089],[136.23356,36.19089],[136.23359,36.19089]]]}},{"type":"Feature","properties":{"pid":"d7dedc2d-4139-4537-a07b-ba29400e014e","full":8.3},"geometry":{"type":"Polygon","coordinates":[[[136.23306,36.19019],[136.2333,36.19019],[136.23332,36.19018],[136.23331,36.18967],[136.23302,36.18961],[136.23303,36.19018],[136.23306,36.19018],[136.23306,36.19019]]]}},{"type":"Feature","properties":{"pid":"1f700b19-9e48-4455-88fe-f4efdff66864","full":21.5},"geometry":{"type":"Polygon","coordinates":[[[136.23302,36.1902],[136.23301,36.18961],[136.23285,36.18958],[136.23248,36.18961],[136.2325,36.19021],[136.23302,36.1902]]]}},{"type":"Feature","properties":{"pid":"9f62ccca-084e-4c63-be74-42ce331eb729","full":39.7},"geometry":{"type":"Polygon","coordinates":[[[136.23267,36.1889],[136.23186,36.18891],[136.23186,36.18892],[136.23184,36.18892],[136.23186,36.18955],[136.2322,36.18956],[136.23268,36.18952],[136.23267,36.1889]]]}},{"type":"Feature","properties":{"pid":"b2e1a0b4-ae6d-47bd-9793-6d0d2e37a426","full":6.1},"geometry":{"type":"Polygon","coordinates":[[[136.23161,36.18953],[136.23185,36.18955],[136.23183,36.18892],[136.23181,36.18892],[136.23181,36.18891],[136.23161,36.1889],[136.23161,36.18953]]]}},{"type":"Feature","properties":{"pid":"66d59920-d280-4f8a-98c1-ffcb11ffda7a","full":10.7},"geometry":{"type":"Polygon","coordinates":[[[136.23127,36.18942],[136.23161,36.18953],[136.23161,36.1889],[136.23127,36.18891],[136.23127,36.18942]]]}},{"type":"Feature","properties":{"pid":"f0267cd5-1bc8-4c55-9521-7485f6d40d80","full":19.8},"geometry":{"type":"Polygon","coordinates":[[[136.23166,36.18885],[136.23165,36.18795],[136.23129,36.18795],[136.23131,36.18884],[136.23134,36.18884],[136.23133,36.18886],[136.23166,36.18885]]]}},{"type":"Feature","properties":{"pid":"e38d29c1-6ff1-4c7c-868b-81eec194c4ab","full":15.7},"geometry":{"type":"Polygon","coordinates":[[[136.23198,36.18885],[136.23196,36.18794],[136.23166,36.18795],[136.23167,36.18882],[136.23171,36.18882],[136.23171,36.18885],[136.23198,36.18885]]]}},{"type":"Feature","properties":{"pid":"e491d67b-c25c-41b6-9cf0-2e2372169219","full":17.4},"geometry":{"type":"Polygon","coordinates":[[[136.23232,36.18885],[136.2323,36.18794],[136.23197,36.18795],[136.23199,36.18883],[136.23202,36.18883],[136.23203,36.18886],[136.23232,36.18885]]]}},{"type":"Feature","properties":{"pid":"25a77955-b6e8-409d-835e-9e40a989750c","full":18.8},"geometry":{"type":"Polygon","coordinates":[[[136.23266,36.18885],[136.23265,36.18794],[136.2323,36.18794],[136.23232,36.18882],[136.23236,36.18882],[136.23236,36.18885],[136.23266,36.18885]]]}},{"type":"Feature","properties":{"pid":"fb2e71c7-7df6-4a17-a962-1ad7c893b520","full":15.4},"geometry":{"type":"Polygon","coordinates":[[[136.23298,36.18884],[136.23296,36.18794],[136.23266,36.18794],[136.23267,36.18883],[136.23269,36.18883],[136.23269,36.18885],[136.23298,36.18884]]]}},{"type":"Feature","properties":{"pid":"381c8051-6809-43de-948c-777c7d15cb7a","full":17.3},"geometry":{"type":"Polygon","coordinates":[[[136.23302,36.18884],[136.23332,36.18883],[136.23333,36.18882],[136.23332,36.18882],[136.23329,36.18793],[136.23298,36.18794],[136.23299,36.18882],[136.23302,36.18882],[136.23302,36.18884]]]}},{"type":"Feature","properties":{"pid":"e65e34a8-da14-4452-aefd-51321a4fab8f","full":12.7},"geometry":{"type":"Polygon","coordinates":[[[136.233,36.18953],[136.23327,36.18959],[136.23333,36.18959],[136.23333,36.1889],[136.23331,36.1889],[136.23331,36.18889],[136.233,36.18889],[136.233,36.18953]]]}},{"type":"Feature","properties":{"pid":"c68ea9e0-fe10-40f5-b1ee-6e72ca65e97a","full":10.0},"geometry":{"type":"Polygon","coordinates":[[[136.23299,36.1889],[136.23268,36.1889],[136.23269,36.18952],[136.23283,36.18951],[136.23299,36.18953],[136.23299,36.1889]]]}},{"type":"Feature","properties":{"pid":"c6c3cec5-3cac-4a6e-84fe-83928ff69142","full":63.9},"geometry":{"type":"Polygon","coordinates":[[[136.23437,36.18887],[136.2334,36.18888],[136.23341,36.1896],[136.2341,36.18975],[136.23425,36.18976],[136.2344,36.18978],[136.23438,36.18891],[136.23438,36.18888],[136.23437,36.18887]]]}},{"type":"Feature","properties":{"pid":"932a8dfa-d9f3-49c4-9ae3-d39319d78888","full":7.7},"geometry":{"type":"Polygon","coordinates":[[[136.23543,36.19009],[136.23548,36.18957],[136.23486,36.18997],[136.23542,36.1901],[136.23543,36.19009]]]}},{"type":"Feature","properties":{"pid":"7eee8bd7-91fe-41c7-936d-efa3a9824db8","full":37.0},"geometry":{"type":"Polygon","coordinates":[[[136.23554,36.18905],[136.23466,36.18906],[136.23468,36.18992],[136.23469,36.18992],[136.23547,36.18943],[136.23554,36.18905]]]}},{"type":"Feature","properties":{"pid":"d8c4d06a-e41a-4f2d-aa02-82f387f782e6","full":9.0},"geometry":{"type":"Polygon","coordinates":[[[136.23549,36.19008],[136.23551,36.19011],[136.23578,36.19016],[136.23595,36.18991],[136.23574,36.18986],[136.23577,36.18949],[136.23571,36.18946],[136.23568,36.1895],[136.23564,36.1895],[136.23561,36.18947],[136.23555,36.1895],[136.23549,36.19008]]]}},{"type":"Feature","properties":{"pid":"d4c18fa8-b5d8-4c19-9a93-4572e8a6e0fc","full":1.3},"geometry":{"type":"Polygon","coordinates":[[[136.23556,36.18935],[136.23561,36.18932],[136.23567,36.18919],[136.23592,36.18875],[136.23575,36.18869],[136.23562,36.18901],[136.23556,36.18935]]]}},{"type":"Feature","properties":{"pid":"9b4ddca7-05ed-47df-8218-85ec08517851","full":37.4},"geometry":{"type":"Polygon","coordinates":[[[136.23571,36.18852],[136.23465,36.18853],[136.23466,36.18906],[136.23551,36.18905],[136.23552,36.18903],[136.23554,36.18903],[136.23571,36.18856],[136.23571,36.18852]]]}},{"type":"Feature","properties":{"pid":"1352ab95-aa7f-41af-b12e-9455a9c48ea9","full":1.4},"geometry":{"type":"Polygon","coordinates":[[[136.23588,36.18891],[136.23611,36.18899],[136.23628,36.18887],[136.23596,36.18876],[136.23588,36.18891]]]}},{"type":"Feature","properties":{"pid":"3f5850c6-dedc-4bbc-8d8a-23a8144eaa76","full":0.8},"geometry":{"type":"Polygon","coordinates":[[[136.23575,36.18869],[136.23592,36.18874],[136.23602,36.18858],[136.23582,36.18851],[136.23575,36.18869]]]}},{"type":"Feature","properties":{"pid":"b0610319-bd33-400c-9c0e-fed474fe5686","full":0.8},"geometry":{"type":"Polygon","coordinates":[[[136.23582,36.18851],[136.23602,36.18858],[136.2361,36.18844],[136.23587,36.18835],[136.23582,36.18851]]]}},{"type":"Feature","properties":{"pid":"6f66a313-38a6-43a6-9fd6-0e93f0c16b7c","full":18.4},"geometry":{"type":"Polygon","coordinates":[[[136.23465,36.18853],[136.23569,36.18851],[136.23569,36.1885],[136.23571,36.1885],[136.2357,36.18823],[136.23464,36.18824],[136.23465,36.18853]]]}},{"type":"Feature","properties":{"pid":"401b3d5c-fab6-4a8a-8699-1871285f8f89","full":12.0},"geometry":{"type":"Polygon","coordinates":[[[136.2357,36.18822],[136.2357,36.18803],[136.23568,36.18803],[136.23568,36.18801],[136.23464,36.18802],[136.23464,36.18824],[136.2357,36.18822]]]}},{"type":"Feature","properties":{"pid":"8c403844-6408-4846-97ca-9454ad103b79","full":70.8},"geometry":{"type":"Polygon","coordinates":[[[136.23438,36.18882],[136.23436,36.18791],[136.23337,36.18793],[136.2334,36.18881],[136.23343,36.18881],[136.23343,36.18883],[136.23438,36.18882]]]}},{"type":"Feature","properties":{"pid":"cdc8d6a0-2243-443e-9cca-55a6efb26c22","full":38.7},"geometry":{"type":"Polygon","coordinates":[[[136.23376,36.18787],[136.23435,36.18786],[136.23433,36.18696],[136.23431,36.18695],[136.23375,36.18696],[136.23376,36.18787]]]}},{"type":"Feature","properties":{"pid":"dad30a47-90b2-43b4-bf90-96885eea7785","full":18.3},"geometry":{"type":"Polygon","coordinates":[[[136.23568,36.188],[136.23568,36.18799],[136.2357,36.18799],[136.23569,36.18772],[136.23463,36.18773],[136.23464,36.18802],[136.23568,36.188]]]}},{"type":"Feature","properties":{"pid":"d4187dac-e02b-404d-9dbf-f1fcd792520f","full":26.5},"geometry":{"type":"Polygon","coordinates":[[[136.23625,36.18754],[136.23631,36.1872],[136.23586,36.1872],[136.23575,36.18721],[136.23578,36.18845],[136.2358,36.18845],[136.23587,36.18831],[136.23589,36.18829],[136.23625,36.18754]]]}},{"type":"Feature","properties":{"pid":"afcf873a-5a73-4538-a5ae-8374f6249472","full":9.5},"geometry":{"type":"Polygon","coordinates":[[[136.23569,36.18772],[136.23569,36.18755],[136.23567,36.18755],[136.23567,36.18753],[136.23462,36.18754],[136.23463,36.18773],[136.23569,36.18772]]]}},{"type":"Feature","properties":{"pid":"5815fcf2-900e-415d-b7b4-2a0c2cce7c09","full":20.6},"geometry":{"type":"Polygon","coordinates":[[[136.23567,36.18752],[136.23567,36.1875],[136.23569,36.18749],[136.23568,36.18721],[136.23462,36.18723],[136.23463,36.18753],[136.23567,36.18752]]]}},{"type":"Feature","properties":{"pid":"27c78ff0-a806-400e-b5aa-89bd31b4ef89","full":20.2},"geometry":{"type":"Polygon","coordinates":[[[136.23461,36.18686],[136.23462,36.18716],[136.23566,36.18715],[136.23566,36.18713],[136.23568,36.18713],[136.23567,36.18684],[136.23461,36.18686]]]}},{"type":"Feature","properties":{"pid":"600b15a7-e068-4526-b2f7-fd0f061f9a3c","full":7.8},"geometry":{"type":"Polygon","coordinates":[[[136.23574,36.1869],[136.23576,36.18713],[136.23577,36.18713],[136.23577,36.18715],[136.23634,36.18713],[136.23639,36.18689],[136.23574,36.1869]]]}},{"type":"Feature","properties":{"pid":"a5ab729b-1eaf-4516-8f86-344d946d8e6a","full":9.6},"geometry":{"type":"Polygon","coordinates":[[[136.23639,36.18688],[136.23644,36.18662],[136.23576,36.18663],[136.23575,36.18665],[136.23574,36.18665],[136.23574,36.18689],[136.23639,36.18688]]]}},{"type":"Feature","properties":{"pid":"bc76cf40-bea2-4bfe-980c-93ef11c551eb","full":2.7},"geometry":{"type":"Polygon","coordinates":[[[136.23644,36.18661],[136.23646,36.18648],[136.23575,36.18649],[136.23575,36.1865],[136.23573,36.1865],[136.23574,36.18662],[136.23644,36.18661]]]}},{"type":"Feature","properties":{"pid":"c8725f1f-22ae-4c1b-804b-5b2b2deb9a16","full":6.9},"geometry":{"type":"Polygon","coordinates":[[[136.23646,36.18647],[136.23651,36.18627],[136.23575,36.18628],[136.23575,36.1863],[136.23573,36.1863],[136.23573,36.18648],[136.23646,36.18647]]]}},{"type":"Feature","properties":{"pid":"9d0b8d44-66cf-4e50-8528-18d35b4ad6cc","full":56.9},"geometry":{"type":"Polygon","coordinates":[[[136.23566,36.18614],[136.2346,36.18616],[136.23461,36.18686],[136.23567,36.18683],[136.23566,36.18614]]]}},{"type":"Feature","properties":{"pid":"916ef794-6539-49ba-a780-2e1209f232f6","full":25.8},"geometry":{"type":"Polygon","coordinates":[[[136.23393,36.18689],[136.23431,36.18689],[136.23432,36.18687],[136.2343,36.18599],[136.23388,36.18599],[136.23389,36.18688],[136.23393,36.18688],[136.23393,36.18689]]]}},{"type":"Feature","properties":{"pid":"3795dc76-392f-4fc3-908e-4e1bea6653c9","full":6.6},"geometry":{"type":"Polygon","coordinates":[[[136.23388,36.1869],[136.23387,36.18599],[136.23368,36.18599],[136.23369,36.18688],[136.23371,36.18688],[136.23372,36.1869],[136.23388,36.1869]]]}},{"type":"Feature","properties":{"pid":"22c844a5-3e7b-43ba-abb0-8801392ccc06","full":17.3},"geometry":{"type":"Polygon","coordinates":[[[136.23369,36.1869],[136.23366,36.18599],[136.23334,36.18599],[136.23336,36.18689],[136.23338,36.18689],[136.23338,36.1869],[136.23369,36.1869]]]}},{"type":"Feature","properties":{"pid":"55b39a56-0542-49dd-ac0f-80ad5fa8de7a","full":18.0},"geometry":{"type":"Polygon","coordinates":[[[136.23298,36.1869],[136.23327,36.1869],[136.23328,36.1869],[136.23327,36.18689],[136.23325,36.186],[136.23292,36.18601],[136.23294,36.18688],[136.23298,36.18688],[136.23298,36.1869]]]}},{"type":"Feature","properties":{"pid":"22155c9f-7aab-4d11-b8ad-52e38c6c37e0","full":15.6},"geometry":{"type":"Polygon","coordinates":[[[136.23293,36.18691],[136.23291,36.18601],[136.23261,36.18602],[136.23263,36.18689],[136.23265,36.18689],[136.23265,36.18691],[136.23293,36.18691]]]}},{"type":"Feature","properties":{"pid":"2fe17004-bb35-40da-91d7-afde7c7acf51","full":21.8},"geometry":{"type":"Polygon","coordinates":[[[136.23376,36.18786],[136.23374,36.18699],[136.23372,36.18698],[136.23371,36.18696],[136.23335,36.18696],[136.23336,36.18697],[136.23338,36.18787],[136.23376,36.18786]]]}},{"type":"Feature","properties":{"pid":"c7b45c68-0764-443e-ab2a-254b6ec43b2a","full":22.5},"geometry":{"type":"Polygon","coordinates":[[[136.2329,36.18787],[136.2333,36.18787],[136.23328,36.18698],[136.23327,36.18698],[136.23326,36.18697],[136.23289,36.18698],[136.2329,36.18787]]]}},{"type":"Feature","properties":{"pid":"73f7bf89-565f-4a51-a352-2d8b5efe8b40","full":15.2},"geometry":{"type":"Polygon","coordinates":[[[136.23289,36.18787],[136.23287,36.187],[136.23286,36.18699],[136.23286,36.18698],[136.23257,36.18698],[136.23258,36.18788],[136.23289,36.18787]]]}},{"type":"Feature","properties":{"pid":"bc0b1202-f129-40b3-a178-ae8b9755f230","full":19.7},"geometry":{"type":"Polygon","coordinates":[[[136.23166,36.1879],[136.23202,36.18789],[136.23199,36.18701],[136.23197,36.18701],[136.23197,36.18699],[136.23164,36.18699],[136.23166,36.1879]]]}},{"type":"Feature","properties":{"pid":"12aba3ed-8cfd-4207-b136-e1518b8e6187","full":35.2},"geometry":{"type":"Polygon","coordinates":[[[136.23257,36.18788],[136.23256,36.187],[136.23253,36.187],[136.23254,36.18698],[136.23201,36.18698],[136.23203,36.18788],[136.23257,36.18788]]]}},{"type":"Feature","properties":{"pid":"cf337e6f-bbde-4d78-bac5-ccbcc551b2f6","full":39.6},"geometry":{"type":"Polygon","coordinates":[[[136.23105,36.1879],[136.23165,36.1879],[136.23163,36.18701],[136.23161,36.18701],[136.23161,36.18699],[136.23104,36.18699],[136.23105,36.1879]]]}},{"type":"Feature","properties":{"pid":"0cb88076-ee9b-415c-afde-f7f14430894c","full":35.8},"geometry":{"type":"Polygon","coordinates":[[[136.23262,36.18691],[136.2326,36.18601],[136.23205,36.18602],[136.23206,36.18689],[136.23209,36.18689],[136.23209,36.18692],[136.23262,36.18691]]]}},{"type":"Feature","properties":{"pid":"5b3a61f5-8000-458a-8085-5778016a0dcb","full":27.3},"geometry":{"type":"Polygon","coordinates":[[[136.23206,36.18692],[136.23204,36.18602],[136.23159,36.18602],[136.23161,36.1869],[136.23163,36.1869],[136.23163,36.18693],[136.23206,36.18692]]]}},{"type":"Feature","properties":{"pid":"e1e7e87c-9f24-4f92-a229-0948ff4106d9","full":17.7},"geometry":{"type":"Polygon","coordinates":[[[136.2316,36.18693],[136.23158,36.18602],[136.23126,36.18603],[136.23127,36.18691],[136.2313,36.18691],[136.2313,36.18693],[136.2316,36.18693]]]}},{"type":"Feature","properties":{"pid":"a99677ce-fd7d-4bfe-b5c9-44b528e6e48e","full":17.2},"geometry":{"type":"Polygon","coordinates":[[[136.23126,36.18596],[136.23158,36.18596],[136.23156,36.18509],[136.23153,36.18505],[136.23124,36.18506],[136.23126,36.18596]]]}},{"type":"Feature","properties":{"pid":"73bb64ec-0d18-462e-ba70-adbabba4e3d8","full":17.4},"geometry":{"type":"Polygon","coordinates":[[[136.23159,36.18596],[136.23192,36.18595],[136.23189,36.18508],[136.23188,36.18507],[136.23187,36.18505],[136.23157,36.18505],[136.23159,36.18596]]]}},{"type":"Feature","properties":{"pid":"f3c653a2-ad76-4a55-b0b0-0a6e45b88303","full":18.1},"geometry":{"type":"Polygon","coordinates":[[[136.23226,36.18595],[136.23224,36.18504],[136.23192,36.18505],[136.23193,36.18507],[136.2319,36.18507],[136.23193,36.18595],[136.23226,36.18595]]]}},{"type":"Feature","properties":{"pid":"97d38596-5db8-4590-9927-b89a10e12b19","full":14.7},"geometry":{"type":"Polygon","coordinates":[[[136.23255,36.18595],[136.23254,36.18507],[136.23252,36.18507],[136.23252,36.18505],[136.23224,36.18505],[136.23226,36.18595],[136.23255,36.18595]]]}},{"type":"Feature","properties":{"pid":"9b1157ff-5e2c-45da-a5c9-243042ff03eb","full":18.7},"geometry":{"type":"Polygon","coordinates":[[[136.23292,36.18594],[136.23327,36.18593],[136.23325,36.18507],[136.23322,36.18507],[136.23321,36.18503],[136.23291,36.18503],[136.23292,36.18594]]]}},{"type":"Feature","properties":{"pid":"bd7678b1-6795-478f-afa0-d10175389b7d","full":6.5},"geometry":{"type":"Polygon","coordinates":[[[136.23272,36.18594],[136.23291,36.18594],[136.2329,36.18506],[136.23288,36.18506],[136.23288,36.18504],[136.23271,36.18504],[136.23272,36.18594]]]}},{"type":"Feature","properties":{"pid":"bd9e3403-0be9-4b88-bff2-27bd8c847db4","full":3.1},"geometry":{"type":"Polygon","coordinates":[[[136.23256,36.18595],[136.23271,36.18594],[136.2327,36.18504],[136.23257,36.18504],[136.23257,36.18506],[136.23255,36.18506],[136.23256,36.18595]]]}},{"type":"Feature","properties":{"pid":"419bac80-306a-4b3b-a0e1-e56c0105cdd9","full":5.8},"geometry":{"type":"Polygon","coordinates":[[[136.23276,36.18495],[136.23324,36.18494],[136.23324,36.1847],[136.23275,36.1847],[136.23276,36.18495]]]}},{"type":"Feature","properties":{"pid":"31d2ea08-ed9d-4b83-aadf-92b24a74e29b","full":0.6},"geometry":{"type":"Polygon","coordinates":[[[136.23283,36.18465],[136.23282,36.18447],[136.23265,36.18447],[136.23265,36.18457],[136.23246,36.18458],[136.23246,36.18466],[136.23283,36.18465]]]}},{"type":"Feature","properties":{"pid":"4f0be57c-a60d-429b-9daf-b05dc20125dc","full":16.2},"geometry":{"type":"Polygon","coordinates":[[[136.23181,36.18326],[136.23182,36.18293],[136.23178,36.18291],[136.23105,36.18292],[136.23106,36.18325],[136.23181,36.18326]]]}},{"type":"Feature","properties":{"pid":"c49e9c39-c79d-4afe-af62-b32d234dbcf5","full":14.7},"geometry":{"type":"Polygon","coordinates":[[[136.2332,36.18333],[136.23319,36.18291],[136.23264,36.18292],[136.23264,36.18333],[136.23318,36.18334],[136.23318,36.18333],[136.2332,36.18333]]]}},{"type":"Feature","properties":{"pid":"fcf5a7db-3113-4dd2-a99f-d235103e786d","full":6.5},"geometry":{"type":"Polygon","coordinates":[[[136.23401,36.18287],[136.23329,36.18288],[136.23329,36.18308],[136.23401,36.18307],[136.23401,36.18287]]]}},{"type":"Feature","properties":{"pid":"b655e8d1-6c69-40e6-939d-141797a8ee41","full":1.7},"geometry":{"type":"Polygon","coordinates":[[[136.23319,36.18388],[136.233,36.18389],[136.23299,36.18419],[136.23318,36.18419],[136.23319,36.18388]]]}},{"type":"Feature","properties":{"pid":"b4bf544c-7e48-4b4d-abc4-d25445234cb1","full":4.8},"geometry":{"type":"Polygon","coordinates":[[[136.23285,36.18465],[136.23321,36.18465],[136.2332,36.18425],[136.23318,36.18425],[136.23317,36.18423],[136.23302,36.18423],[136.23302,36.18443],[136.23284,36.18443],[136.23285,36.18465]]]}},{"type":"Feature","properties":{"pid":"86b03c3c-ed78-413d-9fdf-1410d24f84ec","full":40.3},"geometry":{"type":"Polygon","coordinates":[[[136.23331,36.1841],[136.23331,36.18467],[136.23428,36.18465],[136.23428,36.18409],[136.23331,36.1841]]]}},{"type":"Feature","properties":{"pid":"ad396d9f-c88b-4b6b-b550-016d5d34f1c0","full":15.9},"geometry":{"type":"Polygon","coordinates":[[[136.23427,36.18409],[136.23426,36.18381],[136.2333,36.18382],[136.23331,36.1841],[136.23427,36.18409]]]}},{"type":"Feature","properties":{"pid":"af02a0a6-0e1e-489d-a54e-983383b7ef7a","full":7.0},"geometry":{"type":"Polygon","coordinates":[[[136.23427,36.1838],[136.23426,36.18363],[136.2333,36.18365],[136.2333,36.18382],[136.23427,36.1838]]]}},{"type":"Feature","properties":{"pid":"7be2f07e-f88c-46c0-b3fe-1ee69c937424","full":5.3},"geometry":{"type":"Polygon","coordinates":[[[136.23426,36.18347],[136.2333,36.18349],[136.2333,36.18364],[136.23426,36.18362],[136.23426,36.18347]]]}},{"type":"Feature","properties":{"pid":"68a0e14c-462c-4fff-911b-e7a08d3e416d","full":8.4},"geometry":{"type":"Polygon","coordinates":[[[136.23426,36.18328],[136.23329,36.18329],[136.2333,36.18348],[136.23426,36.18347],[136.23426,36.18328]]]}},{"type":"Feature","properties":{"pid":"30fdbb5a-096e-492e-ad3e-3d2dec0253d8","full":8.8},"geometry":{"type":"Polygon","coordinates":[[[136.23329,36.18309],[136.23329,36.18328],[136.23425,36.18327],[136.23425,36.18308],[136.23329,36.18309]]]}},{"type":"Feature","properties":{"pid":"a69eb728-f8c3-406c-9287-9c00609fb244","full":7.3},"geometry":{"type":"Polygon","coordinates":[[[136.23593,36.18356],[136.23454,36.18358],[136.23455,36.18373],[136.2359,36.18371],[136.2359,36.18369],[136.23593,36.18368],[136.23593,36.18356]]]}},{"type":"Feature","properties":{"pid":"2db0d006-79b4-4201-b2a6-b15a2cab6ed2","full":28.1},"geometry":{"type":"Polygon","coordinates":[[[136.23592,36.18324],[136.23453,36.18326],[136.23454,36.18357],[136.23591,36.18355],[136.23591,36.18353],[136.23593,36.18353],[136.23592,36.18324]]]}},{"type":"Feature","properties":{"pid":"7a7d7b9c-db81-437b-890c-5dbad113e4a3","full":27.8},"geometry":{"type":"Polygon","coordinates":[[[136.23583,36.18293],[136.23452,36.18295],[136.23453,36.18325],[136.2359,36.18324],[136.23589,36.18321],[136.23592,36.18322],[136.23591,36.18302],[136.23583,36.18293]]]}},{"type":"Feature","properties":{"pid":"9ac5c001-ff65-4bcf-9885-2a7fccd203fd","full":12.4},"geometry":{"type":"Polygon","coordinates":[[[136.23563,36.18272],[136.23452,36.18273],[136.23452,36.18294],[136.23579,36.18292],[136.2358,36.18291],[136.23581,36.18291],[136.23563,36.18272]]]}},{"type":"Feature","properties":{"pid":"9ca418eb-1c2a-4e92-89dd-83480c97debf","full":14.9},"geometry":{"type":"Polygon","coordinates":[[[136.23591,36.18392],[136.23591,36.1839],[136.23593,36.18391],[136.23593,36.18371],[136.23454,36.18373],[136.23455,36.18394],[136.23591,36.18392]]]}},{"type":"Feature","properties":{"pid":"f52eac60-b2a0-4d3a-9a16-0d8a94d43f64","full":24.8},"geometry":{"type":"Polygon","coordinates":[[[136.23591,36.18421],[136.23591,36.1842],[136.23594,36.1842],[136.23593,36.18393],[136.23455,36.18395],[136.23456,36.18424],[136.23591,36.18421]]]}},{"type":"Feature","properties":{"pid":"6ddb027f-d52e-4ee2-93ca-8693525ab57f","full":25.7},"geometry":{"type":"Polygon","coordinates":[[[136.23672,36.18513],[136.2368,36.18473],[136.23679,36.18471],[136.23587,36.18472],[136.23588,36.18507],[136.2357,36.18507],[136.2357,36.18514],[136.23672,36.18513]]]}},{"type":"Feature","properties":{"pid":"cd989108-626a-47a4-b9dd-9da219468edd","full":25.3},"geometry":{"type":"Polygon","coordinates":[[[136.23572,36.18553],[136.23666,36.18552],[136.23672,36.18513],[136.23573,36.18515],[136.23573,36.18517],[136.2357,36.18517],[136.23572,36.18553]]]}},{"type":"Feature","properties":{"pid":"4e04d8ac-2c1d-42ff-9a40-6015d8ccdada","full":22.7},"geometry":{"type":"Polygon","coordinates":[[[136.23564,36.1853],[136.23564,36.18499],[136.23561,36.18498],[136.23457,36.18499],[136.23458,36.18532],[136.23564,36.1853]]]}},{"type":"Feature","properties":{"pid":"feca7b84-faa2-4647-b204-473cbda9b25d","full":66.5},"geometry":{"type":"Polygon","coordinates":[[[136.23456,36.18424],[136.23457,36.18487],[136.23462,36.18492],[136.23559,36.18491],[136.23562,36.18488],[136.23561,36.18467],[136.23595,36.18466],[136.23593,36.18422],[136.23456,36.18424]]]}},{"type":"Feature","properties":{"pid":"748dbfb0-0873-4dbf-9eb0-e8e89031cbd6","full":12.7},"geometry":{"type":"Polygon","coordinates":[[[136.2333,36.1847],[136.23331,36.18491],[136.23336,36.18492],[136.23337,36.18494],[136.23428,36.18492],[136.23428,36.18469],[136.2333,36.1847]]]}},{"type":"Feature","properties":{"pid":"f8070dc7-8e0c-4283-bf45-9cc0f89bd790","full":70.6},"geometry":{"type":"Polygon","coordinates":[[[136.23331,36.18504],[136.23333,36.18593],[136.2343,36.18592],[136.23428,36.18501],[136.23334,36.18502],[136.23335,36.18504],[136.23331,36.18504]]]}},{"type":"Feature","properties":{"pid":"d44dc990-0b98-44d4-82b4-01fb0019a97f","full":13.7},"geometry":{"type":"Polygon","coordinates":[[[136.2346,36.18615],[136.23563,36.18614],[136.23562,36.18611],[136.23566,36.18611],[136.23565,36.18589],[136.23459,36.18592],[136.2346,36.18615]]]}},{"type":"Feature","properties":{"pid":"cc0f6a06-c5ae-4f92-bc58-65b46f396546","full":18.3},"geometry":{"type":"Polygon","coordinates":[[[136.23563,36.18589],[136.23563,36.18587],[136.23565,36.18587],[136.23565,36.18561],[136.23459,36.18562],[136.23459,36.18591],[136.23563,36.18589]]]}},{"type":"Feature","properties":{"pid":"d218b4c8-126e-491d-95c6-c0d89590e17d","full":19.1},"geometry":{"type":"Polygon","coordinates":[[[136.23565,36.1856],[136.23564,36.18531],[136.23458,36.18532],[136.23458,36.18561],[136.23565,36.1856]]]}},{"type":"Feature","properties":{"pid":"6ddf8aa6-b7a1-4467-85c8-1ac2d2bda290","full":11.5},"geometry":{"type":"Polygon","coordinates":[[[136.2366,36.18576],[136.23665,36.18553],[136.23571,36.18554],[136.23572,36.18577],[136.2366,36.18576]]]}},{"type":"Feature","properties":{"pid":"40fb0ac7-f552-4e09-ab57-c7f9d0f30440","full":10.7},"geometry":{"type":"Polygon","coordinates":[[[136.23656,36.18601],[136.2366,36.18577],[136.23572,36.18578],[136.23572,36.18601],[136.23656,36.18601]]]}},{"type":"Feature","properties":{"pid":"62c88a26-54fc-411c-a543-3d51e57f6b5d","full":11.4},"geometry":{"type":"Polygon","coordinates":[[[136.23651,36.18627],[136.23655,36.18601],[136.23575,36.18602],[136.23574,36.18604],[136.23573,36.18604],[136.23573,36.18627],[136.23651,36.18627]]]}},{"type":"Feature","properties":{"pid":"ec7e14a5-112d-498e-9068-f6eb578b7f8c","full":52.0},"geometry":{"type":"Polygon","coordinates":[[[136.23668,36.18586],[136.23786,36.18592],[136.2379,36.18533],[136.23679,36.18527],[136.23668,36.18586]]]}},{"type":"Feature","properties":{"pid":"bcb263ee-5ac4-4ad2-89bd-4e8687e11d38","full":60.5},"geometry":{"type":"Polygon","coordinates":[[[136.23655,36.18652],[136.23764,36.18657],[136.23764,36.1865],[136.23768,36.1865],[136.23768,36.18648],[136.23781,36.18649],[136.23785,36.18593],[136.23668,36.18587],[136.23655,36.18652]]]}},{"type":"Feature","properties":{"pid":"17deec71-2a08-4a9c-ae68-62c04d7cbabd","full":18.5},"geometry":{"type":"Polygon","coordinates":[[[136.23846,36.18603],[136.23903,36.18607],[136.23913,36.18518],[136.23897,36.18517],[136.23859,36.18588],[136.23855,36.18587],[136.23846,36.18603]]]}},{"type":"Feature","properties":{"pid":"8bdefa08-74a1-4417-913b-350fc8f73f27","full":25.5},"geometry":{"type":"Polygon","coordinates":[[[136.23687,36.18486],[136.23793,36.18492],[136.23796,36.18455],[136.23693,36.18451],[136.23687,36.18486]]]}},{"type":"Feature","properties":{"pid":"b230d68f-6558-4c30-9148-c48e604b7363","full":28.6},"geometry":{"type":"Polygon","coordinates":[[[136.23679,36.18526],[136.2379,36.18532],[136.23793,36.18494],[136.23686,36.18487],[136.23679,36.18526]]]}},{"type":"Feature","properties":{"pid":"0d5f723b-8410-490e-a1bd-fd225641f2f5","full":13.1},"geometry":{"type":"Polygon","coordinates":[[[136.23602,36.1844],[136.23604,36.18467],[136.23607,36.18468],[136.23679,36.18467],[136.2368,36.18466],[136.23682,36.18466],[136.23687,36.1844],[136.23602,36.1844]]]}},{"type":"Feature","properties":{"pid":"6076f3de-81c2-4244-9e20-6d333aad5f6f","full":19.3},"geometry":{"type":"Polygon","coordinates":[[[136.23687,36.18438],[136.23693,36.18404],[136.23606,36.18405],[136.23606,36.18407],[136.23602,36.18408],[136.23602,36.18439],[136.23687,36.18438]]]}},{"type":"Feature","properties":{"pid":"ca6fd24b-ccb4-4717-93d8-901e9f1300a7","full":22.9},"geometry":{"type":"Polygon","coordinates":[[[136.23694,36.18449],[136.23795,36.18454],[136.23798,36.18419],[136.237,36.18414],[136.23694,36.18449]]]}},{"type":"Feature","properties":{"pid":"169203ce-71ea-47c4-a8c7-4916600f8e87","full":15.5},"geometry":{"type":"Polygon","coordinates":[[[136.237,36.18413],[136.23798,36.18418],[136.238,36.18391],[136.23705,36.18386],[136.237,36.18413]]]}},{"type":"Feature","properties":{"pid":"9452f46f-2aae-4e78-9792-e02893add495","full":8.0},"geometry":{"type":"Polygon","coordinates":[[[136.23705,36.18385],[136.238,36.1839],[136.23802,36.18372],[136.2371,36.18365],[136.23705,36.18385]]]}},{"type":"Feature","properties":{"pid":"96293c2c-9940-42b1-9dc7-9e112aa0566f","full":26.5},"geometry":{"type":"Polygon","coordinates":[[[136.23693,36.18403],[136.237,36.18365],[136.2367,36.18364],[136.23662,36.18362],[136.23662,36.18363],[136.23604,36.18363],[136.23604,36.18365],[136.23601,36.18365],[136.23602,36.18404],[136.23693,36.18403]]]}},{"type":"Feature","properties":{"pid":"70aa9164-27e9-45e7-a612-f1d5c6304e22","full":9.4},"geometry":{"type":"Polygon","coordinates":[[[136.23601,36.18362],[136.23662,36.18362],[136.23603,36.18306],[136.23599,36.18306],[136.23601,36.18362]]]}},{"type":"Feature","properties":{"pid":"b53a0142-47b6-4d92-b351-d6a1d2c41a37","full":23.1},"geometry":{"type":"Polygon","coordinates":[[[136.24035,36.18324],[136.24032,36.18328],[136.2403,36.18326],[136.23993,36.18369],[136.24074,36.18381],[136.24085,36.18331],[136.24035,36.18324]]]}},{"type":"Feature","properties":{"pid":"5e1ed77a-f8d0-4246-b2ac-6c65676df87c","full":3.7},"geometry":{"type":"Polygon","coordinates":[[[136.24035,36.18323],[136.24085,36.1833],[136.2409,36.1831],[136.24057,36.18305],[136.24056,36.18308],[136.24049,36.18307],[136.24035,36.18323]]]}},{"type":"Feature","properties":{"pid":"ee807ee9-a40d-4c75-ae16-519d128a690f","full":20.0},"geometry":{"type":"Polygon","coordinates":[[[136.24084,36.18383],[136.24076,36.18419],[136.24077,36.18426],[136.24081,36.18429],[136.24094,36.18427],[136.24186,36.1841],[136.24192,36.18408],[136.24193,36.18399],[136.24084,36.18383]]]}},{"type":"Feature","properties":{"pid":"2167c172-056c-47b2-9459-ca623c92117e","full":25.7},"geometry":{"type":"Polygon","coordinates":[[[136.24049,36.18521],[136.24096,36.18525],[136.24106,36.18438],[136.24058,36.18447],[136.24049,36.18521]]]}},{"type":"Feature","properties":{"pid":"f89fb7f1-ac3c-46ed-a310-c8dc9ea7f3a9","full":9.0},"geometry":{"type":"Polygon","coordinates":[[[136.24021,36.18519],[136.24047,36.18521],[136.24056,36.18448],[136.24029,36.18452],[136.24021,36.18519]]]}},{"type":"Feature","properties":{"pid":"666e5e28-fb7a-4659-ac18-c7db4e6bdf30","full":23.9},"geometry":{"type":"Polygon","coordinates":[[[136.2396,36.18515],[136.24019,36.18519],[136.24027,36.18453],[136.23967,36.18463],[136.2396,36.18515]]]}},{"type":"Feature","properties":{"pid":"3e66d1c0-2756-49a7-83f4-50e7cb10958d","full":13.8},"geometry":{"type":"Polygon","coordinates":[[[136.23897,36.1851],[136.23958,36.18514],[136.23964,36.18464],[136.23926,36.18471],[136.2392,36.18475],[136.23911,36.18486],[136.23897,36.1851]]]}},{"type":"Feature","properties":{"pid":"59e20807-e737-4ab4-bc1a-b7e7cdee6a03","full":41.0},"geometry":{"type":"Polygon","coordinates":[[[136.23971,36.18612],[136.24034,36.18616],[136.24042,36.18528],[136.2398,36.18524],[136.23971,36.18612]]]}},{"type":"Feature","properties":{"pid":"c522a142-cea5-4139-bd3d-d28dd2adca28","full":41.5},"geometry":{"type":"Polygon","coordinates":[[[136.23906,36.18607],[136.23968,36.18612],[136.23978,36.18524],[136.23915,36.18518],[136.23906,36.18607]]]}},{"type":"Feature","properties":{"pid":"1669d91f-6551-482c-87ae-705dbb88a87c","full":22.9},"geometry":{"type":"Polygon","coordinates":[[[136.24036,36.18617],[136.24076,36.18619],[136.24085,36.18531],[136.24045,36.18528],[136.24036,36.18617]]]}},{"type":"Feature","properties":{"pid":"a8b01fb2-8edb-4b1a-a052-7c9d9dda3398","full":24.4},"geometry":{"type":"Polygon","coordinates":[[[136.24078,36.18619],[136.24119,36.18623],[136.24128,36.18534],[136.24086,36.18531],[136.24078,36.18619]]]}},{"type":"Feature","properties":{"pid":"f7bbe030-d81f-4318-9907-4c75f9af1533","full":56.1},"geometry":{"type":"Polygon","coordinates":[[[136.24077,36.18714],[136.24158,36.1872],[136.24168,36.18631],[136.24087,36.18625],[136.24077,36.18714]]]}},{"type":"Feature","properties":{"pid":"0fc0c805-4db3-4a4a-b6a4-c2708e5867c8","full":30.4},"geometry":{"type":"Polygon","coordinates":[[[136.24027,36.1871],[136.24075,36.18713],[136.24085,36.18625],[136.24036,36.18622],[136.24027,36.1871]]]}},{"type":"Feature","properties":{"pid":"047dbe82-dda2-445e-bb31-335a02ed83ed","full":35.7},"geometry":{"type":"Polygon","coordinates":[[[136.24093,36.18811],[136.24148,36.18815],[136.24159,36.18727],[136.24103,36.18722],[136.24093,36.18811]]]}},{"type":"Feature","properties":{"pid":"0156515c-aa18-46cc-bc9d-f8e8ff27fd7d","full":19.3},"geometry":{"type":"Polygon","coordinates":[[[136.24056,36.18809],[136.24091,36.18811],[136.24101,36.18722],[136.24066,36.1872],[136.24056,36.18809]]]}},{"type":"Feature","properties":{"pid":"8cf8ca9d-a5d0-4a59-a4ea-5cc21dc5a7b2","full":22.2},"geometry":{"type":"Polygon","coordinates":[[[136.24015,36.18806],[136.24054,36.18809],[136.24064,36.18719],[136.24026,36.18717],[136.24015,36.18806]]]}},{"type":"Feature","properties":{"pid":"90e08876-bacd-4181-89eb-c0e9a5592a10","full":38.2},"geometry":{"type":"Polygon","coordinates":[[[136.23955,36.18802],[136.24014,36.18806],[136.24024,36.18717],[136.23966,36.18713],[136.23955,36.18802]]]}},{"type":"Feature","properties":{"pid":"e68afb54-8519-4e85-ac31-c5cb946aa9bc","full":47.8},"geometry":{"type":"Polygon","coordinates":[[[136.23884,36.18796],[136.23954,36.18802],[136.23964,36.18712],[136.23894,36.18707],[136.23884,36.18796]]]}},{"type":"Feature","properties":{"pid":"756e5eab-47d3-4ac0-8765-a4d406d9592c","full":13.6},"geometry":{"type":"Polygon","coordinates":[[[136.2398,36.18618],[136.23952,36.18616],[136.23941,36.18704],[136.2397,36.18706],[136.2398,36.18618]]]}},{"type":"Feature","properties":{"pid":"ae27b650-83bc-40a0-99b7-5d51019533c5","full":33.3},"geometry":{"type":"Polygon","coordinates":[[[136.23971,36.18706],[136.24024,36.1871],[136.24034,36.18622],[136.23981,36.18618],[136.23971,36.18706]]]}},{"type":"Feature","properties":{"pid":"16028c0d-41c1-48e9-89f0-55a91be7668b","full":28.2},"geometry":{"type":"Polygon","coordinates":[[[136.23893,36.187],[136.23939,36.18704],[136.23949,36.18616],[136.23903,36.18612],[136.23893,36.187]]]}},{"type":"Feature","properties":{"pid":"1601c116-56b9-4c51-b953-4ab4f336609e","full":19.9},"geometry":{"type":"Polygon","coordinates":[[[136.2386,36.18609],[136.23843,36.18608],[136.23806,36.18671],[136.23802,36.18679],[136.23804,36.18694],[136.2385,36.18697],[136.2386,36.18609]]]}},{"type":"Feature","properties":{"pid":"5ced70c0-b5b2-4a77-b100-71227b610c66","full":23.0},"geometry":{"type":"Polygon","coordinates":[[[136.23851,36.18697],[136.23891,36.187],[136.23901,36.18612],[136.23861,36.18609],[136.23851,36.18697]]]}},{"type":"Feature","properties":{"pid":"e94573ba-8100-4352-a348-b5af2080e59f","full":50.3},"geometry":{"type":"Polygon","coordinates":[[[136.23643,36.1871],[136.23644,36.18711],[136.23754,36.1871],[136.23779,36.18666],[136.2378,36.18658],[136.23655,36.18652],[136.23643,36.1871]]]}},{"type":"Feature","properties":{"pid":"8a24c67f-3a0f-46fb-8015-d356dfd88f4b","full":26.9},"geometry":{"type":"Polygon","coordinates":[[[136.23637,36.18743],[136.23719,36.18773],[136.2375,36.18719],[136.23642,36.1872],[136.23641,36.18722],[136.23637,36.18743]]]}},{"type":"Feature","properties":{"pid":"d6c4d01b-1103-4776-88cc-825c09d21a93","full":10.6},"geometry":{"type":"Polygon","coordinates":[[[136.23629,36.18765],[136.23706,36.18795],[136.23719,36.18774],[136.23636,36.18743],[136.23633,36.18757],[136.23629,36.18765]]]}},{"type":"Feature","properties":{"pid":"a02effb4-38c8-44e6-abda-7c5fafeeef4e","full":24.6},"geometry":{"type":"Polygon","coordinates":[[[136.23609,36.18807],[136.23681,36.18834],[136.23706,36.18796],[136.23629,36.18766],[136.23609,36.18807]]]}},{"type":"Feature","properties":{"pid":"d324e21e-d2e0-4b92-8493-651ed3b2ab74","full":12.0},"geometry":{"type":"Polygon","coordinates":[[[136.23727,36.18796],[136.23801,36.18778],[136.23796,36.18747],[136.23744,36.1876],[136.23726,36.1879],[136.23725,36.18793],[136.23727,36.18796]]]}},{"type":"Feature","properties":{"pid":"87509e27-7a0e-49f2-87be-2e8d3fa4cf94","full":4.4},"geometry":{"type":"Polygon","coordinates":[[[136.23745,36.18757],[136.23789,36.18747],[136.23785,36.18719],[136.23766,36.18719],[136.23745,36.18757]]]}},{"type":"Feature","properties":{"pid":"1f462190-6d03-4014-be16-4d18dfbf42e0","full":33.2},"geometry":{"type":"Polygon","coordinates":[[[136.23817,36.18791],[136.23859,36.18794],[136.23869,36.18706],[136.23805,36.18701],[136.23817,36.18791]]]}},{"type":"Feature","properties":{"pid":"a9944c37-84de-45be-8286-cff254dc43c8","full":7.5},"geometry":{"type":"Polygon","coordinates":[[[136.23861,36.18795],[136.23881,36.18796],[136.23891,36.18708],[136.2387,36.18706],[136.23861,36.18795]]]}},{"type":"Feature","properties":{"pid":"32696057-9b1c-4e6d-a9d4-f04c770061a9","full":8.0},"geometry":{"type":"Polygon","coordinates":[[[136.23838,36.18852],[136.2385,36.18852],[136.23855,36.188],[136.23818,36.18797],[136.2382,36.18814],[136.23823,36.1883],[136.23826,36.18838],[136.2383,36.18843],[136.23838,36.18852]]]}},{"type":"Feature","properties":{"pid":"f12067eb-4bbb-4556-b3b0-02f3aa8adb80","full":7.5},"geometry":{"type":"Polygon","coordinates":[[[136.2385,36.18857],[136.23873,36.18877],[136.23881,36.18802],[136.23856,36.188],[136.2385,36.18857]]]}},{"type":"Feature","properties":{"pid":"b3ba0887-3768-4f8a-88e3-a08110fbd12d","full":23.5},"geometry":{"type":"Polygon","coordinates":[[[136.2376,36.18884],[136.23862,36.18892],[136.23819,36.18852],[136.23813,36.18846],[136.23809,36.18836],[136.23748,36.18851],[136.2376,36.18884]]]}},{"type":"Feature","properties":{"pid":"553d41da-621a-43eb-a0fe-64e2b3e41e2e","full":23.8},"geometry":{"type":"Polygon","coordinates":[[[136.23746,36.18848],[136.23808,36.18832],[136.23801,36.18783],[136.23799,36.18783],[136.23728,36.188],[136.23746,36.18848]]]}},{"type":"Feature","properties":{"pid":"3d0f318b-f4a5-41f5-94ad-212ad894fb23","full":14.6},"geometry":{"type":"Polygon","coordinates":[[[136.23594,36.18837],[136.23659,36.18861],[136.23674,36.18844],[136.23681,36.18835],[136.23609,36.18807],[136.23594,36.18837]]]}},{"type":"Feature","properties":{"pid":"48ad872c-3466-4679-8b18-827e3786f805","full":7.2},"geometry":{"type":"Polygon","coordinates":[[[136.23597,36.18875],[136.23629,36.18886],[136.23644,36.18875],[136.23658,36.18862],[136.23614,36.18845],[136.23597,36.18875]]]}},{"type":"Feature","properties":{"pid":"3635384c-84f5-46a7-b360-9cad1bb8a733","full":6.8},"geometry":{"type":"Polygon","coordinates":[[[136.23685,36.1888],[136.23748,36.18884],[136.23751,36.18883],[136.2374,36.18853],[136.23681,36.18868],[136.23685,36.1888]]]}},{"type":"Feature","properties":{"pid":"c295cab7-a080-4415-ac05-a85f5b5f8ff2","full":17.9},"geometry":{"type":"Polygon","coordinates":[[[136.23711,36.18945],[136.23769,36.1893],[136.2376,36.18906],[136.23754,36.18899],[136.23743,36.18895],[136.2369,36.18891],[136.23711,36.18945]]]}},{"type":"Feature","properties":{"pid":"2bc8a770-93a2-4283-a2ed-b62ac0823fff","full":13.4},"geometry":{"type":"Polygon","coordinates":[[[136.23661,36.18958],[136.23705,36.18947],[136.23688,36.189],[136.2366,36.18906],[136.23649,36.18926],[136.23661,36.18958]]]}},{"type":"Feature","properties":{"pid":"46a016da-7cd8-4310-adf2-65c42205540a","full":23.3},"geometry":{"type":"Polygon","coordinates":[[[136.23807,36.18994],[136.23839,36.18986],[136.23821,36.1894],[136.23839,36.18935],[136.23827,36.18904],[136.23779,36.18901],[136.23776,36.18912],[136.23807,36.18994]]]}},{"type":"Feature","properties":{"pid":"f3c31a18-5465-4d43-a512-ed9f7ff6dfdb","full":0.5},"geometry":{"type":"Polygon","coordinates":[[[136.23771,36.18977],[136.23787,36.18976],[136.23776,36.18948],[136.23765,36.18951],[136.23771,36.18977]]]}},{"type":"Feature","properties":{"pid":"5dbcbbf6-3b9b-4c4f-a246-a3c0d7b7087b","full":1.7},"geometry":{"type":"Polygon","coordinates":[[[136.23839,36.18933],[136.23843,36.18933],[136.2384,36.18925],[136.23878,36.18914],[136.23876,36.18908],[136.23828,36.18905],[136.23839,36.18933]]]}},{"type":"Feature","properties":{"pid":"f65a0761-1234-4a4b-a99b-c22744cd0d05","full":13.3},"geometry":{"type":"Polygon","coordinates":[[[136.23862,36.1898],[136.239,36.18971],[136.23878,36.18916],[136.23843,36.18926],[136.23846,36.18935],[136.23844,36.18935],[136.23862,36.1898]]]}},{"type":"Feature","properties":{"pid":"4324a3eb-8082-4aeb-8c6c-b799e55e6ad2","full":4.4},"geometry":{"type":"Polygon","coordinates":[[[136.2384,36.18986],[136.23861,36.1898],[136.23844,36.18935],[136.23822,36.18941],[136.2384,36.18986]]]}},{"type":"Feature","properties":{"pid":"11b87f06-3a14-46e0-9f38-cc055c7432bf","full":23.3},"geometry":{"type":"Polygon","coordinates":[[[136.23917,36.18956],[136.23975,36.1896],[136.2398,36.18912],[136.23896,36.18906],[136.23917,36.18956]]]}},{"type":"Feature","properties":{"pid":"2479da74-c6d8-4f93-a875-3adb5aff6816","full":42.2},"geometry":{"type":"Polygon","coordinates":[[[136.23874,36.18878],[136.2389,36.18892],[136.23937,36.18896],[136.23947,36.18807],[136.23883,36.18802],[136.23874,36.18878]]]}},{"type":"Feature","properties":{"pid":"82139ddb-bdd0-48c8-8cd6-2417223a8019","full":43.4},"geometry":{"type":"Polygon","coordinates":[[[136.23939,36.18896],[136.24004,36.189],[136.24014,36.18811],[136.23949,36.18807],[136.23939,36.18896]]]}},{"type":"Feature","properties":{"pid":"a49da1f1-7e73-4bb1-ae7c-6e9cbd71aba4","full":38.9},"geometry":{"type":"Polygon","coordinates":[[[136.24006,36.189],[136.24066,36.18904],[136.24075,36.18815],[136.24016,36.18811],[136.24006,36.189]]]}},{"type":"Feature","properties":{"pid":"60a403e9-3df1-41d3-b8e4-e27bed6fb019","full":17.4},"geometry":{"type":"Polygon","coordinates":[[[136.24104,36.18907],[136.24137,36.18909],[136.24147,36.1882],[136.24115,36.18818],[136.24104,36.18907]]]}},{"type":"Feature","properties":{"pid":"e588de1f-53f3-470a-898d-f4bcfa9e05df","full":20.0},"geometry":{"type":"Polygon","coordinates":[[[136.24068,36.18905],[136.24103,36.18907],[136.24113,36.18818],[136.24077,36.18815],[136.24068,36.18905]]]}},{"type":"Feature","properties":{"pid":"c6dd5d95-5f97-4a9d-af6b-75eadfd32709","full":28.1},"geometry":{"type":"Polygon","coordinates":[[[136.23977,36.1896],[136.24059,36.18966],[136.24065,36.18918],[136.23982,36.18912],[136.23977,36.1896]]]}},{"type":"Feature","properties":{"pid":"bdcf30ac-3ced-4eaa-8a21-9598575a5f37","full":12.5},"geometry":{"type":"Polygon","coordinates":[[[136.24109,36.18921],[136.24066,36.18918],[136.24061,36.18966],[136.24103,36.18969],[136.24109,36.18921]]]}},{"type":"Feature","properties":{"pid":"359333d0-959c-422b-a8ec-922f8ab02743","full":5.7},"geometry":{"type":"Polygon","coordinates":[[[136.24105,36.18969],[136.2413,36.18971],[136.24136,36.18923],[136.24111,36.18921],[136.24105,36.18969]]]}},{"type":"Feature","properties":{"pid":"2d4e7b1b-7b7a-4c63-b868-67bd0e93c9e1","full":3.4},"geometry":{"type":"Polygon","coordinates":[[[136.24181,36.18926],[136.24164,36.18974],[136.2419,36.18975],[136.24195,36.18927],[136.24181,36.18926]]]}},{"type":"Feature","properties":{"pid":"d96d53f5-85a4-49b3-9fe6-01e024ea6488","full":6.5},"geometry":{"type":"Polygon","coordinates":[[[136.24245,36.1898],[136.2426,36.18981],[136.24266,36.18974],[136.24275,36.18974],[136.24279,36.18933],[136.2425,36.18931],[136.24245,36.1898]]]}},{"type":"Feature","properties":{"pid":"6dc41fd4-f18c-41c9-890a-0ce6c96ca870","full":15.9},"geometry":{"type":"Polygon","coordinates":[[[136.24192,36.18976],[136.24243,36.1898],[136.24248,36.18931],[136.24197,36.18927],[136.24192,36.18976]]]}},{"type":"Feature","properties":{"pid":"767a96f4-818f-42b0-9be8-97082f49a6ac","full":19.9},"geometry":{"type":"Polygon","coordinates":[[[136.24276,36.18978],[136.24289,36.18986],[136.24332,36.18989],[136.24339,36.18937],[136.2428,36.18933],[136.24276,36.18978]]]}},{"type":"Feature","properties":{"pid":"f6a04002-2096-46c0-8169-939597db8a74","full":7.4},"geometry":{"type":"Polygon","coordinates":[[[136.24341,36.1899],[136.24369,36.18993],[136.24375,36.18939],[136.24348,36.18937],[136.24341,36.1899]]]}},{"type":"Feature","properties":{"pid":"2a3b651d-b0b9-4bba-9fe0-31bcbcc11bb8","full":31.0},"geometry":{"type":"Polygon","coordinates":[[[136.24257,36.18918],[136.24306,36.18922],[136.24316,36.18833],[136.24266,36.18829],[136.24257,36.18918]]]}},{"type":"Feature","properties":{"pid":"fbdb1081-cc91-4fdd-856a-bbf16cc9b1ac","full":19.3},"geometry":{"type":"Polygon","coordinates":[[[136.24308,36.18922],[136.24343,36.18925],[136.24352,36.18835],[136.24317,36.18833],[136.24308,36.18922]]]}},{"type":"Feature","properties":{"pid":"671671f4-ef77-45fc-bd61-daca1aa4fca3","full":13.4},"geometry":{"type":"Polygon","coordinates":[[[136.2435,36.18926],[136.24377,36.18927],[136.24387,36.18838],[136.2436,36.18836],[136.2435,36.18926]]]}},{"type":"Feature","properties":{"pid":"0e350d04-fcd0-48a0-b799-a52ca26f20fd","full":15.3},"geometry":{"type":"Polygon","coordinates":[[[136.24225,36.18916],[136.24255,36.18918],[136.24265,36.18829],[136.24235,36.18827],[136.24225,36.18916]]]}},{"type":"Feature","properties":{"pid":"41ae7ee6-e8ec-4a5d-929b-2163516a0f73","full":8.7},"geometry":{"type":"Polygon","coordinates":[[[136.24144,36.18909],[136.24164,36.18911],[136.24167,36.18872],[136.24184,36.18823],[136.24154,36.1882],[136.24144,36.18909]]]}},{"type":"Feature","properties":{"pid":"c564af33-f0c3-4a14-ac4f-922b2edea838","full":19.1},"geometry":{"type":"Polygon","coordinates":[[[136.24155,36.18808],[136.24187,36.1881],[136.24195,36.18787],[136.24201,36.18731],[136.24197,36.18731],[136.24197,36.18728],[136.24164,36.18726],[136.24155,36.18808]]]}},{"type":"Feature","properties":{"pid":"e7af5e16-6e99-474b-b4c9-79f375c10f0b","full":30.4},"geometry":{"type":"Polygon","coordinates":[[[136.24231,36.18817],[136.24286,36.18821],[136.24296,36.18736],[136.24294,36.18735],[136.24294,36.18732],[136.24291,36.1873],[136.24281,36.1873],[136.24288,36.18731],[136.24287,36.18737],[136.24279,36.18736],[136.2428,36.1873],[136.24263,36.18735],[136.24246,36.18733],[136.24232,36.1877],[136.24245,36.18773],[136.24231,36.18817]]]}},{"type":"Feature","properties":{"pid":"198a9f6b-fa50-4b5d-84e8-26ea81e00a8f","full":15.7},"geometry":{"type":"Polygon","coordinates":[[[136.24168,36.18719],[136.24197,36.18721],[136.24206,36.18639],[136.24174,36.18637],[136.24165,36.18716],[136.24168,36.18716],[136.24168,36.18719]]]}},{"type":"Feature","properties":{"pid":"9b8b8ea0-4b45-4723-a41a-4c2c5ffad2b2","full":15.5},"geometry":{"type":"Polygon","coordinates":[[[136.24199,36.18719],[136.24202,36.18719],[136.24202,36.18721],[136.24221,36.18723],[136.24249,36.18643],[136.24207,36.1864],[136.24199,36.18719]]]}},{"type":"Feature","properties":{"pid":"d9a2f48a-3fd3-4958-9e4b-876bca4e219a","full":34.1},"geometry":{"type":"Polygon","coordinates":[[[136.24279,36.18722],[136.24293,36.18723],[136.2431,36.18732],[136.24312,36.18732],[136.24314,36.1873],[136.24323,36.18642],[136.24277,36.18639],[136.24247,36.18727],[136.24262,36.18728],[136.24279,36.18722]]]}},{"type":"Feature","properties":{"pid":"b961a873-b29a-4f08-9efe-d0d0cf5fd342","full":17.6},"geometry":{"type":"Polygon","coordinates":[[[136.24371,36.18734],[136.24404,36.18736],[136.24414,36.18649],[136.24381,36.18646],[136.24371,36.18734]]]}},{"type":"Feature","properties":{"pid":"dcb5a6da-d58a-4d81-9772-1b6213ce4c4c","full":28.8},"geometry":{"type":"Polygon","coordinates":[[[136.24316,36.18731],[136.24363,36.18734],[136.24372,36.18646],[136.24325,36.18642],[136.24316,36.18731]]]}},{"type":"Feature","properties":{"pid":"8e1d9563-4f34-4164-9e44-fb747616beb9","full":40.4},"geometry":{"type":"Polygon","coordinates":[[[136.24354,36.1882],[136.24363,36.18741],[136.2431,36.18737],[136.24298,36.18733],[136.24288,36.18821],[136.24337,36.18823],[136.24339,36.18822],[136.24345,36.1882],[136.24354,36.1882]]]}},{"type":"Feature","properties":{"pid":"5e69d856-c0b4-4165-b819-fdd0930cba9c","full":14.4},"geometry":{"type":"Polygon","coordinates":[[[136.2436,36.18831],[136.24389,36.18833],[136.24398,36.18744],[136.24369,36.18742],[136.2436,36.18831]]]}},{"type":"Feature","properties":{"pid":"9b54f324-35d6-42aa-a899-bc519fa70353","full":69.0},"geometry":{"type":"Polygon","coordinates":[[[136.24392,36.18833],[136.24487,36.1884],[136.24497,36.18751],[136.244,36.18743],[136.24392,36.18833]]]}},{"type":"Feature","properties":{"pid":"47fa20ef-e199-4010-980d-c59b045c4583","full":20.7},"geometry":{"type":"Polygon","coordinates":[[[136.24497,36.18841],[136.24534,36.18844],[136.24544,36.18754],[136.24508,36.18752],[136.24497,36.18841]]]}},{"type":"Feature","properties":{"pid":"0da11a98-5364-46c7-b10e-3eb34f6b7692","full":23.6},"geometry":{"type":"Polygon","coordinates":[[[136.24407,36.18736],[136.24447,36.18739],[136.24458,36.18651],[136.24416,36.18648],[136.24407,36.18736]]]}},{"type":"Feature","properties":{"pid":"689bce2a-6ed1-41d3-aadb-e1116f9b5b2d","full":28.1},"geometry":{"type":"Polygon","coordinates":[[[136.2445,36.1874],[136.24496,36.18743],[136.24506,36.18655],[136.2446,36.18652],[136.2445,36.1874]]]}},{"type":"Feature","properties":{"pid":"48f101b4-7c0f-425b-8af8-88889e1c5354","full":14.9},"geometry":{"type":"Polygon","coordinates":[[[136.24507,36.18744],[136.24537,36.18746],[136.24547,36.18658],[136.24517,36.18656],[136.24507,36.18744]]]}},{"type":"Feature","properties":{"pid":"f267bbc1-f2ef-4eba-bae1-3a02d5705e2b","full":40.9},"geometry":{"type":"Polygon","coordinates":[[[136.24539,36.18746],[136.24601,36.18751],[136.24611,36.18663],[136.24549,36.18658],[136.24539,36.18746]]]}},{"type":"Feature","properties":{"pid":"b06aa13a-1921-4c69-8399-3fa744ebab40","full":15.8},"geometry":{"type":"Polygon","coordinates":[[[136.24604,36.18751],[136.24635,36.18753],[136.24645,36.18665],[136.24614,36.18662],[136.24604,36.18751]]]}},{"type":"Feature","properties":{"pid":"3b413f3d-c28b-44d9-ad25-4740590922fd","full":16.0},"geometry":{"type":"Polygon","coordinates":[[[136.24535,36.18843],[136.24566,36.18845],[136.24576,36.18757],[136.24545,36.18754],[136.24535,36.18843]]]}},{"type":"Feature","properties":{"pid":"c0a246fe-c828-4255-84df-609c0e60a8b9","full":23.5},"geometry":{"type":"Polygon","coordinates":[[[136.24568,36.18845],[136.24608,36.18848],[136.24619,36.18759],[136.24578,36.18756],[136.24568,36.18845]]]}},{"type":"Feature","properties":{"pid":"a03fbd78-4263-4f41-acfe-6610d89ecb3d","full":31.1},"geometry":{"type":"Polygon","coordinates":[[[136.2461,36.18848],[136.2466,36.18852],[136.2467,36.18763],[136.24621,36.18759],[136.2461,36.18848]]]}},{"type":"Feature","properties":{"pid":"80187235-2908-499c-87a6-da6649cbc0f5","full":20.5},"geometry":{"type":"Polygon","coordinates":[[[136.24539,36.18939],[136.24575,36.18942],[136.24585,36.18853],[136.24548,36.1885],[136.24539,36.18939]]]}},{"type":"Feature","properties":{"pid":"074c64ed-2580-4105-9501-36367674712a","full":71.4},"geometry":{"type":"Polygon","coordinates":[[[136.24379,36.18928],[136.24477,36.18935],[136.24487,36.18845],[136.24389,36.18838],[136.24379,36.18928]]]}},{"type":"Feature","properties":{"pid":"886f10ee-c46e-4163-ae98-a776c8642d8f","full":32.0},"geometry":{"type":"Polygon","coordinates":[[[136.24485,36.18936],[136.24537,36.18939],[136.24546,36.1885],[136.24496,36.18846],[136.24485,36.18936]]]}},{"type":"Feature","properties":{"pid":"71ce903f-ba48-459e-88a1-3ca2b92b0b8a","full":21.0},"geometry":{"type":"Polygon","coordinates":[[[136.24371,36.18993],[136.24429,36.18998],[136.24435,36.18944],[136.24377,36.1894],[136.24371,36.18993]]]}},{"type":"Feature","properties":{"pid":"05eb85df-b51a-4b06-a641-1b904e9e2b20","full":13.1},"geometry":{"type":"Polygon","coordinates":[[[136.24431,36.18998],[136.2447,36.19003],[136.24476,36.18947],[136.24436,36.18944],[136.24431,36.18998]]]}},{"type":"Feature","properties":{"pid":"18ef27d9-96b2-4f59-96d8-94124c4b79b0","full":22.9},"geometry":{"type":"Polygon","coordinates":[[[136.24577,36.18942],[136.24617,36.18944],[136.24626,36.18856],[136.24587,36.18853],[136.24577,36.18942]]]}},{"type":"Feature","properties":{"pid":"be56a0b0-5a51-4d61-9b62-48efa650bbb5","full":15.9},"geometry":{"type":"Polygon","coordinates":[[[136.24619,36.18944],[136.2465,36.18947],[136.24659,36.18858],[136.24628,36.18856],[136.24619,36.18944]]]}},{"type":"Feature","properties":{"pid":"d06fa83a-c03e-41bc-83c0-f991d5bc09ee","full":39.8},"geometry":{"type":"Polygon","coordinates":[[[136.24714,36.18951],[136.24774,36.18955],[136.24783,36.18866],[136.24723,36.18862],[136.24714,36.18951]]]}},{"type":"Feature","properties":{"pid":"e0572b19-8764-4a4e-82a6-e85c3603bf64","full":38.6},"geometry":{"type":"Polygon","coordinates":[[[136.24652,36.18947],[136.24711,36.18951],[136.24721,36.18862],[136.24662,36.18858],[136.24652,36.18947]]]}},{"type":"Feature","properties":{"pid":"79aa8acd-252c-4989-9c46-c9a8d5e5ef43","full":28.4},"geometry":{"type":"Polygon","coordinates":[[[136.24662,36.18852],[136.24709,36.18855],[136.24719,36.18767],[136.24672,36.18764],[136.24662,36.18852]]]}},{"type":"Feature","properties":{"pid":"ab7090f7-18ab-4854-a462-d5c53236ebf7","full":38.7},"geometry":{"type":"Polygon","coordinates":[[[136.24712,36.18856],[136.24771,36.18859],[136.24781,36.18771],[136.24721,36.18767],[136.24712,36.18856]]]}},{"type":"Feature","properties":{"pid":"7e579780-9c0f-406d-9698-43fdb47b371a","full":19.3},"geometry":{"type":"Polygon","coordinates":[[[136.24772,36.18859],[136.24808,36.18862],[136.24817,36.18773],[136.24782,36.18771],[136.24772,36.18859]]]}},{"type":"Feature","properties":{"pid":"557f730a-7ee2-4b1c-8d92-38d771d8e891","full":18.1},"geometry":{"type":"Polygon","coordinates":[[[136.2481,36.18862],[136.24843,36.18865],[136.24853,36.18776],[136.24818,36.18774],[136.2481,36.18862]]]}},{"type":"Feature","properties":{"pid":"0c628cbc-1d04-44d0-9ca0-8034aecceaa5","full":16.4},"geometry":{"type":"Polygon","coordinates":[[[136.24852,36.18865],[136.24884,36.18867],[136.24894,36.18778],[136.24863,36.18776],[136.24852,36.18865]]]}},{"type":"Feature","properties":{"pid":"cbc81ea0-6521-40b1-b9f7-21940c459784","full":9.7},"geometry":{"type":"Polygon","coordinates":[[[136.24886,36.18867],[136.24909,36.18869],[136.24919,36.1878],[136.24896,36.18778],[136.24886,36.18867]]]}},{"type":"Feature","properties":{"pid":"313373c1-e79c-4312-8057-5bc3ca1500ca","full":20.0},"geometry":{"type":"Polygon","coordinates":[[[136.24876,36.18963],[136.24911,36.18965],[136.24921,36.18876],[136.24886,36.18873],[136.24876,36.18963]]]}},{"type":"Feature","properties":{"pid":"c28cf9b3-dbc0-44aa-abf5-08b54a12ea72","full":17.9},"geometry":{"type":"Polygon","coordinates":[[[136.24841,36.1896],[136.24874,36.18962],[136.24884,36.18872],[136.24851,36.1887],[136.24841,36.1896]]]}},{"type":"Feature","properties":{"pid":"54cc8860-edd7-415e-b2b9-6fcd54a560a3","full":9.9},"geometry":{"type":"Polygon","coordinates":[[[136.24809,36.18958],[136.24832,36.1896],[136.24842,36.1887],[136.24819,36.18868],[136.24809,36.18958]]]}},{"type":"Feature","properties":{"pid":"cd8f57ec-fcbc-480a-bd2b-1faac204e194","full":16.3},"geometry":{"type":"Polygon","coordinates":[[[136.24776,36.18956],[136.24807,36.18958],[136.24817,36.18868],[136.24786,36.18866],[136.24776,36.18956]]]}},{"type":"Feature","properties":{"pid":"7e963847-921b-419b-9d8c-ba63e22a3e07","full":28.6},"geometry":{"type":"Polygon","coordinates":[[[136.24913,36.18965],[136.2496,36.18968],[136.24969,36.18879],[136.24923,36.18875],[136.24913,36.18965]]]}},{"type":"Feature","properties":{"pid":"dafaccc4-e3a3-4ff1-abff-31a0112e94e6","full":11.6},"geometry":{"type":"Polygon","coordinates":[[[136.24963,36.18968],[136.24989,36.1897],[136.24998,36.18881],[136.24973,36.18879],[136.24963,36.18968]]]}},{"type":"Feature","properties":{"pid":"0bb346d8-7706-47a4-aa3b-a8a17726f0d4","full":24.3},"geometry":{"type":"Polygon","coordinates":[[[136.24971,36.18874],[136.25012,36.18877],[136.25022,36.18787],[136.24981,36.18784],[136.24971,36.18874]]]}},{"type":"Feature","properties":{"pid":"a3b94a86-55de-491c-ae03-65954322da23","full":15.9},"geometry":{"type":"Polygon","coordinates":[[[136.2498,36.18784],[136.24949,36.18781],[136.24939,36.18871],[136.24969,36.18874],[136.2498,36.18784]]]}},{"type":"Feature","properties":{"pid":"3c63900a-3593-48f6-a6be-a859dc63cf82","full":11.4},"geometry":{"type":"Polygon","coordinates":[[[136.24912,36.18869],[136.24937,36.18871],[136.24947,36.18781],[136.24922,36.18779],[136.24912,36.18869]]]}},{"type":"Feature","properties":{"pid":"6eea72a5-5a41-44d2-84d9-974526a9954d","full":16.9},"geometry":{"type":"Polygon","coordinates":[[[136.24896,36.18772],[136.24928,36.18775],[136.24937,36.18685],[136.24905,36.18683],[136.24896,36.18772]]]}},{"type":"Feature","properties":{"pid":"b3565f7a-6466-4247-b2d5-8c09ed956cca","full":19.5},"geometry":{"type":"Polygon","coordinates":[[[136.24929,36.18775],[136.24964,36.18777],[136.24974,36.18688],[136.24939,36.18685],[136.24929,36.18775]]]}},{"type":"Feature","properties":{"pid":"da2d8087-ff1a-4d06-a0b8-cd8888650176","full":17.6},"geometry":{"type":"Polygon","coordinates":[[[136.24965,36.18683],[136.24998,36.18685],[136.25007,36.18594],[136.24974,36.18592],[136.24965,36.18683]]]}},{"type":"Feature","properties":{"pid":"994c0424-004f-40c8-9057-19a2b85e6b76","full":34.6},"geometry":{"type":"Polygon","coordinates":[[[136.24911,36.18678],[136.24964,36.18682],[136.24973,36.18592],[136.24919,36.18588],[136.24911,36.18678]]]}},{"type":"Feature","properties":{"pid":"cb7f9aa0-bbbd-4b9b-95aa-4cbc3f582976","full":16.9},"geometry":{"type":"Polygon","coordinates":[[[136.24862,36.1877],[136.24895,36.18773],[136.24904,36.18683],[136.24873,36.1868],[136.24862,36.1877]]]}},{"type":"Feature","properties":{"pid":"90824d6f-78e9-47fb-b2f7-dd098383b41c","full":53.1},"geometry":{"type":"Polygon","coordinates":[[[136.24775,36.18763],[136.24852,36.18769],[136.24863,36.1868],[136.24785,36.18674],[136.24775,36.18763]]]}},{"type":"Feature","properties":{"pid":"e632f946-73cb-45dd-80a8-342027442ff9","full":17.0},"geometry":{"type":"Polygon","coordinates":[[[136.24637,36.18753],[136.2467,36.18755],[136.24679,36.18668],[136.24647,36.18666],[136.24637,36.18753]]]}},{"type":"Feature","properties":{"pid":"bda200ee-c5a4-4b6a-b956-81d319d2750c","full":52.3},"geometry":{"type":"Polygon","coordinates":[[[136.24673,36.18756],[136.2475,36.18761],[136.2476,36.18673],[136.24683,36.18668],[136.24673,36.18756]]]}},{"type":"Feature","properties":{"pid":"2a3e7c4b-9178-42f3-b4dc-a24322c4f92c","full":7.5},"geometry":{"type":"Polygon","coordinates":[[[136.24752,36.18761],[136.24772,36.18763],[136.24783,36.18675],[136.24762,36.18673],[136.24752,36.18761]]]}},{"type":"Feature","properties":{"pid":"48ae4351-b379-4501-bef7-a45e904b8e74","full":20.0},"geometry":{"type":"Polygon","coordinates":[[[136.24646,36.18659],[136.24682,36.18662],[136.2469,36.18572],[136.24655,36.1857],[136.24646,36.18659]]]}},{"type":"Feature","properties":{"pid":"455e4b27-9986-4727-a9aa-04b127f64202","full":6.4},"geometry":{"type":"Polygon","coordinates":[[[136.24684,36.18662],[136.24702,36.18663],[136.24711,36.18573],[136.24691,36.18572],[136.24684,36.18662]]]}},{"type":"Feature","properties":{"pid":"5b79d8eb-d6cf-4e9a-83c4-fe37c8cee732","full":42.9},"geometry":{"type":"Polygon","coordinates":[[[136.24705,36.18664],[136.24767,36.18668],[136.24777,36.18581],[136.24773,36.1858],[136.24774,36.18578],[136.24712,36.18574],[136.24705,36.18664]]]}},{"type":"Feature","properties":{"pid":"da35e0a1-c5cf-4ad1-a8df-826318e76c6f","full":39.6},"geometry":{"type":"Polygon","coordinates":[[[136.24623,36.18561],[136.24691,36.18566],[136.24699,36.18489],[136.24632,36.1848],[136.24623,36.18561]]]}},{"type":"Feature","properties":{"pid":"404d5ac1-b5a8-49c7-9e48-a29284f25fa1","full":18.4},"geometry":{"type":"Polygon","coordinates":[[[136.24693,36.18566],[136.24731,36.18568],[136.24739,36.18494],[136.24701,36.18489],[136.24693,36.18566]]]}},{"type":"Feature","properties":{"pid":"c0e36203-b454-4f96-9b3a-6cfb256ab139","full":44.6},"geometry":{"type":"Polygon","coordinates":[[[136.24732,36.18568],[136.2481,36.18574],[136.2481,36.18573],[136.24813,36.18573],[136.2482,36.18503],[136.24741,36.18493],[136.24732,36.18568]]]}},{"type":"Feature","properties":{"pid":"dd5a0a99-212b-4a97-b259-781e5c08c9e1","full":15.1},"geometry":{"type":"Polygon","coordinates":[[[136.24814,36.18574],[136.24849,36.18577],[136.24856,36.18507],[136.24821,36.18503],[136.24814,36.18574]]]}},{"type":"Feature","properties":{"pid":"3a8f3d72-bbc4-4daf-b6d9-cc04d696e3c8","full":46.6},"geometry":{"type":"Polygon","coordinates":[[[136.24781,36.18417],[136.24766,36.18483],[136.24768,36.18484],[136.24855,36.18495],[136.24856,36.18496],[136.2487,36.18432],[136.2487,36.1843],[136.24781,36.18417]]]}},{"type":"Feature","properties":{"pid":"9788860c-fa59-4755-be93-4cf3b5b66678","full":7.9},"geometry":{"type":"Polygon","coordinates":[[[136.24852,36.18577],[136.24873,36.18578],[136.24881,36.1851],[136.24856,36.18507],[136.24849,36.18575],[136.24852,36.18576],[136.24852,36.18577]]]}},{"type":"Feature","properties":{"pid":"433a3f24-56bd-46d2-8eab-d82b152e61bf","full":7.8},"geometry":{"type":"Polygon","coordinates":[[[136.24883,36.18581],[136.24904,36.18582],[136.24912,36.1851],[136.24888,36.18508],[136.24881,36.18578],[136.24883,36.18578],[136.24883,36.18581]]]}},{"type":"Feature","properties":{"pid":"ab546351-5355-4284-bcf8-8388dd1db0da","full":31.5},"geometry":{"type":"Polygon","coordinates":[[[136.2477,36.18668],[136.24819,36.18672],[136.24828,36.18584],[136.24825,36.18581],[136.24779,36.18579],[136.2477,36.18668]]]}},{"type":"Feature","properties":{"pid":"39dd32ca-6ace-446f-8f03-bc3914e3cfe2","full":25.2},"geometry":{"type":"Polygon","coordinates":[[[136.2482,36.18671],[136.24863,36.18674],[136.24872,36.18585],[136.2483,36.18582],[136.2482,36.18671]]]}},{"type":"Feature","properties":{"pid":"604ca17f-0dcd-428b-99bd-7adcb8abe548","full":21.9},"geometry":{"type":"Polygon","coordinates":[[[136.24871,36.18675],[136.24909,36.18678],[136.24918,36.18588],[136.2488,36.18585],[136.24871,36.18675]]]}},{"type":"Feature","properties":{"pid":"cbb8a48d-d11f-4f34-9293-31af5c6ae1f2","full":16.5},"geometry":{"type":"Polygon","coordinates":[[[136.24905,36.18582],[136.24943,36.18585],[136.2495,36.18513],[136.24913,36.1851],[136.24905,36.18582]]]}},{"type":"Feature","properties":{"pid":"37242593-58c0-4040-908d-4abec0f34a42","full":16.1},"geometry":{"type":"Polygon","coordinates":[[[136.24944,36.18584],[136.24981,36.18587],[136.24989,36.18516],[136.24952,36.18513],[136.24944,36.18584]]]}},{"type":"Feature","properties":{"pid":"fb84dea2-6885-492e-b0d5-f57630a2f090","full":104.0},"geometry":{"type":"Polygon","coordinates":[[[136.24976,36.18372],[136.24976,36.1837],[136.24889,36.18359],[136.24859,36.18495],[136.24861,36.18495],[136.24861,36.18497],[136.24891,36.185],[136.24935,36.18504],[136.24948,36.18505],[136.2495,36.18504],[136.24979,36.18372],[136.24976,36.18372]]]}},{"type":"Feature","properties":{"pid":"e65f86ef-4dd8-40ca-8767-ecef0079d686","full":45.6},"geometry":{"type":"Polygon","coordinates":[[[136.24903,36.18292],[136.24889,36.18358],[136.24976,36.1837],[136.24977,36.18368],[136.24979,36.18368],[136.24993,36.18305],[136.24903,36.18292]]]}},{"type":"Feature","properties":{"pid":"2eb3ae58-f6b6-4259-873c-d906da4abc03","full":10.1},"geometry":{"type":"Polygon","coordinates":[[[136.24903,36.18292],[136.24993,36.18305],[136.24998,36.18283],[136.24907,36.18271],[136.24903,36.18292]]]}},{"type":"Feature","properties":{"pid":"2c030630-7f62-4c76-ac40-08ea4deea111","full":10.5},"geometry":{"type":"Polygon","coordinates":[[[136.24796,36.18347],[136.24792,36.18367],[136.24881,36.1838],[136.24886,36.18358],[136.24799,36.18345],[136.24798,36.18347],[136.24796,36.18347]]]}},{"type":"Feature","properties":{"pid":"acdc4422-c6f4-4107-8a3b-5bf6a8026e2b","full":31.7},"geometry":{"type":"Polygon","coordinates":[[[136.24886,36.18357],[136.24896,36.18309],[136.24807,36.18297],[136.24796,36.18342],[136.24799,36.18342],[136.24799,36.18345],[136.24886,36.18357]]]}},{"type":"Feature","properties":{"pid":"4f34e327-cabe-440e-a696-59cbfced6d3f","full":31.9},"geometry":{"type":"Polygon","coordinates":[[[136.24791,36.1837],[136.24781,36.18416],[136.2487,36.18429],[136.24881,36.1838],[136.24793,36.18368],[136.24792,36.1837],[136.24791,36.1837]]]}},{"type":"Feature","properties":{"pid":"2d82eac6-e66f-41b5-9066-2c197d45644c","full":21.8},"geometry":{"type":"Polygon","coordinates":[[[136.2478,36.18391],[136.2469,36.18378],[136.24683,36.18413],[136.24771,36.18426],[136.24771,36.18424],[136.24774,36.18425],[136.2478,36.18391]]]}},{"type":"Feature","properties":{"pid":"9e747ec4-2cc4-4fa0-ad0b-9975b5e0c70a","full":39.8},"geometry":{"type":"Polygon","coordinates":[[[136.24773,36.18427],[136.24682,36.18414],[136.2467,36.18472],[136.24761,36.18484],[136.24773,36.18427]]]}},{"type":"Feature","properties":{"pid":"641a7e8c-789e-4437-a22c-11d853f0ee7b","full":30.2},"geometry":{"type":"Polygon","coordinates":[[[136.247,36.18332],[136.2469,36.18377],[136.24781,36.1839],[136.2479,36.18344],[136.247,36.18332]]]}},{"type":"Feature","properties":{"pid":"1949d255-5562-45cf-b5c3-22cbb663e79e","full":58.4},"geometry":{"type":"Polygon","coordinates":[[[136.247,36.18331],[136.24787,36.18343],[136.24788,36.1834],[136.24791,36.1834],[136.24807,36.18262],[136.24718,36.1825],[136.247,36.18331]]]}},{"type":"Feature","properties":{"pid":"f50420ee-38f5-4797-a978-90b9b5fa965e","full":20.1},"geometry":{"type":"Polygon","coordinates":[[[136.24607,36.18317],[136.24697,36.1833],[136.24704,36.18296],[136.24614,36.18284],[136.24607,36.18317]]]}},{"type":"Feature","properties":{"pid":"c61fd2fb-7704-49f1-812d-be83fa8bdbcf","full":16.9},"geometry":{"type":"Polygon","coordinates":[[[136.24691,36.1836],[136.24697,36.18331],[136.24608,36.18318],[136.24601,36.18348],[136.24691,36.1836]]]}},{"type":"Feature","properties":{"pid":"5ab170d0-86e4-4960-8fbc-76ef746673b0","full":38.5},"geometry":{"type":"Polygon","coordinates":[[[136.24602,36.18317],[136.24512,36.18304],[136.245,36.1836],[136.24588,36.18373],[136.24588,36.18371],[136.24591,36.18371],[136.24602,36.18317]]]}},{"type":"Feature","properties":{"pid":"7ec710f3-ee06-4949-9cfe-79f8d3e0bce8","full":20.7},"geometry":{"type":"Polygon","coordinates":[[[136.2461,36.18282],[136.24519,36.18269],[136.24511,36.18304],[136.24603,36.18315],[136.2461,36.18282]]]}},{"type":"Feature","properties":{"pid":"e9d400ae-fe05-454c-9fdb-c681454a8118","full":21.8},"geometry":{"type":"Polygon","coordinates":[[[136.24504,36.1832],[136.24395,36.18304],[136.24385,36.18335],[136.24497,36.18351],[136.24504,36.1832]],[[136.24413,36.18315],[136.24414,36.18309],[136.24422,36.1831],[136.24421,36.18316],[136.24413,36.18315]]]}},{"type":"Feature","properties":{"pid":"8d86f3c5-ad1f-4f1b-8f1d-3844ffce3da9","full":34.2},"geometry":{"type":"Polygon","coordinates":[[[136.24384,36.18338],[136.24371,36.18379],[136.24486,36.18395],[136.24496,36.18354],[136.24384,36.18338]]]}},{"type":"Feature","properties":{"pid":"fc98fdf9-6627-4871-922e-3be2ecbb006a","full":44.0},"geometry":{"type":"Polygon","coordinates":[[[136.2437,36.18383],[136.24354,36.1843],[136.24477,36.18446],[136.24487,36.18398],[136.2437,36.18383]]]}},{"type":"Feature","properties":{"pid":"bc06e3eb-0868-4205-a452-9b5cfb25603c","full":26.8},"geometry":{"type":"Polygon","coordinates":[[[136.24577,36.18419],[136.24489,36.18407],[136.2448,36.18449],[136.24568,36.1846],[136.24571,36.18459],[136.2458,36.18421],[136.24577,36.18419]]]}},{"type":"Feature","properties":{"pid":"e86dda85-dd08-4824-a17f-1b84e563b36d","full":29.2},"geometry":{"type":"Polygon","coordinates":[[[136.2459,36.18374],[136.24499,36.18361],[136.2449,36.18406],[136.24579,36.18419],[136.2459,36.18374]]]}},{"type":"Feature","properties":{"pid":"6928aeba-35ac-436a-82eb-98ab2cd100da","full":38.6},"geometry":{"type":"Polygon","coordinates":[[[136.24589,36.18405],[136.24678,36.18418],[136.2469,36.18361],[136.24601,36.18348],[136.24589,36.18405]]]}},{"type":"Feature","properties":{"pid":"b2d7c32f-b48d-46ff-9c44-14ae6be203ec","full":36.6},"geometry":{"type":"Polygon","coordinates":[[[136.24589,36.18406],[136.24577,36.1846],[136.24575,36.18461],[136.24579,36.18462],[136.2458,36.18461],[136.24667,36.18472],[136.24678,36.18419],[136.24589,36.18406]]]}},{"type":"Feature","properties":{"pid":"dbd19072-d9aa-42e9-9ed5-27a7643e8934","full":28.3},"geometry":{"type":"Polygon","coordinates":[[[136.24583,36.18474],[136.24536,36.18468],[136.24525,36.18555],[136.24573,36.18558],[136.24583,36.18474]]]}},{"type":"Feature","properties":{"pid":"5b5518c2-1a18-4b1e-b032-574b0186acf9","full":26.6},"geometry":{"type":"Polygon","coordinates":[[[136.24575,36.18558],[136.24617,36.18562],[136.24622,36.18558],[136.24631,36.1848],[136.24584,36.18474],[136.24575,36.18558]]]}},{"type":"Feature","properties":{"pid":"daf28e25-ab2b-45c8-b380-fdaf0241d136","full":20.4},"geometry":{"type":"Polygon","coordinates":[[[136.24607,36.18656],[136.24645,36.18659],[136.24653,36.18569],[136.24618,36.18568],[136.24607,36.18656]]]}},{"type":"Feature","properties":{"pid":"e805f188-0b02-4ad1-a1c3-f7aa89105aa3","full":21.6},"geometry":{"type":"Polygon","coordinates":[[[136.24568,36.18654],[136.24606,36.18656],[136.24616,36.18567],[136.24577,36.18564],[136.24568,36.18654]]]}},{"type":"Feature","properties":{"pid":"9c7d31ef-52d1-425d-9991-a77fe9e5b0b8","full":30.4},"geometry":{"type":"Polygon","coordinates":[[[136.24517,36.1865],[136.24566,36.18654],[136.24576,36.18565],[136.24526,36.18561],[136.24517,36.1865]]]}},{"type":"Feature","properties":{"pid":"6213bea1-e3a3-4cfe-b035-04e2c7dafdf7","full":21.2},"geometry":{"type":"Polygon","coordinates":[[[136.24469,36.18647],[136.24507,36.18649],[136.24517,36.18561],[136.24479,36.18558],[136.24469,36.18647]]]}},{"type":"Feature","properties":{"pid":"ac44aac2-23ef-4763-be75-1a9985f8b742","full":27.4},"geometry":{"type":"Polygon","coordinates":[[[136.24423,36.18643],[136.24468,36.18647],[136.24478,36.18559],[136.24432,36.18555],[136.24423,36.18643]]]}},{"type":"Feature","properties":{"pid":"110795f9-527a-48e6-94c7-bdd97bbd79a7","full":23.3},"geometry":{"type":"Polygon","coordinates":[[[136.24381,36.18641],[136.24421,36.18643],[136.2443,36.18555],[136.2439,36.18552],[136.24381,36.18641]]]}},{"type":"Feature","properties":{"pid":"4d790450-9a9c-4888-8cc3-0cee6ab90712","full":4.6},"geometry":{"type":"Polygon","coordinates":[[[136.2439,36.18545],[136.24411,36.18547],[136.24416,36.18493],[136.24395,36.18492],[136.2439,36.18545]]]}},{"type":"Feature","properties":{"pid":"23a57aef-d0c8-468f-a148-b0a957c3d880","full":14.1},"geometry":{"type":"Polygon","coordinates":[[[136.24413,36.18547],[136.24456,36.1855],[136.24461,36.18496],[136.24418,36.18494],[136.24413,36.18547]]]}},{"type":"Feature","properties":{"pid":"24deb601-5b39-4002-b8fc-420c31d1bdf1","full":21.8},"geometry":{"type":"Polygon","coordinates":[[[136.24458,36.1855],[136.24517,36.18554],[136.24523,36.18501],[136.24463,36.18496],[136.24458,36.1855]]]}},{"type":"Feature","properties":{"pid":"f580b55a-2685-4c4d-b9c5-7fc70ed7feb7","full":5.6},"geometry":{"type":"Polygon","coordinates":[[[136.24481,36.18492],[136.24523,36.18495],[136.24526,36.1847],[136.24484,36.18464],[136.24481,36.18492]]]}},{"type":"Feature","properties":{"pid":"bd64df56-a6f7-465e-a614-f4214c1a0cac","full":5.7},"geometry":{"type":"Polygon","coordinates":[[[136.2444,36.1849],[136.2448,36.18492],[136.24482,36.18464],[136.24444,36.18459],[136.2444,36.1849]]]}},{"type":"Feature","properties":{"pid":"67be1929-5492-41a1-9382-107d1b2ba273","full":7.4},"geometry":{"type":"Polygon","coordinates":[[[136.24395,36.18487],[136.24439,36.1849],[136.24442,36.18459],[136.244,36.18454],[136.24395,36.18487]]]}},{"type":"Feature","properties":{"pid":"c7b7dba5-d791-4593-a4e0-1f7cd02df4bb","full":13.2},"geometry":{"type":"Polygon","coordinates":[[[136.24341,36.18447],[136.24333,36.18475],[136.24333,36.1848],[136.24335,36.18483],[136.24394,36.18487],[136.24399,36.18454],[136.24369,36.1845],[136.24343,36.18445],[136.24341,36.18447]]]}},{"type":"Feature","properties":{"pid":"c475e997-cd4f-42c9-aec1-f02862b10fc7","full":1.5},"geometry":{"type":"Polygon","coordinates":[[[136.24314,36.18539],[136.24332,36.18541],[136.24337,36.18488],[136.24329,36.18487],[136.24312,36.18537],[136.24315,36.18537],[136.24314,36.18539]]]}},{"type":"Feature","properties":{"pid":"422cb537-7ce8-46cf-853c-ec0b2d8cc0e7","full":16.5},"geometry":{"type":"Polygon","coordinates":[[[136.24333,36.18541],[136.24381,36.18544],[136.24381,36.18541],[136.24386,36.18542],[136.24385,36.18544],[136.24388,36.18545],[136.24393,36.18492],[136.24339,36.18488],[136.24333,36.18541]],[[136.24348,36.18524],[136.24349,36.18518],[136.24357,36.18519],[136.24355,36.18525],[136.24348,36.18524]]]}},{"type":"Feature","properties":{"pid":"ec8f2494-34f8-4b34-8340-779a6567fb00","full":17.6},"geometry":{"type":"Polygon","coordinates":[[[136.24338,36.18638],[136.24373,36.1864],[136.2438,36.18552],[136.24348,36.1855],[136.24338,36.18638]]]}},{"type":"Feature","properties":{"pid":"225390dd-ddbc-4f3c-a9c8-3bd5ec995c1a","full":16.6},"geometry":{"type":"Polygon","coordinates":[[[136.24305,36.18636],[136.24336,36.18638],[136.24347,36.1855],[136.24315,36.18547],[136.24305,36.18636]]]}},{"type":"Feature","properties":{"pid":"fc37cc47-b0db-473c-ab84-b06703266ed4","full":3.3},"geometry":{"type":"Polygon","coordinates":[[[136.24309,36.18547],[136.24279,36.18634],[136.24303,36.18635],[136.24313,36.18548],[136.24309,36.18547]]]}},{"type":"Feature","properties":{"pid":"2b7b2cff-bc67-46b2-9b72-a8a6b86356b3","full":27.4},"geometry":{"type":"Polygon","coordinates":[[[136.24176,36.18624],[136.24222,36.18627],[136.24227,36.18578],[136.2423,36.18543],[136.2423,36.18541],[136.24228,36.18539],[136.24185,36.18537],[136.24176,36.18624]]]}},{"type":"Feature","properties":{"pid":"7418ba9e-5a52-4c70-acf6-d25685d1ffbc","full":23.9},"geometry":{"type":"Polygon","coordinates":[[[136.24223,36.18629],[136.24253,36.18631],[136.24283,36.18543],[136.24232,36.1854],[136.24223,36.18629]]]}},{"type":"Feature","properties":{"pid":"4f4432e6-f402-4f8d-9e3a-00ca0f90d0fd","full":31.1},"geometry":{"type":"Polygon","coordinates":[[[136.24121,36.18623],[136.24171,36.18627],[136.2418,36.18538],[136.2413,36.18535],[136.24121,36.18623]]]}},{"type":"Feature","properties":{"pid":"dda25cb1-7d6b-41b4-bc34-7873d97ed9ec","full":32.2},"geometry":{"type":"Polygon","coordinates":[[[136.24099,36.18525],[136.24181,36.18531],[136.24187,36.18477],[136.24105,36.18471],[136.24099,36.18525]]]}},{"type":"Feature","properties":{"pid":"aa3abb77-2522-45f4-9740-c0133967d5ac","full":13.8},"geometry":{"type":"Polygon","coordinates":[[[136.24238,36.18534],[136.24254,36.18535],[136.24254,36.18532],[136.24259,36.18532],[136.24259,36.18535],[136.24281,36.18537],[136.24287,36.18484],[136.24243,36.18481],[136.24238,36.18534]]]}},{"type":"Feature","properties":{"pid":"1795b826-ca34-4388-b367-8ddc62acc850","full":15.9},"geometry":{"type":"Polygon","coordinates":[[[136.24187,36.1853],[136.24218,36.18533],[136.24218,36.18529],[136.24223,36.18529],[136.24223,36.18533],[136.24236,36.18534],[136.24242,36.18481],[136.24194,36.18478],[136.24187,36.1853]]]}},{"type":"Feature","properties":{"pid":"3d0e50e1-c3c6-4d57-9ebb-2fd1d6f926ab","full":20.5},"geometry":{"type":"Polygon","coordinates":[[[136.24109,36.18467],[136.24188,36.18473],[136.24192,36.18427],[136.2419,36.18423],[136.24113,36.18437],[136.24109,36.18467]]]}},{"type":"Feature","properties":{"pid":"02958a32-7080-4c01-9c38-335882125c2e","full":18.3},"geometry":{"type":"Polygon","coordinates":[[[136.24084,36.18382],[136.24194,36.18398],[136.242,36.18371],[136.24089,36.18356],[136.24084,36.18382]]]}},{"type":"Feature","properties":{"pid":"5406dd01-164f-4166-aa1a-b1524d0a570c","full":32.5},"geometry":{"type":"Polygon","coordinates":[[[136.24209,36.18355],[136.24198,36.18406],[136.24199,36.18407],[136.24201,36.18408],[136.24218,36.18406],[136.24235,36.18406],[136.2429,36.18418],[136.24301,36.18367],[136.24209,36.18355]]]}},{"type":"Feature","properties":{"pid":"b34cebb0-1c42-4769-a5d6-f6f90a3a8984","full":23.7},"geometry":{"type":"Polygon","coordinates":[[[136.24194,36.18473],[136.24259,36.18478],[136.24265,36.18428],[136.24237,36.18422],[136.2422,36.18421],[136.24199,36.18425],[136.24194,36.18473]]]}},{"type":"Feature","properties":{"pid":"60e7e4aa-9fa2-4d70-a39a-21642a592ff5","full":10.2},"geometry":{"type":"Polygon","coordinates":[[[136.2426,36.18478],[136.24299,36.18481],[136.24302,36.18436],[136.24266,36.18429],[136.2426,36.18478]]]}},{"type":"Feature","properties":{"pid":"e0226058-d361-464f-b0a9-8015d947b0f8","full":22.0},"geometry":{"type":"Polygon","coordinates":[[[136.24355,36.18338],[136.24312,36.18331],[136.24293,36.18417],[136.24324,36.18424],[136.24325,36.1842],[136.24327,36.18421],[136.24355,36.18338]]]}},{"type":"Feature","properties":{"pid":"f2ba168e-366c-43c4-beac-2c9a1d8a5609","full":5.5},"geometry":{"type":"Polygon","coordinates":[[[136.24364,36.18312],[136.24317,36.18305],[136.24312,36.1833],[136.24352,36.18335],[136.24353,36.18333],[136.24357,36.18333],[136.24364,36.18312]]]}},{"type":"Feature","properties":{"pid":"1fdc6e83-bef1-4cef-a021-1466ee610399","full":1.2},"geometry":{"type":"Polygon","coordinates":[[[136.2437,36.18285],[136.24323,36.18278],[136.24321,36.1829],[136.24366,36.18297],[136.2437,36.18285]]]}},{"type":"Feature","properties":{"pid":"ed23fd41-4d70-4c28-a3ee-57ea168d601e","full":29.7},"geometry":{"type":"Polygon","coordinates":[[[136.24229,36.18267],[136.24219,36.1831],[136.24309,36.18323],[136.24319,36.18277],[136.24231,36.18265],[136.24231,36.18266],[136.24229,36.18267]]]}},{"type":"Feature","properties":{"pid":"7db967a0-b661-4b5d-acf9-8835d687f926","full":28.3},"geometry":{"type":"Polygon","coordinates":[[[136.24219,36.18311],[136.2421,36.18354],[136.24301,36.18367],[136.2431,36.18324],[136.24219,36.18311]]]}},{"type":"Feature","properties":{"pid":"ef6c7e04-0349-4fa5-a75b-aba6718d0a33","full":25.2},"geometry":{"type":"Polygon","coordinates":[[[136.242,36.1837],[136.24207,36.18337],[136.24096,36.18321],[136.2409,36.18355],[136.242,36.1837]]]}},{"type":"Feature","properties":{"pid":"dbbd71f6-125b-4555-9b97-7755e301d451","full":14.5},"geometry":{"type":"Polygon","coordinates":[[[136.24102,36.18297],[136.24097,36.1832],[136.24207,36.18336],[136.24212,36.18313],[136.24102,36.18297]]]}},{"type":"Feature","properties":{"pid":"9859b40c-a881-4c95-a7e3-d5923764ca31","full":19.0},"geometry":{"type":"Polygon","coordinates":[[[136.24102,36.18296],[136.24212,36.18312],[136.24212,36.18311],[136.24213,36.1831],[136.24219,36.18285],[136.24107,36.18269],[136.24102,36.18296]]]}},{"type":"Feature","properties":{"pid":"a9a1eb56-47d6-41da-8761-ad4853469b87","full":9.3},"geometry":{"type":"Polygon","coordinates":[[[136.24107,36.18269],[136.24218,36.18284],[136.24222,36.18267],[136.2422,36.18266],[136.24122,36.18253],[136.24121,36.18252],[136.24111,36.18251],[136.24107,36.18269]]]}},{"type":"Feature","properties":{"pid":"10209239-7c47-4f1e-8f6b-584b4ec99092","full":18.5},"geometry":{"type":"Polygon","coordinates":[[[136.24163,36.1817],[136.24164,36.18174],[136.2416,36.1818],[136.2414,36.18202],[136.24234,36.18215],[136.2424,36.1818],[136.24163,36.1817]]]}},{"type":"Feature","properties":{"pid":"fcdc2a18-30d8-43f2-8d2a-c04222a4eaaf","full":36.4},"geometry":{"type":"Polygon","coordinates":[[[136.2414,36.18202],[136.24116,36.1823],[136.24112,36.18246],[136.24122,36.18248],[136.24123,36.18247],[136.24221,36.18261],[136.24221,36.18262],[136.24223,36.18261],[136.24233,36.18215],[136.2414,36.18202]]]}},{"type":"Feature","properties":{"pid":"a0c8e58d-e6b6-4ce4-95fe-6fcb20aeba89","full":26.5},"geometry":{"type":"Polygon","coordinates":[[[136.24233,36.18264],[136.24319,36.18277],[136.24327,36.18235],[136.24237,36.18222],[136.2423,36.18262],[136.24231,36.18262],[136.24233,36.18264]]]}},{"type":"Feature","properties":{"pid":"cf781278-0ccf-4e3f-9b22-dd6241b1d0eb","full":21.7},"geometry":{"type":"Polygon","coordinates":[[[136.24391,36.18224],[136.24336,36.18216],[136.24323,36.18278],[136.2437,36.18284],[136.24391,36.18224]]]}},{"type":"Feature","properties":{"pid":"51809eae-8b2e-4886-9056-a7594b0ceb39","full":26.9},"geometry":{"type":"Polygon","coordinates":[[[136.24241,36.18222],[136.24327,36.18234],[136.24337,36.18192],[136.2425,36.1818],[136.24249,36.18183],[136.24246,36.18182],[136.24239,36.1822],[136.24241,36.1822],[136.24241,36.18222]]]}},{"type":"Feature","properties":{"pid":"47871d89-9298-4758-9cd6-f968bf15d44e","full":17.6},"geometry":{"type":"Polygon","coordinates":[[[136.24247,36.18179],[136.24339,36.18192],[136.24345,36.18161],[136.24257,36.18149],[136.24256,36.18148],[136.24254,36.18149],[136.24247,36.18179]]]}},{"type":"Feature","properties":{"pid":"b7bdc7a0-a43d-4396-8dbb-d3255ae63523","full":9.6},"geometry":{"type":"Polygon","coordinates":[[[136.24411,36.18134],[136.24356,36.18126],[136.24349,36.18157],[136.24401,36.18164],[136.24411,36.18134]]]}},{"type":"Feature","properties":{"pid":"4366e8b9-ee59-45a2-923e-1cd8ab2e1e66","full":17.3},"geometry":{"type":"Polygon","coordinates":[[[136.24426,36.1809],[136.24365,36.18081],[136.24356,36.18126],[136.24412,36.18134],[136.24426,36.1809]]]}},{"type":"Feature","properties":{"pid":"5b310b03-c769-4f26-8832-effcfcbdc6c2","full":40.6},"geometry":{"type":"Polygon","coordinates":[[[136.24267,36.18085],[136.24255,36.18144],[136.24256,36.18145],[136.24257,36.18144],[136.24346,36.18157],[136.24359,36.18098],[136.24267,36.18085]]]}},{"type":"Feature","properties":{"pid":"f9689f94-51c9-4d24-aa17-a898cb6d900f","full":16.8},"geometry":{"type":"Polygon","coordinates":[[[136.24182,36.18147],[136.24244,36.18155],[136.24244,36.18152],[136.24246,36.18152],[136.24257,36.18102],[136.24223,36.18098],[136.24182,36.18147]]]}},{"type":"Feature","properties":{"pid":"88e461ef-40f0-44cf-8416-94e6171bae1d","full":5.9},"geometry":{"type":"Polygon","coordinates":[[[136.24224,36.18097],[136.24253,36.18101],[136.24255,36.18098],[136.24258,36.18099],[136.24272,36.18035],[136.2427,36.18034],[136.2422,36.18094],[136.2422,36.18096],[136.24224,36.18097]]]}},{"type":"Feature","properties":{"pid":"3f9ce38c-1918-431b-a242-1446df5e27bb","full":24.8},"geometry":{"type":"Polygon","coordinates":[[[136.24201,36.18002],[136.24196,36.18094],[136.24205,36.18094],[136.24218,36.18077],[136.24273,36.1801],[136.24271,36.18009],[136.24275,36.18005],[136.24201,36.18002]]]}},{"type":"Feature","properties":{"pid":"5b9fc534-d52f-4442-a11c-4b5aa1e6c337","full":12.7},"geometry":{"type":"Polygon","coordinates":[[[136.24195,36.18094],[136.242,36.18002],[136.24174,36.18001],[136.24168,36.18093],[136.24195,36.18094]]]}},{"type":"Feature","properties":{"pid":"00f9c95c-c7a3-4fef-b435-ed0e6673365e","full":27.0},"geometry":{"type":"Polygon","coordinates":[[[136.24115,36.1809],[136.24159,36.18092],[136.24165,36.18001],[136.24121,36.17999],[136.24115,36.1809]]]}},{"type":"Feature","properties":{"pid":"2c50762d-d448-4fcd-b08e-c50b85fd45d3","full":26.8},"geometry":{"type":"Polygon","coordinates":[[[136.24127,36.17902],[136.24121,36.17994],[136.24165,36.17995],[136.2417,36.17903],[136.24127,36.17902]]]}},{"type":"Feature","properties":{"pid":"35e2a34d-6cb6-40d4-982e-003a4c5ec168","full":27.9},"geometry":{"type":"Polygon","coordinates":[[[136.24219,36.17998],[136.24224,36.17906],[136.24179,36.17904],[136.24174,36.17996],[136.24219,36.17998]]]}},{"type":"Feature","properties":{"pid":"8b15a17b-90b5-4751-981b-34ae4cb78d37","full":28.4},"geometry":{"type":"Polygon","coordinates":[[[136.2427,36.17907],[136.24225,36.17905],[136.24219,36.17998],[136.24265,36.17999],[136.2427,36.17907]]]}},{"type":"Feature","properties":{"pid":"52a7c130-ddeb-4df0-93d8-4908cbaeed40","full":32.7},"geometry":{"type":"Polygon","coordinates":[[[136.24265,36.17999],[136.24282,36.18],[136.24353,36.17915],[136.24348,36.17915],[136.24348,36.1791],[136.24271,36.17908],[136.24265,36.17999]]]}},{"type":"Feature","properties":{"pid":"f4170847-7225-417c-8ca1-a94bdc50e4a1","full":19.4},"geometry":{"type":"Polygon","coordinates":[[[136.24314,36.17991],[136.2438,36.18],[136.24393,36.17941],[136.24359,36.17936],[136.24353,36.17943],[136.24354,36.17943],[136.24314,36.17991]]]}},{"type":"Feature","properties":{"pid":"bcec12c7-c83d-4c6e-9196-f1a33f696fb5","full":20.8},"geometry":{"type":"Polygon","coordinates":[[[136.24314,36.17991],[136.24308,36.17997],[136.24283,36.18027],[136.24371,36.1804],[136.2438,36.18],[136.24314,36.17991]]]}},{"type":"Feature","properties":{"pid":"5534d227-ef92-46da-840d-aa9cfedc4f57","full":39.1},"geometry":{"type":"Polygon","coordinates":[[[136.24269,36.18082],[136.24271,36.18082],[136.2427,36.18085],[136.24359,36.18097],[136.24371,36.18041],[136.2428,36.18028],[136.24269,36.18082]]]}},{"type":"Feature","properties":{"pid":"d02c45e7-044c-436c-ac16-416eebddf03c","full":16.8},"geometry":{"type":"Polygon","coordinates":[[[136.2444,36.1805],[136.24375,36.18041],[136.24365,36.1808],[136.24427,36.18089],[136.2444,36.1805]]]}},{"type":"Feature","properties":{"pid":"e202c81a-0283-4249-a144-e0db605a9322","full":17.1},"geometry":{"type":"Polygon","coordinates":[[[136.2448,36.18055],[136.24469,36.18087],[136.24553,36.18098],[136.2456,36.18066],[136.2448,36.18055]]]}},{"type":"Feature","properties":{"pid":"e96d7a4f-078f-479b-a2a1-700b78fb9244","full":24.4},"geometry":{"type":"Polygon","coordinates":[[[136.24457,36.18],[136.24385,36.1799],[136.24374,36.1804],[136.2444,36.18049],[136.24457,36.18]]]}},{"type":"Feature","properties":{"pid":"6e4cdbac-e2d5-4cf2-8b93-1de64c88c890","full":25.4},"geometry":{"type":"Polygon","coordinates":[[[136.24473,36.17953],[136.24396,36.17942],[136.24385,36.1799],[136.24457,36.18],[136.24473,36.17953]]]}},{"type":"Feature","properties":{"pid":"be907d8f-2b9d-4227-a14a-c3191d4fc746","full":34.2},"geometry":{"type":"Polygon","coordinates":[[[136.24513,36.17958],[136.24491,36.18021],[136.24567,36.18031],[136.2458,36.17968],[136.24579,36.17968],[136.24578,36.17967],[136.24513,36.17958]]]}},{"type":"Feature","properties":{"pid":"62405819-90c9-4393-9269-1ce20e779525","full":22.7},"geometry":{"type":"Polygon","coordinates":[[[136.24514,36.17954],[136.24582,36.17964],[136.24593,36.17914],[136.24531,36.17905],[136.24514,36.17954]]]}},{"type":"Feature","properties":{"pid":"63070db9-1d9f-4498-be1d-1e31ff0cb3cb","full":28.8},"geometry":{"type":"Polygon","coordinates":[[[136.24594,36.1792],[136.24585,36.17965],[136.24673,36.17977],[136.24676,36.17976],[136.24685,36.17933],[136.24594,36.1792]]]}},{"type":"Feature","properties":{"pid":"71cf91d1-54fd-4969-a434-ca0456bcdffc","full":34.6},"geometry":{"type":"Polygon","coordinates":[[[136.24661,36.18031],[136.24661,36.18029],[136.24664,36.18029],[136.24674,36.17982],[136.24673,36.1798],[136.24584,36.17968],[136.24573,36.18019],[136.24661,36.18031]]]}},{"type":"Feature","properties":{"pid":"0aaafb7f-dda0-4e21-8727-cbed040ef2fa","full":30.6},"geometry":{"type":"Polygon","coordinates":[[[136.24563,36.18066],[136.24651,36.18079],[136.24651,36.18077],[136.24654,36.18077],[136.24663,36.18034],[136.24661,36.18033],[136.24661,36.18032],[136.24573,36.1802],[136.24563,36.18066]]]}},{"type":"Feature","properties":{"pid":"081a6696-98d6-42d6-86b4-4852b14b85e8","full":15.1},"geometry":{"type":"Polygon","coordinates":[[[136.24491,36.18021],[136.24485,36.1804],[136.245,36.18043],[136.24497,36.18057],[136.2456,36.18066],[136.24567,36.18032],[136.24491,36.18021]]]}},{"type":"Feature","properties":{"pid":"a0831263-0c0d-4bda-bbfd-de32bf20e6d5","full":27.7},"geometry":{"type":"Polygon","coordinates":[[[136.24653,36.18079],[136.24563,36.18066],[136.24554,36.1811],[136.24641,36.18122],[136.24642,36.1812],[136.24644,36.1812],[136.24653,36.18079]]]}},{"type":"Feature","properties":{"pid":"5dc726e8-34e6-4e5f-8546-37d92c433125","full":26.7},"geometry":{"type":"Polygon","coordinates":[[[136.24632,36.18164],[136.24633,36.18162],[136.24635,36.18163],[136.24644,36.18123],[136.24553,36.1811],[136.24545,36.18152],[136.24632,36.18164]]]}},{"type":"Feature","properties":{"pid":"6b2c6d90-232e-4376-813c-8b60bafd112f","full":18.4},"geometry":{"type":"Polygon","coordinates":[[[136.24544,36.18153],[136.24538,36.18184],[136.24628,36.18197],[136.24635,36.18166],[136.24544,36.18153]]]}},{"type":"Feature","properties":{"pid":"d05dfe62-1b83-402b-92a0-d85ba376e7f6","full":20.2},"geometry":{"type":"Polygon","coordinates":[[[136.24469,36.18087],[136.24457,36.18122],[136.24545,36.18134],[136.24553,36.18099],[136.24469,36.18087]]]}},{"type":"Feature","properties":{"pid":"cf453a08-98d0-4098-bda3-1ecb2fa172f8","full":32.3},"geometry":{"type":"Polygon","coordinates":[[[136.24457,36.18122],[136.24454,36.18132],[136.2445,36.18148],[136.24446,36.1817],[136.24447,36.18171],[136.24535,36.18184],[136.24545,36.18135],[136.24457,36.18122]]]}},{"type":"Feature","properties":{"pid":"6c7b4c5b-9393-4c22-a8ef-1ac1fa384195","full":40.8},"geometry":{"type":"Polygon","coordinates":[[[136.24432,36.18235],[136.24521,36.18248],[136.24534,36.18188],[136.24446,36.18176],[136.24444,36.18177],[136.24432,36.18235]]]}},{"type":"Feature","properties":{"pid":"dd70b851-a7cb-4bc4-992a-bac544864e39","full":1.6},"geometry":{"type":"Polygon","coordinates":[[[136.24417,36.18227],[136.24396,36.18288],[136.2441,36.18289],[136.24415,36.18288],[136.24427,36.18229],[136.24417,36.18227]]]}},{"type":"Feature","properties":{"pid":"d4c40327-7bd8-423f-a268-14266168659e","full":37.8},"geometry":{"type":"Polygon","coordinates":[[[136.24431,36.18235],[136.2442,36.18289],[136.24423,36.18289],[136.24422,36.18291],[136.24509,36.18304],[136.24521,36.18248],[136.24431,36.18235]]]}},{"type":"Feature","properties":{"pid":"71476b6c-dbf5-47e6-a81d-74aad51a8300","full":25.4},"geometry":{"type":"Polygon","coordinates":[[[136.24618,36.18241],[136.24528,36.18228],[136.24519,36.18268],[136.24608,36.18281],[136.24609,36.1828],[136.2461,36.1828],[136.24618,36.18241]]]}},{"type":"Feature","properties":{"pid":"a109795e-8477-416c-81f0-2a6e0185837d","full":24.7},"geometry":{"type":"Polygon","coordinates":[[[136.24528,36.18227],[136.24618,36.1824],[136.24627,36.182],[136.24626,36.18201],[136.24537,36.18189],[136.24528,36.18227]]]}},{"type":"Feature","properties":{"pid":"f32191ff-de23-456d-a0fd-d7ae7070a594","full":25.7},"geometry":{"type":"Polygon","coordinates":[[[136.24615,36.18283],[136.24705,36.18295],[136.24713,36.18255],[136.24624,36.18242],[136.24615,36.18283]]]}},{"type":"Feature","properties":{"pid":"1a08a745-d11a-47ce-a098-b75dca3b425c","full":20.3},"geometry":{"type":"Polygon","coordinates":[[[136.24718,36.18249],[136.24808,36.18262],[136.24815,36.18231],[136.24812,36.1823],[136.24813,36.18228],[136.24725,36.18215],[136.24718,36.18249]]]}},{"type":"Feature","properties":{"pid":"853871c9-0ca7-46e5-a963-c1f8b0b476a5","full":26.1},"geometry":{"type":"Polygon","coordinates":[[[136.24735,36.1817],[136.24726,36.18211],[136.24813,36.18223],[136.24814,36.1822],[136.24817,36.18221],[136.24825,36.18182],[136.24735,36.1817]]]}},{"type":"Feature","properties":{"pid":"d60656be-27c9-4789-84e5-4562ffd4d117","full":24.7},"geometry":{"type":"Polygon","coordinates":[[[136.24624,36.18242],[136.24714,36.18254],[136.24722,36.18215],[136.24634,36.18203],[136.24632,36.18203],[136.24624,36.18242]]]}},{"type":"Feature","properties":{"pid":"d847e59f-eeb7-4506-8b94-5e64eee5bb22","full":28.1},"geometry":{"type":"Polygon","coordinates":[[[136.24643,36.18154],[136.24634,36.18196],[136.24636,36.18196],[136.24636,36.18198],[136.24723,36.1821],[136.24733,36.18167],[136.24643,36.18154]]]}},{"type":"Feature","properties":{"pid":"bc18a8ee-991b-4c71-9cbf-b48dffce4f6a","full":25.9},"geometry":{"type":"Polygon","coordinates":[[[136.24658,36.18082],[136.2465,36.18121],[136.2474,36.18134],[136.24749,36.18093],[136.2466,36.18081],[136.2466,36.18082],[136.24658,36.18082]]]}},{"type":"Feature","properties":{"pid":"013783f7-3759-4382-b709-a5ce3d779dab","full":18.6},"geometry":{"type":"Polygon","coordinates":[[[136.24649,36.18123],[136.24643,36.18154],[136.24733,36.18166],[136.2474,36.18134],[136.24652,36.18122],[136.24651,36.18124],[136.24649,36.18123]]]}},{"type":"Feature","properties":{"pid":"2d5920a3-1b09-4b56-8d83-ea7f4914f782","full":25.6},"geometry":{"type":"Polygon","coordinates":[[[136.24735,36.18169],[136.24823,36.18181],[136.24823,36.18179],[136.24826,36.1818],[136.24834,36.18141],[136.24744,36.18129],[136.24735,36.18169]]]}},{"type":"Feature","properties":{"pid":"f3aebfea-2247-4eb1-9e74-336864062959","full":20.7},"geometry":{"type":"Polygon","coordinates":[[[136.24744,36.18128],[136.24829,36.1814],[136.2483,36.18138],[136.24834,36.18138],[136.24842,36.18106],[136.24752,36.18094],[136.24744,36.18128]]]}},{"type":"Feature","properties":{"pid":"b953315a-767b-4cac-bae8-d89644369c64","full":23.0},"geometry":{"type":"Polygon","coordinates":[[[136.2484,36.18146],[136.24929,36.18158],[136.24936,36.18121],[136.2485,36.18108],[136.24849,36.1811],[136.24847,36.1811],[136.2484,36.18146]]]}},{"type":"Feature","properties":{"pid":"880bd6b3-b5c2-441c-ba66-b2fd9e2aca50","full":18.2},"geometry":{"type":"Polygon","coordinates":[[[136.24839,36.18148],[136.24833,36.18178],[136.24921,36.1819],[136.24928,36.18159],[136.24842,36.18146],[136.24841,36.18148],[136.24839,36.18148]]]}},{"type":"Feature","properties":{"pid":"39976025-cd95-4818-b07f-e342858ba8b3","full":30.3},"geometry":{"type":"Polygon","coordinates":[[[136.24921,36.18191],[136.24836,36.18179],[136.24835,36.1818],[136.24832,36.1818],[136.24822,36.18224],[136.24823,36.18225],[136.24911,36.18238],[136.24921,36.18191]]]}},{"type":"Feature","properties":{"pid":"2e93dac4-2234-4e36-bba2-aecbe4b39705","full":47.3},"geometry":{"type":"Polygon","coordinates":[[[136.24896,36.18308],[136.24912,36.18241],[136.24824,36.18228],[136.24823,36.18231],[136.24821,36.18231],[136.24807,36.18296],[136.24896,36.18308]]]}},{"type":"Feature","properties":{"pid":"5997cc22-10c5-4a6e-8b9f-f0290bf30376","full":14.6},"geometry":{"type":"Polygon","coordinates":[[[136.24908,36.18268],[136.24999,36.18281],[136.25004,36.18256],[136.25003,36.18254],[136.25,36.18253],[136.24914,36.18241],[136.24908,36.18268]]]}},{"type":"Feature","properties":{"pid":"68758635-bbfc-4fbf-bcc1-cfb90eb238df","full":33.5},"geometry":{"type":"Polygon","coordinates":[[[136.25016,36.18201],[136.24925,36.18188],[136.24915,36.18238],[136.25003,36.1825],[136.25005,36.18249],[136.25006,36.18247],[136.25016,36.18201]]]}},{"type":"Feature","properties":{"pid":"34ce864c-b000-44fa-9cb7-7cd6c2b928d7","full":47.8},"geometry":{"type":"Polygon","coordinates":[[[136.24926,36.18188],[136.25016,36.182],[136.25031,36.18133],[136.2494,36.18121],[136.24926,36.18188]]]}},{"type":"Feature","properties":{"pid":"bf766f15-c10b-4c6e-92e7-2a9fdb129842","full":27.8},"geometry":{"type":"Polygon","coordinates":[[[136.2486,36.18052],[136.24949,36.18065],[136.24958,36.18022],[136.24903,36.18014],[136.2487,36.18008],[136.24871,36.18009],[136.24868,36.1801],[136.2486,36.18052]]]}},{"type":"Feature","properties":{"pid":"7eed37e7-6067-453b-bb85-3571065ef69a","full":34.5},"geometry":{"type":"Polygon","coordinates":[[[136.24941,36.18119],[136.25029,36.18132],[136.25031,36.18131],[136.25041,36.18084],[136.2504,36.1808],[136.24951,36.18068],[136.24941,36.18119]]]}},{"type":"Feature","properties":{"pid":"50faeb3f-5fe3-4ad9-a83e-d2467bb26474","full":36.0},"geometry":{"type":"Polygon","coordinates":[[[136.24968,36.17962],[136.24883,36.1795],[136.24883,36.17951],[136.2488,36.17952],[136.2487,36.18003],[136.24871,36.18004],[136.2487,36.18005],[136.24956,36.18017],[136.24968,36.17962]]]}},{"type":"Feature","properties":{"pid":"634ac275-4117-4434-8845-d54e50333384","full":51.7},"geometry":{"type":"Polygon","coordinates":[[[136.24879,36.17931],[136.24789,36.17918],[136.24774,36.1799],[136.24863,36.18003],[136.24864,36.18004],[136.24879,36.17931]]]}},{"type":"Feature","properties":{"pid":"f42f0b40-8e08-4557-b317-c7d5f136981c","full":36.4},"geometry":{"type":"Polygon","coordinates":[[[136.24859,36.18053],[136.24848,36.18106],[136.24938,36.18119],[136.24949,36.18066],[136.24861,36.18053],[136.24861,36.18054],[136.24859,36.18053]]]}},{"type":"Feature","properties":{"pid":"2980025a-d92d-4d67-900a-cd10ce7d77a9","full":46.4},"geometry":{"type":"Polygon","coordinates":[[[136.24839,36.18105],[136.24839,36.18104],[136.24842,36.18104],[136.24856,36.1804],[136.24766,36.18027],[136.24752,36.18093],[136.24839,36.18105]]]}},{"type":"Feature","properties":{"pid":"5e4d568e-7cd2-47dc-bb7b-0f7ce3b00a61","full":18.2},"geometry":{"type":"Polygon","coordinates":[[[136.24766,36.18027],[136.24856,36.18039],[136.24863,36.18007],[136.24861,36.18007],[136.2486,36.18008],[136.24773,36.17995],[136.24766,36.18027]]]}},{"type":"Feature","properties":{"pid":"175a961d-02e5-4103-b638-26103b7200f9","full":40.9},"geometry":{"type":"Polygon","coordinates":[[[136.24672,36.18023],[136.24659,36.1808],[136.24749,36.18093],[136.24762,36.18033],[136.24674,36.18021],[136.24673,36.18023],[136.24672,36.18023]]]}},{"type":"Feature","properties":{"pid":"2afcc593-2dad-4595-8a4b-216fff060fed","full":23.6},"geometry":{"type":"Polygon","coordinates":[[[136.24672,36.1802],[136.24762,36.18033],[136.2477,36.17995],[136.2468,36.17982],[136.24672,36.1802]]]}},{"type":"Feature","properties":{"pid":"a969d7af-e0b1-4aa1-9277-5a68aa7c644d","full":41.1},"geometry":{"type":"Polygon","coordinates":[[[136.24694,36.17918],[136.24681,36.17976],[136.24683,36.17977],[136.24771,36.1799],[136.24784,36.1793],[136.24694,36.17918]]]}},{"type":"Feature","properties":{"pid":"95d18e32-2fed-488a-955c-883e0b1d1f10","full":36.4},"geometry":{"type":"Polygon","coordinates":[[[136.24694,36.17917],[136.24784,36.17929],[136.24796,36.17876],[136.24705,36.17863],[136.24694,36.17917]]]}},{"type":"Feature","properties":{"pid":"c13e8410-6fb1-4c52-83a5-15b65c741800","full":22.7},"geometry":{"type":"Polygon","coordinates":[[[136.24692,36.17899],[136.247,36.17865],[136.24697,36.17864],[136.24698,36.17862],[136.2461,36.17849],[136.24602,36.17886],[136.24692,36.17899]]]}},{"type":"Feature","properties":{"pid":"cd0d82c9-e515-40c8-94d5-bf74eb5badf3","full":41.7},"geometry":{"type":"Polygon","coordinates":[[[136.24611,36.17845],[136.247,36.17858],[136.24714,36.17798],[136.24624,36.17785],[136.24611,36.17845]]]}},{"type":"Feature","properties":{"pid":"12dde06f-7e50-4133-9caf-ecc002fc5748","full":5.5},"geometry":{"type":"Polygon","coordinates":[[[136.24688,36.1779],[136.24695,36.17759],[136.24693,36.17758],[136.24694,36.17756],[136.24662,36.17752],[136.24655,36.17785],[136.24688,36.1779]]]}},{"type":"Feature","properties":{"pid":"c1e3d6e8-4080-46c2-ba34-176856e88361","full":0.9},"geometry":{"type":"Polygon","coordinates":[[[136.24662,36.17753],[136.2466,36.17753],[136.24659,36.17752],[136.24648,36.1775],[136.2464,36.17784],[136.24655,36.17785],[136.24662,36.17753]]]}},{"type":"Feature","properties":{"pid":"60aca156-bb8e-4adc-81a7-b586092ec193","full":0.6},"geometry":{"type":"Polygon","coordinates":[[[136.24689,36.1779],[136.24702,36.17792],[136.24709,36.1776],[136.24707,36.1776],[136.24707,36.17758],[136.24696,36.17757],[136.24689,36.1779]]]}},{"type":"Feature","properties":{"pid":"638cddf4-8a71-4807-80ae-0f70c17e2d15","full":43.7},"geometry":{"type":"Polygon","coordinates":[[[136.24798,36.17804],[136.24723,36.17793],[136.24723,36.17795],[136.2472,36.17795],[136.24706,36.17859],[136.24792,36.17871],[136.24806,36.17808],[136.24798,36.17804]]]}},{"type":"Feature","properties":{"pid":"1d679f83-5a40-4dcd-8a1b-d8173ce9a276","full":0.8},"geometry":{"type":"Polygon","coordinates":[[[136.24873,36.17882],[136.24889,36.17884],[136.24895,36.17859],[136.24878,36.17857],[136.24873,36.17882]]]}},{"type":"Feature","properties":{"pid":"bc67e1c5-57cb-48a8-829d-de8d15961d09","full":7.0},"geometry":{"type":"Polygon","coordinates":[[[136.24878,36.17857],[136.24822,36.1785],[136.24817,36.17874],[136.24873,36.17882],[136.24878,36.17857]]]}},{"type":"Feature","properties":{"pid":"d7c1fb54-dbfe-42a6-9883-c65e52109e88","full":0.9},"geometry":{"type":"Polygon","coordinates":[[[136.24817,36.17873],[136.24822,36.1785],[136.24805,36.17847],[136.248,36.17871],[136.24803,36.17872],[136.24817,36.17873]]]}},{"type":"Feature","properties":{"pid":"8a4bfee5-66cd-4d59-9847-417c5131405d","full":26.0},"geometry":{"type":"Polygon","coordinates":[[[136.2479,36.17917],[136.24879,36.1793],[136.24888,36.17889],[136.24798,36.17876],[136.2479,36.17917]]]}},{"type":"Feature","properties":{"pid":"9c1a7bea-a50c-4332-94b7-6cb9d34d873e","full":2.6},"geometry":{"type":"Polygon","coordinates":[[[136.24931,36.17635],[136.24885,36.17601],[136.24874,36.17623],[136.24929,36.1764],[136.24931,36.17635]]]}},{"type":"Feature","properties":{"pid":"21e42270-f37b-4809-85b9-78e8ed93f632","full":8.6},"geometry":{"type":"Polygon","coordinates":[[[136.24638,36.17743],[136.24686,36.1775],[136.2469,36.17733],[136.2465,36.17698],[136.24648,36.17698],[136.24647,36.17698],[136.24638,36.17743]]]}},{"type":"Feature","properties":{"pid":"87ab973d-7e1f-4684-94f7-c2192d640b37","full":24.8},"geometry":{"type":"Polygon","coordinates":[[[136.24419,36.17627],[136.24462,36.17628],[136.24465,36.17552],[136.24462,36.17549],[136.24445,36.17537],[136.24442,36.17536],[136.24424,36.17535],[136.24419,36.17627]]]}},{"type":"Feature","properties":{"pid":"e73cf839-08d1-4656-acca-8a8b05a5e1a8","full":12.5},"geometry":{"type":"Polygon","coordinates":[[[136.24504,36.1764],[136.24498,36.17731],[136.24519,36.17731],[136.24526,36.17724],[136.2453,36.17644],[136.24526,36.17644],[136.24526,36.17641],[136.24504,36.1764]]]}},{"type":"Feature","properties":{"pid":"103632ed-30c8-40e5-806a-2bc7219048ab","full":18.7},"geometry":{"type":"Polygon","coordinates":[[[136.24498,36.1773],[136.24503,36.1764],[136.24469,36.17639],[136.24464,36.17728],[136.24466,36.17728],[136.24466,36.17729],[136.24498,36.1773]]]}},{"type":"Feature","properties":{"pid":"b425e0bd-26ec-46d6-ad2c-3556752382d6","full":22.3},"geometry":{"type":"Polygon","coordinates":[[[136.2442,36.17638],[136.24417,36.17638],[136.24417,36.17636],[136.24382,36.17636],[136.24377,36.17728],[136.24415,36.17729],[136.2442,36.17638]]]}},{"type":"Feature","properties":{"pid":"0a7ddb24-9528-431f-bfeb-1677bb163272","full":25.1},"geometry":{"type":"Polygon","coordinates":[[[136.24416,36.17729],[136.24457,36.1773],[136.24457,36.17731],[136.24462,36.17638],[136.24424,36.17637],[136.24424,36.17638],[136.24421,36.17638],[136.24416,36.17729]]]}},{"type":"Feature","properties":{"pid":"f64d8153-7d83-47d7-bb85-65d6d9ec6dd9","full":9.0},"geometry":{"type":"Polygon","coordinates":[[[136.24563,36.1769],[136.24565,36.17689],[136.24568,36.17642],[136.24537,36.17641],[136.24537,36.17644],[136.24534,36.17644],[136.24531,36.17689],[136.24563,36.1769]]]}},{"type":"Feature","properties":{"pid":"c3bf3c83-5f0d-440b-8f4c-1302fca2acad","full":8.1},"geometry":{"type":"Polygon","coordinates":[[[136.24592,36.17713],[136.24633,36.17719],[136.2464,36.17691],[136.2462,36.17674],[136.24602,36.17682],[136.24592,36.17713]]]}},{"type":"Feature","properties":{"pid":"3969c543-f2eb-4dd0-8cb7-7a6aee195325","full":3.1},"geometry":{"type":"Polygon","coordinates":[[[136.24668,36.177],[136.24681,36.17684],[136.24681,36.17683],[136.24627,36.17658],[136.24616,36.17657],[136.24614,36.17658],[136.24665,36.17701],[136.24667,36.17699],[136.24668,36.177]]]}},{"type":"Feature","properties":{"pid":"bfa10a27-2064-48c7-8d4c-aaedd184839c","full":5.9},"geometry":{"type":"Polygon","coordinates":[[[136.24594,36.17716],[136.24585,36.17743],[136.24627,36.17749],[136.24634,36.17723],[136.24631,36.17722],[136.24632,36.17721],[136.24594,36.17716]]]}},{"type":"Feature","properties":{"pid":"5f60c3fd-3774-4ca5-84af-8268e39961e0","full":1.1},"geometry":{"type":"Polygon","coordinates":[[[136.2464,36.17784],[136.24647,36.1775],[136.24635,36.17748],[136.24635,36.17749],[136.24632,36.17749],[136.24626,36.17773],[136.24625,36.1778],[136.24626,36.17781],[136.2464,36.17784]]]}},{"type":"Feature","properties":{"pid":"317b829c-1e6f-483a-aea8-56633c3d967d","full":31.4},"geometry":{"type":"Polygon","coordinates":[[[136.24585,36.17744],[136.24558,36.17823],[136.24573,36.17826],[136.24569,36.17839],[136.24608,36.17845],[136.24628,36.1775],[136.24585,36.17744]]]}},{"type":"Feature","properties":{"pid":"c513c078-9fcf-405d-ab9a-b386a5307746","full":19.9},"geometry":{"type":"Polygon","coordinates":[[[136.24685,36.17933],[136.24692,36.179],[136.24602,36.17887],[136.24594,36.1792],[136.24685,36.17933]]]}},{"type":"Feature","properties":{"pid":"8b5880e6-f277-4d23-a7e8-a54ff752460f","full":26.7},"geometry":{"type":"Polygon","coordinates":[[[136.24531,36.17904],[136.24593,36.17913],[136.24606,36.17851],[136.24603,36.17851],[136.24604,36.17849],[136.24553,36.17841],[136.24531,36.17904]]]}},{"type":"Feature","properties":{"pid":"b4b2f498-25be-4a80-a2c3-5cdc7cd6a365","full":20.6},"geometry":{"type":"Polygon","coordinates":[[[136.24511,36.17835],[136.24448,36.17827],[136.24415,36.17865],[136.24497,36.17876],[136.24511,36.17835]]]}},{"type":"Feature","properties":{"pid":"c9204065-f4dd-4e0e-b1a0-5e0fc7ce07e2","full":13.9},"geometry":{"type":"Polygon","coordinates":[[[136.24497,36.17877],[136.24415,36.17865],[136.2441,36.17872],[136.24406,36.17892],[136.24488,36.17904],[136.24497,36.17877]]]}},{"type":"Feature","properties":{"pid":"ee517ba3-d9e5-4036-82e2-fd3c66ae3bd4","full":24.6},"geometry":{"type":"Polygon","coordinates":[[[136.24488,36.17904],[136.24406,36.17893],[136.24397,36.17937],[136.24473,36.17948],[136.24488,36.17904]]]}},{"type":"Feature","properties":{"pid":"29fdbdd6-3c2a-4808-80e1-d602acde1fad","full":13.8},"geometry":{"type":"Polygon","coordinates":[[[136.24492,36.17778],[136.24476,36.17797],[136.24451,36.17822],[136.24512,36.17831],[136.24523,36.17782],[136.24492,36.17778]]]}},{"type":"Feature","properties":{"pid":"ab995e5d-de60-40a7-8b30-dc3cf12e6e06","full":2.0},"geometry":{"type":"Polygon","coordinates":[[[136.24494,36.17778],[136.24523,36.17782],[136.24533,36.17737],[136.24493,36.17777],[136.24494,36.17778]]]}},{"type":"Feature","properties":{"pid":"22396efa-e8b0-4e34-98f3-7fb05616b59b","full":7.2},"geometry":{"type":"Polygon","coordinates":[[[136.24515,36.17736],[136.24466,36.17734],[136.24466,36.17735],[136.24463,36.17735],[136.2446,36.17792],[136.24461,36.17792],[136.24515,36.17736]]]}},{"type":"Feature","properties":{"pid":"fa1a7c47-0280-444f-844a-fa0fa4359ce5","full":10.2},"geometry":{"type":"Polygon","coordinates":[[[136.24424,36.17813],[136.24432,36.17813],[136.24453,36.17791],[136.24456,36.17736],[136.24454,36.17735],[136.24454,36.17733],[136.24429,36.17732],[136.24424,36.17813]]]}},{"type":"Feature","properties":{"pid":"1ff277a8-4b9d-44d1-ba32-08884556beb4","full":25.1},"geometry":{"type":"Polygon","coordinates":[[[136.24423,36.17813],[136.24427,36.17731],[136.24407,36.17731],[136.24382,36.1773],[136.24376,36.17809],[136.2438,36.17808],[136.2438,36.17811],[136.24423,36.17813]]]}},{"type":"Feature","properties":{"pid":"59985da5-b5b8-46bf-a9d3-c0438fe96809","full":17.5},"geometry":{"type":"Polygon","coordinates":[[[136.2438,36.1773],[136.24345,36.17729],[136.2434,36.17807],[136.24342,36.17808],[136.24341,36.17809],[136.24373,36.17811],[136.24373,36.17808],[136.24376,36.17809],[136.2438,36.1773]]]}},{"type":"Feature","properties":{"pid":"388ee6a3-8c50-46a0-aefe-05ae979d29e9","full":29.4},"geometry":{"type":"Polygon","coordinates":[[[136.24292,36.17727],[136.24287,36.17805],[136.24289,36.17806],[136.2429,36.17808],[136.24338,36.1781],[136.24338,36.17808],[136.2434,36.17807],[136.24344,36.17729],[136.24292,36.17727]]]}},{"type":"Feature","properties":{"pid":"e0631610-c940-44fa-91a4-0a329868df51","full":32.2},"geometry":{"type":"Polygon","coordinates":[[[136.24343,36.17907],[136.2436,36.17908],[136.24406,36.17853],[136.24436,36.17819],[136.24349,36.17816],[136.24343,36.17907]]]}},{"type":"Feature","properties":{"pid":"a205ee35-4110-4a3e-b4f5-0caf27af82c3","full":4.2},"geometry":{"type":"Polygon","coordinates":[[[136.24407,36.17875],[136.24406,36.17875],[136.24358,36.17932],[136.24369,36.17933],[136.24369,36.17932],[136.24391,36.17936],[136.24391,36.17937],[136.24394,36.17937],[136.24407,36.17875]]]}},{"type":"Feature","properties":{"pid":"bc931a85-6de4-4e8a-a184-313ffd6ca038","full":21.5},"geometry":{"type":"Polygon","coordinates":[[[136.24313,36.17815],[136.24276,36.17814],[136.24271,36.17905],[136.24308,36.17906],[136.24313,36.17815]]]}},{"type":"Feature","properties":{"pid":"f834e258-a84a-444c-8b53-cfbcf16f97af","full":18.2},"geometry":{"type":"Polygon","coordinates":[[[136.24348,36.17816],[136.24314,36.17815],[136.2431,36.17906],[136.24342,36.17907],[136.24348,36.17816]]]}},{"type":"Feature","properties":{"pid":"d0c6b975-81e3-42c5-be36-c83b660f9310","full":4.9},"geometry":{"type":"Polygon","coordinates":[[[136.24236,36.17812],[136.24219,36.17811],[136.24214,36.17902],[136.24231,36.17903],[136.24236,36.17812]]]}},{"type":"Feature","properties":{"pid":"e6b685b1-0a3b-446a-8714-f3515a6f7ac1","full":22.4},"geometry":{"type":"Polygon","coordinates":[[[136.24276,36.17813],[136.24237,36.17812],[136.24232,36.17903],[136.24271,36.17905],[136.24276,36.17813]]]}},{"type":"Feature","properties":{"pid":"e18da79c-42b5-455a-b5e8-5bb6e7ccd270","full":18.7},"geometry":{"type":"Polygon","coordinates":[[[136.24213,36.17902],[136.24219,36.17811],[136.24185,36.17809],[136.24179,36.17901],[136.24213,36.17902]]]}},{"type":"Feature","properties":{"pid":"ec4d3126-0456-4606-8533-f0bb3e287b93","full":36.3},"geometry":{"type":"Polygon","coordinates":[[[136.24116,36.17898],[136.24171,36.179],[136.24177,36.17809],[136.24175,36.1781],[136.2412,36.17808],[136.24116,36.17898]]]}},{"type":"Feature","properties":{"pid":"acb2e33f-865b-4513-922a-cbd56ceb6799","full":35.8},"geometry":{"type":"Polygon","coordinates":[[[136.24286,36.17806],[136.24291,36.17726],[136.2423,36.17724],[136.24225,36.17805],[136.24284,36.17807],[136.24284,36.17806],[136.24286,36.17806]]]}},{"type":"Feature","properties":{"pid":"a948aad1-a218-4477-b84a-c333884e0f10","full":20.2},"geometry":{"type":"Polygon","coordinates":[[[136.24228,36.17724],[136.24189,36.17723],[136.24184,36.17804],[136.24221,36.17805],[136.24221,36.17804],[136.24224,36.17804],[136.24228,36.17724]]]}},{"type":"Feature","properties":{"pid":"043844f0-1968-4038-a14f-3aa3c23ed76b","full":41.7},"geometry":{"type":"Polygon","coordinates":[[[136.24103,36.178],[136.24172,36.17804],[136.24178,36.17722],[136.24109,36.1772],[136.24103,36.178]]]}},{"type":"Feature","properties":{"pid":"97df4ca8-195e-4366-9f75-6283ecbb0ed9","full":28.3},"geometry":{"type":"Polygon","coordinates":[[[136.24137,36.17626],[136.24132,36.17718],[136.24177,36.1772],[136.24182,36.17634],[136.24181,36.17633],[136.24181,36.17627],[136.24137,36.17626]]]}},{"type":"Feature","properties":{"pid":"f0862a45-6a95-40e8-939a-45ff5a161293","full":27.3},"geometry":{"type":"Polygon","coordinates":[[[136.24232,36.17721],[136.24238,36.17632],[136.24235,36.17631],[136.24235,36.17629],[136.24194,36.17628],[136.24189,36.17719],[136.24232,36.17721]]]}},{"type":"Feature","properties":{"pid":"a53510ae-fbde-4846-8c68-cc7b525d6e61","full":22.1},"geometry":{"type":"Polygon","coordinates":[[[136.24239,36.1763],[136.24234,36.17722],[136.24272,36.17723],[136.24277,36.17634],[136.24274,36.17634],[136.24275,36.1763],[136.24239,36.1763]]]}},{"type":"Feature","properties":{"pid":"c2e40bc6-fc7a-4f50-baf4-300a31cf708c","full":17.6},"geometry":{"type":"Polygon","coordinates":[[[136.24381,36.17637],[136.24377,36.17637],[136.24377,36.17635],[136.24348,36.17634],[136.24343,36.17726],[136.24375,36.17727],[136.24381,36.17637]]]}},{"type":"Feature","properties":{"pid":"dfd4d648-008a-4c91-85ce-dcd64d4a252d","full":21.4},"geometry":{"type":"Polygon","coordinates":[[[136.24347,36.17636],[136.24345,36.17636],[136.24344,36.17634],[136.2431,36.17633],[136.24305,36.17724],[136.24342,36.17726],[136.24347,36.17636]]]}},{"type":"Feature","properties":{"pid":"d12ce0b2-4f64-47a0-84c0-0178db691152","full":16.4},"geometry":{"type":"Polygon","coordinates":[[[136.24309,36.17634],[136.24306,36.17634],[136.24306,36.17632],[136.24278,36.17631],[136.24273,36.17723],[136.24304,36.17724],[136.24309,36.17634]]]}},{"type":"Feature","properties":{"pid":"57f625a7-bd1d-43f6-8dcb-12d50bcf7b00","full":49.7},"geometry":{"type":"Polygon","coordinates":[[[136.24414,36.17627],[136.24415,36.17624],[136.24419,36.17624],[136.24423,36.17535],[136.24408,36.17534],[136.24352,36.17532],[136.24347,36.1762],[136.2435,36.17621],[136.24349,36.17624],[136.24414,36.17627]]]}},{"type":"Feature","properties":{"pid":"7114c619-be66-41aa-8eef-377ab20ea2be","full":13.1},"geometry":{"type":"Polygon","coordinates":[[[136.24352,36.17532],[136.24325,36.17531],[136.2432,36.1762],[136.24323,36.1762],[136.24323,36.17623],[136.24346,36.17624],[136.24352,36.17532]]]}},{"type":"Feature","properties":{"pid":"91aa205a-343b-4cfb-b403-5ef48ef2eb73","full":12.7},"geometry":{"type":"Polygon","coordinates":[[[136.24324,36.17531],[136.24298,36.1753],[136.24292,36.17619],[136.24295,36.17619],[136.24295,36.17622],[136.24319,36.17623],[136.24324,36.17531]]]}},{"type":"Feature","properties":{"pid":"ce025876-3786-403b-855f-9ebcf7883a8f","full":39.5},"geometry":{"type":"Polygon","coordinates":[[[136.24297,36.1753],[136.24238,36.17527],[136.24233,36.17619],[136.24291,36.17622],[136.24297,36.1753]]]}},{"type":"Feature","properties":{"pid":"a2799620-a763-4530-8509-ae569e6662a2","full":21.1},"geometry":{"type":"Polygon","coordinates":[[[136.24232,36.1762],[136.24237,36.17527],[136.242,36.17526],[136.24195,36.17618],[136.24232,36.1762]]]}},{"type":"Feature","properties":{"pid":"d994a216-6c03-4995-8eed-73491f6538c0","full":26.9},"geometry":{"type":"Polygon","coordinates":[[[136.24137,36.17616],[136.24181,36.17618],[136.24187,36.17526],[136.24143,36.17525],[136.24137,36.17616]]]}},{"type":"Feature","properties":{"pid":"226cec7b-a134-4380-bfc4-38238645744b","full":34.0},"geometry":{"type":"Polygon","coordinates":[[[136.24083,36.17624],[136.24078,36.17715],[136.2413,36.17717],[136.24136,36.17626],[136.24083,36.17624]]]}},{"type":"Feature","properties":{"pid":"3cbc447c-fd0b-416b-8b37-41f484e39b01","full":18.6},"geometry":{"type":"Polygon","coordinates":[[[136.24049,36.17622],[136.24043,36.17714],[136.24077,36.17715],[136.24082,36.17626],[136.24079,36.17626],[136.24078,36.17624],[136.24049,36.17622]]]}},{"type":"Feature","properties":{"pid":"a0bfc67c-eb58-4c46-ab34-0052722329f3","full":26.0},"geometry":{"type":"Polygon","coordinates":[[[136.23999,36.17712],[136.24042,36.17715],[136.24048,36.17624],[136.24045,36.17624],[136.24045,36.17623],[136.24005,36.17621],[136.23999,36.17712]]]}},{"type":"Feature","properties":{"pid":"c1e5cc55-5255-4c41-b8e9-7741fddf10b5","full":36.6},"geometry":{"type":"Polygon","coordinates":[[[136.24004,36.17621],[136.23948,36.17619],[136.23943,36.17708],[136.23942,36.17708],[136.23942,36.17711],[136.23943,36.17711],[136.23998,36.17712],[136.24004,36.17621]]]}},{"type":"Feature","properties":{"pid":"87070ae8-9af5-4e29-a2c0-0c4c0e47a8fa","full":33.6},"geometry":{"type":"Polygon","coordinates":[[[136.23891,36.17616],[136.23885,36.17708],[136.23935,36.1771],[136.23935,36.17711],[136.23937,36.17711],[136.23942,36.17629],[136.23941,36.17618],[136.23891,36.17616]]]}},{"type":"Feature","properties":{"pid":"9164a44f-8b8d-4a1a-ab85-8bbc58e76b21","full":53.6},"geometry":{"type":"Polygon","coordinates":[[[136.23794,36.17705],[136.23799,36.17612],[136.2372,36.1761],[136.23721,36.17673],[136.2372,36.17702],[136.23794,36.17705]]]}},{"type":"Feature","properties":{"pid":"52e21bc0-2c6f-4141-8a90-6ff14e483e65","full":92.1},"geometry":{"type":"Polygon","coordinates":[[[136.23587,36.17584],[136.23588,36.17682],[136.23592,36.17686],[136.23713,36.17683],[136.23709,36.17604],[136.2363,36.1759],[136.23587,36.17584]]]}},{"type":"Feature","properties":{"pid":"c8594ca5-a99a-45db-a062-439e7ba6a893","full":111.9},"geometry":{"type":"Polygon","coordinates":[[[136.23592,36.17687],[136.23592,36.17689],[136.23588,36.17689],[136.23589,36.17794],[136.23706,36.17794],[136.23714,36.17791],[136.23712,36.17733],[136.23712,36.17684],[136.23592,36.17687]]]}},{"type":"Feature","properties":{"pid":"a04e68e8-7af2-4798-acb8-52d10a5f2ef1","full":29.7},"geometry":{"type":"Polygon","coordinates":[[[136.23773,36.17786],[136.23777,36.17707],[136.2372,36.17705],[136.23724,36.17786],[136.23772,36.17787],[136.23772,36.17786],[136.23773,36.17786]]]}},{"type":"Feature","properties":{"pid":"fb57272b-b48c-4888-8a16-0f4178d21051","full":27.0},"geometry":{"type":"Polygon","coordinates":[[[136.23845,36.17615],[136.23801,36.17613],[136.23796,36.17705],[136.2384,36.17707],[136.23845,36.17615]]]}},{"type":"Feature","properties":{"pid":"bff67777-0c18-4bda-891f-c58cd6b3635f","full":25.2},"geometry":{"type":"Polygon","coordinates":[[[136.23842,36.17707],[136.23884,36.17708],[136.23889,36.17616],[136.23848,36.17615],[136.23842,36.17707]]]}},{"type":"Feature","properties":{"pid":"394d09a6-1b7d-45ed-a954-30d90d8284d5","full":19.8},"geometry":{"type":"Polygon","coordinates":[[[136.23895,36.17711],[136.23856,36.1771],[136.23852,36.1779],[136.23889,36.17792],[136.23889,36.1779],[136.23891,36.17791],[136.23895,36.17711]]]}},{"type":"Feature","properties":{"pid":"3a68643c-4ec7-4ec5-bf0a-febeb2b244ca","full":47.2},"geometry":{"type":"Polygon","coordinates":[[[136.23855,36.1771],[136.23778,36.17707],[136.23774,36.17788],[136.23849,36.1779],[136.2385,36.17788],[136.23851,36.17789],[136.23855,36.1771]]]}},{"type":"Feature","properties":{"pid":"8dc27032-226f-4bd9-989e-d7738171b054","full":113.4},"geometry":{"type":"Polygon","coordinates":[[[136.23592,36.17905],[136.23724,36.17903],[136.23717,36.17798],[136.23592,36.17801],[136.23589,36.17803],[136.23592,36.17905]]]}},{"type":"Feature","properties":{"pid":"3dfa7690-99f8-4229-9baf-8d1c0f1e28ee","full":17.1},"geometry":{"type":"Polygon","coordinates":[[[136.23592,36.17932],[136.23725,36.1793],[136.23723,36.17907],[136.23594,36.17908],[136.23594,36.1791],[136.23592,36.1791],[136.23592,36.17932]]]}},{"type":"Feature","properties":{"pid":"63305dc2-78b0-48a6-9d8f-adcf8c5cfb24","full":37.2},"geometry":{"type":"Polygon","coordinates":[[[136.23781,36.17884],[136.23786,36.17798],[136.23784,36.17798],[136.23784,36.17795],[136.23741,36.17793],[136.2374,36.17793],[136.23725,36.17795],[136.23727,36.17856],[136.23729,36.17883],[136.23781,36.17884]]]}},{"type":"Feature","properties":{"pid":"1387dae7-277e-4d51-b9a1-08ddb826a725","full":8.2},"geometry":{"type":"Polygon","coordinates":[[[136.23787,36.17795],[136.23782,36.17885],[136.23803,36.17886],[136.23808,36.17798],[136.23806,36.17797],[136.23805,36.17795],[136.23787,36.17795]]]}},{"type":"Feature","properties":{"pid":"563117f7-a3b0-40ef-b33b-4d4c0a7c1846","full":8.4},"geometry":{"type":"Polygon","coordinates":[[[136.23804,36.17886],[136.23826,36.17886],[136.23831,36.17798],[136.23829,36.17798],[136.23829,36.17796],[136.23809,36.17796],[136.23804,36.17886]]]}},{"type":"Feature","properties":{"pid":"c2d01d56-116c-4357-8975-705f69345b2f","full":16.8},"geometry":{"type":"Polygon","coordinates":[[[136.23832,36.17797],[136.23827,36.17886],[136.23859,36.17887],[136.23864,36.178],[136.23861,36.178],[136.23861,36.17797],[136.23832,36.17797]]]}},{"type":"Feature","properties":{"pid":"9438335c-2357-443b-ace7-c0a6101b088f","full":34.6},"geometry":{"type":"Polygon","coordinates":[[[136.23992,36.17803],[136.23937,36.17801],[136.23933,36.1789],[136.23986,36.17893],[136.23992,36.17803]]]}},{"type":"Feature","properties":{"pid":"6f538e90-7a06-4b5a-a66a-1144bca7f5bd","full":45.8},"geometry":{"type":"Polygon","coordinates":[[[136.23865,36.17798],[136.23859,36.17888],[136.23924,36.1789],[136.23924,36.17888],[136.23928,36.17888],[136.23933,36.17801],[136.23865,36.17798]]]}},{"type":"Feature","properties":{"pid":"b9746bea-be52-42e8-b9ac-d8dd35d837fe","full":5.2},"geometry":{"type":"Polygon","coordinates":[[[136.23914,36.17712],[136.23895,36.17711],[136.23891,36.17792],[136.2391,36.17793],[136.23914,36.17712]]]}},{"type":"Feature","properties":{"pid":"21c7eb22-4fd0-42b2-adf3-e939111c1f6b","full":19.5},"geometry":{"type":"Polygon","coordinates":[[[136.2398,36.17714],[136.23943,36.17713],[136.23943,36.17712],[136.23942,36.17712],[136.23937,36.17794],[136.23975,36.17795],[136.2398,36.17714]]]}},{"type":"Feature","properties":{"pid":"4f046330-c860-469a-be30-78bd397a1c79","full":19.5},"geometry":{"type":"Polygon","coordinates":[[[136.24019,36.17716],[136.23981,36.17714],[136.23976,36.17795],[136.24013,36.17797],[136.24013,36.17795],[136.24015,36.17795],[136.24019,36.17716]]]}},{"type":"Feature","properties":{"pid":"8b0069b9-3c88-4214-9c18-6b1e982411b1","full":27.0},"geometry":{"type":"Polygon","coordinates":[[[136.24069,36.17718],[136.2402,36.17716],[136.24016,36.17795],[136.24018,36.17795],[136.24018,36.17797],[136.24065,36.17799],[136.24069,36.17718]]]}},{"type":"Feature","properties":{"pid":"27dbf89b-29f0-4e4c-b62d-4a579e0fc5bd","full":19.2},"geometry":{"type":"Polygon","coordinates":[[[136.24108,36.1772],[136.2407,36.17718],[136.24065,36.17797],[136.24068,36.17797],[136.24068,36.17799],[136.24103,36.178],[136.24108,36.1772]]]}},{"type":"Feature","properties":{"pid":"1851e400-a9c6-4ef5-8f9c-3c2a16cf6005","full":26.1},"geometry":{"type":"Polygon","coordinates":[[[136.2412,36.17808],[136.24077,36.17806],[136.24071,36.17897],[136.24115,36.17898],[136.2412,36.17808]]]}},{"type":"Feature","properties":{"pid":"53dee3e8-1ff3-4d3f-af49-45631dddc0df","full":21.4},"geometry":{"type":"Polygon","coordinates":[[[136.24076,36.17806],[136.24039,36.17805],[136.24033,36.17895],[136.24071,36.17897],[136.24076,36.17806]]]}},{"type":"Feature","properties":{"pid":"1acf9af8-383b-4290-9f6f-0ba4115d844f","full":27.7},"geometry":{"type":"Polygon","coordinates":[[[136.24038,36.17805],[136.23993,36.17803],[136.23987,36.17893],[136.24032,36.17895],[136.24038,36.17805]]]}},{"type":"Feature","properties":{"pid":"7be729d3-b0c8-440e-a18e-37a09081313a","full":28.0},"geometry":{"type":"Polygon","coordinates":[[[136.24067,36.179],[136.24061,36.17992],[136.24106,36.17993],[136.24111,36.17901],[136.24067,36.179]]]}},{"type":"Feature","properties":{"pid":"f063d01a-e211-4bf4-9abb-c28255ee6967","full":2.5},"geometry":{"type":"Polygon","coordinates":[[[136.24121,36.17994],[136.24126,36.17901],[136.24112,36.17901],[136.24107,36.17991],[136.24109,36.17991],[136.24109,36.17993],[136.24121,36.17994]]]}},{"type":"Feature","properties":{"pid":"e66cd499-a364-4772-a4fc-d8fa1f4754f4","full":18.2},"geometry":{"type":"Polygon","coordinates":[[[136.24033,36.17899],[136.24028,36.17991],[136.24061,36.17992],[136.24066,36.17899],[136.24033,36.17899]]]}},{"type":"Feature","properties":{"pid":"b8ce5d71-181d-4bac-9e73-e9bedc866353","full":20.5},"geometry":{"type":"Polygon","coordinates":[[[136.23996,36.17898],[136.23991,36.17986],[136.23994,36.17986],[136.23994,36.17989],[136.24027,36.1799],[136.24032,36.17899],[136.23996,36.17898]]]}},{"type":"Feature","properties":{"pid":"d96abe1c-688c-4e78-848f-c34840105296","full":8.0},"geometry":{"type":"Polygon","coordinates":[[[136.2399,36.17989],[136.23995,36.17897],[136.23974,36.17897],[136.23969,36.17986],[136.23972,36.17985],[136.23971,36.17989],[136.2399,36.17989]]]}},{"type":"Feature","properties":{"pid":"b9d38ff3-210a-4eaa-bd3a-1f42af984e85","full":26.4},"geometry":{"type":"Polygon","coordinates":[[[136.23974,36.17897],[136.23931,36.17895],[136.23926,36.17984],[136.23928,36.17984],[136.23929,36.17987],[136.23969,36.17988],[136.23974,36.17897]]]}},{"type":"Feature","properties":{"pid":"ee13ff16-499f-4a83-a449-4c3f613923ef","full":33.5},"geometry":{"type":"Polygon","coordinates":[[[136.23875,36.17893],[136.23869,36.17984],[136.23919,36.17987],[136.23919,36.17984],[136.23921,36.17984],[136.23927,36.17895],[136.23875,36.17893]]]}},{"type":"Feature","properties":{"pid":"409df6ec-03f3-4ecb-af78-a6a9eafbdba5","full":50.8},"geometry":{"type":"Polygon","coordinates":[[[136.24027,36.17995],[136.23954,36.17993],[136.23949,36.18084],[136.24022,36.18087],[136.24027,36.17995]]]}},{"type":"Feature","properties":{"pid":"9668078a-611b-4ea7-9d06-d45a1c0d2c4e","full":17.9},"geometry":{"type":"Polygon","coordinates":[[[136.23883,36.18081],[136.23912,36.18083],[136.23913,36.1808],[136.23916,36.1808],[136.2392,36.17992],[136.23888,36.1799],[136.23883,36.18081]]]}},{"type":"Feature","properties":{"pid":"e0b4b0dd-1001-4168-8804-8620da4c8cd4","full":14.1},"geometry":{"type":"Polygon","coordinates":[[[136.23951,36.17993],[136.23926,36.17992],[136.23925,36.17992],[136.23921,36.18073],[136.23921,36.18083],[136.23948,36.18084],[136.23954,36.17994],[136.23951,36.17995],[136.23951,36.17993]]]}},{"type":"Feature","properties":{"pid":"603625ec-2142-4f9e-baaf-a5d3c125cdc2","full":30.7},"geometry":{"type":"Polygon","coordinates":[[[136.24076,36.17997],[136.24028,36.17996],[136.24023,36.18087],[136.24071,36.18089],[136.24076,36.17997]]]}},{"type":"Feature","properties":{"pid":"d9491a47-4456-4740-9d94-899d4596290f","full":25.8},"geometry":{"type":"Polygon","coordinates":[[[136.2412,36.17999],[136.24078,36.17997],[136.24072,36.18089],[136.24115,36.18091],[136.2412,36.17999]]]}},{"type":"Feature","properties":{"pid":"812bffc5-1be1-455f-80b1-e13825fb96b9","full":39.3},"geometry":{"type":"Polygon","coordinates":[[[136.24067,36.18183],[136.24122,36.18185],[136.24128,36.18095],[136.24069,36.18092],[136.24064,36.18181],[136.24066,36.18182],[136.24067,36.18183]]]}},{"type":"Feature","properties":{"pid":"e84e2197-bae7-4b33-b599-88c13aec3beb","full":39.5},"geometry":{"type":"Polygon","coordinates":[[[136.24009,36.18089],[136.24004,36.18181],[136.24063,36.18183],[136.24068,36.18092],[136.24009,36.18089]]]}},{"type":"Feature","properties":{"pid":"791e3680-18a4-4730-90c5-38b79162d485","full":26.5},"geometry":{"type":"Polygon","coordinates":[[[136.23961,36.1818],[136.24004,36.18181],[136.24008,36.18089],[136.23965,36.18088],[136.23961,36.1818]]]}},{"type":"Feature","properties":{"pid":"08eb429b-2e9b-48ff-be4e-49ee9e129367","full":27.7},"geometry":{"type":"Polygon","coordinates":[[[136.23964,36.18088],[136.23921,36.18086],[136.2392,36.18095],[136.23915,36.18175],[136.23916,36.18178],[136.23956,36.18179],[136.23958,36.18177],[136.2396,36.18178],[136.23964,36.18088]]]}},{"type":"Feature","properties":{"pid":"45c9627a-bc2e-4c08-a277-55fed5628e75","full":25.0},"geometry":{"type":"Polygon","coordinates":[[[136.23871,36.18176],[136.23909,36.18178],[136.2391,36.18177],[136.23915,36.18086],[136.23874,36.18084],[136.23869,36.18174],[136.23871,36.18175],[136.23871,36.18176]]]}},{"type":"Feature","properties":{"pid":"7fc2d722-eca9-42ea-8c3b-2dd7fba10e96","full":45.3},"geometry":{"type":"Polygon","coordinates":[[[136.23803,36.18173],[136.23868,36.18176],[136.23874,36.18085],[136.23806,36.18082],[136.23803,36.18173]]]}},{"type":"Feature","properties":{"pid":"7cb5bf2f-47e7-4e3e-ab53-aecd7effbc84","full":37.0},"geometry":{"type":"Polygon","coordinates":[[[136.23806,36.18082],[136.23747,36.18079],[136.23748,36.18095],[136.23749,36.18137],[136.23749,36.18172],[136.23798,36.18173],[136.23799,36.18171],[136.23802,36.18171],[136.23806,36.18082]]]}},{"type":"Feature","properties":{"pid":"e44dff98-9f15-4422-9e0a-d8cd225ae6fe","full":130.7},"geometry":{"type":"Polygon","coordinates":[[[136.236,36.18233],[136.23741,36.18231],[136.2374,36.18122],[136.23601,36.18125],[136.23601,36.18127],[136.23597,36.18127],[136.236,36.18233]]]}},{"type":"Feature","properties":{"pid":"a689c258-d803-4fa0-9c06-922e59836a77","full":125.1},"geometry":{"type":"Polygon","coordinates":[[[136.23599,36.18017],[136.23598,36.1802],[136.23594,36.18021],[136.23597,36.1807],[136.23597,36.18121],[136.23601,36.18121],[136.23602,36.18123],[136.2374,36.18121],[136.2374,36.18095],[136.23732,36.18015],[136.23599,36.18017]]]}},{"type":"Feature","properties":{"pid":"1fe8f3ea-a85a-4472-ac76-202f909cb5ca","full":22.0},"geometry":{"type":"Polygon","coordinates":[[[136.23849,36.17989],[136.23844,36.1808],[136.23882,36.18081],[136.23887,36.17992],[136.23885,36.17991],[136.23884,36.1799],[136.23849,36.17989]]]}},{"type":"Feature","properties":{"pid":"f5343464-740e-4fee-a044-2103fca5835f","full":8.5},"geometry":{"type":"Polygon","coordinates":[[[136.23827,36.17988],[136.23822,36.18079],[136.23843,36.1808],[136.23848,36.17991],[136.23847,36.17991],[136.23847,36.17988],[136.23827,36.17988]]]}},{"type":"Feature","properties":{"pid":"9ccf558a-2b08-4813-aa4d-22589e0e6578","full":12.6},"geometry":{"type":"Polygon","coordinates":[[[136.23795,36.18078],[136.23821,36.18079],[136.23826,36.1799],[136.23823,36.1799],[136.23824,36.17987],[136.238,36.17987],[136.23795,36.18078]]]}},{"type":"Feature","properties":{"pid":"5f14ac92-ae92-4a28-855f-16e9a9cedaeb","full":34.8},"geometry":{"type":"Polygon","coordinates":[[[136.23799,36.17989],[136.23796,36.17989],[136.23796,36.17986],[136.23739,36.17985],[136.23747,36.18076],[136.23794,36.18078],[136.23799,36.17989]]]}},{"type":"Feature","properties":{"pid":"29a1757c-37c7-46eb-802c-33c3ca0c6bb1","full":3.0},"geometry":{"type":"Polygon","coordinates":[[[136.23859,36.17892],[136.23854,36.17984],[136.23866,36.17985],[136.23867,36.17982],[136.23869,36.17982],[136.23874,36.17893],[136.23859,36.17892]]]}},{"type":"Feature","properties":{"pid":"077e873a-8cbd-4c58-be44-ad1ede192b7f","full":17.7},"geometry":{"type":"Polygon","coordinates":[[[136.23853,36.17984],[136.23859,36.17892],[136.23826,36.17891],[136.23821,36.17981],[136.23824,36.1798],[136.23824,36.17983],[136.23853,36.17984]]]}},{"type":"Feature","properties":{"pid":"1d8d629d-a3da-4062-bf75-5b55007e1a23","full":63.9},"geometry":{"type":"Polygon","coordinates":[[[136.23825,36.17891],[136.2373,36.17888],[136.23737,36.17976],[136.23742,36.17977],[136.23743,36.1798],[136.2382,36.17982],[136.23825,36.17891]]]}},{"type":"Feature","properties":{"pid":"b8f8a8fc-fb32-4149-b2ca-92252718bbb6","full":35.8},"geometry":{"type":"Polygon","coordinates":[[[136.23594,36.1799],[136.23729,36.17989],[136.23727,36.1795],[136.23598,36.17952],[136.23598,36.17954],[136.23593,36.17954],[136.23594,36.1799]]]}},{"type":"Feature","properties":{"pid":"408cc39a-65d2-4682-a9d1-ec426baa477a","full":20.2},"geometry":{"type":"Polygon","coordinates":[[[136.23593,36.17991],[136.23594,36.18013],[136.23598,36.18013],[136.23599,36.18016],[136.23733,36.18014],[136.2373,36.17989],[136.23593,36.17991]]]}},{"type":"Feature","properties":{"pid":"08e06944-fe29-4e97-938d-a7c28f1b33b6","full":13.0},"geometry":{"type":"Polygon","coordinates":[[[136.23597,36.17952],[136.23727,36.1795],[136.23725,36.1793],[136.23592,36.17932],[136.23593,36.17949],[136.23597,36.1795],[136.23597,36.17952]]]}},{"type":"Feature","properties":{"pid":"bdbf6959-c735-4593-ad8f-23f4a854d37b","full":24.4},"geometry":{"type":"Polygon","coordinates":[[[136.23446,36.1799],[136.23446,36.18018],[136.23587,36.18015],[136.23587,36.17987],[136.23446,36.1799]]]}},{"type":"Feature","properties":{"pid":"0cf1a881-7973-4d16-baf3-ef2c32eb30d7","full":18.5},"geometry":{"type":"Polygon","coordinates":[[[136.23446,36.17989],[136.23586,36.17987],[136.23586,36.17965],[136.23584,36.17965],[136.23584,36.17963],[136.23446,36.17966],[136.23446,36.17989]]]}},{"type":"Feature","properties":{"pid":"6451aa0c-20b0-4f8c-9605-34eb8d8f22c2","full":18.0},"geometry":{"type":"Polygon","coordinates":[[[136.23584,36.17963],[136.23584,36.17961],[136.23586,36.17961],[136.23586,36.1794],[136.23445,36.17943],[136.23445,36.17965],[136.23584,36.17963]]]}},{"type":"Feature","properties":{"pid":"5276c769-6d3c-4fbf-80c3-74b2de149c4e","full":6.7},"geometry":{"type":"Polygon","coordinates":[[[136.23444,36.17928],[136.23444,36.17942],[136.23586,36.1794],[136.23585,36.17926],[136.23444,36.17928]]]}},{"type":"Feature","properties":{"pid":"fecd547f-ca9d-4d7c-ac11-a13bff285885","full":127.6},"geometry":{"type":"Polygon","coordinates":[[[136.23587,36.18016],[136.23446,36.18018],[136.23449,36.18126],[136.2359,36.18124],[136.23587,36.18016]]]}},{"type":"Feature","properties":{"pid":"622c3e78-310d-4a18-8d67-214b415bc264","full":82.6},"geometry":{"type":"Polygon","coordinates":[[[136.23449,36.18126],[136.23449,36.18144],[136.23462,36.18151],[136.23478,36.18165],[136.23499,36.18186],[136.23537,36.18226],[136.2359,36.18225],[136.23591,36.18222],[136.23592,36.18221],[136.2359,36.18125],[136.23449,36.18126]]]}},{"type":"Feature","properties":{"pid":"ad353ea8-2acb-45a6-9f15-34ece7707d68","full":8.4},"geometry":{"type":"Polygon","coordinates":[[[136.23537,36.18227],[136.23589,36.18281],[136.23593,36.18282],[136.23592,36.18226],[136.23537,36.18227]]]}},{"type":"Feature","properties":{"pid":"e53628ab-6ecf-4342-afa4-dd6e5953c6af","full":8.9},"geometry":{"type":"Polygon","coordinates":[[[136.23545,36.18253],[136.23451,36.18254],[136.23452,36.18273],[136.23559,36.18271],[136.23558,36.18269],[136.23561,36.1827],[136.23545,36.18253]]]}},{"type":"Feature","properties":{"pid":"aa30414b-bbe9-4a35-915a-a98ea921da79","full":11.3},"geometry":{"type":"Polygon","coordinates":[[[136.23449,36.18192],[136.2345,36.18229],[136.23518,36.18227],[136.23516,36.18226],[136.23519,36.18226],[136.23488,36.18192],[136.23449,36.18192]]]}},{"type":"Feature","properties":{"pid":"671cd51f-a73a-450a-864c-c0d86fae94ab","full":10.8},"geometry":{"type":"Polygon","coordinates":[[[136.23522,36.18228],[136.23451,36.18229],[136.23451,36.18254],[136.23541,36.18252],[136.2354,36.18251],[136.23543,36.18251],[136.23522,36.18228]]]}},{"type":"Feature","properties":{"pid":"7f948cb3-8dba-4eca-b394-ab0d3154faeb","full":30.6},"geometry":{"type":"Polygon","coordinates":[[[136.23374,36.18192],[136.23376,36.18282],[136.23425,36.18281],[136.23423,36.18191],[136.23374,36.18192]]]}},{"type":"Feature","properties":{"pid":"59756b1d-7fb5-4566-a6d0-34957c75109c","full":2.1},"geometry":{"type":"Polygon","coordinates":[[[136.23369,36.18186],[136.23384,36.18186],[136.23384,36.18134],[136.23367,36.18129],[136.23369,36.18186]]]}},{"type":"Feature","properties":{"pid":"09401ffa-6065-49ac-8202-378d15bc7719","full":11.0},"geometry":{"type":"Polygon","coordinates":[[[136.23385,36.18186],[136.23428,36.18185],[136.23428,36.18148],[136.23385,36.18135],[136.23385,36.18186]]]}},{"type":"Feature","properties":{"pid":"755e9254-21a8-40e5-b180-a2b78379b67c","full":2.4},"geometry":{"type":"Polygon","coordinates":[[[136.23486,36.1819],[136.23469,36.18172],[136.23459,36.18163],[136.23454,36.18159],[136.23449,36.1816],[136.2345,36.18192],[136.23484,36.18191],[136.23486,36.1819]]]}},{"type":"Feature","properties":{"pid":"aae3a491-3892-4c0c-aa48-7280c7bcbd33","full":33.9},"geometry":{"type":"Polygon","coordinates":[[[136.23222,36.18188],[136.23275,36.18187],[136.23273,36.181],[136.23261,36.18096],[136.23221,36.18097],[136.23222,36.18188]]]}},{"type":"Feature","properties":{"pid":"10a0fbf8-8f25-42b7-b3e5-abfea75f720e","full":23.5},"geometry":{"type":"Polygon","coordinates":[[[136.23276,36.18187],[136.2332,36.18186],[136.23319,36.18114],[136.23274,36.181],[136.23276,36.18187]]]}},{"type":"Feature","properties":{"pid":"ba9724e0-a14b-4fac-8171-9e2e84820e66","full":19.6},"geometry":{"type":"Polygon","coordinates":[[[136.23321,36.18187],[136.23368,36.18186],[136.23366,36.18128],[136.23352,36.18124],[136.2332,36.18114],[136.23321,36.18187]]]}},{"type":"Feature","properties":{"pid":"86b29d9f-8d7d-4e14-a99c-1ab573c735f4","full":60.3},"geometry":{"type":"Polygon","coordinates":[[[136.23375,36.18282],[136.23374,36.18192],[136.23288,36.18193],[136.23289,36.18282],[136.23292,36.18282],[136.23292,36.18283],[136.23375,36.18282]]]}},{"type":"Feature","properties":{"pid":"ad2f1007-8162-4595-88ab-9358bbd128c7","full":8.9},"geometry":{"type":"Polygon","coordinates":[[[136.23231,36.18223],[136.23286,36.18221],[136.23285,36.18193],[136.2323,36.18193],[136.23231,36.18223]]]}},{"type":"Feature","properties":{"pid":"db728bca-5636-40e4-88a3-a71740b4677d","full":23.1},"geometry":{"type":"Polygon","coordinates":[[[136.2323,36.18223],[136.23229,36.18193],[136.23189,36.18194],[136.23191,36.18282],[136.23193,36.18282],[136.23193,36.18284],[136.2323,36.18284],[136.2323,36.18223]]]}},{"type":"Feature","properties":{"pid":"ba8f22b7-7663-4f7c-90b9-071ca0c9ff89","full":87.3},"geometry":{"type":"Polygon","coordinates":[[[136.23065,36.18287],[136.23182,36.18285],[136.23184,36.18284],[136.23182,36.18283],[136.23181,36.18195],[136.23063,36.18196],[136.23065,36.18287]]]}},{"type":"Feature","properties":{"pid":"6ec6954c-971c-4e5f-b353-0307c5e6a647","full":17.4},"geometry":{"type":"Polygon","coordinates":[[[136.23221,36.18188],[136.2322,36.18097],[136.23187,36.18097],[136.23189,36.18188],[136.23221,36.18188]]]}},{"type":"Feature","properties":{"pid":"eb0f2682-19f7-4d06-b25f-9673beb27c35","full":26.2},"geometry":{"type":"Polygon","coordinates":[[[136.23136,36.18189],[136.2318,36.18188],[136.23178,36.18099],[136.23177,36.18099],[136.23177,36.18097],[136.23135,36.18098],[136.23136,36.18189]]]}},{"type":"Feature","properties":{"pid":"2ac806d4-dbf5-4c81-9094-9116fc7c7194","full":26.8},"geometry":{"type":"Polygon","coordinates":[[[136.23179,36.18053],[136.23175,36.18053],[136.23176,36.18051],[136.23066,36.18053],[136.23067,36.18087],[136.23068,36.18088],[136.2318,36.18087],[136.23179,36.18053]]]}},{"type":"Feature","properties":{"pid":"6dc0d97a-4ccf-4eed-88ae-de4c136b14ed","full":34.9},"geometry":{"type":"Polygon","coordinates":[[[136.23065,36.18009],[136.23066,36.18052],[136.23175,36.18051],[136.23175,36.1805],[136.23179,36.1805],[136.23178,36.18007],[136.23065,36.18009]]]}},{"type":"Feature","properties":{"pid":"0cfcc2c5-1cce-412d-a182-bbe66901520c","full":47.9},"geometry":{"type":"Polygon","coordinates":[[[136.23186,36.18033],[136.23188,36.18084],[136.23193,36.18084],[136.23193,36.18086],[136.23263,36.18085],[136.23302,36.18097],[136.23301,36.1803],[136.23192,36.18032],[136.2319,36.18033],[136.23186,36.18033]]]}},{"type":"Feature","properties":{"pid":"e7fc5b89-5262-4421-9b0a-8ca129bc48b4","full":88.8},"geometry":{"type":"Polygon","coordinates":[[[136.23306,36.18098],[136.23413,36.18131],[136.23414,36.18129],[136.23416,36.18129],[136.2342,36.18113],[136.23418,36.18019],[136.23304,36.1802],[136.23306,36.18098]]]}},{"type":"Feature","properties":{"pid":"22bdba8d-2e90-4cf4-87e3-5943c67b9bec","full":44.6},"geometry":{"type":"Polygon","coordinates":[[[136.23186,36.1803],[136.2319,36.1803],[136.23192,36.18031],[136.23301,36.1803],[136.23299,36.17977],[136.23186,36.17978],[136.23186,36.1803]]]}},{"type":"Feature","properties":{"pid":"58a6a190-c99b-4513-9538-f8b9d9b54b3e","full":98.9},"geometry":{"type":"Polygon","coordinates":[[[136.23304,36.1802],[136.23415,36.18018],[136.23415,36.18015],[136.23418,36.18015],[136.23414,36.17912],[136.23303,36.17913],[136.23304,36.1802]]]}},{"type":"Feature","properties":{"pid":"91c73e24-99e6-4d87-b46d-6e65b2de93e6","full":25.6},"geometry":{"type":"Polygon","coordinates":[[[136.23185,36.17948],[136.23298,36.17947],[136.23298,36.17913],[136.23188,36.17914],[136.23187,36.17915],[136.23184,36.17916],[136.23185,36.17948]]]}},{"type":"Feature","properties":{"pid":"dc85ed67-e648-469a-b924-085f77f2cc7a","full":20.3},"geometry":{"type":"Polygon","coordinates":[[[136.23186,36.17978],[136.23298,36.17976],[136.23298,36.17948],[136.23188,36.17949],[136.23187,36.17951],[136.23185,36.17951],[136.23186,36.17978]]]}},{"type":"Feature","properties":{"pid":"68a8c898-9786-45d5-b4f2-9b875679e85a","full":43.5},"geometry":{"type":"Polygon","coordinates":[[[136.23065,36.17956],[136.23065,36.18008],[136.23178,36.18007],[136.23178,36.17958],[136.23175,36.17958],[136.23175,36.17954],[136.23065,36.17956]]]}},{"type":"Feature","properties":{"pid":"0c7719ed-8e7b-490e-b23e-273a0e706283","full":30.5},"geometry":{"type":"Polygon","coordinates":[[[136.23178,36.17954],[136.23177,36.17915],[136.23065,36.17916],[136.23065,36.17955],[136.23178,36.17954]]]}},{"type":"Feature","properties":{"pid":"9e27d395-6a1f-49f7-98ed-e02bd580c6a2","full":48.4},"geometry":{"type":"Polygon","coordinates":[[[136.23177,36.17914],[136.23176,36.17857],[136.23063,36.17859],[136.23064,36.17915],[136.23177,36.17914]]]}},{"type":"Feature","properties":{"pid":"8d60f34c-d240-4a5b-88d0-66bed0c8a78a","full":34.4},"geometry":{"type":"Polygon","coordinates":[[[136.23187,36.17871],[136.23187,36.17872],[136.23184,36.17872],[136.23185,36.17913],[136.23297,36.17912],[136.23297,36.17869],[136.23187,36.17871]]]}},{"type":"Feature","properties":{"pid":"4ef4955a-8402-4e07-8765-5442bd9541db","full":56.7},"geometry":{"type":"Polygon","coordinates":[[[136.23184,36.1787],[136.23298,36.17868],[136.23296,36.17804],[136.23186,36.17805],[136.23185,36.17808],[136.23183,36.17808],[136.23184,36.1787]]]}},{"type":"Feature","properties":{"pid":"8408a8cc-2ba3-4f9e-8f78-c6b004902027","full":43.2},"geometry":{"type":"Polygon","coordinates":[[[136.23176,36.17857],[136.23175,36.17808],[136.23173,36.17808],[136.23172,36.17806],[136.23153,36.17806],[136.23062,36.17807],[136.23063,36.17858],[136.23176,36.17857]]]}},{"type":"Feature","properties":{"pid":"140f68a2-3677-48cf-9ba2-2e48504e6ee1","full":52.9},"geometry":{"type":"Polygon","coordinates":[[[136.2306,36.17741],[136.23061,36.17799],[136.23061,36.17803],[136.23171,36.17801],[136.23171,36.17799],[136.23174,36.17798],[136.23172,36.1774],[136.2306,36.17741]]]}},{"type":"Feature","properties":{"pid":"b7954f37-abbc-484c-9c70-50b50f57a17b","full":45.0},"geometry":{"type":"Polygon","coordinates":[[[136.23181,36.17748],[136.23183,36.17801],[136.23296,36.178],[136.23296,36.17747],[136.23181,36.17748]]]}},{"type":"Feature","properties":{"pid":"9302297a-c32c-4d4f-9415-30cea8bcc02f","full":35.3},"geometry":{"type":"Polygon","coordinates":[[[136.23299,36.17756],[136.233,36.17797],[136.23303,36.17796],[136.23303,36.178],[136.23414,36.17798],[136.23413,36.17756],[136.23409,36.17756],[136.23409,36.17754],[136.23299,36.17756]]]}},{"type":"Feature","properties":{"pid":"9ff31009-cbd2-40b6-8e2f-bf648b4cfd25","full":38.9},"geometry":{"type":"Polygon","coordinates":[[[136.23301,36.17851],[136.23415,36.1785],[136.23414,36.17803],[136.23373,36.17803],[136.23304,36.17804],[136.23305,36.17807],[136.233,36.17807],[136.23301,36.17851]]]}},{"type":"Feature","properties":{"pid":"ad7c2b53-e63b-4179-ab00-5e4232754aab","full":52.6},"geometry":{"type":"Polygon","coordinates":[[[136.23416,36.17911],[136.23415,36.17853],[136.23412,36.17853],[136.2341,36.1785],[136.23301,36.17851],[136.23303,36.17912],[136.23302,36.17912],[136.23416,36.17911]]]}},{"type":"Feature","properties":{"pid":"fe5c4ad3-533f-4ddf-ba66-7efafece10fe","full":9.8},"geometry":{"type":"Polygon","coordinates":[[[136.23444,36.17927],[136.23585,36.17926],[136.23585,36.1791],[136.23583,36.1791],[136.23582,36.17909],[136.23444,36.17911],[136.23444,36.17927]]]}},{"type":"Feature","properties":{"pid":"1abee82a-414a-403a-93b7-fe9195ebe8f0","full":54.4},"geometry":{"type":"Polygon","coordinates":[[[136.23443,36.17859],[136.23444,36.1791],[136.23582,36.17908],[136.23583,36.17906],[136.23585,36.17906],[136.23584,36.17857],[136.23443,36.17859]]]}},{"type":"Feature","properties":{"pid":"f789fa5e-31d3-4ee4-841a-4961beb7e945","full":58.9},"geometry":{"type":"Polygon","coordinates":[[[136.23443,36.17858],[136.23584,36.17856],[136.23583,36.17802],[136.23441,36.17804],[136.23443,36.17858]]]}},{"type":"Feature","properties":{"pid":"03b664dc-5452-46e0-82b5-bb1400f6da6e","full":39.8},"geometry":{"type":"Polygon","coordinates":[[[136.23439,36.17758],[136.23441,36.17798],[136.2358,36.17796],[136.23582,36.17794],[136.23581,36.17757],[136.23439,36.17758]]]}},{"type":"Feature","properties":{"pid":"35f4b616-7e72-4e35-bcfa-4acef90169cb","full":15.4},"geometry":{"type":"Polygon","coordinates":[[[136.23582,36.17756],[136.2358,36.17735],[136.2344,36.17737],[136.2344,36.17758],[136.23582,36.17756]]]}},{"type":"Feature","properties":{"pid":"9c0e4afe-3778-430b-a603-d1bd2bff86eb","full":20.2},"geometry":{"type":"Polygon","coordinates":[[[136.23581,36.17734],[136.2358,36.1771],[136.23439,36.17712],[136.23439,36.17736],[136.23581,36.17734]]]}},{"type":"Feature","properties":{"pid":"902e4ce7-bb48-4460-8ce5-fcb4b8a09960","full":16.0},"geometry":{"type":"Polygon","coordinates":[[[136.2358,36.17709],[136.23579,36.17687],[136.23439,36.17689],[136.23439,36.17711],[136.2358,36.17709]]]}},{"type":"Feature","properties":{"pid":"073a9a8e-0217-43f4-bfa6-6800fabc73e6","full":16.1},"geometry":{"type":"Polygon","coordinates":[[[136.2358,36.17686],[136.23579,36.17665],[136.23439,36.17667],[136.23439,36.17689],[136.2358,36.17686]]]}},{"type":"Feature","properties":{"pid":"d577ea51-effd-4f73-b016-5ebae17eadf4","full":65.0},"geometry":{"type":"Polygon","coordinates":[[[136.23579,36.17664],[136.23578,36.17605],[136.23437,36.17608],[136.23438,36.17666],[136.23579,36.17664]]]}},{"type":"Feature","properties":{"pid":"34bcb6b5-f140-40ab-8119-68950f12f00e","full":16.0},"geometry":{"type":"Polygon","coordinates":[[[136.23437,36.17607],[136.23578,36.17605],[136.23578,36.17583],[136.23436,36.17586],[136.23437,36.17607]]]}},{"type":"Feature","properties":{"pid":"296ae531-91ca-4ce1-8899-f527395f2c74","full":25.1},"geometry":{"type":"Polygon","coordinates":[[[136.23296,36.17621],[136.2341,36.17619],[136.2341,36.17587],[136.23296,36.17586],[136.23296,36.17621]]]}},{"type":"Feature","properties":{"pid":"ab888ece-5b8b-4715-a51a-0d5d6667150f","full":60.8},"geometry":{"type":"Polygon","coordinates":[[[136.23296,36.17621],[136.23298,36.1769],[136.23411,36.17688],[136.2341,36.1762],[136.23296,36.17621]]]}},{"type":"Feature","properties":{"pid":"9365906a-48d0-48c7-831a-f61b943a39c2","full":33.9},"geometry":{"type":"Polygon","coordinates":[[[136.23298,36.1769],[136.23298,36.17733],[136.23409,36.17731],[136.23409,36.17729],[136.23413,36.17729],[136.23412,36.17691],[136.23408,36.17692],[136.23408,36.17689],[136.23298,36.1769]]]}},{"type":"Feature","properties":{"pid":"8b11dd5a-5c75-4997-a240-0e2713893eb7","full":13.1},"geometry":{"type":"Polygon","coordinates":[[[136.23412,36.17732],[136.23299,36.17733],[136.23299,36.17755],[136.23412,36.17753],[136.23412,36.17732]]]}},{"type":"Feature","properties":{"pid":"c35a8a63-d767-406c-8701-3a501107c180","full":22.6},"geometry":{"type":"Polygon","coordinates":[[[136.23295,36.17722],[136.23294,36.17691],[136.23184,36.17693],[136.23183,36.17695],[136.2318,36.17695],[136.23181,36.17724],[136.23295,36.17722]]]}},{"type":"Feature","properties":{"pid":"0531af53-d555-4bbd-884d-161896aba181","full":14.8},"geometry":{"type":"Polygon","coordinates":[[[136.23295,36.17746],[136.23294,36.17723],[136.23184,36.17724],[136.23184,36.17726],[136.23182,36.17726],[136.23182,36.17748],[136.23295,36.17746]]]}},{"type":"Feature","properties":{"pid":"58c003ce-6ac0-4134-8f4c-85d7fefba4d1","full":37.8},"geometry":{"type":"Polygon","coordinates":[[[136.23172,36.17739],[136.23171,36.17706],[136.23172,36.17694],[136.23169,36.17694],[136.23169,36.17693],[136.2306,36.17694],[136.2306,36.17741],[136.23172,36.17739]]]}},{"type":"Feature","properties":{"pid":"2ba58544-29d9-40b4-ac3f-a006c0909bdb","full":61.3},"geometry":{"type":"Polygon","coordinates":[[[136.23179,36.17623],[136.2318,36.17692],[136.23294,36.1769],[136.23293,36.17621],[136.23179,36.17623]]]}},{"type":"Feature","properties":{"pid":"aeee1f40-8038-4f5d-aaaf-dbb13ed61052","full":27.5},"geometry":{"type":"Polygon","coordinates":[[[136.23178,36.1762],[136.23181,36.1762],[136.23181,36.17622],[136.23293,36.1762],[136.23292,36.17585],[136.23179,36.17586],[136.23178,36.17587],[136.23178,36.1762]]]}},{"type":"Feature","properties":{"pid":"72882260-1aaf-4545-bd59-61d42b621fe3","full":23.8},"geometry":{"type":"Polygon","coordinates":[[[136.23058,36.1762],[136.23167,36.17619],[136.23167,36.17617],[136.2317,36.17617],[136.23169,36.17586],[136.23057,36.17588],[136.23058,36.1762]]]}},{"type":"Feature","properties":{"pid":"c55115ac-91ae-4c49-b706-32761d204fa4","full":21.3},"geometry":{"type":"Polygon","coordinates":[[[136.23058,36.17621],[136.23059,36.17651],[136.23168,36.1765],[136.23168,36.17648],[136.23171,36.17648],[136.23169,36.1762],[136.23058,36.17621]]]}},{"type":"Feature","properties":{"pid":"8bb2ca1c-a717-4f1f-82fd-2ae595be52c4","full":37.8},"geometry":{"type":"Polygon","coordinates":[[[136.2294,36.17655],[136.23053,36.17654],[136.23052,36.17608],[136.22943,36.17609],[136.22942,36.17611],[136.22939,36.17611],[136.2294,36.17655]]]}},{"type":"Feature","properties":{"pid":"eb277c34-afb4-4b54-9b50-45a020425ac8","full":10.2},"geometry":{"type":"Polygon","coordinates":[[[136.22943,36.17608],[136.23053,36.17607],[136.23052,36.17588],[136.22939,36.1759],[136.22939,36.17606],[136.22942,36.17607],[136.22943,36.17608]]]}},{"type":"Feature","properties":{"pid":"58ae6036-5003-4780-85cd-163ab740d06f","full":75.4},"geometry":{"type":"Polygon","coordinates":[[[136.22844,36.17696],[136.22933,36.17695],[136.22932,36.1759],[136.22842,36.1759],[136.22844,36.17696]]]}},{"type":"Feature","properties":{"pid":"9e94f994-926c-4595-9934-d062ca6feca1","full":11.2},"geometry":{"type":"Polygon","coordinates":[[[136.22944,36.17751],[136.23056,36.1775],[136.23055,36.1773],[136.22941,36.17731],[136.22941,36.17749],[136.22943,36.17749],[136.22944,36.17751]]]}},{"type":"Feature","properties":{"pid":"afc73e41-fce1-4590-a75d-41eece7b3937","full":26.4},"geometry":{"type":"Polygon","coordinates":[[[136.22944,36.17731],[136.23055,36.17729],[136.23054,36.17694],[136.22941,36.17696],[136.22942,36.17728],[136.22944,36.17729],[136.22944,36.17731]]]}},{"type":"Feature","properties":{"pid":"48a9b0bc-28f1-4e4b-9207-99869ea372c3","full":30.2},"geometry":{"type":"Polygon","coordinates":[[[136.22941,36.17694],[136.23054,36.17693],[136.23053,36.17655],[136.22943,36.17656],[136.22943,36.17658],[136.2294,36.17659],[136.22941,36.17694]]]}},{"type":"Feature","properties":{"pid":"0b5bb03f-dd9b-49f8-b061-540f024e373b","full":32.8},"geometry":{"type":"Polygon","coordinates":[[[136.23059,36.17652],[136.2306,36.17693],[136.23171,36.17692],[136.2317,36.1765],[136.23059,36.17652]]]}},{"type":"Feature","properties":{"pid":"13a9b2bc-bfb9-4be0-8a91-9c9b590fc6d4","full":44.1},"geometry":{"type":"Polygon","coordinates":[[[136.23056,36.1775],[136.22942,36.17752],[136.22942,36.17803],[136.22944,36.17804],[136.23055,36.17802],[136.23056,36.17799],[136.23056,36.1775]]]}},{"type":"Feature","properties":{"pid":"bc0df9b8-eb8e-4c53-bb3a-3a6b5899f8e3","full":42.4},"geometry":{"type":"Polygon","coordinates":[[[136.22946,36.1786],[136.23057,36.17858],[136.23055,36.17809],[136.23053,36.17808],[136.22943,36.17809],[136.22943,36.17857],[136.22946,36.17858],[136.22946,36.1786]]]}},{"type":"Feature","properties":{"pid":"49107a25-8f2a-46a5-a9a9-9ee3fdd401e7","full":30.3},"geometry":{"type":"Polygon","coordinates":[[[136.23058,36.17901],[136.23056,36.17863],[136.22946,36.17864],[136.22943,36.17863],[136.22942,36.17865],[136.22943,36.17901],[136.22944,36.17902],[136.23058,36.17901]]]}},{"type":"Feature","properties":{"pid":"5712d985-f004-4134-9c94-63a74a4cac8d","full":27.7},"geometry":{"type":"Polygon","coordinates":[[[136.22849,36.17904],[136.22894,36.17903],[136.22893,36.17813],[136.22847,36.17814],[136.22849,36.17904]]]}},{"type":"Feature","properties":{"pid":"37bc2699-3946-40b6-9aaa-fde510ef7a42","full":23.6},"geometry":{"type":"Polygon","coordinates":[[[136.22894,36.17813],[136.22895,36.17903],[136.22938,36.17902],[136.22939,36.17901],[136.22938,36.17865],[136.22937,36.17863],[136.22934,36.17863],[136.22933,36.17861],[136.22932,36.17813],[136.22931,36.17813],[136.22894,36.17813]]]}},{"type":"Feature","properties":{"pid":"c205bb8a-63e3-4ca0-8ee2-fb6f3f793330","full":77.7},"geometry":{"type":"Polygon","coordinates":[[[136.22845,36.17697],[136.22845,36.17805],[136.22936,36.17804],[136.22933,36.17696],[136.22845,36.17697]]]}},{"type":"Feature","properties":{"pid":"7c134a2e-62db-45c5-9785-a50ea4975728","full":4.8},"geometry":{"type":"Polygon","coordinates":[[[136.22729,36.17758],[136.22729,36.17773],[136.22832,36.17771],[136.22835,36.17769],[136.22835,36.17757],[136.22729,36.17758]]]}},{"type":"Feature","properties":{"pid":"b3f360e7-0ebf-4b47-8f79-51d414ec073f","full":23.5},"geometry":{"type":"Polygon","coordinates":[[[136.22729,36.17773],[136.22728,36.17801],[136.2273,36.17806],[136.22832,36.17805],[136.22832,36.17804],[136.22835,36.17803],[136.22835,36.17771],[136.22729,36.17773]]]}},{"type":"Feature","properties":{"pid":"b7cbec03-cb06-4ca3-983f-6aebfa274281","full":37.0},"geometry":{"type":"Polygon","coordinates":[[[136.22848,36.17904],[136.22846,36.17814],[136.22789,36.17815],[136.22791,36.17904],[136.22848,36.17904]]]}},{"type":"Feature","properties":{"pid":"0fe6bc53-df02-468f-9697-84878577d03c","full":28.0},"geometry":{"type":"Polygon","coordinates":[[[136.2259,36.17907],[136.22703,36.17905],[136.22702,36.17875],[136.22703,36.17867],[136.22618,36.17863],[136.2259,36.17907]]]}},{"type":"Feature","properties":{"pid":"6d061fce-48c1-40f9-8a03-d491c569f0d7","full":5.2},"geometry":{"type":"Polygon","coordinates":[[[136.22625,36.1786],[136.22663,36.17862],[136.22665,36.17862],[136.22703,36.17865],[136.22704,36.1785],[136.22701,36.17848],[136.22701,36.17847],[136.22631,36.17844],[136.22621,36.17858],[136.22622,36.17859],[136.22625,36.1786]]]}},{"type":"Feature","properties":{"pid":"b0767dc5-2428-4a23-877d-c374581c1b24","full":7.6},"geometry":{"type":"Polygon","coordinates":[[[136.22586,36.17817],[136.22585,36.17848],[136.22585,36.17853],[136.22584,36.17854],[136.22613,36.17854],[136.22628,36.17829],[136.22631,36.17822],[136.2263,36.17817],[136.22586,36.17817]]]}},{"type":"Feature","properties":{"pid":"e2b6bbe5-c2d9-4541-aef5-289fb9a279d5","full":6.4},"geometry":{"type":"Polygon","coordinates":[[[136.22586,36.17816],[136.22631,36.17817],[136.22634,36.17792],[136.22633,36.17791],[136.22632,36.1779],[136.22587,36.17789],[136.22586,36.17816]]]}},{"type":"Feature","properties":{"pid":"66380038-e03f-48b1-8a81-70ceadd8e7c2","full":16.9},"geometry":{"type":"Polygon","coordinates":[[[136.22643,36.17804],[136.22639,36.17827],[136.22636,36.17834],[136.2263,36.17844],[136.22701,36.17846],[136.22701,36.17845],[136.22705,36.17845],[136.22706,36.17824],[136.22707,36.17814],[136.22705,36.17814],[136.22705,36.17807],[136.22643,36.17804]]]}},{"type":"Feature","properties":{"pid":"aa2c7f0c-8adb-4c24-b088-b12e4e2354b2","full":4.8},"geometry":{"type":"Polygon","coordinates":[[[136.22705,36.17807],[136.22706,36.1779],[136.22704,36.17789],[136.22705,36.17788],[136.22645,36.17785],[136.22643,36.17804],[136.22705,36.17807]]]}},{"type":"Feature","properties":{"pid":"dedb453f-6b2a-4a97-b5e0-e4be281f3973","full":6.6},"geometry":{"type":"Polygon","coordinates":[[[136.22704,36.17788],[136.22705,36.17787],[136.22706,36.17786],[136.22706,36.17767],[136.22703,36.17767],[136.22702,36.17765],[136.22648,36.17762],[136.22645,36.17785],[136.22704,36.17788]]]}},{"type":"Feature","properties":{"pid":"76558216-4377-48df-be1a-da319acaa4fb","full":6.0},"geometry":{"type":"Polygon","coordinates":[[[136.22707,36.17765],[136.22707,36.17745],[136.22705,36.17745],[136.22705,36.17743],[136.22651,36.1774],[136.22648,36.17762],[136.22707,36.17765]]]}},{"type":"Feature","properties":{"pid":"5c03ab7f-6988-4ef6-b39b-98e1e27c5f9c","full":4.6},"geometry":{"type":"Polygon","coordinates":[[[136.22587,36.17788],[136.22632,36.17789],[136.22632,36.17787],[136.22635,36.17787],[136.22637,36.17768],[136.22588,36.17767],[136.22587,36.17788]]]}},{"type":"Feature","properties":{"pid":"66923d33-b176-4035-b118-da2ccff42acc","full":22.8},"geometry":{"type":"Polygon","coordinates":[[[136.22637,36.17767],[136.22645,36.17703],[136.22589,36.17703],[136.22589,36.17705],[136.22588,36.17767],[136.22637,36.17767]]]}},{"type":"Feature","properties":{"pid":"507f7c45-3500-45df-88dd-1d3ba3c1b74a","full":12.5},"geometry":{"type":"Polygon","coordinates":[[[136.22591,36.17664],[136.22589,36.177],[136.22645,36.17701],[136.2265,36.17665],[136.22591,36.17664]]]}},{"type":"Feature","properties":{"pid":"eeb0717c-8834-425c-82fc-47014d1d9aa4","full":8.3},"geometry":{"type":"Polygon","coordinates":[[[136.22659,36.17672],[136.22655,36.17701],[136.22708,36.177],[136.2271,36.1767],[136.22659,36.17672]]]}},{"type":"Feature","properties":{"pid":"570786b6-a306-4ba5-ad97-fc67bf430665","full":12.8},"geometry":{"type":"Polygon","coordinates":[[[136.22651,36.1774],[136.22704,36.17743],[136.22705,36.17741],[136.22708,36.17741],[136.22708,36.17702],[136.22681,36.17704],[136.22656,36.17704],[136.22653,36.17721],[136.22652,36.17723],[136.22651,36.1774]]]}},{"type":"Feature","properties":{"pid":"e7847747-c71f-41f4-a00c-1a9aca2f3cb9","full":18.7},"geometry":{"type":"Polygon","coordinates":[[[136.2273,36.17727],[136.22831,36.17727],[136.22831,36.17724],[136.22834,36.17724],[136.22833,36.17697],[136.2273,36.17698],[136.2273,36.17727]]]}},{"type":"Feature","properties":{"pid":"664945df-0d8c-48ed-86c2-a1fe004f8a35","full":19.9},"geometry":{"type":"Polygon","coordinates":[[[136.22835,36.17727],[136.22729,36.17728],[136.22729,36.17758],[136.22835,36.17757],[136.22835,36.17727]]]}},{"type":"Feature","properties":{"pid":"862cd8f0-04e3-4e0d-9f81-ee6c86476b3c","full":18.9},"geometry":{"type":"Polygon","coordinates":[[[136.22832,36.17696],[136.22832,36.17666],[136.22732,36.17667],[136.2273,36.17697],[136.22832,36.17696]]]}},{"type":"Feature","properties":{"pid":"890a0807-7669-4ca0-ad5e-e9342ed493d0","full":55.9},"geometry":{"type":"Polygon","coordinates":[[[136.22832,36.17666],[136.22831,36.17591],[136.22738,36.17592],[136.22732,36.17666],[136.22832,36.17666]]]}},{"type":"Feature","properties":{"pid":"9534ac4f-5a44-486d-980d-bc188c76fbd7","full":3.0},"geometry":{"type":"Polygon","coordinates":[[[136.22715,36.17608],[136.22716,36.17599],[136.22718,36.17597],[136.22709,36.1759],[136.22668,36.17589],[136.22666,36.17606],[136.22715,36.17608]]]}},{"type":"Feature","properties":{"pid":"e8ccc113-eee0-4565-ab9e-0e7e616b1c4c","full":8.4},"geometry":{"type":"Polygon","coordinates":[[[136.22709,36.17668],[136.22711,36.17665],[136.22712,36.17638],[136.22662,36.17642],[136.22659,36.17671],[136.22709,36.17668]]]}},{"type":"Feature","properties":{"pid":"082c2805-fe7b-46e4-af53-38f926e00c7b","full":8.0},"geometry":{"type":"Polygon","coordinates":[[[136.22712,36.17637],[136.22714,36.1761],[136.22666,36.17608],[136.22662,36.17641],[136.22712,36.17637]]]}},{"type":"Feature","properties":{"pid":"662d0c3f-48d2-4bf6-9b61-216d74c74a10","full":11.9},"geometry":{"type":"Polygon","coordinates":[[[136.22591,36.17663],[136.2265,36.17664],[136.22654,36.17632],[136.22592,36.1763],[136.22591,36.17663]]]}},{"type":"Feature","properties":{"pid":"0663164d-1b07-45cb-923b-480197b8f9ee","full":16.3},"geometry":{"type":"Polygon","coordinates":[[[136.22592,36.17628],[136.22649,36.17629],[136.2265,36.17627],[136.22654,36.17627],[136.22658,36.17589],[136.22594,36.17589],[136.22594,36.17592],[136.22593,36.17593],[136.22592,36.17628]]]}},{"type":"Feature","properties":{"pid":"77f3fa80-c864-4bfb-a3ae-0003e88a509a","full":4.4},"geometry":{"type":"Polygon","coordinates":[[[136.22533,36.17606],[136.22588,36.17607],[136.22589,36.17588],[136.22533,36.17587],[136.22533,36.17606]]]}},{"type":"Feature","properties":{"pid":"9105ea71-5eda-495f-849c-fbdfa1ff41fe","full":2.6},"geometry":{"type":"Polygon","coordinates":[[[136.22471,36.17614],[136.22527,36.17614],[136.22527,36.1759],[136.22506,36.1759],[136.22501,36.1761],[136.22486,36.17606],[136.22487,36.17589],[136.22471,36.17589],[136.22471,36.17614]]]}},{"type":"Feature","properties":{"pid":"682e977e-18d8-48cf-a9f6-bd8d53ab20ac","full":3.8},"geometry":{"type":"Polygon","coordinates":[[[136.22587,36.17663],[136.22588,36.17645],[136.22532,36.17644],[136.22531,36.17662],[136.22587,36.17663]]]}},{"type":"Feature","properties":{"pid":"81e00973-77cc-41c2-bca5-1705424e0230","full":12.4},"geometry":{"type":"Polygon","coordinates":[[[136.22588,36.17644],[136.22589,36.17608],[136.22533,36.17606],[136.22532,36.17643],[136.22588,36.17644]]]}},{"type":"Feature","properties":{"pid":"99cfcfc2-7ddb-49d7-a000-a5f3f8dfe328","full":12.4},"geometry":{"type":"Polygon","coordinates":[[[136.22531,36.17663],[136.2253,36.17699],[136.22586,36.177],[136.22587,36.17663],[136.22531,36.17663]]]}},{"type":"Feature","properties":{"pid":"a2131d82-49cc-4aae-8e4d-1a692cc552b2","full":63.5},"geometry":{"type":"Polygon","coordinates":[[[136.22586,36.17703],[136.2253,36.17702],[136.22526,36.17852],[136.22581,36.17853],[136.22582,36.17853],[136.22586,36.17703]]]}},{"type":"Feature","properties":{"pid":"0149b1a3-d178-4d34-b96f-d36b91ba22e5","full":22.0},"geometry":{"type":"Polygon","coordinates":[[[136.22533,36.17858],[136.2247,36.17859],[136.2247,36.17877],[136.22468,36.17909],[136.22535,36.17908],[136.22533,36.17858]]]}},{"type":"Feature","properties":{"pid":"5d9c339d-9772-4735-9810-85411e0a2ac5","full":20.1},"geometry":{"type":"Polygon","coordinates":[[[136.22536,36.17908],[136.22582,36.17907],[136.22612,36.1786],[136.22608,36.17858],[136.22534,36.17858],[136.22536,36.17908]]]}},{"type":"Feature","properties":{"pid":"4629fe61-49e3-4291-9d61-5d20042cefca","full":88.4},"geometry":{"type":"Polygon","coordinates":[[[136.22576,36.18004],[136.22574,36.17916],[136.22575,36.17915],[136.22573,36.17912],[136.22468,36.17914],[136.22467,36.1792],[136.22455,36.17953],[136.22456,36.18002],[136.22456,36.18004],[136.22462,36.18006],[136.22465,36.18006],[136.22576,36.18004]]]}},{"type":"Feature","properties":{"pid":"1d70db35-fb45-4e28-9125-12b390b4db2c","full":40.0},"geometry":{"type":"Polygon","coordinates":[[[136.22518,36.18101],[136.22577,36.181],[136.22575,36.18009],[136.22515,36.1801],[136.22518,36.18101]]]}},{"type":"Feature","properties":{"pid":"29373864-d8da-4010-b2f1-4af750c834e2","full":16.0},"geometry":{"type":"Polygon","coordinates":[[[136.22486,36.18102],[136.22516,36.18101],[136.22514,36.1801],[136.22483,36.18011],[136.22486,36.18102]]]}},{"type":"Feature","properties":{"pid":"2519c473-9a86-4b8b-a854-3ef3b66e60b3","full":17.4},"geometry":{"type":"Polygon","coordinates":[[[136.22523,36.18107],[136.22491,36.18107],[136.22493,36.18198],[136.22525,36.18197],[136.22523,36.18107]]]}},{"type":"Feature","properties":{"pid":"fe64aa8a-fea5-47b3-acfc-799d49a18598","full":34.5},"geometry":{"type":"Polygon","coordinates":[[[136.22526,36.18198],[136.22573,36.18196],[136.22578,36.18195],[136.22578,36.18108],[136.22575,36.18106],[136.22524,36.18107],[136.22526,36.18198]]]}},{"type":"Feature","properties":{"pid":"80786c73-2174-458b-9aa6-5ed94fe3ece5","full":46.4},"geometry":{"type":"Polygon","coordinates":[[[136.22547,36.18203],[136.22535,36.18203],[136.22479,36.18204],[136.22481,36.18293],[136.22483,36.18293],[136.22483,36.18295],[136.22548,36.18294],[136.22547,36.18203]]]}},{"type":"Feature","properties":{"pid":"1a9d26a8-f450-4e8a-95b7-a038822e89c6","full":17.6},"geometry":{"type":"Polygon","coordinates":[[[136.22549,36.18294],[136.22579,36.18293],[136.22582,36.18291],[136.2258,36.18203],[136.22548,36.18203],[136.22549,36.18294]]]}},{"type":"Feature","properties":{"pid":"7b79a3bf-4ffc-4873-a9cf-37a6434edebd","full":5.5},"geometry":{"type":"Polygon","coordinates":[[[136.22607,36.18202],[136.22589,36.18202],[136.22591,36.18293],[136.22608,36.18293],[136.22607,36.18202]]]}},{"type":"Feature","properties":{"pid":"ad0f17be-d1e8-45cc-b42e-61c18d4de6d0","full":3.5},"geometry":{"type":"Polygon","coordinates":[[[136.22655,36.18201],[136.2264,36.18201],[136.22642,36.18293],[136.22657,36.18292],[136.22655,36.18201]]]}},{"type":"Feature","properties":{"pid":"155c6033-1d00-41fb-abcf-474d4d2b653f","full":3.0},"geometry":{"type":"Polygon","coordinates":[[[136.22639,36.18201],[136.22624,36.18202],[136.22626,36.18293],[136.22641,36.18293],[136.22639,36.18201]]]}},{"type":"Feature","properties":{"pid":"2b11d9c7-0674-41bf-a268-5af1056951fe","full":4.1},"geometry":{"type":"Polygon","coordinates":[[[136.22624,36.18202],[136.22608,36.18202],[136.22608,36.18293],[136.22625,36.18293],[136.22624,36.18202]]]}},{"type":"Feature","properties":{"pid":"d84e50f3-db47-4b82-82ee-33bee6459ce1","full":12.4},"geometry":{"type":"Polygon","coordinates":[[[136.22683,36.18201],[136.22656,36.18201],[136.22658,36.18292],[136.22684,36.18292],[136.22683,36.18201]]]}},{"type":"Feature","properties":{"pid":"7189ad38-f72f-408f-95b6-c959cde9aa98","full":2.1},"geometry":{"type":"Polygon","coordinates":[[[136.22697,36.182],[136.22683,36.18201],[136.22685,36.18292],[136.22699,36.18292],[136.22697,36.182]]]}},{"type":"Feature","properties":{"pid":"8df9f5cf-e403-4e06-b8a6-579608ac6df0","full":37.7},"geometry":{"type":"Polygon","coordinates":[[[136.22703,36.18292],[136.22773,36.1829],[136.22752,36.18235],[136.22739,36.18199],[136.22698,36.18201],[136.22699,36.18289],[136.22703,36.18289],[136.22703,36.18292]]]}},{"type":"Feature","properties":{"pid":"b6aeb482-5742-4ff3-ac31-6d2608cf7eea","full":36.6},"geometry":{"type":"Polygon","coordinates":[[[136.22829,36.18289],[136.2283,36.18286],[136.22833,36.18286],[136.22831,36.18199],[136.22759,36.18199],[136.22772,36.18236],[136.22774,36.18239],[136.22781,36.18258],[136.22794,36.1829],[136.22829,36.18289]]]}},{"type":"Feature","properties":{"pid":"a7b6a7df-ce55-46be-b498-9239f9e4aa29","full":3.3},"geometry":{"type":"Polygon","coordinates":[[[136.22834,36.18289],[136.22846,36.18289],[136.22847,36.18287],[136.22849,36.18287],[136.22848,36.18198],[136.22833,36.18199],[136.22834,36.18289]]]}},{"type":"Feature","properties":{"pid":"7c56b42a-aeae-4016-ac00-c00484425ebe","full":26.1},"geometry":{"type":"Polygon","coordinates":[[[136.22785,36.18194],[136.22783,36.18106],[136.22781,36.18105],[136.22781,36.18103],[136.22725,36.18104],[136.22757,36.18194],[136.22785,36.18194]]]}},{"type":"Feature","properties":{"pid":"900f30e7-e054-45ee-841d-676622caacc8","full":34.6},"geometry":{"type":"Polygon","coordinates":[[[136.22786,36.18194],[136.2284,36.18193],[136.22838,36.18104],[136.22836,36.18103],[136.22836,36.18102],[136.22784,36.18103],[136.22786,36.18194]]]}},{"type":"Feature","properties":{"pid":"cbf43c92-74ac-4114-9a55-1fec2abdf8c8","full":21.5},"geometry":{"type":"Polygon","coordinates":[[[136.22683,36.18103],[136.22684,36.18195],[136.22734,36.18195],[136.22734,36.18191],[136.22736,36.18191],[136.22711,36.18119],[136.22708,36.18111],[136.22707,36.18103],[136.22683,36.18103]]]}},{"type":"Feature","properties":{"pid":"5ed63533-7e8c-4da0-8a21-c0585b82bdb6","full":68.6},"geometry":{"type":"Polygon","coordinates":[[[136.22683,36.18195],[136.22682,36.18103],[136.22587,36.18105],[136.22589,36.18197],[136.22683,36.18195]]]}},{"type":"Feature","properties":{"pid":"86007bfc-8d1f-4ace-938b-f5ab22df76f2","full":53.6},"geometry":{"type":"Polygon","coordinates":[[[136.22631,36.18099],[136.22707,36.18098],[136.22705,36.18007],[136.22629,36.18008],[136.22631,36.18099]]]}},{"type":"Feature","properties":{"pid":"fa8de27c-c924-49f6-8ae7-76ef261f7f13","full":24.7},"geometry":{"type":"Polygon","coordinates":[[[136.22629,36.18099],[136.22627,36.18008],[136.22586,36.18009],[136.22588,36.18099],[136.2259,36.181],[136.22629,36.18099]]]}},{"type":"Feature","properties":{"pid":"528cee5a-5f21-47a1-b991-5c87c8d23a66","full":45.2},"geometry":{"type":"Polygon","coordinates":[[[136.22652,36.18002],[136.22651,36.17914],[136.22649,36.17914],[136.22649,36.17912],[136.22587,36.17912],[136.22585,36.17914],[136.22584,36.1792],[136.22586,36.18003],[136.22652,36.18002]]]}},{"type":"Feature","properties":{"pid":"7e3191ea-2d4b-478c-9079-1e7afe36c800","full":33.0},"geometry":{"type":"Polygon","coordinates":[[[136.22705,36.18002],[136.22703,36.17911],[136.22655,36.17911],[136.22655,36.17914],[136.22652,36.17914],[136.22652,36.18003],[136.22705,36.18002]]]}},{"type":"Feature","properties":{"pid":"19dde776-eb46-4680-93d8-dc57ea8f8c0e","full":78.9},"geometry":{"type":"Polygon","coordinates":[[[136.22832,36.18001],[136.22831,36.1791],[136.22829,36.1791],[136.22829,36.17909],[136.22724,36.17911],[136.22726,36.18002],[136.22832,36.18001]]]}},{"type":"Feature","properties":{"pid":"57a08701-48c3-4261-9a15-560d086534b0","full":17.0},"geometry":{"type":"Polygon","coordinates":[[[136.22866,36.18096],[136.22864,36.18003],[136.22832,36.18004],[136.22834,36.18094],[136.22836,36.18094],[136.22836,36.18096],[136.22866,36.18096]]]}},{"type":"Feature","properties":{"pid":"462621c4-4b79-4d14-863d-d6ae725df644","full":8.6},"geometry":{"type":"Polygon","coordinates":[[[136.22834,36.18096],[136.22832,36.18004],[136.2281,36.18004],[136.22812,36.18095],[136.22814,36.18095],[136.22815,36.18096],[136.22834,36.18096]]]}},{"type":"Feature","properties":{"pid":"2d7c5df7-825d-41ed-b3d1-60a5d0fd9e3d","full":28.0},"geometry":{"type":"Polygon","coordinates":[[[136.22771,36.18005],[136.22739,36.18005],[136.22726,36.18007],[136.22727,36.18097],[136.2277,36.18097],[136.2277,36.18096],[136.22772,36.18096],[136.22771,36.18005]]]}},{"type":"Feature","properties":{"pid":"b827499d-be96-42ac-8804-71ebab848edd","full":22.8},"geometry":{"type":"Polygon","coordinates":[[[136.22812,36.18096],[136.2281,36.18004],[136.22771,36.18005],[136.22773,36.18095],[136.22775,36.18095],[136.22774,36.18097],[136.22812,36.18096]]]}},{"type":"Feature","properties":{"pid":"a7d6e2b6-e80b-42f7-8dc4-73cdff5aeebb","full":37.4},"geometry":{"type":"Polygon","coordinates":[[[136.23003,36.18094],[136.23002,36.18002],[136.22947,36.18003],[136.22945,36.18003],[136.22946,36.18075],[136.22947,36.18076],[136.22948,36.18095],[136.23003,36.18094]]]}},{"type":"Feature","properties":{"pid":"aa7fe8f7-0dd2-481f-8be8-680932969a89","full":32.4},"geometry":{"type":"Polygon","coordinates":[[[136.22893,36.18095],[136.2294,36.18095],[136.22942,36.18093],[136.22942,36.18076],[136.22943,36.18075],[136.22941,36.18002],[136.22891,36.18003],[136.22893,36.18095]]]}},{"type":"Feature","properties":{"pid":"840c5d5b-f64e-4b08-bf6a-7073fbce3c98","full":11.0},"geometry":{"type":"Polygon","coordinates":[[[136.22865,36.18004],[136.22867,36.18094],[136.22869,36.18094],[136.22869,36.18096],[136.22891,36.18095],[136.2289,36.18004],[136.22865,36.18004]]]}},{"type":"Feature","properties":{"pid":"04c24d14-48a5-49bf-af0c-c75bd83aaca3","full":80.1},"geometry":{"type":"Polygon","coordinates":[[[136.22833,36.18001],[136.22936,36.17999],[136.22941,36.18],[136.22939,36.17908],[136.22831,36.17909],[136.22833,36.18001]]]}},{"type":"Feature","properties":{"pid":"0027e0eb-bddc-455f-b6ca-0089fbbc083d","full":0.7},"geometry":{"type":"Polygon","coordinates":[[[136.22976,36.17999],[136.22976,36.18],[136.22988,36.17999],[136.22986,36.17909],[136.22984,36.17908],[136.22984,36.17907],[136.22974,36.17907],[136.22976,36.17999]]]}},{"type":"Feature","properties":{"pid":"762d6e21-5aee-4a7f-83f5-2c69cddeb105","full":15.6},"geometry":{"type":"Polygon","coordinates":[[[136.22975,36.18],[136.22973,36.17907],[136.22943,36.17907],[136.22945,36.18],[136.22975,36.18]]]}},{"type":"Feature","properties":{"pid":"bfcf5be1-822c-4118-a8e9-96c9122616c9","full":18.7},"geometry":{"type":"Polygon","coordinates":[[[136.23023,36.17999],[136.23021,36.17909],[136.23018,36.17909],[136.23017,36.17907],[136.22988,36.17908],[136.22989,36.17998],[136.23023,36.17999]]]}},{"type":"Feature","properties":{"pid":"dd5cb353-5f92-4775-92cc-0093609a8811","full":20.1},"geometry":{"type":"Polygon","coordinates":[[[136.23024,36.17999],[136.23049,36.17998],[136.2306,36.17998],[136.23058,36.17906],[136.23022,36.17907],[136.23024,36.17999]]]}},{"type":"Feature","properties":{"pid":"65ae3cb7-ed58-4028-b615-796da4dcedfd","full":37.2},"geometry":{"type":"Polygon","coordinates":[[[136.23006,36.18093],[136.23033,36.18094],[136.23062,36.18093],[136.23063,36.18093],[136.23062,36.18092],[136.23061,36.18091],[136.2306,36.18002],[136.23059,36.18001],[136.23003,36.18003],[136.23006,36.18093]]]}},{"type":"Feature","properties":{"pid":"eeadcae4-8cc5-43c6-821a-16550eb15ee3","full":62.6},"geometry":{"type":"Polygon","coordinates":[[[136.23049,36.1819],[136.23135,36.1819],[136.23135,36.181],[136.23132,36.181],[136.23132,36.18098],[136.23069,36.18098],[136.2306,36.181],[136.23047,36.181],[136.23049,36.1819]]]}},{"type":"Feature","properties":{"pid":"88350b76-5b37-42a2-9d5c-ea7f6f9d85f2","full":41.8},"geometry":{"type":"Polygon","coordinates":[[[136.23048,36.1819],[136.23045,36.18099],[136.22982,36.18101],[136.22985,36.18191],[136.23048,36.1819]]]}},{"type":"Feature","properties":{"pid":"2184b9c1-550a-4b3b-bc29-4f5d76691499","full":46.3},"geometry":{"type":"Polygon","coordinates":[[[136.22909,36.18192],[136.22907,36.18103],[136.22904,36.18103],[136.22904,36.18102],[136.22839,36.18103],[136.22841,36.18193],[136.22909,36.18192]]]}},{"type":"Feature","properties":{"pid":"081fb4c0-e096-466c-a437-057bdba1efe6","full":19.1},"geometry":{"type":"Polygon","coordinates":[[[136.2291,36.18192],[136.22941,36.18191],[136.22943,36.18189],[136.22944,36.18187],[136.22943,36.18102],[136.22942,36.18101],[136.22908,36.18101],[136.2291,36.18192]]]}},{"type":"Feature","properties":{"pid":"c813f99c-19f1-4a35-8154-6f55c28eb7b6","full":18.8},"geometry":{"type":"Polygon","coordinates":[[[136.22983,36.18191],[136.22981,36.18101],[136.22947,36.18101],[136.22949,36.18191],[136.22983,36.18191]]]}},{"type":"Feature","properties":{"pid":"a307c284-b20e-4a00-b1f1-574fa4a14397","full":37.5},"geometry":{"type":"Polygon","coordinates":[[[136.2289,36.18289],[136.22945,36.18288],[136.22946,36.18286],[136.22944,36.18195],[136.22937,36.18196],[136.22888,36.18197],[136.2289,36.18289]]]}},{"type":"Feature","properties":{"pid":"10903fac-015e-44cf-a75d-b94601b1d82a","full":22.6},"geometry":{"type":"Polygon","coordinates":[[[136.22853,36.18289],[136.22889,36.18289],[136.22887,36.18198],[136.22849,36.18198],[136.2285,36.18287],[136.22853,36.18288],[136.22853,36.18289]]]}},{"type":"Feature","properties":{"pid":"9ac93edc-c005-4f48-b8b0-c1e40fd9799e","full":20.5},"geometry":{"type":"Polygon","coordinates":[[[136.22985,36.18197],[136.22949,36.18197],[136.22951,36.18284],[136.22951,36.18286],[136.22953,36.18288],[136.22987,36.18288],[136.22985,36.18197]]]}},{"type":"Feature","properties":{"pid":"0ee3696f-e16e-4a4c-93fe-2c2e82f77828","full":52.4},"geometry":{"type":"Polygon","coordinates":[[[136.23064,36.18286],[136.23062,36.18195],[136.22986,36.18197],[136.22988,36.18286],[136.22991,36.18285],[136.22991,36.18288],[136.23064,36.18286]]]}},{"type":"Feature","properties":{"pid":"557ed40c-4566-48fb-902a-6346d551a35f","full":25.6},"geometry":{"type":"Polygon","coordinates":[[[136.23008,36.18293],[136.22972,36.18294],[136.22972,36.18296],[136.2297,36.18296],[136.22972,36.18397],[136.2301,36.18397],[136.23008,36.18293]]]}},{"type":"Feature","properties":{"pid":"a5690754-996e-41bf-b7e9-2283df39d1f4","full":73.6},"geometry":{"type":"Polygon","coordinates":[[[136.23011,36.18397],[136.23038,36.18396],[136.231,36.18395],[136.23101,36.18389],[136.23099,36.18297],[136.23098,36.18293],[136.23009,36.18294],[136.23011,36.18397]]]}},{"type":"Feature","properties":{"pid":"a80aff60-4086-4581-836d-d47b277abee0","full":9.7},"geometry":{"type":"Polygon","coordinates":[[[136.23053,36.18497],[136.23076,36.18497],[136.23075,36.18407],[136.23052,36.18406],[136.23053,36.18497]]]}},{"type":"Feature","properties":{"pid":"ec0a6c66-7458-4476-a5cf-5cb8dfe96435","full":29.6},"geometry":{"type":"Polygon","coordinates":[[[136.23053,36.18497],[136.23051,36.18406],[136.23004,36.18407],[136.23005,36.18496],[136.23009,36.18496],[136.23009,36.18498],[136.23053,36.18497]]]}},{"type":"Feature","properties":{"pid":"e2ce1489-9eb1-4057-83ee-535259a252af","full":11.4},"geometry":{"type":"Polygon","coordinates":[[[136.23004,36.18496],[136.23003,36.18407],[136.22997,36.18407],[136.22993,36.18409],[136.22978,36.1841],[136.22979,36.18498],[136.23001,36.18498],[136.23001,36.18496],[136.23004,36.18496]]]}},{"type":"Feature","properties":{"pid":"442a5d73-351b-479a-9786-8b67aca1be00","full":17.4},"geometry":{"type":"Polygon","coordinates":[[[136.22956,36.18407],[136.22924,36.18407],[136.22926,36.18499],[136.22958,36.18499],[136.22956,36.18407]]]}},{"type":"Feature","properties":{"pid":"c5205f11-0cc6-4527-a1f2-4a3e092fa38b","full":6.8},"geometry":{"type":"Polygon","coordinates":[[[136.22925,36.18499],[136.22923,36.18407],[136.22904,36.18407],[136.22906,36.185],[136.22925,36.18499]]]}},{"type":"Feature","properties":{"pid":"535f3128-0e05-4b7c-b594-8f7f0cf8c6b9","full":6.4},"geometry":{"type":"Polygon","coordinates":[[[136.22886,36.18499],[136.22893,36.18499],[136.22893,36.18498],[136.22895,36.18497],[136.22905,36.18498],[136.22903,36.18407],[136.22884,36.18408],[136.22886,36.18499]]]}},{"type":"Feature","properties":{"pid":"66d504b0-c530-4f09-acef-d63d92197f70","full":18.2},"geometry":{"type":"Polygon","coordinates":[[[136.22885,36.18499],[136.22882,36.18408],[136.22849,36.18409],[136.22852,36.185],[136.22885,36.18499]]]}},{"type":"Feature","properties":{"pid":"4b42a16d-43a6-4aff-a989-e0754567c527","full":38.3},"geometry":{"type":"Polygon","coordinates":[[[136.22899,36.18398],[136.22898,36.18296],[136.22895,36.18296],[136.22896,36.18295],[136.22846,36.18295],[136.22846,36.18299],[136.22848,36.18399],[136.22899,36.18398]]]}},{"type":"Feature","properties":{"pid":"3497e086-11d1-4f75-beea-5c7977124a15","full":4.0},"geometry":{"type":"Polygon","coordinates":[[[136.22901,36.18398],[136.22916,36.18398],[136.22914,36.18294],[136.22901,36.18294],[136.22901,36.18296],[136.22899,36.18296],[136.22901,36.18398]]]}},{"type":"Feature","properties":{"pid":"b7163443-caff-4ab5-96c3-c90a3a90df9e","full":11.0},"geometry":{"type":"Polygon","coordinates":[[[136.22918,36.18398],[136.2294,36.18398],[136.22939,36.18297],[136.22936,36.18297],[136.22936,36.18295],[136.22915,36.18295],[136.22918,36.18398]]]}},{"type":"Feature","properties":{"pid":"8fb8c598-0482-4ff5-bc54-26faacaba0c9","full":3.4},"geometry":{"type":"Polygon","coordinates":[[[136.22941,36.18398],[136.22956,36.18397],[136.22954,36.18294],[136.2294,36.18294],[136.22941,36.18398]]]}},{"type":"Feature","properties":{"pid":"60803d69-2e7a-4b83-8d34-59f6cec4a15a","full":2.6},"geometry":{"type":"Polygon","coordinates":[[[136.22971,36.18397],[136.22969,36.18294],[136.22955,36.18294],[136.22957,36.18397],[136.22971,36.18397]]]}},{"type":"Feature","properties":{"pid":"67007569-5626-497d-aedb-36b92b2d7ab4","full":10.0},"geometry":{"type":"Polygon","coordinates":[[[136.22785,36.18343],[136.22786,36.18335],[136.22785,36.18321],[136.22778,36.183],[136.22722,36.18301],[136.22723,36.18303],[136.22737,36.18304],[136.22738,36.18307],[136.22747,36.1833],[136.2275,36.18332],[136.22751,36.18338],[136.22754,36.18348],[136.22785,36.18343]]]}},{"type":"Feature","properties":{"pid":"4c9d95ce-fdc5-434c-8dd5-ce6d5dd6e107","full":6.4},"geometry":{"type":"Polygon","coordinates":[[[136.22637,36.18328],[136.22637,36.18315],[136.22635,36.18315],[136.22635,36.1831],[136.22637,36.1831],[136.22637,36.183],[136.22634,36.18301],[136.22634,36.18299],[136.22596,36.18299],[136.22596,36.18302],[136.22593,36.18302],[136.22592,36.18328],[136.22637,36.18328]]]}},{"type":"Feature","properties":{"pid":"ae8ee46c-bdc0-4baa-8175-851c66ec3329","full":1.2},"geometry":{"type":"Polygon","coordinates":[[[136.22641,36.18312],[136.2269,36.18311],[136.2269,36.18301],[136.2267,36.18301],[136.22669,36.18298],[136.22641,36.18298],[136.22641,36.18312]]]}},{"type":"Feature","properties":{"pid":"41934c87-4d1d-44fd-8ee1-1451ddb6668d","full":0.8},"geometry":{"type":"Polygon","coordinates":[[[136.22641,36.18312],[136.22642,36.18324],[136.22691,36.18323],[136.2269,36.18313],[136.22689,36.18313],[136.22689,36.18312],[136.22641,36.18312]]]}},{"type":"Feature","properties":{"pid":"22bef3d6-633a-4826-8697-4f0f55471938","full":1.0},"geometry":{"type":"Polygon","coordinates":[[[136.22592,36.18332],[136.22592,36.18345],[136.22634,36.18344],[136.22636,36.18343],[136.22636,36.18332],[136.22592,36.18332]]]}},{"type":"Feature","properties":{"pid":"5452fc94-5cd3-48ed-ba25-18e7038644a8","full":1.2},"geometry":{"type":"Polygon","coordinates":[[[136.22585,36.18403],[136.22584,36.18418],[136.22625,36.18419],[136.22626,36.18408],[136.22585,36.18403]]]}},{"type":"Feature","properties":{"pid":"364bc2f9-41bc-4576-a6b9-8d6503d07e0a","full":3.0},"geometry":{"type":"Polygon","coordinates":[[[136.22774,36.18421],[136.22755,36.18421],[136.22751,36.18429],[136.22748,36.18456],[136.2277,36.18458],[136.22774,36.18421]]]}},{"type":"Feature","properties":{"pid":"03e518fb-7261-4c73-ba5f-9a7ddadaa65a","full":0.5},"geometry":{"type":"Polygon","coordinates":[[[136.22845,36.18502],[136.22845,36.1849],[136.22826,36.18489],[136.22825,36.18491],[136.22815,36.18491],[136.22814,36.18502],[136.22845,36.18502]]]}},{"type":"Feature","properties":{"pid":"11835ff2-517d-4773-916c-972d305a2ef5","full":4.1},"geometry":{"type":"Polygon","coordinates":[[[136.22605,36.18633],[136.22629,36.18634],[136.22623,36.18608],[136.22588,36.18608],[136.22588,36.18631],[136.22595,36.1863],[136.22605,36.18633]]]}},{"type":"Feature","properties":{"pid":"5688d150-5733-4cb2-980f-3572065985a7","full":0.6},"geometry":{"type":"Polygon","coordinates":[[[136.22662,36.18616],[136.22662,36.1862],[136.22683,36.18622],[136.22684,36.18619],[136.22695,36.18622],[136.22698,36.18615],[136.22668,36.18604],[136.22662,36.18616]]]}},{"type":"Feature","properties":{"pid":"e92e5a66-9a65-41e3-8f46-b03cff5e6378","full":2.0},"geometry":{"type":"Polygon","coordinates":[[[136.22712,36.18597],[136.22735,36.18605],[136.2274,36.1858],[136.2273,36.18579],[136.22715,36.18574],[136.22708,36.18589],[136.22714,36.18592],[136.22712,36.18597]]]}},{"type":"Feature","properties":{"pid":"09256ad6-071d-4c1b-be9b-6d228878731f","full":10.7},"geometry":{"type":"Polygon","coordinates":[[[136.22834,36.186],[136.22832,36.1851],[136.22808,36.18509],[136.2281,36.186],[136.22834,36.186]]]}},{"type":"Feature","properties":{"pid":"9c5306c9-7abd-4223-9969-fd67c648a8dc","full":4.7},"geometry":{"type":"Polygon","coordinates":[[[136.22835,36.186],[136.22852,36.186],[136.2285,36.1851],[136.22833,36.18509],[136.22835,36.186]]]}},{"type":"Feature","properties":{"pid":"52db8880-f92b-444f-aea9-6ab9f469a061","full":18.3},"geometry":{"type":"Polygon","coordinates":[[[136.2299,36.18598],[136.22989,36.18511],[136.22986,36.18509],[136.22986,36.18507],[136.22956,36.18508],[136.22956,36.18536],[136.22957,36.18598],[136.2299,36.18598]]]}},{"type":"Feature","properties":{"pid":"b06d3e6a-8230-4275-9843-2401f46d2431","full":5.1},"geometry":{"type":"Polygon","coordinates":[[[136.22935,36.18599],[136.2295,36.18598],[136.22953,36.18591],[136.22951,36.18508],[136.22934,36.18508],[136.22935,36.18599]]]}},{"type":"Feature","properties":{"pid":"342a01e6-446d-4b94-bee6-b3b19c2e6f06","full":3.9},"geometry":{"type":"Polygon","coordinates":[[[136.22919,36.18599],[136.22935,36.18599],[136.22933,36.1851],[136.2293,36.1851],[136.22929,36.18508],[136.22917,36.18508],[136.22919,36.18599]]]}},{"type":"Feature","properties":{"pid":"8fb7e53c-c5f2-4245-9c85-7fe8e4bdc908","full":4.6},"geometry":{"type":"Polygon","coordinates":[[[136.22901,36.186],[136.22918,36.18599],[136.22916,36.18512],[136.22913,36.18512],[136.22913,36.18508],[136.229,36.18508],[136.22901,36.186]]]}},{"type":"Feature","properties":{"pid":"1a701e24-b4d1-4e1f-9757-0be33d95bd98","full":4.6},"geometry":{"type":"Polygon","coordinates":[[[136.22884,36.18599],[136.22901,36.18599],[136.22899,36.18512],[136.22896,36.18512],[136.22896,36.18509],[136.22882,36.18509],[136.22884,36.18599]]]}},{"type":"Feature","properties":{"pid":"0f3c1037-922f-41d3-8a43-356ba3f1027a","full":15.4},"geometry":{"type":"Polygon","coordinates":[[[136.22853,36.186],[136.22883,36.186],[136.22881,36.18512],[136.22879,36.18512],[136.22878,36.18509],[136.22851,36.18509],[136.22853,36.186]]]}},{"type":"Feature","properties":{"pid":"f471b6d0-8efd-4c38-abd6-0b9f2bbe7edf","full":16.8},"geometry":{"type":"Polygon","coordinates":[[[136.23093,36.18596],[136.23125,36.18596],[136.23123,36.18508],[136.23121,36.18506],[136.23091,36.18506],[136.23093,36.18596]]]}},{"type":"Feature","properties":{"pid":"9c13218f-8199-4c29-853e-1c06f1801494","full":17.8},"geometry":{"type":"Polygon","coordinates":[[[136.23057,36.18507],[136.23059,36.18597],[136.23092,36.18597],[136.2309,36.1851],[136.23087,36.18509],[136.23087,36.18506],[136.23057,36.18507]]]}},{"type":"Feature","properties":{"pid":"af584180-11e2-4f92-ad85-0daf5146381a","full":18.2},"geometry":{"type":"Polygon","coordinates":[[[136.23025,36.18598],[136.23058,36.18597],[136.23056,36.18509],[136.23054,36.18508],[136.23054,36.18506],[136.23023,36.18507],[136.23025,36.18598]]]}},{"type":"Feature","properties":{"pid":"dc80eae2-3e4a-48c4-aac3-ae735f51f860","full":17.4},"geometry":{"type":"Polygon","coordinates":[[[136.22991,36.18598],[136.23024,36.18598],[136.23022,36.18507],[136.22991,36.18508],[136.22991,36.1851],[136.22989,36.1851],[136.22991,36.18598]]]}},{"type":"Feature","properties":{"pid":"09139af9-12ae-46e2-99a1-0f134d82843b","full":18.1},"geometry":{"type":"Polygon","coordinates":[[[136.23127,36.18693],[136.23125,36.18602],[136.23092,36.18603],[136.23092,36.18691],[136.23095,36.18691],[136.23095,36.18693],[136.23127,36.18693]]]}},{"type":"Feature","properties":{"pid":"ce37511f-00f1-45d6-96d6-39f181e5abb3","full":16.8},"geometry":{"type":"Polygon","coordinates":[[[136.23092,36.18693],[136.23091,36.18603],[136.23059,36.18603],[136.23061,36.18692],[136.23063,36.18692],[136.23063,36.18694],[136.23092,36.18693]]]}},{"type":"Feature","properties":{"pid":"f87ea8a8-cd61-46ba-89fb-cdbed8f8b63c","full":8.2},"geometry":{"type":"Polygon","coordinates":[[[136.2306,36.18694],[136.23058,36.18603],[136.23037,36.18603],[136.23039,36.18694],[136.2306,36.18694]]]}},{"type":"Feature","properties":{"pid":"72f8d8e1-f806-441e-b259-094bd74715bb","full":26.1},"geometry":{"type":"Polygon","coordinates":[[[136.23039,36.18694],[136.23036,36.18603],[136.22993,36.18604],[136.22995,36.18695],[136.23039,36.18694]]]}},{"type":"Feature","properties":{"pid":"fe82c73a-f83e-43fd-983a-c1847a8fb834","full":19.6},"geometry":{"type":"Polygon","coordinates":[[[136.22994,36.18695],[136.22992,36.18604],[136.22957,36.18604],[136.22959,36.18693],[136.22962,36.18693],[136.22962,36.18695],[136.22994,36.18695]]]}},{"type":"Feature","properties":{"pid":"462369c3-e070-4f39-8e92-491c2c9d9640","full":18.8},"geometry":{"type":"Polygon","coordinates":[[[136.2292,36.18696],[136.22954,36.18695],[136.22953,36.18607],[136.22949,36.18607],[136.22949,36.18605],[136.22919,36.18605],[136.2292,36.18696]]]}},{"type":"Feature","properties":{"pid":"c7f76818-a33b-40c2-b8da-65e835a40ec5","full":16.5},"geometry":{"type":"Polygon","coordinates":[[[136.2289,36.18696],[136.22919,36.18696],[136.22918,36.18605],[136.22886,36.18605],[136.22888,36.18693],[136.2289,36.18694],[136.2289,36.18696]]]}},{"type":"Feature","properties":{"pid":"e1e81166-d5e4-42e8-8470-09ac9bcfc09a","full":8.2},"geometry":{"type":"Polygon","coordinates":[[[136.22887,36.18696],[136.22885,36.18605],[136.22864,36.18606],[136.22866,36.18693],[136.22869,36.18693],[136.22869,36.18696],[136.22887,36.18696]]]}},{"type":"Feature","properties":{"pid":"7301cb01-e22e-4ac8-8d99-8e2fc13b6920","full":18.9},"geometry":{"type":"Polygon","coordinates":[[[136.22995,36.18792],[136.22994,36.18701],[136.2296,36.18701],[136.22961,36.18792],[136.22995,36.18792]]]}},{"type":"Feature","properties":{"pid":"1170366a-8ff2-438e-afa5-33e982ead118","full":15.1},"geometry":{"type":"Polygon","coordinates":[[[136.22923,36.18773],[136.22951,36.18792],[136.22955,36.18792],[136.22954,36.18702],[136.22951,36.187],[136.22922,36.187],[136.22923,36.18773]]]}},{"type":"Feature","properties":{"pid":"afb1901f-8a9d-4601-8260-8672cff4a7ad","full":21.4},"geometry":{"type":"Polygon","coordinates":[[[136.22921,36.18701],[136.22838,36.18702],[136.22825,36.18702],[136.22825,36.18703],[136.22877,36.18741],[136.22879,36.1874],[136.2288,36.18741],[136.22888,36.18746],[136.22922,36.18771],[136.22921,36.18701]]]}},{"type":"Feature","properties":{"pid":"cfcfe5ab-addf-408e-b9cc-2313d2815e46","full":4.6},"geometry":{"type":"Polygon","coordinates":[[[136.22931,36.1879],[136.22896,36.18763],[136.22882,36.18792],[136.2292,36.18803],[136.2292,36.18801],[136.22923,36.18802],[136.22931,36.1879]]]}},{"type":"Feature","properties":{"pid":"6c7f7002-1725-43ff-939f-0c34e3d388ff","full":18.0},"geometry":{"type":"Polygon","coordinates":[[[136.22996,36.18792],[136.23029,36.18791],[136.23027,36.18703],[136.23024,36.18703],[136.23024,36.187],[136.22994,36.18701],[136.22996,36.18792]]]}},{"type":"Feature","properties":{"pid":"be7cb22d-bcb7-401d-8ddf-40164a3da886","full":28.6},"geometry":{"type":"Polygon","coordinates":[[[136.2303,36.18791],[136.23076,36.1879],[136.23074,36.18703],[136.23072,36.18702],[136.23071,36.18701],[136.23028,36.187],[136.2303,36.18791]]]}},{"type":"Feature","properties":{"pid":"e662a96d-986e-440b-a6c2-c1d4fcc8a68e","full":13.8},"geometry":{"type":"Polygon","coordinates":[[[136.23077,36.18791],[136.23104,36.1879],[136.23103,36.18701],[136.23101,36.18701],[136.23101,36.18699],[136.23075,36.187],[136.23077,36.18791]]]}},{"type":"Feature","properties":{"pid":"0fd4f19d-75e9-4d80-aece-cd80245b449a","full":41.7},"geometry":{"type":"Polygon","coordinates":[[[136.23128,36.18795],[136.23066,36.18796],[136.23067,36.18884],[136.2307,36.18883],[136.2307,36.18886],[136.2313,36.18886],[136.23128,36.18795]]]}},{"type":"Feature","properties":{"pid":"84481fc3-dc29-47b7-84de-3b449417512a","full":13.2},"geometry":{"type":"Polygon","coordinates":[[[136.23066,36.18887],[136.23065,36.18796],[136.23037,36.18797],[136.23038,36.1887],[136.23051,36.18887],[136.23066,36.18887]]]}},{"type":"Feature","properties":{"pid":"4071b9b9-0821-4d14-9d44-ce90fe0905af","full":13.5},"geometry":{"type":"Polygon","coordinates":[[[136.23036,36.18796],[136.22993,36.18797],[136.22961,36.18798],[136.22962,36.188],[136.22968,36.18804],[136.22987,36.18817],[136.22996,36.18824],[136.23004,36.18833],[136.23007,36.18834],[136.23037,36.1887],[136.23036,36.18796]]]}},{"type":"Feature","properties":{"pid":"79e201ab-28a1-49a8-8386-dbc98c9c5571","full":10.6},"geometry":{"type":"Polygon","coordinates":[[[136.23036,36.18919],[136.23053,36.18906],[136.23017,36.18863],[136.22998,36.18852],[136.22986,36.18878],[136.22988,36.1888],[136.23036,36.18919]]]}},{"type":"Feature","properties":{"pid":"dddd4b73-27ec-4efc-8725-6dbedaf09a31","full":9.6},"geometry":{"type":"Polygon","coordinates":[[[136.23087,36.18925],[136.23099,36.18932],[136.23127,36.18941],[136.23126,36.18891],[136.23088,36.18891],[136.23088,36.18893],[136.23086,36.18893],[136.23087,36.18925]]]}},{"type":"Feature","properties":{"pid":"e543cc16-4f91-43b5-8efe-140512d805e0","full":2.3},"geometry":{"type":"Polygon","coordinates":[[[136.23087,36.18925],[136.23086,36.18893],[136.23084,36.18893],[136.23084,36.18891],[136.23051,36.18892],[136.23064,36.1891],[136.23071,36.18917],[136.23087,36.18925]]]}},{"type":"Feature","properties":{"pid":"3ae43cd2-64b6-4bd4-83e5-2736cac8fa22","full":1.5},"geometry":{"type":"Polygon","coordinates":[[[136.2304,36.18917],[136.23046,36.18922],[136.23043,36.18924],[136.2306,36.18937],[136.23074,36.18926],[136.23066,36.18919],[136.23054,36.18905],[136.2304,36.18917]]]}},{"type":"Feature","properties":{"pid":"8550d7c2-9f57-4252-8f7c-ef77834985f5","full":11.3},"geometry":{"type":"Polygon","coordinates":[[[136.23062,36.18942],[136.23025,36.18913],[136.23024,36.18912],[136.23022,36.18913],[136.2302,36.18916],[136.23005,36.18953],[136.23007,36.18954],[136.23005,36.18956],[136.23027,36.18974],[136.2303,36.18975],[136.23062,36.18942]]]}},{"type":"Feature","properties":{"pid":"a2615cd9-878f-423c-8fcd-ed6230c6bb7f","full":8.0},"geometry":{"type":"Polygon","coordinates":[[[136.22971,36.18913],[136.22989,36.18918],[136.2298,36.18936],[136.23,36.18954],[136.23019,36.18911],[136.22984,36.18883],[136.22971,36.18913]]]}},{"type":"Feature","properties":{"pid":"39dcf73f-4871-450f-99be-05e02aebb499","full":2.4},"geometry":{"type":"Polygon","coordinates":[[[136.22834,36.18971],[136.22834,36.18985],[136.22899,36.18983],[136.22898,36.1897],[136.22834,36.18971]]]}},{"type":"Feature","properties":{"pid":"b64e6b26-3c04-4fc3-9d0b-588382f174df","full":5.8},"geometry":{"type":"Polygon","coordinates":[[[136.22833,36.18971],[136.22898,36.18969],[136.22898,36.18962],[136.22844,36.18942],[136.22833,36.18942],[136.22833,36.18971]]]}},{"type":"Feature","properties":{"pid":"35eec1ba-9888-42c8-8904-0d7cbeb6f3fe","full":7.2},"geometry":{"type":"Polygon","coordinates":[[[136.22764,36.18904],[136.22812,36.18903],[136.22811,36.1888],[136.22763,36.18869],[136.22764,36.18904]]]}},{"type":"Feature","properties":{"pid":"1a1abab8-7817-4989-8e3f-ff1c73227165","full":12.3},"geometry":{"type":"Polygon","coordinates":[[[136.22767,36.18962],[136.22768,36.18997],[136.22824,36.18996],[136.22824,36.18994],[136.22826,36.18994],[136.22825,36.18961],[136.22767,36.18962]]]}},{"type":"Feature","properties":{"pid":"554b7295-1fc3-49c7-89d8-a93567a6c211","full":4.1},"geometry":{"type":"Polygon","coordinates":[[[136.22766,36.18961],[136.22824,36.1896],[136.22823,36.18958],[136.22825,36.18958],[136.22824,36.18942],[136.22766,36.18944],[136.22766,36.18961]]]}},{"type":"Feature","properties":{"pid":"cd196c11-4364-4719-857d-ff77cf773e48","full":2.7},"geometry":{"type":"Polygon","coordinates":[[[136.22765,36.18935],[136.22767,36.18935],[136.22767,36.18938],[136.22813,36.18937],[136.22812,36.18921],[136.22764,36.18922],[136.22765,36.18935]]]}},{"type":"Feature","properties":{"pid":"1c2b6615-0c8a-45e4-acae-510f76c458d3","full":3.0},"geometry":{"type":"Polygon","coordinates":[[[136.22764,36.18904],[136.22764,36.18921],[136.22812,36.1892],[136.22812,36.18903],[136.22764,36.18904]]]}},{"type":"Feature","properties":{"pid":"3f00eaee-9970-486a-b6ad-e60b7085f3c8","full":19.1},"geometry":{"type":"Polygon","coordinates":[[[136.22695,36.18894],[136.22699,36.1894],[136.2276,36.18938],[136.22759,36.18894],[136.22755,36.18894],[136.22755,36.18892],[136.22695,36.18894]]]}},{"type":"Feature","properties":{"pid":"a52aa5f4-1c34-4590-baeb-9bedc4561df1","full":15.2},"geometry":{"type":"Polygon","coordinates":[[[136.22759,36.18985],[136.22758,36.18948],[136.22757,36.18946],[136.22756,36.18944],[136.22699,36.18945],[136.22699,36.18946],[136.22698,36.18946],[136.22701,36.18986],[136.22759,36.18985]]]}},{"type":"Feature","properties":{"pid":"e0928bb4-e6f0-422f-92bb-94e896ea5da4","full":25.6},"geometry":{"type":"Polygon","coordinates":[[[136.22593,36.18877],[136.22596,36.18942],[136.22652,36.18941],[136.2265,36.18876],[136.22593,36.18877]]]}},{"type":"Feature","properties":{"pid":"073c08e6-9385-45a3-9e63-9cabf80bc5e7","full":1.6},"geometry":{"type":"Polygon","coordinates":[[[136.22647,36.18862],[136.22647,36.18861],[136.22649,36.1886],[136.22649,36.1885],[136.22592,36.18851],[136.22593,36.18864],[136.22647,36.18862]]]}},{"type":"Feature","properties":{"pid":"81bd47e4-8494-47b2-acd7-5c68f97e04f8","full":1.7},"geometry":{"type":"Polygon","coordinates":[[[136.2265,36.18875],[136.2265,36.18864],[136.22647,36.18864],[136.22647,36.18863],[136.22592,36.18864],[136.22593,36.18877],[136.2265,36.18875]]]}},{"type":"Feature","properties":{"pid":"222b61d9-e806-4219-ac6b-885c51e817bd","full":14.2},"geometry":{"type":"Polygon","coordinates":[[[136.22689,36.1894],[136.2268,36.18849],[136.22654,36.1885],[136.22657,36.18941],[136.22689,36.1894]]]}},{"type":"Feature","properties":{"pid":"3efca1d4-e6e7-47dc-a1ed-fd8f0e64f083","full":19.1},"geometry":{"type":"Polygon","coordinates":[[[136.22759,36.18892],[136.22757,36.18847],[136.22692,36.18849],[136.22694,36.18893],[136.22759,36.18892]]]}},{"type":"Feature","properties":{"pid":"a5704cd8-64f6-4af1-9f05-b32593502d7c","full":0.8},"geometry":{"type":"Polygon","coordinates":[[[136.22655,36.18832],[136.22656,36.18846],[136.2268,36.18846],[136.22682,36.18831],[136.22655,36.18832]]]}},{"type":"Feature","properties":{"pid":"5ec6fa16-f7ca-4501-9248-db585b63f954","full":14.6},"geometry":{"type":"Polygon","coordinates":[[[136.22757,36.18843],[136.22756,36.18818],[136.22707,36.18798],[136.22702,36.18797],[136.22697,36.18799],[136.22693,36.18822],[136.22694,36.18823],[136.22691,36.18838],[136.22692,36.18844],[136.22757,36.18843]]]}},{"type":"Feature","properties":{"pid":"6a435c6a-6397-4b0d-8e5d-7408f59658cf","full":2.2},"geometry":{"type":"Polygon","coordinates":[[[136.22655,36.18831],[136.22682,36.18831],[136.22685,36.18809],[136.22653,36.1881],[136.22654,36.18811],[136.22655,36.18831]]]}},{"type":"Feature","properties":{"pid":"34adf87b-b072-4218-88ed-b78cf31e4a78","full":4.1},"geometry":{"type":"Polygon","coordinates":[[[136.2259,36.18829],[136.2259,36.18846],[136.22598,36.18847],[136.22649,36.18846],[136.22648,36.18828],[136.2259,36.18829]]]}},{"type":"Feature","properties":{"pid":"5e2847eb-75aa-4123-8403-df3d1ab1f05b","full":1.5},"geometry":{"type":"Polygon","coordinates":[[[136.22648,36.18828],[136.22648,36.18816],[136.22589,36.18817],[136.2259,36.18829],[136.22648,36.18828]]]}},{"type":"Feature","properties":{"pid":"0d7ebb21-64cf-42b8-84a8-f98e0064eb51","full":12.2},"geometry":{"type":"Polygon","coordinates":[[[136.22589,36.18816],[136.22648,36.18815],[136.22647,36.18785],[136.22588,36.18777],[136.22589,36.18816]]]}},{"type":"Feature","properties":{"pid":"2c95f605-87fe-4726-babd-2fffdbac5da7","full":12.6},"geometry":{"type":"Polygon","coordinates":[[[136.22713,36.18762],[136.22702,36.18784],[136.22703,36.18788],[136.22705,36.18792],[136.22756,36.18813],[136.22757,36.18812],[136.22763,36.18768],[136.22713,36.18762]]]}},{"type":"Feature","properties":{"pid":"5c556b63-d4f8-44e9-84b3-3ab8cb528664","full":11.1},"geometry":{"type":"Polygon","coordinates":[[[136.2281,36.18776],[136.22772,36.18765],[136.2277,36.18765],[136.22769,36.18765],[136.22763,36.18802],[136.22761,36.18815],[136.22786,36.18826],[136.22811,36.1878],[136.22809,36.18779],[136.2281,36.18776]]]}},{"type":"Feature","properties":{"pid":"d9bb770a-0ed3-4510-a10a-8bd847f6cc72","full":29.0},"geometry":{"type":"Polygon","coordinates":[[[136.22792,36.18765],[136.22816,36.18771],[136.2286,36.18785],[136.22876,36.18749],[136.22819,36.18709],[136.22803,36.18695],[136.22792,36.18765]]]}},{"type":"Feature","properties":{"pid":"f8eec80f-bafd-4de9-9a84-721e400d8749","full":7.5},"geometry":{"type":"Polygon","coordinates":[[[136.22791,36.18765],[136.22802,36.18694],[136.22786,36.18674],[136.22782,36.18674],[136.22769,36.18758],[136.22791,36.18765]]]}},{"type":"Feature","properties":{"pid":"49f930e5-558e-4606-b8fd-a78da0342b2f","full":8.9},"geometry":{"type":"Polygon","coordinates":[[[136.22842,36.18697],[136.22843,36.18694],[136.22845,36.18694],[136.22843,36.18606],[136.2282,36.18606],[136.22823,36.18697],[136.22842,36.18697]]]}},{"type":"Feature","properties":{"pid":"43e354d8-c913-4989-b97a-706f61302ec6","full":6.6},"geometry":{"type":"Polygon","coordinates":[[[136.22865,36.18696],[136.22863,36.18606],[136.22844,36.18606],[136.22846,36.18694],[136.22847,36.18694],[136.22848,36.18697],[136.22865,36.18696]]]}},{"type":"Feature","properties":{"pid":"36c0c9c3-a30f-4691-8f8a-5460eff0d2aa","full":17.4},"geometry":{"type":"Polygon","coordinates":[[[136.2279,36.18607],[136.22789,36.1862],[136.2276,36.1862],[136.2276,36.18622],[136.22807,36.18685],[136.22816,36.18694],[136.22817,36.18694],[136.22818,36.18693],[136.22822,36.18697],[136.22819,36.18606],[136.2279,36.18607]]]}},{"type":"Feature","properties":{"pid":"bca3b855-dc62-422f-abda-305bd8a2904f","full":6.7},"geometry":{"type":"Polygon","coordinates":[[[136.22777,36.18668],[136.22778,36.18666],[136.22777,36.18665],[136.22779,36.18663],[136.22777,36.1866],[136.22766,36.18646],[136.22752,36.18629],[136.2275,36.1863],[136.22748,36.18628],[136.22735,36.18651],[136.22731,36.18662],[136.22727,36.18676],[136.22766,36.18669],[136.22777,36.18668]]]}},{"type":"Feature","properties":{"pid":"2047e977-9e27-4ec0-a764-d642ca2dcae6","full":1.7},"geometry":{"type":"Polygon","coordinates":[[[136.22709,36.18672],[136.22721,36.18671],[136.22723,36.18663],[136.22732,36.18638],[136.2271,36.18636],[136.22706,36.1867],[136.22709,36.18671],[136.22709,36.18672]]]}},{"type":"Feature","properties":{"pid":"81aa25df-7b6e-498f-bcac-d17418eb3e04","full":2.2},"geometry":{"type":"Polygon","coordinates":[[[136.22672,36.1863],[136.22667,36.18672],[136.22683,36.18673],[136.22683,36.18671],[136.22685,36.18671],[136.2269,36.18632],[136.22672,36.1863]]]}},{"type":"Feature","properties":{"pid":"de1be776-c053-491b-b0c7-4f1b79f8c4c4","full":2.0},"geometry":{"type":"Polygon","coordinates":[[[136.22689,36.18671],[136.22688,36.18673],[136.22705,36.18672],[136.22709,36.18636],[136.22691,36.18633],[136.22687,36.18671],[136.22689,36.18671]]]}},{"type":"Feature","properties":{"pid":"48833e80-d94f-488b-ad76-f37c1644cf58","full":3.3},"geometry":{"type":"Polygon","coordinates":[[[136.22652,36.18627],[136.22633,36.18628],[136.22632,36.18629],[136.22635,36.18643],[136.22636,36.18668],[136.22649,36.18672],[136.22653,36.18672],[136.22659,36.18628],[136.22652,36.18627]]]}},{"type":"Feature","properties":{"pid":"879c755d-5d8d-4d93-a870-1569adcb5399","full":4.1},"geometry":{"type":"Polygon","coordinates":[[[136.22579,36.1879],[136.22579,36.18788],[136.22581,36.18788],[136.22581,36.18776],[136.22524,36.18768],[136.22525,36.18791],[136.22579,36.1879]]]}},{"type":"Feature","properties":{"pid":"bf171e13-2c9a-4032-bcff-0b512b74d1d9","full":9.5},"geometry":{"type":"Polygon","coordinates":[[[136.22525,36.18791],[136.22526,36.18821],[136.22583,36.1882],[136.22582,36.18792],[136.22579,36.18792],[136.22579,36.1879],[136.22525,36.18791]]]}},{"type":"Feature","properties":{"pid":"a175afab-2914-4aa8-b779-399e180aebde","full":1.4},"geometry":{"type":"Polygon","coordinates":[[[136.22527,36.18836],[136.22527,36.18849],[136.22583,36.18847],[136.22583,36.18835],[136.22527,36.18836]]]}},{"type":"Feature","properties":{"pid":"9b1f122d-5473-4391-a974-17c393e31f9f","full":2.4},"geometry":{"type":"Polygon","coordinates":[[[136.22581,36.18835],[136.22581,36.18832],[136.22583,36.18832],[136.22582,36.1882],[136.22526,36.18822],[136.22526,36.18836],[136.22581,36.18835]]]}},{"type":"Feature","properties":{"pid":"742662a8-306e-4b14-8bd6-efd00f86afa3","full":9.3},"geometry":{"type":"Polygon","coordinates":[[[136.22528,36.18883],[136.22529,36.18913],[136.22586,36.18912],[136.22584,36.18882],[136.22528,36.18883]]]}},{"type":"Feature","properties":{"pid":"26fe9118-1b09-4b4c-9ab1-409946c29978","full":1.6},"geometry":{"type":"Polygon","coordinates":[[[136.22528,36.18864],[136.22582,36.18863],[136.22584,36.18862],[136.22583,36.1885],[136.22527,36.18852],[136.22526,36.18863],[136.22528,36.18864]]]}},{"type":"Feature","properties":{"pid":"fd5ef8dd-e582-4ec2-a1fb-0e493da6c4b5","full":4.1},"geometry":{"type":"Polygon","coordinates":[[[136.22585,36.18882],[136.22584,36.18864],[136.22528,36.18865],[136.22528,36.18883],[136.22585,36.18882]]]}},{"type":"Feature","properties":{"pid":"0a7b4583-9d8d-46f9-8e3e-da5700b1b7f1","full":9.5},"geometry":{"type":"Polygon","coordinates":[[[136.22529,36.18913],[136.2253,36.18944],[136.22587,36.18942],[136.22586,36.18913],[136.22529,36.18913]]]}},{"type":"Feature","properties":{"pid":"b7cb33a6-6165-415f-b1a4-a0612cf5bca7","full":6.7},"geometry":{"type":"Polygon","coordinates":[[[136.22513,36.18571],[136.22511,36.185],[136.22489,36.185],[136.22491,36.18572],[136.22513,36.18571]]]}},{"type":"Feature","properties":{"pid":"839cee1c-a5bc-4b2c-9393-f09f7b81e9fa","full":8.1},"geometry":{"type":"Polygon","coordinates":[[[136.22539,36.18561],[136.22538,36.18498],[136.22537,36.18499],[136.22511,36.185],[136.22513,36.18571],[136.22517,36.1857],[136.22529,36.18561],[136.22539,36.18561]]]}},{"type":"Feature","properties":{"pid":"785da602-dce7-4e96-b14b-f9070ab6b645","full":10.6},"geometry":{"type":"Polygon","coordinates":[[[136.22514,36.18489],[136.22536,36.18489],[136.22534,36.18397],[136.22509,36.18397],[136.22512,36.18487],[136.22514,36.18487],[136.22514,36.18489]]]}},{"type":"Feature","properties":{"pid":"11412d0a-64a0-44cc-a3df-ebdafe03e1a3","full":0.8},"geometry":{"type":"Polygon","coordinates":[[[136.22584,36.18423],[136.22583,36.18437],[136.22593,36.18438],[136.226,36.18437],[136.22611,36.18438],[136.22613,36.18425],[136.22584,36.18423]]]}},{"type":"Feature","properties":{"pid":"d8c95fca-f08c-46c8-add9-dae7fa99f2a6","full":2.8},"geometry":{"type":"Polygon","coordinates":[[[136.22588,36.18369],[136.22587,36.18394],[136.22617,36.18392],[136.22617,36.18369],[136.22588,36.18369]]]}},{"type":"Feature","properties":{"pid":"60185162-7aa5-455d-b81e-b533002cc9c6","full":10.3},"geometry":{"type":"Polygon","coordinates":[[[136.2251,36.18392],[136.22534,36.18391],[136.22533,36.18329],[136.22531,36.18329],[136.22531,36.183],[136.22508,36.18301],[136.2251,36.18392]]]}},{"type":"Feature","properties":{"pid":"207f9440-f6eb-4849-a870-d06fd3887c65","full":0.6},"geometry":{"type":"Polygon","coordinates":[[[136.22615,36.18359],[136.22616,36.18347],[136.22589,36.18348],[136.22588,36.1836],[136.22615,36.18359]]]}},{"type":"Feature","properties":{"pid":"551ca9ab-a838-4ec0-8cfe-7888aa56f24d","full":18.3},"geometry":{"type":"Polygon","coordinates":[[[136.22524,36.19041],[136.22521,36.1895],[136.22491,36.18951],[136.2249,36.18953],[136.22487,36.18953],[136.22491,36.19041],[136.22524,36.19041]]]}},{"type":"Feature","properties":{"pid":"9cbdb984-d2ee-41d7-a741-5525da8c89cf","full":26.1},"geometry":{"type":"Polygon","coordinates":[[[136.22569,36.1904],[136.22566,36.18951],[136.22563,36.18951],[136.22563,36.18949],[136.22522,36.1895],[136.22525,36.19041],[136.22569,36.1904]]]}},{"type":"Feature","properties":{"pid":"ada7d3a7-dbd4-4b67-bfc6-2db6a45b47f8","full":27.0},"geometry":{"type":"Polygon","coordinates":[[[136.22614,36.19039],[136.22611,36.1895],[136.22608,36.1895],[136.22608,36.18948],[136.22567,36.18949],[136.2257,36.1904],[136.22614,36.19039]]]}},{"type":"Feature","properties":{"pid":"e3079d05-b51b-43c4-9333-faf8a0e888ab","full":26.0},"geometry":{"type":"Polygon","coordinates":[[[136.22658,36.19038],[136.22655,36.18946],[136.22615,36.18948],[136.22615,36.1895],[136.22612,36.1895],[136.22615,36.19039],[136.22658,36.19038]]]}},{"type":"Feature","properties":{"pid":"2d09d575-06a1-4c86-afce-361a09805b35","full":20.4},"geometry":{"type":"Polygon","coordinates":[[[136.22658,36.19037],[136.22696,36.19037],[136.22689,36.18946],[136.22658,36.18947],[136.22658,36.18948],[136.22655,36.18948],[136.22658,36.19037]]]}},{"type":"Feature","properties":{"pid":"9dfe71f2-dea0-4180-b970-491554ab3121","full":18.7},"geometry":{"type":"Polygon","coordinates":[[[136.22701,36.18986],[136.22704,36.19033],[136.22709,36.19036],[136.22761,36.19035],[136.22759,36.18985],[136.22701,36.18986]]]}},{"type":"Feature","properties":{"pid":"1098d285-ee1a-4c49-8cf9-ff3006d5f397","full":0.8},"geometry":{"type":"Polygon","coordinates":[[[136.22768,36.19024],[136.22769,36.19035],[136.22827,36.19034],[136.22827,36.19023],[136.22768,36.19024]]]}},{"type":"Feature","properties":{"pid":"80e6bb44-85e3-4b1d-bd4a-823ce13ada53","full":8.1},"geometry":{"type":"Polygon","coordinates":[[[136.22827,36.19023],[136.22826,36.18999],[136.22824,36.18998],[136.22824,36.18996],[136.22768,36.18998],[136.22768,36.19024],[136.22827,36.19023]]]}},{"type":"Feature","properties":{"pid":"4d829725-665a-4a06-af8d-925af0bd92dc","full":4.1},"geometry":{"type":"Polygon","coordinates":[[[136.22834,36.18997],[136.22835,36.19013],[136.22898,36.19012],[136.22898,36.19011],[136.229,36.1901],[136.22899,36.18995],[136.22834,36.18997]]]}},{"type":"Feature","properties":{"pid":"c1814f13-03b3-4749-aeb3-0ebad734a7fe","full":2.3},"geometry":{"type":"Polygon","coordinates":[[[136.22908,36.19033],[136.2291,36.19032],[136.22918,36.18995],[136.22929,36.18974],[136.22904,36.18964],[136.22903,36.18965],[136.22902,36.18968],[136.22904,36.19033],[136.22908,36.19033]]]}},{"type":"Feature","properties":{"pid":"9d8d1b94-e986-4c04-8e97-6da48856aee3","full":6.5},"geometry":{"type":"Polygon","coordinates":[[[136.22966,36.19071],[136.22965,36.19045],[136.2296,36.19045],[136.22919,36.19041],[136.22921,36.19071],[136.22966,36.19071]]]}},{"type":"Feature","properties":{"pid":"c5a03917-592f-4aa0-98c0-93d47a95efb9","full":9.4},"geometry":{"type":"Polygon","coordinates":[[[136.22473,36.17545],[136.22472,36.17575],[136.22528,36.17576],[136.22529,36.17546],[136.22473,36.17545]]]}},{"type":"Feature","properties":{"pid":"54472e5a-2659-478f-b3a4-ec7932f55daa","full":4.4},"geometry":{"type":"Polygon","coordinates":[[[136.22473,36.17544],[136.22529,36.17545],[136.2253,36.17526],[136.22474,36.17526],[136.22473,36.17544]]]}},{"type":"Feature","properties":{"pid":"9a0d2300-fe6f-421c-90ab-72a914012b38","full":9.0},"geometry":{"type":"Polygon","coordinates":[[[136.2259,36.1755],[136.22534,36.1755],[136.22533,36.17579],[136.22589,36.1758],[136.2259,36.1755]]]}},{"type":"Feature","properties":{"pid":"11311134-8c80-4eee-ba89-1e6b22cb481e","full":5.9},"geometry":{"type":"Polygon","coordinates":[[[136.22533,36.17549],[136.2259,36.1755],[136.2259,36.17528],[136.22534,36.17527],[136.22533,36.17549]]]}},{"type":"Feature","properties":{"pid":"0975321e-2588-4f81-86a6-0aadad0418c4","full":12.7},"geometry":{"type":"Polygon","coordinates":[[[136.2259,36.17528],[136.2259,36.175],[136.22598,36.1749],[136.22535,36.17489],[136.22534,36.17527],[136.2259,36.17528]]]}},{"type":"Feature","properties":{"pid":"9530584a-b497-4e71-9b5c-41a7faf53cc1","full":2.5},"geometry":{"type":"Polygon","coordinates":[[[136.22474,36.17505],[136.22474,36.1752],[136.22529,36.17521],[136.22529,36.17506],[136.22474,36.17505]]]}},{"type":"Feature","properties":{"pid":"63d8631b-0e7e-4b31-8f76-07b8f1e5f740","full":8.7},"geometry":{"type":"Polygon","coordinates":[[[136.22474,36.17504],[136.22528,36.17505],[136.22528,36.17504],[136.22529,36.17504],[136.2253,36.17462],[136.22474,36.1749],[136.22474,36.17504]]]}},{"type":"Feature","properties":{"pid":"43fcef18-7957-48f7-9b52-a196c3e3eee8","full":17.8},"geometry":{"type":"Polygon","coordinates":[[[136.22563,36.17441],[136.22562,36.17441],[136.22537,36.17455],[136.22538,36.17456],[136.22537,36.17456],[136.22536,36.17489],[136.22599,36.1749],[136.22616,36.17469],[136.22563,36.17441]]]}},{"type":"Feature","properties":{"pid":"4ec95c90-48a2-4aff-a798-0097d175a620","full":5.1},"geometry":{"type":"Polygon","coordinates":[[[136.2263,36.17453],[136.22578,36.17425],[136.22571,36.17434],[136.22563,36.1744],[136.22616,36.17469],[136.2263,36.17453]]]}},{"type":"Feature","properties":{"pid":"7463e2c5-31a9-4ff3-83cf-db1833e2dc02","full":8.6},"geometry":{"type":"Polygon","coordinates":[[[136.22556,36.17432],[136.22524,36.17406],[136.22493,36.17428],[136.22495,36.17428],[136.2251,36.17446],[136.22517,36.17454],[136.22542,36.17442],[136.22548,36.17438],[136.22556,36.17432]]]}},{"type":"Feature","properties":{"pid":"0a2ea8a5-0f1a-47af-9801-478d325acd9b","full":20.6},"geometry":{"type":"Polygon","coordinates":[[[136.22828,36.17473],[136.22828,36.17435],[136.22823,36.17432],[136.22754,36.17433],[136.22753,36.17475],[136.22828,36.17473]]]}},{"type":"Feature","properties":{"pid":"1dcb4b6e-72d3-4032-8328-ea9405600534","full":4.4},"geometry":{"type":"Polygon","coordinates":[[[136.22654,36.17428],[136.22712,36.17443],[136.22724,36.17428],[136.22668,36.17412],[136.22654,36.17428]]]}},{"type":"Feature","properties":{"pid":"63bc6a13-c00e-4488-bb65-a281b6c22882","full":12.0},"geometry":{"type":"Polygon","coordinates":[[[136.22612,36.17383],[136.22592,36.17409],[136.22644,36.17435],[136.22668,36.17407],[136.22612,36.17383]]]}},{"type":"Feature","properties":{"pid":"716db234-c6d4-44b0-8f9c-cef284159d26","full":5.3},"geometry":{"type":"Polygon","coordinates":[[[136.22591,36.17409],[136.22578,36.17425],[136.2263,36.17453],[136.22644,36.17436],[136.22591,36.17409]]]}},{"type":"Feature","properties":{"pid":"f80e9d2e-5fe1-4e52-a69f-431e5fc9a6ca","full":11.9},"geometry":{"type":"Polygon","coordinates":[[[136.22607,36.17485],[136.2267,36.17502],[136.22674,36.17494],[136.22689,36.17473],[136.2263,36.17458],[136.22607,36.17485]]]}},{"type":"Feature","properties":{"pid":"b38430ba-0713-41a8-837c-bbc47fdb6442","full":12.0},"geometry":{"type":"Polygon","coordinates":[[[136.22631,36.17458],[136.2269,36.17473],[136.22712,36.17443],[136.22654,36.17429],[136.22631,36.17458]]]}},{"type":"Feature","properties":{"pid":"6435b6d7-3f61-4527-83f8-7059ae49cdcc","full":1.8},"geometry":{"type":"Polygon","coordinates":[[[136.22735,36.17479],[136.22705,36.17474],[136.22704,36.17475],[136.22702,36.17475],[136.22691,36.1749],[136.22734,36.17492],[136.22735,36.17479]]]}},{"type":"Feature","properties":{"pid":"83f303e8-3486-4efa-800a-32e4b7d22336","full":8.0},"geometry":{"type":"Polygon","coordinates":[[[136.22676,36.17522],[136.22727,36.17524],[136.22731,36.17495],[136.22687,36.17492],[136.22682,36.17499],[136.22679,36.17504],[136.22676,36.17522]]]}},{"type":"Feature","properties":{"pid":"015b82f2-9806-420d-b940-8dfca37a4f4b","full":15.6},"geometry":{"type":"Polygon","coordinates":[[[136.22594,36.17527],[136.22666,36.17529],[136.22667,36.17514],[136.22669,36.17503],[136.22607,36.17486],[136.22595,36.175],[136.22594,36.17504],[136.22594,36.17527]]]}},{"type":"Feature","properties":{"pid":"67172148-7d99-4424-a622-08e79dd1a34f","full":24.8},"geometry":{"type":"Polygon","coordinates":[[[136.22594,36.17528],[136.22593,36.1758],[136.2266,36.17581],[136.22666,36.17532],[136.22665,36.17529],[136.22594,36.17528]]]}},{"type":"Feature","properties":{"pid":"e65a8692-e56b-4b51-adbc-b130fda17e4e","full":12.9},"geometry":{"type":"Polygon","coordinates":[[[136.22675,36.17537],[136.2267,36.17579],[136.22712,36.1758],[136.2272,36.17574],[136.22722,36.17574],[136.22723,36.17556],[136.22726,36.17539],[136.22675,36.17537]]]}},{"type":"Feature","properties":{"pid":"7952e9f2-62a6-4836-8368-15ff1cccaa12","full":1.7},"geometry":{"type":"Polygon","coordinates":[[[136.22727,36.17525],[136.22677,36.17522],[136.22675,36.17536],[136.22725,36.17539],[136.22727,36.17525]]]}},{"type":"Feature","properties":{"pid":"eab5fd61-a510-4632-b3c7-90f68ae882f0","full":24.3},"geometry":{"type":"Polygon","coordinates":[[[136.22743,36.17541],[136.22742,36.17553],[136.22741,36.17569],[136.2274,36.17572],[136.22746,36.17572],[136.22745,36.17582],[136.22831,36.17581],[136.22831,36.17573],[136.2283,36.17572],[136.22829,36.1754],[136.22743,36.17541]]]}},{"type":"Feature","properties":{"pid":"e20f5768-79c1-4608-95b2-5e2eb2982c88","full":13.7},"geometry":{"type":"Polygon","coordinates":[[[136.22753,36.17476],[136.22748,36.17505],[136.22829,36.17504],[136.22828,36.17474],[136.22753,36.17476]]]}},{"type":"Feature","properties":{"pid":"a0d4299f-4f96-4b99-b6de-5a4af88ff933","full":18.1},"geometry":{"type":"Polygon","coordinates":[[[136.22749,36.17506],[136.22744,36.1754],[136.22829,36.17539],[136.22829,36.17505],[136.22749,36.17506]]]}},{"type":"Feature","properties":{"pid":"918e1680-69ba-410b-a64f-7ae800d7dd31","full":39.1},"geometry":{"type":"Polygon","coordinates":[[[136.22841,36.17521],[136.22842,36.17581],[136.22932,36.1758],[136.22932,36.1757],[136.22931,36.17569],[136.2293,36.17521],[136.22841,36.17521]]]}},{"type":"Feature","properties":{"pid":"5dbe47f1-4abd-43f0-b92c-c7bf44d71905","full":36.6},"geometry":{"type":"Polygon","coordinates":[[[136.2284,36.17464],[136.22841,36.17521],[136.2293,36.1752],[136.22928,36.17464],[136.2284,36.17464]]]}},{"type":"Feature","properties":{"pid":"ff72c6dd-6b56-422e-9fc5-c3e6c37b00c3","full":17.5},"geometry":{"type":"Polygon","coordinates":[[[136.22929,36.17463],[136.22928,36.17431],[136.22842,36.17432],[136.22842,36.17433],[136.22839,36.17433],[136.2284,36.17464],[136.22929,36.17463]]]}},{"type":"Feature","properties":{"pid":"dd3d43c9-dafe-4f7a-87ff-2bd22a2b451a","full":1.0},"geometry":{"type":"Polygon","coordinates":[[[136.22885,36.17412],[136.22885,36.17424],[136.22928,36.17423],[136.22928,36.17422],[136.22929,36.17411],[136.22885,36.17412]]]}},{"type":"Feature","properties":{"pid":"2d10f68d-9357-42ce-a184-c055c0be2470","full":1.8},"geometry":{"type":"Polygon","coordinates":[[[136.22952,36.17422],[136.22952,36.17385],[136.22937,36.17384],[136.22934,36.17385],[136.22935,36.17423],[136.22952,36.17422]]]}},{"type":"Feature","properties":{"pid":"a3934529-e3f8-4f81-a3ff-ea2b950e15c1","full":1.0},"geometry":{"type":"Polygon","coordinates":[[[136.22953,36.17423],[136.22966,36.17422],[136.22966,36.17421],[136.22967,36.1742],[136.22967,36.17385],[136.22952,36.17385],[136.22953,36.17423]]]}},{"type":"Feature","properties":{"pid":"20ef9f6b-971e-46f6-8b67-367478778946","full":4.5},"geometry":{"type":"Polygon","coordinates":[[[136.22967,36.17385],[136.22967,36.1742],[136.2297,36.17421],[136.2297,36.17422],[136.22995,36.17422],[136.22995,36.17386],[136.22967,36.17385]]]}},{"type":"Feature","properties":{"pid":"d9f65e12-c602-4b18-b0e2-5292e0653b9f","full":17.6},"geometry":{"type":"Polygon","coordinates":[[[136.22937,36.17487],[136.23051,36.17486],[136.2305,36.17459],[136.2294,36.17461],[136.22936,36.17463],[136.22937,36.17487]]]}},{"type":"Feature","properties":{"pid":"1f73da98-235c-4285-8581-6c486a0f1d92","full":20.5},"geometry":{"type":"Polygon","coordinates":[[[136.2305,36.17459],[136.2305,36.17434],[136.23026,36.17434],[136.23026,36.17429],[136.22937,36.1743],[136.22936,36.17431],[136.22936,36.17461],[136.2305,36.17459]]]}},{"type":"Feature","properties":{"pid":"24623569-4249-4602-96bf-d08b8a215947","full":5.1},"geometry":{"type":"Polygon","coordinates":[[[136.22995,36.17422],[136.23025,36.17422],[136.23025,36.1742],[136.23027,36.17418],[136.23025,36.17389],[136.23024,36.17387],[136.22995,36.17386],[136.22995,36.17422]]]}},{"type":"Feature","properties":{"pid":"c61f8acf-4064-4ccc-ba6a-7a2f90ce0438","full":3.1},"geometry":{"type":"Polygon","coordinates":[[[136.23099,36.1739],[136.23075,36.1739],[136.23075,36.17391],[136.23072,36.17391],[136.23072,36.17417],[136.23084,36.17418],[136.231,36.17418],[136.23099,36.1739]]]}},{"type":"Feature","properties":{"pid":"8bb4ba62-6750-4bf2-81bf-e37c46f06262","full":16.8},"geometry":{"type":"Polygon","coordinates":[[[136.23054,36.17455],[136.23167,36.17454],[136.23166,36.17429],[136.23056,36.17429],[136.23054,36.17431],[136.23054,36.17455]]]}},{"type":"Feature","properties":{"pid":"aeef8124-57ef-4a35-8b4c-522088917bb8","full":22.9},"geometry":{"type":"Polygon","coordinates":[[[136.23054,36.17456],[136.23055,36.17487],[136.23165,36.17487],[136.23165,36.17485],[136.23167,36.17485],[136.23167,36.17454],[136.23054,36.17456]]]}},{"type":"Feature","properties":{"pid":"01c35be5-f444-4d35-8b77-b6b0c922fd04","full":25.2},"geometry":{"type":"Polygon","coordinates":[[[136.23055,36.17488],[136.23056,36.17522],[136.23168,36.17521],[136.23168,36.17487],[136.23055,36.17488]]]}},{"type":"Feature","properties":{"pid":"dba1146f-bcc1-4d5f-b64c-726ccf234682","full":22.8},"geometry":{"type":"Polygon","coordinates":[[[136.22941,36.17519],[136.23051,36.17518],[136.2305,36.17486],[136.22937,36.17488],[136.22937,36.17516],[136.22941,36.17519]]]}},{"type":"Feature","properties":{"pid":"6c3a4f30-1316-4971-9916-2bff9cb2ca06","full":23.7},"geometry":{"type":"Polygon","coordinates":[[[136.22938,36.17552],[136.23051,36.17551],[136.23051,36.17518],[136.2294,36.1752],[136.22937,36.17521],[136.22938,36.17552]]]}},{"type":"Feature","properties":{"pid":"625a06c0-cae3-45ce-ba71-41d49dd6cc43","full":18.3},"geometry":{"type":"Polygon","coordinates":[[[136.22938,36.17553],[136.22939,36.1758],[136.23052,36.17578],[136.23051,36.17551],[136.22938,36.17553]]]}},{"type":"Feature","properties":{"pid":"e6aac823-13da-4a8a-a84d-b96550d5f44c","full":19.7},"geometry":{"type":"Polygon","coordinates":[[[136.23168,36.17548],[136.23167,36.17522],[136.23056,36.17523],[136.23056,36.17552],[136.23166,36.1755],[136.23166,36.17548],[136.23168,36.17548]]]}},{"type":"Feature","properties":{"pid":"62efc0cb-f089-473b-adc2-7833dd52078a","full":17.1},"geometry":{"type":"Polygon","coordinates":[[[136.23057,36.17552],[136.23057,36.17578],[136.23169,36.17577],[136.23169,36.17552],[136.23166,36.17553],[136.23166,36.17551],[136.23057,36.17552]]]}},{"type":"Feature","properties":{"pid":"cce3d379-345e-4549-9d87-d1b7fbcdce7f","full":47.9},"geometry":{"type":"Polygon","coordinates":[[[136.23177,36.17494],[136.23178,36.1755],[136.23292,36.17549],[136.23291,36.17493],[136.23177,36.17494]]]}},{"type":"Feature","properties":{"pid":"0425ce04-61a9-4cc4-b139-fbf7a4dc6325","full":17.8},"geometry":{"type":"Polygon","coordinates":[[[136.23177,36.17553],[136.23178,36.17577],[136.23179,36.17578],[136.23189,36.17578],[136.23229,36.17577],[136.23229,36.17576],[136.23292,36.17575],[136.23291,36.17549],[136.23182,36.17551],[136.23182,36.17553],[136.23177,36.17553]]]}},{"type":"Feature","properties":{"pid":"16f0c81f-c741-44ae-bae3-743f61186a75","full":23.7},"geometry":{"type":"Polygon","coordinates":[[[136.23295,36.17544],[136.23297,36.17576],[136.23299,36.17576],[136.23299,36.17577],[136.2341,36.17575],[136.23409,36.17543],[136.23295,36.17544]]]}},{"type":"Feature","properties":{"pid":"3c08fec0-ffe0-4a90-bb16-c1074f1caa6d","full":18.5},"geometry":{"type":"Polygon","coordinates":[[[136.23295,36.17517],[136.23295,36.17544],[136.23409,36.17542],[136.23408,36.17515],[136.23295,36.17517]]]}},{"type":"Feature","properties":{"pid":"0f7ceba6-24f0-46e6-bea0-6b63d111198b","full":44.0},"geometry":{"type":"Polygon","coordinates":[[[136.23293,36.17464],[136.23295,36.17516],[136.23408,36.17514],[136.23407,36.17462],[136.23293,36.17464]]]}},{"type":"Feature","properties":{"pid":"18a7b3a4-ce43-427f-9ff6-16badafe1ea0","full":27.4},"geometry":{"type":"Polygon","coordinates":[[[136.23293,36.17463],[136.23407,36.17462],[136.23407,36.17426],[136.23293,36.17427],[136.23293,36.17463]]]}},{"type":"Feature","properties":{"pid":"9acd0866-4f75-44c7-b76c-1444aa9af31c","full":27.5},"geometry":{"type":"Polygon","coordinates":[[[136.23174,36.17385],[136.23174,36.17416],[136.23175,36.17421],[136.23288,36.1742],[136.23286,36.17384],[136.23174,36.17385]]]}},{"type":"Feature","properties":{"pid":"3a9bbc78-abea-47e1-a8bc-91221a860bf2","full":57.2},"geometry":{"type":"Polygon","coordinates":[[[136.23177,36.17493],[136.2329,36.17492],[136.23289,36.17429],[136.23286,36.17429],[136.23285,36.17427],[136.23178,36.17429],[136.23175,36.17429],[136.23177,36.17493]]]}},{"type":"Feature","properties":{"pid":"eeacf988-8a0b-43e5-8e59-3def12b4d09a","full":19.5},"geometry":{"type":"Polygon","coordinates":[[[136.23802,36.17508],[136.23808,36.17417],[136.23757,36.17415],[136.23776,36.17478],[136.23778,36.17507],[136.23802,36.17508]]]}},{"type":"Feature","properties":{"pid":"b1772209-6263-4ba1-89fa-f8a4a0f331f5","full":42.0},"geometry":{"type":"Polygon","coordinates":[[[136.23871,36.17419],[136.23808,36.17416],[136.23804,36.17508],[136.23865,36.1751],[136.23871,36.17419]]]}},{"type":"Feature","properties":{"pid":"fdf59001-2db6-4c55-881f-8c891a2c763d","full":20.3},"geometry":{"type":"Polygon","coordinates":[[[136.23818,36.17511],[136.23778,36.1751],[136.23782,36.17597],[136.23784,36.176],[136.2379,36.17602],[136.23813,36.17603],[136.23818,36.17511]]]}},{"type":"Feature","properties":{"pid":"f9be0131-a811-41e0-adf2-7aba992ce7fb","full":57.2},"geometry":{"type":"Polygon","coordinates":[[[136.23814,36.17603],[136.23895,36.17607],[136.239,36.17514],[136.2382,36.17511],[136.23814,36.17603]]]}},{"type":"Feature","properties":{"pid":"cc927935-5130-4803-9ba5-d80d8797e649","full":28.9},"geometry":{"type":"Polygon","coordinates":[[[136.23902,36.17515],[136.23897,36.17607],[136.23942,36.17608],[136.23942,36.17602],[136.23943,36.17601],[136.23948,36.17515],[136.23947,36.17515],[136.23947,36.17516],[136.23902,36.17515]]]}},{"type":"Feature","properties":{"pid":"28255628-e6fe-4984-b360-ac08171d3894","full":24.2},"geometry":{"type":"Polygon","coordinates":[[[136.23989,36.1761],[136.23995,36.17519],[136.23953,36.17517],[136.2395,36.1761],[136.23989,36.1761]]]}},{"type":"Feature","properties":{"pid":"0ec1beb9-f5f9-4894-b653-8187179064ad","full":22.6},"geometry":{"type":"Polygon","coordinates":[[[136.24035,36.1752],[136.23996,36.17519],[136.2399,36.1761],[136.24029,36.17611],[136.24035,36.1752]]]}},{"type":"Feature","properties":{"pid":"2085ec7b-4696-41c1-b13c-6383c793b4eb","full":10.0},"geometry":{"type":"Polygon","coordinates":[[[136.24059,36.17521],[136.24035,36.1752],[136.2403,36.17609],[136.24032,36.1761],[136.24032,36.17611],[136.24053,36.17612],[136.24059,36.17521]]]}},{"type":"Feature","properties":{"pid":"9b924e05-520c-4152-b0d0-2c607f49f73e","full":24.2},"geometry":{"type":"Polygon","coordinates":[[[136.24095,36.17614],[136.241,36.17523],[136.2406,36.17522],[136.24054,36.17612],[136.24095,36.17614]]]}},{"type":"Feature","properties":{"pid":"f54ed135-b445-4b36-9277-3c6c8d29c727","full":24.5},"geometry":{"type":"Polygon","coordinates":[[[136.24142,36.17524],[136.24101,36.17523],[136.24096,36.17612],[136.24098,36.17612],[136.24098,36.17614],[136.24137,36.17616],[136.24142,36.17524]]]}},{"type":"Feature","properties":{"pid":"0fd3f7f7-db27-4f73-ac30-290e112e6b6d","full":31.2},"geometry":{"type":"Polygon","coordinates":[[[136.23993,36.17425],[136.23987,36.17515],[136.24037,36.17517],[136.24042,36.17427],[136.23993,36.17425]]]}},{"type":"Feature","properties":{"pid":"15e5afd4-2d98-43ac-aa66-1328315157e5","full":22.7},"geometry":{"type":"Polygon","coordinates":[[[136.24038,36.17517],[136.24077,36.17518],[136.24082,36.17428],[136.24044,36.17426],[136.24038,36.17517]]]}},{"type":"Feature","properties":{"pid":"f8737056-ff5a-4b08-a900-503641ed4ab5","full":24.7},"geometry":{"type":"Polygon","coordinates":[[[136.24083,36.17428],[136.24078,36.17519],[136.24119,36.1752],[136.24125,36.1743],[136.24083,36.17428]]]}},{"type":"Feature","properties":{"pid":"386599c0-5ff9-4000-bcf1-043dfbf50a30","full":17.0},"geometry":{"type":"Polygon","coordinates":[[[136.23986,36.17515],[136.23991,36.17425],[136.23959,36.17423],[136.23954,36.17514],[136.23986,36.17515]]]}},{"type":"Feature","properties":{"pid":"49faae6e-8790-48b7-9ff0-4b0b30e7cd78","full":28.4},"geometry":{"type":"Polygon","coordinates":[[[136.23903,36.17512],[136.23947,36.17514],[136.23947,36.17515],[136.23948,36.17515],[136.23954,36.17423],[136.23953,36.17422],[136.23908,36.1742],[136.23903,36.17512]]]}},{"type":"Feature","properties":{"pid":"fbc8bbbd-0e07-4f02-aceb-3063ac23119c","full":19.9},"geometry":{"type":"Polygon","coordinates":[[[136.23907,36.1742],[136.23872,36.17419],[136.23866,36.17511],[136.23902,36.17512],[136.23907,36.1742]]]}},{"type":"Feature","properties":{"pid":"38c92ab1-3950-4131-a0d3-81daee064899","full":15.3},"geometry":{"type":"Polygon","coordinates":[[[136.24168,36.17425],[136.24171,36.17373],[136.24145,36.17361],[136.24131,36.17358],[136.24127,36.17422],[136.24129,36.17422],[136.24129,36.17423],[136.24168,36.17425]]]}},{"type":"Feature","properties":{"pid":"f54f86ff-4fe7-4fcf-aaa0-e72c7f33bf1f","full":6.8},"geometry":{"type":"Polygon","coordinates":[[[136.24292,36.17452],[136.24291,36.17451],[136.24291,36.1745],[136.24281,36.17449],[136.24281,36.17436],[136.24281,36.17435],[136.24272,36.17435],[136.24267,36.17526],[136.24288,36.17527],[136.24292,36.17452]]]}},{"type":"Feature","properties":{"pid":"abd940f0-651f-44c4-bd2d-efd8f726c8bb","full":9.5},"geometry":{"type":"Polygon","coordinates":[[[136.24207,36.17426],[136.24208,36.17427],[136.24285,36.1743],[136.24288,36.17426],[136.24264,36.17412],[136.2421,36.17387],[136.24209,36.17393],[136.24208,36.17394],[136.24207,36.17426]]]}},{"type":"Feature","properties":{"pid":"199e24e8-e718-4f09-b8d7-106c2b4e6cc3","full":4.5},"geometry":{"type":"Polygon","coordinates":[[[136.24173,36.17426],[136.24192,36.17427],[136.24194,36.17394],[136.24196,36.17388],[136.24198,36.17385],[136.24172,36.17374],[136.2417,36.17423],[136.24173,36.17424],[136.24173,36.17426]]]}},{"type":"Feature","properties":{"pid":"701c7c0f-091e-4be0-b5f2-d564efb07833","full":16.7},"geometry":{"type":"Polygon","coordinates":[[[136.24126,36.1743],[136.24121,36.1752],[136.24152,36.17521],[136.24158,36.17431],[136.24126,36.1743]]]}},{"type":"Feature","properties":{"pid":"9a3d92d2-a82e-42f3-8bca-b1aa938f0507","full":19.2},"geometry":{"type":"Polygon","coordinates":[[[136.24159,36.17431],[136.24153,36.17522],[136.24188,36.17522],[136.24193,36.17432],[136.24159,36.17431]]]}},{"type":"Feature","properties":{"pid":"18aac4bf-684c-48e4-a3a0-f2c58084d0d6","full":18.5},"geometry":{"type":"Polygon","coordinates":[[[136.24239,36.17435],[136.24236,36.17435],[136.24236,36.17433],[136.24206,36.17432],[136.242,36.17523],[136.24234,36.17525],[136.24239,36.17435]]]}},{"type":"Feature","properties":{"pid":"76fc0be7-2dd9-4039-8b1e-3e57ace4bb76","full":3.1},"geometry":{"type":"Polygon","coordinates":[[[136.24234,36.17525],[136.2425,36.17525],[136.24255,36.17434],[136.2424,36.17434],[136.24234,36.17525]]]}},{"type":"Feature","properties":{"pid":"0f375690-8e66-4b27-ad59-e2efa7e9367e","full":3.8},"geometry":{"type":"Polygon","coordinates":[[[136.24256,36.17434],[136.24251,36.17525],[136.24266,36.17526],[136.24271,36.17435],[136.24256,36.17434]]]}},{"type":"Feature","properties":{"pid":"dc0ea3c6-6505-44ad-be45-6a1272f54012","full":5.0},"geometry":{"type":"Polygon","coordinates":[[[136.24307,36.17527],[136.24312,36.17451],[136.24295,36.1745],[136.24294,36.17452],[136.24293,36.17452],[136.24289,36.17527],[136.24307,36.17527]]]}},{"type":"Feature","properties":{"pid":"30e2686d-1c1d-4513-8138-8853dae6fe30","full":3.8},"geometry":{"type":"Polygon","coordinates":[[[136.24312,36.17451],[136.24308,36.17528],[136.24325,36.17528],[136.24329,36.17453],[136.24327,36.17453],[136.24327,36.17452],[136.24312,36.17451]]]}},{"type":"Feature","properties":{"pid":"e0df0ab8-23f8-4cf9-917d-46b8c7233a63","full":19.0},"geometry":{"type":"Polygon","coordinates":[[[136.2433,36.17452],[136.24326,36.17528],[136.24372,36.1753],[136.24375,36.17483],[136.24349,36.17463],[136.2433,36.17452]]]}},{"type":"Feature","properties":{"pid":"8609b11e-b696-4d9d-9073-1075e63d9d2b","full":8.1},"geometry":{"type":"Polygon","coordinates":[[[136.24376,36.17483],[136.24373,36.1753],[136.24428,36.17533],[136.2443,36.17524],[136.24376,36.17483]]]}},{"type":"Feature","properties":{"pid":"2a521d2b-9c20-4a2e-b28a-1d3d75dfad72","full":5.3},"geometry":{"type":"Polygon","coordinates":[[[136.24661,36.17408],[136.24669,36.17382],[136.24652,36.1737],[136.2463,36.17393],[136.24624,36.17389],[136.24619,36.17395],[136.24649,36.17416],[136.24656,36.1741],[136.24657,36.17411],[136.24661,36.17408]]]}},{"type":"Feature","properties":{"pid":"343a79f8-37ae-4844-a1a7-1dd5f3736bd1","full":17.9},"geometry":{"type":"Polygon","coordinates":[[[136.24587,36.1746],[136.24589,36.17461],[136.24588,36.17463],[136.24639,36.17474],[136.24652,36.17435],[136.24606,36.17404],[136.24587,36.1746]]]}},{"type":"Feature","properties":{"pid":"da9e6ca7-6119-45fa-86da-8b4d7f48ec53","full":12.1},"geometry":{"type":"Polygon","coordinates":[[[136.24586,36.17463],[136.24574,36.17497],[136.24576,36.17497],[136.24576,36.17499],[136.24626,36.17511],[136.24639,36.17475],[136.24586,36.17463]]]}},{"type":"Feature","properties":{"pid":"3881dbbf-5675-4433-9d5b-8422fbc370ea","full":54.4},"geometry":{"type":"Polygon","coordinates":[[[136.24475,36.17547],[136.24493,36.17561],[136.24494,36.17559],[136.24572,36.17619],[136.24601,36.17575],[136.24596,36.17574],[136.24597,36.17571],[136.2458,36.17566],[136.24591,36.17542],[136.24587,36.1754],[136.24588,36.17537],[136.24504,36.17508],[136.24501,36.17509],[136.24477,36.1754],[136.24475,36.17547]]]}},{"type":"Feature","properties":{"pid":"dec16f29-108d-4f4e-90a4-830e8559e376","full":10.3},"geometry":{"type":"Polygon","coordinates":[[[136.24721,36.17502],[136.24705,36.17494],[136.24718,36.17477],[136.24703,36.17467],[136.24701,36.1747],[136.24697,36.17469],[136.24667,36.17529],[136.24694,36.1754],[136.24721,36.17502]]]}},{"type":"Feature","properties":{"pid":"fdf891a7-3b56-45f2-ac28-271bd6e92be9","full":10.7},"geometry":{"type":"Polygon","coordinates":[[[136.24849,36.17382],[136.24791,36.17381],[136.24815,36.17437],[136.24821,36.17437],[136.24837,36.17415],[136.24843,36.17403],[136.24849,36.17382]]]}},{"type":"Feature","properties":{"pid":"11a4813c-1bfb-4d67-9f09-f8f0db509eab","full":2.4},"geometry":{"type":"Polygon","coordinates":[[[136.24695,36.17419],[136.24688,36.17442],[136.24691,36.1744],[136.24693,36.17441],[136.24748,36.17387],[136.24742,36.17373],[136.24695,36.17419]]]}},{"type":"Feature","properties":{"pid":"26b6907e-24c1-4906-9c73-43f7720e2697","full":1.3},"geometry":{"type":"Polygon","coordinates":[[[136.24754,36.174],[136.24749,36.17388],[136.24693,36.17441],[136.24693,36.17442],[136.24692,36.17444],[136.24701,36.1745],[136.24754,36.174]]]}},{"type":"Feature","properties":{"pid":"2d63a03b-6a16-4f5b-adaa-4dcc9212ec44","full":2.3},"geometry":{"type":"Polygon","coordinates":[[[136.24711,36.17458],[136.24714,36.17455],[136.24716,36.17456],[136.2476,36.17414],[136.24754,36.174],[136.24701,36.17451],[136.24711,36.17458]]]}},{"type":"Feature","properties":{"pid":"e13c93fd-73e0-4764-b048-7e801a2648de","full":7.6},"geometry":{"type":"Polygon","coordinates":[[[136.24761,36.17414],[136.24716,36.17456],[136.24718,36.17457],[136.24715,36.1746],[136.24729,36.1747],[136.24738,36.17461],[136.24748,36.17467],[136.24773,36.17443],[136.24761,36.17414]]]}},{"type":"Feature","properties":{"pid":"7e98506b-5e21-4f2c-93a7-57cbc229b67e","full":4.5},"geometry":{"type":"Polygon","coordinates":[[[136.24713,36.17363],[136.24695,36.17418],[136.24742,36.17373],[136.24731,36.17347],[136.24713,36.17363]]]}},{"type":"Feature","properties":{"pid":"bee55f4d-ee60-4317-a6dd-5ccdabbdd464","full":41.4},"geometry":{"type":"Polygon","coordinates":[[[136.24958,36.17366],[136.24951,36.17475],[136.24998,36.17478],[136.24999,36.17476],[136.25003,36.17476],[136.25011,36.17368],[136.24958,36.17366]]]}},{"type":"Feature","properties":{"pid":"c6099811-2850-4184-86ec-3e3c0beadb93","full":35.7},"geometry":{"type":"Polygon","coordinates":[[[136.24896,36.17416],[136.24893,36.17468],[136.24947,36.17486],[136.24955,36.17366],[136.2494,36.17365],[136.24913,36.17397],[136.24896,36.17416]]]}},{"type":"Feature","properties":{"pid":"ea9f9d59-68ab-4c0f-b64d-d78fc2032532","full":3.0},"geometry":{"type":"Polygon","coordinates":[[[136.2495,36.17475],[136.2495,36.17486],[136.24994,36.175],[136.25,36.17497],[136.25002,36.17481],[136.24998,36.1748],[136.24998,36.17479],[136.2495,36.17475]]]}}],"precision":5}