{"type":"FeatureCollection","features":[{"type":"Feature","properties":{"pid":"f25bcda3-16f5-477a-b769-b9ff28c9bfb9"},"geometry":{"type":"Polygon","coordinates":[[[136.25161566989846,36.05277832569243],[136.25146841075977,36.05277366968464],[136.2514589269232,36.05287868270384],[136.25161380633074,36.052881972807825],[136.25161566989846,36.05277832569243]]]}},{"type":"Feature","properties":{"pid":"241b60bd-2cdc-4447-8605-56163380c701"},"geometry":{"type":"Polygon","coordinates":[[[136.25014386322974,36.05021663203759],[136.24998685876108,36.05021312239733],[136.2499799596636,36.050351017368534],[136.25013918685087,36.05035457660939],[136.25014386322974,36.05021663203759]]]}},{"type":"Feature","properties":{"pid":"533598eb-4cbc-491d-a79b-c39e20718105"},"geometry":{"type":"Polygon","coordinates":[[[136.25086272297293,36.048201634313195],[136.25079592105334,36.04841554598446],[136.25116623759234,36.04842875883999],[136.25117819601167,36.048207736591614],[136.25086272297293,36.048201634313195]]]}},{"type":"Feature","properties":{"pid":"f56297a5-7dc5-4bf2-97df-5fb684fde882"},"geometry":{"type":"Polygon","coordinates":[[[136.25145196760633,36.040621534456854],[136.2504524524393,36.04061103059919],[136.2504492252664,36.040750533786806],[136.25144846485168,36.04076285521913],[136.25145196760633,36.040621534456854]]]}},{"type":"Feature","properties":{"pid":"90017aa6-a6a0-4703-9c10-b3f49874b55f"},"geometry":{"type":"Polygon","coordinates":[[[136.251445776033,36.04085955924972],[136.250445821395,36.040850450887724],[136.25044202854437,36.04107183446474],[136.25144375849163,36.04108340979186],[136.251445776033,36.04085955924972]]]}},{"type":"Feature","properties":{"pid":"a9a889c3-1887-4935-bb31-8fdf22ec8844"},"geometry":{"type":"Polygon","coordinates":[[[136.25141646186273,36.04148577625354],[136.25043609947136,36.04147665874787],[136.25043612840278,36.04168881147156],[136.25143111622336,36.041699816654244],[136.2514342234104,36.0414990675415],[136.25141646186273,36.04148577625354]]]}},{"type":"Feature","properties":{"pid":"04632507-3aef-415a-820f-09c5e5bd519e"},"geometry":{"type":"Polygon","coordinates":[[[136.25141385264018,36.041798959650464],[136.25043397697684,36.04178986552242],[136.25043194252044,36.0420679831614],[136.25142463591743,36.04207506062748],[136.2514327482986,36.04181914343242],[136.25141385264018,36.041798959650464]]]}},{"type":"Feature","properties":{"pid":"08dba89e-630a-4d0a-b28f-c8762847dab8"},"geometry":{"type":"Polygon","coordinates":[[[136.25142673544215,36.04138732042957],[136.25144390474287,36.04137593466838],[136.25144192598074,36.04118450996393],[136.25044113991262,36.041173992834025],[136.2504378001674,36.04137920121587],[136.25142673544215,36.04138732042957]]]}},{"type":"Feature","properties":{"pid":"016aff11-8f7d-4638-a7ea-8011ed5c4897"},"geometry":{"type":"Polygon","coordinates":[[[136.25140486052936,36.04262085774923],[136.25043110696555,36.04260869789393],[136.25042882031818,36.042689124509465],[136.2514190691832,36.04270593107115],[136.25142206695935,36.04263148446153],[136.25140486052936,36.04262085774923]]]}},{"type":"Feature","properties":{"pid":"7e98efce-7841-4166-8f51-d2b907666583"},"geometry":{"type":"Polygon","coordinates":[[[136.25141287784982,36.0425216534335],[136.25142045247924,36.04244111231241],[136.25043357652814,36.0424319882515],[136.25043221358067,36.0425094443259],[136.25141287784982,36.0425216534335]]]}},{"type":"Feature","properties":{"pid":"bc31264d-8065-4e62-8dd5-9beb2be33e89"},"geometry":{"type":"Polygon","coordinates":[[[136.2514065566199,36.042342675886104],[136.25142231671964,36.04232711731197],[136.25142463834027,36.04221892564542],[136.25043086088985,36.04221339946393],[136.25043284815345,36.04233379836362],[136.2514065566199,36.042342675886104]]]}},{"type":"Feature","properties":{"pid":"aa9b46d0-3b4f-45e7-b9c4-9a6e699638b6"},"geometry":{"type":"Polygon","coordinates":[[[136.25140470181475,36.04305642490131],[136.25141474809888,36.04280262904818],[136.25042657290643,36.04278756221828],[136.25042970370734,36.04304712030305],[136.25140470181475,36.04305642490131]]]}},{"type":"Feature","properties":{"pid":"a24db4f0-992f-42b3-bb01-cae4f1b583f4"},"geometry":{"type":"Polygon","coordinates":[[[136.25140574682965,36.04315225940804],[136.2504274724772,36.04314348168212],[136.25042899715515,36.043210654691656],[136.25140791744457,36.04322039390178],[136.25140574682965,36.04315225940804]]]}},{"type":"Feature","properties":{"pid":"024cac7f-fd9c-4b6b-8b4b-d4732574e194"},"geometry":{"type":"Polygon","coordinates":[[[136.25140640989255,36.04332194629377],[136.25042816573495,36.043310032001976],[136.2504246123638,36.04353923016009],[136.25140119367353,36.04355117650426],[136.25140640989255,36.04332194629377]]]}},{"type":"Feature","properties":{"pid":"3f1d38db-ee19-47e9-bf42-905759202585"},"geometry":{"type":"Polygon","coordinates":[[[136.25136053132138,36.04416529951634],[136.2504086503844,36.04415238522634],[136.25040561104484,36.044301104796034],[136.25134714524913,36.04431847311966],[136.25136053132138,36.04416529951634]]]}},{"type":"Feature","properties":{"pid":"faa43a55-9a3f-46e9-af6d-6eaf231919fd"},"geometry":{"type":"Polygon","coordinates":[[[136.25129289619503,36.04461763156716],[136.25133090626264,36.04459256276645],[136.25134064535797,36.04441353094354],[136.25040063801003,36.044398274360994],[136.25039711115303,36.04458509163849],[136.25129289619503,36.04461763156716]]]}},{"type":"Feature","properties":{"pid":"0dad6388-a87f-4771-b6d7-82ce6ff30989"},"geometry":{"type":"Polygon","coordinates":[[[136.25138063911785,36.04377641052901],[136.25040802845592,36.04375453220607],[136.25040612547215,36.044056613399704],[136.25137064185952,36.04406855751028],[136.25138063911785,36.04377641052901]]]}},{"type":"Feature","properties":{"pid":"e3086116-c71d-4dbe-96bc-3c86b9f0d6f8"},"geometry":{"type":"Polygon","coordinates":[[[136.25216031897705,36.0459980777679],[136.25217858189612,36.046011168316646],[136.25280591663048,36.046013030639884],[136.2528151176661,36.04569543620065],[136.25216657285426,36.045701311889005],[136.25216031897705,36.0459980777679]]]}},{"type":"Feature","properties":{"pid":"11a93949-f135-4da7-8ed3-4ba71a4456f6"},"geometry":{"type":"Polygon","coordinates":[[[136.25250549548173,36.044993917001214],[136.252505564731,36.045022276139726],[136.25241080920966,36.045195430747356],[136.25282147256465,36.04519277150394],[136.25282351117843,36.045012178589985],[136.25250549548173,36.044993917001214]]]}},{"type":"Feature","properties":{"pid":"8f51d152-cf5d-4963-bbbf-8428edd5c151"},"geometry":{"type":"Polygon","coordinates":[[[136.25361464766073,36.04500376784359],[136.2530025805142,36.04500686834937],[136.25299737871234,36.04537864336163],[136.25365544201193,36.04538330031359],[136.25361464766073,36.04500376784359]]]}},{"type":"Feature","properties":{"pid":"7b93dd98-f3ef-49b8-9cf5-46fd59337b9f"},"geometry":{"type":"Polygon","coordinates":[[[136.25300196737618,36.04460365723468],[136.25300209888,36.04463158544373],[136.25345909629465,36.04464995543006],[136.25343817154592,36.04461691976311],[136.25300196737618,36.04460365723468]]]}},{"type":"Feature","properties":{"pid":"300c793a-5101-429e-b884-65ae103e3127"},"geometry":{"type":"Polygon","coordinates":[[[136.2529926113912,36.04553614030722],[136.25366433108263,36.045534610578734],[136.25366112253116,36.04548265090843],[136.25299443791403,36.04547711049282],[136.2529926113912,36.04553614030722]]]}},{"type":"Feature","properties":{"pid":"6ced31d4-8318-47a7-9c49-d3eb692e3f44"},"geometry":{"type":"Polygon","coordinates":[[[136.25503439440448,36.046212522302866],[136.25503154564737,36.04594380295679],[136.25487531336435,36.045949876059744],[136.2548655005041,36.046235803123636],[136.25503439440448,36.046212522302866]]]}},{"type":"Feature","properties":{"pid":"1647958a-648d-4ef6-8606-bd83df565b3b"},"geometry":{"type":"Polygon","coordinates":[[[136.25547559934307,36.04509353544418],[136.25537476597776,36.04511241132948],[136.25536920475076,36.045162629465565],[136.25538312289643,36.04517535276011],[136.25548467181815,36.04517715395775],[136.25547559934307,36.04509353544418]]]}},{"type":"Feature","properties":{"pid":"31a23210-cbf0-47b9-a6c0-991ca2d04435"},"geometry":{"type":"Polygon","coordinates":[[[136.2557359272993,36.045191831186344],[136.2557025911929,36.044794221784734],[136.25569429637537,36.044870344252416],[136.25566629716775,36.044889209630405],[136.25559317513532,36.044900099605975],[136.25558016543292,36.044954770317325],[136.25560752264258,36.045192104798865],[136.2557359272993,36.045191831186344]]]}},{"type":"Feature","properties":{"pid":"0c8d7919-da63-40c4-b618-f246f173dee5"},"geometry":{"type":"Polygon","coordinates":[[[136.2559534473219,36.04525765794061],[136.25596522374704,36.04522921784112],[136.25599637436716,36.04521308333629],[136.2562098321349,36.04520625419432],[136.25620848632562,36.04510766764156],[136.25624136452555,36.0450741801296],[136.2564847817003,36.04506940507887],[136.2565051061801,36.04383677834728],[136.2559217383989,36.04383980660411],[136.25591104383585,36.04551681734773],[136.2559582775372,36.045520366325974],[136.2559534473219,36.04525765794061]]]}},{"type":"Feature","properties":{"pid":"2ba52fe9-7922-4ebb-9030-2837ad037a23"},"geometry":{"type":"Polygon","coordinates":[[[136.2567525989653,36.04597972873285],[136.25674595399593,36.045662399201305],[136.2565216804432,36.045685556277796],[136.25652409761474,36.046013615584215],[136.2567525989653,36.04597972873285]]]}},{"type":"Feature","properties":{"pid":"01033fa2-c1f0-4fe9-992d-24cbacb45aa4"},"geometry":{"type":"Polygon","coordinates":[[[136.25640575516556,36.04602983291388],[136.2564035136325,36.045692985144406],[136.256337301344,36.045693993916366],[136.25634625564402,36.0460377438939],[136.25640575516556,36.04602983291388]]]}},{"type":"Feature","properties":{"pid":"6a23f8b7-d921-4fb6-a786-c1f550046102"},"geometry":{"type":"Polygon","coordinates":[[[136.25553654502613,36.04564477287645],[136.2555326824737,36.04578279531639],[136.2555022009435,36.04580729041734],[136.25544565322454,36.04581018591087],[136.25546179249852,36.04617783726912],[136.2556242917741,36.04615636737346],[136.25560800677928,36.04565488874419],[136.25553654502613,36.04564477287645]]]}},{"type":"Feature","properties":{"pid":"611cf29a-8bb8-4f03-9962-5f2bd4c08002"},"geometry":{"type":"Polygon","coordinates":[[[136.25593617643986,36.04569785377684],[136.2559265934917,36.04578253086373],[136.25586966644138,36.04581278638749],[136.2558758121897,36.04614445084236],[136.2561224901117,36.046111659967536],[136.2561168769106,36.04569746773948],[136.25593617643986,36.04569785377684]]]}},{"type":"Feature","properties":{"pid":"dce406e6-8063-41f6-9d5a-5838418ce3ff"},"geometry":{"type":"Polygon","coordinates":[[[136.25613034699913,36.046447196744516],[136.25612889283084,36.04632085334845],[136.25588889416898,36.04635248600487],[136.25588737193274,36.04644454706095],[136.25613034699913,36.046447196744516]]]}},{"type":"Feature","properties":{"pid":"db809578-07f1-451b-bb78-749fbfa4c325"},"geometry":{"type":"Polygon","coordinates":[[[136.25642323800366,36.0464610486804],[136.25642971477933,36.04627899160996],[136.25635183695746,36.046289823758066],[136.25635439539445,36.04645940091415],[136.25642323800366,36.0464610486804]]]}},{"type":"Feature","properties":{"pid":"e5edd058-0531-46b2-b0fb-8cc16ba5bd5a"},"geometry":{"type":"Polygon","coordinates":[[[136.25689749942774,36.04647078538905],[136.25690354713655,36.046216730130794],[136.25655239578262,36.046263214161385],[136.25654524037535,36.04646550474074],[136.25689749942774,36.04647078538905]]]}},{"type":"Feature","properties":{"pid":"a99c5930-3862-4381-95c9-97973671a1cb"},"geometry":{"type":"Polygon","coordinates":[[[136.2568869847309,36.04660469579824],[136.25561430595081,36.04657426967749],[136.25561544923835,36.046739462799614],[136.25688142914044,36.046770973563845],[136.2568869847309,36.04660469579824]]]}},{"type":"Feature","properties":{"pid":"9ba6bbdd-b406-4c12-a1b4-b8184441f644"},"geometry":{"type":"Polygon","coordinates":[[[136.25686969011252,36.04711653741573],[136.25560507544176,36.047090635809035],[136.25559646754172,36.04729148826155],[136.25686371716841,36.04732022247721],[136.25686969011252,36.04711653741573]]]}},{"type":"Feature","properties":{"pid":"778c7376-043c-4e04-a65f-eb7c2260886c"},"geometry":{"type":"MultiPolygon","coordinates":[[[[136.25621046000165,36.04700480036927],[136.25614119391443,36.04697167450426],[136.25613294017043,36.04694205477076],[136.25617833215315,36.04685440686622],[136.25561408813772,36.04683884934267],[136.25560910105276,36.046991877902116],[136.25621046000165,36.04700480036927]]],[[[136.25631125966243,36.046858071599864],[136.25635489904968,36.04687746087106],[136.25637010979406,36.04690520380486],[136.256319845317,36.047007150600706],[136.25687225813152,36.04701901810595],[136.25687362506355,36.046873574048675],[136.25631125966243,36.046858071599864]]]]}},{"type":"Feature","properties":{"pid":"cf5fbd6f-205a-4581-8327-4d79e2748918"},"geometry":{"type":"Polygon","coordinates":[[[136.25543840085058,36.04658966378396],[136.25544668576683,36.046415174900474],[136.25514478345784,36.046461203229875],[136.25515236677205,36.04659888114679],[136.25543840085058,36.04658966378396]]]}},{"type":"Feature","properties":{"pid":"add2dcdf-c1ee-4bd4-8f5d-957fc6a4df1d"},"geometry":{"type":"Polygon","coordinates":[[[136.25502857501442,36.04659845884863],[136.25502199511195,36.046474264993606],[136.2547852178834,36.046498324011],[136.25479256965446,36.046595120811844],[136.25502857501442,36.04659845884863]]]}},{"type":"Feature","properties":{"pid":"11a92cb2-e552-4b48-87ae-b29ba482aa55"},"geometry":{"type":"Polygon","coordinates":[[[136.2546691880447,36.04659829411998],[136.25466237286201,36.0465117697741],[136.25446991898363,36.04653524308036],[136.25447632470718,36.046600231232304],[136.2546691880447,36.04659829411998]]]}},{"type":"Feature","properties":{"pid":"ea1691df-dddd-432b-8843-2cc32137a516"},"geometry":{"type":"Polygon","coordinates":[[[136.25542774330282,36.04698383590833],[136.2554311485736,36.046723439833634],[136.25405006471797,36.046743962022376],[136.25406700424676,36.046962940325685],[136.25542774330282,36.04698383590833]]]}},{"type":"Feature","properties":{"pid":"10dec060-846d-42fd-949e-2cdec331e9b0"},"geometry":{"type":"Polygon","coordinates":[[[136.25408150451523,36.04711469840521],[136.2541133831801,36.04712725246395],[136.2554238240588,36.04715424752308],[136.25542657506858,36.047085158290926],[136.25407763235435,36.047061304608],[136.25408150451523,36.04711469840521]]]}},{"type":"Feature","properties":{"pid":"c3f4848d-5d86-4e49-9ea2-4f67dd2a69a8"},"geometry":{"type":"Polygon","coordinates":[[[136.25542045443484,36.0472555028106],[136.25409112938686,36.04723141496309],[136.25410116053354,36.04749991056681],[136.25412118170797,36.04751138515975],[136.2554104404168,36.04754543525734],[136.25542045443484,36.0472555028106]]]}},{"type":"Feature","properties":{"pid":"8394df3e-c949-42d9-8164-25f206fe1666"},"geometry":{"type":"Polygon","coordinates":[[[136.25413281833613,36.04760779893491],[136.25411714965898,36.0476208251416],[136.25412097319105,36.0476466027269],[136.25540365731527,36.04767629147947],[136.25540590606516,36.04764245797492],[136.25413281833613,36.04760779893491]]]}},{"type":"Feature","properties":{"pid":"09a7a4db-091a-46f0-9b37-e4feb8c731ca"},"geometry":{"type":"Polygon","coordinates":[[[136.25539248233804,36.0477742746106],[136.25412971740013,36.04774782750688],[136.25416294940047,36.04818762783797],[136.25538325150808,36.04821291810326],[136.25539248233804,36.0477742746106]]]}},{"type":"Feature","properties":{"pid":"74dc03de-d23f-475d-ac82-4a9da9bca7e3"},"geometry":{"type":"Polygon","coordinates":[[[136.2568429801061,36.047712292323595],[136.25685346007288,36.04760937912763],[136.2555834907589,36.04757915029238],[136.25557874819518,36.0476804373423],[136.2568429801061,36.047712292323595]]]}},{"type":"Feature","properties":{"pid":"9e7c8bb3-5862-4b0f-9ada-15f783494de5"},"geometry":{"type":"Polygon","coordinates":[[[136.25685390770192,36.04750951533058],[136.25685812759914,36.047418201559914],[136.25559328096162,36.04739082225505],[136.25558690397708,36.04747975088861],[136.25685390770192,36.04750951533058]]]}},{"type":"Feature","properties":{"pid":"0ecffe40-049a-4500-9656-8809387afabd"},"geometry":{"type":"Polygon","coordinates":[[[136.25684699185035,36.04781045585497],[136.25556755839926,36.04777992240904],[136.2555634533295,36.0479745851892],[136.25683973713637,36.04800406173383],[136.25684699185035,36.04781045585497]]]}},{"type":"Feature","properties":{"pid":"1c95144f-f6b4-4e6a-a2f3-3be719c300e2"},"geometry":{"type":"Polygon","coordinates":[[[136.25684118552115,36.04809932764801],[136.25556127975221,36.04807200002785],[136.25555806803052,36.04812088454511],[136.2568387144196,36.04814620157606],[136.25684118552115,36.04809932764801]]]}},{"type":"Feature","properties":{"pid":"a6dd0189-6a1e-4f4e-a8f9-f9073e42e001"},"geometry":{"type":"Polygon","coordinates":[[[136.25808038348805,36.04784451228649],[136.25703224620156,36.04781722172809],[136.25702598960945,36.04797575351313],[136.2580760923761,36.047992870669425],[136.25808038348805,36.04784451228649]]]}},{"type":"Feature","properties":{"pid":"545b4e5f-3044-4db5-99f2-da5836dc00e2"},"geometry":{"type":"Polygon","coordinates":[[[136.25807585600356,36.0475850279777],[136.2570343881194,36.047558500370776],[136.25703411829053,36.04771863447746],[136.2580802199984,36.047744912074144],[136.25807585600356,36.0475850279777]]]}},{"type":"Feature","properties":{"pid":"11c0c087-705c-4344-add6-87d6275612c0"},"geometry":{"type":"Polygon","coordinates":[[[136.25703741538436,36.047461647475615],[136.2580904577575,36.04749122400246],[136.2580912799209,36.047350149718454],[136.2570437429313,36.04732564215812],[136.25703741538436,36.047461647475615]]]}},{"type":"Feature","properties":{"pid":"748e1b9c-3b9a-45c9-a1ba-e85e7d7199c6"},"geometry":{"type":"Polygon","coordinates":[[[136.25812631763853,36.046737857265406],[136.25705982518082,36.046723277701176],[136.25705553858498,36.046871401049394],[136.25811475699172,36.04689168594341],[136.25812631763853,36.046737857265406]]]}},{"type":"Feature","properties":{"pid":"20bb1a49-3eee-49a2-8076-635de9cf807b"},"geometry":{"type":"Polygon","coordinates":[[[136.2581343128251,36.046615594934],[136.2570613150356,36.04658271041965],[136.25706020370325,36.046622979291946],[136.25813285802022,36.0466395495127],[136.2581343128251,36.046615594934]]]}},{"type":"Feature","properties":{"pid":"bb093615-89d5-4172-859c-390a2125edd6"},"geometry":{"type":"Polygon","coordinates":[[[136.25813912801698,36.04639708811159],[136.2570719677383,36.04637366576673],[136.25706799136927,36.04648318433399],[136.25813758583604,36.04651467057113],[136.25813912801698,36.04639708811159]]]}},{"type":"Feature","properties":{"pid":"fa9545b5-7232-493a-97e3-7220a018816c"},"geometry":{"type":"Polygon","coordinates":[[[136.2570554386864,36.04697377052534],[136.25705067818856,36.04713296460685],[136.25810263888917,36.04715885036045],[136.25810959201823,36.046988049260285],[136.2570554386864,36.04697377052534]]]}},{"type":"Feature","properties":{"pid":"b26a833d-3e67-4a2a-ab9b-b34b0b079315"},"geometry":{"type":"Polygon","coordinates":[[[136.25834237878388,36.046687254285914],[136.25949150271117,36.04669419117448],[136.2594954896997,36.046270839377975],[136.2583594584815,36.04626369961152],[136.25835955276597,36.04629248541343],[136.2584599746142,36.04629317211405],[136.2585008017483,36.046321049524],[136.25849580973284,36.04657019894543],[136.25845829466536,36.04661146617966],[136.25834788088312,36.04660844678531],[136.25834237878388,36.046687254285914]]]}},{"type":"Feature","properties":{"pid":"09eeb1ec-0774-4338-a27e-65615f9c4518"},"geometry":{"type":"Polygon","coordinates":[[[136.25947767428002,36.0468000434088],[136.25833585981184,36.04678094721365],[136.25832606799426,36.04691116928849],[136.2594911716437,36.04691948760441],[136.25949235363805,36.04681132264554],[136.25947767428002,36.0468000434088]]]}},{"type":"Feature","properties":{"pid":"eaa89394-de05-44ee-8acc-79328fa33365"},"geometry":{"type":"Polygon","coordinates":[[[136.25947521339023,36.047165408808574],[136.2594908382393,36.04715427267371],[136.25948955782647,36.047020322116],[136.2583202516436,36.04700843507528],[136.25831230669948,36.04715755858911],[136.25947521339023,36.047165408808574]]]}},{"type":"Feature","properties":{"pid":"60342dcc-ba91-4e05-8480-b18f863d56cb"},"geometry":{"type":"Polygon","coordinates":[[[136.2582788403755,36.047489222565694],[136.25826442065193,36.04769444537095],[136.25938792074777,36.04770792184988],[136.25932250233862,36.04769227037374],[136.2592973576875,36.04766357045424],[136.25933867862125,36.047529962571645],[136.25938429988062,36.047501993296976],[136.25947434885464,36.047514026641],[136.25947432861858,36.047465417419474],[136.25830164398897,36.047475131076126],[136.2582788403755,36.047489222565694]]]}},{"type":"Feature","properties":{"pid":"8fedc20a-7d82-46ee-b35d-9a1483fcb5c6"},"geometry":{"type":"Polygon","coordinates":[[[136.2597032564755,36.04799563688433],[136.2605787054311,36.04802151027458],[136.2605713185578,36.04732052573291],[136.2597327635608,36.047314500294846],[136.25971068785276,36.04733550847395],[136.2597032564755,36.04799563688433]]]}},{"type":"Feature","properties":{"pid":"3b60e436-eecf-4e0c-9a90-39e9c18c113c"},"geometry":{"type":"Polygon","coordinates":[[[136.26084885563495,36.047314030619006],[136.26080127026296,36.04734532756037],[136.26080591167621,36.04813572722648],[136.261728956678,36.0481439636404],[136.2617329206664,36.04804706106084],[136.26180022935281,36.04802308895646],[136.26180878174415,36.04732388466342],[136.26084885563495,36.047314030619006]]]}},{"type":"Feature","properties":{"pid":"a4c69ca2-7e18-4de2-8ddd-d94406221361"},"geometry":{"type":"Polygon","coordinates":[[[136.26181354821097,36.04701199712395],[136.26082706293286,36.046996800041555],[136.26082953585427,36.04718254016339],[136.26181216219197,36.04718728119629],[136.26181354821097,36.04701199712395]]]}},{"type":"Feature","properties":{"pid":"373093cf-b48f-405c-b269-fa6b83556686"},"geometry":{"type":"Polygon","coordinates":[[[136.26181672488386,36.046736927104064],[136.26082599548963,36.04673277726849],[136.26082755277525,36.04690272915788],[136.2618143561166,36.04691903544099],[136.26181672488386,36.046736927104064]]]}},{"type":"Feature","properties":{"pid":"4d677e35-686d-4668-96c1-1c541dae734a"},"geometry":{"type":"Polygon","coordinates":[[[136.26181778112354,36.046465989119],[136.26082813229038,36.046457136744465],[136.26082729227153,36.046637946796245],[136.26181618953575,36.04664299964832],[136.26181778112354,36.046465989119]]]}},{"type":"Feature","properties":{"pid":"b6c524cb-099a-4bf4-991f-39e355ee84dd"},"geometry":{"type":"Polygon","coordinates":[[[136.2597340482693,36.04674098760767],[136.25973283197956,36.04716635250281],[136.26057394850918,36.04716757084909],[136.26057600780297,36.04673122658061],[136.25976489103053,36.04671646080442],[136.2597340482693,36.04674098760767]]]}},{"type":"Feature","properties":{"pid":"fd559fac-599a-4a81-bd94-0e54e7633f4f"},"geometry":{"type":"Polygon","coordinates":[[[136.26062275754887,36.04573726351885],[136.26018201782873,36.045732974222304],[136.26018451682748,36.04588151589577],[136.26061807905143,36.04585897119762],[136.26062275754887,36.04573726351885]]]}},{"type":"Feature","properties":{"pid":"33148b46-7b90-4122-b279-d26b002fe9f2"},"geometry":{"type":"Polygon","coordinates":[[[136.25973015513375,36.04659741927023],[136.25976680159727,36.04662141036499],[136.26057498679492,36.046635683708054],[136.2605760705215,36.04607270380081],[136.25972548120555,36.04608826848337],[136.25973015513375,36.04659741927023]]]}},{"type":"Feature","properties":{"pid":"e69225ca-aba3-479a-a967-aab4434b6950"},"geometry":{"type":"Polygon","coordinates":[[[136.26181681306872,36.04637093085377],[136.26182290729597,36.045706564048565],[136.26122894619687,36.04592171712559],[136.26083772628147,36.04603613812985],[136.2608300406866,36.04636361640188],[136.26181681306872,36.04637093085377]]]}},{"type":"Feature","properties":{"pid":"266005c4-cbc7-48ac-8078-6bc5d2dd5596"},"geometry":{"type":"Polygon","coordinates":[[[136.26170523204206,36.045524358814916],[136.26168866539223,36.04534255714023],[136.26148417394592,36.04535345032538],[136.26149471848785,36.04559849169157],[136.26170523204206,36.045524358814916]]]}},{"type":"Feature","properties":{"pid":"77467bb8-0c44-4233-a378-8bb36de39f7f"},"geometry":{"type":"Polygon","coordinates":[[[136.2593454862122,36.04567506068483],[136.25921683921976,36.04569027156231],[136.25852776228183,36.04567459669481],[136.2585254764985,36.04587629753447],[136.2593837995793,36.04588162860023],[136.2593847669488,36.04577885733078],[136.25934999135052,36.0457482887481],[136.2593454862122,36.04567506068483]]]}},{"type":"Feature","properties":{"pid":"74fd8063-132d-4d42-9a03-7df1cce7163d"},"geometry":{"type":"Polygon","coordinates":[[[136.25816445789218,36.045501881678376],[136.25806170431616,36.04551467357216],[136.2580476323206,36.045864432999956],[136.25818231046736,36.045855904286384],[136.25816445789218,36.045501881678376]]]}},{"type":"Feature","properties":{"pid":"de1df853-d5c0-42f9-94cb-57e8b0ab67f5"},"geometry":{"type":"Polygon","coordinates":[[[136.25792474951487,36.0458659671558],[136.25793794757462,36.04552563680114],[136.25755736272492,36.045573850474966],[136.2575527726777,36.04589292057155],[136.25792474951487,36.0458659671558]]]}},{"type":"Feature","properties":{"pid":"849e20fb-268e-409f-9b2d-336f0ecd16d3"},"geometry":{"type":"Polygon","coordinates":[[[136.25814752194856,36.046261422895235],[136.25815078837286,36.04611184989868],[136.2578381405805,36.0461242795434],[136.25783277920902,36.046252634303514],[136.25814752194856,36.046261422895235]]]}},{"type":"Feature","properties":{"pid":"3755c604-509b-4eca-85c0-933edcc85690"},"geometry":{"type":"Polygon","coordinates":[[[136.25771081473425,36.04625321605505],[136.25771712522723,36.04613479601425],[136.25743201611087,36.046158252313845],[136.257435054646,36.046246365109965],[136.25771081473425,36.04625321605505]]]}},{"type":"Feature","properties":{"pid":"0b9e1bf3-38e8-4c6a-8b88-49132ade6386"},"geometry":{"type":"Polygon","coordinates":[[[136.25730997288738,36.04624373641731],[136.2573051824071,36.04616938701793],[136.25707741885375,36.04619308281303],[136.25707627000455,36.04623995870819],[136.25730997288738,36.04624373641731]]]}},{"type":"Feature","properties":{"pid":"5aa2c633-8049-4c75-8a3b-804dc7416934"},"geometry":{"type":"Polygon","coordinates":[[[136.25719419715887,36.045930489910454],[136.25719145339446,36.04561524217313],[136.25686393875114,36.04565022547803],[136.25687050768667,36.045964792622144],[136.25719419715887,36.045930489910454]]]}},{"type":"Feature","properties":{"pid":"5e93287e-22b2-4abd-ab95-e70d7b9fa4cc"},"geometry":{"type":"Polygon","coordinates":[[[136.25740459973946,36.04558669730692],[136.25731110930133,36.045599482838576],[136.25731214457335,36.0459174469838],[136.257399413674,36.04590868365321],[136.25740459973946,36.04558669730692]]]}},{"type":"Feature","properties":{"pid":"d3897f1b-51c5-4a1a-a60e-0bc1b0ebcdc6"},"geometry":{"type":"Polygon","coordinates":[[[136.2573902408545,36.04512273221143],[136.2566593460599,36.045118712892815],[136.25665756373147,36.045235423709975],[136.25738944372935,36.045150855133194],[136.2573902408545,36.04512273221143]]]}},{"type":"Feature","properties":{"pid":"21858174-4f2a-436f-8b48-f848b335b4ec"},"geometry":{"type":"Polygon","coordinates":[[[136.2581739258469,36.04533818501208],[136.25818152418833,36.044989097536146],[136.25796194288807,36.04501534490422],[136.25792236207587,36.04499454231177],[136.25790657878807,36.04493913117125],[136.25756958145416,36.044936597470915],[136.2575597077511,36.04540978188321],[136.2581739258469,36.04533818501208]]]}},{"type":"Feature","properties":{"pid":"e2c624db-52c4-4b32-bce3-322110e115c4"},"geometry":{"type":"Polygon","coordinates":[[[136.2580452772118,36.04453238665552],[136.2575764552847,36.044526015687936],[136.25757134996732,36.0446986317391],[136.25812069206296,36.044709075820144],[136.2581215614227,36.044568963354045],[136.25807175242448,36.04456010754239],[136.2580452772118,36.04453238665552]]]}},{"type":"Feature","properties":{"pid":"24a9906a-ca0c-4966-8c73-c89cd2ff0127"},"geometry":{"type":"Polygon","coordinates":[[[136.25739355403712,36.04452240408537],[136.25667206547934,36.04452850494739],[136.25666102010004,36.04502227397483],[136.25739367994626,36.0450281114751],[136.25739355403712,36.04452240408537]]]}},{"type":"Feature","properties":{"pid":"0b26bd92-a1d5-48fe-81bb-2e590c9f9678"},"geometry":{"type":"Polygon","coordinates":[[[136.25727887578253,36.04436084186789],[136.25667828737082,36.044356162879446],[136.256673812125,36.04442645239513],[136.25728538426276,36.04442514092326],[136.25727887578253,36.04436084186789]]]}},{"type":"Feature","properties":{"pid":"c56e0859-58d4-4053-a9f5-c47c8c9c1f26"},"geometry":{"type":"Polygon","coordinates":[[[136.25758449671648,36.044001794754415],[136.25762157525213,36.044004984105996],[136.25764956915722,36.0440292202631],[136.2581976795646,36.04403105162349],[136.25819944243494,36.04386003601139],[136.25758727804669,36.04385596772945],[136.25758449671648,36.044001794754415]]]}},{"type":"Feature","properties":{"pid":"a56adf35-8aed-403f-b4ab-2e9fba4fed56"},"geometry":{"type":"Polygon","coordinates":[[[136.25725687862825,36.04408237334552],[136.25668350251456,36.04407442032295],[136.25667728511195,36.044256026411006],[136.2572694764405,36.04426077786601],[136.25725687862825,36.04408237334552]]]}},{"type":"Feature","properties":{"pid":"26eee358-5cd5-4c2c-a062-fdfad51d1e86"},"geometry":{"type":"Polygon","coordinates":[[[136.25733428393906,36.04386644398583],[136.25668614185557,36.043862064539034],[136.25668672137937,36.04397781521262],[136.25733656371045,36.04398017387539],[136.25733428393906,36.04386644398583]]]}},{"type":"Feature","properties":{"pid":"0e4d4b13-a488-48b4-8952-6fdba6e7f175"},"geometry":{"type":"Polygon","coordinates":[[[136.25669226311666,36.04364521972473],[136.25740739139587,36.04365247404065],[136.25741499114423,36.043353014136216],[136.25669226603344,36.04334783306743],[136.25669226311666,36.04364521972473]]]}},{"type":"Feature","properties":{"pid":"78a9f98c-0786-4dd7-ab11-a8a4b3ec357f"},"geometry":{"type":"Polygon","coordinates":[[[136.25669831775042,36.04293673524181],[136.25669380389343,36.04325009751205],[136.257416390796,36.04325514601477],[136.25742171435698,36.042951093932196],[136.25669831775042,36.04293673524181]]]}},{"type":"Feature","properties":{"pid":"603afad3-96fa-4087-992d-ed5ac8e0ffd5"},"geometry":{"type":"Polygon","coordinates":[[[136.25816151867255,36.042940226901415],[136.25759286339093,36.04293586689893],[136.25759184262103,36.04302361256333],[136.25816051432582,36.04302667486051],[136.25816151867255,36.042940226901415]]]}},{"type":"Feature","properties":{"pid":"b0dab49b-5c8a-484b-a500-abeb17aa640f"},"geometry":{"type":"Polygon","coordinates":[[[136.25758701061056,36.04335386046866],[136.25815668869737,36.043354890494065],[136.25816262692382,36.0431226934275],[136.25759249875836,36.043123919501035],[136.25758701061056,36.04335386046866]]]}},{"type":"Feature","properties":{"pid":"b05483d1-792f-4587-baee-421067dd0b17"},"geometry":{"type":"Polygon","coordinates":[[[136.25770086489007,36.04353072063129],[136.2577443146495,36.04347541677939],[136.2575964257548,36.04347592873556],[136.2575922176643,36.04365564879669],[136.25770363279966,36.0436590137147],[136.25770086489007,36.04353072063129]]]}},{"type":"Feature","properties":{"pid":"773d318f-72ba-49f7-bcf7-88f35453bf88"},"geometry":{"type":"Polygon","coordinates":[[[136.25929526006837,36.043284313708256],[136.2592138761956,36.04328290092499],[136.25922536671052,36.04349201951473],[136.25931720870204,36.043489860005934],[136.25932403668386,36.04331165498203],[136.25929526006837,36.043284313708256]]]}},{"type":"Feature","properties":{"pid":"e00a7019-7afb-4602-a14c-a8c715daf513"},"geometry":{"type":"Polygon","coordinates":[[[136.25893626383908,36.04328135571121],[136.25844813418493,36.04328022463509],[136.2584514109326,36.04401195688992],[136.25902749856175,36.04395787510661],[136.2590157637703,36.0438284687976],[136.25904065858958,36.04380560054192],[136.259101263158,36.043793348029276],[136.25908483963593,36.04336667204703],[136.25898012139683,36.043359067860536],[136.25893626383908,36.04328135571121]]]}},{"type":"Feature","properties":{"pid":"9a700e3d-c219-46d1-9f56-4ef237298830"},"geometry":{"type":"Polygon","coordinates":[[[136.25843568909056,36.044614872721084],[136.2584657754187,36.044641296347116],[136.25893797755313,36.04463890797758],[136.2588755267118,36.04426453187788],[136.2589105019288,36.044233166052436],[136.25908480490574,36.04421078523442],[136.2590832299102,36.0442004970264],[136.25844325284493,36.04425170073304],[136.25843568909056,36.044614872721084]]]}},{"type":"Feature","properties":{"pid":"cafa81f5-7d51-4675-8a51-1dc879bbb986"},"geometry":{"type":"Polygon","coordinates":[[[136.2600471891574,36.043289673538276],[136.25981301819954,36.04328455440675],[136.25981495691823,36.043411645751384],[136.2600457165817,36.0434093606548],[136.2600471891574,36.043289673538276]]]}},{"type":"Feature","properties":{"pid":"cd207582-0a4c-41df-8bd0-6c807df11be8"},"geometry":{"type":"Polygon","coordinates":[[[136.25941963271435,36.04312466476086],[136.2599913788535,36.04313127977699],[136.2600121413706,36.042883024011445],[136.260053379712,36.04286436884118],[136.26024351619247,36.042868582438345],[136.2602552391993,36.04231545666113],[136.25943024488052,36.04230335241593],[136.25941963271435,36.04312466476086]]]}},{"type":"Feature","properties":{"pid":"9ac1b8cb-1315-4951-aa5d-3f88f87344b8"},"geometry":{"type":"Polygon","coordinates":[[[136.26057429796066,36.042312546325896],[136.2603776810129,36.042310221331576],[136.26036089351138,36.043128169395494],[136.26055962876777,36.04313052019733],[136.26057429796066,36.042312546325896]]]}},{"type":"Feature","properties":{"pid":"34a51b4a-9eaf-4ecd-984f-721f8dd390cc"},"geometry":{"type":"Polygon","coordinates":[[[136.26110269376312,36.043119974270255],[136.26111930777793,36.04313479407287],[136.26160785436744,36.043140250766285],[136.2616112384492,36.04274520733274],[136.26165247438425,36.04270640253915],[136.2620672731011,36.042692972445884],[136.2620994781042,36.042730294743116],[136.2620965029519,36.042903434302836],[136.26217548292502,36.04290321949102],[136.26218022069116,36.04233621278169],[136.26111481508485,36.04232175834079],[136.26110269376312,36.043119974270255]]]}},{"type":"Feature","properties":{"pid":"276b35c1-8faa-4568-b1c1-a10d6d207785"},"geometry":{"type":"Polygon","coordinates":[[[136.2610283079965,36.04137874493637],[136.2607903372503,36.04136635373066],[136.26077565814452,36.04217848775279],[136.26102313422655,36.04218495580163],[136.2610283079965,36.04137874493637]]]}},{"type":"Feature","properties":{"pid":"58348965-c989-4bc2-a391-c7cb4a05916a"},"geometry":{"type":"Polygon","coordinates":[[[136.26147278516495,36.0421872258045],[136.2614806559103,36.041392670062876],[136.26146091621186,36.041374821737655],[136.26115197124125,36.04137690015059],[136.2611448444024,36.042187136137095],[136.26147278516495,36.0421872258045]]]}},{"type":"Feature","properties":{"pid":"24905a10-e347-49d0-b1e5-390ee34d2f75"},"geometry":{"type":"Polygon","coordinates":[[[136.26178766465955,36.04137615167563],[136.26160411159952,36.04137355048041],[136.26159130943273,36.04218896490877],[136.26176717029153,36.04218804832105],[136.26178766465955,36.04137615167563]]]}},{"type":"Feature","properties":{"pid":"d7505b63-0396-4b9e-847f-ad2d7bd9f751"},"geometry":{"type":"Polygon","coordinates":[[[136.26032943284048,36.04135779711392],[136.2603066489089,36.042169243926956],[136.2605520302127,36.04217150083598],[136.26056628907293,36.04136273980639],[136.26032943284048,36.04135779711392]]]}},{"type":"Feature","properties":{"pid":"a0c7fcd5-8d3e-45ec-a159-e5f2fc0406d8"},"geometry":{"type":"Polygon","coordinates":[[[136.26019668272127,36.04135973608197],[136.2599882082231,36.041358063522765],[136.2599788026136,36.04216534556944],[136.26018294813372,36.04216744601313],[136.26019668272127,36.04135973608197]]]}},{"type":"Feature","properties":{"pid":"2cb1c7d8-e312-4744-8123-530c4bc70b1f"},"geometry":{"type":"Polygon","coordinates":[[[136.25976898105458,36.041352684285094],[136.25975160578832,36.04136513859285],[136.25973959249808,36.04216156834725],[136.25985518977276,36.04216352632033],[136.25986387094946,36.041355831624436],[136.25976898105458,36.041352684285094]]]}},{"type":"Feature","properties":{"pid":"bacbdd0b-83fd-4df0-b7b6-f111b6c7b511"},"geometry":{"type":"Polygon","coordinates":[[[136.25963247765543,36.0413600832851],[136.25937167930056,36.04136172139161],[136.25936224699885,36.04216183005847],[136.2596155098376,36.042163587969874],[136.25963247765543,36.0413600832851]]]}},{"type":"Feature","properties":{"pid":"ff6e2cad-15df-44fb-8d7b-0ff5393c4657"},"geometry":{"type":"Polygon","coordinates":[[[136.25846338307588,36.04134459400558],[136.2584491773578,36.04216080878001],[136.2584721346651,36.042160972303606],[136.25847857518536,36.04135767122548],[136.25846338307588,36.04134459400558]]]}},{"type":"Feature","properties":{"pid":"b7410b4d-7881-47e1-a9f1-a68d92660cc2"},"geometry":{"type":"Polygon","coordinates":[[[136.25860016507156,36.0413515056473],[136.25858879645136,36.04216299060927],[136.25869524293307,36.04216275736228],[136.25870240067712,36.041344091462534],[136.25860016507156,36.0413515056473]]]}},{"type":"Feature","properties":{"pid":"53a63fb2-94aa-4967-a697-50a1e9c9b9f3"},"geometry":{"type":"Polygon","coordinates":[[[136.2588241648081,36.041352754558105],[136.25881281986508,36.0421644276344],[136.25887732641374,36.04216470633888],[136.25888566404822,36.04134699795788],[136.2588241648081,36.041352754558105]]]}},{"type":"Feature","properties":{"pid":"a0b31bce-b0ca-4995-8176-c3d446cab7cb"},"geometry":{"type":"Polygon","coordinates":[[[136.2592418717946,36.0421585099707],[136.2592493391788,36.04136185914816],[136.2591664252088,36.04135670545359],[136.25915192256736,36.04215963431937],[136.2592418717946,36.0421585099707]]]}},{"type":"Feature","properties":{"pid":"f982241b-eac1-4981-b383-6a630f611f50"},"geometry":{"type":"Polygon","coordinates":[[[136.25903302552925,36.04216224428516],[136.2590441709524,36.04135005963296],[136.25901167909387,36.04135018747719],[136.25900230015895,36.04216332234211],[136.25903302552925,36.04216224428516]]]}},{"type":"Feature","properties":{"pid":"6057b90b-1629-469f-967d-0220200ec61f"},"geometry":{"type":"Polygon","coordinates":[[[136.25856853120342,36.04311002573511],[136.25930063107063,36.043122286452856],[136.25931088982637,36.04230716466787],[136.2584502484397,36.04229757222422],[136.2584475357116,36.042664498322196],[136.25854341664672,36.04267057908281],[136.25857595514213,36.042708014818444],[136.25856853120342,36.04311002573511]]]}},{"type":"Feature","properties":{"pid":"0a2d6199-f519-4be2-83bb-6b3797748d76"},"geometry":{"type":"Polygon","coordinates":[[[136.2581823750492,36.04204606521383],[136.25818885759128,36.04187925301786],[136.25760479079955,36.041880765805935],[136.2576035535144,36.04204063112967],[136.2581823750492,36.04204606521383]]]}},{"type":"Feature","properties":{"pid":"86fb2e14-0455-4a17-8f71-afb52cf83228"},"geometry":{"type":"Polygon","coordinates":[[[136.25817947828767,36.042145960599484],[136.2576044305344,36.04213937051213],[136.25760060759458,36.042299281422025],[136.25817758170518,36.042300215809114],[136.25817947828767,36.042145960599484]]]}},{"type":"Feature","properties":{"pid":"8e73187c-4ada-43d0-927c-80bde184e954"},"geometry":{"type":"Polygon","coordinates":[[[136.25817236245953,36.04239827295583],[136.25759802545554,36.042395599408046],[136.2575915128402,36.04283731062994],[136.2581642637624,36.04283998760045],[136.25817236245953,36.04239827295583]]]}},{"type":"Feature","properties":{"pid":"436ff88e-2fe1-4acb-bd02-5869d7185932"},"geometry":{"type":"Polygon","coordinates":[[[136.2568252245841,36.04283884408622],[136.25742231156173,36.0428515256032],[136.25742133757498,36.04254714994493],[136.25670220654325,36.04254080817067],[136.25669713146053,36.042782539186824],[136.25679627358218,36.04279078119291],[136.2568252245841,36.04283884408622]]]}},{"type":"Feature","properties":{"pid":"53e2f380-4378-406d-b48e-cca03d57b94e"},"geometry":{"type":"Polygon","coordinates":[[[136.2567037425216,36.04243088540506],[136.25742237503334,36.042449235725165],[136.25743075685466,36.04213974329276],[136.25670650017224,36.04212707812623],[136.2567037425216,36.04243088540506]]]}},{"type":"Feature","properties":{"pid":"ad874e29-d005-4c09-b54f-935477cde060"},"geometry":{"type":"Polygon","coordinates":[[[136.25744364136864,36.04133126398605],[136.25671753591686,36.04132396242588],[136.2567179239886,36.04173731198162],[136.25743726659468,36.041749570141796],[136.25744364136864,36.04133126398605]]]}},{"type":"Feature","properties":{"pid":"29d4c3bc-b715-432e-84c7-1fb1c1eca528"},"geometry":{"type":"Polygon","coordinates":[[[136.25670864332176,36.04201894328204],[136.25672012014002,36.042031120709595],[136.25742986271993,36.042041690757365],[136.2574318480643,36.04184707885434],[136.2567160419285,36.04183414742416],[136.25670864332176,36.04201894328204]]]}},{"type":"Feature","properties":{"pid":"fa0b7cd3-4af6-4604-99c4-a3d3f214cb4c"},"geometry":{"type":"Polygon","coordinates":[[[136.25819759230396,36.04178128830762],[136.25820269892958,36.04132954216064],[136.25761190512733,36.04132470415389],[136.25760530291416,36.041782561966826],[136.25819759230396,36.04178128830762]]]}},{"type":"Feature","properties":{"pid":"6b35bed2-6ce9-4891-83df-e6cd2c8f326f"},"geometry":{"type":"Polygon","coordinates":[[[136.25760435736748,36.04118733249815],[136.25826159193187,36.04118457925827],[136.25826826047947,36.0409820175772],[136.25760368050163,36.04097955325518],[136.25760435736748,36.04118733249815]]]}},{"type":"Feature","properties":{"pid":"4058b493-6cf4-4301-846b-a546f1b8a872"},"geometry":{"type":"Polygon","coordinates":[[[136.2574431783307,36.04097435208974],[136.2567161581275,36.04096979034644],[136.25672000732158,36.04117818469776],[136.25743768058734,36.041182160017165],[136.2574431783307,36.04097435208974]]]}},{"type":"Feature","properties":{"pid":"3b134f85-b326-45e3-9793-0e5d686f35d5"},"geometry":{"type":"Polygon","coordinates":[[[136.2565186580046,36.042031543230244],[136.256535398629,36.04201760260651],[136.25653748425552,36.04177173660736],[136.25554110387378,36.04176266461142],[136.2555354456396,36.04201938897326],[136.2565186580046,36.042031543230244]]]}},{"type":"Feature","properties":{"pid":"3d588f90-9f54-487f-9aa0-9e035570f163"},"geometry":{"type":"Polygon","coordinates":[[[136.25654317216657,36.04132081186771],[136.25554373606892,36.04131051619034],[136.25553868919744,36.041663404367426],[136.25653814056645,36.041672830609535],[136.25654317216657,36.04132081186771]]]}},{"type":"Feature","properties":{"pid":"f1f48c94-f046-4c56-9cac-47e899962f84"},"geometry":{"type":"Polygon","coordinates":[[[136.25537094628737,36.041301291448804],[136.25465141465844,36.04118310517526],[136.25464811069995,36.04171018222166],[136.2553731945702,36.04171220509435],[136.25537094628737,36.041301291448804]]]}},{"type":"Feature","properties":{"pid":"dbbfdfbc-2d5c-41af-8861-af220603c284"},"geometry":{"type":"Polygon","coordinates":[[[136.25447457636247,36.04156097077256],[136.25442036393565,36.04154051647677],[136.25436398482992,36.04164184245247],[136.25447517244834,36.04163419207833],[136.25447457636247,36.04156097077256]]]}},{"type":"Feature","properties":{"pid":"44f77e97-af45-449a-8af8-4e5a96244b13"},"geometry":{"type":"Polygon","coordinates":[[[136.25447275632018,36.04200969283543],[136.2544718581329,36.04173051785174],[136.2543093342229,36.041740788483025],[136.25415728922997,36.04200821767947],[136.25447275632018,36.04200969283543]]]}},{"type":"Feature","properties":{"pid":"67f3aef0-a54a-4c04-9e7b-e909b15f90f8"},"geometry":{"type":"Polygon","coordinates":[[[136.25537413878922,36.041811955230465],[136.2546470516935,36.04181080477853],[136.2546423830975,36.04201645625296],[136.2553667900105,36.04202166161182],[136.25537413878922,36.041811955230465]]]}},{"type":"Feature","properties":{"pid":"5b83295d-6bfe-4207-a53e-bf4cbc841a35"},"geometry":{"type":"Polygon","coordinates":[[[136.25446695076843,36.042108253994954],[136.25410188949334,36.04210829630782],[136.25397337654132,36.04232786782365],[136.2544604356111,36.042332761865],[136.25446695076843,36.042108253994954]]]}},{"type":"Feature","properties":{"pid":"6b67b257-9cd7-4c69-9264-301934b5a0cf"},"geometry":{"type":"Polygon","coordinates":[[[136.25536462166073,36.04211867656605],[136.25464032746072,36.042115939232794],[136.25463429112844,36.042808669488025],[136.25535367560644,36.0428209181739],[136.25536462166073,36.04211867656605]]]}},{"type":"Feature","properties":{"pid":"c1ba7c82-36ad-49c8-a124-97c950cfdbd3"},"geometry":{"type":"Polygon","coordinates":[[[136.25650706812183,36.04283567402717],[136.25652268972829,36.042823175955995],[136.25652851174237,36.04212964434505],[136.25553496165443,36.04211459954229],[136.25552233864929,36.04282853714672],[136.25650706812183,36.04283567402717]]]}},{"type":"Feature","properties":{"pid":"72d78136-40c3-4c68-a625-37b3c8585df6"},"geometry":{"type":"Polygon","coordinates":[[[136.25652411226866,36.04293511508232],[136.25552268660974,36.042928854547746],[136.25552139810705,36.04321438131775],[136.25652226740718,36.04321889245466],[136.25652411226866,36.04293511508232]]]}},{"type":"Feature","properties":{"pid":"90aae891-283a-4e9c-8149-8173af580b21"},"geometry":{"type":"Polygon","coordinates":[[[136.2565205970415,36.0433177400373],[136.25551941883847,36.04331288043044],[136.25551316678366,36.04363112248491],[136.25651181809053,36.04364431020292],[136.2565205970415,36.0433177400373]]]}},{"type":"Feature","properties":{"pid":"cc4d14ec-ab8c-40be-973c-a4c04dcd2968"},"geometry":{"type":"Polygon","coordinates":[[[136.254635697719,36.04396098733152],[136.25491603827547,36.04395166196814],[136.25491641939487,36.04384561627354],[136.2546361168278,36.043844950081855],[136.254635697719,36.04396098733152]]]}},{"type":"Feature","properties":{"pid":"7f13c12a-b07a-41b1-b830-9e45994cff26"},"geometry":{"type":"Polygon","coordinates":[[[136.25443496329592,36.04382391595797],[136.25418944059777,36.04382056518049],[136.25419470126505,36.04399571804782],[136.25443465137627,36.043986978825835],[136.25443496329592,36.04382391595797]]]}},{"type":"Feature","properties":{"pid":"e00bf1ce-cfd3-42c2-8147-544923a3a7e4"},"geometry":{"type":"Polygon","coordinates":[[[136.2544497215578,36.04348337906674],[136.25415693515734,36.04348068818004],[136.25415169498274,36.043616014515585],[136.2544450443549,36.04361995491528],[136.2544497215578,36.04348337906674]]]}},{"type":"Feature","properties":{"pid":"b745a407-65be-4442-9a71-e4da2425a414"},"geometry":{"type":"Polygon","coordinates":[[[136.2553491086881,36.04291516836351],[136.2546317881411,36.04291098819661],[136.25462149236358,36.043612723862516],[136.25534411647212,36.04361945311405],[136.2553491086881,36.04291516836351]]]}},{"type":"Feature","properties":{"pid":"77a65670-aab1-4b10-b705-fdf279a89640"},"geometry":{"type":"Polygon","coordinates":[[[136.25393786854136,36.043285605042],[136.25412390806838,36.04328366850639],[136.25415467281846,36.043306299569586],[136.25415952485082,36.04334747799713],[136.25445261436317,36.043347181338845],[136.25445810816456,36.04291852289032],[136.25364366538108,36.04291163735583],[136.25324763164716,36.04360692952825],[136.25352104958048,36.043610007017705],[136.25352669878745,36.04340273056503],[136.25354248372093,36.043376170282436],[136.25375909820679,36.043314226213184],[136.25393786854136,36.043285605042]]]}},{"type":"Feature","properties":{"pid":"c7ba0a44-917d-4376-bf2b-4227329e429e"},"geometry":{"type":"Polygon","coordinates":[[[136.25316827831696,36.04293746245785],[136.25310635467164,36.043058685261016],[136.25326767388205,36.04311885945014],[136.25333549638685,36.0430035955404],[136.25316827831696,36.04293746245785]]]}},{"type":"Feature","properties":{"pid":"5da05725-990a-47a7-bafb-6794abe165cd"},"geometry":{"type":"Polygon","coordinates":[[[136.25278340444947,36.04327893305384],[136.25309909052305,36.04339521520476],[136.2532100987042,36.04320829512787],[136.25303240193332,36.04314510230199],[136.25278340444947,36.04327893305384]]]}},{"type":"Feature","properties":{"pid":"a234852b-ce44-4df2-9a55-db1e6a12755b"},"geometry":{"type":"Polygon","coordinates":[[[136.25374707206288,36.04416966951246],[136.25374049102584,36.04412232036411],[136.25336774986314,36.04416940955378],[136.2534558382494,36.04424227482009],[136.25374707206288,36.04416966951246]]]}},{"type":"Feature","properties":{"pid":"a9d6826a-c580-4d4e-b30a-c91d2c537b1a"},"geometry":{"type":"Polygon","coordinates":[[[136.25336070385453,36.04451553310936],[136.25329504047565,36.044447689997504],[136.25300385620895,36.04445032249772],[136.25300371259846,36.044504466929176],[136.25336070385453,36.04451553310936]]]}},{"type":"Feature","properties":{"pid":"84257373-26a5-420b-a97c-f2e92d146f65"},"geometry":{"type":"Polygon","coordinates":[[[136.252449407003,36.04373463838671],[136.2528361608032,36.04387780980096],[136.25291040212653,36.043743824258705],[136.252449407003,36.04373463838671]]]}},{"type":"Feature","properties":{"pid":"1c87a100-004d-492a-9e71-60755b93610d"},"geometry":{"type":"Polygon","coordinates":[[[136.25233898267217,36.043965044797424],[136.25228886511687,36.04397622230356],[136.25267377671133,36.04412285882286],[136.25268906906666,36.044095896380504],[136.25233898267217,36.043965044797424]]]}},{"type":"Feature","properties":{"pid":"e7b1ad57-8238-4e0b-b1ea-cbabb57aae26"},"geometry":{"type":"Polygon","coordinates":[[[136.2526173400105,36.04421131263743],[136.25224025434224,36.044064218333034],[136.25198964790164,36.0444979203237],[136.2523828955668,36.044651943339815],[136.2526173400105,36.04421131263743]]]}},{"type":"Feature","properties":{"pid":"c51c64d2-e8f9-46e6-8ac2-19ba2a83e371"},"geometry":{"type":"Polygon","coordinates":[[[136.2515466984235,36.044200483366865],[136.25150565358064,36.04463190322762],[136.25153660524586,36.04463249967224],[136.25189293175777,36.04401910747407],[136.25161198815357,36.04400907897075],[136.2515893445997,36.04416971510684],[136.2515466984235,36.044200483366865]]]}},{"type":"Feature","properties":{"pid":"99581017-29ae-4cf8-b3b3-0387c28a2f74"},"geometry":{"type":"Polygon","coordinates":[[[136.2516334154714,36.04380855652902],[136.25162364655858,36.043909685032816],[136.25194777224314,36.04392342676754],[136.25201674988077,36.043795091215685],[136.25166148650865,36.043776878996255],[136.2516334154714,36.04380855652902]]]}},{"type":"Feature","properties":{"pid":"abc86c41-ba94-4e4d-adba-20fc73fb41ad"},"geometry":{"type":"Polygon","coordinates":[[[136.2530509617291,36.04348639990536],[136.25265907788815,36.04334127169952],[136.25251858502799,36.04360015566255],[136.2529849032316,36.0436094671541],[136.2530509617291,36.04348639990536]]]}},{"type":"Feature","properties":{"pid":"ae55924d-85fe-459b-b0c1-92ca02d32fae"},"geometry":{"type":"Polygon","coordinates":[[[136.25206926531501,36.04287100349552],[136.25245920757527,36.0430282084244],[136.2525639769378,36.04283621260689],[136.25218324989842,36.04268513851371],[136.25206926531501,36.04287100349552]]]}},{"type":"Feature","properties":{"pid":"0ebc997a-ea34-4c66-90e9-112274243914"},"geometry":{"type":"Polygon","coordinates":[[[136.25200100181337,36.04297579891225],[136.25166959124647,36.04354693954309],[136.25167169283358,36.04355883811665],[136.25212975553146,36.04358026965905],[136.2524047249063,36.04311657573138],[136.25202023134335,36.042970779320406],[136.25200100181337,36.04297579891225]]]}},{"type":"Feature","properties":{"pid":"799b897b-b49f-4dcc-ae2b-5e46ee094239"},"geometry":{"type":"Polygon","coordinates":[[[136.25160278297346,36.04326403263025],[136.25192778365914,36.04271919236405],[136.25161150820142,36.042713429444476],[136.25160278297346,36.04326403263025]]]}},{"type":"Feature","properties":{"pid":"0c63ce06-de0b-4e48-b09e-9b7415bed598"},"geometry":{"type":"Polygon","coordinates":[[[136.25220165550613,36.04223091489141],[136.25162278551684,36.04222792164559],[136.251611600557,36.04261349328011],[136.25197715608635,36.04262541477386],[136.25220165550613,36.04223091489141]]]}},{"type":"Feature","properties":{"pid":"5b6c7824-ab60-4832-95b1-cda9fffadff0"},"geometry":{"type":"Polygon","coordinates":[[[136.2522530057979,36.04208647262904],[136.25228074184417,36.04207178934188],[136.25236314945028,36.041916370280916],[136.25162150631016,36.041910072876526],[136.2516204901761,36.042076594431876],[136.2522530057979,36.04208647262904]]]}},{"type":"Feature","properties":{"pid":"3a51cb3b-5bf2-4cde-8cc9-62a5b727b091"},"geometry":{"type":"Polygon","coordinates":[[[136.2525491348693,36.04202582043695],[136.25294771129236,36.042185060106895],[136.25303630071446,36.04203120995494],[136.25263245822543,36.041879330306806],[136.2525491348693,36.04202582043695]]]}},{"type":"Feature","properties":{"pid":"380d796c-1d6e-4c4d-9af5-b4c5ba878cb9"},"geometry":{"type":"Polygon","coordinates":[[[136.25248843759763,36.042129339444294],[136.25247019970615,36.042159658094654],[136.25287146826395,36.04231449948759],[136.25289566119875,36.04227118867869],[136.25248843759763,36.042129339444294]]]}},{"type":"Feature","properties":{"pid":"51dfe139-5983-40c6-a580-8b1e6b22ebed"},"geometry":{"type":"Polygon","coordinates":[[[136.25240475625517,36.042280232241325],[136.2523191436801,36.04242885186107],[136.25271770864165,36.042580650015005],[136.25280464373796,36.04242323237883],[136.25240475625517,36.042280232241325]]]}},{"type":"Feature","properties":{"pid":"ff2f9133-5cfe-4d2b-b66b-ce0c336724ef"},"geometry":{"type":"Polygon","coordinates":[[[136.2534239830598,36.04286283047961],[136.25302514501152,36.04270932517735],[136.25299584130423,36.04276023969425],[136.25338961424765,36.04291411743181],[136.2534239830598,36.04286283047961]]]}},{"type":"Feature","properties":{"pid":"5dffa52c-1e41-40bf-b0bf-6fbf22732396"},"geometry":{"type":"Polygon","coordinates":[[[136.2536080887675,36.04253533329945],[136.253212272832,36.042386747457705],[136.2531610594089,36.0424770720994],[136.25354827704172,36.04263142811749],[136.2536080887675,36.04253533329945]]]}},{"type":"Feature","properties":{"pid":"3ba7857a-697a-4dce-983c-da401ae3501a"},"geometry":{"type":"Polygon","coordinates":[[[136.25350067488705,36.04272302716989],[136.2531072249682,36.04256678585178],[136.25307908306502,36.04261694136346],[136.25347612347088,36.042773383177895],[136.25350067488705,36.04272302716989]]]}},{"type":"Feature","properties":{"pid":"151e316f-86d3-4871-b21c-b2da36b43910"},"geometry":{"type":"Polygon","coordinates":[[[136.25445906861955,36.04281372296399],[136.25446460857157,36.042428727449156],[136.25391802765458,36.042429534664535],[136.25370734140054,36.042805800407464],[136.25445906861955,36.04281372296399]]]}},{"type":"Feature","properties":{"pid":"d66e2af4-b62a-4f30-8ed1-992269ad3169"},"geometry":{"type":"Polygon","coordinates":[[[136.2537624144478,36.042274689907025],[136.2533640671767,36.04212018813968],[136.2533486203811,36.0421445880593],[136.253748103763,36.04229739604334],[136.2537624144478,36.042274689907025]]]}},{"type":"Feature","properties":{"pid":"e7fe2b0d-ef99-4873-987d-5890cef974bc"},"geometry":{"type":"Polygon","coordinates":[[[136.25388499057345,36.04206864318334],[136.2534799424322,36.04191396903563],[136.2534128393625,36.04202987425345],[136.2538185716873,36.042183366427054],[136.25388499057345,36.04206864318334]]]}},{"type":"Feature","properties":{"pid":"cdd0d352-70ed-4657-98c8-070388f34f30"},"geometry":{"type":"Polygon","coordinates":[[[136.25326279335735,36.04229930651375],[136.253652713126,36.04244404946238],[136.25368754337586,36.04238118734072],[136.25329798999473,36.04223478679693],[136.25326279335735,36.04229930651375]]]}},{"type":"Feature","properties":{"pid":"7f5f2828-8ced-477b-857f-55370a2612e1"},"geometry":{"type":"Polygon","coordinates":[[[136.25280854892557,36.04157931992798],[136.2526800787721,36.041794545106505],[136.25308574957583,36.041946903070546],[136.2532108045886,36.04172840411907],[136.25280854892557,36.04157931992798]]]}},{"type":"Feature","properties":{"pid":"53fac8ad-f959-4a97-9a39-48ee03e8a72c"},"geometry":{"type":"Polygon","coordinates":[[[136.2528576061045,36.04148926533543],[136.25325986351675,36.041643391977445],[136.25329855696083,36.04157592109953],[136.2528966438546,36.04142394793604],[136.2528576061045,36.04148926533543]]]}},{"type":"Feature","properties":{"pid":"7f9c4e44-8c63-4572-9973-bdc87a8b084a"},"geometry":{"type":"Polygon","coordinates":[[[136.25413883623617,36.04159542004275],[136.25374825909083,36.04144231120064],[136.25353804052142,36.04181942258548],[136.25393730009725,36.041973681037],[136.25413883623617,36.04159542004275]]]}},{"type":"Feature","properties":{"pid":"7d259d01-5265-4b8b-bec7-3a16e261d42d"},"geometry":{"type":"Polygon","coordinates":[[[136.25439663459963,36.04114055567638],[136.2539626605712,36.04107121614982],[136.2538012302628,36.04135406012491],[136.25419323019867,36.041505410122305],[136.25439663459963,36.04114055567638]]]}},{"type":"Feature","properties":{"pid":"998f360a-fda8-46cc-a721-64a047e1d931"},"geometry":{"type":"Polygon","coordinates":[[[136.25295686395353,36.04133352130347],[136.2533479453479,36.04148384308409],[136.25358055852618,36.04108274973527],[136.25318163990684,36.04093357331936],[136.25295686395353,36.04133352130347]]]}},{"type":"Feature","properties":{"pid":"9f177c0f-043f-4377-8a3d-9746d8e0fb58"},"geometry":{"type":"Polygon","coordinates":[[[136.25162472609915,36.04180536062889],[136.25241591275588,36.04181894838859],[136.2526131402388,36.04148108644083],[136.25162523705484,36.04145776797522],[136.25162472609915,36.04180536062889]]]}},{"type":"Feature","properties":{"pid":"01e6f477-c60b-498d-9a0b-0da462265f2e"},"geometry":{"type":"Polygon","coordinates":[[[136.25162563648627,36.041354464057434],[136.25262774122686,36.04138230106872],[136.25262893091204,36.04119232600661],[136.2516308603646,36.04118395206262],[136.25162563648627,36.041354464057434]]]}},{"type":"Feature","properties":{"pid":"56460a93-5913-4136-8c3d-b4e2417c0f74"},"geometry":{"type":"Polygon","coordinates":[[[136.2516274947455,36.041060282121585],[136.25165446247127,36.04108728239878],[136.25262766148066,36.04109960513082],[136.25263622839546,36.040781045042195],[136.251664263443,36.040768528320896],[136.25164080414558,36.04077824011629],[136.2516274947455,36.041060282121585]]]}},{"type":"Feature","properties":{"pid":"64d6850f-01f8-477d-8b5a-e56cf98322a3"},"geometry":{"type":"Polygon","coordinates":[[[136.25163765218747,36.040665465829505],[136.25264250805407,36.04068279474534],[136.2526419319917,36.04041980647554],[136.25164444506916,36.04041018642045],[136.25163765218747,36.040665465829505]]]}},{"type":"Feature","properties":{"pid":"59b4f69f-5c6c-4aea-95e8-47d70982838f"},"geometry":{"type":"Polygon","coordinates":[[[136.25283137025906,36.04019536980729],[136.25279743701572,36.04116065954206],[136.25336081847013,36.040198734304795],[136.25283137025906,36.04019536980729]]]}},{"type":"Feature","properties":{"pid":"c9a10e26-6e4b-4f13-a5c0-2c265acde0d5"},"geometry":{"type":"Polygon","coordinates":[[[136.25366938595027,36.04087167844551],[136.25329406844952,36.040735337496606],[136.25323180409288,36.04084520817053],[136.25363268251874,36.04099330332417],[136.25366938595027,36.04087167844551]]]}},{"type":"Feature","properties":{"pid":"f2e47b78-94f0-453c-9edd-a9b8e5a8606c"},"geometry":{"type":"Polygon","coordinates":[[[136.253686065057,36.04076083487818],[136.25371511113664,36.04072668283036],[136.2537888430844,36.04072062631967],[136.25338337398088,36.040571974654746],[136.25334171573192,36.040645159334375],[136.253686065057,36.04076083487818]]]}},{"type":"Feature","properties":{"pid":"765a823f-331e-42e1-afc8-1b0785774717"},"geometry":{"type":"Polygon","coordinates":[[[136.25474470963354,36.04055490636637],[136.2543479288579,36.04040671250074],[136.2542051971253,36.040645857112615],[136.25460832871713,36.040795766392456],[136.25474470963354,36.04055490636637]]]}},{"type":"Feature","properties":{"pid":"36b0d1e9-6227-440f-8935-6a1cdaf78f52"},"geometry":{"type":"Polygon","coordinates":[[[136.25672299581717,36.04058963435454],[136.25671799796442,36.04087035520406],[136.25744750784673,36.04087553891845],[136.25745197346333,36.04059405525541],[136.25672299581717,36.04058963435454]]]}},{"type":"Feature","properties":{"pid":"083e8c57-9b76-4696-bacd-a5049f99f8d4"},"geometry":{"type":"Polygon","coordinates":[[[136.25827010328894,36.040825436543685],[136.25762166717894,36.04082078557557],[136.25762152849933,36.0408867499773],[136.25826998796035,36.040887544908095],[136.25827010328894,36.040825436543685]]]}},{"type":"Feature","properties":{"pid":"ee35dfae-7bcb-4c8f-8e43-86825fe01dee"},"geometry":{"type":"Polygon","coordinates":[[[136.26285995530299,36.04101606637489],[136.26287019860624,36.04019603389934],[136.2626700692378,36.04019295810379],[136.26266520738918,36.04101214946589],[136.26285995530299,36.04101606637489]]]}},{"type":"Feature","properties":{"pid":"96fc1179-40ee-43f0-9745-af5fe9a2d498"},"geometry":{"type":"Polygon","coordinates":[[[136.26299944469878,36.04019125935064],[136.26298932872876,36.040191033536004],[136.26298257181477,36.04101984690766],[136.26299944469878,36.04019125935064]]]}},{"type":"Feature","properties":{"pid":"d7d4825b-0350-47af-8a55-8ca6afb1091a"},"geometry":{"type":"Polygon","coordinates":[[[136.262553376491,36.04018408175377],[136.26186111805615,36.040176660873065],[136.26185675163623,36.04024296814921],[136.2623399480472,36.04100873687734],[136.26254533060737,36.041009416321465],[136.262553376491,36.04018408175377]]]}},{"type":"Feature","properties":{"pid":"01269e5b-8f99-4db5-a580-4f8c7d839f45"},"geometry":{"type":"Polygon","coordinates":[[[136.26359175905358,36.0402002363289],[136.26311723185506,36.040195741105585],[136.26310177311154,36.04102129527928],[136.26357173973435,36.04102358233859],[136.26359175905358,36.0402002363289]]]}},{"type":"Feature","properties":{"pid":"31c802e5-929d-4c06-a945-b95e8916ccc6"},"geometry":{"type":"Polygon","coordinates":[[[136.2638244505855,36.04069024017686],[136.26439922411024,36.04069287067166],[136.26440126423466,36.04059824928058],[136.26382582478632,36.040594935347876],[136.2638244505855,36.04069024017686]]]}},{"type":"Feature","properties":{"pid":"b5896b74-0671-49ac-9da2-f68e780187e5"},"geometry":{"type":"Polygon","coordinates":[[[136.264396753821,36.040807453328604],[136.26382283988139,36.04080192209398],[136.2638193198385,36.04104606471485],[136.26439155373345,36.04104864807508],[136.264396753821,36.040807453328604]]]}},{"type":"Feature","properties":{"pid":"cf54fde8-6e53-4750-9bda-230cfb2b0345"},"geometry":{"type":"Polygon","coordinates":[[[136.26529525706923,36.04062330640548],[136.26457813945024,36.040605760939314],[136.2645773037048,36.04062906904501],[136.26529525706923,36.04062330640548]]]}},{"type":"Feature","properties":{"pid":"8c66100a-8914-483d-8072-7e09776737e7"},"geometry":{"type":"Polygon","coordinates":[[[136.2654070569863,36.041128839112595],[136.26540491592223,36.040908167165],[136.26503308017365,36.04112397895572],[136.2654070569863,36.041128839112595]]]}},{"type":"Feature","properties":{"pid":"c64e3367-3618-4842-b8cf-73ebdc040b92"},"geometry":{"type":"Polygon","coordinates":[[[136.26659307238177,36.04082656954936],[136.26558675536458,36.04083022204232],[136.2655866911808,36.041106179811415],[136.26658797476108,36.04111774848536],[136.26659307238177,36.04082656954936]]]}},{"type":"Feature","properties":{"pid":"e5fa7e0e-f28d-4771-9ab8-f71338ba8894"},"geometry":{"type":"Polygon","coordinates":[[[136.26775267415016,36.040747137340034],[136.26777220069962,36.040736643997015],[136.26777382493475,36.04057809484661],[136.26676876941974,36.04057285924878],[136.26676932756072,36.040738537478084],[136.26775267415016,36.040747137340034]]]}},{"type":"Feature","properties":{"pid":"c7915082-dfa9-45aa-b4e3-bf457bbd14b8"},"geometry":{"type":"Polygon","coordinates":[[[136.26774763935205,36.0408440767698],[136.26677008774027,36.04083551073925],[136.26676932150932,36.04086705050541],[136.26777094149776,36.04087579474881],[136.26774763935205,36.0408440767698]]]}},{"type":"Feature","properties":{"pid":"4508fc7f-43c0-4fd3-b4a5-96416454508d"},"geometry":{"type":"Polygon","coordinates":[[[136.26777627221847,36.04097432449543],[136.26676710239548,36.040965389259654],[136.26676314005178,36.04112030008493],[136.26777458461368,36.041132694818096],[136.26777627221847,36.04097432449543]]]}},{"type":"Feature","properties":{"pid":"0770b6f3-9e0e-4382-b1b5-74eb32d05782"},"geometry":{"type":"Polygon","coordinates":[[[136.268081867374,36.04085503545719],[136.26796491370422,36.04085272572263],[136.2679659024754,36.041136519205835],[136.26808282066048,36.04113619088183],[136.268081867374,36.04085503545719]]]}},{"type":"Feature","properties":{"pid":"48304b83-f094-4493-bfeb-da77d8fd2f89"},"geometry":{"type":"Polygon","coordinates":[[[136.26896333501324,36.04086237110818],[136.26820517992832,36.04085651939761],[136.2682057112369,36.04113668355481],[136.26896173227698,36.04114990363447],[136.26896333501324,36.04086237110818]]]}},{"type":"Feature","properties":{"pid":"ce80aaec-0005-4d12-b13e-bdf99cda1e69"},"geometry":{"type":"Polygon","coordinates":[[[136.26796297150582,36.04073815331872],[136.26799420460696,36.04075514894317],[136.26896509151916,36.040763967498165],[136.2689667209299,36.04058449669701],[136.2679671418299,36.04057852610336],[136.26796297150582,36.04073815331872]]]}},{"type":"Feature","properties":{"pid":"af60351f-7ec5-4ccd-bd6d-00fb41876fbd"},"geometry":{"type":"Polygon","coordinates":[[[136.27014964144024,36.04092275080229],[136.26914487920666,36.040917181049124],[136.26914209470786,36.04114688243769],[136.27015442452623,36.04115765283288],[136.27014964144024,36.04092275080229]]]}},{"type":"Feature","properties":{"pid":"10a16872-e537-429b-9d12-16949d7631a8"},"geometry":{"type":"Polygon","coordinates":[[[136.26915085890266,36.04076428419574],[136.2691478803026,36.040818224745344],[136.27015347546126,36.040822614218975],[136.27015597330524,36.0407743362793],[136.26915085890266,36.04076428419574]]]}},{"type":"Feature","properties":{"pid":"3f853653-9202-4b61-993e-ee389f725ea0"},"geometry":{"type":"Polygon","coordinates":[[[136.27016442033678,36.04058435536171],[136.2691580349444,36.04057511478318],[136.2691540998702,36.04066469165336],[136.27016103742565,36.040675898710575],[136.27016442033678,36.04058435536171]]]}},{"type":"Feature","properties":{"pid":"822edd69-e293-41ee-ad77-12654f8166ce"},"geometry":{"type":"Polygon","coordinates":[[[136.27250121338636,36.04047699226713],[136.27152983328003,36.04045968372505],[136.27152578967002,36.04069043299051],[136.27249295833002,36.0406956025278],[136.27250121338636,36.04047699226713]]]}},{"type":"Feature","properties":{"pid":"77ae7e06-56d6-4e60-91ad-3fa585f29985"},"geometry":{"type":"Polygon","coordinates":[[[136.27034060183877,36.040641173208456],[136.27033641505716,36.04088476498895],[136.27133516385157,36.040894799699515],[136.2713326644616,36.04063249836178],[136.2703653859044,36.0406269813186],[136.27034060183877,36.040641173208456]]]}},{"type":"Feature","properties":{"pid":"8d79a674-84af-48dd-ac87-60d90dc37ff3"},"geometry":{"type":"Polygon","coordinates":[[[136.2724415101243,36.04090537508217],[136.272452530833,36.04087523261318],[136.27249224157228,36.0408543722011],[136.2724926649227,36.04079528494019],[136.27152346781648,36.04078977176635],[136.27151219577277,36.04132557705505],[136.2724415101243,36.04090537508217]]]}},{"type":"Feature","properties":{"pid":"9d9cb053-cc85-4464-8576-a871ac24449f"},"geometry":{"type":"Polygon","coordinates":[[[136.27248874220493,36.041536883029735],[136.27248727379057,36.04105537847267],[136.27150040532675,36.04151757457001],[136.27150039097918,36.04152466316718],[136.27248874220493,36.041536883029735]]]}},{"type":"Feature","properties":{"pid":"ed91fd6f-d4ed-49eb-9279-4e4d9e14b5ef"},"geometry":{"type":"Polygon","coordinates":[[[136.27248581157374,36.041635180671236],[136.27150159417536,36.0416247542073],[136.27149962590602,36.04169773482199],[136.27248475006337,36.041711482836924],[136.27248581157374,36.041635180671236]]]}},{"type":"Feature","properties":{"pid":"6da94720-215b-42e8-913e-f691f57fc888"},"geometry":{"type":"Polygon","coordinates":[[[136.271492447276,36.042066601181624],[136.27187010005545,36.04207632275495],[136.2718259654025,36.04204096042214],[136.27183108099004,36.0419329280596],[136.27186911957287,36.04190988257858],[136.27197331755838,36.0419087810637],[136.27202653446858,36.04194064897714],[136.27202820101175,36.04204050274466],[136.27199512064797,36.042073426000485],[136.2719293303411,36.04207700564791],[136.27247865295917,36.0420833376431],[136.27248373036554,36.04181408477831],[136.27149335712988,36.041801871986024],[136.271492447276,36.042066601181624]]]}},{"type":"Feature","properties":{"pid":"0f28988a-b49c-4b5d-bf58-e21c8863ebf3"},"geometry":{"type":"Polygon","coordinates":[[[136.27037134381504,36.04204362483163],[136.27133323322778,36.04205256094532],[136.27134919910026,36.04158828161846],[136.27095411622494,36.04177409550028],[136.27037134381504,36.04204362483163]]]}},{"type":"Feature","properties":{"pid":"6c9ef059-e562-435d-898b-3c20372bdb1e"},"geometry":{"type":"Polygon","coordinates":[[[136.27087772931,36.04165054513214],[136.27088678343154,36.041334382415336],[136.27079553182367,36.041335492411655],[136.270791304748,36.041698208044174],[136.27087772931,36.04165054513214]]]}},{"type":"Feature","properties":{"pid":"bcf948fd-f977-487d-9ccd-118bfb86294c"},"geometry":{"type":"Polygon","coordinates":[[[136.27133761125066,36.041340067622876],[136.27100766911477,36.04133629828654],[136.2710002678628,36.04158423545376],[136.27133515236142,36.04142996701241],[136.27133761125066,36.041340067622876]]]}},{"type":"Feature","properties":{"pid":"41bc332a-766d-4e57-a6bb-e95e72daab01"},"geometry":{"type":"Polygon","coordinates":[[[136.27105692936496,36.04116757256497],[136.27103278891545,36.04113909112557],[136.27103572244582,36.041088970526836],[136.27105424106637,36.041062723962476],[136.27108902084277,36.04105189762703],[136.27115413398522,36.04105755508631],[136.2711824617396,36.041077464808936],[136.2711854897499,36.0411417300802],[136.27116457804323,36.04116951127316],[136.27131463445573,36.04117221356554],[136.27133048577863,36.04116110315683],[136.2713370732362,36.040996587243406],[136.2703340072867,36.04098160603958],[136.27033202301325,36.04115451477991],[136.27105692936496,36.04116757256497]]]}},{"type":"Feature","properties":{"pid":"7fb503e5-e601-4466-88e5-63d996388b60"},"geometry":{"type":"Polygon","coordinates":[[[136.27015232056743,36.041324276287156],[136.2691446664563,36.04130835735621],[136.2691335879589,36.04176851670452],[136.27014137905377,36.04178121793091],[136.27015232056743,36.041324276287156]]]}},{"type":"Feature","properties":{"pid":"4aa7c495-39c7-40c5-9e1f-ae2a287ecffd"},"geometry":{"type":"Polygon","coordinates":[[[136.27067146810174,36.041763456194154],[136.27067576277219,36.04133344784493],[136.27031772419554,36.04133432717752],[136.27031222325968,36.041915527892144],[136.27067146810174,36.041763456194154]]]}},{"type":"Feature","properties":{"pid":"57d51280-225c-4ea5-9789-9aa7b6ffed8e"},"geometry":{"type":"Polygon","coordinates":[[[136.27013866059661,36.041881550222634],[136.26913019999444,36.04186569906382],[136.26911717808287,36.0424450460699],[136.27013601935423,36.042002704424],[136.27013866059661,36.041881550222634]]]}},{"type":"Feature","properties":{"pid":"c595411e-35ac-4337-a0e8-376bcb013501"},"geometry":{"type":"Polygon","coordinates":[[[136.27012070622305,36.042660098025614],[136.27012673749593,36.04214621122975],[136.26909775056265,36.042594806644516],[136.2691046148454,36.04265196812825],[136.27012070622305,36.042660098025614]]]}},{"type":"Feature","properties":{"pid":"1c756985-f1ae-49e0-ade4-eca96d23b227"},"geometry":{"type":"Polygon","coordinates":[[[136.2703153586625,36.042818792345976],[136.27031340012434,36.042867725090154],[136.2709404714392,36.042874665220744],[136.2709445886529,36.042843343613306],[136.270969623329,36.04282078522808],[136.27106256751344,36.04281525306002],[136.27110878085247,36.04283518004144],[136.27111827609247,36.04287663248167],[136.27131334278795,36.04287879042916],[136.27131299664205,36.04275232557743],[136.2703562922803,36.042747720319774],[136.27034534469047,36.042797374644636],[136.2703153586625,36.042818792345976]]]}},{"type":"Feature","properties":{"pid":"2be6e84c-25ae-467d-886d-94b437f20451"},"geometry":{"type":"Polygon","coordinates":[[[136.27032108371944,36.042616443477655],[136.2703206688556,36.042653820257925],[136.27131146176364,36.042659486808525],[136.27131213451204,36.04261819625575],[136.27032108371944,36.042616443477655]]]}},{"type":"Feature","properties":{"pid":"fd43710f-82f4-4ad1-82bf-a22cf3e5bd94"},"geometry":{"type":"Polygon","coordinates":[[[136.27031443804552,36.04243585624535],[136.2703144667607,36.042510753248614],[136.27131528902044,36.04252368434429],[136.27131501305996,36.042443187714916],[136.27031443804552,36.04243585624535]]]}},{"type":"Feature","properties":{"pid":"a4036ae8-eee4-432c-8bfc-6c55471dc96e"},"geometry":{"type":"Polygon","coordinates":[[[136.27131383838434,36.04234592245093],[136.27131461618626,36.042212604127464],[136.2703268585038,36.04220880017091],[136.27032120472714,36.042339254616415],[136.27131383838434,36.04234592245093]]]}},{"type":"Feature","properties":{"pid":"82220333-f7cc-47e3-8ef4-f0922af589a1"},"geometry":{"type":"Polygon","coordinates":[[[136.2714899916807,36.042237385225185],[136.27148965349312,36.04233944402072],[136.2724768732652,36.04234854166864],[136.27247903740954,36.04221699335951],[136.27151558361757,36.0422166509906],[136.2714899916807,36.042237385225185]]]}},{"type":"Feature","properties":{"pid":"d1bf3e75-ea32-43b7-9165-3d4d140a337e"},"geometry":{"type":"Polygon","coordinates":[[[136.27247207028367,36.042444054476874],[136.27148962760037,36.042435621215155],[136.27148406419636,36.043147128021424],[136.27246097448125,36.04315735480417],[136.27247207028367,36.042444054476874]]]}},{"type":"Feature","properties":{"pid":"0d9426f1-8b47-4d60-9c87-8eb1536168a1"},"geometry":{"type":"Polygon","coordinates":[[[136.27030110593063,36.04313883015806],[136.27130696061974,36.043146689286445],[136.27131125869235,36.04297611129903],[136.270308641385,36.04296549044171],[136.27030110593063,36.04313883015806]]]}},{"type":"Feature","properties":{"pid":"749258ab-6aeb-461b-817d-3ce955a2c219"},"geometry":{"type":"Polygon","coordinates":[[[136.27243450802337,36.04356647497132],[136.272456876041,36.04355072768675],[136.27246182489066,36.04325667402076],[136.27148103963873,36.04324537827941],[136.27147756094982,36.043561011689846],[136.27243450802337,36.04356647497132]]]}},{"type":"Feature","properties":{"pid":"bac1a790-b21c-4972-9cc5-5f187b35b24d"},"geometry":{"type":"Polygon","coordinates":[[[136.2724076255817,36.04370334737876],[136.2724533678589,36.04368323672089],[136.272454444805,36.043665582678116],[136.27147630342887,36.04365898447751],[136.27147534441139,36.04369632213182],[136.2724076255817,36.04370334737876]]]}},{"type":"Feature","properties":{"pid":"6952de5f-a1f2-41cc-a756-c665ba4fe5ca"},"geometry":{"type":"Polygon","coordinates":[[[136.27242806779316,36.04380157514731],[136.27147274236046,36.04379403440206],[136.2714697780636,36.043966392346256],[136.27245421342744,36.04397589892056],[136.27245875959005,36.043822605613386],[136.27242806779316,36.04380157514731]]]}},{"type":"Feature","properties":{"pid":"66b5c108-3aba-4f98-a4e3-057fb9d3dcdd"},"geometry":{"type":"Polygon","coordinates":[[[136.27242635182276,36.04407007344791],[136.27146826525936,36.04405761530056],[136.27146097375592,36.0445129851141],[136.27243504072123,36.04451928140967],[136.27245309823954,36.04408781318078],[136.27242635182276,36.04407007344791]]]}},{"type":"Feature","properties":{"pid":"e4d59c43-1329-4ad0-a9f8-108b8b9909af"},"geometry":{"type":"Polygon","coordinates":[[[136.2702986035441,36.04377618119692],[136.27029843400987,36.04395375744912],[136.27129220730842,36.04396919101231],[136.2712952418022,36.04379035804889],[136.2702986035441,36.04377618119692]]]}},{"type":"Feature","properties":{"pid":"ebae43f0-a074-4107-bd62-5a74642f46ef"},"geometry":{"type":"Polygon","coordinates":[[[136.2712883748954,36.04406943460465],[136.2702950227868,36.04405785736739],[136.27029577647554,36.044216248130205],[136.27129310506683,36.044226048762916],[136.2712883748954,36.04406943460465]]]}},{"type":"Feature","properties":{"pid":"1333630b-333a-400a-bf63-cfa247cb967a"},"geometry":{"type":"Polygon","coordinates":[[[136.2702923424881,36.04431981091375],[136.27028447731698,36.04477264961706],[136.27128509417685,36.044783360299064],[136.2712936882749,36.04432707536729],[136.2702923424881,36.04431981091375]],[[136.27085919240375,36.04476296499879],[136.270828917105,36.04473473563406],[136.27082646496868,36.04467482957346],[136.27085972366197,36.0446334091568],[136.27105683110966,36.04463989909307],[136.27110124881523,36.04467276669537],[136.2710931993377,36.04473693025052],[136.27104683843922,36.044773303516145],[136.2709090901892,36.0447782582335],[136.27085919240375,36.04476296499879]]]}},{"type":"Feature","properties":{"pid":"cfb0fcc6-8fff-4bc2-a8b9-036ac625cd0e"},"geometry":{"type":"Polygon","coordinates":[[[136.27008213372147,36.04436962603694],[136.26908389806937,36.04435498174649],[136.26908029404564,36.044747354064114],[136.27007575886063,36.044766670616895],[136.27008213372147,36.04436962603694]]]}},{"type":"Feature","properties":{"pid":"d7dfdbfd-3526-4d35-886e-68e5e7f10c22"},"geometry":{"type":"Polygon","coordinates":[[[136.27009332193933,36.04398316594804],[136.26909191876294,36.04396370018395],[136.26908570240718,36.0442560350939],[136.27008424736712,36.0442688705398],[136.27009332193933,36.04398316594804]]]}},{"type":"Feature","properties":{"pid":"511676bd-f382-407e-aa59-7916176076b6"},"geometry":{"type":"Polygon","coordinates":[[[136.27010137288607,36.043248051436514],[136.26909528264824,36.04323687036802],[136.26908905995566,36.043865342165304],[136.27009076579273,36.043877811508835],[136.27010137288607,36.043248051436514]]]}},{"type":"Feature","properties":{"pid":"d3b14882-a665-4736-b84b-766992cc812b"},"geometry":{"type":"Polygon","coordinates":[[[136.27130009482022,36.04352978435715],[136.27030213022405,36.0435079181645],[136.27029843150368,36.04367229022095],[136.27129430465664,36.04368935433795],[136.27130009482022,36.04352978435715]]]}},{"type":"Feature","properties":{"pid":"2c92200b-9e61-4924-abee-ff678ad2a76d"},"geometry":{"type":"Polygon","coordinates":[[[136.27032296150986,36.043316680274295],[136.2703023370664,36.04340226993928],[136.2713015008886,36.04342571253441],[136.27130479110645,36.04324357798111],[136.27030418773182,36.04323616376622],[136.2703012083146,36.04328120271666],[136.27032296150986,36.043316680274295]]]}},{"type":"Feature","properties":{"pid":"9687003e-75af-492f-bc2b-94394127bd7f"},"geometry":{"type":"Polygon","coordinates":[[[136.27011632515956,36.04276178412022],[136.26910865857332,36.042758005784584],[136.26910033975318,36.043093224298474],[136.2701150407191,36.043101367898714],[136.27011632515956,36.04276178412022]]]}},{"type":"Feature","properties":{"pid":"51bd3e87-a261-4a01-be44-a41308a5276d"},"geometry":{"type":"Polygon","coordinates":[[[136.2683764743418,36.04302815734027],[136.2683970116081,36.04309312732193],[136.2689377760681,36.04309529329612],[136.268940491467,36.04266220722516],[136.26855382145447,36.04282421310083],[136.2683764743418,36.04302815734027]]]}},{"type":"Feature","properties":{"pid":"71da976c-ec21-4630-8534-6c1185cca362"},"geometry":{"type":"Polygon","coordinates":[[[136.2682915889751,36.044034850041555],[136.2689262979485,36.04403114761312],[136.26892627695716,36.04324257154004],[136.26830075727338,36.043243002442644],[136.2682915889751,36.044034850041555]]]}},{"type":"Feature","properties":{"pid":"14fd1905-994e-4866-8df0-6a5c6ff0014b"},"geometry":{"type":"Polygon","coordinates":[[[136.26755277332413,36.04471119530663],[136.26808452313477,36.04471750390851],[136.2681058571785,36.043894591887884],[136.26809257028327,36.043876321947465],[136.2680685982601,36.04387381474097],[136.26802301903973,36.044143465349265],[136.26798826502198,36.04416220959813],[136.2678713030306,36.044163826145244],[136.26773440212182,36.044466000098545],[136.26769917962508,36.04447763199165],[136.2675918589767,36.044472331088556],[136.26755277332413,36.04471119530663]]]}},{"type":"Feature","properties":{"pid":"478f3d44-0c37-4873-a2f3-878d6348e267"},"geometry":{"type":"Polygon","coordinates":[[[136.26759902567986,36.0438948113411],[136.26756398721471,36.043884475050206],[136.2675121382094,36.04389922767075],[136.26741949298253,36.04394508485981],[136.26741203111075,36.04398243265122],[136.26736962171438,36.04400240141074],[136.26736929567167,36.04421646183977],[136.26742700433968,36.04421629117358],[136.2674635734532,36.04415279844234],[136.26750106225074,36.04402738548291],[136.26760208418378,36.043923567159034],[136.26759902567986,36.0438948113411]]]}},{"type":"Feature","properties":{"pid":"e1d37e44-0c6a-4c5b-89dc-57d05a48e3c6"},"geometry":{"type":"Polygon","coordinates":[[[136.26742561090578,36.04292340235582],[136.26753544461715,36.043085694983844],[136.26760269918574,36.04307977573458],[136.267650997112,36.04312487703914],[136.26781450515142,36.04307889155342],[136.26784650722894,36.043094715364774],[136.2679047967373,36.04316638225999],[136.2679240999019,36.04315359936588],[136.26785215344177,36.043041724126326],[136.267849072811,36.04296457059348],[136.2677950082946,36.042738978089965],[136.26742561090578,36.04292340235582]]]}},{"type":"Feature","properties":{"pid":"057f4cec-8600-4e2e-ba5a-d37e690f1580"},"geometry":{"type":"Polygon","coordinates":[[[136.2670924983049,36.04294390199157],[136.26729247144456,36.04282841599796],[136.2672943950635,36.042792661077044],[136.26732887000944,36.04276797396721],[136.26719206272963,36.04231290343855],[136.26701856742756,36.04242107680677],[136.26675523151442,36.04250369737557],[136.26692308614426,36.043045430545305],[136.26701046262602,36.04299373642991],[136.26703240996724,36.042951311448384],[136.2670924983049,36.04294390199157]]]}},{"type":"Feature","properties":{"pid":"76a01a5a-de3c-48e9-8a22-fae89ce0d218"},"geometry":{"type":"Polygon","coordinates":[[[136.26753277467608,36.042092435286385],[136.2672982583406,36.04224106313696],[136.26744908779918,36.04274563756138],[136.26764294272957,36.0426426596076],[136.26766740060964,36.042601397843576],[136.26753277467608,36.042092435286385]]]}},{"type":"Feature","properties":{"pid":"d39cb6e5-adaf-46d9-bf23-ca36367ebcdb"},"geometry":{"type":"Polygon","coordinates":[[[136.26775945670425,36.04158347178542],[136.26676114386396,36.041566012832064],[136.26674832927085,36.04238006550964],[136.26696512335957,36.04231292180939],[136.26746631869258,36.04198850489387],[136.26761961368302,36.041937973897284],[136.26775406559747,36.041918110757],[136.26775945670425,36.04158347178542]]]}},{"type":"Feature","properties":{"pid":"88d1ba09-3b73-4cb3-a975-715c6e2130b8"},"geometry":{"type":"Polygon","coordinates":[[[136.26777474009825,36.04205480876106],[136.26765093221323,36.04205708910129],[136.26778606609872,36.04257343107606],[136.267938963822,36.04250410415246],[136.26777474009825,36.04205480876106]]]}},{"type":"Feature","properties":{"pid":"48b11409-0e41-4db1-8880-eb7a1a212247"},"geometry":{"type":"Polygon","coordinates":[[[136.26798061715877,36.04265057856548],[136.26790731440101,36.042685315491894],[136.26795520821904,36.04288417069685],[136.26806953993068,36.042833045760176],[136.2679967431901,36.04265805353194],[136.26798061715877,36.04265057856548]]]}},{"type":"Feature","properties":{"pid":"13db71e8-074d-4080-9848-a6810043f490"},"geometry":{"type":"Polygon","coordinates":[[[136.26895584781604,36.04215229654162],[136.2679904365649,36.0421473947614],[136.26827251285044,36.042820577805074],[136.26894795212974,36.04251903453969],[136.26895584781604,36.04215229654162]]]}},{"type":"Feature","properties":{"pid":"5735c1bb-3123-4a3c-b905-e3872257be35"},"geometry":{"type":"Polygon","coordinates":[[[136.26896096450193,36.041866967470426],[136.2679376600514,36.041850364092184],[136.26794673822545,36.042014482359896],[136.26795195833108,36.04204343201756],[136.26895729950317,36.04205009951562],[136.26896096450193,36.041866967470426]]]}},{"type":"Feature","properties":{"pid":"9a25785a-1b69-4255-b3ae-fd9a9215c1e2"},"geometry":{"type":"Polygon","coordinates":[[[136.26793835471224,36.04161177364724],[136.26793546959084,36.041748756743466],[136.26896199619955,36.04176013936497],[136.26896612713182,36.041610673356104],[136.26796450049858,36.041595258144206],[136.26793835471224,36.04161177364724]]]}},{"type":"Feature","properties":{"pid":"abb7f0a3-2d0b-456d-a82b-cff006b80444"},"geometry":{"type":"Polygon","coordinates":[[[136.26897199051086,36.04131612357791],[136.26794427155696,36.04130255014035],[136.2679400864763,36.04149265972425],[136.26896812828784,36.041509103280184],[136.26897199051086,36.04131612357791]]]}},{"type":"Feature","properties":{"pid":"51d52443-728f-4b5f-a778-d5e8947dd4b6"},"geometry":{"type":"Polygon","coordinates":[[[136.26776269467032,36.04129909440753],[136.2667668032868,36.04128975989548],[136.26676580381454,36.041333392593245],[136.2677620596056,36.04133819148536],[136.26776269467032,36.04129909440753]]]}},{"type":"Feature","properties":{"pid":"31f58985-43d3-475b-ba54-4eacb245fa73"},"geometry":{"type":"Polygon","coordinates":[[[136.26776084103864,36.041436044664714],[136.26676368394567,36.04143132848055],[136.2667627518305,36.041469534036764],[136.26776013979827,36.0414854264572],[136.26776084103864,36.041436044664714]]]}},{"type":"Feature","properties":{"pid":"703f2199-531e-4b34-9f56-ff952a5b0b5a"},"geometry":{"type":"Polygon","coordinates":[[[136.26558908913634,36.041283997070984],[136.26557235878107,36.041295488332196],[136.26556008554152,36.041660288220385],[136.26657315182322,36.04167941860461],[136.2665857127985,36.04128972140044],[136.26558908913634,36.041283997070984]]]}},{"type":"Feature","properties":{"pid":"c764bba6-dd0d-4e98-98f1-79b4f59f8b1f"},"geometry":{"type":"Polygon","coordinates":[[[136.26556357999164,36.041840578500754],[136.26657296695404,36.04185264412144],[136.26657237822022,36.0417838265644],[136.26558098492416,36.04176081962191],[136.26556308024325,36.04177537692162],[136.26556357999164,36.041840578500754]]]}},{"type":"Feature","properties":{"pid":"d94c9f61-7ec3-4d33-a022-30f615a4f6c2"},"geometry":{"type":"Polygon","coordinates":[[[136.26660318977952,36.043153934607666],[136.2666761533055,36.04313006598692],[136.2667555823404,36.04314406241949],[136.2668143598984,36.043108854876316],[136.26663730530217,36.04253837987711],[136.26643807451546,36.04259559087513],[136.26660318977952,36.043153934607666]]]}},{"type":"Feature","properties":{"pid":"9c4a1b5a-d6cb-4310-bd3f-a82de435d743"},"geometry":{"type":"Polygon","coordinates":[[[136.26657385166916,36.04219724711509],[136.2655764828854,36.042194718995745],[136.26556293744073,36.042661991836994],[136.26581635428235,36.04265769137649],[136.2665762494088,36.04243190889889],[136.26657385166916,36.04219724711509]]]}},{"type":"Feature","properties":{"pid":"aa987da9-dc66-4255-b17b-805a7853fce3"},"geometry":{"type":"Polygon","coordinates":[[[136.26556627011283,36.04194413297223],[136.26556262047492,36.042087748956924],[136.26657811038265,36.042096451217354],[136.26657407370737,36.04194854519139],[136.26556627011283,36.04194413297223]]]}},{"type":"Feature","properties":{"pid":"66c25ca8-3c47-4c8c-b3c9-fe6d09e040df"},"geometry":{"type":"Polygon","coordinates":[[[136.265419003894,36.04266670149274],[136.26541368386896,36.04222961016062],[136.26453788279346,36.042231659422576],[136.26452566716765,36.042704554592646],[136.265419003894,36.04266670149274]]]}},{"type":"Feature","properties":{"pid":"dd3bb511-e812-4789-a75f-60ccc6c1267f"},"geometry":{"type":"Polygon","coordinates":[[[136.264748095738,36.042078106251935],[136.2647619465777,36.04131431218429],[136.26464492606246,36.0413828591217],[136.26464631307567,36.0420777022389],[136.264748095738,36.042078106251935]]]}},{"type":"Feature","properties":{"pid":"16135bf1-2b1e-4887-8b99-748122e01720"},"geometry":{"type":"Polygon","coordinates":[[[136.26539724390213,36.04127244919354],[136.26488380676696,36.0412637343928],[136.26486726931978,36.04207687204915],[136.265390836838,36.042075714672045],[136.26539724390213,36.04127244919354]]]}},{"type":"Feature","properties":{"pid":"d8f500f2-7cac-4239-a990-7269606edeb3"},"geometry":{"type":"Polygon","coordinates":[[[136.26439076724284,36.04115041411462],[136.26381663902325,36.04114556290959],[136.26381238696382,36.041572428708015],[136.264031610432,36.04157126040189],[136.26439116117365,36.04126812541724],[136.26439076724284,36.04115041411462]]]}},{"type":"Feature","properties":{"pid":"13801885-e342-4556-9cb3-68ae528fb53c"},"geometry":{"type":"Polygon","coordinates":[[[136.26405144594094,36.042066711979366],[136.26449721151815,36.042074975124024],[136.2645211228057,36.042059158109325],[136.2645254611049,36.041462692594834],[136.26426210713748,36.04166221461711],[136.26416264968194,36.04181203702473],[136.26405144594094,36.042066711979366]]]}},{"type":"Feature","properties":{"pid":"1b5aac57-c525-4f79-a7e3-3a5fd14e343f"},"geometry":{"type":"Polygon","coordinates":[[[136.26395820292296,36.04170810480651],[136.26379908162602,36.041704660275194],[136.2637899109793,36.04202494009265],[136.26380878824276,36.04202845755798],[136.26395820292296,36.04170810480651]]]}},{"type":"Feature","properties":{"pid":"ce48aafd-da0a-4bc5-8e61-f5cba1a5837f"},"geometry":{"type":"Polygon","coordinates":[[[136.26360296554395,36.04121455304243],[136.2632964703468,36.04121093623086],[136.2632862945358,36.04202379968723],[136.26358292204006,36.042023498141674],[136.26360296554395,36.04121455304243]]]}},{"type":"Feature","properties":{"pid":"b4e8f636-b2e7-432a-b096-590299ac112e"},"geometry":{"type":"Polygon","coordinates":[[[136.2626781638302,36.04153973507788],[136.2626962218419,36.04150261132089],[136.26278065397045,36.041468006788996],[136.26284594026123,36.04147883032588],[136.2628893300484,36.04155341976282],[136.2628786456456,36.041591722099795],[136.2627751116512,36.041630897471926],[136.26272159416916,36.041609295835435],[136.26296181520385,36.04202334333984],[136.26316570792108,36.042023996306916],[136.26317437531173,36.04121122136829],[136.26245155533744,36.041200298120785],[136.26253742389997,36.041351771907514],[136.2626781638302,36.04153973507788]]]}},{"type":"Feature","properties":{"pid":"ebaef05f-ead0-46b8-b4be-fa0983ad47bc"},"geometry":{"type":"Polygon","coordinates":[[[136.26358795851468,36.042164177378915],[136.26303119156537,36.04215956270973],[136.26331378300395,36.04268153170531],[136.2635243999082,36.042679896400635],[136.26357363960255,36.04256690263133],[136.26358795851468,36.042164177378915]]]}},{"type":"Feature","properties":{"pid":"af52e978-f342-4fe5-ba22-8a784fae09a5"},"geometry":{"type":"Polygon","coordinates":[[[136.26422874221018,36.04221819910712],[136.26399308296251,36.04222290059112],[136.26370876218814,36.042994086969685],[136.2643931944049,36.04303898872867],[136.26441667377307,36.042235604014344],[136.26435510098543,36.04222208703289],[136.26432052153632,36.042240909224944],[136.26427093515858,36.04223928897959],[136.26422874221018,36.04221819910712]]]}},{"type":"Feature","properties":{"pid":"61d1612e-09ad-4f6c-bfde-90d15333c2da"},"geometry":{"type":"Polygon","coordinates":[[[136.26420650618903,36.04336969635907],[136.26420599786323,36.0431617978051],[136.26400292514768,36.043144987055285],[136.26405939215607,36.043410122825634],[136.26420650618903,36.04336969635907]]]}},{"type":"Feature","properties":{"pid":"4f7ef3ff-a6d3-4420-8c63-4202adc953f8"},"geometry":{"type":"Polygon","coordinates":[[[136.2643368070085,36.0433354602266],[136.26442344106087,36.04332894120126],[136.26441528511086,36.043168813215274],[136.2643301997658,36.043164716270425],[136.2643368070085,36.0433354602266]]]}},{"type":"Feature","properties":{"pid":"b22f23f1-ac91-4419-a0d2-31ae587aacc7"},"geometry":{"type":"Polygon","coordinates":[[[136.2641850390993,36.043757757919195],[136.26410521511403,36.04356062010426],[136.26391093766742,36.04362221348521],[136.2638044228864,36.04367672625155],[136.263894736659,36.04386966724376],[136.2641850390993,36.043757757919195]]]}},{"type":"Feature","properties":{"pid":"c7c0c7b1-df7f-4410-b111-7cfa5167b60f"},"geometry":{"type":"Polygon","coordinates":[[[136.26362028513245,36.043350235615875],[136.26370162001894,36.043326319818206],[136.26374822473852,36.04335179954071],[136.26379465367424,36.04346388271777],[136.26378106573574,36.04349180071069],[136.26373099824715,36.0435218192894],[136.26394215886643,36.043446529582745],[136.2638755803729,36.0431395327087],[136.2636577109851,36.04312456679966],[136.2636015773912,36.04330185656764],[136.26362028513245,36.043350235615875]]]}},{"type":"Feature","properties":{"pid":"9b39b04b-009f-4ecd-87a3-dc9c0cc62c83"},"geometry":{"type":"Polygon","coordinates":[[[136.26179814135875,36.04331186888899],[136.2618981899548,36.04356376325748],[136.26190848994054,36.043764109597745],[136.26218101377123,36.04376872278751],[136.2622079695158,36.04379674833908],[136.26222989051593,36.043908291612844],[136.26230535166593,36.04390109694193],[136.2623530583482,36.04396129136887],[136.26291395748183,36.04371186716324],[136.26291789560304,36.04367398211459],[136.26294666389526,36.04365123958714],[136.26278062020555,36.04332000536675],[136.26179814135875,36.04331186888899]]]}},{"type":"Feature","properties":{"pid":"000a1aaf-5313-4f51-a3db-4e4095dc359f"},"geometry":{"type":"Polygon","coordinates":[[[136.26542922809918,36.044487773551865],[136.26544292956436,36.04433676576983],[136.26548087371452,36.04431995261834],[136.26559355517165,36.044319776036524],[136.26556595503,36.04402699246449],[136.2655214451354,36.0438588931387],[136.26529312441545,36.04386490638376],[136.26525960723433,36.04385355789433],[136.2652410067644,36.04382370514878],[136.26509906361932,36.04382674222948],[136.26508929517283,36.044485580801116],[136.26542922809918,36.044487773551865]]]}},{"type":"Feature","properties":{"pid":"634fdcc6-0d60-473a-927c-95881b562b50"},"geometry":{"type":"Polygon","coordinates":[[[136.2639653146892,36.04398345453377],[136.2641436347211,36.04435688506437],[136.26489997631623,36.04436491944668],[136.26490666336383,36.04381192790838],[136.26442032126934,36.04381065549384],[136.2639653146892,36.04398345453377]]]}},{"type":"Feature","properties":{"pid":"34aeac74-4430-4b48-b7da-f17c1032538d"},"geometry":{"type":"Polygon","coordinates":[[[136.2647892709452,36.04329752103809],[136.2648106581541,36.04332018307156],[136.26485293412287,36.0433208974318],[136.26487004551674,36.04281890836135],[136.2645509838323,36.04283152724485],[136.26454626617124,36.04306875386182],[136.26474894778733,36.043089950844355],[136.2647802472685,36.04310603801718],[136.26479192695643,36.04313015797016],[136.2647892709452,36.04329752103809]]]}},{"type":"Feature","properties":{"pid":"092252c9-1abf-40ea-824c-b9a96bfc8d05"},"geometry":{"type":"Polygon","coordinates":[[[136.2652355543423,36.04335240839517],[136.26524767515596,36.04279984712651],[136.265009399323,36.04281337977025],[136.26499582619604,36.04333109308911],[136.2652355543423,36.04335240839517]]]}},{"type":"Feature","properties":{"pid":"7fc0bd35-9175-4b29-8606-e7688894d437"},"geometry":{"type":"Polygon","coordinates":[[[136.2653592737395,36.043356373345645],[136.2653708983871,36.043381204495816],[136.265419460186,36.04339200831016],[136.2654221361825,36.043327929688004],[136.2654373418567,36.04330543421595],[136.2655321791412,36.04329613879686],[136.26553165394648,36.04311423644056],[136.26555149906523,36.04308346307954],[136.26579713010798,36.043072998766974],[136.26576309968448,36.0427937260656],[136.26537088679632,36.04280423211229],[136.2653592737395,36.043356373345645]]]}},{"type":"Feature","properties":{"pid":"fbf7fb59-f332-4fd4-897a-11cfe29a21d6"},"geometry":{"type":"Polygon","coordinates":[[[136.26647839883344,36.04315223103578],[136.26633013770618,36.04264131671852],[136.2660823689113,36.042699905527705],[136.26589042624644,36.04277652904716],[136.2659329744405,36.043070792835024],[136.26606263332113,36.04315812042725],[136.26647839883344,36.04315223103578]]]}},{"type":"Feature","properties":{"pid":"df9009bb-22fc-4df6-826b-5b593e1ba31f"},"geometry":{"type":"Polygon","coordinates":[[[136.26554168027977,36.04486733170293],[136.2655283697723,36.04487957250998],[136.26551794637373,36.045776582484976],[136.2665119124708,36.04578574319341],[136.2665214497944,36.04489983243336],[136.26554168027977,36.04486733170293]]]}},{"type":"Feature","properties":{"pid":"947950b3-f886-4fea-a420-9fec03e8b20b"},"geometry":{"type":"Polygon","coordinates":[[[136.26651079252824,36.0458972071245],[136.26551663708884,36.04588592531396],[136.26550957698112,36.04646333521141],[136.26650530664756,36.04647131746235],[136.26651079252824,36.0458972071245]]]}},{"type":"Feature","properties":{"pid":"d42a7d1c-81b1-44e5-945c-3abde6cff88f"},"geometry":{"type":"Polygon","coordinates":[[[136.2653110553929,36.04558343689053],[136.26469245422552,36.045571237567934],[136.26481012752157,36.04578892023855],[136.26530788181225,36.04579315962856],[136.2653110553929,36.04558343689053]]]}},{"type":"Feature","properties":{"pid":"eb13b69d-4f8e-4fe6-b4db-a8fc0400530c"},"geometry":{"type":"Polygon","coordinates":[[[136.26456716779438,36.04483486815297],[136.26460905148693,36.04513354337775],[136.26458088352103,36.04516926335418],[136.2645203640442,36.04517561649052],[136.26456816776695,36.0452943944786],[136.2646376297604,36.04529996619617],[136.2646705249661,36.04532686159231],[136.26469767932053,36.04542502100314],[136.26464663111338,36.04546777393216],[136.2653129935805,36.04547806537758],[136.26532406605418,36.04486276634625],[136.26456716779438,36.04483486815297]]]}},{"type":"Feature","properties":{"pid":"ca683a09-84c3-4751-8808-3d5c711cfeea"},"geometry":{"type":"Polygon","coordinates":[[[136.26528141921196,36.044595818481035],[136.2650869211234,36.04459624854007],[136.26508758058918,36.04465397458207],[136.26527988455146,36.0446611048414],[136.26528141921196,36.044595818481035]]]}},{"type":"Feature","properties":{"pid":"69535158-5bf8-45d6-b894-54718a2519a9"},"geometry":{"type":"Polygon","coordinates":[[[136.26312013901267,36.0458359657611],[136.26408181335168,36.04585208296046],[136.26370243555726,36.04505323400502],[136.2631233396478,36.04526445865037],[136.26312013901267,36.0458359657611]]]}},{"type":"Feature","properties":{"pid":"64232be5-d862-4ede-b505-1f4fd05db9c6"},"geometry":{"type":"Polygon","coordinates":[[[136.26315520276654,36.04498209355074],[136.26351089155318,36.044848399806426],[136.26355225932292,36.044809508295515],[136.2635191794286,36.04475132431154],[136.26315602862076,36.04488734160218],[136.26315520276654,36.04498209355074]]]}},{"type":"Feature","properties":{"pid":"3ae5c4c3-14a6-42be-a7b6-ae7733e4d3c1"},"geometry":{"type":"Polygon","coordinates":[[[136.26293473993115,36.04502277735907],[136.2629426368062,36.0443688362874],[136.26290855298578,36.04436674894697],[136.26290488962462,36.04450891726748],[136.2628754882672,36.044533329343984],[136.26277558821218,36.04455961468824],[136.26277398465908,36.044678367944634],[136.26275820579843,36.04470534780198],[136.2625738802113,36.044772612011826],[136.2623587146149,36.04478785442074],[136.2623529670903,36.04527136590387],[136.26289795757367,36.04507426372258],[136.26290776465962,36.045041583912756],[136.26293473993115,36.04502277735907]]]}},{"type":"Feature","properties":{"pid":"d93c1979-1eab-4b4e-9935-535635bdc0f2"},"geometry":{"type":"Polygon","coordinates":[[[136.26210710701258,36.04531829600288],[136.26223240793755,36.04531515701159],[136.26224111350032,36.04479541883364],[136.26222966745203,36.04479619935951],[136.26222906463326,36.04493019926265],[136.26220644471445,36.044958591247195],[136.26192259253202,36.04497600928174],[136.26194291298117,36.04516005720934],[136.26200452677392,36.04518658005672],[136.2620243308159,36.045212122237885],[136.26203120039685,36.045397973373305],[136.26207583223947,36.04538216874305],[136.2620816156215,36.045340076222885],[136.26210710701258,36.04531829600288]]]}},{"type":"Feature","properties":{"pid":"f94daaef-55d0-448d-ab83-74709096c68a"},"geometry":{"type":"Polygon","coordinates":[[[136.26293302644297,36.04553556587581],[136.26293127539986,36.04533729553242],[136.26240597062218,36.04553229658446],[136.26293302644297,36.04553556587581]]]}},{"type":"Feature","properties":{"pid":"c27b894f-bd4f-44b5-9f2e-cb93a59e1530"},"geometry":{"type":"Polygon","coordinates":[[[136.26292861067753,36.04563598515958],[136.26216216043673,36.04562801350717],[136.2620165404087,36.045679458281946],[136.26200327199737,36.04637138412382],[136.26291955275164,36.04637873690644],[136.26292861067753,36.04563598515958]]]}},{"type":"Feature","properties":{"pid":"b12523e1-3d8a-42e1-a374-9e8af603decd"},"geometry":{"type":"Polygon","coordinates":[[[136.2641329514196,36.045959763046454],[136.26311951929543,36.0459466964041],[136.26311656274024,36.04647451620995],[136.26412106707505,36.04648732165876],[136.2641329514196,36.045959763046454]]]}},{"type":"Feature","properties":{"pid":"86f89549-ffd8-4a2e-ad34-1977b3d60f31"},"geometry":{"type":"Polygon","coordinates":[[[136.26411121784145,36.046866300461645],[136.26311498728657,36.04685466661087],[136.26311270967847,36.04719123566875],[136.26411091515803,36.04720005918502],[136.26411121784145,36.046866300461645]]]}},{"type":"Feature","properties":{"pid":"e77ad85f-8222-4741-b9f2-57a9137163ce"},"geometry":{"type":"Polygon","coordinates":[[[136.2641222731376,36.046592433830035],[136.26311749747413,36.046575330982826],[136.26311419616712,36.046745804058936],[136.26411752305305,36.0467581963691],[136.2641222731376,36.046592433830035]]]}},{"type":"Feature","properties":{"pid":"b09ebb10-18e4-4b19-8186-fefac91a7875"},"geometry":{"type":"Polygon","coordinates":[[[136.26291708421363,36.046480795770435],[136.26199919669122,36.04647397366171],[136.26199463659532,36.04719005961662],[136.26290420218322,36.04719606073446],[136.26291708421363,36.046480795770435]]]}},{"type":"Feature","properties":{"pid":"896800b0-7ef4-4916-883b-9c6b910c3474"},"geometry":{"type":"Polygon","coordinates":[[[136.26288958478827,36.047918521917374],[136.262900776258,36.04734021147718],[136.26198805694276,36.047333801199],[136.2619760935251,36.047899427810776],[136.26288958478827,36.047918521917374]]]}},{"type":"Feature","properties":{"pid":"c6c4d44b-6bda-472a-8435-7d7dbdc050ec"},"geometry":{"type":"Polygon","coordinates":[[[136.26289380416273,36.04801470328421],[136.26197665421034,36.0479981499021],[136.26197422630554,36.04816036965878],[136.26289215760232,36.04816940518192],[136.26289380416273,36.04801470328421]]]}},{"type":"Feature","properties":{"pid":"b0987c62-850a-4ae3-a88f-7aff466c1a72"},"geometry":{"type":"Polygon","coordinates":[[[136.26308997412082,36.048043202285555],[136.2631071390128,36.04806171385902],[136.2640924859013,36.048068438209825],[136.26410752297025,36.04735494502958],[136.26310723117714,36.04734376929836],[136.26308997412082,36.048043202285555]]]}},{"type":"Feature","properties":{"pid":"5474b901-3b6a-45bb-bd42-bc388b006cd4"},"geometry":{"type":"Polygon","coordinates":[[[136.26497970683866,36.047864730772226],[136.2642764018279,36.047855992347785],[136.26427307853058,36.04806802049805],[136.2650762867698,36.04807921226086],[136.26497970683866,36.047864730772226]]]}},{"type":"Feature","properties":{"pid":"8fb3273b-e76e-4a71-91c0-3167cb485c39"},"geometry":{"type":"Polygon","coordinates":[[[136.2647439727299,36.04736805479871],[136.26428216638215,36.0473580039201],[136.26427718459828,36.04775785962366],[136.264924260679,36.047762818534956],[136.2647439727299,36.04736805479871]]]}},{"type":"Feature","properties":{"pid":"795d3cad-1555-4515-99fd-80221ea7668f"},"geometry":{"type":"Polygon","coordinates":[[[136.26433779382165,36.04635747247611],[136.26429507908773,36.04626344094252],[136.26428688927362,36.047199092566196],[136.2646780917928,36.047202135006266],[136.26431275951558,36.046442352822176],[136.26433779382165,36.04635747247611]]]}},{"type":"Feature","properties":{"pid":"d48f7bb6-b85a-4e2c-805b-1f499b1d5d84"},"geometry":{"type":"Polygon","coordinates":[[[136.2652916836904,36.046894652418494],[136.26530604189358,36.04590070002621],[136.26485714177812,36.04589345466363],[136.26507558030116,36.0463877520824],[136.26513339170796,36.04655639845818],[136.2652916836904,36.046894652418494]]]}},{"type":"Feature","properties":{"pid":"8381b58b-59ce-455b-a8a5-8bb0ca4c6527"},"geometry":{"type":"Polygon","coordinates":[[[136.26651127770418,36.04699150319125],[136.26650498441256,36.04657693640693],[136.26550037314723,36.04656848228373],[136.26550081258813,36.0469810339704],[136.26651127770418,36.04699150319125]]]}},{"type":"Feature","properties":{"pid":"508f6563-15af-4af4-8afb-b383b27154ee"},"geometry":{"type":"Polygon","coordinates":[[[136.2655321202293,36.0473975579516],[136.2656669964238,36.04769896629787],[136.2664979450631,36.047714872045454],[136.2665045763724,36.04715665701701],[136.26548111417975,36.04714984641339],[136.26561723852168,36.04715538171134],[136.26565587512968,36.04719002827666],[136.2656509395712,36.04737199802879],[136.26561463080796,36.04739765943448],[136.2655321202293,36.0473975579516]]]}},{"type":"Feature","properties":{"pid":"eac34f18-8daf-4de8-992c-79bbc2759292"},"geometry":{"type":"Polygon","coordinates":[[[136.26571588492217,36.047806675970776],[136.2659165227412,36.04825668377398],[136.2659605275862,36.048275918740586],[136.26649130537976,36.04827385520709],[136.26649668929232,36.047820584160796],[136.26571588492217,36.047806675970776]]]}},{"type":"Feature","properties":{"pid":"4bff80b9-5d0d-4738-9cb9-6f1b39dc398a"},"geometry":{"type":"Polygon","coordinates":[[[136.26767448195497,36.04749913521612],[136.26765016825385,36.04746073529683],[136.26765272664096,36.04741432898537],[136.2676748207896,36.04738757665929],[136.26768106796334,36.04717005664814],[136.2666538453203,36.04715123861769],[136.26665735322976,36.04789005878126],[136.26766581220016,36.04790256942813],[136.26767448195497,36.04749913521612]]]}},{"type":"Feature","properties":{"pid":"2ea3d63c-7663-48d0-93d0-b9d8115aa6de"},"geometry":{"type":"Polygon","coordinates":[[[136.26885252201203,36.04815226600047],[136.2688641052079,36.04786341466089],[136.26786895736163,36.047841520174444],[136.26785474044812,36.04814485247659],[136.26885252201203,36.04815226600047]]]}},{"type":"Feature","properties":{"pid":"8a307270-0317-442e-99a7-457f352b7566"},"geometry":{"type":"Polygon","coordinates":[[[136.26786230679488,36.04758779843094],[136.2678690811562,36.0477376915911],[136.26886339716893,36.04775486301457],[136.26887811523937,36.04757706172702],[136.26788435846808,36.04756630999932],[136.26786230679488,36.04758779843094]]]}},{"type":"Feature","properties":{"pid":"d786c5e7-2659-4b27-b3e2-309df0e9d793"},"geometry":{"type":"Polygon","coordinates":[[[136.26768885433512,36.04657997043801],[136.2666870071316,36.04657737493278],[136.26667792194868,36.047005844104824],[136.26768008742917,36.047012527556205],[136.26768885433512,36.04657997043801]]]}},{"type":"Feature","properties":{"pid":"7b8330ff-cd90-4f18-b889-ef9783ab79d2"},"geometry":{"type":"Polygon","coordinates":[[[136.26768510986258,36.04647614077265],[136.26769781589448,36.04612003673504],[136.26767447845262,36.04606497978125],[136.26770256444078,36.04602524975318],[136.2676973387872,36.045708276957384],[136.26670026014327,36.04569904088611],[136.26669007275433,36.046471681792944],[136.26768510986258,36.04647614077265]]]}},{"type":"Feature","properties":{"pid":"8ea98328-880d-4794-8390-33d7088c97ab"},"geometry":{"type":"Polygon","coordinates":[[[136.26769372063546,36.04561009309519],[136.26768051764674,36.045523864029256],[136.26769976055783,36.04546175458205],[136.26770163773617,36.04520860069944],[136.2676792737847,36.04517299775432],[136.26770174884894,36.045121818396325],[136.26770125158177,36.04492882913524],[136.26706759960155,36.04491990608985],[136.26706250009988,36.04511817188014],[136.26704492602624,36.04514595128988],[136.2667210308428,36.04516593924918],[136.2667098198574,36.045600441619534],[136.26769372063546,36.04561009309519]]]}},{"type":"Feature","properties":{"pid":"ad16a87d-a451-4a0c-b5e6-b8d26878a9ae"},"geometry":{"type":"Polygon","coordinates":[[[136.2689009568048,36.04495861306657],[136.26882803494877,36.04495779210439],[136.26881109761663,36.045198201476744],[136.26889685174018,36.045199166646086],[136.2689009568048,36.04495861306657]]]}},{"type":"Feature","properties":{"pid":"4cdd032e-9731-493c-9711-8e9246203a21"},"geometry":{"type":"Polygon","coordinates":[[[136.270056915283,36.04605479947116],[136.2690577172212,36.04605138387591],[136.2690517758691,36.04662358610979],[136.2700510476128,36.04663531159808],[136.270056915283,36.04605479947116]]]}},{"type":"Feature","properties":{"pid":"c2e11dff-cb70-425d-85a1-8403723facad"},"geometry":{"type":"Polygon","coordinates":[[[136.2702593776642,36.04603383892972],[136.27027774704732,36.04608060799057],[136.27026272388136,36.046203874632404],[136.2712652268732,36.046202994760925],[136.2712768704669,36.04578025035208],[136.27026643034895,36.04577196479779],[136.2702593776642,36.04603383892972]]]}},{"type":"Feature","properties":{"pid":"1f21a509-8145-4dbb-b293-8c5aed04065c"},"geometry":{"type":"Polygon","coordinates":[[[136.27128200933913,36.045513806513746],[136.27027024682647,36.04550461218233],[136.27026890425083,36.04567035660067],[136.27127545011768,36.04567936935904],[136.27128200933913,36.045513806513746]]]}},{"type":"Feature","properties":{"pid":"9748d1c0-a510-49a8-91bd-715ce9346bfd"},"geometry":{"type":"Polygon","coordinates":[[[136.27006198740133,36.045720379785045],[136.26906596186421,36.04571136242948],[136.26906357983813,36.04594481417044],[136.270058019971,36.04595383959307],[136.27006198740133,36.045720379785045]]]}},{"type":"Feature","properties":{"pid":"98e0128e-84a2-45b4-83aa-a296ef7959f5"},"geometry":{"type":"Polygon","coordinates":[[[136.27008515951363,36.04496328140526],[136.2690692628101,36.04493922159076],[136.2690623059678,36.04560942425122],[136.27006414959322,36.04561777516396],[136.27008515951363,36.04496328140526]]]}},{"type":"Feature","properties":{"pid":"8934e28f-8374-4754-9ece-4aea1aad6d6d"},"geometry":{"type":"Polygon","coordinates":[[[136.27027149904043,36.04512844491449],[136.2702838705055,36.04513932388279],[136.27128452299263,36.04515053122755],[136.271291582939,36.044996159316895],[136.27028253092342,36.04496770484042],[136.27027149904043,36.04512844491449]]]}},{"type":"Feature","properties":{"pid":"5454a8fc-ba3d-42f3-8257-dbd8b66e6749"},"geometry":{"type":"Polygon","coordinates":[[[136.2702669453636,36.04540119413021],[136.27128050040477,36.045411529360564],[136.27128208888465,36.045349347116655],[136.27027011862242,36.04534027292016],[136.2702669453636,36.04540119413021]]]}},{"type":"Feature","properties":{"pid":"245b65aa-dadf-4310-968a-af8b943bbc3e"},"geometry":{"type":"Polygon","coordinates":[[[136.27178668801398,36.0450009183791],[136.27145580342275,36.04499354861047],[136.271450452285,36.04515059844513],[136.27238216675636,36.04515169831558],[136.27241853452847,36.04513561973102],[136.27241980979247,36.045110105843676],[136.2723218171607,36.04501283533454],[136.27196674348696,36.04500492835706],[136.27196839323477,36.04507944364385],[136.27195249955292,36.04510693263368],[136.2719187402917,36.045119993528075],[136.271823185796,36.04511848668968],[136.27178474531476,36.04508423544657],[136.27178668801398,36.0450009183791]]]}},{"type":"Feature","properties":{"pid":"6844e95e-1bb9-4aa3-99c2-21add4ce7e6e"},"geometry":{"type":"Polygon","coordinates":[[[136.2723739328794,36.04525265062087],[136.27144733427505,36.04524786300029],[136.27144611832543,36.045318776612746],[136.2724116778583,36.04532644030422],[136.2724128396441,36.045279265068636],[136.2723739328794,36.04525265062087]]]}},{"type":"Feature","properties":{"pid":"d7f15ea9-dfe9-4427-939d-b90a1d13f68d"},"geometry":{"type":"Polygon","coordinates":[[[136.27238803648223,36.04543010384357],[136.27144745543822,36.04541668058735],[136.27144930112868,36.04595425345537],[136.27241929770582,36.04597232477273],[136.27241906614483,36.04593640814982],[136.27238495485724,36.04589572795441],[136.27238207753234,36.04575999137257],[136.27240973444376,36.04572470137752],[136.27240549068495,36.045546689660036],[136.2723680046346,36.04550566252908],[136.27238803648223,36.04543010384357]]]}},{"type":"Feature","properties":{"pid":"87c676b0-c01c-49c9-b81f-f33c63e4119a"},"geometry":{"type":"Polygon","coordinates":[[[136.27238265869968,36.046245077987614],[136.27241754081692,36.04622305901489],[136.27242060506447,36.04607162747584],[136.27144532954276,36.0460536706736],[136.27143635118185,36.04623089837228],[136.27238265869968,36.046245077987614]]]}},{"type":"Feature","properties":{"pid":"35bb0b59-321a-4f7c-9923-bc3f63ff9d43"},"geometry":{"type":"Polygon","coordinates":[[[136.27238090066191,36.04634165275139],[136.2714349656167,36.04632844422439],[136.27143477327692,36.046495561376986],[136.27238902296048,36.04651320140872],[136.27241529355507,36.046496440010316],[136.272413703994,36.04636843478943],[136.27238090066191,36.04634165275139]]]}},{"type":"Feature","properties":{"pid":"23f960e0-459b-4cbd-8b19-03ab7f9d62a9"},"geometry":{"type":"Polygon","coordinates":[[[136.2723814722739,36.046789105009914],[136.27241150991225,36.046770631745645],[136.27241291943548,36.04663648790646],[136.27238036081607,36.04661399667101],[136.27143648021172,36.046596854402296],[136.2714385400071,36.046772980452886],[136.2723814722739,36.046789105009914]]]}},{"type":"Feature","properties":{"pid":"ab9dc193-3935-4fe3-96b9-806744e991bf"},"geometry":{"type":"Polygon","coordinates":[[[136.2724109282574,36.046900119375515],[136.27143791804468,36.046873470090055],[136.271431349426,36.04704930717066],[136.2724078779498,36.047056544482],[136.2724109282574,36.046900119375515]]]}},{"type":"Feature","properties":{"pid":"8da8b04d-99ea-4a6a-ba48-3d856512be21"},"geometry":{"type":"Polygon","coordinates":[[[136.27240157868786,36.047209494663086],[136.27142894912433,36.047194851840516],[136.27142809801623,36.047317446819285],[136.27240230393957,36.04732477083442],[136.27240157868786,36.047209494663086]]]}},{"type":"Feature","properties":{"pid":"8e226611-a0da-4943-9b7c-8346f1591255"},"geometry":{"type":"Polygon","coordinates":[[[136.27025784276123,36.046513488613556],[136.2707915488261,36.04651680701716],[136.2707996085682,36.046452615054314],[136.27084899394438,36.046429528250584],[136.27096504644265,36.046441307623354],[136.27098375729835,36.04646754310562],[136.2709839468005,36.04651800269968],[136.27126726729037,36.046519762869686],[136.27126496935622,36.046302805724196],[136.2702663949158,36.04630344782095],[136.27025784276123,36.046513488613556]]]}},{"type":"Feature","properties":{"pid":"e6ad7179-0746-4bc9-811c-cbd6e314aab0"},"geometry":{"type":"Polygon","coordinates":[[[136.27004836787464,36.04673398667502],[136.26905166450575,36.04672335399841],[136.26904772179716,36.047025784734835],[136.27004681151683,36.04703244899769],[136.27004836787464,36.04673398667502]]]}},{"type":"Feature","properties":{"pid":"fb9980e3-8e52-4180-b105-f07688d9731f"},"geometry":{"type":"Polygon","coordinates":[[[136.26904219638715,36.04735243527708],[136.27004081326908,36.04736352034211],[136.2700435197533,36.04718202524708],[136.26904445301426,36.04717371084606],[136.26904219638715,36.04735243527708]]]}},{"type":"Feature","properties":{"pid":"8fded906-ce92-4281-850d-d515158ad7d7"},"geometry":{"type":"Polygon","coordinates":[[[136.27125100009496,36.0470518416987],[136.2712649285185,36.04661888866648],[136.27025778951472,36.0466132797005],[136.2702530847084,36.047036619349115],[136.27125100009496,36.0470518416987]]]}},{"type":"Feature","properties":{"pid":"c75f03cd-f538-4fac-bcf6-74e68e3c2cdf"},"geometry":{"type":"Polygon","coordinates":[[[136.27023693948775,36.047639681596436],[136.271250049192,36.04765287346226],[136.27125354819282,36.047192962810364],[136.2702459372365,36.04718786745507],[136.27023693948775,36.047639681596436]]]}},{"type":"Feature","properties":{"pid":"20da9b33-acaf-4e6a-a00c-6d8064fb4ebe"},"geometry":{"type":"Polygon","coordinates":[[[136.2700383711982,36.047641182056324],[136.27004062133128,36.04746561079915],[136.26904081254514,36.04746204850466],[136.26903867353997,36.04763145825296],[136.2700383711982,36.047641182056324]]]}},{"type":"Feature","properties":{"pid":"0879c40a-3fb7-4b3b-8eb4-7653b9dd002b"},"geometry":{"type":"Polygon","coordinates":[[[136.2700335700662,36.04790576793966],[136.2700359765469,36.047742214782104],[136.26904151454448,36.047730001399586],[136.26904596055996,36.047895597872845],[136.2700335700662,36.04790576793966]]]}},{"type":"Feature","properties":{"pid":"600cff20-eca6-4980-96b7-46f7f374182e"},"geometry":{"type":"Polygon","coordinates":[[[136.27003320711992,36.04816045990604],[136.27003268945043,36.04800912384593],[136.26904222943128,36.04800169030488],[136.2690365097945,36.048155474376856],[136.27003320711992,36.04816045990604]]]}},{"type":"Feature","properties":{"pid":"bf30eca3-6c62-4a25-8d38-d05c3b2a3e0b"},"geometry":{"type":"Polygon","coordinates":[[[136.27023615671553,36.04795796121572],[136.2712580350713,36.04797107283966],[136.2712510701899,36.047753898819664],[136.2702394090076,36.04774327094867],[136.27023615671553,36.04795796121572]]]}},{"type":"Feature","properties":{"pid":"40b7a87d-ad28-4a4c-8053-953c8e560d8c"},"geometry":{"type":"Polygon","coordinates":[[[136.2702345635799,36.04822788080616],[136.270747490766,36.048235226526444],[136.27074914782486,36.048189213136325],[136.27076865436757,36.04816335448443],[136.27087165102338,36.04815383241069],[136.27092030445462,36.04817789538331],[136.27092647090933,36.048236166935666],[136.27125762626324,36.04823790620895],[136.2712608820234,36.04807198843129],[136.2702380389924,36.048059783289695],[136.2702345635799,36.04822788080616]]]}},{"type":"Feature","properties":{"pid":"d32aa4dd-c8c9-424f-a512-5a17c8b0dd23"},"geometry":{"type":"Polygon","coordinates":[[[136.27239478506408,36.04742697576937],[136.27142893437392,36.04741713722511],[136.27141475658857,36.04807104169994],[136.2723850230518,36.04808940717798],[136.27239478506408,36.04742697576937]]]}},{"type":"Feature","properties":{"pid":"cf183faa-652b-46ed-8d54-52e294dc1788"},"geometry":{"type":"Polygon","coordinates":[[[136.2717569281914,36.04818524039978],[136.2714084576508,36.04817916976477],[136.27140446662506,36.0483697398458],[136.27236625280338,36.04837397111361],[136.27238550660385,36.04836109779228],[136.27238762154516,36.04819622408533],[136.27196554247163,36.048188873736535],[136.271898215731,36.04824633842008],[136.27186180624338,36.048256239688484],[136.27182619542648,36.04824457912495],[136.2717569281914,36.04818524039978]]]}},{"type":"Feature","properties":{"pid":"9f93dd5c-2e5a-4f79-9fe0-443c826ea142"},"geometry":{"type":"Polygon","coordinates":[[[136.27238893685492,36.048478169841225],[136.27140382931725,36.04846839278164],[136.27140386191786,36.04852685883219],[136.272385027304,36.04852906667194],[136.27238893685492,36.048478169841225]]]}},{"type":"Feature","properties":{"pid":"141eea0d-4420-4325-a33e-03d428c8180f"},"geometry":{"type":"Polygon","coordinates":[[[136.27237995006638,36.04863403291058],[136.27140490038875,36.048629024121446],[136.2714068694763,36.04879388281382],[136.2723805527524,36.04880140509248],[136.27237995006638,36.04863403291058]]]}},{"type":"Feature","properties":{"pid":"0781e208-b18e-44ae-9961-540994c5bb5d"},"geometry":{"type":"Polygon","coordinates":[[[136.2723774814243,36.048907287910836],[136.2714127561035,36.04889745923067],[136.27141567264098,36.049050791433906],[136.27237765984813,36.049058223909206],[136.2723774814243,36.048907287910836]]]}},{"type":"Feature","properties":{"pid":"6168ab68-56e5-4203-a8ae-91c0438f243d"},"geometry":{"type":"Polygon","coordinates":[[[136.27238180352361,36.04932371808548],[136.27139470123697,36.0493124282332],[136.27139199530126,36.04950390717273],[136.27237848430184,36.04951512649134],[136.27238180352361,36.04932371808548]]]}},{"type":"Feature","properties":{"pid":"4bfefebe-8c5d-42c6-bf85-c12d26c0250d"},"geometry":{"type":"Polygon","coordinates":[[[136.27237671284547,36.04961387275499],[136.27139456127745,36.04960166510509],[136.27139747457227,36.049794536967894],[136.2723728684463,36.04980920243416],[136.27237671284547,36.04961387275499]]]}},{"type":"Feature","properties":{"pid":"7dd9e206-1b74-4cdd-b300-7ba503d9fb8e"},"geometry":{"type":"Polygon","coordinates":[[[136.27122301887377,36.0493308655172],[136.27022006937332,36.04932123968951],[136.27021026524554,36.049594692754475],[136.2712190520364,36.049603597408606],[136.27122301887377,36.0493308655172]]]}},{"type":"Feature","properties":{"pid":"c2ca1b04-94ae-4630-809a-cb789a156039"},"geometry":{"type":"Polygon","coordinates":[[[136.27063372674863,36.04985831883131],[136.27064643606585,36.04979306311004],[136.27069558149856,36.04976950595285],[136.27083756656032,36.04978677928903],[136.27086092902843,36.04981559058384],[136.27085751363322,36.04986046645222],[136.27121525243322,36.049863898704274],[136.27121757756845,36.04970402858951],[136.2702067052799,36.04969317960959],[136.270200933005,36.04985416424318],[136.27063372674863,36.04985831883131]]]}},{"type":"Feature","properties":{"pid":"e7d438e3-e0e5-4093-a260-fce0a3ef4b10"},"geometry":{"type":"Polygon","coordinates":[[[136.26902718573132,36.049000171812736],[136.26905054907047,36.0490311318114],[136.2700204902006,36.049035359157116],[136.270024549268,36.04881121792436],[136.2690268972792,36.04880863825855],[136.26902718573132,36.049000171812736]]]}},{"type":"Feature","properties":{"pid":"3b014bd7-2141-4e16-8927-5b06c64bcbff"},"geometry":{"type":"Polygon","coordinates":[[[136.27002980170496,36.04852145278718],[136.26902875813929,36.04851646580615],[136.2690271890672,36.048704168916196],[136.2700250189404,36.04870441476632],[136.27002980170496,36.04852145278718]]]}},{"type":"Feature","properties":{"pid":"0785a3ee-78d8-4c90-b02c-3a15d9b0381c"},"geometry":{"type":"Polygon","coordinates":[[[136.2712440356739,36.04883479232065],[136.27023209166828,36.048824993578656],[136.27022900153804,36.04903744870848],[136.27124166505544,36.049050253264056],[136.2712440356739,36.04883479232065]]]}},{"type":"Feature","properties":{"pid":"263f55f7-3e29-49d0-a204-86beab2e0468"},"geometry":{"type":"Polygon","coordinates":[[[136.2702316278102,36.04872106607463],[136.27124726516232,36.04872900475918],[136.2712470759286,36.04859639025933],[136.27023186875783,36.048591429920826],[136.2702316278102,36.04872106607463]]]}},{"type":"Feature","properties":{"pid":"378da7f3-7785-4359-bee7-faafa681ad2c"},"geometry":{"type":"Polygon","coordinates":[[[136.27023342157568,36.04834190826699],[136.27023348792034,36.04848942511526],[136.27125251821957,36.04849860350094],[136.27125526147168,36.04833887022301],[136.27023342157568,36.04834190826699]]]}},{"type":"Feature","properties":{"pid":"f5bf52f8-c173-4447-aa99-cc87ff8a0beb"},"geometry":{"type":"Polygon","coordinates":[[[136.27001878845297,36.048417571592246],[136.2700320694316,36.048400374218495],[136.27003537046397,36.048267167406145],[136.26903190272202,36.04826535011232],[136.26903033887098,36.04841405107852],[136.27001878845297,36.048417571592246]]]}},{"type":"Feature","properties":{"pid":"c6d4fd38-88f7-4054-b9e7-83a63ac1ef8c"},"geometry":{"type":"Polygon","coordinates":[[[136.26884930849562,36.0489126760432],[136.26784841990693,36.04890285762245],[136.26784881329297,36.04901903941741],[136.2688472137795,36.049026128263485],[136.26884930849562,36.0489126760432]]]}},{"type":"Feature","properties":{"pid":"004c37d2-4b1d-4bec-80e1-5d42cf164d51"},"geometry":{"type":"Polygon","coordinates":[[[136.268850467376,36.0486856509274],[136.2678535302024,36.04866987075222],[136.26785203754557,36.04879423924365],[136.2688491535964,36.04880958152766],[136.268850467376,36.0486856509274]]]}},{"type":"Feature","properties":{"pid":"6ddb88ec-e2e4-439a-889a-cee5f60f3338"},"geometry":{"type":"Polygon","coordinates":[[[136.26785208359502,36.04825432349714],[136.26785089936337,36.048566255197926],[136.2688524617785,36.04858090664021],[136.2688513387684,36.048250438728246],[136.26786610134315,36.04824291639625],[136.26785208359502,36.04825432349714]]]}},{"type":"Feature","properties":{"pid":"a5353a65-48f1-4d18-aafa-20ff1b02621c"},"geometry":{"type":"Polygon","coordinates":[[[136.26764637862223,36.048438747255325],[136.2676631403063,36.04800865636368],[136.26665974433033,36.04799401784001],[136.2666600485513,36.04842067785502],[136.26764637862223,36.048438747255325]]]}},{"type":"Feature","properties":{"pid":"34f0a8c2-eeb0-4c7e-a018-52e717510474"},"geometry":{"type":"Polygon","coordinates":[[[136.26764249116053,36.048539792389526],[136.26666393315176,36.04852752544932],[136.26665461719395,36.04900777078869],[136.267631000316,36.04901529952181],[136.26764249116053,36.048539792389526]]]}},{"type":"Feature","properties":{"pid":"4332f4f1-6113-42c2-92f1-8da2b718462f"},"geometry":{"type":"Polygon","coordinates":[[[136.26657828020393,36.04927731719585],[136.2666172212766,36.04939720595132],[136.26659457847128,36.04942225750768],[136.2665051578286,36.049452625394935],[136.2666341486246,36.049725477896786],[136.26764570078055,36.04973765533984],[136.267638560962,36.04928256974984],[136.26657828020393,36.04927731719585]]]}},{"type":"Feature","properties":{"pid":"61fe499c-df55-4f11-9896-7149cccbab9b"},"geometry":{"type":"Polygon","coordinates":[[[136.26781776592998,36.05002660334864],[136.26883717314328,36.050030944801094],[136.26884210765613,36.04982771316508],[136.26782092876965,36.04981296435386],[136.26781776592998,36.05002660334864]]]}},{"type":"Feature","properties":{"pid":"79b1dd07-1396-4e67-8437-088467a442a9"},"geometry":{"type":"Polygon","coordinates":[[[136.26781998347724,36.049701253320976],[136.26783840555237,36.04971391700036],[136.26884056348982,36.04973006337407],[136.26883928339151,36.04960606463315],[136.26782128146579,36.049594785366175],[136.26781998347724,36.049701253320976]]]}},{"type":"Feature","properties":{"pid":"ff4b82c1-adb6-40f8-ae12-73740a1d5c85"},"geometry":{"type":"Polygon","coordinates":[[[136.26795257536224,36.049298457842376],[136.26795957206534,36.04933803619916],[136.26791109962105,36.04940544919516],[136.26787147653474,36.049417886268095],[136.26782159789292,36.04940109103635],[136.26782221602264,36.04947725608932],[136.26784216100359,36.049494197900806],[136.26883528071377,36.04950901732319],[136.2688355842989,36.049299304086844],[136.26795257536224,36.049298457842376]]]}},{"type":"Feature","properties":{"pid":"161aaec5-a696-4e11-9f21-b4adedfbaf46"},"geometry":{"type":"Polygon","coordinates":[[[136.26901675417403,36.049642959207844],[136.27002912330803,36.04964267929596],[136.27002792923656,36.049307216101745],[136.26902209262843,36.04929444472882],[136.26901675417403,36.049642959207844]]]}},{"type":"Feature","properties":{"pid":"ef3c9ba0-69aa-4157-86e0-ad54f68e832d"},"geometry":{"type":"Polygon","coordinates":[[[136.2700309110255,36.049752009206976],[136.26901443677744,36.04974100040035],[136.2690117291255,36.04992956496422],[136.27002709937918,36.04993695420918],[136.2700309110255,36.049752009206976]]]}},{"type":"Feature","properties":{"pid":"e6cab799-69e4-4520-a71c-59c623c892a7"},"geometry":{"type":"Polygon","coordinates":[[[136.27001276636327,36.05021904598734],[136.2700279318029,36.050208382330496],[136.27002403288714,36.05003617719056],[136.2690108183418,36.05002787064049],[136.26900782418758,36.05021244694895],[136.27001276636327,36.05021904598734]]]}},{"type":"Feature","properties":{"pid":"878f85a9-4570-476d-8306-7dc42a21d89c"},"geometry":{"type":"Polygon","coordinates":[[[136.27002514793074,36.05031397414406],[136.26900682552892,36.05030986331825],[136.26900438316574,36.05058292876551],[136.27001637987675,36.05059698039148],[136.27002514793074,36.05031397414406]]]}},{"type":"Feature","properties":{"pid":"15d04c1d-590b-4d47-a663-979b344ddf32"},"geometry":{"type":"Polygon","coordinates":[[[136.26900126072232,36.05068292114574],[136.26900023682697,36.05086250067335],[136.27000807000454,36.05087656642192],[136.27001586991943,36.05070492624041],[136.27000095460428,36.050693471360276],[136.26900126072232,36.05068292114574]]]}},{"type":"Feature","properties":{"pid":"fcc5e482-bcc4-4ccc-8e01-a57f763dc451"},"geometry":{"type":"Polygon","coordinates":[[[136.26881179985804,36.05038082659978],[136.26782856247672,36.050365239844986],[136.26781934568194,36.05081071454169],[136.26882490919104,36.0508222596436],[136.26881179985804,36.05038082659978]]]}},{"type":"Feature","properties":{"pid":"f5983f18-8591-44a3-9692-112de7275596"},"geometry":{"type":"Polygon","coordinates":[[[136.2688346274762,36.05012819104091],[136.26782270134316,36.05012271631285],[136.2678279653187,36.05027381217364],[136.2688295724426,36.050282977827294],[136.2688346274762,36.05012819104091]]]}},{"type":"Feature","properties":{"pid":"e6615762-ab4b-440d-83b5-9f953c325ca0"},"geometry":{"type":"Polygon","coordinates":[[[136.2676444431165,36.0498317133307],[136.26668260787133,36.049820018864835],[136.26705290077408,36.05063583739928],[136.26762502811363,36.05063174557652],[136.2676444431165,36.0498317133307]]]}},{"type":"Feature","properties":{"pid":"b8de45f0-1747-43f3-b5a6-360ee32af20e"},"geometry":{"type":"Polygon","coordinates":[[[136.26708585691136,36.050732374080454],[136.26721141781715,36.05099124664653],[136.26735237943348,36.050993673347385],[136.2673905316711,36.05101809286494],[136.26739619444277,36.051153800105325],[136.26736381600892,36.051176913517736],[136.2673040195936,36.051180039983414],[136.2675148384782,36.05168538870065],[136.26759839377513,36.051685528983036],[136.26762791168272,36.050734413582305],[136.26708585691136,36.050732374080454]]]}},{"type":"Feature","properties":{"pid":"133cbc43-d56d-4b09-afbb-641aefda0cb6"},"geometry":{"type":"Polygon","coordinates":[[[136.26781304443355,36.05146755363493],[136.26781166305497,36.05162726346799],[136.26881884187807,36.05163850055776],[136.26881951024674,36.05145920183843],[136.26782741566905,36.05144703689252],[136.26781304443355,36.05146755363493]]]}},{"type":"Feature","properties":{"pid":"6607710f-a7e6-4966-90de-d0edd0c6999d"},"geometry":{"type":"Polygon","coordinates":[[[136.26882334720548,36.05119882258576],[136.26781165726712,36.051186500779025],[136.26781061491548,36.051345806070145],[136.26882046146386,36.051359142985085],[136.26882334720548,36.05119882258576]]]}},{"type":"Feature","properties":{"pid":"c677a3c0-f386-4a2e-81a7-65fc9c328107"},"geometry":{"type":"Polygon","coordinates":[[[136.26781547662284,36.05092845688769],[136.26781193768534,36.05108660237236],[136.2688190818049,36.0510985625516],[136.2688233817704,36.05092517040163],[136.26782996221598,36.0509127602786],[136.26781547662284,36.05092845688769]]]}},{"type":"Feature","properties":{"pid":"2a7b4991-7335-45f5-8d2e-9262fa6911ec"},"geometry":{"type":"Polygon","coordinates":[[[136.27001187691397,36.05097424701443],[136.26899618435155,36.05096113278172],[136.26899423056776,36.05104352614126],[136.27001328999702,36.05105753212633],[136.27001187691397,36.05097424701443]]]}},{"type":"Feature","properties":{"pid":"5c8eac7c-0953-4563-8957-b7b258fa0c82"},"geometry":{"type":"Polygon","coordinates":[[[136.27001139005964,36.051156290494],[136.26899373672933,36.05114494736782],[136.26899006247376,36.05138121983901],[136.2700083663393,36.05139162446122],[136.27001139005964,36.051156290494]]]}},{"type":"Feature","properties":{"pid":"59a50cf5-4068-4d1c-b554-2a3352ba90e6"},"geometry":{"type":"Polygon","coordinates":[[[136.26997216245968,36.05149049943483],[136.26898974602827,36.05148327294818],[136.26899291408174,36.05190834837671],[136.26998020130438,36.05191220891421],[136.2699907779215,36.05190184413847],[136.27000181378958,36.05150616765464],[136.26997216245968,36.05149049943483]]]}},{"type":"Feature","properties":{"pid":"114578b1-8998-40cf-b001-941b6da2b376"},"geometry":{"type":"Polygon","coordinates":[[[136.27119413306085,36.05143674325435],[136.27019938352527,36.051424500988034],[136.2701948857205,36.051641488819264],[136.27119483980297,36.0516428475079],[136.27119413306085,36.05143674325435]]]}},{"type":"Feature","properties":{"pid":"950a0acf-111b-4f84-8650-215d1d4bae63"},"geometry":{"type":"Polygon","coordinates":[[[136.27120370698194,36.05098408842511],[136.2701967096417,36.050970079843026],[136.2701998760072,36.05132037383872],[136.27119505953013,36.05133443308192],[136.27120370698194,36.05098408842511]]]}},{"type":"Feature","properties":{"pid":"eef79153-05e6-4230-a127-f87fa51e2ca7"},"geometry":{"type":"Polygon","coordinates":[[[136.2712275887309,36.049958842672986],[136.27021267200146,36.04995077546417],[136.27021548738958,36.04999863510115],[136.2712257565531,36.050007268856945],[136.2712275887309,36.049958842672986]]]}},{"type":"Feature","properties":{"pid":"9ba2de1e-73b4-4cb8-a093-275fad08a4d9"},"geometry":{"type":"Polygon","coordinates":[[[136.2712252167062,36.050105230624006],[136.2702168934708,36.050093015541165],[136.27020922478226,36.05038979863714],[136.27121628239846,36.05040322710174],[136.2712252167062,36.050105230624006]]]}},{"type":"Feature","properties":{"pid":"905a3d71-1cd3-45f7-a32a-80499ab6a46e"},"geometry":{"type":"Polygon","coordinates":[[[136.27121573877918,36.050501383781906],[136.27020992008246,36.05048795544269],[136.270210304772,36.05060424554286],[136.27121254467548,36.0506164931574],[136.27121573877918,36.050501383781906]]]}},{"type":"Feature","properties":{"pid":"ca5b648f-4e66-4fef-832e-3a6f8397d33b"},"geometry":{"type":"Polygon","coordinates":[[[136.2712097380375,36.05072234783415],[136.27020821037794,36.05070377278084],[136.27020269519983,36.05087178683578],[136.2712039220353,36.050884012175096],[136.2712097380375,36.05072234783415]]]}},{"type":"Feature","properties":{"pid":"787fb915-0b02-4687-a88f-7e968de10c65"},"geometry":{"type":"Polygon","coordinates":[[[136.27237168957504,36.04990703139446],[136.27139935278038,36.04989256165795],[136.27138522285296,36.05056795377158],[136.2723600649027,36.050577519953514],[136.27237168957504,36.04990703139446]]]}},{"type":"Feature","properties":{"pid":"4efe542f-6692-42f6-a6fd-c0d4d03dea3e"},"geometry":{"type":"Polygon","coordinates":[[[136.27235897966392,36.05067463158279],[136.27138316059808,36.05066480229493],[136.2713796261048,36.050804103947456],[136.2723564420671,36.05081633315462],[136.27235897966392,36.05067463158279]]]}},{"type":"Feature","properties":{"pid":"70eefff1-8717-4a1e-89d5-707f675661e8"},"geometry":{"type":"MultiPolygon","coordinates":[[[[136.27169054777463,36.05096087934369],[136.27171329342542,36.05091837605043],[136.27178833174492,36.0509050413801],[136.27137759019257,36.05090027634407],[136.27137522590803,36.05101011851],[136.27169984979318,36.051018652839986],[136.27169054777463,36.05096087934369]]],[[[136.27186600422036,36.0509059423045],[136.27189281278334,36.05093494785301],[136.27190660930842,36.05102213480549],[136.27235221464568,36.051027961750535],[136.27235423179968,36.050911604111256],[136.27186600422036,36.0509059423045]]]]}},{"type":"Feature","properties":{"pid":"421ce90c-3127-481c-92b5-85343a9e2b54"},"geometry":{"type":"Polygon","coordinates":[[[136.27234740126238,36.051292229392274],[136.27234997735098,36.05112818363787],[136.27137597965753,36.05110872389724],[136.27137113049884,36.05128602255116],[136.27234740126238,36.051292229392274]]]}},{"type":"Feature","properties":{"pid":"6ba9c7bb-6a41-4aef-a81a-badd246b9e81"},"geometry":{"type":"Polygon","coordinates":[[[136.2723459269372,36.0513906221324],[136.27136720864274,36.051382650709115],[136.27136296092684,36.05157999665903],[136.2723424488677,36.05159120083464],[136.2723459269372,36.0513906221324]]]}},{"type":"Feature","properties":{"pid":"d2914fc2-d5d7-4dba-b719-ed5de44c5553"},"geometry":{"type":"Polygon","coordinates":[[[136.27234485323882,36.05214936356963],[136.27136239522855,36.052142755760656],[136.27135969852606,36.052329840948694],[136.27233865809322,36.052330569051804],[136.27234485323882,36.05214936356963]]]}},{"type":"Feature","properties":{"pid":"97fef71a-5f88-4396-a0e6-c1ee3a14dde8"},"geometry":{"type":"Polygon","coordinates":[[[136.27233223681793,36.05243147238068],[136.27135859032902,36.0524300781296],[136.27135768486147,36.052513259082225],[136.2723261810886,36.0525207822819],[136.27233223681793,36.05243147238068]]]}},{"type":"Feature","properties":{"pid":"61ca72b2-8e1e-434a-a5db-0f562d7a5a73"},"geometry":{"type":"Polygon","coordinates":[[[136.27119143469764,36.051748781673446],[136.27018918095058,36.05174200141241],[136.27018972112913,36.05189983570275],[136.27118717477532,36.05191778188732],[136.27119143469764,36.051748781673446]]]}},{"type":"Feature","properties":{"pid":"64c64b91-56df-4425-b0f8-1b4940cfc525"},"geometry":{"type":"Polygon","coordinates":[[[136.27118704009663,36.052135488977065],[136.2701973188642,36.052129372520504],[136.2701883210346,36.05230360506783],[136.27118538719193,36.05231199907867],[136.27118704009663,36.052135488977065]]]}},{"type":"Feature","properties":{"pid":"84540242-7116-4b43-97bf-463b412f131d"},"geometry":{"type":"Polygon","coordinates":[[[136.27118551869324,36.0524104048216],[136.27018445116113,36.05240180197865],[136.27018661812255,36.05256706065363],[136.2711876880109,36.05257566352865],[136.27118551869324,36.0524104048216]]]}},{"type":"Feature","properties":{"pid":"40258e13-d3cf-4003-b7f2-052251515cda"},"geometry":{"type":"Polygon","coordinates":[[[136.27118196508664,36.0526774071203],[136.27018769129276,36.052668555445166],[136.27018373223123,36.05290665384872],[136.27117974453455,36.05291451154053],[136.27118196508664,36.0526774071203]]]}},{"type":"Feature","properties":{"pid":"d0ae1159-8fd6-4960-90a2-317c45bc1e69"},"geometry":{"type":"Polygon","coordinates":[[[136.27117833416486,36.05301587950103],[136.27018120003973,36.05300907338068],[136.2701636223982,36.05335681248782],[136.2711686337351,36.05336720924325],[136.27117833416486,36.05301587950103]]]}},{"type":"Feature","properties":{"pid":"22e20286-1a21-403f-91f4-796333743cb4"},"geometry":{"type":"Polygon","coordinates":[[[136.2723238068395,36.052624270910066],[136.2713566167872,36.052617437681526],[136.27135388861277,36.05281351572172],[136.27232451909958,36.052831153443414],[136.2723238068395,36.052624270910066]]]}},{"type":"Feature","properties":{"pid":"d39f4db3-9609-4fe6-8b5f-5610ac1e57dc"},"geometry":{"type":"Polygon","coordinates":[[[136.27149551853358,36.05291595927204],[136.271352536736,36.05291361405043],[136.2713478939847,36.05318889389592],[136.27231688648556,36.053193638662535],[136.27231934106652,36.05292946847886],[136.27168289546373,36.05291903241462],[136.27168201648496,36.052973736999384],[136.27166287950763,36.052999828313126],[136.27155134884993,36.05301031185911],[136.27150231635392,36.0529865980246],[136.27149551853358,36.05291595927204]]]}},{"type":"Feature","properties":{"pid":"1a2e03b1-af0c-4d83-8f72-3c88c72bde58"},"geometry":{"type":"Polygon","coordinates":[[[136.2723175038187,36.05329041187136],[136.27134109740553,36.05329081956831],[136.27133901204743,36.053373555108344],[136.2723157003973,36.05337150451647],[136.2723175038187,36.05329041187136]]]}},{"type":"Feature","properties":{"pid":"1a676487-1e64-4dce-9ca4-161b2a57dbb5"},"geometry":{"type":"Polygon","coordinates":[[[136.27231293854751,36.053646076252505],[136.27231600117526,36.05347364613538],[136.2713369195355,36.05347767741067],[136.27133506011458,36.053640468340326],[136.27231293854751,36.053646076252505]]]}},{"type":"Feature","properties":{"pid":"3475417d-4bc2-4844-81c5-dd2403e32f58"},"geometry":{"type":"Polygon","coordinates":[[[136.27133015523358,36.05391030897004],[136.27231011972634,36.05392252439998],[136.27231213698587,36.05374284804992],[136.27133112489057,36.05374145953591],[136.27133015523358,36.05391030897004]]]}},{"type":"Feature","properties":{"pid":"baeb859d-4125-457f-8ba6-a3bc6bc5496e"},"geometry":{"type":"Polygon","coordinates":[[[136.27230885645113,36.05403505626399],[136.2713295529492,36.05401522588741],[136.27132856872225,36.054186561838286],[136.27230702611195,36.05419807915105],[136.27230885645113,36.05403505626399]]]}},{"type":"Feature","properties":{"pid":"6f851286-8617-4b57-8132-8b4d1cf42ea0"},"geometry":{"type":"Polygon","coordinates":[[[136.27132403525334,36.054718927708855],[136.27229094687405,36.054733598914794],[136.27230177847116,36.05472452691246],[136.27230662132135,36.05429966216902],[136.27132566983474,36.05429285488903],[136.27132403525334,36.054718927708855]]]}},{"type":"Feature","properties":{"pid":"b3d13342-5adb-4da6-812f-1618a792a0b7"},"geometry":{"type":"Polygon","coordinates":[[[136.27228938610793,36.05488970098066],[136.2713260120881,36.054873524290564],[136.2713255157217,36.05495568843199],[136.27230557999457,36.05496659061795],[136.27230630625337,36.05490605414505],[136.27228938610793,36.05488970098066]]]}},{"type":"Feature","properties":{"pid":"15ebd9de-dc39-4c90-9628-382f9cf64b07"},"geometry":{"type":"Polygon","coordinates":[[[136.27225622424896,36.055063604323436],[136.27132399909485,36.05505375975664],[136.27131635095364,36.05532439815429],[136.27230180953816,36.0553269342914],[136.27230410023853,36.055093157477636],[136.27225622424896,36.055063604323436]]]}},{"type":"Feature","properties":{"pid":"1d5cb3bd-9a37-47f9-9fe1-dfe8dba28f6b"},"geometry":{"type":"Polygon","coordinates":[[[136.27015113399824,36.054701839479144],[136.27016907713806,36.05472016755548],[136.27115689280902,36.054726026692705],[136.27115804044857,36.05438625833919],[136.27015198074574,36.05437041596962],[136.27015113399824,36.054701839479144]]]}},{"type":"Feature","properties":{"pid":"61fb5b97-2cba-492a-8027-c46051bcaa21"},"geometry":{"type":"Polygon","coordinates":[[[136.27014517650136,36.05504174605106],[136.27114295081242,36.055054107330854],[136.27114505380254,36.054885051332455],[136.270143122163,36.054876826305744],[136.27014517650136,36.05504174605106]]]}},{"type":"Feature","properties":{"pid":"6947e4cc-288d-408a-8a69-020e1903efc3"},"geometry":{"type":"Polygon","coordinates":[[[136.269798017358,36.05513392740632],[136.26928901867026,36.05513319296906],[136.26929336171787,36.055308773644065],[136.26987754937684,36.05531428735239],[136.26982682869078,36.05524494307608],[136.269798017358,36.05513392740632]]]}},{"type":"Feature","properties":{"pid":"aaea391e-e43e-4cd5-984f-8e2f00d19960"},"geometry":{"type":"Polygon","coordinates":[[[136.27116190448504,36.054219775293596],[136.27014928567144,36.05422709371574],[136.2701506924839,36.05427191915066],[136.2711613151261,36.054282689352405],[136.27116190448504,36.054219775293596]]]}},{"type":"Feature","properties":{"pid":"3022e1f7-8005-4ebd-a4ed-8117a8fc930b"},"geometry":{"type":"Polygon","coordinates":[[[136.27015002394378,36.05411141031521],[136.271164296172,36.054119794921526],[136.27116255103905,36.05400893323869],[136.27015582559216,36.05400757205677],[136.27015002394378,36.05411141031521]]]}},{"type":"Feature","properties":{"pid":"c2d9787f-2391-4b6c-beff-532d133224e1"},"geometry":{"type":"Polygon","coordinates":[[[136.27014979172864,36.05389847251128],[136.27116384744647,36.05391257098481],[136.27116097912287,36.05362618224146],[136.27015746219368,36.05361341451733],[136.27014979172864,36.05389847251128]]]}},{"type":"Feature","properties":{"pid":"5d174fb3-fd24-45cd-a865-dfc9425e566d"},"geometry":{"type":"Polygon","coordinates":[[[136.2701620664272,36.05351494059303],[136.27116672868476,36.053525171806484],[136.27117137887794,36.05347002274968],[136.27016253974634,36.05345953687177],[136.2701620664272,36.05351494059303]]]}},{"type":"Feature","properties":{"pid":"bc738b5f-6130-4478-9a80-7514f178baf2"},"geometry":{"type":"Polygon","coordinates":[[[136.26896123990645,36.05362716171499],[136.26995644153297,36.05363549642373],[136.269967506434,36.053456661958066],[136.26896545754954,36.053451806809136],[136.26896123990645,36.05362716171499]]]}},{"type":"Feature","properties":{"pid":"255bbbc9-70fa-484a-8abb-a75ff2db9bd9"},"geometry":{"type":"Polygon","coordinates":[[[136.2699498168459,36.053905980756646],[136.2699626920471,36.053893077307634],[136.26996538749424,36.05372943526002],[136.26896012576321,36.05372239873756],[136.26896282705087,36.053887860568],[136.2699498168459,36.053905980756646]]]}},{"type":"Feature","properties":{"pid":"2ad8f262-322d-4ad4-9236-980589a9e1b4"},"geometry":{"type":"Polygon","coordinates":[[[136.26877877950702,36.05393938336425],[136.2687887381927,36.05346505277306],[136.26831830664537,36.053457040034274],[136.26852831208853,36.053934396011584],[136.26877877950702,36.05393938336425]]]}},{"type":"Feature","properties":{"pid":"58fa74fd-ae7e-4024-9d2b-333a263337d5"},"geometry":{"type":"Polygon","coordinates":[[[136.26878269501182,36.05446891158818],[136.26878816399693,36.05403320128475],[136.2685739456012,36.05402843713073],[136.26878269501182,36.05446891158818]]]}},{"type":"Feature","properties":{"pid":"01aeec20-4de9-4303-b5d2-9d971f8d480e"},"geometry":{"type":"Polygon","coordinates":[[[136.2699521038765,36.05400584980818],[136.26896194422986,36.053979380867304],[136.26895592386808,36.05416597780717],[136.2699508971605,36.05417981791251],[136.2699521038765,36.05400584980818]]]}},{"type":"Feature","properties":{"pid":"cbaad441-6ac9-4a69-b89a-d63288cbaf71"},"geometry":{"type":"Polygon","coordinates":[[[136.26995026498736,36.05427086848908],[136.2689529878971,36.05425699573686],[136.2689520667962,36.054285555754475],[136.26995014081606,36.054288777673854],[136.26995026498736,36.05427086848908]]]}},{"type":"Feature","properties":{"pid":"6d02dc51-9969-4f09-9883-ba6730e8b067"},"geometry":{"type":"Polygon","coordinates":[[[136.26994950961986,36.05437982240838],[136.26894912930345,36.05437659222459],[136.26894732609713,36.05443248359124],[136.26994900162006,36.05445304405216],[136.26994950961986,36.05437982240838]]]}},{"type":"Feature","properties":{"pid":"c019c3d3-d5d4-42f0-b828-f465900a1704"},"geometry":{"type":"Polygon","coordinates":[[[136.26994836907568,36.05454410515241],[136.26894438989092,36.05452349874678],[136.26893824905912,36.05471384838447],[136.26994715926162,36.054718468732915],[136.26994836907568,36.05454410515241]]]}},{"type":"Feature","properties":{"pid":"dd0f45ef-796b-4f58-bc91-655ae4bb4abe"},"geometry":{"type":"Polygon","coordinates":[[[136.26804105127195,36.05434028170218],[136.2677448621547,36.05433389726504],[136.26774479485982,36.05464901299258],[136.2681841782349,36.05465236028667],[136.26804105127195,36.05434028170218]]]}},{"type":"Feature","properties":{"pid":"1dcdc693-a750-4446-96f0-c6d5f87ad203"},"geometry":{"type":"Polygon","coordinates":[[[136.26822683445764,36.05475064407056],[136.26774848191846,36.054746211354754],[136.26774453052835,36.054882249175556],[136.26828745253175,36.05488740148839],[136.26822683445764,36.05475064407056]]]}},{"type":"Feature","properties":{"pid":"2c5ac846-8b2d-45ce-ab92-e3c2a1d20edd"},"geometry":{"type":"Polygon","coordinates":[[[136.26832835770395,36.055030152842],[136.26774567310815,36.05502261088293],[136.26774443730875,36.05531470978349],[136.26849250867164,36.05532269555225],[136.26832835770395,36.055030152842]]]}},{"type":"Feature","properties":{"pid":"1eabe207-c93d-4855-a2af-fa1baa1ebb8d"},"geometry":{"type":"Polygon","coordinates":[[[136.2665630095368,36.05500946118628],[136.2665600105971,36.055189390349085],[136.26753030102378,36.055199216687235],[136.26753113003699,36.05502087719233],[136.2665630095368,36.05500946118628]]]}},{"type":"Feature","properties":{"pid":"17a9e678-962e-43f4-ad14-d483ddd7ae5f"},"geometry":{"type":"Polygon","coordinates":[[[136.26655986667365,36.054862477986816],[136.26750954577074,36.05488582766561],[136.2675110426323,36.05449777010984],[136.26656844453214,36.054489272147755],[136.26655986667365,36.054862477986816]]]}},{"type":"Feature","properties":{"pid":"475072df-fbd1-4852-86e8-672237c73f72"},"geometry":{"type":"Polygon","coordinates":[[[136.267508302971,36.05415811981787],[136.26657128154588,36.05414871777718],[136.26656973640024,36.05439006367179],[136.2675150744882,36.054400908288855],[136.267508302971,36.05415811981787]]]}},{"type":"Feature","properties":{"pid":"ef79fe27-b557-45cd-b9ea-f498cd5a40d2"},"geometry":{"type":"Polygon","coordinates":[[[136.26774971303294,36.05367888601375],[136.26774521324413,36.05423739840619],[136.26800117003913,36.054239750090126],[136.26794625717002,36.054095635839765],[136.26774971303294,36.05367888601375]]]}},{"type":"Feature","properties":{"pid":"adc9eb09-61f5-4d93-ab5d-25a810043c48"},"geometry":{"type":"Polygon","coordinates":[[[136.26657459512012,36.054052629372116],[136.26751465293523,36.05405324308356],[136.26752057046824,36.053612879703735],[136.26658343143978,36.05360790989046],[136.26657459512012,36.054052629372116]]]}},{"type":"Feature","properties":{"pid":"4e82b7a5-5e91-4383-9c95-94544dedca92"},"geometry":{"type":"Polygon","coordinates":[[[136.2674978063242,36.053344727191075],[136.26658745927503,36.05333839535165],[136.26658437655314,36.05350884693625],[136.26752189011106,36.05351450722193],[136.2675229541063,36.05339495187191],[136.2674978063242,36.053344727191075]]]}},{"type":"Feature","properties":{"pid":"2a8ef5ce-a943-412f-80d8-ed488ce4f1e0"},"geometry":{"type":"Polygon","coordinates":[[[136.26736107959425,36.053073953034904],[136.26659291059798,36.05306509151232],[136.2665892989731,36.053242951791766],[136.26745077125858,36.053249111500065],[136.26736107959425,36.053073953034904]]]}},{"type":"Feature","properties":{"pid":"8cdf8b62-6dfe-4083-aa60-98596a63e8cc"},"geometry":{"type":"Polygon","coordinates":[[[136.26719556665154,36.052785395006616],[136.26659735171407,36.052778837345244],[136.26659413577636,36.05296799960062],[136.267315227171,36.05297630483345],[136.2672276037865,36.052801907081964],[136.26719556665154,36.052785395006616]]]}},{"type":"Feature","properties":{"pid":"9e6f1d88-2e2d-43a9-8409-33ffdce7b35f"},"geometry":{"type":"Polygon","coordinates":[[[136.268790465353,36.05316866708114],[136.2681846412521,36.05316912881205],[136.26827560847357,36.05336073714059],[136.26878785630373,36.05336695730514],[136.268790465353,36.05316866708114]]]}},{"type":"Feature","properties":{"pid":"a1e01701-ac46-4c05-b065-28e82ad0ddaf"},"geometry":{"type":"Polygon","coordinates":[[[136.26996556986595,36.05335996397158],[136.2699787249255,36.05290922379628],[136.26897385126028,36.05289845641199],[136.2689686442359,36.05335384664062],[136.26996556986595,36.05335996397158]]]}},{"type":"Feature","properties":{"pid":"833887d6-74eb-4c96-8379-08f340fc203e"},"geometry":{"type":"Polygon","coordinates":[[[136.2699705025974,36.052811478732536],[136.26998482046878,36.052697795822425],[136.26897723248814,36.05269295644248],[136.2689740425554,36.05280294521657],[136.2699705025974,36.052811478732536]]]}},{"type":"Feature","properties":{"pid":"8f9c23fb-bb86-4c5f-a834-87e90c3c1738"},"geometry":{"type":"Polygon","coordinates":[[[136.26830015704397,36.05306547955378],[136.26879272452678,36.053072727610555],[136.2687977003659,36.05290422074875],[136.26806668680538,36.052894436666755],[136.26807552424037,36.052914655897396],[136.2682530425289,36.05291159834347],[136.2682875352448,36.05292426333077],[136.26830400658199,36.05295194047033],[136.26830015704397,36.05306547955378]]]}},{"type":"Feature","properties":{"pid":"ac52613d-3d88-4437-8674-196de3d83d68"},"geometry":{"type":"Polygon","coordinates":[[[136.2679352155113,36.05257063233889],[136.26792275432234,36.052582372362345],[136.26802124713612,36.05279505223582],[136.26880498116398,36.052803065650984],[136.26880762134456,36.0525847277407],[136.2679352155113,36.05257063233889]]]}},{"type":"Feature","properties":{"pid":"65eadfc1-8d46-4e8d-aff7-d4d75c816b77"},"geometry":{"type":"Polygon","coordinates":[[[136.26880700784454,36.052484861321126],[136.26881723276634,36.052118461225504],[136.26771132073432,36.05212055101433],[136.26786942043353,36.052468872128834],[136.26880700784454,36.052484861321126]]]}},{"type":"Feature","properties":{"pid":"f51ff320-b1e0-4722-87ba-638977b0e2bd"},"geometry":{"type":"Polygon","coordinates":[[[136.26997519813457,36.052510515690784],[136.269984331382,36.05236633783319],[136.26898144857827,36.05236029511337],[136.2689790178255,36.05249571800987],[136.26997519813457,36.052510515690784]]]}},{"type":"Feature","properties":{"pid":"eb992037-1cb8-42b9-91c6-2602a8782c88"},"geometry":{"type":"Polygon","coordinates":[[[136.2699852513781,36.0521323191235],[136.26898688611112,36.052117066991734],[136.26898359768552,36.052262031668235],[136.26998429139152,36.05226970594731],[136.2699852513781,36.0521323191235]]]}},{"type":"Feature","properties":{"pid":"a2da88a2-eb23-49dd-a802-ef7e2497856f"},"geometry":{"type":"Polygon","coordinates":[[[136.26780118938345,36.0518932082376],[136.26881667913466,36.05190013958642],[136.2688191424666,36.05174379451028],[136.26782171934502,36.0517320374229],[136.26780646705464,36.0517420847497],[136.26780118938345,36.0518932082376]]]}},{"type":"Feature","properties":{"pid":"9806cb80-f0a3-4595-9621-0e83f0bbf9c2"},"geometry":{"type":"Polygon","coordinates":[[[136.26697329275413,36.05229067236344],[136.26660113334898,36.052293408584625],[136.26660229916564,36.05245522759529],[136.26705572221493,36.05245652465413],[136.26697329275413,36.05229067236344]]]}},{"type":"Feature","properties":{"pid":"85b443eb-7d87-4be9-af01-bf18bd11f44c"},"geometry":{"type":"Polygon","coordinates":[[[136.26541343067422,36.05240735910398],[136.26544367963976,36.05242394481317],[136.26643708265127,36.052434752665775],[136.26643898929007,36.052288282645385],[136.26562764679377,36.0522773775209],[136.26562362702373,36.05232922295573],[136.26560403711943,36.05235401941281],[136.26541555951042,36.05236389203442],[136.26541343067422,36.05240735910398]]]}},{"type":"Feature","properties":{"pid":"8b60be55-c937-4472-bd2c-7d7d66d58958"},"geometry":{"type":"Polygon","coordinates":[[[136.26642310910992,36.05207852900058],[136.26644827310668,36.052044011788276],[136.26644676279517,36.05134833466483],[136.26543794692716,36.05133990340569],[136.2654310123225,36.052059558106095],[136.26642310910992,36.05207852900058]]]}},{"type":"Feature","properties":{"pid":"8f0c9079-46f1-422a-9a18-dce49e255d11"},"geometry":{"type":"Polygon","coordinates":[[[136.26522408683508,36.0516327389237],[136.26421627950182,36.05162310358053],[136.26421149222008,36.051801450779436],[136.26522455616535,36.05181431624101],[136.26522408683508,36.0516327389237]]]}},{"type":"Feature","properties":{"pid":"6459b155-e5fd-4bbc-92a3-fe55e440ac7f"},"geometry":{"type":"Polygon","coordinates":[[[136.2652083084431,36.051908703481296],[136.2642100583622,36.05189802878655],[136.26420932138532,36.051915699817016],[136.26521940107924,36.05192530515354],[136.2652083084431,36.051908703481296]]]}},{"type":"Feature","properties":{"pid":"3088e745-495f-4e3e-a51e-272d6cd6a77c"},"geometry":{"type":"Polygon","coordinates":[[[136.2642074828833,36.05201225822906],[136.26421942916792,36.05205243531829],[136.26521930056944,36.05206361637782],[136.26521948370697,36.052019516685434],[136.2642074828833,36.05201225822906]]]}},{"type":"Feature","properties":{"pid":"483bd1f9-d656-4b33-ab43-e3a676085107"},"geometry":{"type":"Polygon","coordinates":[[[136.26522033624101,36.05227663595004],[136.2642088958294,36.05227006965169],[136.26420780689108,36.05239819163464],[136.2652181274802,36.05240524536557],[136.26522033624101,36.05227663595004]]]}},{"type":"Feature","properties":{"pid":"49bc5afb-de12-430b-ac21-1988b9d0dc01"},"geometry":{"type":"Polygon","coordinates":[[[136.26519000578162,36.05250495143009],[136.26420552975392,36.05249807678118],[136.26420154787044,36.05294116281594],[136.26521292512348,36.052944855644725],[136.26521706784774,36.05252533893399],[136.26519000578162,36.05250495143009]]]}},{"type":"Feature","properties":{"pid":"a455900d-e5e3-4730-9515-432c9b4b8132"},"geometry":{"type":"Polygon","coordinates":[[[136.26518442101283,36.053042238313246],[136.26420207533732,36.053037917062944],[136.2642008231026,36.05311745931583],[136.26520614647004,36.05312235936646],[136.26520966838558,36.05306655013257],[136.26518442101283,36.053042238313246]]]}},{"type":"Feature","properties":{"pid":"082e9312-c638-4109-8414-bd38a2b948d8"},"geometry":{"type":"Polygon","coordinates":[[[136.26520383037004,36.0532199246359],[136.26419477774436,36.05321356724846],[136.26419448119887,36.053233775568316],[136.26520380666608,36.053238107540984],[136.26520383037004,36.0532199246359]]]}},{"type":"Feature","properties":{"pid":"9c24b96f-8283-425c-813f-37ee283b61d9"},"geometry":{"type":"Polygon","coordinates":[[[136.26519174999967,36.053497735985964],[136.2652043383002,36.05333354137938],[136.2641933280173,36.0533298508208],[136.26419074227945,36.05349243964678],[136.26519174999967,36.053497735985964]]]}},{"type":"Feature","properties":{"pid":"76e148d0-2573-44ba-aa98-13966a4ef75d"},"geometry":{"type":"Polygon","coordinates":[[[136.26642173669302,36.05333517599162],[136.26540878014455,36.05332169531229],[136.26540595177707,36.053497017509095],[136.26641948953952,36.053507874022294],[136.26642173669302,36.05333517599162]]]}},{"type":"Feature","properties":{"pid":"93100c3f-70db-4b18-8c42-278ad781d287"},"geometry":{"type":"Polygon","coordinates":[[[136.26541001785296,36.053071003725954],[136.265408108257,36.053223591615364],[136.26642283652572,36.05323675412512],[136.2664254626428,36.053058571876875],[136.26544735100816,36.053045376399034],[136.26541001785296,36.053071003725954]]]}},{"type":"Feature","properties":{"pid":"4bcf9206-823a-470d-9406-da87ceaddcfc"},"geometry":{"type":"Polygon","coordinates":[[[136.26642843107024,36.052800794786364],[136.26541539250275,36.052786879299205],[136.265413598257,36.05294885110131],[136.26642534621436,36.05296438982883],[136.26642843107024,36.052800794786364]]]}},{"type":"Feature","properties":{"pid":"39d6ad59-cade-4a25-a2d6-9735d677a69c"},"geometry":{"type":"Polygon","coordinates":[[[136.26541526917492,36.05253034374724],[136.26541654495176,36.052690093625856],[136.2664295466763,36.05270577326711],[136.26643213433144,36.052530388481074],[136.26541526917492,36.05253034374724]]]}},{"type":"Feature","properties":{"pid":"d060e4d9-4b82-485a-ae0f-a554dfcf5dd6"},"geometry":{"type":"Polygon","coordinates":[[[136.26710616851062,36.052556722763526],[136.26660404382898,36.05255247793408],[136.266599987812,36.05268143601069],[136.26717161047023,36.0526871740545],[136.26710616851062,36.052556722763526]]]}},{"type":"Feature","properties":{"pid":"d699da46-542b-4380-bea9-47c88aac0eca"},"geometry":{"type":"Polygon","coordinates":[[[136.2654017335068,36.05360603262425],[136.2653985392415,36.05405601902631],[136.26641225713865,36.05406003962315],[136.26641771082257,36.05360575262275],[136.26542637551086,36.05359372852112],[136.2654017335068,36.05360603262425]]]}},{"type":"Feature","properties":{"pid":"b374fa22-819a-4eb1-a595-52623bdab961"},"geometry":{"type":"Polygon","coordinates":[[[136.26639473091592,36.055011261019224],[136.26537845104053,36.05500101684423],[136.26537397397536,36.05518480855708],[136.2663882707348,36.0551852098503],[136.26639473091592,36.055011261019224]]]}},{"type":"Feature","properties":{"pid":"80b1ef4a-4bce-4e55-850f-92193eb7bdb7"},"geometry":{"type":"Polygon","coordinates":[[[136.26638722226542,36.054872170402135],[136.26639856251782,36.054861367003085],[136.26641272147725,36.05415844997907],[136.26539683048688,36.05415240725555],[136.2653877096926,36.05486086131853],[136.26638722226542,36.054872170402135]]]}},{"type":"Feature","properties":{"pid":"6025c7bc-c705-43a8-9ce3-111282ed98c2"},"geometry":{"type":"Polygon","coordinates":[[[136.26518228745974,36.05499172853453],[136.26418082650406,36.05498140444739],[136.26417762268295,36.05517454677484],[136.26517943408692,36.05517427311965],[136.26518228745974,36.05499172853453]]]}},{"type":"Feature","properties":{"pid":"17049391-cec5-429e-b172-b58d64a7596e"},"geometry":{"type":"Polygon","coordinates":[[[136.26417196296498,36.054837691960905],[136.26418732803512,36.054852894898474],[136.26518507932445,36.05485694755188],[136.26518077545484,36.054682553327225],[136.26417362439187,36.05467015051907],[136.26417196296498,36.054837691960905]]]}},{"type":"Feature","properties":{"pid":"11eb2303-dad8-4140-a4a6-f939f437e27f"},"geometry":{"type":"Polygon","coordinates":[[[136.265184838962,36.05444902929616],[136.26417793221682,36.054437331591245],[136.2641783867962,36.054573314843424],[136.26518252385284,36.05458391746884],[136.265184838962,36.05444902929616]]]}},{"type":"Feature","properties":{"pid":"54cbacc3-1f4b-41cc-8884-2c96dbc7703f"},"geometry":{"type":"Polygon","coordinates":[[[136.26517322811944,36.05434893027366],[136.2651900693677,36.054338381152625],[136.26519080556795,36.05426178467949],[136.26417980143705,36.05425138681215],[136.2641806924953,36.05433589224654],[136.26517322811944,36.05434893027366]]]}},{"type":"Feature","properties":{"pid":"1bb837da-eba7-468e-ae6d-5d37fabd5176"},"geometry":{"type":"Polygon","coordinates":[[[136.26518820423016,36.054161205496264],[136.26519948510924,36.054140405815154],[136.2641821177921,36.054123697250134],[136.26418142029178,36.054152805852624],[136.26518820423016,36.054161205496264]]]}},{"type":"Feature","properties":{"pid":"8889ae6a-449f-4ed7-8f7b-ca3bb7c4f689"},"geometry":{"type":"Polygon","coordinates":[[[136.26418313020122,36.0540273631477],[136.26519865100596,36.05403092668104],[136.26519527678838,36.05359645902192],[136.26419234523465,36.053590375537034],[136.26418313020122,36.0540273631477]]]}},{"type":"Feature","properties":{"pid":"99dc4931-d881-45ec-a86f-eef4d8f59fbf"},"geometry":{"type":"Polygon","coordinates":[[[136.26301263106973,36.05392347625358],[136.263026868523,36.05393480385092],[136.26401604235653,36.05394056872391],[136.26401636774148,36.05358252892837],[136.26301882806524,36.05357682619655],[136.26301263106973,36.05392347625358]]]}},{"type":"Feature","properties":{"pid":"68801eef-5d20-4be8-9312-b5b8154bb023"},"geometry":{"type":"Polygon","coordinates":[[[136.26301126241026,36.05404242882073],[136.26300603592148,36.054247903098414],[136.26401799305464,36.05425671952609],[136.2640133846489,36.054038141126064],[136.26301126241026,36.05404242882073]]]}},{"type":"Feature","properties":{"pid":"509a50a7-699f-4361-8b69-d5a1911c9552"},"geometry":{"type":"Polygon","coordinates":[[[136.26299796516525,36.055289257267745],[136.26399765469682,36.05529574777824],[136.26400133959007,36.054982880568105],[136.26300954607234,36.054974522633195],[136.26299796516525,36.055289257267745]]]}},{"type":"Feature","properties":{"pid":"528c8414-5c48-4dbe-973a-a63769095d78"},"geometry":{"type":"Polygon","coordinates":[[[136.26401978777184,36.05435571630935],[136.26300655809416,36.054348468399674],[136.26300088716712,36.05483541762966],[136.26400501262614,36.054845851785046],[136.26401978777184,36.05435571630935]]]}},{"type":"Feature","properties":{"pid":"4c088265-d86e-40c2-b0d2-ccc9858881cc"},"geometry":{"type":"Polygon","coordinates":[[[136.26281486967417,36.05442001511102],[136.26180059117672,36.054413231804],[136.2618056294746,36.05483234228779],[136.26281263162863,36.05484636964775],[136.26281486967417,36.05442001511102]]]}},{"type":"Feature","properties":{"pid":"37ce49a4-9ded-4125-9bbd-87a44529a00a"},"geometry":{"type":"Polygon","coordinates":[[[136.2628198802914,36.05405074075642],[136.2618032170106,36.05403259233384],[136.2618004663987,36.0543221816959],[136.26281577871316,36.05432897278588],[136.2628198802914,36.05405074075642]]]}},{"type":"Feature","properties":{"pid":"40ae9d3f-5127-4f1f-befe-7ddf38c9b1da"},"geometry":{"type":"Polygon","coordinates":[[[136.2628298960668,36.053569242999004],[136.2618107700666,36.053561512643476],[136.26180440706577,36.05394154531711],[136.26282152686323,36.05395970187291],[136.2628298960668,36.053569242999004]]]}},{"type":"Feature","properties":{"pid":"5703877d-6d54-432e-92e5-0c76d5c98058"},"geometry":{"type":"Polygon","coordinates":[[[136.26283048279458,36.05338154188477],[136.26181210732517,36.05336591965955],[136.26181234824014,36.05346318750818],[136.26282928043568,36.053472035816455],[136.26283048279458,36.05338154188477]]]}},{"type":"Feature","properties":{"pid":"99e465a6-c5a8-4583-a129-57bf69ca9f9b"},"geometry":{"type":"Polygon","coordinates":[[[136.26283667831984,36.052990287978076],[136.26181451600982,36.05298167730389],[136.26181217993135,36.053270478738185],[136.26283107811233,36.05328248648548],[136.26283667831984,36.052990287978076]]]}},{"type":"Feature","properties":{"pid":"42cd6e2e-eb40-476e-a8fb-70397b836a8c"},"geometry":{"type":"Polygon","coordinates":[[[136.2628339983581,36.052464238561114],[136.26181527078498,36.052450650652666],[136.26181515691366,36.052884915534825],[136.26283719800796,36.0528900572948],[136.2628339983581,36.052464238561114]]]}},{"type":"Feature","properties":{"pid":"e65ac8b0-612c-4b71-ba62-003609c60e01"},"geometry":{"type":"Polygon","coordinates":[[[136.26302275454867,36.053461440677474],[136.2630599113944,36.05347727048236],[136.2640179934675,36.05348616457929],[136.26404034162422,36.05226346120612],[136.26304201644442,36.05225598585035],[136.26302275454867,36.053461440677474]]]}},{"type":"Feature","properties":{"pid":"526e058f-2a90-4b29-8912-e476b7cd043b"},"geometry":{"type":"Polygon","coordinates":[[[136.26402527245412,36.05204951624164],[136.26404026510787,36.052033662994994],[136.26405167915667,36.05150281411787],[136.2630465442834,36.051497130280204],[136.2630385630611,36.05204768314315],[136.26402527245412,36.05204951624164]]]}},{"type":"Feature","properties":{"pid":"1ff10d61-9e93-43e2-b174-7704a2c518f2"},"geometry":{"type":"Polygon","coordinates":[[[136.26283694778215,36.05224712928434],[136.26182337070912,36.05223985031119],[136.261818188679,36.05235481002247],[136.26283611685878,36.052365470429926],[136.26283694778215,36.05224712928434]]]}},{"type":"Feature","properties":{"pid":"ac172c74-321d-43e2-a0cd-1ec5c841b991"},"geometry":{"type":"Polygon","coordinates":[[[136.26284841945898,36.05166152620923],[136.2618467194445,36.051655820891085],[136.26184273495264,36.05202878128217],[136.26284967065374,36.0520376275143],[136.26284841945898,36.05166152620923]]]}},{"type":"Feature","properties":{"pid":"de2803ff-d1f6-496d-a448-a6638de7db84"},"geometry":{"type":"Polygon","coordinates":[[[136.26284692421746,36.051565289768064],[136.26285438532705,36.05113881081605],[136.26184237619648,36.05113021625856],[136.26184678817236,36.05155746182219],[136.26284692421746,36.051565289768064]]]}},{"type":"Feature","properties":{"pid":"d9f33f0a-06b8-44d1-ac1b-1a2dee60bf66"},"geometry":{"type":"Polygon","coordinates":[[[136.26286121609718,36.05049481871499],[136.26185719855587,36.050478056284476],[136.26184232723747,36.051034561120844],[136.26285561716904,36.05104339941436],[136.26286121609718,36.05049481871499]]]}},{"type":"Feature","properties":{"pid":"6e14afac-a96a-43b0-9e2b-194a91cb85ad"},"geometry":{"type":"Polygon","coordinates":[[[136.26286498230655,36.049866055329176],[136.2618782636446,36.04986296115131],[136.26187656872912,36.050008805688606],[136.26286143865485,36.05001593236944],[136.26286498230655,36.049866055329176]]]}},{"type":"Feature","properties":{"pid":"1b651700-d8af-4fd8-adb9-24898b141f0d"},"geometry":{"type":"Polygon","coordinates":[[[136.2628558222765,36.05014762995328],[136.26286396913426,36.05011150218428],[136.2618746132484,36.05010735338987],[136.26187472171637,36.0501401387477],[136.2628558222765,36.05014762995328]]]}},{"type":"Feature","properties":{"pid":"63e72c81-0ebb-4880-99cd-5a7faa1b36d7"},"geometry":{"type":"Polygon","coordinates":[[[136.26286450528877,36.05024470646742],[136.2618717105791,36.05023972424222],[136.26186328933403,36.05037761499464],[136.26286230640937,36.05039748100861],[136.26286450528877,36.05024470646742]]]}},{"type":"Feature","properties":{"pid":"3c9ff848-cb58-40f3-81c7-895179ff3480"},"geometry":{"type":"Polygon","coordinates":[[[136.26404462368342,36.050482148885116],[136.26305758224976,36.050469782939736],[136.26305081696316,36.051007277466525],[136.26405476606584,36.05101453195647],[136.26404462368342,36.050482148885116]]]}},{"type":"Feature","properties":{"pid":"bfb02372-b603-4d52-9f7a-398ee7abec26"},"geometry":{"type":"Polygon","coordinates":[[[136.26306326518718,36.050348866812],[136.26308471356512,36.05037228229151],[136.26404497512425,36.05039072725343],[136.26405555971965,36.049985200994726],[136.2630813211127,36.04997749154652],[136.2630702686063,36.049983423132524],[136.26306326518718,36.050348866812]]]}},{"type":"Feature","properties":{"pid":"d1b0b8f3-db3c-4d48-886b-bb349fa1aa11"},"geometry":{"type":"Polygon","coordinates":[[[136.26405314719997,36.051111613483094],[136.26304966553255,36.05110276514187],[136.26304568754256,36.051401559958435],[136.2640508195502,36.051404087241174],[136.26405314719997,36.051111613483094]]]}},{"type":"Feature","properties":{"pid":"f744e360-965f-423b-997e-5873d4249870"},"geometry":{"type":"Polygon","coordinates":[[[136.26520273446107,36.0515361743057],[136.26522434316604,36.051522177896786],[136.26522463132594,36.05149628544276],[136.26421926812807,36.051492580596346],[136.26421849492465,36.05152641811331],[136.26520273446107,36.0515361743057]]]}},{"type":"Feature","properties":{"pid":"6d56c7f6-e9b8-4408-bd68-a892435721eb"},"geometry":{"type":"Polygon","coordinates":[[[136.2652028571759,36.05139989959442],[136.26522847439142,36.05138409542871],[136.26522769023634,36.051359325797044],[136.2642217729722,36.05135205028251],[136.26422062688465,36.0513920082367],[136.2652028571759,36.05139989959442]]]}},{"type":"Feature","properties":{"pid":"8ac75f33-7a80-4063-9e7f-3cf2e27eddd7"},"geometry":{"type":"Polygon","coordinates":[[[136.26522884648278,36.050614562333266],[136.2642359067474,36.050600179408626],[136.26422386748297,36.05125536605776],[136.26523166305276,36.05126309399052],[136.26522884648278,36.050614562333266]]]}},{"type":"Feature","properties":{"pid":"58642162-ee73-4282-b2f6-59d4845ab3c9"},"geometry":{"type":"Polygon","coordinates":[[[136.26661731845326,36.05134334802097],[136.26660620633658,36.05204694168703],[136.26663108848723,36.05207912625417],[136.26695986155383,36.05207897247661],[136.26661731845326,36.05134334802097]]]}},{"type":"Feature","properties":{"pid":"bcaa0575-c903-47a7-838b-caf39df2e08f"},"geometry":{"type":"Polygon","coordinates":[[[136.26544200947887,36.050840332465995],[136.26543744383062,36.0512443757096],[136.26644648590002,36.05125042523423],[136.26644552367645,36.0509647318594],[136.26638569388777,36.05083454391114],[136.26545638371286,36.05082933718048],[136.26544200947887,36.050840332465995]]]}},{"type":"Feature","properties":{"pid":"1e538f42-bd30-408f-b4a2-ef18bb9915f6"},"geometry":{"type":"Polygon","coordinates":[[[136.2663399601037,36.05073698257282],[136.26581956518675,36.04959883766709],[136.26544611914449,36.049615101577125],[136.265443139841,36.05072527396587],[136.2663399601037,36.05073698257282]]]}},{"type":"Feature","properties":{"pid":"5739c48f-0d82-436d-b2aa-daf8de67611c"},"geometry":{"type":"Polygon","coordinates":[[[136.26522574089924,36.05027844084332],[136.2642425531545,36.05027192731322],[136.26423766445728,36.05050471907273],[136.26523105311938,36.05051790120255],[136.26522574089924,36.05027844084332]]]}},{"type":"Feature","properties":{"pid":"9c1d4f69-6f3e-464a-978c-9c9cb1588dd5"},"geometry":{"type":"Polygon","coordinates":[[[136.26523078262403,36.05018039668099],[136.26524261125073,36.04961654776314],[136.26424954170648,36.049604117623325],[136.26424635557856,36.05017556682068],[136.26523078262403,36.05018039668099]]]}},{"type":"Feature","properties":{"pid":"9d15c44d-19a2-4222-a688-a67cffb2f652"},"geometry":{"type":"Polygon","coordinates":[[[136.2659668269007,36.0483701998556],[136.26622651326414,36.04893417397455],[136.26626690489041,36.048922530506964],[136.26636765379206,36.04894275431708],[136.26640097834402,36.04896985093383],[136.26639932206487,36.04900702760095],[136.26648328574188,36.04900353430929],[136.26649028778687,36.04836816723953],[136.2659668269007,36.0483701998556]]]}},{"type":"Feature","properties":{"pid":"0c010948-181d-43b8-85be-06959431abf3"},"geometry":{"type":"Polygon","coordinates":[[[136.26544976575195,36.04928975835904],[136.26569163167972,36.04929516997544],[136.26568837424838,36.04927308566678],[136.26544912563446,36.048771180040745],[136.26544976575195,36.04928975835904]]]}},{"type":"Feature","properties":{"pid":"d9e3c75b-20a2-4472-a080-df8ff76d2e5a"},"geometry":{"type":"Polygon","coordinates":[[[136.2648994319051,36.04871685149055],[136.26487060418444,36.04880031599126],[136.26482015867228,36.04882193836998],[136.26468531075807,36.04878907780768],[136.26466777352687,36.048756784177925],[136.2646804830713,36.04871487693013],[136.26426706986024,36.048708405551444],[136.26425749841897,36.049283653055205],[136.26523821520487,36.04929126670264],[136.26524255429518,36.04871994633645],[136.2648994319051,36.04871685149055]]]}},{"type":"Feature","properties":{"pid":"6f2e2310-4778-4a40-bf3c-5404bc65ead8"},"geometry":{"type":"Polygon","coordinates":[[[136.26524557206483,36.04850488784011],[136.26426921928123,36.04850494891914],[136.2642691887629,36.04861311069598],[136.26524595433054,36.04861880735422],[136.26524557206483,36.04850488784011]]]}},{"type":"Feature","properties":{"pid":"2eab759e-78f3-44b0-b6ec-2cdc3d972a3f"},"geometry":{"type":"Polygon","coordinates":[[[136.26511948070063,36.04817698309165],[136.26427214761975,36.048166016541764],[136.26426933618234,36.048407261996424],[136.265229755811,36.048406609369444],[136.26511948070063,36.04817698309165]]]}},{"type":"Feature","properties":{"pid":"cbfd94e8-5e2e-4093-95e5-3c2cd124dd1e"},"geometry":{"type":"Polygon","coordinates":[[[136.26308722125344,36.04817676630292],[136.26308655729449,36.04845456397983],[136.26408985892957,36.048466539943654],[136.26409382208902,36.048168541433554],[136.2631071521567,36.04816120986369],[136.26308722125344,36.04817676630292]]]}},{"type":"Feature","properties":{"pid":"62996558-e6a5-4a53-992c-91d4a8382b59"},"geometry":{"type":"Polygon","coordinates":[[[136.26409028494567,36.048665687477175],[136.2630897118849,36.04867680520945],[136.2630882294616,36.048898686236],[136.26409021153054,36.048906356335806],[136.26409028494567,36.048665687477175]]]}},{"type":"Feature","properties":{"pid":"af04f3f0-0047-4f4f-986c-7933ebd091e8"},"geometry":{"type":"Polygon","coordinates":[[[136.26307086675774,36.049868577297474],[136.26308909416056,36.04988190163575],[136.26406195133382,36.049887117817185],[136.26407453361367,36.049595235523824],[136.26306926750348,36.04959429273499],[136.26307086675774,36.049868577297474]]]}},{"type":"Feature","properties":{"pid":"3733d2ee-00c8-455f-b756-8936e7136ea8"},"geometry":{"type":"Polygon","coordinates":[[[136.2640841834455,36.04900822449772],[136.26308550612973,36.048999397931546],[136.2630837147589,36.04926696082532],[136.26408347772295,36.04928163673208],[136.2640841834455,36.04900822449772]]]}},{"type":"Feature","properties":{"pid":"2ac72f5e-e1dd-4fb7-be63-0624a88926aa"},"geometry":{"type":"Polygon","coordinates":[[[136.2618691696482,36.04960152501377],[136.26187200495738,36.04976635540136],[136.26286670438628,36.04976727061232],[136.26286924982523,36.049599241938026],[136.26189413809192,36.04957641788419],[136.2618691696482,36.04960152501377]]]}},{"type":"Feature","properties":{"pid":"3aec810d-6902-4f19-a43c-0b07e4c0b3ea"},"geometry":{"type":"Polygon","coordinates":[[[136.26288570537236,36.049060651733114],[136.26196178986257,36.04905183964468],[136.26195588616227,36.04927803035938],[136.26288079716758,36.04928452460532],[136.26288570537236,36.049060651733114]]]}},{"type":"Feature","properties":{"pid":"02adb188-5d6d-4af2-a7eb-a31c704c4a2f"},"geometry":{"type":"Polygon","coordinates":[[[136.26288913871426,36.048578505332515],[136.26196669459904,36.048566479936],[136.26197002686612,36.04895274579404],[136.2628869327379,36.04896427599661],[136.26288913871426,36.048578505332515]]]}},{"type":"Feature","properties":{"pid":"62cf9ce6-3402-4a3a-b6c4-df5ed10fdcf1"},"geometry":{"type":"Polygon","coordinates":[[[136.26289203660187,36.048272335657565],[136.26197305731426,36.04826029633531],[136.26196919237992,36.048468559998376],[136.2628890411811,36.048478685237775],[136.26289203660187,36.048272335657565]]]}},{"type":"Feature","properties":{"pid":"9455d01d-f63e-47d6-9457-9086abe71f49"},"geometry":{"type":"Polygon","coordinates":[[[136.26079704122532,36.048461953419476],[136.26081379261765,36.04847882349287],[136.26179240026246,36.04848341109301],[136.26179462888283,36.048243973866406],[136.26080257420335,36.04823662145609],[136.26079704122532,36.048461953419476]]]}},{"type":"Feature","properties":{"pid":"b3f103af-0638-4518-97f6-4888391ebe6f"},"geometry":{"type":"Polygon","coordinates":[[[136.26179327704367,36.04858472491875],[136.26079696032556,36.048577451364054],[136.26079962775873,36.04888240597685],[136.26179592884253,36.048884957669586],[136.26179327704367,36.04858472491875]]]}},{"type":"Feature","properties":{"pid":"25a78bcf-203f-41d0-8dfe-56a598c343a7"},"geometry":{"type":"Polygon","coordinates":[[[136.25969459082282,36.048369135135495],[136.25969058784585,36.049236379344364],[136.26054772287526,36.04925399361729],[136.26056539567688,36.048359201787136],[136.2597244378108,36.048344722384],[136.25969459082282,36.048369135135495]]]}},{"type":"Feature","properties":{"pid":"11450f2f-8301-40a0-b3a8-571f24841688"},"geometry":{"type":"Polygon","coordinates":[[[136.26079761666128,36.049070959372344],[136.2607953310169,36.04925251754927],[136.26179024509796,36.049272397302374],[136.26179545558236,36.0490813721515],[136.26079761666128,36.049070959372344]]]}},{"type":"Feature","properties":{"pid":"1f0335f6-fc5d-4c98-833a-d379a76c67ee"},"geometry":{"type":"Polygon","coordinates":[[[136.26168560155676,36.05013769214135],[136.26170605665956,36.04957753170763],[136.2607980073655,36.049575038690676],[136.2607874103068,36.05013027889512],[136.26168560155676,36.05013769214135]]]}},{"type":"Feature","properties":{"pid":"c4cf2e54-196a-4e53-ba43-cad5684d6753"},"geometry":{"type":"Polygon","coordinates":[[[136.26169121171134,36.050544840393854],[136.26078646369837,36.05053273873995],[136.26078298242908,36.050673768278564],[136.26169036207313,36.05067959600855],[136.26169121171134,36.050544840393854]]]}},{"type":"Feature","properties":{"pid":"00be44d4-f2f9-430c-9d9e-61411779206f"},"geometry":{"type":"Polygon","coordinates":[[[136.26169261463778,36.05077792727522],[136.26078103094247,36.05077203476805],[136.26076966763063,36.051193400382815],[136.26168409373642,36.05120860286673],[136.26169261463778,36.05077792727522]]]}},{"type":"Feature","properties":{"pid":"11268d50-78e3-4b2d-894a-5896014ba6aa"},"geometry":{"type":"Polygon","coordinates":[[[136.26167945294668,36.05130743824999],[136.2607695753305,36.05129063620968],[136.2607660163709,36.051442269341756],[136.2616812600246,36.05145122766557],[136.26167945294668,36.05130743824999]]]}},{"type":"Feature","properties":{"pid":"4a09118f-69ca-43bd-a167-09efb58e848b"},"geometry":{"type":"Polygon","coordinates":[[[136.26052653462307,36.05051427374925],[136.2596739190347,36.05050525698431],[136.25967108447696,36.050588538769894],[136.2605247629375,36.05059444056377],[136.26052653462307,36.05051427374925]]]}},{"type":"Feature","properties":{"pid":"91c54a5a-b263-489e-8fbf-8ccaf6ee5e34"},"geometry":{"type":"Polygon","coordinates":[[[136.26053897514862,36.04956898149213],[136.25967249310222,36.04956000391937],[136.25967522056783,36.0504095971737],[136.26052791936004,36.05041742223129],[136.26053897514862,36.04956898149213]]]}},{"type":"Feature","properties":{"pid":"68094550-1d05-4224-bbe9-c47fe077c623"},"geometry":{"type":"Polygon","coordinates":[[[136.25945395745757,36.04955451728933],[136.25856594060485,36.04954027626971],[136.25844117285,36.049615936158624],[136.25843196593038,36.05047689626644],[136.2594400862544,36.05047788049056],[136.25945395745757,36.04955451728933]]]}},{"type":"Feature","properties":{"pid":"fb9d8a7c-e6eb-44c7-aa7b-7f6f125151e8"},"geometry":{"type":"Polygon","coordinates":[[[136.25943649310696,36.050576883442],[136.25843434158023,36.05057747078302],[136.25843904937815,36.05142061283843],[136.2594217217161,36.051427952442175],[136.25943649310696,36.050576883442]]]}},{"type":"Feature","properties":{"pid":"237e7419-f604-49a1-a8c9-85affd52df15"},"geometry":{"type":"Polygon","coordinates":[[[136.25691706434603,36.051012583814874],[136.25693607112723,36.051036152874715],[136.2580939870495,36.05107130742064],[136.25809208736175,36.05095842644713],[136.2569187526875,36.05093499657253],[136.25691706434603,36.051012583814874]]]}},{"type":"Feature","properties":{"pid":"29f2f002-d4cb-4d45-ba40-cb429c2932c9"},"geometry":{"type":"Polygon","coordinates":[[[136.2580934675991,36.05116763647287],[136.25691004688386,36.0511348712864],[136.256905491813,36.05122912671962],[136.25809545919515,36.051257356478196],[136.2580934675991,36.05116763647287]]]}},{"type":"Feature","properties":{"pid":"c6e5e443-1ccf-4276-9d60-1079fbbba1a1"},"geometry":{"type":"Polygon","coordinates":[[[136.25809223549354,36.050764907668615],[136.25692694619343,36.050733262147574],[136.25692323581202,36.050834095362134],[136.25809449477873,36.05085850979369],[136.25809223549354,36.050764907668615]]]}},{"type":"Feature","properties":{"pid":"55cc935b-6d82-40cf-bb6f-55e46c8d3ba8"},"geometry":{"type":"Polygon","coordinates":[[[136.25808804077417,36.05003397189325],[136.25808923095434,36.04995533576282],[136.25696059704637,36.04993359504421],[136.25695732701294,36.05000622876345],[136.25808804077417,36.05003397189325]]]}},{"type":"Feature","properties":{"pid":"783ad2e5-8cd5-4287-9400-b579ca4b729c"},"geometry":{"type":"Polygon","coordinates":[[[136.25809520846178,36.049422283068544],[136.2581096165132,36.049379913620825],[136.25809102876417,36.049051165221144],[136.25698949407965,36.04903576086074],[136.25696924639706,36.04939311921743],[136.25809520846178,36.049422283068544]]]}},{"type":"Feature","properties":{"pid":"e0cb37e7-1bd5-4ff5-b01c-3320075885e2"},"geometry":{"type":"Polygon","coordinates":[[[136.2580927326091,36.04952227028673],[136.25696791192868,36.049490753108486],[136.2569662280675,36.049597973135775],[136.25808793277903,36.04962534888957],[136.2580927326091,36.04952227028673]]]}},{"type":"Feature","properties":{"pid":"ddf6553a-1a54-4f53-a526-0422701e9575"},"geometry":{"type":"Polygon","coordinates":[[[136.25808485955338,36.04972621262705],[136.25696485205276,36.04969745401439],[136.25696299087912,36.04983412730857],[136.2580875713046,36.049858569797365],[136.25808485955338,36.04972621262705]]]}},{"type":"Feature","properties":{"pid":"b61cb62f-3086-4662-8047-0db7fc4e4703"},"geometry":{"type":"Polygon","coordinates":[[[136.25829848616644,36.048638095349276],[136.25831486753674,36.049311612042715],[136.25850320924457,36.04925057421286],[136.2594589017719,36.04924141858803],[136.25946549674492,36.04864853525119],[136.25829848616644,36.048638095349276]]]}},{"type":"Feature","properties":{"pid":"57611ffd-9576-4d8c-8284-46ab253c59ce"},"geometry":{"type":"Polygon","coordinates":[[[136.2582698182237,36.047891056839156],[136.25829013447924,36.04854330689911],[136.2594530667456,36.04855473909129],[136.25946830728705,36.048537950278714],[136.2594734854435,36.0478918091534],[136.2582698182237,36.047891056839156]]]}},{"type":"Feature","properties":{"pid":"f1a62235-77cf-4ce1-b613-bc40bac2e9ac"},"geometry":{"type":"Polygon","coordinates":[[[136.25701544528846,36.048289195219965],[136.25701151798765,36.048407675788546],[136.25808236177784,36.048418064730974],[136.25807243620093,36.04809205790237],[136.25702135515115,36.0480731687829],[136.25701731804014,36.048178713451534],[136.25705063057637,36.0482001129481],[136.25705822177952,36.048244472862145],[136.25704590175735,36.04827370409296],[136.25701544528846,36.048289195219965]]]}},{"type":"Feature","properties":{"pid":"cd78780a-ac94-4c5a-bdbd-15e56811b06f"},"geometry":{"type":"Polygon","coordinates":[[[136.25699082793545,36.04889758649745],[136.25810255838192,36.04892328288142],[136.25810232626907,36.048852049060244],[136.25699720591112,36.04882040033983],[136.25699082793545,36.04889758649745]]]}},{"type":"Feature","properties":{"pid":"85029312-6096-4fa9-86fd-649aaab81779"},"geometry":{"type":"Polygon","coordinates":[[[136.25808473426844,36.048518681802214],[136.2570066717551,36.04850626414308],[136.25700041553404,36.04872060452683],[136.25808933171004,36.048749947469545],[136.25808473426844,36.048518681802214]]]}},{"type":"Feature","properties":{"pid":"92995f9c-68b9-43ea-8730-ec923102f253"},"geometry":{"type":"Polygon","coordinates":[[[136.25680379078432,36.04866375623053],[136.2568210097445,36.048651365438594],[136.25682631798102,36.04839478857002],[136.25555312030352,36.048366049777165],[136.2555497008153,36.04863986934097],[136.25680379078432,36.04866375623053]],[[136.25573328832252,36.04862402759539],[136.25558826626937,36.04857570008236],[136.2555797659789,36.048546126451825],[136.25563818873792,36.04842898193314],[136.25568524164882,36.04842394210447],[136.2558004266617,36.04845420015913],[136.25582997600998,36.04847898310073],[136.25579783869654,36.04859374632262],[136.25577508022863,36.04861784411227],[136.25573328832252,36.04862402759539]]]}},{"type":"Feature","properties":{"pid":"9b5df3d4-9480-4f44-b15a-feded333766d"},"geometry":{"type":"Polygon","coordinates":[[[136.25680354149299,36.04829846817127],[136.2568327422636,36.04828157982786],[136.25683435963163,36.04824552725439],[136.25555534044602,36.04821821773113],[136.25555347184567,36.04826803743135],[136.25680354149299,36.04829846817127]]]}},{"type":"Feature","properties":{"pid":"0b2290aa-f278-4f6d-8981-5edec42e0ad8"},"geometry":{"type":"Polygon","coordinates":[[[136.25553917346755,36.04886227407776],[136.25681920737864,36.048895350191565],[136.25681896556804,36.04876045279719],[136.25554369189408,36.04873596277496],[136.25553917346755,36.04886227407776]]]}},{"type":"Feature","properties":{"pid":"def75090-212e-4dc9-b596-53a34750fc1e"},"geometry":{"type":"Polygon","coordinates":[[[136.25680183725444,36.04903238646662],[136.25552836825136,36.04900275857911],[136.25552386191234,36.0491448789873],[136.25679962927518,36.04917155101355],[136.25680183725444,36.04903238646662]]]}},{"type":"Feature","properties":{"pid":"28f9686b-495f-4250-add2-ee5ecfef9064"},"geometry":{"type":"Polygon","coordinates":[[[136.2567995855887,36.049350055031155],[136.25680253765393,36.049271998540384],[136.25552063311213,36.049243151672584],[136.2555181939271,36.04932118832034],[136.2567995855887,36.049350055031155]]]}},{"type":"Feature","properties":{"pid":"642423a6-5a13-4283-9844-30f9047b2a06"},"geometry":{"type":"Polygon","coordinates":[[[136.256792501088,36.049447746472865],[136.2555171075184,36.04942186248052],[136.2555154666038,36.049465691072896],[136.25679069000924,36.04949245865321],[136.256792501088,36.049447746472865]]]}},{"type":"Feature","properties":{"pid":"e9a5bca0-9d59-49c3-b47a-d817948bf164"},"geometry":{"type":"Polygon","coordinates":[[[136.25678673312868,36.049589362079615],[136.25551225291588,36.04956488847986],[136.25550089565147,36.049971227102304],[136.25677153103126,36.04999196268697],[136.25678673312868,36.049589362079615]]]}},{"type":"Feature","properties":{"pid":"d5779e58-29e2-4de3-a8ac-d0771f9814ce"},"geometry":{"type":"Polygon","coordinates":[[[136.25534035151082,36.049708023624156],[136.25414352690973,36.049677099223416],[136.2541330172922,36.04984507143496],[136.25533153732792,36.04987524920225],[136.25534035151082,36.049708023624156]]]}},{"type":"Feature","properties":{"pid":"2319543e-bb7f-4866-9dcf-b76b175c2c3b"},"geometry":{"type":"Polygon","coordinates":[[[136.25534635955347,36.04925269757729],[136.25415315317082,36.04922322772418],[136.2541439121323,36.0495790911436],[136.2553388310431,36.04960927386836],[136.25534635955347,36.04925269757729]]]}},{"type":"Feature","properties":{"pid":"28c1ba70-e81e-4a1c-b54b-22ad9ca7c439"},"geometry":{"type":"Polygon","coordinates":[[[136.25535870229115,36.049007174143114],[136.2541617136553,36.04897339245201],[136.25415859961504,36.04912555664516],[136.25535272439436,36.04915292008401],[136.25535870229115,36.049007174143114]]]}},{"type":"Feature","properties":{"pid":"1e63412f-b6c4-4f3e-8153-1429b3073029"},"geometry":{"type":"Polygon","coordinates":[[[136.25537445044108,36.04844898113009],[136.25417112072387,36.048419549153515],[136.254169181624,36.04882936628247],[136.25536011855368,36.04885442879687],[136.25537445044108,36.04844898113009]]]}},{"type":"Feature","properties":{"pid":"a498a046-f410-441b-b70f-6dcbabeb34e7"},"geometry":{"type":"Polygon","coordinates":[[[136.2553796009619,36.04831693005932],[136.2541656683556,36.04828848480107],[136.25416468426545,36.04832618935836],[136.25537970216786,36.048348332491585],[136.2553796009619,36.04831693005932]]]}},{"type":"Feature","properties":{"pid":"ab55383a-1b45-4f68-a0c0-90aea7f06de1"},"geometry":{"type":"Polygon","coordinates":[[[136.25387380972393,36.048654792816016],[136.25267441220126,36.04863638686793],[136.25266909642195,36.04881705043272],[136.25388195151584,36.04882436277219],[136.25387380972393,36.048654792816016]]]}},{"type":"Feature","properties":{"pid":"b4c671e3-2228-44ed-b98f-318f47bed683"},"geometry":{"type":"Polygon","coordinates":[[[136.25386531721037,36.048973516620855],[136.2526652193557,36.048962785315055],[136.25266428550998,36.04905103736188],[136.25386546190157,36.0490634405182],[136.25386531721037,36.048973516620855]]]}},{"type":"Feature","properties":{"pid":"996afd5c-9831-472e-9da6-47efd1964f6a"},"geometry":{"type":"Polygon","coordinates":[[[136.2525036668249,36.04825374520452],[136.25140265805368,36.04824091239722],[136.25137577634064,36.04880942805929],[136.25249065031116,36.0488164944216],[136.2525036668249,36.04825374520452]]]}},{"type":"Feature","properties":{"pid":"16ec938c-e187-4dad-bcf0-d75cdafce3b2"},"geometry":{"type":"Polygon","coordinates":[[[136.2524831415268,36.04896621108841],[136.2513640037471,36.04896580038693],[136.25133443858294,36.04985153466789],[136.25247766960555,36.04985845066697],[136.2524831415268,36.04896621108841]]]}},{"type":"Feature","properties":{"pid":"abeb4e59-aa5d-4db5-a64d-6397ee6a0e4d"},"geometry":{"type":"Polygon","coordinates":[[[136.25383783247258,36.04983089414683],[136.25265346745232,36.04981777033162],[136.25265352714607,36.0498730389181],[136.25383656328378,36.049885426143035],[136.25383783247258,36.04983089414683]]]}},{"type":"Feature","properties":{"pid":"c061ea06-9050-402b-8ef3-f08139b5d16a"},"geometry":{"type":"Polygon","coordinates":[[[136.25384878476189,36.04965209754309],[136.25265682927747,36.04964062805103],[136.25265597430445,36.04971926407349],[136.25384361254905,36.049732980321],[136.25384878476189,36.04965209754309]]]}},{"type":"Feature","properties":{"pid":"86f987b3-8ff1-470a-9878-0e39d1f6c20a"},"geometry":{"type":"Polygon","coordinates":[[[136.25386408035882,36.04916290871553],[136.25266298436574,36.04915050550215],[136.25265558617122,36.04954094269192],[136.25385124418654,36.049552653636674],[136.25386408035882,36.04916290871553]]]}},{"type":"Feature","properties":{"pid":"10b7f4c1-274b-4474-b210-15db101edccb"},"geometry":{"type":"Polygon","coordinates":[[[136.25381776092647,36.05046403558916],[136.25264517731614,36.050455159339414],[136.25264180946172,36.05067165516514],[136.25380758482748,36.05068624860522],[136.25381776092647,36.05046403558916]]]}},{"type":"Feature","properties":{"pid":"b6481f53-7a2a-4913-9869-342e4189cd45"},"geometry":{"type":"Polygon","coordinates":[[[136.25382598477455,36.05032448900156],[136.252648762552,36.050317430124956],[136.25264839448417,36.0503578556391],[136.2538264697978,36.050366993419395],[136.25382598477455,36.05032448900156]]]}},{"type":"Feature","properties":{"pid":"79b07de2-d1b8-4bf2-a360-c0842a1dbf9e"},"geometry":{"type":"Polygon","coordinates":[[[136.25383603285587,36.049987955901365],[136.25264917217427,36.049974826575074],[136.2526443801782,36.05021134081639],[136.25382846573692,36.050225907708715],[136.25383603285587,36.049987955901365]]]}},{"type":"Feature","properties":{"pid":"26887b38-8681-4822-b562-5a00d126fa8c"},"geometry":{"type":"Polygon","coordinates":[[[136.252468179132,36.0501750189181],[136.25133112267653,36.05015776290313],[136.25133164360108,36.050197692882655],[136.252466913473,36.05021217025616],[136.252468179132,36.0501750189181]]]}},{"type":"Feature","properties":{"pid":"30259d80-76a3-4317-bbc8-461365974a7b"},"geometry":{"type":"Polygon","coordinates":[[[136.25246488780263,36.05030852908467],[136.2513312979205,36.05029547533629],[136.25132509159445,36.05059266040738],[136.25246145254278,36.05061053851084],[136.25246488780263,36.05030852908467]]]}},{"type":"Feature","properties":{"pid":"b5d4078d-26d1-40d6-a4c6-ad4c73e1a6b1"},"geometry":{"type":"Polygon","coordinates":[[[136.25130635600232,36.050929865981836],[136.25245298949812,36.05094766997615],[136.2524581293148,36.050705733638736],[136.25132008536715,36.0506896314994],[136.25130635600232,36.050929865981836]]]}},{"type":"Feature","properties":{"pid":"f49b16d7-7989-49e0-972e-346849483a44"},"geometry":{"type":"Polygon","coordinates":[[[136.25245439637723,36.05104316489932],[136.25130355685016,36.05103014805276],[136.2513017741312,36.0511495667647],[136.2524491182376,36.051164592851244],[136.25245439637723,36.05104316489932]]]}},{"type":"Feature","properties":{"pid":"bb100ff1-918e-45cf-92ce-4a311da7848f"},"geometry":{"type":"Polygon","coordinates":[[[136.25379111919418,36.05123674282611],[136.2526260244887,36.05122360090037],[136.2526216246189,36.051383080210805],[136.25324449293316,36.051398862617084],[136.25378325209817,36.051380730386335],[136.25379111919418,36.05123674282611]]]}},{"type":"Feature","properties":{"pid":"63ebff36-6382-4ef1-a6ac-2dc77b092d17"},"geometry":{"type":"Polygon","coordinates":[[[136.2538008436839,36.05100523674095],[136.2526315714212,36.050996352772636],[136.25262949890376,36.051126734200224],[136.253796112486,36.05114019717782],[136.2538008436839,36.05100523674095]]]}},{"type":"Feature","properties":{"pid":"97faff3c-cca5-45b7-8123-20d5ace2f8e0"},"geometry":{"type":"Polygon","coordinates":[[[136.2538050643478,36.05078405874275],[136.25263811875374,36.050767560537686],[136.25263642393722,36.050895339138584],[136.25380371997056,36.05090639213276],[136.2538050643478,36.05078405874275]]]}},{"type":"Feature","properties":{"pid":"8677b8b8-e1a0-40e7-9ba7-a21c0c30f9f8"},"geometry":{"type":"Polygon","coordinates":[[[136.2552709729699,36.051412075628235],[136.25528062556353,36.051124260517255],[136.2540878925119,36.05109787711289],[136.25407813871254,36.051388553550424],[136.25476433582122,36.051371949275705],[136.2552709729699,36.051412075628235]]]}},{"type":"Feature","properties":{"pid":"6c6674b9-8d7d-46c4-903d-2d2acfa00a73"},"geometry":{"type":"Polygon","coordinates":[[[136.2552849028441,36.05062258628624],[136.2541099959833,36.050595995955646],[136.25409415480507,36.05100228993415],[136.2552826348627,36.05102671238296],[136.2552849028441,36.05062258628624]]]}},{"type":"Feature","properties":{"pid":"c32e05bd-e888-4861-a700-9e78833195fe"},"geometry":{"type":"Polygon","coordinates":[[[136.2553050117896,36.05046640578668],[136.25411589188275,36.050440322605375],[136.25411007914147,36.05049815824264],[136.25530256161355,36.05052332888928],[136.2553050117896,36.05046640578668]]]}},{"type":"Feature","properties":{"pid":"c73cd441-9f62-4976-a856-4538109cd42d"},"geometry":{"type":"Polygon","coordinates":[[[136.25533092656102,36.04997230593201],[136.25413107277677,36.049942895021054],[136.2541264592843,36.0501387668888],[136.25532590982576,36.05016507577521],[136.25533092656102,36.04997230593201]]]}},{"type":"Feature","properties":{"pid":"8aaef52f-19fe-49cd-a380-ab47a2f00fdb"},"geometry":{"type":"Polygon","coordinates":[[[136.25530581033814,36.05026015764783],[136.25412391155297,36.050234843250166],[136.25412041987536,36.050342341269015],[136.2553016758351,36.05036751792374],[136.25530581033814,36.05026015764783]]]}},{"type":"Feature","properties":{"pid":"d624c8e9-7645-483d-9c15-7d6538f56323"},"geometry":{"type":"Polygon","coordinates":[[[136.25676468129785,36.050287298672416],[136.25548605880985,36.050255708566475],[136.25548193882304,36.05045000249857],[136.25675748146932,36.050473389137494],[136.25676468129785,36.050287298672416]]]}},{"type":"Feature","properties":{"pid":"f3e09d92-4380-4040-b6bc-c757312a12d1"},"geometry":{"type":"Polygon","coordinates":[[[136.25677322426893,36.05009027910333],[136.2554933859506,36.050070109347345],[136.2554883718996,36.050155723425036],[136.2567685178038,36.05019083760995],[136.25677322426893,36.05009027910333]]]}},{"type":"Feature","properties":{"pid":"08c816c1-db3a-4116-bced-5f2ad07ef8c6"},"geometry":{"type":"Polygon","coordinates":[[[136.25675453594113,36.0505738337213],[136.25547856461372,36.050550834773965],[136.2554787314156,36.050602473728524],[136.2567528210861,36.05063254562095],[136.25675453594113,36.0505738337213]]]}},{"type":"Feature","properties":{"pid":"08972c2e-7745-4ea9-bee8-783eab620367"},"geometry":{"type":"Polygon","coordinates":[[[136.25674530951,36.05073065267668],[136.25547624828923,36.050701861155645],[136.25546531041422,36.050879191844174],[136.25673955980875,36.05090505304834],[136.25674530951,36.05073065267668]]]}},{"type":"Feature","properties":{"pid":"684fbb6f-f44b-4829-b616-ed3849aecb74"},"geometry":{"type":"Polygon","coordinates":[[[136.25673754910005,36.05100136330724],[136.25546110611353,36.0509754970064],[136.25544696608162,36.05142119137315],[136.2567116734235,36.05147700086895],[136.25673754910005,36.05100136330724]]]}},{"type":"Feature","properties":{"pid":"d898ad23-3c29-46e2-8978-f1ca9484a2fb"},"geometry":{"type":"Polygon","coordinates":[[[136.25938182734666,36.054143290946755],[136.25848627001858,36.05413899636896],[136.25850991338362,36.054790795159654],[136.25937864440544,36.054796915842324],[136.25938182734666,36.054143290946755]]]}},{"type":"Feature","properties":{"pid":"feeedda7-e649-401a-a390-8611dfa52acf"},"geometry":{"type":"Polygon","coordinates":[[[136.25844888100303,36.05200693892114],[136.25938119438388,36.052009637662316],[136.25941782321607,36.05198675244593],[136.25941832196386,36.051815311808355],[136.25939729887324,36.051761974239646],[136.25942480156704,36.05172377206774],[136.25942826126413,36.05152307280995],[136.25843953791014,36.0515139987089],[136.25844888100303,36.05200693892114]]]}},{"type":"Feature","properties":{"pid":"f74d3e2a-8821-45d2-ae2f-734dea5c85df"},"geometry":{"type":"Polygon","coordinates":[[[136.2605072680299,36.05250818507906],[136.25965195359132,36.052506402965456],[136.25964648994508,36.052927449460164],[136.2605036843281,36.05293127158618],[136.2605072680299,36.05250818507906]]]}},{"type":"Feature","properties":{"pid":"9d19088d-b9ce-4f58-9148-15330a8b904c"},"geometry":{"type":"Polygon","coordinates":[[[136.26051280958131,36.05181575977071],[136.25965106997225,36.0518097133515],[136.2596484575719,36.05200844744062],[136.26050805173284,36.0520174297579],[136.26051280958131,36.05181575977071]]]}},{"type":"Feature","properties":{"pid":"a239c1c8-2d5d-45a0-b771-bd100f1dfc5a"},"geometry":{"type":"Polygon","coordinates":[[[136.2605019776031,36.0522245366484],[136.2596506958627,36.05221786323712],[136.25965155871884,36.05240682807875],[136.26050731366172,36.05241119087262],[136.26051244946777,36.052235839058085],[136.2605019776031,36.0522245366484]]]}},{"type":"Feature","properties":{"pid":"4e3a71e7-d4c7-444d-b880-160d3cef76ee"},"geometry":{"type":"Polygon","coordinates":[[[136.26119220808278,36.05154873844958],[136.26076860032222,36.05154133879511],[136.26076238477935,36.051939721112355],[136.2611776749983,36.05194468711552],[136.26119220808278,36.05154873844958]]]}},{"type":"Feature","properties":{"pid":"c18bf577-55de-4992-9b9c-ead72b539542"},"geometry":{"type":"Polygon","coordinates":[[[136.26168127164954,36.0515635245705],[136.26132285213768,36.05155759988085],[136.26131007691222,36.05195362419069],[136.2616755520791,36.05196222707186],[136.26168127164954,36.0515635245705]]]}},{"type":"Feature","properties":{"pid":"c5ee841c-6b14-4fe8-b329-905592368330"},"geometry":{"type":"Polygon","coordinates":[[[136.2616681828949,36.052243457069714],[136.26079049395628,36.05221806347861],[136.26075808603966,36.05223895486517],[136.26074405413814,36.053454781215976],[136.26164610858575,36.05345906273306],[136.2616681828949,36.052243457069714]]]}},{"type":"Feature","properties":{"pid":"297ceace-5af0-4de5-baa9-9df7edf9807f"},"geometry":{"type":"Polygon","coordinates":[[[136.26164085613505,36.05356139116252],[136.2607407846998,36.05355554337274],[136.26073330934483,36.05409511275168],[136.26163894998962,36.05410406843937],[136.26164085613505,36.05356139116252]]]}},{"type":"Feature","properties":{"pid":"b482820d-1a23-4471-89ab-ea341f95ed34"},"geometry":{"type":"Polygon","coordinates":[[[136.26048417994733,36.053566143281536],[136.25961951588573,36.05356657187505],[136.25961952155293,36.05376748866783],[136.26048066614612,36.05377009414627],[136.26048417994733,36.053566143281536]]]}},{"type":"Feature","properties":{"pid":"d05ab450-baee-4d02-9480-c023bad9a525"},"geometry":{"type":"Polygon","coordinates":[[[136.26048063892955,36.0538666941987],[136.2596196701897,36.05386296781953],[136.25962131321356,36.05443470661537],[136.2604643051493,36.05444164632325],[136.26048063892955,36.0538666941987]]]}},{"type":"Feature","properties":{"pid":"c1a2a873-c742-4950-8ee6-a03f9bebbdac"},"geometry":{"type":"Polygon","coordinates":[[[136.26046140620304,36.05454236077704],[136.25962066237346,36.05453644402816],[136.25961429977073,36.05479970744055],[136.26045060792592,36.05480570894989],[136.26046140620304,36.05454236077704]]]}},{"type":"Feature","properties":{"pid":"63bd4bf8-3a1b-4c98-aa59-019f14a78839"},"geometry":{"type":"Polygon","coordinates":[[[136.26162686147316,36.05496293690259],[136.2607191462397,36.05495664501525],[136.26071359517033,36.055213875411546],[136.26162657112857,36.05522279221316],[136.26162686147316,36.05496293690259]]]}},{"type":"Feature","properties":{"pid":"5e43476a-ff38-4e76-855e-a89bd0f6fa7c"},"geometry":{"type":"Polygon","coordinates":[[[136.26164012329386,36.05420141376396],[136.26073030215338,36.05419558565203],[136.26072669364382,36.05481769114773],[136.2616282926753,36.05482878637661],[136.26164012329386,36.05420141376396]]]}},{"type":"Feature","properties":{"pid":"c5dd60c9-e449-4bc7-baee-6ea41577fb25"},"geometry":{"type":"Polygon","coordinates":[[[136.26162021096337,36.05571119641299],[136.26071063178483,36.055705370842176],[136.2607072050456,36.05583823458146],[136.26161415042415,36.055848767792604],[136.26162021096337,36.05571119641299]]]}},{"type":"Feature","properties":{"pid":"d8d4de6c-533a-4f94-8cd9-78a9d67444a4"},"geometry":{"type":"Polygon","coordinates":[[[136.26070718622117,36.05616913684839],[136.26160762745843,36.05617355131554],[136.26161401527776,36.055946111643934],[136.2607080631253,36.05593704553852],[136.26070718622117,36.05616913684839]]]}},{"type":"Feature","properties":{"pid":"9d4ad1ff-5eb0-435b-be48-bb3fe250f365"},"geometry":{"type":"Polygon","coordinates":[[[136.26162205645045,36.055582033823576],[136.260714285656,36.055573983940356],[136.2607131752711,36.05560991404644],[136.2616214014726,36.05561468434939],[136.26162205645045,36.055582033823576]]]}},{"type":"Feature","properties":{"pid":"8393a64a-3ef5-475b-9d26-503cb556f07b"},"geometry":{"type":"Polygon","coordinates":[[[136.26162856505036,36.05531821766834],[136.260714953455,36.05530927540898],[136.26071550036752,36.05547513276185],[136.2616249164088,36.05548410212381],[136.26162856505036,36.05531821766834]]]}},{"type":"Feature","properties":{"pid":"72ad879f-0cef-4a42-b1ac-23b709fa9a32"},"geometry":{"type":"Polygon","coordinates":[[[136.26043506467133,36.05577087665579],[136.26043783802277,36.05557270483527],[136.25983544230215,36.055570096210026],[136.2598330306845,36.05562751317032],[136.25980615243793,36.05565415166091],[136.25960797786536,36.05565984262146],[136.25960686007684,36.055772275448504],[136.26043506467133,36.05577087665579]]]}},{"type":"Feature","properties":{"pid":"84cbccad-db64-4483-808b-ba023c2a3f26"},"geometry":{"type":"Polygon","coordinates":[[[136.2604338130222,36.05586192423097],[136.25960588244263,36.05586332257491],[136.25960130991447,36.05625866361706],[136.26042835747919,36.05626560118015],[136.2604338130222,36.05586192423097]]]}},{"type":"Feature","properties":{"pid":"0b781137-4b3d-4775-bc9c-47d06fe547fa"},"geometry":{"type":"Polygon","coordinates":[[[136.2604259595467,36.05636431361399],[136.25960078472778,36.05635836574979],[136.2595980732777,36.05647616355681],[136.26042621318098,36.056500532549336],[136.2604259595467,36.05636431361399]]]}},{"type":"Feature","properties":{"pid":"bda48429-5e51-48fe-b8a8-b29a06c55a4f"},"geometry":{"type":"Polygon","coordinates":[[[136.259741450877,36.05676563589594],[136.25992190570454,36.05676677097116],[136.25991067300683,36.05667926741616],[136.25965714528166,36.056675803196384],[136.25965612215273,36.05672047777339],[136.25971447767685,36.05672805528513],[136.259741450877,36.05676563589594]]]}},{"type":"Feature","properties":{"pid":"62899b20-43a0-4893-bdbb-ce6bf39ec8da"},"geometry":{"type":"Polygon","coordinates":[[[136.26135333425677,36.05678072044356],[136.26131896374795,36.056809217531494],[136.2613292704415,36.05685763943928],[136.26160254409737,36.05686704375245],[136.26160695084758,36.05652069557468],[136.26151907532804,36.05653092443846],[136.26152326781647,36.056710115883085],[136.26151185305457,36.056738361715986],[136.26135333425677,36.05678072044356]]]}},{"type":"Feature","properties":{"pid":"d333a4cf-6ac8-4541-a0f7-ebb288a6bd85"},"geometry":{"type":"Polygon","coordinates":[[[136.2579729844006,36.056752575211185],[136.2580017319036,36.056779068516796],[136.25800642294485,36.05684124781546],[136.2581639414563,36.05689575603085],[136.25820744314044,36.056607064948444],[136.25799468717216,36.05660068412966],[136.25797894518507,36.056619462573764],[136.2579729844006,36.056752575211185]]]}},{"type":"Feature","properties":{"pid":"7b849ea8-3939-45f7-bbd2-2f607289f6b8"},"geometry":{"type":"Polygon","coordinates":[[[136.2589180732188,36.05688055252739],[136.25894509538966,36.05680481044339],[136.25898028833402,36.05679346302612],[136.25948764911215,36.056800521926085],[136.2594994535052,36.056661599269376],[136.25890967687513,36.056650937425765],[136.25887596686346,36.056876326085046],[136.2589180732188,36.05688055252739]]]}},{"type":"Feature","properties":{"pid":"861beb9b-6ada-4edf-a835-ca7c2b56fc18"},"geometry":{"type":"Polygon","coordinates":[[[136.25935650264822,36.056210969811715],[136.25841430050085,36.056198869297184],[136.25841566287653,36.05643571496007],[136.2586727073316,36.05644381814207],[136.25867624984602,36.05638680905141],[136.25870433308754,36.05636036535561],[136.25888809101428,36.05636024670479],[136.25893779943212,36.05638887266297],[136.2589406941241,36.0564567957357],[136.25935680715034,36.05646999949161],[136.25935650264822,36.056210969811715]]]}},{"type":"Feature","properties":{"pid":"d008923b-d2a4-41b7-a683-7ed49219f3b7"},"geometry":{"type":"Polygon","coordinates":[[[136.25935851561414,36.0560866173647],[136.2582653819421,36.05607463178962],[136.25826545643122,36.05609741832235],[136.2593585430345,36.05611634218141],[136.25935851561414,36.0560866173647]]]}},{"type":"Feature","properties":{"pid":"aeafcd69-9303-4ba3-a084-733821ebe7c6"},"geometry":{"type":"Polygon","coordinates":[[[136.25935017093678,36.055863689634684],[136.25833987490077,36.055854151155344],[136.25823219652176,36.055976077190536],[136.2593656268788,36.05599075564537],[136.25937209569395,36.055874730010046],[136.25935017093678,36.055863689634684]]]}},{"type":"Feature","properties":{"pid":"d0b50c37-6ea8-4fb4-a921-158575dbaf45"},"geometry":{"type":"Polygon","coordinates":[[[136.2585033123191,36.0551905278928],[136.25846695601444,36.05558725914181],[136.258399205298,36.055752402694665],[136.25934909183533,36.05576205998419],[136.25937001818062,36.05574958187217],[136.259368573332,36.05540044936798],[136.2592163892215,36.05540566193696],[136.25917456105975,36.05536932076535],[136.2591877541848,36.054952797869845],[136.25850132383488,36.054961801583325],[136.25850677296023,36.05509728858841],[136.25852996731,36.05515190097193],[136.2585033123191,36.0551905278928]]]}},{"type":"Feature","properties":{"pid":"3871b084-9af2-4615-87b1-271aff1f133b"},"geometry":{"type":"Polygon","coordinates":[[[136.25393121966837,36.055979656277586],[136.25415418864813,36.05592693424592],[136.2541024306009,36.05578320123689],[136.25394012944233,36.05578054859117],[136.25393121966837,36.055979656277586]]]}},{"type":"Feature","properties":{"pid":"c22a4222-ec0b-4782-89f0-42ead37e0d37"},"geometry":{"type":"Polygon","coordinates":[[[136.25236141045752,36.05708222362592],[136.25235164162416,36.057095043308415],[136.25237066211713,36.0571706816827],[136.2525416423654,36.05714297217451],[136.25254362547676,36.05705398482467],[136.25236141045752,36.05708222362592]]]}},{"type":"Feature","properties":{"pid":"de241675-ec15-405b-bf51-67e8c4d9df7a"},"geometry":{"type":"Polygon","coordinates":[[[136.26177599408507,36.056657703949114],[136.26278286165686,36.056660093576205],[136.26278415786507,36.05661940763186],[136.2617765564263,36.056610439417106],[136.26177599408507,36.056657703949114]]]}},{"type":"Feature","properties":{"pid":"74bc0779-c244-4949-8670-1b1b42c68503"},"geometry":{"type":"Polygon","coordinates":[[[136.26277961504238,36.056756866274704],[136.26177468374703,36.05675140951437],[136.2617707633062,36.05697638388325],[136.26278086264287,36.0569854186918],[136.26277961504238,36.056756866274704]]]}},{"type":"Feature","properties":{"pid":"2f5dd922-217c-4217-b2fc-3d317fd5fd34"},"geometry":{"type":"Polygon","coordinates":[[[136.2617931674224,36.056302738416505],[136.26177795662653,36.05631338871479],[136.26177599220065,36.05651389096604],[136.26278226377403,36.0565210234956],[136.26278940358222,36.05630530706581],[136.2617931674224,36.056302738416505]]]}},{"type":"Feature","properties":{"pid":"4d9d917c-697d-4f33-858e-4f7532fc197e"},"geometry":{"type":"Polygon","coordinates":[[[136.26278755853545,36.056177954918276],[136.2627915155507,36.05576275099802],[136.26179041628666,36.0557573215338],[136.26177860619703,36.05617477384584],[136.26278755853545,36.056177954918276]]]}},{"type":"Feature","properties":{"pid":"9f917e84-5561-49e9-ac09-0b92ba54cda5"},"geometry":{"type":"Polygon","coordinates":[[[136.26278153434643,36.05566680853468],[136.2627996258285,36.055651198957776],[136.26280441481586,36.054973711752204],[136.26180136974966,36.05497154059031],[136.26178937341257,36.05565960974952],[136.26278153434643,36.05566680853468]]]}},{"type":"Feature","properties":{"pid":"be3dc8a0-67a3-43cc-9f7e-b2c7775182d3"},"geometry":{"type":"Polygon","coordinates":[[[136.262983247047,36.055973361766426],[136.26301564463276,36.05598755121716],[136.2630299940331,36.056015573401396],[136.26302331237935,36.056066394750296],[136.2629860843037,36.05609139497582],[136.26298670689326,36.05613113960845],[136.26398375655023,36.05613932115742],[136.26399035908744,36.05571623669061],[136.2629905688842,36.055702447516936],[136.262983247047,36.055973361766426]]]}},{"type":"Feature","properties":{"pid":"72fc6e5a-e94a-44a5-a6a8-793ae608f1a7"},"geometry":{"type":"Polygon","coordinates":[[[136.26299473948671,36.05539204656306],[136.26299228105134,36.05560451892395],[136.2639940123948,36.055620076366175],[136.26399674364922,36.05539242508483],[136.26299473948671,36.05539204656306]]]}},{"type":"Feature","properties":{"pid":"e3fabc6f-2e42-454c-9ce4-a05d5b5e46a4"},"geometry":{"type":"Polygon","coordinates":[[[136.26297954554846,36.05662868987513],[136.26397867168365,36.05663958074269],[136.26398045540816,36.05623912017554],[136.26298338571027,36.05622710780207],[136.26297954554846,36.05662868987513]]]}},{"type":"Feature","properties":{"pid":"5f943206-3670-48f1-bca1-4af8962b7191"},"geometry":{"type":"Polygon","coordinates":[[[136.26397642250987,36.0567359635067],[136.26297709996769,36.056727964783796],[136.26297624162476,36.05680485327879],[136.26397603799836,36.05681567378553],[136.26397642250987,36.0567359635067]]]}},{"type":"Feature","properties":{"pid":"d4d25faa-4c3d-43d5-bc66-e4fd152cb5e9"},"geometry":{"type":"Polygon","coordinates":[[[136.26297722380292,36.05689994280975],[136.26298308705216,36.057025416155085],[136.26397653188107,36.05703284980813],[136.26397650286967,36.056913556603774],[136.26297722380292,36.05689994280975]]]}},{"type":"Feature","properties":{"pid":"043b4590-44ff-4fd3-9d72-4225309ad83a"},"geometry":{"type":"Polygon","coordinates":[[[136.26512503743376,36.057074425161396],[136.26515015294947,36.057057396637994],[136.26515301843804,36.056903194097785],[136.2641474364217,36.05688943910933],[136.26414801857342,36.0570634790794],[136.26512503743376,36.057074425161396]]]}},{"type":"Feature","properties":{"pid":"14cc7967-f961-46c7-a724-6de01bece197"},"geometry":{"type":"Polygon","coordinates":[[[136.2651536063304,36.05667003034526],[136.2651620982661,36.0566250168874],[136.26415462275162,36.0566109387154],[136.26415470490926,36.056661162579516],[136.2651536063304,36.05667003034526]]]}},{"type":"Feature","properties":{"pid":"d86719ec-4268-42ba-8870-d49c1b15ae66"},"geometry":{"type":"Polygon","coordinates":[[[136.26415247152607,36.05678966585018],[136.26513935862354,36.05680118455599],[136.26515593161906,36.05677112667016],[136.26415314196436,36.05675911804272],[136.26415247152607,36.05678966585018]]]}},{"type":"Feature","properties":{"pid":"151e5e0d-7ce2-4a16-9b90-029d9b4f2a6b"},"geometry":{"type":"Polygon","coordinates":[[[136.26514278071113,36.05635471422957],[136.26415844665033,36.0563451793166],[136.26415655080817,36.05651500898784],[136.26516337061128,36.05652522617167],[136.2651660148508,36.056369653290474],[136.26514278071113,36.05635471422957]]]}},{"type":"Feature","properties":{"pid":"97d841a0-ecb3-4a88-af25-196fcc9f86c1"},"geometry":{"type":"Polygon","coordinates":[[[136.265158173438,36.05608827068417],[136.26416486869164,36.0560802718424],[136.26415915434973,36.05624288399116],[136.26516990625916,36.05625486345834],[136.26517309204232,36.056098800280424],[136.265158173438,36.05608827068417]]]}},{"type":"Feature","properties":{"pid":"3a2dddc1-2ee0-4e81-bcc7-68d10484ac07"},"geometry":{"type":"Polygon","coordinates":[[[136.26515385133717,36.05599334326154],[136.26516843950054,36.0559826571104],[136.26516938973842,36.05582021841399],[136.26416712371235,36.055807358494796],[136.2641642529462,36.055980411347115],[136.26515385133717,36.05599334326154]]]}},{"type":"Feature","properties":{"pid":"af22588a-e16e-4d7e-8934-07143b25726e"},"geometry":{"type":"Polygon","coordinates":[[[136.26516078191636,36.055720143025695],[136.26517361234878,36.05555299135276],[136.2641776622386,36.055543745069954],[136.2641719299781,36.055708271441475],[136.26516078191636,36.055720143025695]]]}},{"type":"Feature","properties":{"pid":"8377ac97-1db5-44d4-9e3f-8789b418ed15"},"geometry":{"type":"Polygon","coordinates":[[[136.26517828225178,36.05526531862258],[136.26417684217554,36.055265592190416],[136.26417679140906,36.055447553266184],[136.26517645007215,36.05545422699873],[136.26517828225178,36.05526531862258]]]}},{"type":"Feature","properties":{"pid":"1ec87253-38bc-4e38-a7ac-079022d596a8"},"geometry":{"type":"Polygon","coordinates":[[[136.26637725296146,36.05582496725265],[136.26537295066285,36.055822460783624],[136.26536923382534,36.05600429486084],[136.266371403447,36.05600207282328],[136.26637725296146,36.05582496725265]]]}},{"type":"Feature","properties":{"pid":"c06c76bd-a2e9-48dc-85ad-209bf006d411"},"geometry":{"type":"Polygon","coordinates":[[[136.26537548447433,36.05555358995046],[136.26537334915622,36.055724196012285],[136.26638273057222,36.05572412128323],[136.26638272939698,36.05556153396797],[136.26537548447433,36.05555358995046]]]}},{"type":"Feature","properties":{"pid":"f9fad33a-f613-4359-a8c5-16637f54fafb"},"geometry":{"type":"Polygon","coordinates":[[[136.26537517354595,36.05528192817954],[136.26537596965505,36.055455212104086],[136.26638141392704,36.05546483113961],[136.26638271229564,36.055284200354215],[136.26537517354595,36.05528192817954]]]}},{"type":"Feature","properties":{"pid":"38304065-9b04-47a2-8aba-5941cf92a0c0"},"geometry":{"type":"Polygon","coordinates":[[[136.26636963061532,36.05626603598813],[136.26637116574253,36.056101412932634],[136.26536802869424,36.05610344814124],[136.265365779419,36.056261380812934],[136.26636963061532,36.05626603598813]]]}},{"type":"Feature","properties":{"pid":"ba2236ef-12aa-4fef-ae4d-78ad7b78e594"},"geometry":{"type":"Polygon","coordinates":[[[136.26636979426408,36.056364049023934],[136.26536690749654,36.05635917184943],[136.26536031693928,36.05680719622663],[136.26635917004717,36.05681682133473],[136.26636979426408,36.056364049023934]]]}},{"type":"Feature","properties":{"pid":"320a375a-3894-4941-89e0-a2fed7149500"},"geometry":{"type":"Polygon","coordinates":[[[136.26636006246696,36.05691606048581],[136.26535531508836,36.056904831181114],[136.26535305160655,36.05707435503103],[136.2663550491557,36.05708718670453],[136.26636006246696,36.05691606048581]]]}},{"type":"Feature","properties":{"pid":"3afecb40-664e-4837-aea2-bdbd1840ddaa"},"geometry":{"type":"Polygon","coordinates":[[[136.2692335168023,36.05693532620935],[136.26889242931372,36.05693753451563],[136.2688881185832,36.05710597300446],[136.26931201537354,36.057108005561844],[136.2692335168023,36.05693532620935]]]}},{"type":"Feature","properties":{"pid":"ad3eb114-fa7e-4a40-a03e-c48837f19d2b"},"geometry":{"type":"Polygon","coordinates":[[[136.26748138849882,36.05719129468371],[136.26653822529835,36.057181467004426],[136.26653826712055,36.0571938633756],[136.26750842967968,36.057203494730686],[136.26748138849882,36.05719129468371]]]}},{"type":"Feature","properties":{"pid":"d6e32eb2-252a-463a-9454-314cf6932c44"},"geometry":{"type":"Polygon","coordinates":[[[136.26748316897783,36.05709305755745],[136.26750860698905,36.05708074430127],[136.26751470736073,36.056659308682924],[136.267496197458,36.05665034676756],[136.26654346953677,36.05664214603554],[136.26653486384726,36.05708347634691],[136.26748316897783,36.05709305755745]]]}},{"type":"Feature","properties":{"pid":"7cff27f0-49e9-43ad-b18b-15e03724371a"},"geometry":{"type":"Polygon","coordinates":[[[136.2687293686717,36.05710157154205],[136.26873090852024,36.05693002328593],[136.26772910253118,36.05692517119566],[136.2677331541461,36.05709633357756],[136.2687293686717,36.05710157154205]]]}},{"type":"Feature","properties":{"pid":"84c0768e-5f73-46a5-b397-604b43286454"},"geometry":{"type":"Polygon","coordinates":[[[136.26873196332437,36.05683205739846],[136.26873457096323,36.05665903572958],[136.2677302136004,36.056652997507975],[136.2677297377337,36.056828377017084],[136.26873196332437,36.05683205739846]]]}},{"type":"Feature","properties":{"pid":"e909d4b9-33ea-4507-a4d7-0ea64376aad5"},"geometry":{"type":"Polygon","coordinates":[[[136.26873716617047,36.05638562034865],[136.2677292931696,36.056381953258416],[136.26772881359264,36.05655502966668],[136.26873562314924,36.05656225494167],[136.26873716617047,36.05638562034865]]]}},{"type":"Feature","properties":{"pid":"a2c7ebd2-23d4-428d-b1bb-d0a48a05b97e"},"geometry":{"type":"Polygon","coordinates":[[[136.26873631660658,36.05629008962949],[136.26873786126,36.05611319234121],[136.26773429585282,36.05610596218133],[136.267731674038,36.056284049654806],[136.26873631660658,36.05629008962949]]]}},{"type":"Feature","properties":{"pid":"81548149-156a-41cb-9638-f818ebcee0e5"},"geometry":{"type":"Polygon","coordinates":[[[136.2674906342705,36.05655406428791],[136.2675159238644,36.056540568642276],[136.26751847267218,36.0563916618127],[136.2665459668663,36.05638556488456],[136.2665432735603,36.056545711567594],[136.2674906342705,36.05655406428791]]]}},{"type":"Feature","properties":{"pid":"cc34ff2f-3264-4fe6-baff-9491e783e484"},"geometry":{"type":"Polygon","coordinates":[[[136.26749461926977,36.056102574093835],[136.26654982563957,36.0560987408553],[136.26654648535367,36.056288496471105],[136.26752059973,36.056293639450566],[136.26752524328444,36.056118564864825],[136.26749461926977,36.056102574093835]]]}},{"type":"Feature","properties":{"pid":"dbfebc30-b0d8-4f96-8f6b-fd1bd3811ba1"},"geometry":{"type":"Polygon","coordinates":[[[136.26752562305728,36.05583930592507],[136.26655360619674,36.055833200205754],[136.26654995130218,36.056002151805764],[136.26752619478387,36.05600823501833],[136.26752562305728,36.05583930592507]]]}},{"type":"Feature","properties":{"pid":"2634b72a-eb07-4a63-b0d7-811910fc93a7"},"geometry":{"type":"Polygon","coordinates":[[[136.26753224345123,36.05556495455943],[136.26655481045194,36.05556085854294],[136.26655296781772,36.0557371704611],[136.2675269289355,36.05574106506818],[136.26753224345123,36.05556495455943]]]}},{"type":"Feature","properties":{"pid":"1304dc55-ec43-4ecc-9099-f3dba715bcdb"},"geometry":{"type":"Polygon","coordinates":[[[136.26753049693022,36.05529532562312],[136.2665585478067,36.055285029165006],[136.2665559209582,36.05546543610557],[136.26753478569972,36.05546917345049],[136.26753049693022,36.05529532562312]]]}},{"type":"Feature","properties":{"pid":"4e0de4ce-c72e-4af8-9559-2f4ae2e1d039"},"geometry":{"type":"Polygon","coordinates":[[[136.26774219700195,36.055409514942404],[136.26773853563827,36.05556360919447],[136.26861154001386,36.05557183488545],[136.26854206986968,36.05542048081274],[136.26774219700195,36.055409514942404]]]}},{"type":"Feature","properties":{"pid":"7c8f7d41-2947-4ff5-8ba4-bca2e3474147"},"geometry":{"type":"Polygon","coordinates":[[[136.26774701830192,36.05566259456564],[136.26772966293814,36.055673924755446],[136.26773290146446,36.055785667285996],[136.26871405170073,36.05579272145164],[136.26865656838953,36.05566903524018],[136.26774701830192,36.05566259456564]]]}},{"type":"Feature","properties":{"pid":"df57accc-e3df-4bdd-9b5a-fffe3b79b460"},"geometry":{"type":"Polygon","coordinates":[[[136.26873951906444,36.05588968016682],[136.26773436228996,36.05588364854237],[136.26773479614795,36.05601161423142],[136.26873618195316,36.05601411534079],[136.26873951906444,36.05588968016682]]]}},{"type":"Feature","properties":{"pid":"5cea3ceb-f032-4e22-9c2b-6899a7d464d3"},"geometry":{"type":"Polygon","coordinates":[[[136.26889863952957,36.056139250111954],[136.26889611550567,36.05656204230243],[136.26905692888013,36.05656246476569],[136.26899107651562,36.05643342759525],[136.26899825408142,36.05635630953476],[136.26889863952957,36.056139250111954]]]}},{"type":"Feature","properties":{"pid":"418b0917-c0b7-4027-8551-37185f7556c8"},"geometry":{"type":"Polygon","coordinates":[[[136.26909264307696,36.05666071049472],[136.26889548607804,36.056659315766645],[136.26889393613047,36.056842396916444],[136.26918337554645,36.05683851858031],[136.26909264307696,36.05666071049472]]]}},{"type":"Feature","properties":{"pid":"9bed19c0-6d48-49e1-8593-2725c2c07c68"},"geometry":{"type":"Polygon","coordinates":[[[136.2698258411349,36.056745825529454],[136.26992291352525,36.0566902366402],[136.26991975114572,36.05648531636929],[136.26971433458576,36.05648174975701],[136.2698258411349,36.056745825529454]]]}},{"type":"Feature","properties":{"pid":"435b6368-b568-47a6-a1b1-00f13455e417"},"geometry":{"type":"Polygon","coordinates":[[[136.270121910093,36.056899901412635],[136.2711188448803,36.05690692034989],[136.27112049396698,36.056827819556084],[136.27010973566425,36.056827538312604],[136.270121910093,36.056899901412635]]]}},{"type":"Feature","properties":{"pid":"23767ffa-325b-4b86-b33f-6d5a13fb3623"},"geometry":{"type":"Polygon","coordinates":[[[136.2701179600099,36.05672843542525],[136.2711217225549,36.056732798955565],[136.27112497641264,36.056494113194816],[136.2701198993033,36.05648650118548],[136.2701179600099,36.05672843542525]]]}},{"type":"Feature","properties":{"pid":"19431d7e-bda1-4ee6-b9cb-1ab76c5072b1"},"geometry":{"type":"Polygon","coordinates":[[[136.27012278796664,36.05622595563209],[136.27012060907632,36.0563909632798],[136.2711257045107,36.0563974936322],[136.2711277897915,36.05622192799332],[136.27012278796664,36.05622595563209]]]}},{"type":"Feature","properties":{"pid":"6ded7dad-9727-4e2d-899e-8f9ea4f43969"},"geometry":{"type":"Polygon","coordinates":[[[136.26992103253662,36.05638978964144],[136.2699277229508,36.05621409498893],[136.26960219242665,36.0562127259235],[136.2696744054344,36.056381000305926],[136.26992103253662,36.05638978964144]]]}},{"type":"Feature","properties":{"pid":"2f3e1f1e-4b11-4f6b-9ab3-852e248057b9"},"geometry":{"type":"Polygon","coordinates":[[[136.2699274102754,36.056117047944376],[136.26993826864626,36.05567895300232],[136.26936240860252,36.05567291300193],[136.26955811260638,36.05611576002726],[136.2699274102754,36.056117047944376]]]}},{"type":"Feature","properties":{"pid":"3556711f-1c38-44dd-9b93-2b7ee9081ef5"},"geometry":{"type":"Polygon","coordinates":[[[136.26993035586062,36.05557882736667],[136.26994062415903,36.05556836698751],[136.26931718576427,36.05556540517641],[136.2693219805256,36.05557588341431],[136.26993035586062,36.05557882736667]]]}},{"type":"Feature","properties":{"pid":"f56c47f1-6586-4847-b5f0-2ed92da581e1"},"geometry":{"type":"Polygon","coordinates":[[[136.2699321464854,36.05541141256474],[136.2692433251778,36.055405253557055],[136.2692734010989,36.05546716051745],[136.2699419286377,36.055471480981645],[136.2699321464854,36.05541141256474]]]}},{"type":"Feature","properties":{"pid":"0330d165-9c61-4142-8e68-f5950ed5d6f8"},"geometry":{"type":"Polygon","coordinates":[[[136.2701415589941,36.05514877704444],[136.2701412111894,36.05535998227768],[136.27113916903429,36.05536955631147],[136.27114205448407,36.05515098556112],[136.2701415589941,36.05514877704444]]]}},{"type":"Feature","properties":{"pid":"32fe5f1f-a7e1-4919-87d0-86903eb3491c"},"geometry":{"type":"Polygon","coordinates":[[[136.27013369949805,36.05552663292508],[136.27015539755124,36.05554507924852],[136.27113608068294,36.05554958987489],[136.2711376161485,36.05546328671121],[136.27013282488105,36.05545761857083],[136.27013369949805,36.05552663292508]]]}},{"type":"Feature","properties":{"pid":"191f2123-93bb-4243-af37-4a8342e1b4c5"},"geometry":{"type":"Polygon","coordinates":[[[136.27012761639776,36.05564741743911],[136.2701265756799,36.05585207273034],[136.2711329966958,36.05586326384955],[136.27113560630096,36.05564588361426],[136.27012761639776,36.05564741743911]]]}},{"type":"Feature","properties":{"pid":"613736c3-c6eb-45a8-9e2a-bfb4504f31a1"},"geometry":{"type":"Polygon","coordinates":[[[136.2701274373105,36.056107918401004],[136.2701488881999,36.056123227534115],[136.27112764370983,36.056122535740556],[136.2711312719813,36.055957808402894],[136.27012915233547,36.05594747619842],[136.2701274373105,36.056107918401004]]]}},{"type":"Feature","properties":{"pid":"285d4366-3d35-4136-b0d8-f1888a7509d5"},"geometry":{"type":"Polygon","coordinates":[[[136.27225219360972,36.05560128462273],[136.27229680080478,36.055586145543614],[136.27230038666445,36.05542623389515],[136.27131529008503,36.05542131526373],[136.27131603537876,36.05559033544603],[136.27225219360972,36.05560128462273]]]}},{"type":"Feature","properties":{"pid":"3b7c4aa5-e88a-474c-aa06-dc1f5fe02739"},"geometry":{"type":"Polygon","coordinates":[[[136.27224765409287,36.05570063700423],[136.2713153670372,36.05568724372003],[136.27131269204614,36.0558624772186],[136.2722926145465,36.0558697996961],[136.27229536981287,36.055718587323256],[136.27224765409287,36.05570063700423]]]}},{"type":"Feature","properties":{"pid":"c41fdbd1-6c4c-4b69-862f-d9cb4bdb69f9"},"geometry":{"type":"Polygon","coordinates":[[[136.27223692807377,36.056135385162946],[136.2722839907653,36.056105636629844],[136.27228932979182,36.055966126614024],[136.27131266957278,36.055960483345444],[136.27130900073868,36.05612558610212],[136.27223692807377,36.056135385162946]]]}},{"type":"Feature","properties":{"pid":"33fc15ef-8c1e-46b9-a312-505964aab35c"},"geometry":{"type":"Polygon","coordinates":[[[136.2722367562404,36.05640134348153],[136.27228559796086,36.05638129557948],[136.27228730964265,36.056234736752394],[136.2713061889241,36.05622590694248],[136.2713055149648,36.056394958419084],[136.2722367562404,36.05640134348153]]]}},{"type":"Feature","properties":{"pid":"2ee6e319-4d40-48a2-aacd-209584aa50c3"},"geometry":{"type":"Polygon","coordinates":[[[136.2722444693046,36.05649935109198],[136.2713045777199,36.05649143461653],[136.27130292614632,36.05658708622677],[136.27227563014586,36.056593297135166],[136.2722781103022,36.05651183085499],[136.2722444693046,36.05649935109198]]]}},{"type":"Feature","properties":{"pid":"ab0cc3f9-aedb-476e-b605-6312e2ff81fe"},"geometry":{"type":"Polygon","coordinates":[[[136.27221630645866,36.05671836955321],[136.27227820282133,36.05668959988629],[136.27129995966558,36.056681987216706],[136.27129949148687,36.05670914407839],[136.27221630645866,36.05671836955321]]]}},{"type":"Feature","properties":{"pid":"1cf3b896-2af8-4ef8-a6f4-14ff3753b855"},"geometry":{"type":"Polygon","coordinates":[[[136.27227683823142,36.0568175184635],[136.27129894780973,36.056806700961324],[136.27129910164038,36.056858796240036],[136.27227703191926,36.05686325932837],[136.27227683823142,36.0568175184635]]]}},{"type":"Feature","properties":{"pid":"d94775ba-a8f3-42de-af50-3bba0eb9cd0d"},"geometry":{"type":"Polygon","coordinates":[[[136.27227724742457,36.05696255021713],[136.27129580843496,36.05695566920537],[136.27129474144942,36.057024686234826],[136.27227455348438,36.05703680754988],[136.27227724742457,36.05696255021713]]]}},{"type":"Feature","properties":{"pid":"115ad3c2-3357-498e-b592-62872cc31573"},"geometry":{"type":"Polygon","coordinates":[[[136.2722285801354,36.05721933009573],[136.2722723303541,36.05719458665382],[136.27227079921332,36.05713485147983],[136.2712918724316,36.05712131007855],[136.2712913432062,36.05721567798371],[136.2722285801354,36.05721933009573]]]}},{"type":"Feature","properties":{"pid":"acd1281a-5b6d-48a7-945c-811261332874"},"geometry":{"type":"Polygon","coordinates":[[[136.2699350714613,36.05699663835788],[136.27000236213541,36.05714153413724],[136.27001842722765,36.05714927842274],[136.27111776050006,36.05715364871184],[136.2711191475815,36.057003751575834],[136.2699350714613,36.05699663835788]]]}},{"type":"Feature","properties":{"pid":"41481322-3fdf-49ea-ba4f-78ddf6026d01"},"geometry":{"type":"Polygon","coordinates":[[[136.27468965215493,36.05699560819137],[136.27369380143847,36.05699078211526],[136.2736919133134,36.05706021106234],[136.27470100898176,36.05706868093451],[136.2746872907698,36.05704562710905],[136.27468965215493,36.05699560819137]]]}},{"type":"Feature","properties":{"pid":"70e888c0-9f0b-4ff5-8403-f903baef43e5"},"geometry":{"type":"Polygon","coordinates":[[[136.2725779863306,36.05632774359073],[136.27255355327944,36.05634734652635],[136.2735237949478,36.05635942314794],[136.27352362556823,36.0563397081906],[136.2725779863306,36.05632774359073]]]}},{"type":"Feature","properties":{"pid":"3d3e47b1-1675-4996-9b38-381ddabac79b"},"geometry":{"type":"Polygon","coordinates":[[[136.27267629542845,36.05649794442389],[136.2735247262425,36.05650934398495],[136.2735239486874,36.05645740181674],[136.27267215020117,36.05644539451675],[136.27267629542845,36.05649794442389]]]}},{"type":"Feature","properties":{"pid":"826e27f3-e799-47c7-9cbc-124a85bdf3a0"},"geometry":{"type":"Polygon","coordinates":[[[136.27254288963982,36.056611260010165],[136.27253806444497,36.05677984448134],[136.27352167116044,36.056785513166126],[136.2735236630189,36.05660935957086],[136.27256512478866,36.056597814988685],[136.27254288963982,36.056611260010165]]]}},{"type":"Feature","properties":{"pid":"3568a35a-7ea6-4bb3-8bc7-191e8db9c7f6"},"geometry":{"type":"Polygon","coordinates":[[[136.2725361249755,36.05703433240266],[136.27255399993425,36.057046478784216],[136.27351959435435,36.05705307237154],[136.27352109609075,36.05688401644749],[136.2725366418098,36.05687671471649],[136.2725361249755,36.05703433240266]]]}},{"type":"Feature","properties":{"pid":"20728156-9e68-461f-9a7c-286270cc1ecd"},"geometry":{"type":"Polygon","coordinates":[[[136.27469790749439,36.05690026213035],[136.27470402637957,36.05688790071882],[136.27369330298146,36.05687939323049],[136.27369331542909,36.056892820272296],[136.27469790749439,36.05690026213035]]]}},{"type":"Feature","properties":{"pid":"13886a2d-8b0d-4487-b536-4baed7830a53"},"geometry":{"type":"Polygon","coordinates":[[[136.27469349517938,36.05679256691078],[136.27470085827514,36.05668452969352],[136.27369950528222,36.05667247210008],[136.27369718967014,36.05678274258553],[136.27469349517938,36.05679256691078]]]}},{"type":"Feature","properties":{"pid":"3145aeb4-365d-49c6-ab15-c385329a3d3d"},"geometry":{"type":"Polygon","coordinates":[[[136.27470558028654,36.05616077697537],[136.2737070949052,36.056155676542666],[136.27369959780864,36.056574306929605],[136.2747040229728,36.05658516390648],[136.27470558028654,36.05616077697537]]]}},{"type":"Feature","properties":{"pid":"3048fce3-d17e-48a6-a56c-1ff842847e3f"},"geometry":{"type":"Polygon","coordinates":[[[136.27422450901938,36.05596900572965],[136.27424066776894,36.05592096161464],[136.2737079519811,36.05591666902028],[136.27370887658037,36.05605832706895],[136.27471238062944,36.056061722726994],[136.2747095268567,36.0559247376952],[136.27439389347634,36.05592219586023],[136.27441748593915,36.055980665881904],[136.27441290932916,36.05601080627015],[136.27430557373776,36.05605259381127],[136.2742567477663,36.05603730200306],[136.27422450901938,36.05596900572965]]]}},{"type":"Feature","properties":{"pid":"32a42cf7-508e-44f4-b1d5-52755a4b7bc0"},"geometry":{"type":"Polygon","coordinates":[[[136.27372290887337,36.05580386276829],[136.27370655669841,36.05581982794265],[136.27470921427212,36.05582711307816],[136.27470940609155,36.05581101756],[136.27372290887337,36.05580386276829]]]}},{"type":"Feature","properties":{"pid":"fc26cf62-a399-4aa6-b1b8-d34b6289768f"},"geometry":{"type":"Polygon","coordinates":[[[136.2737138307227,36.055635994339106],[136.27373307283935,36.05565185744039],[136.2747199225485,36.05565805972808],[136.274722445939,36.05557607807206],[136.27371334257012,36.055571219911904],[136.2737138307227,36.055635994339106]]]}},{"type":"Feature","properties":{"pid":"fff468b7-523f-48ba-88b5-7c5af06c84cf"},"geometry":{"type":"Polygon","coordinates":[[[136.27472733142307,36.05512913098771],[136.27371900541735,36.05512408730347],[136.27371366429574,36.05547442488371],[136.2747219738389,36.055479060524796],[136.27472733142307,36.05512913098771]]]}},{"type":"Feature","properties":{"pid":"93aa5ae5-fc59-4635-9539-dfe532d481ac"},"geometry":{"type":"Polygon","coordinates":[[[136.27255724301583,36.055275348521484],[136.27255568044748,36.055626672706886],[136.27257473680336,36.05564203548838],[136.27351171568077,36.05565153875306],[136.27354022538026,36.05563402917979],[136.27353647354465,36.0552573495131],[136.27259309701066,36.05524877428339],[136.27255724301583,36.055275348521484]]]}},{"type":"Feature","properties":{"pid":"71a02346-3dd8-4b9e-a7b8-baf4c5fac9d6"},"geometry":{"type":"Polygon","coordinates":[[[136.27254699287639,36.056216621791066],[136.27257036620006,36.05623117690702],[136.27352566444313,36.05624034546413],[136.2735277552079,36.055805414839696],[136.27256732242935,36.05579992782657],[136.27254699287639,36.056216621791066]]]}},{"type":"Feature","properties":{"pid":"daaa1f8f-577c-405a-a91a-c107c0221ed8"},"geometry":{"type":"Polygon","coordinates":[[[136.27256104045378,36.05514098072274],[136.27258088813326,36.055153889896594],[136.27353664912292,36.05516255585214],[136.27353901613807,36.05512397185629],[136.27256126867678,36.05512218670544],[136.27256104045378,36.05514098072274]]]}},{"type":"Feature","properties":{"pid":"ae72918b-790d-4450-8523-2eac7569bda5"},"geometry":{"type":"Polygon","coordinates":[[[136.27256325560572,36.0548511020852],[136.27255949967417,36.05502538752553],[136.27354136639246,36.05502673215646],[136.27354736800805,36.0548433489185],[136.27259103779872,36.05483302210968],[136.27256325560572,36.0548511020852]]]}},{"type":"Feature","properties":{"pid":"6ab7a11c-4839-473c-8bdd-3db0b0c36c6a"},"geometry":{"type":"Polygon","coordinates":[[[136.2725665834779,36.054726809285604],[136.2735513289044,36.05474702034139],[136.27355143918166,36.05445397311499],[136.27257356968158,36.05445071669453],[136.2725665834779,36.054726809285604]]]}},{"type":"Feature","properties":{"pid":"deb1a686-219a-4a20-bb6f-501e28e4138f"},"geometry":{"type":"Polygon","coordinates":[[[136.27258555815533,36.05353723937276],[136.2725850467337,36.05355486254297],[136.27356986264732,36.053563353652024],[136.27357219958455,36.05339827622701],[136.27258865337194,36.05339377857852],[136.2726288966997,36.0534328110889],[136.2726316151975,36.05349271405789],[136.27261849446788,36.053521942028226],[136.27258555815533,36.05353723937276]]]}},{"type":"Feature","properties":{"pid":"4a526dee-d1cd-48d8-8c32-b098f6def78d"},"geometry":{"type":"Polygon","coordinates":[[[136.27354633111173,36.053764700149706],[136.27356567671248,36.05374555881135],[136.27356761994065,36.053660520443266],[136.27258444378663,36.05365292344492],[136.27258597131265,36.05375586870578],[136.27354633111173,36.053764700149706]]]}},{"type":"Feature","properties":{"pid":"3e72fcd9-911e-4f85-91a5-da1b74fe673d"},"geometry":{"type":"Polygon","coordinates":[[[136.27257589845848,36.05407754773635],[136.27355415780193,36.05409748974251],[136.27355603505936,36.05394169088353],[136.27258112400665,36.05393809337038],[136.27257589845848,36.05407754773635]]]}},{"type":"Feature","properties":{"pid":"9d6d3f2f-ae4b-43be-96d1-9146a0a2aec5"},"geometry":{"type":"Polygon","coordinates":[[[136.27257500452538,36.05419756742842],[136.27257663380675,36.05434478021614],[136.2735508341236,36.05435339815496],[136.2735503099817,36.054201870916124],[136.27259377829554,36.05418756326739],[136.27257500452538,36.05419756742842]]]}},{"type":"Feature","properties":{"pid":"8f953e9c-ec34-4dd9-bc05-3d360f0fd9b3"},"geometry":{"type":"Polygon","coordinates":[[[136.27475967525754,36.053312034132986],[136.27374204799028,36.0533070705878],[136.2737353224598,36.053767600854854],[136.27475190933052,36.05377543210191],[136.27475967525754,36.053312034132986]]]}},{"type":"Feature","properties":{"pid":"79af1907-7c74-4f92-aaa8-fcaaf43332a3"},"geometry":{"type":"Polygon","coordinates":[[[136.2737381472395,36.053947043245564],[136.27373430671753,36.054165802739725],[136.2747404335404,36.054173063732094],[136.27474516744047,36.05394756529477],[136.27375220777316,36.053935426370124],[136.2737381472395,36.053947043245564]]]}},{"type":"Feature","properties":{"pid":"fd0eebf8-d432-40df-83b8-c3c727fbd794"},"geometry":{"type":"Polygon","coordinates":[[[136.2747353249236,36.054753161635354],[136.27473587648598,36.054605399184936],[136.27372707372953,36.054604818285696],[136.27372743792705,36.05474708725037],[136.2747353249236,36.054753161635354]]]}},{"type":"Feature","properties":{"pid":"762271a9-d3cc-4557-9689-f76e52bf27a2"},"geometry":{"type":"Polygon","coordinates":[[[136.2747304315993,36.05451083212112],[136.27474431507795,36.05450007775604],[136.27474165895077,36.054271998021925],[136.27373625258195,36.054263225316376],[136.27372839770152,36.05450301759968],[136.2747304315993,36.05451083212112]]]}},{"type":"Feature","properties":{"pid":"abc4b691-4216-4530-b278-29e6cc1298b8"},"geometry":{"type":"Polygon","coordinates":[[[136.27473021101093,36.05503245588605],[136.2747318717915,36.05485076335333],[136.2737243290856,36.05484161516544],[136.2737212063879,36.05502828554682],[136.27473021101093,36.05503245588605]]]}},{"type":"Feature","properties":{"pid":"3c5d7c8c-a412-4c68-b74f-198f144ecfe0"},"geometry":{"type":"Polygon","coordinates":[[[136.2748213949939,36.05205414318088],[136.27486619292435,36.0519071739169],[136.27448091140116,36.05190619830143],[136.27447827467216,36.05209652216901],[136.27478272567373,36.05209562396713],[136.2748213949939,36.05205414318088]]]}},{"type":"Feature","properties":{"pid":"d80b47c8-759e-4061-bd01-a2b5e28fb469"},"geometry":{"type":"Polygon","coordinates":[[[136.27476284962742,36.05237708915407],[136.27477659327235,36.052252674115955],[136.27376294944375,36.052256301354305],[136.27376134534342,36.05236881949802],[136.27476284962742,36.05237708915407]]]}},{"type":"Feature","properties":{"pid":"cca42234-26d7-44cc-8cba-e25ac46fdae9"},"geometry":{"type":"Polygon","coordinates":[[[136.27375509384336,36.052463153551635],[136.27374982086118,36.052986271366755],[136.2747507509613,36.05299052393794],[136.27477001895286,36.05297022467647],[136.2747668194792,36.05247428769679],[136.27375509384336,36.052463153551635]]]}},{"type":"Feature","properties":{"pid":"7d7e71e6-077e-45d0-aa88-afb46287c61f"},"geometry":{"type":"Polygon","coordinates":[[[136.27476007782167,36.05321396065279],[136.27476119031232,36.0530858028978],[136.2737483438924,36.05308422990403],[136.2737453827483,36.053210223147616],[136.27476007782167,36.05321396065279]]]}},{"type":"Feature","properties":{"pid":"25043c98-554f-4c6e-af70-fa8411053ed4"},"geometry":{"type":"Polygon","coordinates":[[[136.27259811750568,36.05290204115902],[136.27262442339992,36.05291657855461],[136.2735780622852,36.052929016280906],[136.27357644676013,36.05277312431235],[136.27260396272783,36.052765419973134],[136.27259811750568,36.05290204115902]]]}},{"type":"Feature","properties":{"pid":"a4808054-476b-4277-b525-53a81ed16386"},"geometry":{"type":"Polygon","coordinates":[[[136.27263607473753,36.053018129544284],[136.2725974810765,36.05304146588306],[136.27259258794567,36.053296993619384],[136.27357511177112,36.053301702877015],[136.27357824995292,36.05302675432749],[136.27263607473753,36.053018129544284]],[[136.27289558392934,36.05327151841336],[136.2728354971752,36.053251655275155],[136.2728083946919,36.05316849973381],[136.27283134952677,36.05314456587652],[136.27291997755592,36.05311574600807],[136.27296775719813,36.05311872378646],[136.27299210846957,36.05314216740813],[136.27301000515507,36.053228006674736],[136.27298113622953,36.05325378866466],[136.27289558392934,36.05327151841336]]]}},{"type":"Feature","properties":{"pid":"5f7774d2-8a2b-4695-ac04-8d9efb64faf3"},"geometry":{"type":"Polygon","coordinates":[[[136.27358610282525,36.05221386083008],[136.27260215104434,36.052214081773705],[136.2726029612464,36.05244909110739],[136.27266075725282,36.05247032267896],[136.27267303954295,36.052537646967],[136.27265232399859,36.052571656231194],[136.27259979559798,36.05258322729999],[136.27260347572053,36.0526645180605],[136.27358132972418,36.05267296621715],[136.27358610282525,36.05221386083008]]]}},{"type":"Feature","properties":{"pid":"4ffefaac-583b-4fda-84b9-912b3d758076"},"geometry":{"type":"Polygon","coordinates":[[[136.27414026144592,36.050881618038446],[136.27414956519144,36.05098335606064],[136.27439452763363,36.050987432086785],[136.27442625397333,36.051015318269826],[136.2744301674525,36.0510762386307],[136.27456274843794,36.05107619619106],[136.27456286995906,36.05098945943847],[136.27460556373478,36.050957589621525],[136.2750519667544,36.05095894363487],[136.2750484491761,36.050905903658354],[136.27414026144592,36.050881618038446]]]}},{"type":"Feature","properties":{"pid":"0c93f711-83d3-4da9-83d9-65df468f6eba"},"geometry":{"type":"Polygon","coordinates":[[[136.2739917142221,36.0507232966451],[136.2742436476531,36.050735492567796],[136.27425028008258,36.050604174066585],[136.27426426485772,36.05058003895429],[136.27429806762947,36.050565743418986],[136.27442475744942,36.05056247697874],[136.27442762399633,36.050400455509866],[136.27437239806716,36.050438632026754],[136.27399690281905,36.05046412790245],[136.2739917142221,36.0507232966451]]]}},{"type":"Feature","properties":{"pid":"95376014-6c58-43c3-bae9-aebcce1e19af"},"geometry":{"type":"Polygon","coordinates":[[[136.27307613099046,36.0504074590075],[136.273109335167,36.05039087604024],[136.27314048449196,36.050296867072944],[136.2731379166153,36.05020132570862],[136.27266915148078,36.050195661127916],[136.27266622556402,36.05040373167252],[136.27307613099046,36.0504074590075]]]}},{"type":"Feature","properties":{"pid":"cc5c3f73-e4ab-4f38-b5d2-48aee2edf6fd"},"geometry":{"type":"Polygon","coordinates":[[[136.27266990572645,36.04974739240392],[136.2726703740102,36.05003704385337],[136.27316556686426,36.05004157883078],[136.2731677307438,36.04973119646898],[136.27269306038244,36.049726785686346],[136.27266990572645,36.04974739240392]]]}},{"type":"Feature","properties":{"pid":"1b4cb1c8-7356-448b-9666-f851ae26bac2"},"geometry":{"type":"Polygon","coordinates":[[[136.2733601949869,36.04934800109407],[136.27334956464225,36.04935763699929],[136.27334915241912,36.049931430134855],[136.2733625911488,36.04993173746737],[136.2733601949869,36.04934800109407]]]}},{"type":"Feature","properties":{"pid":"416f4e11-8187-4e47-a575-d78af82a4f8a"},"geometry":{"type":"Polygon","coordinates":[[[136.27267154535113,36.049618513297084],[136.27268513098232,36.049632416768716],[136.273169242015,36.0496357946532],[136.27317710893334,36.04934560394485],[136.27276179817048,36.04934187755353],[136.27267325585865,36.049355497570154],[136.27267154535113,36.049618513297084]]]}},{"type":"Feature","properties":{"pid":"397a39e8-1d88-4bf1-b7fa-ebf2348f5040"},"geometry":{"type":"Polygon","coordinates":[[[136.27271997240587,36.048289967932696],[136.27269289989357,36.048306917649015],[136.2726957538382,36.04844656707836],[136.2736707370769,36.048447798606],[136.2736722999072,36.04829268680403],[136.27271997240587,36.048289967932696]]]}},{"type":"Feature","properties":{"pid":"6d9e1112-6547-4f77-b800-e5ca3cf1e76d"},"geometry":{"type":"Polygon","coordinates":[[[136.27269726393314,36.048544445077646],[136.27270519828153,36.04855323335858],[136.27366988708178,36.04855852515335],[136.27366986277238,36.048547695509406],[136.27269726393314,36.048544445077646]]]}},{"type":"Feature","properties":{"pid":"ac39dc93-99b1-42f0-a77c-60725332b001"},"geometry":{"type":"Polygon","coordinates":[[[136.27268500648057,36.04884579820115],[136.27268503039642,36.048887986899786],[136.27303401373692,36.04890616395866],[136.27305327594587,36.04893636062734],[136.27305242490604,36.04909776938082],[136.27366422756705,36.04910479388856],[136.27366660484634,36.048830594413786],[136.27271180065662,36.04882050336973],[136.27268500648057,36.04884579820115]]]}},{"type":"Feature","properties":{"pid":"9db43432-3596-4dde-a326-44acce4d6abf"},"geometry":{"type":"Polygon","coordinates":[[[136.2748489529424,36.048306882707855],[136.27385293344676,36.048289667890174],[136.27385093408955,36.04840961609983],[136.27484571291933,36.0484236719428],[136.2748489529424,36.048306882707855]]]}},{"type":"Feature","properties":{"pid":"f7529428-1799-4870-b57e-09f7390f78e7"},"geometry":{"type":"Polygon","coordinates":[[[136.27482571752708,36.048746389654255],[136.27484468134077,36.04873304798173],[136.27484547169104,36.04852171025968],[136.2738468956503,36.0485102749538],[136.27384055322557,36.04873824414677],[136.27482571752708,36.048746389654255]]]}},{"type":"Feature","properties":{"pid":"15c758ed-673d-49d3-83de-ec4b11d12c43"},"geometry":{"type":"Polygon","coordinates":[[[136.27481851488199,36.04884490837041],[136.27384115442644,36.04883610153585],[136.27383744910543,36.04910447622806],[136.27484153041135,36.04912276473229],[136.2748432010413,36.04885960368842],[136.27481851488199,36.04884490837041]]]}},{"type":"Feature","properties":{"pid":"3f919473-9886-4048-9c8a-0324cc17a0e3"},"geometry":{"type":"Polygon","coordinates":[[[136.27388166321495,36.049806462343675],[136.27398339028676,36.049790853050645],[136.27403908378568,36.04937213110263],[136.2740199289012,36.049353760830016],[136.27388682371546,36.04935228355169],[136.27388166321495,36.049806462343675]]]}},{"type":"Feature","properties":{"pid":"b850eb87-2d71-44f7-9c92-4e690d293818"},"geometry":{"type":"Polygon","coordinates":[[[136.2736782012467,36.04941271490657],[136.2736685127864,36.04993513711461],[136.27376152225125,36.04993606082948],[136.2737659424315,36.04935192641595],[136.2736782012467,36.04941271490657]]]}},{"type":"Feature","properties":{"pid":"bc8bacbc-19c3-4bc4-9163-444f26774e67"},"geometry":{"type":"Polygon","coordinates":[[[136.27468915763504,36.05031212071144],[136.27484025020098,36.05030827028556],[136.27483463998107,36.049368652648404],[136.27477006604636,36.049371560990096],[136.27476417279735,36.04959710790813],[136.27471104032531,36.04995969524913],[136.27468915763504,36.05031212071144]]]}},{"type":"Feature","properties":{"pid":"1dfbebd9-9022-4897-bb37-db0031b6f4b7"},"geometry":{"type":"Polygon","coordinates":[[[136.2748044998565,36.050406521998916],[136.2745478379964,36.050402291695214],[136.27454776552474,36.05047802124406],[136.27484180427174,36.05047760966353],[136.2748424149535,36.05044035075851],[136.2748044998565,36.050406521998916]]]}},{"type":"Feature","properties":{"pid":"a1421560-c2c7-492a-8763-71c869ceeb9c"},"geometry":{"type":"Polygon","coordinates":[[[136.27449300866468,36.051660647615854],[136.27493010621575,36.051660170265826],[136.27500790649557,36.05138397032458],[136.27449633671233,36.05139366582994],[136.27449300866468,36.051660647615854]]]}},{"type":"Feature","properties":{"pid":"6c600d16-89d0-4a30-aad2-899bfc93e0e7"},"geometry":{"type":"Polygon","coordinates":[[[136.27442344939976,36.04669252689129],[136.27486839444137,36.04669553692901],[136.2748665786429,36.04646878653235],[136.27484795603786,36.046451662274094],[136.27387583501573,36.04643975653287],[136.2738754321202,36.046525980795124],[136.2743959843575,36.04654215601512],[136.27442338168083,36.0465730815101],[136.27442344939976,36.04669252689129]]]}},{"type":"Feature","properties":{"pid":"3d468d40-c9a1-4090-809f-f1051d737985"},"geometry":{"type":"Polygon","coordinates":[[[136.27386101706787,36.04707261938161],[136.2748697335131,36.04707847334079],[136.27487681549923,36.04684514269643],[136.2738652961907,36.0468412768512],[136.27386101706787,36.04707261938161]]]}},{"type":"Feature","properties":{"pid":"7fefe76b-2ed2-48a4-b391-47056e1dbdf0"},"geometry":{"type":"Polygon","coordinates":[[[136.27385745836347,36.047212191303785],[136.27385967345847,36.04737396016161],[136.274871440028,36.04738080821007],[136.2748680346082,36.04722509244003],[136.27385745836347,36.047212191303785]]]}},{"type":"Feature","properties":{"pid":"e0799dba-b9a7-4d59-9c87-a558af3937db"},"geometry":{"type":"Polygon","coordinates":[[[136.274869484007,36.047666639683925],[136.27486699154423,36.04748010415185],[136.2738600857124,36.0474727884902],[136.27385439713885,36.04766129280976],[136.274869484007,36.047666639683925]]]}},{"type":"Feature","properties":{"pid":"8239eee5-b9fc-469d-904a-fd4202cbded8"},"geometry":{"type":"Polygon","coordinates":[[[136.2738492412753,36.04818938446369],[136.2748537366952,36.04819168846944],[136.2748609972697,36.04776652318559],[136.27385439259427,36.04776059703304],[136.2738492412753,36.04818938446369]]]}},{"type":"Feature","properties":{"pid":"6620d6c1-23f2-4806-a973-83f664357fa3"},"geometry":{"type":"Polygon","coordinates":[[[136.27269758222457,36.047428320101794],[136.2726963411417,36.04747693959584],[136.2736887574937,36.0474883610987],[136.27368853708217,36.04742461484041],[136.27271626753657,36.04741214143737],[136.27269758222457,36.047428320101794]]]}},{"type":"Feature","properties":{"pid":"5cca779f-ce20-420b-9197-59f334d1be1c"},"geometry":{"type":"Polygon","coordinates":[[[136.27270168915828,36.04763415994348],[136.2727154715753,36.04764741426273],[136.27368605824347,36.04766054814765],[136.2736881593833,36.04758390947568],[136.27269916616876,36.04757747051623],[136.27270168915828,36.04763415994348]]]}},{"type":"Feature","properties":{"pid":"2d2c9425-f958-4a2a-9eb2-ccef3b921c4b"},"geometry":{"type":"Polygon","coordinates":[[[136.27270162975015,36.04775550273617],[136.27270250610434,36.04800957688592],[136.27367585376072,36.048013450238685],[136.273679372348,36.047756323477266],[136.27270162975015,36.04775550273617]]]}},{"type":"Feature","properties":{"pid":"358b7b95-2ec6-4501-b82b-00c3a1661030"},"geometry":{"type":"Polygon","coordinates":[[[136.27269766202664,36.04817119272608],[136.27272881376462,36.0481908460897],[136.27367320629523,36.04819692531937],[136.2736742991577,36.048113791227166],[136.27270057353394,36.048110352232314],[136.27269766202664,36.04817119272608]]]}},{"type":"Feature","properties":{"pid":"63c46cd0-30ad-4a51-8a72-7c46e319dc8f"},"geometry":{"type":"Polygon","coordinates":[[[136.2727013218781,36.04730208298343],[136.27271612564,36.047313719981474],[136.2736937715671,36.04732398463045],[136.2736933753323,36.04721292020679],[136.2727047520699,36.04719965183633],[136.2727013218781,36.04730208298343]]]}},{"type":"Feature","properties":{"pid":"ae84c185-af8b-4331-a4be-4cc77634f89b"},"geometry":{"type":"Polygon","coordinates":[[[136.2727128064747,36.046897571734235],[136.2727081562996,36.0470640999789],[136.27369469856643,36.0470744343049],[136.2736959186762,36.04689552302876],[136.2727252308482,36.04688360057379],[136.2727128064747,36.046897571734235]]]}},{"type":"Feature","properties":{"pid":"4829c50e-2641-4bdd-a9f1-3e8db16bddc0"},"geometry":{"type":"Polygon","coordinates":[[[136.27271595934542,36.04677518205358],[136.27272806965237,36.046787233015905],[136.2736963963836,36.04679695169391],[136.27369826451275,36.04662623858812],[136.27271914603992,36.04660931088495],[136.27271595934542,36.04677518205358]]]}},{"type":"Feature","properties":{"pid":"504bf65a-11a0-4ff4-8cea-f64ad068bc15"},"geometry":{"type":"Polygon","coordinates":[[[136.27271629788478,36.04640827651227],[136.27271886934184,36.04650857724328],[136.27369932059128,36.04652730063907],[136.27370107100575,36.046416181299634],[136.27271629788478,36.04640827651227]]]}},{"type":"Feature","properties":{"pid":"d7ffa6f5-171b-49fa-9cda-5279d545826c"},"geometry":{"type":"Polygon","coordinates":[[[136.27371583739767,36.045545248720074],[136.27274302300708,36.045536531520455],[136.272735743956,36.045764704980954],[136.27370742362302,36.04577252088415],[136.27371583739767,36.045545248720074]]]}},{"type":"Feature","properties":{"pid":"a11f175e-f881-442f-8889-60a6f2819621"},"geometry":{"type":"Polygon","coordinates":[[[136.27272084884635,36.04595580432826],[136.27273643773398,36.04596892052334],[136.27370432371913,36.04598185661669],[136.27370534964086,36.04586413552103],[136.27272995397047,36.045866456852174],[136.27272084884635,36.04595580432826]]]}},{"type":"Feature","properties":{"pid":"c58a0e54-9c16-48cd-a21c-400abcfacdac"},"geometry":{"type":"Polygon","coordinates":[[[136.2727176985385,36.0462947816527],[136.27370021681486,36.04631546738689],[136.27370369837485,36.046081326418566],[136.27273937370404,36.04607111568886],[136.2727214957032,36.04608559219297],[136.2727176985385,36.0462947816527]]]}},{"type":"Feature","properties":{"pid":"470107bc-06f1-4501-b91c-c4d80d59f93e"},"geometry":{"type":"Polygon","coordinates":[[[136.2748749674142,36.04631802823601],[136.27387782978016,36.04631206026105],[136.27387732916563,36.04634250747544],[136.27487456928282,36.046352557673934],[136.2748749674142,36.04631802823601]]]}},{"type":"Feature","properties":{"pid":"0fc10fe0-8c85-4487-895e-a2b98ac6050f"},"geometry":{"type":"Polygon","coordinates":[[[136.27487432783707,36.04609406246707],[136.2738770317701,36.04608675125921],[136.27387637389296,36.04621146781243],[136.27487325483582,36.04622061651211],[136.27487432783707,36.04609406246707]]]}},{"type":"Feature","properties":{"pid":"4a74e7d5-1f92-49bb-bf70-910d2e1fd8fe"},"geometry":{"type":"Polygon","coordinates":[[[136.27488061922992,36.04594916742562],[136.27388018038704,36.04593768646939],[136.27387771323617,36.04598792286803],[136.27488345045796,36.04599524740467],[136.27488061922992,36.04594916742562]]]}},{"type":"Feature","properties":{"pid":"e5bead88-077d-445b-abdf-1be76ed0e069"},"geometry":{"type":"Polygon","coordinates":[[[136.27488344976337,36.04570703533304],[136.27388747247787,36.04569695649208],[136.27388533369611,36.04575802217623],[136.27488439965128,36.04576623557719],[136.27488344976337,36.04570703533304]]]}},{"type":"Feature","properties":{"pid":"6627ac0b-16db-4e7d-bc2f-49722577caa4"},"geometry":{"type":"Polygon","coordinates":[[[136.27488321802034,36.04560971622692],[136.27488895505482,36.045550109658365],[136.27388738026366,36.045540078332],[136.27388601186806,36.045595038079604],[136.27488321802034,36.04560971622692]]]}},{"type":"Feature","properties":{"pid":"9ace5f48-3892-4608-b9d4-f2172696ce3c"},"geometry":{"type":"Polygon","coordinates":[[[136.27489138243257,36.045451100054365],[136.27489121709434,36.04540362020265],[136.27389072486622,36.045388067695875],[136.27388957032088,36.04544042806801],[136.27489138243257,36.045451100054365]]]}},{"type":"Feature","properties":{"pid":"9945fee9-b283-4ace-940b-014805dade89"},"geometry":{"type":"Polygon","coordinates":[[[136.27488481138352,36.04530469767192],[136.2748903921218,36.04524673794958],[136.2738913985051,36.04523121051387],[136.2738916750532,36.045290990823766],[136.27488481138352,36.04530469767192]]]}},{"type":"Feature","properties":{"pid":"12cefcc1-f0ba-418a-bd8c-50857cb82fcf"},"geometry":{"type":"Polygon","coordinates":[[[136.27488781124413,36.04503632152021],[136.27389716125046,36.04502839560633],[136.27389427058833,36.04513329425322],[136.27488969210282,36.0451460615993],[136.27488781124413,36.04503632152021]]]}},{"type":"Feature","properties":{"pid":"c56c4933-e8d8-442d-b308-8de94ec5aee6"},"geometry":{"type":"Polygon","coordinates":[[[136.27271453158846,36.04470632501239],[136.27273029163072,36.04479388170286],[136.2727714152502,36.04481854662389],[136.27372314061827,36.04481316869236],[136.27372504407555,36.04457186874005],[136.27271723511083,36.044560666697095],[136.2727319504849,36.04467536400327],[136.27271453158846,36.04470632501239]]]}},{"type":"Feature","properties":{"pid":"a35d105e-1593-4945-a4b3-83c3dbde1da8"},"geometry":{"type":"Polygon","coordinates":[[[136.2727448208649,36.04543250938564],[136.27371591664888,36.045443082721334],[136.27371885527197,36.04503028053282],[136.27284403808193,36.045029217952276],[136.27275025139576,36.04510483247672],[136.2727448208649,36.04543250938564]]]}},{"type":"Feature","properties":{"pid":"0049e90a-7e80-4bea-b6ab-f14a5c87043c"},"geometry":{"type":"Polygon","coordinates":[[[136.27272195774214,36.04437732178354],[136.2727241961728,36.04446196825719],[136.2737267019307,36.044471921934864],[136.273730651644,36.04422396568518],[136.27272621307353,36.04421368743371],[136.2727215285371,36.044286192364325],[136.27274236769446,36.044324542473746],[136.27272195774214,36.04437732178354]]]}},{"type":"Feature","properties":{"pid":"5dc94e2e-65a3-4ec8-9e8d-084101687a33"},"geometry":{"type":"Polygon","coordinates":[[[136.27272886569497,36.04399956916375],[136.27274536319064,36.04406727534432],[136.2727382884423,36.04411637160884],[136.2737318568888,36.04412567819946],[136.2737329465128,36.04400604989481],[136.27272886569497,36.04399956916375]]]}},{"type":"Feature","properties":{"pid":"3c0438c1-e833-48c9-8e7a-08bab8f414ee"},"geometry":{"type":"Polygon","coordinates":[[[136.2727243957842,36.04390092492331],[136.2737339991617,36.04390988705264],[136.27373456865743,36.04386301316534],[136.27272577945809,36.043851718758035],[136.2727243957842,36.04390092492331]]]}},{"type":"Feature","properties":{"pid":"4126d3c1-a124-4e9a-8b06-ce37bf483da1"},"geometry":{"type":"Polygon","coordinates":[[[136.27374942724535,36.04293456268976],[136.27274085818584,36.04293964282947],[136.273749565249,36.04294662003964],[136.27374942724535,36.04293456268976]]]}},{"type":"Feature","properties":{"pid":"f439fa55-e7c2-4fca-b683-aff4de38ee24"},"geometry":{"type":"Polygon","coordinates":[[[136.27273870993068,36.04319804569693],[136.27275612170175,36.04321365310122],[136.2737461095267,36.04322637254286],[136.27375082340345,36.043044281354106],[136.27273939207276,36.043035615706664],[136.27273870993068,36.04319804569693]]]}},{"type":"Feature","properties":{"pid":"21bd7e73-f0ce-4d39-95be-0c9b2f4a520f"},"geometry":{"type":"Polygon","coordinates":[[[136.2727357445984,36.04347968801391],[136.27374192105498,36.043491671024114],[136.27374182072055,36.0433263956997],[136.27273583127484,36.04331419704867],[136.2727357445984,36.04347968801391]]]}},{"type":"Feature","properties":{"pid":"6d7816e0-cdb6-4142-b20d-49c9815c876b"},"geometry":{"type":"Polygon","coordinates":[[[136.2748918215948,36.04296203596454],[136.27492470648693,36.042934196183104],[136.27492546203618,36.04282508465311],[136.2739223016988,36.042812318324955],[136.27392278192218,36.04294046685908],[136.2748918215948,36.04296203596454]]]}},{"type":"Feature","properties":{"pid":"0818154c-3fb6-439c-9d39-da8b7eae01a0"},"geometry":{"type":"Polygon","coordinates":[[[136.27492317203425,36.0430684929344],[136.27392397367575,36.04303549860659],[136.27391455524148,36.04351122534229],[136.27491390232473,36.043525387883086],[136.27492317203425,36.0430684929344]]]}},{"type":"Feature","properties":{"pid":"d959ac2a-82da-4316-a311-66f1e9f39637"},"geometry":{"type":"Polygon","coordinates":[[[136.2748933411602,36.04377861137489],[136.27490871748023,36.04376633885576],[136.2749105590909,36.04362162037089],[136.2739121742426,36.04360744868362],[136.27391110732933,36.04376841658223],[136.2748933411602,36.04377861137489]]]}},{"type":"Feature","properties":{"pid":"71f86a15-35ce-4ba1-a000-e3c7b57b7680"},"geometry":{"type":"Polygon","coordinates":[[[136.274909152295,36.04402779352061],[136.27490991282724,36.043877808793326],[136.27391180460114,36.04386912002657],[136.2739088279688,36.044015288984],[136.274909152295,36.04402779352061]]]}},{"type":"Feature","properties":{"pid":"fdde5bac-afe7-40dc-b12e-3574df653559"},"geometry":{"type":"Polygon","coordinates":[[[136.27490379082604,36.04472941264824],[136.27487782563662,36.044672739690945],[136.2749068287195,36.04463378243116],[136.27491532136156,36.04413217954956],[136.27490161327677,36.0441216270018],[136.27390657728165,36.04410800286255],[136.27389898968767,36.04480964103737],[136.27489977139936,36.04483515636268],[136.27490379082604,36.04472941264824]]]}},{"type":"Feature","properties":{"pid":"d6b8896d-3b08-4048-8ceb-30b9bbfc94d2"},"geometry":{"type":"Polygon","coordinates":[[[136.27494142535622,36.04127995912717],[136.27395022388558,36.04126759190152],[136.27394691419775,36.04135141002641],[136.27494167224464,36.04135095652827],[136.27494142535622,36.04127995912717]]]}},{"type":"Feature","properties":{"pid":"465aaf1c-bee8-441e-aa3e-734f74eb0e58"},"geometry":{"type":"Polygon","coordinates":[[[136.27494324423628,36.0414571352363],[136.27394221638548,36.04145394611604],[136.27393975298438,36.041711849225514],[136.27493672613312,36.04171624763473],[136.27494324423628,36.0414571352363]]]}},{"type":"Feature","properties":{"pid":"61ccf0a9-5903-4830-959c-62d65e99a8e9"},"geometry":{"type":"Polygon","coordinates":[[[136.27493607839386,36.041812891848295],[136.27393624875413,36.04181243796833],[136.27392872148553,36.04208412115093],[136.27492854724034,36.04209936323386],[136.27493607839386,36.041812891848295]]]}},{"type":"Feature","properties":{"pid":"3d280a3a-916c-41dd-ab11-8e36d4a8f17a"},"geometry":{"type":"Polygon","coordinates":[[[136.27394605883939,36.042231356029895],[136.27391018232487,36.04226313076247],[136.27391939403094,36.04271467590188],[136.27492619434378,36.042730236349],[136.27493646258225,36.0422508260202],[136.27394605883939,36.042231356029895]]]}},{"type":"Feature","properties":{"pid":"16a73129-7253-4376-bf88-874e18d04103"},"geometry":{"type":"Polygon","coordinates":[[[136.2727681439579,36.042707371464324],[136.2727356436595,36.04274940405247],[136.27273312221902,36.042828217467644],[136.27375159514443,36.042836888257625],[136.27375647568607,36.042721065616284],[136.2727681439579,36.042707371464324]]]}},{"type":"Feature","properties":{"pid":"921e95a2-3f11-4c26-a71c-c4ff4f76be48"},"geometry":{"type":"Polygon","coordinates":[[[136.27376369462624,36.04168940858595],[136.2727583980982,36.04167642623062],[136.27275536390965,36.04207332672193],[136.27375510509253,36.04207836557174],[136.27376369462624,36.04168940858595]]]}},{"type":"Feature","properties":{"pid":"0545dab1-006b-42f1-a5ae-87a6f567a41c"},"geometry":{"type":"Polygon","coordinates":[[[136.27376931873954,36.04144133084133],[136.27276968120435,36.041423386442325],[136.27276890579608,36.041577942521116],[136.2737677876134,36.04158825068959],[136.27376931873954,36.04144133084133]]]}},{"type":"Feature","properties":{"pid":"480573b3-e3fe-4cdc-9ff7-29bc83f39788"},"geometry":{"type":"Polygon","coordinates":[[[136.27276206067378,36.04099549234763],[136.27277241679408,36.04131836251821],[136.27376739477606,36.0413397335425],[136.27377479101983,36.04097818289756],[136.2728018479024,36.04096859826071],[136.27276206067378,36.04099549234763]]]}},{"type":"Feature","properties":{"pid":"39c0b4d3-6e1f-4ff3-9b1f-4ce5761c3c47"},"geometry":{"type":"Polygon","coordinates":[[[136.27304769308435,36.040641651340515],[136.27274466445596,36.04063540910735],[136.27274483892728,36.04077194684639],[136.27304769308435,36.040641651340515]]]}},{"type":"Feature","properties":{"pid":"eff69eda-33a1-4056-aac2-94b9a992f792"},"geometry":{"type":"Polygon","coordinates":[[[136.27494367855647,36.04118053430042],[136.2749448364036,36.04083643406494],[136.27394700303955,36.040810775365365],[136.27394919398037,36.04116735026531],[136.27494367855647,36.04118053430042]]]}}]}