{"type":"FeatureCollection","features":[{"type":"Feature","properties":{"pid":"5a11faed-e862-42e0-a808-57adb6fd27bf","full":4.7},"geometry":{"type":"Polygon","coordinates":[[[136.22106,36.12116],[136.2211,36.12143],[136.22143,36.12142],[136.22145,36.1214],[136.22145,36.12114],[136.2213,36.12114],[136.22127,36.12116],[136.22106,36.12116]]]}},{"type":"Feature","properties":{"pid":"f78992fd-116e-49f9-a9a3-8eb733181b0a","full":2.5},"geometry":{"type":"Polygon","coordinates":[[[136.22176,36.12141],[136.22195,36.1214],[136.22193,36.12101],[136.22174,36.121],[136.22176,36.12141]]]}},{"type":"Feature","properties":{"pid":"0a1d1bcb-2928-4d39-a8f6-bb71c3643361","full":1.9},"geometry":{"type":"Polygon","coordinates":[[[136.22174,36.12113],[136.22173,36.12088],[136.22153,36.12088],[136.2215,36.1209],[136.22151,36.12113],[136.22174,36.12113]]]}},{"type":"Feature","properties":{"pid":"90d74b9d-2dfa-459c-81fa-8360c7612a1c","full":5.4},"geometry":{"type":"Polygon","coordinates":[[[136.22475,36.12039],[136.22473,36.11997],[136.22472,36.11997],[136.22471,36.11994],[136.22448,36.11995],[136.22448,36.1204],[136.22475,36.12039]]]}},{"type":"Feature","properties":{"pid":"fc31f43c-a8ee-4408-aa41-f1a29315cea9","full":8.3},"geometry":{"type":"Polygon","coordinates":[[[136.2245,36.11946],[136.22411,36.11944],[136.22408,36.11985],[136.22447,36.11984],[136.2245,36.11946]]]}},{"type":"Feature","properties":{"pid":"b591d1c4-470d-4bf1-9484-a87a164a5369","full":15.9},"geometry":{"type":"Polygon","coordinates":[[[136.22315,36.11905],[136.22248,36.11902],[136.22245,36.11904],[136.22244,36.11936],[136.22247,36.11936],[136.22247,36.11938],[136.22314,36.1194],[136.22315,36.11905]]]}},{"type":"Feature","properties":{"pid":"1d7ddc4c-cd3c-47a1-8778-6db6b82d3172","full":11.2},"geometry":{"type":"Polygon","coordinates":[[[136.2233,36.12044],[136.22327,36.11997],[136.22303,36.11998],[136.22305,36.12078],[136.22335,36.12078],[136.22332,36.12044],[136.2233,36.12044]]]}},{"type":"Feature","properties":{"pid":"9382003e-b36f-4c63-8823-83d37fbfead9","full":7.3},"geometry":{"type":"Polygon","coordinates":[[[136.22235,36.12079],[136.22233,36.12046],[136.22191,36.12047],[136.22193,36.12079],[136.22235,36.12079]]]}},{"type":"Feature","properties":{"pid":"d18fa693-a3fa-4fad-9307-458bb7c37134","full":9.8},"geometry":{"type":"Polygon","coordinates":[[[136.22135,36.12048],[136.22137,36.12079],[136.22192,36.12079],[136.22191,36.12048],[136.22135,36.12048]]]}},{"type":"Feature","properties":{"pid":"00a7d0ec-e6a9-4cef-853e-cd0e2aed1c63","full":4.2},"geometry":{"type":"Polygon","coordinates":[[[136.22022,36.11963],[136.21984,36.11962],[136.21983,36.11986],[136.22022,36.11987],[136.22022,36.11963]]]}},{"type":"Feature","properties":{"pid":"78db8cf8-332a-41c1-af57-3610b4d25d73","full":1.6},"geometry":{"type":"Polygon","coordinates":[[[136.21602,36.1226],[136.21598,36.12206],[136.21584,36.12207],[136.21587,36.12261],[136.21602,36.1226]]]}},{"type":"Feature","properties":{"pid":"61a418db-04da-42a9-b659-42e8181c289f","full":3.8},"geometry":{"type":"Polygon","coordinates":[[[136.2164,36.12161],[136.21658,36.1216],[136.21655,36.12102],[136.21636,36.12098],[136.2164,36.12161]]]}},{"type":"Feature","properties":{"pid":"5c26d958-4d9c-46f5-a8ea-a9e170f67fb5","full":36.1},"geometry":{"type":"Polygon","coordinates":[[[136.21401,36.12064],[136.21393,36.12001],[136.2131,36.12008],[136.21316,36.12062],[136.21401,36.12064]]]}},{"type":"Feature","properties":{"pid":"a82b2444-1d5b-43f9-8efe-b441103fcfd5","full":19.5},"geometry":{"type":"Polygon","coordinates":[[[136.21392,36.11996],[136.21388,36.11961],[136.21385,36.11961],[136.21385,36.1196],[136.21305,36.11966],[136.2131,36.12002],[136.21392,36.11996]]]}},{"type":"Feature","properties":{"pid":"2d0baf83-b374-48c6-8662-0cd40c53f2c9","full":18.9},"geometry":{"type":"Polygon","coordinates":[[[136.21388,36.11957],[136.21382,36.11924],[136.21301,36.1193],[136.21305,36.11966],[136.21385,36.1196],[136.21385,36.11958],[136.21388,36.11957]]]}},{"type":"Feature","properties":{"pid":"0571d6fc-759a-4f00-b598-bb3e11d1bfa0","full":19.1},"geometry":{"type":"Polygon","coordinates":[[[136.21382,36.11924],[136.2138,36.11888],[136.21297,36.11894],[136.21301,36.1193],[136.21382,36.11924]]]}},{"type":"Feature","properties":{"pid":"6e6b1c2b-217e-4932-baae-e93109ec9e16","full":19.4},"geometry":{"type":"Polygon","coordinates":[[[136.21301,36.11984],[136.21297,36.11948],[136.21213,36.11955],[136.21218,36.1199],[136.21301,36.11984]]]}},{"type":"Feature","properties":{"pid":"4cd3fd1b-9528-4cdc-99ba-905e59832e3d","full":10.9},"geometry":{"type":"Polygon","coordinates":[[[136.21297,36.11948],[136.21294,36.11924],[136.2121,36.1193],[136.21213,36.11955],[136.21297,36.11948]]]}},{"type":"Feature","properties":{"pid":"a7441dd1-af6a-4729-8ead-a9e92898ef41","full":2.8},"geometry":{"type":"Polygon","coordinates":[[[136.21294,36.11924],[136.21293,36.11911],[136.21209,36.11917],[136.2121,36.1193],[136.21294,36.11924]]]}},{"type":"Feature","properties":{"pid":"6edc07a8-af03-4efe-9afd-3439846ea3e0","full":9.5},"geometry":{"type":"Polygon","coordinates":[[[136.21202,36.11924],[136.212,36.11902],[136.21116,36.11909],[136.21119,36.11931],[136.21202,36.11924]]]}},{"type":"Feature","properties":{"pid":"9624b3a7-5862-4445-a0ea-514118258d07","full":5.6},"geometry":{"type":"Polygon","coordinates":[[[136.21112,36.11926],[136.2111,36.1191],[136.21029,36.11916],[136.21029,36.11917],[136.21027,36.11917],[136.21029,36.11933],[136.21112,36.11926]]]}},{"type":"Feature","properties":{"pid":"7bbbeed1-532a-46a3-bf6f-7ee46d2cce1c","full":5.9},"geometry":{"type":"Polygon","coordinates":[[[136.21114,36.11944],[136.21112,36.11927],[136.21029,36.11933],[136.21031,36.1195],[136.21114,36.11944]]]}},{"type":"Feature","properties":{"pid":"b6881bc1-9525-4ee7-b458-04d3f94401ff","full":19.3},"geometry":{"type":"Polygon","coordinates":[[[136.21119,36.11981],[136.21114,36.11945],[136.21034,36.11951],[136.21032,36.11952],[136.21036,36.11987],[136.21119,36.11981]]]}},{"type":"Feature","properties":{"pid":"8b91df85-b200-4e19-b412-15bc3080f39a","full":24.2},"geometry":{"type":"Polygon","coordinates":[[[136.21207,36.11967],[136.21203,36.11925],[136.21119,36.11931],[136.21124,36.11973],[136.21207,36.11967]]]}},{"type":"Feature","properties":{"pid":"bf5237d8-3a44-408f-8e06-5e4ccdaea707","full":18.7},"geometry":{"type":"Polygon","coordinates":[[[136.21212,36.12009],[136.21208,36.11974],[136.21125,36.11981],[136.2113,36.12015],[136.21212,36.12009]]]}},{"type":"Feature","properties":{"pid":"6cddcc5c-496a-490e-9196-24d35556181c","full":19.0},"geometry":{"type":"Polygon","coordinates":[[[136.21123,36.12016],[136.21118,36.11981],[136.21036,36.11987],[136.2104,36.12021],[136.21044,36.12023],[136.21123,36.12016]]]}},{"type":"Feature","properties":{"pid":"7776fb3e-4c33-4a5a-ba95-5eca88932ce8","full":13.0},"geometry":{"type":"Polygon","coordinates":[[[136.21128,36.12055],[136.21125,36.12024],[136.21044,36.12029],[136.21042,36.12031],[136.21044,36.12052],[136.21128,36.12055]]]}},{"type":"Feature","properties":{"pid":"c7fc9acb-d184-497a-a333-658193587db0","full":20.5},"geometry":{"type":"Polygon","coordinates":[[[136.21218,36.12058],[136.21212,36.12015],[136.21129,36.12022],[136.21133,36.12054],[136.21218,36.12058]]]}},{"type":"Feature","properties":{"pid":"5b590991-c488-4c77-afdd-d0d36047e668","full":6.6},"geometry":{"type":"Polygon","coordinates":[[[136.21303,36.12002],[136.21301,36.11984],[136.21218,36.11991],[136.21221,36.12009],[136.21303,36.12002]]]}},{"type":"Feature","properties":{"pid":"3c3b98dc-574c-4f92-ac13-5d54fc7b6ec5","full":27.6},"geometry":{"type":"Polygon","coordinates":[[[136.2131,36.12062],[136.21305,36.1201],[136.21222,36.12016],[136.21227,36.12059],[136.2131,36.12062]]]}},{"type":"Feature","properties":{"pid":"bc7912a0-8b64-4680-ab14-149bc2006339","full":13.5},"geometry":{"type":"Polygon","coordinates":[[[136.21302,36.1212],[136.21343,36.12121],[136.21345,36.12067],[136.21304,36.12066],[136.21302,36.1212]]]}},{"type":"Feature","properties":{"pid":"7e67732f-1dec-49ec-99e7-b06ad0db646c","full":14.3},"geometry":{"type":"Polygon","coordinates":[[[136.21261,36.12064],[136.2126,36.12117],[136.21262,36.12117],[136.21262,36.12119],[136.213,36.1212],[136.21299,36.12118],[136.21301,36.12118],[136.21302,36.12118],[136.21303,36.12065],[136.21261,36.12064]]]}},{"type":"Feature","properties":{"pid":"08644f40-1ec0-45b8-bb69-5845049b3a04","full":29.4},"geometry":{"type":"Polygon","coordinates":[[[136.2128,36.12193],[136.21341,36.12195],[136.21343,36.12126],[136.21282,36.12125],[136.2128,36.12193]]]}},{"type":"Feature","properties":{"pid":"002dc4bb-42a7-41f7-bf5b-e459880a9154","full":7.9},"geometry":{"type":"Polygon","coordinates":[[[136.21255,36.12192],[136.2128,36.12193],[136.21282,36.12127],[136.21279,36.12127],[136.21279,36.12125],[136.21257,36.12125],[136.21255,36.12192]]]}},{"type":"Feature","properties":{"pid":"5c9dda4e-e308-4901-8d94-75c1068d24fa","full":15.2},"geometry":{"type":"Polygon","coordinates":[[[136.21217,36.12192],[136.21255,36.12193],[136.21256,36.12125],[136.2122,36.12124],[136.21217,36.12192]]]}},{"type":"Feature","properties":{"pid":"82008d51-0ab2-4119-9331-cadc5fef9667","full":17.4},"geometry":{"type":"Polygon","coordinates":[[[136.2121,36.12118],[136.21256,36.12119],[136.21256,36.12117],[136.21259,36.12117],[136.2126,36.12064],[136.21212,36.12062],[136.2121,36.12118]]]}},{"type":"Feature","properties":{"pid":"84e8d300-395b-406c-8bca-68792ea30331","full":15.5},"geometry":{"type":"Polygon","coordinates":[[[136.21211,36.12062],[136.21167,36.12061],[136.21165,36.12117],[136.21209,36.12118],[136.21211,36.12062]]]}},{"type":"Feature","properties":{"pid":"0e468555-e12d-4b32-9a1d-7ac143acb1b7","full":7.2},"geometry":{"type":"Polygon","coordinates":[[[136.21136,36.12117],[136.21162,36.12117],[136.21164,36.12063],[136.21163,36.12062],[136.21163,36.1206],[136.21138,36.12059],[136.21136,36.12117]]]}},{"type":"Feature","properties":{"pid":"9c7ec1f1-ffdb-4162-90aa-2f4d0abccc2e","full":45.8},"geometry":{"type":"Polygon","coordinates":[[[136.21035,36.12115],[136.21136,36.12117],[136.21137,36.12059],[136.21033,36.12056],[136.21032,36.12114],[136.21035,36.12114],[136.21035,36.12115]]]}},{"type":"Feature","properties":{"pid":"66bdc13a-4d02-44c2-bf33-6a5e4207050e","full":16.0},"geometry":{"type":"Polygon","coordinates":[[[136.21055,36.12188],[136.21094,36.12189],[136.21096,36.12125],[136.21094,36.12124],[136.21094,36.12121],[136.21057,36.12121],[136.21055,36.12188]]]}},{"type":"Feature","properties":{"pid":"b60060a8-b133-470f-a970-020952969b39","full":31.5},"geometry":{"type":"Polygon","coordinates":[[[136.21094,36.12189],[136.21159,36.12191],[136.21161,36.12123],[136.21098,36.12121],[136.21097,36.12124],[136.21096,36.12124],[136.21094,36.12189]]]}},{"type":"Feature","properties":{"pid":"a0a17c4c-c5bc-40bf-9a72-82bae8399eb1","full":24.6},"geometry":{"type":"Polygon","coordinates":[[[136.21164,36.1219],[136.21216,36.12192],[136.21219,36.12124],[136.21165,36.12123],[136.21164,36.1219]]]}},{"type":"Feature","properties":{"pid":"3f0e48d3-a4d0-4feb-ac4b-e6f06f3c1ce1","full":15.5},"geometry":{"type":"Polygon","coordinates":[[[136.21082,36.12262],[136.21119,36.12262],[136.21121,36.12194],[136.21085,36.12193],[136.21082,36.12262]]]}},{"type":"Feature","properties":{"pid":"3f3ec7ab-c0e8-4b45-b71b-beb257e5fc53","full":15.2},"geometry":{"type":"Polygon","coordinates":[[[136.21122,36.12193],[136.2112,36.12263],[136.21156,36.12263],[136.21159,36.12194],[136.21122,36.12193]]]}},{"type":"Feature","properties":{"pid":"d980bcfe-0d26-4fcd-b6ec-f335a252073f","full":19.3},"geometry":{"type":"Polygon","coordinates":[[[136.21214,36.12195],[136.21164,36.12194],[136.21162,36.12239],[136.2118,36.1224],[136.2118,36.12263],[136.21212,36.12264],[136.21214,36.12195]]]}},{"type":"Feature","properties":{"pid":"3a2c98d5-8854-4d5f-8990-78dc5d281f0e","full":18.6},"geometry":{"type":"Polygon","coordinates":[[[136.21213,36.12264],[136.21255,36.12265],[136.21257,36.12196],[136.21215,36.12195],[136.21213,36.12264]]]}},{"type":"Feature","properties":{"pid":"c2b522ee-bdcd-40d0-8d40-def764f237b2","full":15.7},"geometry":{"type":"Polygon","coordinates":[[[136.21301,36.12266],[136.21339,36.12267],[136.21341,36.12198],[136.21304,36.12197],[136.21301,36.12266]]]}},{"type":"Feature","properties":{"pid":"cbc8f391-2cdc-4b4e-9203-024fef63560e","full":19.9},"geometry":{"type":"Polygon","coordinates":[[[136.21303,36.12197],[136.21258,36.12196],[136.21257,36.12265],[136.21301,36.12266],[136.21303,36.12197]]]}},{"type":"Feature","properties":{"pid":"f7a34f62-e018-44c2-81e6-15168b8e6617","full":20.4},"geometry":{"type":"Polygon","coordinates":[[[136.2139,36.12198],[136.21344,36.12197],[136.21343,36.12267],[136.21387,36.12268],[136.2139,36.12198]]]}},{"type":"Feature","properties":{"pid":"645e7dec-5723-4146-8bd2-e0f3c32dc32f","full":13.3},"geometry":{"type":"Polygon","coordinates":[[[136.21423,36.12199],[136.2139,36.12198],[136.21388,36.12265],[136.2139,36.12266],[136.2139,36.12268],[136.21422,36.12268],[136.21423,36.12199]]]}},{"type":"Feature","properties":{"pid":"e640bf8b-df4a-45b1-b87c-5e5575917a2a","full":12.3},"geometry":{"type":"Polygon","coordinates":[[[136.21426,36.12269],[136.21453,36.12269],[136.21456,36.122],[136.21424,36.122],[136.21423,36.12266],[136.21425,36.12266],[136.21426,36.12269]]]}},{"type":"Feature","properties":{"pid":"5dfbd357-5eb2-4653-b8f1-16a51200128e","full":19.2},"geometry":{"type":"Polygon","coordinates":[[[136.21388,36.12195],[136.21391,36.12127],[136.21347,36.12126],[136.21345,36.12194],[136.21388,36.12195]]]}},{"type":"Feature","properties":{"pid":"a8fa69de-d2c9-4003-bdbd-ca88b7e2a7bd","full":21.8},"geometry":{"type":"Polygon","coordinates":[[[136.2141,36.1207],[136.21349,36.12067],[136.21348,36.12121],[136.21408,36.12122],[136.2141,36.1207]]]}},{"type":"Feature","properties":{"pid":"32c33712-fc2d-4ae3-9af9-78f0f0306871","full":9.7},"geometry":{"type":"Polygon","coordinates":[[[136.2141,36.12122],[136.21443,36.12123],[136.21443,36.12071],[136.21411,36.1207],[136.21409,36.12121],[136.2141,36.12122]]]}},{"type":"Feature","properties":{"pid":"1f350607-63c9-458e-8497-03c07612d875","full":18.2},"geometry":{"type":"Polygon","coordinates":[[[136.21388,36.12195],[136.2143,36.12196],[136.21433,36.1213],[136.2143,36.12129],[136.2143,36.12128],[136.21392,36.12127],[136.21388,36.12195]]]}},{"type":"Feature","properties":{"pid":"b32fb7a9-19eb-4cd2-b8cb-f409f7192bf9","full":36.8},"geometry":{"type":"Polygon","coordinates":[[[136.21431,36.12196],[136.21503,36.12198],[136.21506,36.12145],[136.21508,36.12139],[136.21511,36.12133],[136.2151,36.1213],[136.21434,36.12128],[136.21431,36.12196]]]}},{"type":"Feature","properties":{"pid":"9004a45a-ed4f-4bfe-be49-6255c83b8a88","full":9.8},"geometry":{"type":"Polygon","coordinates":[[[136.21446,36.12123],[136.21477,36.12123],[136.21478,36.12072],[136.21444,36.12071],[136.21443,36.12121],[136.21446,36.12121],[136.21446,36.12123]]]}},{"type":"Feature","properties":{"pid":"48863b25-fa01-4998-a396-a1e884fca55d","full":2.3},"geometry":{"type":"Polygon","coordinates":[[[136.21564,36.12347],[136.21584,36.12346],[136.21584,36.12344],[136.21586,36.12344],[136.21582,36.12315],[136.21564,36.12315],[136.21562,36.12345],[136.21564,36.12347]]]}},{"type":"Feature","properties":{"pid":"fc256c55-a50a-4001-8020-65a1fa6ead8b","full":18.7},"geometry":{"type":"Polygon","coordinates":[[[136.21294,36.12346],[136.21337,36.12347],[136.21339,36.12285],[136.21338,36.12284],[136.21338,36.12281],[136.21295,36.1228],[136.21293,36.12344],[136.21294,36.12344],[136.21294,36.12346]]]}},{"type":"Feature","properties":{"pid":"7fadcaf5-b598-427c-92f2-a607f6a69818","full":3.5},"geometry":{"type":"Polygon","coordinates":[[[136.21252,36.12345],[136.21269,36.12345],[136.21271,36.12279],[136.21254,36.12279],[136.21252,36.12345]]]}},{"type":"Feature","properties":{"pid":"2a1f8e91-1c5a-42cd-9d9f-7ff5436b2e76","full":6.1},"geometry":{"type":"Polygon","coordinates":[[[136.2127,36.12346],[136.2129,36.12346],[136.2129,36.12344],[136.21292,36.12344],[136.21294,36.1228],[136.21272,36.1228],[136.2127,36.12346]]]}},{"type":"Feature","properties":{"pid":"dc5ef04d-b601-406f-ace1-72462cf280d8","full":23.8},"geometry":{"type":"Polygon","coordinates":[[[136.21198,36.12344],[136.21251,36.12345],[136.21253,36.12279],[136.212,36.12278],[136.21198,36.12344]]]}},{"type":"Feature","properties":{"pid":"45e91133-f1dd-46e8-b0c6-324d52593144","full":21.0},"geometry":{"type":"Polygon","coordinates":[[[136.21108,36.12276],[136.21107,36.12342],[136.21154,36.12343],[136.21156,36.12277],[136.21108,36.12276]]]}},{"type":"Feature","properties":{"pid":"a58ba398-3ca6-4fa9-a21a-be123ea20aad","full":10.3},"geometry":{"type":"Polygon","coordinates":[[[136.21107,36.12277],[136.21078,36.12276],[136.21076,36.12342],[136.21106,36.12342],[136.21107,36.12277]]]}},{"type":"Feature","properties":{"pid":"38c3d56b-c50f-4d4b-bcfc-cc9023e6549c","full":5.0},"geometry":{"type":"Polygon","coordinates":[[[136.21181,36.12278],[136.21161,36.12277],[136.21159,36.12343],[136.21178,36.12344],[136.21181,36.12278]]]}},{"type":"Feature","properties":{"pid":"fcf1a750-fb09-44c8-a186-779a902d8033","full":3.8},"geometry":{"type":"Polygon","coordinates":[[[136.21179,36.12344],[136.21197,36.12344],[136.21199,36.12278],[136.21182,36.12278],[136.21179,36.12344]]]}},{"type":"Feature","properties":{"pid":"d98d32e9-14c2-4647-ae92-962dd8a8a9d1","full":35.3},"geometry":{"type":"Polygon","coordinates":[[[136.21075,36.12416],[136.21148,36.12417],[136.2115,36.12413],[136.21152,36.12412],[136.21153,36.12357],[136.2115,36.12353],[136.21078,36.12352],[136.21075,36.12416]]]}},{"type":"Feature","properties":{"pid":"9919e04f-11e3-421e-97ef-015fb484d4a5","full":3.6},"geometry":{"type":"Polygon","coordinates":[[[136.21577,36.12273],[136.21587,36.12344],[136.21588,36.12343],[136.21588,36.12345],[136.21603,36.12344],[136.21595,36.12275],[136.21593,36.12275],[136.21592,36.12271],[136.21577,36.12273]]]}},{"type":"Feature","properties":{"pid":"eb08474f-bbd8-4dc5-a722-ff874bb847b0","full":1.8},"geometry":{"type":"Polygon","coordinates":[[[136.216,36.12312],[136.21617,36.12311],[136.21611,36.12269],[136.21597,36.12271],[136.21597,36.12275],[136.21595,36.12275],[136.216,36.12312]]]}},{"type":"Feature","properties":{"pid":"9990ffff-72c1-4360-8c9c-7cf05e0d7bb4","full":3.3},"geometry":{"type":"Polygon","coordinates":[[[136.21783,36.12337],[136.2174,36.12341],[136.21742,36.1236],[136.21785,36.12357],[136.21783,36.12337]]]}},{"type":"Feature","properties":{"pid":"296db3b8-0941-4cb8-9a50-48addfa16b94","full":1.5},"geometry":{"type":"Polygon","coordinates":[[[136.20234,36.12276],[136.20233,36.12287],[136.20242,36.12288],[136.20241,36.12294],[136.20265,36.12296],[136.20266,36.12289],[136.20269,36.1229],[136.20271,36.12278],[136.20234,36.12276]]]}},{"type":"Feature","properties":{"pid":"96fd553f-9430-423e-b1e9-bcf63330c4ac","full":5.0},"geometry":{"type":"Polygon","coordinates":[[[136.20228,36.12343],[136.20228,36.12369],[136.20268,36.12366],[136.20267,36.12339],[136.20228,36.12343]]]}},{"type":"Feature","properties":{"pid":"cb294fd6-ee97-4143-8d90-7c04286fda35","full":1.9},"geometry":{"type":"Polygon","coordinates":[[[136.20324,36.12319],[136.20327,36.12314],[136.20328,36.12305],[136.20299,36.12302],[136.20293,36.12326],[136.20324,36.12319]]]}},{"type":"Feature","properties":{"pid":"f005239e-f233-4e4d-8de4-e5d1bc65447a","full":1.0},"geometry":{"type":"Polygon","coordinates":[[[136.20277,36.12265],[136.20275,36.12276],[136.20333,36.12276],[136.20335,36.12265],[136.20277,36.12265]]]}},{"type":"Feature","properties":{"pid":"12455fa8-245e-4e40-81b1-7f5020cfb5d4","full":2.5},"geometry":{"type":"Polygon","coordinates":[[[136.20539,36.12399],[136.2054,36.12356],[136.20532,36.12356],[136.20527,36.12361],[136.20526,36.12369],[136.20518,36.12369],[136.2052,36.124],[136.20539,36.12399]]]}},{"type":"Feature","properties":{"pid":"97624393-27c7-439d-883b-28de413cb7ec","full":6.8},"geometry":{"type":"Polygon","coordinates":[[[136.20469,36.12395],[136.20509,36.12392],[136.20506,36.1236],[136.2047,36.12362],[136.20466,36.1238],[136.20468,36.1238],[136.20469,36.12395]]]}},{"type":"Feature","properties":{"pid":"b9cf734d-7fbe-4d1e-9e8b-7742c18803c4","full":24.6},"geometry":{"type":"Polygon","coordinates":[[[136.2085,36.12411],[136.20851,36.12348],[136.20795,36.12347],[136.20794,36.1241],[136.2085,36.12411]]]}},{"type":"Feature","properties":{"pid":"e1aaf47b-4a72-412c-8ddd-4a66788473f4","full":18.5},"geometry":{"type":"Polygon","coordinates":[[[136.20851,36.12411],[136.20895,36.12412],[136.20897,36.12348],[136.20852,36.12348],[136.20851,36.12411]]]}},{"type":"Feature","properties":{"pid":"e1c47453-2580-4d42-8d5b-dfe8f6134a27","full":11.2},"geometry":{"type":"Polygon","coordinates":[[[136.20896,36.12412],[136.20927,36.12413],[136.20928,36.12348],[136.20897,36.12348],[136.20896,36.12412]]]}},{"type":"Feature","properties":{"pid":"5da30cd6-b2fb-4155-9aaf-dca123e1166a","full":22.7},"geometry":{"type":"Polygon","coordinates":[[[136.21077,36.12352],[136.21025,36.12351],[136.21023,36.12415],[136.21075,36.12416],[136.21077,36.12352]]]}},{"type":"Feature","properties":{"pid":"9b5d3bd2-a8b3-4d3e-8d6e-6854b0e25f49","full":10.9},"geometry":{"type":"Polygon","coordinates":[[[136.20874,36.12337],[136.20904,36.12338],[136.20906,36.12269],[136.20876,36.12269],[136.20874,36.12337]]]}},{"type":"Feature","properties":{"pid":"15e8a5b4-b918-40fb-8525-85b183d0eeb9","full":14.4},"geometry":{"type":"Polygon","coordinates":[[[136.20838,36.12336],[136.20874,36.12337],[136.20876,36.12269],[136.20841,36.12268],[136.20838,36.12336]]]}},{"type":"Feature","properties":{"pid":"2daee65d-ce43-4106-9628-410077e140f2","full":18.4},"geometry":{"type":"Polygon","coordinates":[[[136.20838,36.12336],[136.2084,36.12267],[136.208,36.12267],[136.20798,36.12269],[136.20796,36.12335],[136.20838,36.12336]]]}},{"type":"Feature","properties":{"pid":"0f6f7cd4-59bb-42b4-9404-fe08b37d29c0","full":1.7},"geometry":{"type":"Polygon","coordinates":[[[136.20757,36.12267],[136.20743,36.12266],[136.20741,36.12335],[136.20753,36.12335],[136.20754,36.12334],[136.20755,36.12334],[136.20757,36.12267]]]}},{"type":"Feature","properties":{"pid":"29b3d101-4990-47ac-963b-ed088f5d461c","full":11.6},"geometry":{"type":"Polygon","coordinates":[[[136.20758,36.12335],[136.20786,36.12336],[136.20788,36.12267],[136.20757,36.12267],[136.20756,36.12334],[136.20758,36.12334],[136.20758,36.12335]]]}},{"type":"Feature","properties":{"pid":"df33b737-f2d6-477b-bdae-24fe223ad404","full":2.9},"geometry":{"type":"Polygon","coordinates":[[[136.20766,36.1238],[136.20784,36.12406],[136.20786,36.12346],[136.20767,36.12345],[136.20766,36.1238]]]}},{"type":"Feature","properties":{"pid":"3749434a-e0a3-46cf-9410-8fff9905c09c","full":4.7},"geometry":{"type":"Polygon","coordinates":[[[136.20605,36.12376],[136.20655,36.12374],[136.20655,36.12351],[136.20604,36.12356],[136.20605,36.12376]]]}},{"type":"Feature","properties":{"pid":"31332892-c7d7-4d97-a7c1-0d24e8a77796","full":2.7},"geometry":{"type":"Polygon","coordinates":[[[136.20607,36.12396],[136.20656,36.12394],[136.20655,36.12378],[136.20609,36.1238],[136.20609,36.12381],[136.20606,36.12382],[136.20607,36.12396]]]}},{"type":"Feature","properties":{"pid":"c3095d89-5070-42a7-a283-c0367d62349f","full":2.9},"geometry":{"type":"Polygon","coordinates":[[[136.20698,36.12383],[136.20697,36.12363],[136.2066,36.12366],[136.20662,36.12386],[136.20698,36.12383]]]}},{"type":"Feature","properties":{"pid":"01fe717e-3e9a-4909-9c89-2ef062cf5412","full":2.2},"geometry":{"type":"Polygon","coordinates":[[[136.20624,36.1232],[136.20603,36.12319],[136.20601,36.12348],[136.20626,36.12346],[136.20624,36.1232]]]}},{"type":"Feature","properties":{"pid":"d041f44c-2884-4506-b18e-39aef1b40444","full":10.7},"geometry":{"type":"Polygon","coordinates":[[[136.20681,36.12341],[136.20676,36.12301],[136.20632,36.12305],[136.20633,36.12319],[136.20631,36.12319],[136.20634,36.12345],[136.20681,36.12341]]]}},{"type":"Feature","properties":{"pid":"156a9cac-5b45-450d-ae26-b81f3af36dd5","full":9.1},"geometry":{"type":"Polygon","coordinates":[[[136.20645,36.12295],[136.207,36.12291],[136.20683,36.12263],[136.2064,36.12255],[136.20645,36.12295]]]}},{"type":"Feature","properties":{"pid":"3343074a-639d-4fe8-850a-13d1f2643412","full":1.3},"geometry":{"type":"Polygon","coordinates":[[[136.20639,36.12255],[136.20624,36.12251],[136.20629,36.12296],[136.20644,36.12295],[136.20639,36.12255]]]}},{"type":"Feature","properties":{"pid":"bc93a4dd-d4c4-4586-ac7e-a3882d2a76a2","full":14.9},"geometry":{"type":"Polygon","coordinates":[[[136.20642,36.12232],[136.20679,36.12242],[136.20714,36.12219],[136.20712,36.12198],[136.20639,36.12204],[136.20642,36.12232]]]}},{"type":"Feature","properties":{"pid":"359c81d5-0c21-4ea2-a456-2720d53d7c20","full":2.4},"geometry":{"type":"Polygon","coordinates":[[[136.20799,36.12159],[136.20797,36.12123],[136.20778,36.12125],[136.20781,36.12171],[136.20799,36.12159]]]}},{"type":"Feature","properties":{"pid":"6e51d81d-40ea-4395-b890-0176907bc692","full":26.0},"geometry":{"type":"Polygon","coordinates":[[[136.20774,36.12176],[136.2077,36.12125],[136.20713,36.1213],[136.20722,36.12213],[136.20774,36.12176]]]}},{"type":"Feature","properties":{"pid":"defcf2cc-fd30-4c20-98ef-d6c2b3b67be6","full":24.4},"geometry":{"type":"Polygon","coordinates":[[[136.20791,36.12185],[136.20775,36.12185],[136.20725,36.12221],[136.20724,36.12254],[136.20789,36.12255],[136.20791,36.12185]]]}},{"type":"Feature","properties":{"pid":"800930f5-125d-4070-95f1-f3cc593595cd","full":13.5},"geometry":{"type":"Polygon","coordinates":[[[136.20938,36.12189],[136.20905,36.12189],[136.20902,36.12255],[136.20905,36.12256],[136.20906,36.12257],[136.20936,36.12259],[136.20938,36.12189]]]}},{"type":"Feature","properties":{"pid":"0bbf2be8-2be3-4a28-a504-ba07fde7ec60","full":15.4},"geometry":{"type":"Polygon","coordinates":[[[136.20937,36.12258],[136.20973,36.12259],[136.20975,36.12218],[136.20976,36.1219],[136.20939,36.12189],[136.20937,36.12258]]]}},{"type":"Feature","properties":{"pid":"d4097d2c-8478-449d-9f37-c4668aba8678","full":12.4},"geometry":{"type":"Polygon","coordinates":[[[136.21013,36.12191],[136.20981,36.1219],[136.20979,36.12259],[136.2101,36.1226],[136.21013,36.12191]]]}},{"type":"Feature","properties":{"pid":"051374ff-037e-4c19-99f1-a26f5f66a42c","full":14.6},"geometry":{"type":"Polygon","coordinates":[[[136.21084,36.12193],[136.21038,36.12192],[136.21036,36.12261],[136.21044,36.12261],[136.21045,36.12243],[136.21082,36.12243],[136.21084,36.12193]]]}},{"type":"Feature","properties":{"pid":"e8d0a178-fe3a-4f2a-b796-84b1fa120792","full":20.2},"geometry":{"type":"Polygon","coordinates":[[[136.20931,36.12186],[136.20975,36.12186],[136.20974,36.12184],[136.20977,36.12184],[136.20978,36.12118],[136.20933,36.12118],[136.20931,36.12186]]]}},{"type":"Feature","properties":{"pid":"0ad5425a-bf7f-4074-8546-467a4a9d1088","full":9.7},"geometry":{"type":"Polygon","coordinates":[[[136.21009,36.12188],[136.2101,36.12119],[136.20983,36.12119],[136.20981,36.12187],[136.21009,36.12188]]]}},{"type":"Feature","properties":{"pid":"1b78fb9c-cdf9-4a04-80ef-c9c3479f0b66","full":20.4},"geometry":{"type":"Polygon","coordinates":[[[136.21009,36.12187],[136.21054,36.12188],[136.21057,36.12122],[136.21055,36.12122],[136.21055,36.1212],[136.21011,36.12119],[136.21009,36.12187]]]}},{"type":"Feature","properties":{"pid":"1abe6d91-7a43-4fd9-becb-8eed235eb93d","full":17.5},"geometry":{"type":"Polygon","coordinates":[[[136.20984,36.12113],[136.21031,36.12114],[136.21032,36.12056],[136.20986,36.12054],[136.20984,36.12113]]]}},{"type":"Feature","properties":{"pid":"aaaedc3d-9a85-414c-9609-e34a6b9305b3","full":11.3},"geometry":{"type":"Polygon","coordinates":[[[136.20948,36.12113],[136.2098,36.12113],[136.20982,36.12054],[136.20965,36.12054],[136.20946,36.12066],[136.20945,36.12112],[136.20948,36.12111],[136.20948,36.12113]]]}},{"type":"Feature","properties":{"pid":"2e513633-da6f-472d-8344-455af903f586","full":6.5},"geometry":{"type":"Polygon","coordinates":[[[136.20945,36.12067],[136.20883,36.1211],[136.20884,36.12111],[136.20944,36.12112],[136.20945,36.12067]]]}},{"type":"Feature","properties":{"pid":"968b91ea-4f79-45db-991d-09423fe19b5c","full":21.9},"geometry":{"type":"Polygon","coordinates":[[[136.20883,36.12185],[136.2093,36.12185],[136.20933,36.1212],[136.20931,36.1212],[136.20931,36.12118],[136.20884,36.12117],[136.20883,36.12185]]]}},{"type":"Feature","properties":{"pid":"0869d9fa-82d9-4eb6-905b-7f8f3c6100c8","full":21.1},"geometry":{"type":"Polygon","coordinates":[[[136.20883,36.12116],[136.20877,36.12117],[136.208,36.12173],[136.20801,36.12183],[136.20881,36.12185],[136.20883,36.12116]]]}},{"type":"Feature","properties":{"pid":"caa3275c-cfa7-4edb-a4f0-e64bae74e0c6","full":10.0},"geometry":{"type":"Polygon","coordinates":[[[136.20857,36.12111],[136.20856,36.1211],[136.2086,36.12109],[136.20856,36.12088],[136.20777,36.12094],[136.20777,36.12117],[136.20857,36.12111]]]}},{"type":"Feature","properties":{"pid":"4a8800dc-e850-4b03-96a9-e55e7791004d","full":7.2},"geometry":{"type":"Polygon","coordinates":[[[136.20938,36.11999],[136.20894,36.12002],[136.20898,36.12031],[136.209,36.12031],[136.20901,36.12033],[136.20942,36.12029],[136.20938,36.11999]]]}},{"type":"Feature","properties":{"pid":"7f6452af-5455-47a4-99cd-2b30314f08db","full":25.7},"geometry":{"type":"Polygon","coordinates":[[[136.20945,36.12058],[136.20942,36.12036],[136.20859,36.12043],[136.20868,36.12112],[136.20945,36.12058]]]}},{"type":"Feature","properties":{"pid":"095f53a8-cf7d-4212-9af7-96774b62224f","full":6.2},"geometry":{"type":"Polygon","coordinates":[[[136.20962,36.12049],[136.21034,36.12052],[136.21031,36.12029],[136.2095,36.12035],[136.20951,36.12055],[136.20962,36.12049]]]}},{"type":"Feature","properties":{"pid":"256b9b98-b54d-4bbc-9c4b-8cc4f6c5ccb4","full":16.8},"geometry":{"type":"Polygon","coordinates":[[[136.21031,36.12023],[136.21027,36.11991],[136.20944,36.11998],[136.20947,36.12028],[136.20948,36.12028],[136.20948,36.1203],[136.21031,36.12023]]]}},{"type":"Feature","properties":{"pid":"5c86f9b7-1236-45f3-911b-bdaff7b331d5","full":15.6},"geometry":{"type":"Polygon","coordinates":[[[136.20965,36.11961],[136.20942,36.11961],[136.2094,36.11962],[136.20943,36.11996],[136.21027,36.11989],[136.21024,36.11965],[136.20965,36.11961]]]}},{"type":"Feature","properties":{"pid":"3ec95287-538d-42e6-a3e2-5caca246e6b7","full":63.0},"geometry":{"type":"Polygon","coordinates":[[[136.21023,36.11957],[136.21009,36.11846],[136.21007,36.11845],[136.20928,36.1185],[136.20928,36.11852],[136.20926,36.11853],[136.20939,36.11953],[136.20967,36.11954],[136.20967,36.1194],[136.21006,36.11937],[136.21008,36.11958],[136.21021,36.11959],[136.21023,36.11957]]]}},{"type":"Feature","properties":{"pid":"5a190f14-7e8b-4b5d-a364-73e9e167246f","full":4.2},"geometry":{"type":"Polygon","coordinates":[[[136.20862,36.11924],[136.20865,36.11953],[136.20896,36.11954],[136.20891,36.11922],[136.20862,36.11924]]]}},{"type":"Feature","properties":{"pid":"ba834115-f371-4a1f-bacf-38209bca3bcb","full":18.5},"geometry":{"type":"Polygon","coordinates":[[[136.20921,36.1196],[136.2085,36.1196],[136.20855,36.12003],[136.20926,36.11997],[136.20921,36.1196]]]}},{"type":"Feature","properties":{"pid":"2337303e-5732-41bb-8358-f18ab52797d4","full":10.9},"geometry":{"type":"Polygon","coordinates":[[[136.20695,36.11938],[136.20726,36.1194],[136.20738,36.11909],[136.20662,36.11915],[136.20665,36.11944],[136.20694,36.11943],[136.20695,36.11938]]]}},{"type":"Feature","properties":{"pid":"cd526d42-4bf8-4266-96b9-8f431f536cd3","full":0.9},"geometry":{"type":"Polygon","coordinates":[[[136.20479,36.11935],[136.20476,36.11918],[136.20452,36.11923],[136.20456,36.11938],[136.20479,36.11935]]]}},{"type":"Feature","properties":{"pid":"9c36d476-63c0-45bd-af95-b0b8f69dee23","full":3.2},"geometry":{"type":"Polygon","coordinates":[[[136.20474,36.11911],[136.20473,36.11897],[136.20427,36.11897],[136.20428,36.1192],[136.20474,36.11911]]]}},{"type":"Feature","properties":{"pid":"0a73002d-7d56-4837-8f48-438f715264c1","full":15.5},"geometry":{"type":"Polygon","coordinates":[[[136.20398,36.11906],[136.20388,36.11902],[136.20338,36.11904],[136.20349,36.11944],[136.20405,36.1194],[136.20408,36.11936],[136.20407,36.11923],[136.20405,36.11914],[136.20398,36.11906]]]}},{"type":"Feature","properties":{"pid":"f5d35a35-0f70-44dc-9b64-957dd653d23c","full":0.6},"geometry":{"type":"Polygon","coordinates":[[[136.20354,36.11983],[136.2035,36.11971],[136.20322,36.11977],[136.20322,36.11979],[136.20308,36.11983],[136.2031,36.11988],[136.20313,36.11988],[136.20314,36.1199],[136.20354,36.11983]]]}},{"type":"Feature","properties":{"pid":"ef1ff284-0673-4783-b718-0ab83485f96c","full":14.8},"geometry":{"type":"Polygon","coordinates":[[[136.20405,36.11965],[136.20407,36.11948],[136.20351,36.11952],[136.20365,36.12002],[136.20411,36.11992],[136.20407,36.11981],[136.20405,36.11965]]]}},{"type":"Feature","properties":{"pid":"f3b74697-9e50-41d9-b88e-c0b3378b3a0e","full":14.0},"geometry":{"type":"Polygon","coordinates":[[[136.20363,36.12093],[136.20367,36.12088],[136.2037,36.12079],[136.20372,36.12066],[136.2037,36.12049],[136.20368,36.12048],[136.20308,36.1206],[136.20315,36.12094],[136.20333,36.12092],[136.20347,36.12091],[136.20357,36.12092],[136.20363,36.12093]]]}},{"type":"Feature","properties":{"pid":"81a5c32e-d5d8-40a3-a272-dbcb44c6d749","full":13.6},"geometry":{"type":"Polygon","coordinates":[[[136.2037,36.12096],[136.20384,36.12099],[136.20465,36.12075],[136.2045,36.12055],[136.20425,36.12063],[136.20422,36.12057],[136.20414,36.12059],[136.20413,36.12057],[136.20378,36.12067],[136.20378,36.12076],[136.20376,36.12087],[136.2037,36.12096]]]}},{"type":"Feature","properties":{"pid":"6b33fa4e-5d53-4d44-b30e-965219f09d6b","full":14.1},"geometry":{"type":"Polygon","coordinates":[[[136.20384,36.121],[136.20394,36.12104],[136.20418,36.12123],[136.20478,36.12105],[136.20473,36.12086],[136.20466,36.12075],[136.20384,36.121]]]}},{"type":"Feature","properties":{"pid":"d1e6bfc2-c052-459c-adac-0a1cc9bc1f24","full":3.8},"geometry":{"type":"Polygon","coordinates":[[[136.20476,36.12155],[136.20484,36.12135],[136.20481,36.12122],[136.20436,36.12137],[136.20454,36.12149],[136.20468,36.12156],[136.20474,36.12157],[136.20476,36.12155]]]}},{"type":"Feature","properties":{"pid":"d57e0b08-c993-43fa-836f-72ca8d885b7b","full":13.7},"geometry":{"type":"Polygon","coordinates":[[[136.20525,36.12136],[136.2053,36.12193],[136.20569,36.12204],[136.2056,36.12134],[136.20525,36.12136]]]}},{"type":"Feature","properties":{"pid":"41ef065f-eebf-4efa-b5f2-845c89c67323","full":0.7},"geometry":{"type":"Polygon","coordinates":[[[136.20508,36.12155],[136.2051,36.12183],[136.20525,36.12189],[136.20523,36.12155],[136.20508,36.12155]]]}},{"type":"Feature","properties":{"pid":"203b16f8-0d32-4a73-9842-dc02c236f2a3","full":4.9},"geometry":{"type":"Polygon","coordinates":[[[136.20455,36.12242],[136.20479,36.12247],[136.20482,36.12237],[136.20499,36.1224],[136.20499,36.1222],[136.20465,36.1221],[136.20455,36.12242]]]}},{"type":"Feature","properties":{"pid":"396e5c20-9964-4a56-9edb-334776752d59","full":20.5},"geometry":{"type":"Polygon","coordinates":[[[136.20397,36.12224],[136.20397,36.12222],[136.20449,36.12228],[136.20457,36.12207],[136.20375,36.12182],[136.20363,36.12179],[136.20357,36.12178],[136.2035,36.12218],[136.20397,36.12224]]]}},{"type":"Feature","properties":{"pid":"92621409-db9a-44ef-80de-cbfbf76e02d1","full":8.7},"geometry":{"type":"Polygon","coordinates":[[[136.2035,36.12225],[136.20344,36.12257],[136.20346,36.12258],[136.20392,36.12262],[136.20395,36.12242],[136.20396,36.1223],[136.2035,36.12225]]]}},{"type":"Feature","properties":{"pid":"050cc3f6-b83c-4cb7-ae7a-522284a2c1d3","full":13.4},"geometry":{"type":"Polygon","coordinates":[[[136.20338,36.1222],[136.20285,36.1222],[136.20279,36.12258],[136.20337,36.12258],[136.20343,36.12221],[136.20338,36.1222]]]}},{"type":"Feature","properties":{"pid":"9ad1fd92-12c8-453f-9cdc-327ada092065","full":14.4},"geometry":{"type":"Polygon","coordinates":[[[136.20349,36.12177],[136.20292,36.12177],[136.20286,36.12217],[136.20344,36.12216],[136.20349,36.12183],[136.20349,36.12177]]]}},{"type":"Feature","properties":{"pid":"631f35df-d9ae-4c85-b591-bb0d72fd064c","full":7.4},"geometry":{"type":"Polygon","coordinates":[[[136.20279,36.12223],[136.20253,36.12223],[136.20236,36.12233],[136.20235,36.12259],[136.20274,36.12259],[136.20279,36.12223]]]}},{"type":"Feature","properties":{"pid":"7b5277e8-fb6d-46fe-8ed0-4b7c2fa53c64","full":10.5},"geometry":{"type":"Polygon","coordinates":[[[136.20298,36.12053],[136.2028,36.12019],[136.20271,36.12022],[136.2026,36.12001],[136.20233,36.1201],[136.20259,36.12057],[136.20298,36.12053]]]}},{"type":"Feature","properties":{"pid":"5affeb07-edab-4afb-a357-27eb087e0e82","full":0.6},"geometry":{"type":"Polygon","coordinates":[[[136.2025,36.12001],[136.20243,36.11987],[136.20225,36.11994],[136.20232,36.12008],[136.2025,36.12001]]]}},{"type":"Feature","properties":{"pid":"5d00722f-7e9f-4cc4-aea1-d4e561901790","full":6.0},"geometry":{"type":"Polygon","coordinates":[[[136.2024,36.12035],[136.20212,36.11985],[136.20191,36.11996],[136.20199,36.12009],[136.20202,36.1201],[136.20205,36.12021],[136.20207,36.12032],[136.20202,36.12042],[136.20203,36.12043],[136.2024,36.12035]]]}},{"type":"Feature","properties":{"pid":"a589eb04-8622-4f88-ae89-4bd77ae35e3f","full":12.3},"geometry":{"type":"Polygon","coordinates":[[[136.20193,36.11949],[136.20192,36.11938],[136.20147,36.11941],[136.20176,36.11996],[136.20179,36.11997],[136.2021,36.1198],[136.20193,36.11949]]]}},{"type":"Feature","properties":{"pid":"8d2eaf2b-dc04-4447-8f85-b0ab0b951af8","full":13.3},"geometry":{"type":"Polygon","coordinates":[[[136.20118,36.11971],[136.20141,36.1196],[136.20133,36.11946],[136.20133,36.11945],[136.20139,36.11937],[136.20128,36.11918],[136.20095,36.11921],[136.20079,36.11949],[136.20118,36.11971]]]}},{"type":"Feature","properties":{"pid":"b323f2e5-1cc2-4dcc-aec8-2d8f64784816","full":3.9},"geometry":{"type":"Polygon","coordinates":[[[136.20191,36.11934],[136.20189,36.11915],[136.20136,36.11918],[136.20147,36.11937],[136.20191,36.11934]]]}},{"type":"Feature","properties":{"pid":"3c3840d5-e491-4e7b-9532-1b690d853de5","full":51.9},"geometry":{"type":"Polygon","coordinates":[[[136.20054,36.11386],[136.20089,36.11381],[136.2009,36.11369],[136.20091,36.11368],[136.20104,36.1137],[136.20068,36.1129],[136.19978,36.11317],[136.20002,36.11369],[136.20041,36.11357],[136.20054,36.11386]]]}},{"type":"Feature","properties":{"pid":"dd9532fb-9d5f-4c74-889c-023dd1fbeabf","full":15.1},"geometry":{"type":"Polygon","coordinates":[[[136.20161,36.11837],[136.20123,36.11878],[136.20124,36.1188],[136.20179,36.11883],[136.20188,36.11859],[136.20206,36.11863],[136.20212,36.11845],[136.20181,36.11832],[136.20161,36.11837]]]}},{"type":"Feature","properties":{"pid":"bb86eb0c-70ac-44c8-9b86-3b2a08796843","full":13.1},"geometry":{"type":"Polygon","coordinates":[[[136.20101,36.11911],[136.20102,36.11914],[136.20188,36.11907],[136.20189,36.11906],[136.20191,36.11903],[136.20198,36.11885],[136.20126,36.11881],[136.20124,36.11884],[136.20119,36.11884],[136.20101,36.11911]]]}},{"type":"Feature","properties":{"pid":"75dcf2ca-eafd-42dd-9044-bcb63671843a","full":3.1},"geometry":{"type":"Polygon","coordinates":[[[136.20319,36.11837],[136.20318,36.11815],[136.20276,36.11816],[136.2029,36.11838],[136.20319,36.11837]]]}},{"type":"Feature","properties":{"pid":"264ebeeb-ed0c-4485-9480-50fb560f3042","full":7.3},"geometry":{"type":"Polygon","coordinates":[[[136.20317,36.11809],[136.20315,36.11782],[136.20261,36.11784],[136.20262,36.11794],[136.20267,36.11801],[136.2027,36.11801],[136.20276,36.11812],[136.20317,36.11809]]]}},{"type":"Feature","properties":{"pid":"80dccf65-514b-4c57-b8dd-9f153306541b","full":1.7},"geometry":{"type":"Polygon","coordinates":[[[136.20314,36.11775],[136.20313,36.11759],[136.20279,36.1176],[136.2028,36.11777],[136.20314,36.11775]]]}},{"type":"Feature","properties":{"pid":"e1657a48-fa0e-4409-8c8b-00a1c867aae2","full":2.7},"geometry":{"type":"Polygon","coordinates":[[[136.20313,36.11742],[136.20311,36.11727],[136.20257,36.1173],[136.20252,36.11736],[136.20252,36.11745],[136.20313,36.11742]]]}},{"type":"Feature","properties":{"pid":"8c33b51f-079a-4c75-bd96-17fbb4046a36","full":14.8},"geometry":{"type":"Polygon","coordinates":[[[136.20106,36.11704],[136.20122,36.11711],[136.20125,36.11709],[136.2012,36.11677],[136.20049,36.11682],[136.20054,36.11731],[136.20079,36.11729],[136.20076,36.11709],[136.20105,36.11706],[136.20106,36.11704]]]}},{"type":"Feature","properties":{"pid":"a8e789a3-7e3e-493c-841d-c719dc8ea2dc","full":39.3},"geometry":{"type":"Polygon","coordinates":[[[136.20124,36.1167],[136.20115,36.11603],[136.20038,36.11609],[136.20046,36.11677],[136.20124,36.1167]]]}},{"type":"Feature","properties":{"pid":"7fdf3d0a-76cb-49c7-98b9-57d41a737fff","full":98.4},"geometry":{"type":"Polygon","coordinates":[[[136.20223,36.11588],[136.20215,36.11523],[136.20029,36.11539],[136.20037,36.11604],[136.20223,36.11588]]]}},{"type":"Feature","properties":{"pid":"da7819de-f43d-4f66-8aac-1210f29cd072","full":30.6},"geometry":{"type":"Polygon","coordinates":[[[136.20223,36.11626],[136.20222,36.11594],[136.20122,36.11602],[136.20125,36.1163],[136.20159,36.11633],[136.20178,36.11648],[136.20231,36.1165],[136.20223,36.11626]]]}},{"type":"Feature","properties":{"pid":"165d992b-f8bd-4c5c-8252-533f7b863a93","full":5.5},"geometry":{"type":"Polygon","coordinates":[[[136.20311,36.11722],[136.20308,36.11672],[136.2026,36.11724],[136.20311,36.11722]]]}},{"type":"Feature","properties":{"pid":"14c78a72-04e2-47f3-91e9-cce91be26a2a","full":20.2},"geometry":{"type":"Polygon","coordinates":[[[136.20319,36.11722],[136.2037,36.11719],[136.20366,36.11661],[136.20324,36.11662],[136.20314,36.11674],[136.20319,36.11722]]]}},{"type":"Feature","properties":{"pid":"e49f3504-4b79-4f6f-902a-b3104a34a9d4","full":2.9},"geometry":{"type":"Polygon","coordinates":[[[136.20509,36.11712],[136.20501,36.11652],[136.20485,36.11653],[136.20492,36.11713],[136.20509,36.11712]]]}},{"type":"Feature","properties":{"pid":"489e0ec2-5c0c-4547-b262-f3e0786ecc75","full":14.2},"geometry":{"type":"Polygon","coordinates":[[[136.20555,36.11747],[136.20553,36.11716],[136.20479,36.11721],[136.20481,36.11753],[136.20555,36.11747]]]}},{"type":"Feature","properties":{"pid":"cb266bdf-f51d-4d60-a657-e69e8b8c1ba9","full":17.8},"geometry":{"type":"Polygon","coordinates":[[[136.20561,36.11788],[136.20557,36.11752],[136.20481,36.11758],[136.20482,36.11771],[136.20484,36.11772],[136.20484,36.11792],[136.20487,36.11792],[136.20487,36.11795],[136.20561,36.11788]]]}},{"type":"Feature","properties":{"pid":"1a8b0c5f-8ec7-4092-9749-284a8b000c92","full":5.0},"geometry":{"type":"Polygon","coordinates":[[[136.2032,36.11755],[136.20338,36.11755],[136.20338,36.11749],[136.20348,36.11741],[136.20371,36.11738],[136.2037,36.11722],[136.20318,36.11725],[136.2032,36.11755]]]}},{"type":"Feature","properties":{"pid":"855e9394-a153-4f90-808e-c7dcad543def","full":170.3},"geometry":{"type":"Polygon","coordinates":[[[136.20461,36.11655],[136.20374,36.11662],[136.2039,36.11892],[136.20396,36.11896],[136.20475,36.11893],[136.20461,36.11655]]]}},{"type":"Feature","properties":{"pid":"9aad7056-a358-465e-b285-8c850a0daba4","full":42.2},"geometry":{"type":"Polygon","coordinates":[[[136.20338,36.11898],[136.20377,36.11896],[136.20377,36.11892],[136.20383,36.11891],[136.20375,36.11776],[136.20322,36.11779],[136.20327,36.11845],[136.20338,36.11871],[136.20338,36.11898]]]}},{"type":"Feature","properties":{"pid":"9c511440-c757-4336-84dc-e1aa9bc32e1f","full":20.8},"geometry":{"type":"Polygon","coordinates":[[[136.20525,36.11823],[136.20538,36.11825],[136.20554,36.11832],[136.20567,36.11835],[136.20562,36.11793],[136.20484,36.11799],[136.20487,36.11856],[136.20532,36.11853],[136.20532,36.1185],[136.20514,36.11845],[136.20525,36.11823]]]}},{"type":"Feature","properties":{"pid":"2efa039e-4651-4ffd-b202-3604660dda91","full":7.6},"geometry":{"type":"Polygon","coordinates":[[[136.20569,36.11876],[136.20566,36.11855],[136.20487,36.11861],[136.20489,36.11881],[136.20569,36.11876]]]}},{"type":"Feature","properties":{"pid":"fb956ec9-ffef-43d3-87ce-ce3e2dd43bb5","full":5.9},"geometry":{"type":"Polygon","coordinates":[[[136.20644,36.11866],[136.20641,36.11846],[136.20574,36.11851],[136.20576,36.1187],[136.20644,36.11866]]]}},{"type":"Feature","properties":{"pid":"8a3268db-e5e8-4567-bdd9-c15fe47fa6f5","full":3.9},"geometry":{"type":"Polygon","coordinates":[[[136.20645,36.119],[136.20644,36.11898],[136.20648,36.11897],[136.20646,36.11884],[136.20579,36.1189],[136.2058,36.11903],[136.20583,36.11905],[136.20645,36.119]]]}},{"type":"Feature","properties":{"pid":"feb5f290-fe86-4b2f-9aa8-c143e286f64b","full":10.2},"geometry":{"type":"Polygon","coordinates":[[[136.20613,36.11749],[136.20608,36.11711],[136.20557,36.11715],[136.20562,36.11747],[136.20613,36.11749]]]}},{"type":"Feature","properties":{"pid":"4abeece0-89fa-47d1-a1cd-703b827cacaf","full":47.4},"geometry":{"type":"Polygon","coordinates":[[[136.20729,36.11778],[136.20718,36.11678],[136.20636,36.11685],[136.20643,36.11748],[136.20691,36.11744],[136.20696,36.11781],[136.20729,36.11778]]]}},{"type":"Feature","properties":{"pid":"703fd438-5eda-4a31-a31f-cbc68c45f4a3","full":14.2},"geometry":{"type":"Polygon","coordinates":[[[136.20818,36.11772],[136.20815,36.11744],[136.20732,36.1175],[136.20736,36.11779],[136.20818,36.11772]]]}},{"type":"Feature","properties":{"pid":"e6c35dea-ec61-4b9d-ba8c-7502c46fad43","full":10.7},"geometry":{"type":"Polygon","coordinates":[[[136.20815,36.11743],[136.20812,36.11719],[136.2073,36.11725],[136.20732,36.11749],[136.20815,36.11743]]]}},{"type":"Feature","properties":{"pid":"d34de156-1c36-4af2-9a5a-2974dbfef599","full":10.1},"geometry":{"type":"Polygon","coordinates":[[[136.2082,36.11796],[136.20818,36.11773],[136.20736,36.11779],[136.20739,36.11803],[136.2082,36.11796]]]}},{"type":"Feature","properties":{"pid":"2a62a0dc-77f1-4a47-a639-b6f52eb94860","full":22.0},"geometry":{"type":"Polygon","coordinates":[[[136.20825,36.11837],[136.20821,36.11797],[136.20739,36.11804],[136.20743,36.11844],[136.20825,36.11837]]]}},{"type":"Feature","properties":{"pid":"55495c99-7a46-4b0c-b794-ed27d9176a10","full":2.9},"geometry":{"type":"Polygon","coordinates":[[[136.20827,36.11848],[136.20826,36.11838],[136.20744,36.11845],[136.20745,36.11857],[136.20825,36.11851],[136.20827,36.11848]]]}},{"type":"Feature","properties":{"pid":"a214620f-74aa-44cd-b146-378b8c787e88","full":48.2},"geometry":{"type":"Polygon","coordinates":[[[136.20739,36.11858],[136.20729,36.11779],[136.20648,36.11786],[136.20655,36.1185],[136.20663,36.11849],[136.20665,36.11861],[136.20668,36.11861],[136.20669,36.11863],[136.20739,36.11858]]]}},{"type":"Feature","properties":{"pid":"fb5f936c-3a76-4ccc-8381-4ffaca34476f","full":21.8},"geometry":{"type":"Polygon","coordinates":[[[136.20734,36.11867],[136.20732,36.11866],[136.20661,36.11872],[136.20658,36.11875],[136.20662,36.11915],[136.20739,36.11909],[136.20734,36.11867]]]}},{"type":"Feature","properties":{"pid":"6f519676-d09c-434e-bf0a-beea8bd84bd9","full":29.5},"geometry":{"type":"Polygon","coordinates":[[[136.20772,36.11909],[136.2075,36.11911],[136.20752,36.11928],[136.20753,36.11928],[136.20836,36.11922],[136.20829,36.11862],[136.20827,36.1186],[136.20767,36.11864],[136.20772,36.11909]]]}},{"type":"Feature","properties":{"pid":"a949596b-f2ec-4a49-8bbd-604ed34bf551","full":39.3},"geometry":{"type":"Polygon","coordinates":[[[136.20928,36.11914],[136.2092,36.11851],[136.2084,36.11858],[136.20838,36.1186],[136.20845,36.11921],[136.20928,36.11914]]]}},{"type":"Feature","properties":{"pid":"aaa09ae5-f6f1-40ec-860d-39305bb10ad7","full":19.1},"geometry":{"type":"Polygon","coordinates":[[[136.2111,36.11909],[136.21106,36.11874],[136.21022,36.1188],[136.21027,36.11914],[136.21028,36.11914],[136.21029,36.11915],[136.2111,36.11909]]]}},{"type":"Feature","properties":{"pid":"7aeafe6b-17ab-4fa4-9f76-a75dadf0104d","full":19.1},"geometry":{"type":"Polygon","coordinates":[[[136.21106,36.11873],[136.21101,36.11838],[136.21022,36.11844],[136.21019,36.11845],[136.21019,36.11847],[136.21022,36.11879],[136.21106,36.11873]]]}},{"type":"Feature","properties":{"pid":"74c2991f-cd00-4249-ac7b-344f09027998","full":14.7},"geometry":{"type":"Polygon","coordinates":[[[136.21005,36.11838],[136.21008,36.11834],[136.21005,36.11808],[136.20922,36.11814],[136.20927,36.11843],[136.21005,36.11838]]]}},{"type":"Feature","properties":{"pid":"73a09404-58c4-49e2-b40a-b9c08de3785c","full":24.1},"geometry":{"type":"Polygon","coordinates":[[[136.21005,36.11807],[136.21,36.11765],[136.20917,36.11772],[136.20922,36.11814],[136.21005,36.11807]]]}},{"type":"Feature","properties":{"pid":"1555ad1d-3e29-40b0-8b55-931a57a863be","full":120.7},"geometry":{"type":"Polygon","coordinates":[[[136.20998,36.11657],[136.21017,36.11829],[136.21026,36.11834],[136.211,36.11828],[136.2108,36.1165],[136.20998,36.11657]]]}},{"type":"Feature","properties":{"pid":"bf0b7556-732c-4296-b91e-53dd66afe7f5","full":18.7},"geometry":{"type":"Polygon","coordinates":[[[136.21,36.11764],[136.20996,36.11729],[136.20913,36.11736],[136.20917,36.11771],[136.21,36.11764]]]}},{"type":"Feature","properties":{"pid":"16eabf7b-e160-4976-af3e-3fbe8238b1d8","full":121.1},"geometry":{"type":"Polygon","coordinates":[[[136.20898,36.11664],[136.20821,36.1167],[136.20817,36.11674],[136.20837,36.11849],[136.20919,36.11842],[136.20898,36.11664]]]}},{"type":"Feature","properties":{"pid":"4b583bfa-b73e-4993-9a0e-470ee7818d80","full":44.6},"geometry":{"type":"Polygon","coordinates":[[[136.20996,36.11729],[136.20987,36.11658],[136.20904,36.11664],[136.20913,36.11735],[136.20996,36.11729]]]}},{"type":"Feature","properties":{"pid":"4677e7c2-ce7f-4946-a0f4-bf0f045fec90","full":120.8},"geometry":{"type":"Polygon","coordinates":[[[136.21078,36.11644],[136.21057,36.11465],[136.20979,36.11472],[136.20976,36.11476],[136.20997,36.1165],[136.21078,36.11644]]]}},{"type":"Feature","properties":{"pid":"d6875808-eca1-430c-9840-fff0e72f43b7","full":120.6},"geometry":{"type":"Polygon","coordinates":[[[136.20904,36.11657],[136.20986,36.1165],[136.20965,36.11473],[136.20884,36.11479],[136.20904,36.11657]]]}},{"type":"Feature","properties":{"pid":"420d1a68-a1cc-4297-8d7e-7451bb0b9b7b","full":119.7},"geometry":{"type":"Polygon","coordinates":[[[136.20816,36.11664],[136.20897,36.11657],[136.20877,36.1148],[136.20795,36.11486],[136.20816,36.11664]]]}},{"type":"Feature","properties":{"pid":"66d5cd64-7c1e-4eab-9bb3-0035f6222d72","full":120.2},"geometry":{"type":"Polygon","coordinates":[[[136.20722,36.11672],[136.20805,36.11665],[136.20784,36.11487],[136.20703,36.11493],[136.20722,36.11672]]]}},{"type":"Feature","properties":{"pid":"03b1922c-c57a-4f6b-ab1f-34ffbdd38cd7","full":27.1},"geometry":{"type":"Polygon","coordinates":[[[136.20812,36.11717],[136.20807,36.11671],[136.20724,36.11678],[136.20729,36.11725],[136.20812,36.11717]]]}},{"type":"Feature","properties":{"pid":"83e400f2-dbc0-4bb5-8451-f58ebbfbe908","full":113.9},"geometry":{"type":"Polygon","coordinates":[[[136.20635,36.11679],[136.20717,36.11673],[136.20697,36.11505],[136.20614,36.11511],[136.20635,36.11679]]]}},{"type":"Feature","properties":{"pid":"8a8224c6-0a4f-4eaa-8e10-188b0f9cd4e0","full":47.7},"geometry":{"type":"Polygon","coordinates":[[[136.20923,36.11302],[136.20755,36.11274],[136.20752,36.11276],[136.20738,36.11334],[136.2092,36.11317],[136.20923,36.11302]]]}},{"type":"Feature","properties":{"pid":"c506afbf-36b1-4b65-82d5-188fa195d1be","full":30.0},"geometry":{"type":"Polygon","coordinates":[[[136.21005,36.11244],[136.20951,36.11235],[136.2093,36.11318],[136.20989,36.11313],[136.21005,36.11244]]]}},{"type":"Feature","properties":{"pid":"20f87bfd-a59a-4454-8919-1c85abd48056","full":21.2},"geometry":{"type":"Polygon","coordinates":[[[136.21056,36.11252],[136.21006,36.11244],[136.2099,36.11313],[136.21042,36.11309],[136.21056,36.11252]]]}},{"type":"Feature","properties":{"pid":"acbefb76-6402-4fc1-93d0-3d87ce71c3b0","full":23.4},"geometry":{"type":"Polygon","coordinates":[[[136.21068,36.11157],[136.21029,36.11151],[136.21007,36.11239],[136.21047,36.11245],[136.21068,36.11157]]]}},{"type":"Feature","properties":{"pid":"60e17fa3-657c-4c22-9f19-a44ecdad9050","full":24.7},"geometry":{"type":"Polygon","coordinates":[[[136.20939,36.11234],[136.20885,36.11225],[136.20869,36.11288],[136.20924,36.11297],[136.20939,36.11234]]]}},{"type":"Feature","properties":{"pid":"2389fdb1-ab1e-4d55-bbb0-b641f16bcaa3","full":15.7},"geometry":{"type":"Polygon","coordinates":[[[136.20884,36.11225],[136.20845,36.11218],[136.20829,36.11281],[136.20868,36.11288],[136.20884,36.11225]]]}},{"type":"Feature","properties":{"pid":"b0c28484-f3a1-446a-944d-65f4f5535fa0","full":19.1},"geometry":{"type":"Polygon","coordinates":[[[136.20762,36.11204],[136.20736,36.112],[136.20683,36.11257],[136.20747,36.11268],[136.20762,36.11204]]]}},{"type":"Feature","properties":{"pid":"72aab463-a256-4100-9a03-59055c5a99d3","full":36.1},"geometry":{"type":"Polygon","coordinates":[[[136.20829,36.11281],[136.20844,36.11218],[136.2077,36.11205],[136.20754,36.11269],[136.20829,36.11281]]]}},{"type":"Feature","properties":{"pid":"67c0f9fe-5cf5-4d44-8fec-89d8467b365d","full":40.4},"geometry":{"type":"Polygon","coordinates":[[[136.20624,36.11276],[136.20627,36.11274],[136.20622,36.11199],[136.20548,36.11213],[136.20553,36.1128],[136.20556,36.1128],[136.20556,36.11281],[136.20624,36.11276]]]}},{"type":"Feature","properties":{"pid":"288bb8b3-3158-4cd9-93e3-563648a87ca5","full":5.8},"geometry":{"type":"Polygon","coordinates":[[[136.20655,36.11223],[136.20693,36.11222],[136.20712,36.11196],[136.20653,36.11198],[136.20655,36.11223]]]}},{"type":"Feature","properties":{"pid":"18e42221-1b81-4829-8a0c-3227d37da8c2","full":21.6},"geometry":{"type":"Polygon","coordinates":[[[136.20553,36.11281],[136.20547,36.11213],[136.20499,36.11221],[136.20504,36.11285],[136.20553,36.11281]]]}},{"type":"Feature","properties":{"pid":"24a165e4-7278-4dd1-bb13-58addccbc20f","full":19.9},"geometry":{"type":"Polygon","coordinates":[[[136.20503,36.11285],[136.20498,36.11222],[136.20452,36.1123],[136.20452,36.11231],[136.2045,36.11232],[136.20453,36.11289],[136.20503,36.11285]]]}},{"type":"Feature","properties":{"pid":"66eae5bb-e343-4afc-a6de-32abec18c02d","full":30.9},"geometry":{"type":"Polygon","coordinates":[[[136.20522,36.11358],[136.20518,36.11289],[136.20452,36.11294],[136.2045,36.11296],[136.20454,36.11351],[136.20522,36.11358]]]}},{"type":"Feature","properties":{"pid":"676682ce-67bd-4fbc-821c-42fd9e9a61a0","full":10.2},"geometry":{"type":"Polygon","coordinates":[[[136.2055,36.11363],[136.20547,36.11287],[136.20519,36.11289],[136.20523,36.11358],[136.2055,36.11363]]]}},{"type":"Feature","properties":{"pid":"b4c0da76-3234-4d55-af34-cfe8e9d1081e","full":2.2},"geometry":{"type":"Polygon","coordinates":[[[136.20479,36.11465],[136.20478,36.11463],[136.2048,36.11462],[136.2046,36.11405],[136.20449,36.11407],[136.20452,36.11432],[136.20471,36.11474],[136.20479,36.11465]]]}},{"type":"Feature","properties":{"pid":"8acc5477-61ac-4097-90ff-4e4269621b31","full":228.2},"geometry":{"type":"Polygon","coordinates":[[[136.20434,36.11487],[136.20425,36.11395],[136.20395,36.11396],[136.20391,36.1136],[136.20205,36.11374],[136.2022,36.11495],[136.20434,36.11487]]]}},{"type":"Feature","properties":{"pid":"dd30a9b1-e35e-49c0-ac22-b8ba9ca264b1","full":13.2},"geometry":{"type":"Polygon","coordinates":[[[136.20321,36.11544],[136.20318,36.11514],[136.20268,36.11518],[136.20275,36.11576],[136.20321,36.11544]]]}},{"type":"Feature","properties":{"pid":"62d0d821-90b4-4ad6-bdcb-73fb6d377d10","full":1.1},"geometry":{"type":"Polygon","coordinates":[[[136.2003,36.11528],[136.20216,36.11514],[136.20214,36.11503],[136.20028,36.1152],[136.2003,36.11528]]]}},{"type":"Feature","properties":{"pid":"218aecbd-2426-4979-a7dd-643fd172acba","full":191.4},"geometry":{"type":"Polygon","coordinates":[[[136.20213,36.11496],[136.20197,36.11376],[136.20011,36.11399],[136.20025,36.11512],[136.20213,36.11496]]]}},{"type":"Feature","properties":{"pid":"04e2c4ce-f7b7-4703-82ef-90544799907d","full":45.4},"geometry":{"type":"Polygon","coordinates":[[[136.20175,36.11371],[136.2013,36.11271],[136.20074,36.11288],[136.20113,36.11378],[136.20175,36.11371]]]}},{"type":"Feature","properties":{"pid":"b6017db8-d507-47a2-9d8d-22bf9ce7e504","full":144.3},"geometry":{"type":"Polygon","coordinates":[[[136.20059,36.11286],[136.20064,36.11288],[136.20256,36.11229],[136.20237,36.1115],[136.2004,36.1121],[136.20043,36.11215],[136.20041,36.11225],[136.2003,36.11224],[136.20059,36.11286]]]}},{"type":"Feature","properties":{"pid":"7bb12262-f59e-423d-afd4-9a96c95f5c9a","full":58.9},"geometry":{"type":"Polygon","coordinates":[[[136.20203,36.11139],[136.20194,36.11081],[136.20088,36.11092],[136.20088,36.11094],[136.20085,36.11095],[136.20096,36.11168],[136.20099,36.1117],[136.20203,36.11139]]]}},{"type":"Feature","properties":{"pid":"c552edce-6a85-4d69-a7f2-cbbda19b89f9","full":39.4},"geometry":{"type":"Polygon","coordinates":[[[136.20252,36.11202],[136.20342,36.11185],[136.20326,36.11126],[136.20323,36.11125],[136.20239,36.1115],[136.20252,36.11202]]]}},{"type":"Feature","properties":{"pid":"2d5113ff-a960-4d71-a043-0f152ca21572","full":102.7},"geometry":{"type":"Polygon","coordinates":[[[136.20192,36.11011],[136.2021,36.11132],[136.20215,36.11132],[136.20215,36.11134],[136.20313,36.11104],[136.20314,36.11103],[136.20302,36.11007],[136.20298,36.11007],[136.20297,36.11001],[136.20192,36.11011]]]}},{"type":"Feature","properties":{"pid":"e3273c87-fd3b-4031-ad86-47bb0ffec03a","full":23.1},"geometry":{"type":"Polygon","coordinates":[[[136.20188,36.11044],[136.20183,36.11012],[136.20075,36.11023],[136.20074,36.11025],[136.20078,36.11055],[136.20188,36.11044]]]}},{"type":"Feature","properties":{"pid":"1e206dc3-8641-43ba-9c64-c27e990601a7","full":27.4},"geometry":{"type":"Polygon","coordinates":[[[136.20194,36.1108],[136.20188,36.11044],[136.20078,36.11055],[136.20084,36.1109],[136.20086,36.1109],[136.20087,36.11092],[136.20194,36.1108]]]}},{"type":"Feature","properties":{"pid":"c4e21b4b-7c35-479e-855d-fea378b625a0","full":34.4},"geometry":{"type":"Polygon","coordinates":[[[136.20183,36.1101],[136.20177,36.10968],[136.20066,36.10978],[136.20073,36.1102],[136.20075,36.11022],[136.20183,36.1101]]]}},{"type":"Feature","properties":{"pid":"d4c0a25d-f188-4098-960e-daa887e77f3b","full":34.5},"geometry":{"type":"Polygon","coordinates":[[[136.20177,36.10967],[136.2017,36.10922],[136.20062,36.10933],[136.2006,36.10935],[136.20064,36.10965],[136.20081,36.10967],[136.20082,36.10976],[136.20177,36.10967]]]}},{"type":"Feature","properties":{"pid":"f9c6d632-9285-4433-8e76-35929b762b4b","full":35.7},"geometry":{"type":"Polygon","coordinates":[[[136.20162,36.10872],[136.20155,36.10828],[136.20045,36.10839],[136.20051,36.10883],[136.20162,36.10872]]]}},{"type":"Feature","properties":{"pid":"0ab25094-84bd-43d8-970f-ec033bda6342","full":36.3},"geometry":{"type":"Polygon","coordinates":[[[136.20169,36.10917],[136.20162,36.10872],[136.20051,36.10884],[136.20058,36.10927],[136.20061,36.10928],[136.20169,36.10917]]]}},{"type":"Feature","properties":{"pid":"2ea9fd6c-48c0-4c83-bbea-c9d747b9b9d1","full":80.5},"geometry":{"type":"Polygon","coordinates":[[[136.20175,36.10916],[136.20281,36.10906],[136.20285,36.10903],[136.20273,36.1082],[136.20268,36.1082],[136.20268,36.10817],[136.20162,36.10827],[136.20175,36.10916]]]}},{"type":"Feature","properties":{"pid":"bb9b9d5a-9e55-4e91-9b47-b7438f3685eb","full":76.8},"geometry":{"type":"Polygon","coordinates":[[[136.20296,36.10999],[136.20295,36.10995],[136.203,36.10995],[136.20286,36.10912],[136.20184,36.10921],[136.20184,36.10924],[136.20179,36.10924],[136.20192,36.11009],[136.20296,36.10999]]]}},{"type":"Feature","properties":{"pid":"73a63eb5-b5a2-43cd-9d60-9555811e0d4e","full":68.7},"geometry":{"type":"Polygon","coordinates":[[[136.20314,36.10997],[136.20405,36.10988],[136.20399,36.10899],[136.20298,36.1091],[136.2031,36.10991],[136.20313,36.10991],[136.20314,36.10997]]]}},{"type":"Feature","properties":{"pid":"73a7cd9b-9af5-42cd-bfa3-efa50361ea46","full":78.2},"geometry":{"type":"Polygon","coordinates":[[[136.20398,36.10894],[136.20392,36.10804],[136.20282,36.10815],[136.20295,36.10902],[136.20298,36.10904],[136.20398,36.10894]]]}},{"type":"Feature","properties":{"pid":"325d7ad8-0b5e-4240-9797-b7b1930a9c2a","full":17.4},"geometry":{"type":"Polygon","coordinates":[[[136.20522,36.10899],[136.20423,36.10897],[136.20421,36.10899],[136.20423,36.10926],[136.20521,36.10928],[136.20522,36.10899]]]}},{"type":"Feature","properties":{"pid":"4f9be563-6c60-48c0-b49b-a22323d5f0a8","full":17.6},"geometry":{"type":"Polygon","coordinates":[[[136.20524,36.10834],[136.20417,36.10833],[136.20419,36.10861],[136.20523,36.10862],[136.20524,36.10834]]]}},{"type":"Feature","properties":{"pid":"bc7b5145-dee5-40d8-9c43-65d3e3ede887","full":19.7},"geometry":{"type":"Polygon","coordinates":[[[136.20523,36.10863],[136.20419,36.10861],[136.20421,36.10891],[136.20522,36.10894],[136.20523,36.10863]]]}},{"type":"Feature","properties":{"pid":"86ba44eb-43e4-4922-9bef-908e3a0c8fe5","full":42.4},"geometry":{"type":"Polygon","coordinates":[[[136.20423,36.10927],[136.20428,36.10987],[136.20519,36.10989],[136.20521,36.10928],[136.20423,36.10927]]]}},{"type":"Feature","properties":{"pid":"059cdd08-4dd4-4e12-8f66-b4e771d9bfec","full":49.7},"geometry":{"type":"Polygon","coordinates":[[[136.2052,36.1099],[136.20428,36.10988],[136.20434,36.11068],[136.20439,36.1107],[136.20518,36.11055],[136.2052,36.1099]]]}},{"type":"Feature","properties":{"pid":"2977acde-ca94-4bd5-b4c5-3a95614b738a","full":67.7},"geometry":{"type":"Polygon","coordinates":[[[136.20311,36.11002],[136.20326,36.111],[136.20329,36.11101],[136.20403,36.11078],[136.2041,36.11065],[136.20405,36.10989],[136.20316,36.10999],[136.20316,36.11001],[136.20311,36.11002]]]}},{"type":"Feature","properties":{"pid":"8d53f7d3-a1c7-4c31-a9e2-4c8c23b78092","full":4.6},"geometry":{"type":"Polygon","coordinates":[[[136.20424,36.1117],[136.20417,36.11095],[136.20391,36.11104],[136.20411,36.11172],[136.20424,36.1117]],[[136.20405,36.11108],[136.20402,36.11102],[136.2041,36.11099],[136.20412,36.11106],[136.20405,36.11108]]]}},{"type":"Feature","properties":{"pid":"d94eea21-40dc-4d9d-876d-94295ff077f2","full":30.3},"geometry":{"type":"Polygon","coordinates":[[[136.20411,36.11172],[136.20391,36.11106],[136.20387,36.11105],[136.20333,36.11122],[136.20331,36.11124],[136.20347,36.11181],[136.20352,36.11181],[136.20353,36.11184],[136.20411,36.11172]]]}},{"type":"Feature","properties":{"pid":"f0a89a03-b6e0-4460-964c-123a401a150e","full":45.5},"geometry":{"type":"Polygon","coordinates":[[[136.2054,36.11208],[136.20536,36.11143],[136.20445,36.11159],[136.2045,36.11224],[136.2054,36.11208]]]}},{"type":"Feature","properties":{"pid":"d17a3926-08bd-4a21-ac1c-2e8ae11ff67c","full":29.1},"geometry":{"type":"Polygon","coordinates":[[[136.205,36.11143],[136.20496,36.11077],[136.20435,36.11088],[136.20439,36.11154],[136.20442,36.11155],[136.205,36.11143]]]}},{"type":"Feature","properties":{"pid":"9c0d1769-3e58-4f6a-bef0-c97040a6999f","full":30.0},"geometry":{"type":"Polygon","coordinates":[[[136.20564,36.11132],[136.2056,36.11066],[136.20497,36.11077],[136.20501,36.11143],[136.20564,36.11132]]]}},{"type":"Feature","properties":{"pid":"4abc33b2-3067-4a3e-80a2-ac3363e91283","full":20.1},"geometry":{"type":"Polygon","coordinates":[[[136.20586,36.112],[136.20582,36.11134],[136.20537,36.11142],[136.20541,36.11208],[136.20586,36.112]]]}},{"type":"Feature","properties":{"pid":"d4dabf2b-e44a-4ca9-85e7-e1d306bad73b","full":27.6},"geometry":{"type":"Polygon","coordinates":[[[136.20646,36.1119],[136.20642,36.11123],[136.20583,36.11134],[136.20587,36.112],[136.20646,36.1119]]]}},{"type":"Feature","properties":{"pid":"e97d3a0f-3fdc-4884-b137-b1e8bf914077","full":18.3},"geometry":{"type":"Polygon","coordinates":[[[136.20709,36.11187],[136.20705,36.11112],[136.20651,36.11121],[136.20649,36.11124],[136.2065,36.11153],[136.20679,36.11152],[136.2068,36.11188],[136.20709,36.11187]]]}},{"type":"Feature","properties":{"pid":"e8cd0cc7-dc4f-4f0a-b714-9460369c88ab","full":37.2},"geometry":{"type":"Polygon","coordinates":[[[136.20641,36.11117],[136.20637,36.11052],[136.20561,36.11066],[136.20564,36.11128],[136.20568,36.1113],[136.20641,36.11117]]]}},{"type":"Feature","properties":{"pid":"9b3105e5-20d8-4f37-a927-4b456069f359","full":43.4},"geometry":{"type":"Polygon","coordinates":[[[136.20637,36.10991],[136.20527,36.10989],[136.20525,36.11053],[136.20636,36.11033],[136.20637,36.10991]]]}},{"type":"Feature","properties":{"pid":"6c125974-c815-4ae5-a6b6-284b8f37ecec","full":22.2},"geometry":{"type":"Polygon","coordinates":[[[136.20698,36.11107],[136.20694,36.11041],[136.20646,36.1105],[136.20644,36.11052],[136.20648,36.11114],[136.2065,36.11115],[136.20698,36.11107]]]}},{"type":"Feature","properties":{"pid":"0507ffd9-ec3c-41a7-9f70-8ac57b673514","full":20.2},"geometry":{"type":"Polygon","coordinates":[[[136.20745,36.11099],[136.20741,36.11033],[136.20695,36.11041],[136.20699,36.11107],[136.20745,36.11099]]]}},{"type":"Feature","properties":{"pid":"c40745bf-ea59-478b-8d40-f0d3e025a22f","full":15.3},"geometry":{"type":"Polygon","coordinates":[[[136.20783,36.1108],[136.20779,36.11025],[136.20741,36.11032],[136.20746,36.11099],[136.20777,36.11093],[136.20783,36.1108]]]}},{"type":"Feature","properties":{"pid":"e3b7faa2-e483-47e2-9f47-d2845db7183f","full":16.2},"geometry":{"type":"Polygon","coordinates":[[[136.20756,36.1113],[136.20754,36.11103],[136.20705,36.11111],[136.2071,36.11187],[136.20716,36.11187],[136.20741,36.1115],[136.20744,36.11151],[136.20756,36.1113]]]}},{"type":"Feature","properties":{"pid":"434217fc-4fae-4333-b855-7399b794365b","full":20.3},"geometry":{"type":"Polygon","coordinates":[[[136.20826,36.11117],[136.2082,36.11116],[136.20778,36.11156],[136.20741,36.11194],[136.20804,36.11205],[136.20826,36.11117]]]}},{"type":"Feature","properties":{"pid":"827a27c8-9cf5-41ec-bad8-2ec948abe18b","full":8.5},"geometry":{"type":"Polygon","coordinates":[[[136.20877,36.11126],[136.20856,36.11122],[136.20834,36.1121],[136.20855,36.11214],[136.20877,36.11126]]]}},{"type":"Feature","properties":{"pid":"c4f03793-4f64-423d-b652-b581acfafa76","full":13.7},"geometry":{"type":"Polygon","coordinates":[[[136.20855,36.11122],[136.20827,36.11117],[136.20805,36.11205],[136.20833,36.1121],[136.20855,36.11122]]]}},{"type":"Feature","properties":{"pid":"a2401cb3-4e4b-4ee2-8896-06d01b24d96e","full":27.5},"geometry":{"type":"Polygon","coordinates":[[[136.20922,36.11133],[136.20877,36.11126],[136.20856,36.11214],[136.209,36.11221],[136.20922,36.11133]]]}},{"type":"Feature","properties":{"pid":"be0d95e2-a353-4009-b9f1-03240634af56","full":24.8},"geometry":{"type":"Polygon","coordinates":[[[136.20964,36.1114],[136.20923,36.11133],[136.20901,36.11222],[136.20942,36.11228],[136.20964,36.1114]]]}},{"type":"Feature","properties":{"pid":"adcdd1b6-55d7-4018-8971-e771c952a6fd","full":34.6},"geometry":{"type":"Polygon","coordinates":[[[136.21006,36.11239],[136.21028,36.11151],[136.20986,36.11144],[136.2098,36.11153],[136.20972,36.1115],[136.20952,36.11228],[136.20954,36.1123],[136.21006,36.11239]]]}},{"type":"Feature","properties":{"pid":"0d2d584d-47e0-44ea-ba15-3d9ed4881213","full":42.6},"geometry":{"type":"Polygon","coordinates":[[[136.21106,36.11066],[136.21044,36.11056],[136.21021,36.11144],[136.21084,36.11154],[136.21106,36.11066]]]}},{"type":"Feature","properties":{"pid":"7c9fc0fc-d6ff-439f-a691-e29544575fc3","full":31.4},"geometry":{"type":"Polygon","coordinates":[[[136.20987,36.11046],[136.20939,36.11038],[136.20916,36.11127],[136.20965,36.11135],[136.20987,36.11046]]]}},{"type":"Feature","properties":{"pid":"5cc525ed-113c-47a4-8458-28e9a07891ed","full":29.5},"geometry":{"type":"Polygon","coordinates":[[[136.21044,36.11056],[136.20997,36.11048],[136.20975,36.11137],[136.21021,36.11144],[136.21044,36.11056]]]}},{"type":"Feature","properties":{"pid":"8dc31a0e-532c-449b-b1c2-b0fb13ebb719","full":20.2},"geometry":{"type":"Polygon","coordinates":[[[136.20882,36.1105],[136.20947,36.10997],[136.20939,36.10997],[136.2083,36.11017],[136.2082,36.11039],[136.20882,36.1105]]]}},{"type":"Feature","properties":{"pid":"2ade9d53-5ed3-4c0f-a649-4cfc54d07435","full":13.3},"geometry":{"type":"Polygon","coordinates":[[[136.20938,36.11038],[136.20923,36.11037],[136.20905,36.1105],[136.20888,36.11122],[136.20915,36.11127],[136.20938,36.11038]]]}},{"type":"Feature","properties":{"pid":"cba3610d-2234-47f8-96ba-9d671e48f352","full":12.1},"geometry":{"type":"Polygon","coordinates":[[[136.20887,36.11122],[136.20904,36.11051],[136.20831,36.11109],[136.20832,36.11113],[136.20887,36.11122]]]}},{"type":"Feature","properties":{"pid":"bf0a6c18-79bf-4089-82b8-65560da0b9de","full":17.8},"geometry":{"type":"Polygon","coordinates":[[[136.20877,36.11054],[136.20821,36.11044],[136.20816,36.11045],[136.20785,36.11107],[136.20808,36.11112],[136.20877,36.11054]]]}},{"type":"Feature","properties":{"pid":"f4b72f92-a939-4127-a480-8ae39488d93f","full":13.3},"geometry":{"type":"Polygon","coordinates":[[[136.2099,36.11041],[136.21004,36.10987],[136.20975,36.10991],[136.20927,36.11031],[136.2099,36.11041]]]}},{"type":"Feature","properties":{"pid":"aa426f76-1866-48b6-94c9-6f91819514d8","full":21.4},"geometry":{"type":"Polygon","coordinates":[[[136.21047,36.1105],[136.21064,36.10977],[136.21013,36.10985],[136.21,36.11041],[136.21002,36.11043],[136.21047,36.1105]]]}},{"type":"Feature","properties":{"pid":"dcbb6e26-2241-490f-9c00-02f699ab8f77","full":17.8},"geometry":{"type":"Polygon","coordinates":[[[136.21097,36.10954],[136.21102,36.10889],[136.21018,36.10957],[136.21016,36.10968],[136.21097,36.10954]]]}},{"type":"Feature","properties":{"pid":"51a82e52-6d6d-4d52-9740-43e4a153ad54","full":21.9},"geometry":{"type":"Polygon","coordinates":[[[136.21014,36.10934],[136.20927,36.10928],[136.20922,36.10979],[136.20931,36.10984],[136.20963,36.10978],[136.21012,36.1094],[136.21014,36.10934]]]}},{"type":"Feature","properties":{"pid":"8dcfd558-8250-4d27-8e74-6f6819b8b8bd","full":8.0},"geometry":{"type":"Polygon","coordinates":[[[136.20927,36.10927],[136.21014,36.10934],[136.21016,36.10917],[136.21011,36.10916],[136.2101,36.10914],[136.20929,36.10907],[136.20927,36.10927]]]}},{"type":"Feature","properties":{"pid":"85754db8-7a82-4bd9-a81a-cefaabe91a3e","full":13.6},"geometry":{"type":"Polygon","coordinates":[[[136.21018,36.10883],[136.20912,36.10875],[136.2091,36.10898],[136.21016,36.10906],[136.21018,36.10883]]]}},{"type":"Feature","properties":{"pid":"b4f22f6e-720e-411c-81fe-3fcc32d97eba","full":8.5},"geometry":{"type":"Polygon","coordinates":[[[136.21087,36.10875],[136.21027,36.10872],[136.21023,36.10906],[136.21025,36.1091],[136.21039,36.10916],[136.21087,36.10875]]]}},{"type":"Feature","properties":{"pid":"8c93233f-49de-4666-924f-83d858779a5a","full":16.7},"geometry":{"type":"Polygon","coordinates":[[[136.21021,36.10855],[136.20915,36.10847],[136.20912,36.10873],[136.21019,36.10881],[136.21021,36.10855]]]}},{"type":"Feature","properties":{"pid":"66263f0e-0608-484b-9b40-29687df5a51d","full":4.5},"geometry":{"type":"Polygon","coordinates":[[[136.20871,36.10835],[136.20771,36.10833],[136.20771,36.10847],[136.20868,36.10849],[136.20871,36.10835]]]}},{"type":"Feature","properties":{"pid":"ed12ea65-9a67-4f12-b43d-9767d0a846fd","full":34.7},"geometry":{"type":"Polygon","coordinates":[[[136.2076,36.10826],[136.20649,36.10824],[136.20648,36.10868],[136.20759,36.1087],[136.2076,36.10826]]]}},{"type":"Feature","properties":{"pid":"888b85e8-114d-4abd-b591-38a701fe2652","full":17.9},"geometry":{"type":"Polygon","coordinates":[[[136.20759,36.1087],[136.20648,36.10869],[136.20647,36.10894],[136.20649,36.10896],[136.20758,36.10898],[136.20759,36.1087]]]}},{"type":"Feature","properties":{"pid":"75d09c97-5f2a-4321-b034-2becde2df9ef","full":27.8},"geometry":{"type":"Polygon","coordinates":[[[136.20758,36.10903],[136.20647,36.10901],[136.20646,36.10938],[136.20757,36.1094],[136.20758,36.10903]]]}},{"type":"Feature","properties":{"pid":"fe60dd8f-2890-469c-839b-8f2768df90bf","full":14.4},"geometry":{"type":"Polygon","coordinates":[[[136.20847,36.10904],[136.20765,36.10902],[136.20764,36.10933],[136.20838,36.10934],[136.20847,36.10904]]]}},{"type":"Feature","properties":{"pid":"c54152e5-bd4c-4e52-be05-83c3893d0055","full":29.9},"geometry":{"type":"Polygon","coordinates":[[[136.20838,36.10935],[136.20763,36.10934],[136.20762,36.10987],[136.20774,36.10988],[136.20769,36.11008],[136.20809,36.11002],[136.20815,36.10998],[136.20838,36.10935]]]}},{"type":"Feature","properties":{"pid":"63657820-65a1-44d4-bfe4-f24b18409762","full":19.7},"geometry":{"type":"Polygon","coordinates":[[[136.20751,36.10993],[136.20646,36.10992],[136.20644,36.11028],[136.20651,36.1103],[136.20659,36.1103],[136.2076,36.11011],[136.20759,36.1101],[136.20762,36.11007],[136.20761,36.11005],[136.20749,36.11003],[136.20751,36.10993]]]}},{"type":"Feature","properties":{"pid":"e172117d-dafc-4f5a-bdd8-31c4d1e0078f","full":8.7},"geometry":{"type":"Polygon","coordinates":[[[136.20756,36.10974],[136.20646,36.10973],[136.20645,36.1099],[136.20751,36.10992],[136.20752,36.1099],[136.20756,36.10991],[136.20756,36.10974]]]}},{"type":"Feature","properties":{"pid":"967a6b47-6c9d-4cc0-a1d7-c76f8f9440d2","full":23.3},"geometry":{"type":"Polygon","coordinates":[[[136.20757,36.10941],[136.20646,36.10939],[136.20646,36.10972],[136.20756,36.10973],[136.20757,36.10941]]]}},{"type":"Feature","properties":{"pid":"65614707-8ef1-4472-98af-98b927b6484a","full":25.8},"geometry":{"type":"Polygon","coordinates":[[[136.20638,36.10955],[136.20528,36.10953],[136.20527,36.10988],[136.20638,36.1099],[136.20638,36.10955]]]}},{"type":"Feature","properties":{"pid":"5a0ae68e-687e-4666-880d-4ad80e3e9cfe","full":43.5},"geometry":{"type":"Polygon","coordinates":[[[136.20529,36.109],[136.20528,36.10953],[136.20639,36.10954],[136.2064,36.10902],[136.20529,36.109]]]}},{"type":"Feature","properties":{"pid":"6ef34293-8ac7-4b9e-971a-386f4ab70e8d","full":33.6},"geometry":{"type":"Polygon","coordinates":[[[136.20641,36.10852],[136.20531,36.1085],[136.2053,36.10894],[136.20639,36.10895],[136.20641,36.10852]]]}},{"type":"Feature","properties":{"pid":"889b7086-1ebb-4a1c-90c3-cefc14b20b92","full":36.2},"geometry":{"type":"Polygon","coordinates":[[[136.20643,36.10806],[136.20532,36.10804],[136.20531,36.10849],[136.20642,36.10851],[136.20643,36.10806]]]}},{"type":"Feature","properties":{"pid":"8fe7256f-fd31-4dde-a3d9-76e9f6b1c3a5","full":53.3},"geometry":{"type":"Polygon","coordinates":[[[136.20643,36.10804],[136.20644,36.10742],[136.20533,36.1074],[136.20532,36.10803],[136.20643,36.10804]]]}},{"type":"Feature","properties":{"pid":"cfe02ca7-ebf7-49a8-8d2d-8d1cc710ea35","full":16.3},"geometry":{"type":"Polygon","coordinates":[[[136.20645,36.10715],[136.20534,36.10714],[136.20534,36.10739],[136.20641,36.10741],[136.20641,36.10739],[136.20644,36.10739],[136.20645,36.10715]]]}},{"type":"Feature","properties":{"pid":"6e36679d-5872-413a-a88b-9f560eeec040","full":26.2},"geometry":{"type":"Polygon","coordinates":[[[136.20763,36.10718],[136.20656,36.10716],[136.20655,36.10717],[136.20652,36.10717],[136.20651,36.10752],[136.20761,36.10753],[136.20763,36.10718]]]}},{"type":"Feature","properties":{"pid":"8fedd4a9-9091-4e81-b77f-2d78cb08b410","full":43.1},"geometry":{"type":"Polygon","coordinates":[[[136.20762,36.10754],[136.20656,36.10752],[136.20655,36.10754],[136.20651,36.10754],[136.2065,36.10805],[136.2076,36.10807],[136.20762,36.10754]]]}},{"type":"Feature","properties":{"pid":"1a38c2fe-000a-4031-a4cd-04cb2c25779b","full":8.3},"geometry":{"type":"Polygon","coordinates":[[[136.2076,36.10808],[136.2065,36.10806],[136.20649,36.10823],[136.2076,36.10825],[136.2076,36.10808]]]}},{"type":"Feature","properties":{"pid":"e060e2dc-27d1-4ead-aee7-6ee9cacfb178","full":22.5},"geometry":{"type":"Polygon","coordinates":[[[136.20858,36.10799],[136.20772,36.10798],[136.20771,36.10832],[136.20872,36.10833],[136.20878,36.10806],[136.20858,36.10799]]]}},{"type":"Feature","properties":{"pid":"0ce53e74-0817-4ed9-bd4f-c3879f4e7b3c","full":9.6},"geometry":{"type":"Polygon","coordinates":[[[136.20862,36.10777],[136.20773,36.10776],[136.20772,36.10797],[136.20861,36.10798],[136.20862,36.10777]]]}},{"type":"Feature","properties":{"pid":"0f63d65a-fda3-4c60-8ea3-b04895113697","full":6.9},"geometry":{"type":"Polygon","coordinates":[[[136.20863,36.10758],[136.20774,36.10756],[136.20773,36.10774],[136.20862,36.10775],[136.20863,36.10758]]]}},{"type":"Feature","properties":{"pid":"59b3e61b-c15d-40a8-a23a-adff3d4bc193","full":34.5},"geometry":{"type":"Polygon","coordinates":[[[136.21027,36.1081],[136.20921,36.10801],[136.20915,36.10846],[136.21022,36.10854],[136.21027,36.1081]]]}},{"type":"Feature","properties":{"pid":"e8d6de03-39ab-4847-9a13-a65be36108ea","full":10.8},"geometry":{"type":"Polygon","coordinates":[[[136.21035,36.10747],[136.20944,36.1074],[136.20941,36.10762],[136.21032,36.10769],[136.21035,36.10747]]]}},{"type":"Feature","properties":{"pid":"6d8c781d-a1f8-4c13-a0a0-a9303fd3847a","full":12.5},"geometry":{"type":"Polygon","coordinates":[[[136.2103,36.10787],[136.20924,36.10779],[136.20921,36.10801],[136.21027,36.10809],[136.2103,36.10787]]]}},{"type":"Feature","properties":{"pid":"63fe390c-c592-4428-aa49-0445b4551e24","full":5.1},"geometry":{"type":"Polygon","coordinates":[[[136.21032,36.10771],[136.20926,36.10763],[136.20924,36.10777],[136.2103,36.10785],[136.21032,36.10771]]]}},{"type":"Feature","properties":{"pid":"e024514d-6a8d-4bc0-b257-a38ddde54247","full":20.7},"geometry":{"type":"Polygon","coordinates":[[[136.21039,36.1071],[136.20948,36.10706],[136.20944,36.10739],[136.21035,36.10746],[136.21039,36.1071]]]}},{"type":"Feature","properties":{"pid":"4bc47aaa-1bf4-4fef-a950-5d6859072ece","full":6.6},"geometry":{"type":"Polygon","coordinates":[[[136.20943,36.10711],[136.20916,36.10708],[136.20908,36.10757],[136.20936,36.10758],[136.20943,36.10711]]]}},{"type":"Feature","properties":{"pid":"21b3c175-ffc3-4fc1-9252-042e07793a9d","full":21.9},"geometry":{"type":"Polygon","coordinates":[[[136.20842,36.10711],[136.20774,36.1071],[136.20773,36.10755],[136.20862,36.10757],[136.20863,36.10746],[136.2084,36.1074],[136.20842,36.10711]]]}},{"type":"Feature","properties":{"pid":"19942070-3861-45ff-a201-b573dfd3df74","full":17.4},"geometry":{"type":"Polygon","coordinates":[[[136.20528,36.10713],[136.20412,36.10711],[136.20409,36.10713],[136.2041,36.10737],[136.20527,36.10739],[136.20528,36.10713]]]}},{"type":"Feature","properties":{"pid":"49aa982d-c8d9-489c-b18e-f62a10f63b75","full":20.0},"geometry":{"type":"Polygon","coordinates":[[[136.20525,36.10804],[136.20416,36.10803],[136.20417,36.10832],[136.20524,36.10834],[136.20525,36.10804]]]}},{"type":"Feature","properties":{"pid":"83a72070-dd0a-4723-a4a8-f8a9fa2bd8ef","full":27.9},"geometry":{"type":"Polygon","coordinates":[[[136.20525,36.10766],[136.20413,36.10765],[136.20415,36.108],[136.20419,36.108],[136.20419,36.10801],[136.20525,36.10803],[136.20525,36.10766]]]}},{"type":"Feature","properties":{"pid":"5506f0ab-6a46-40f1-908a-37f2f6aa17ae","full":17.5},"geometry":{"type":"Polygon","coordinates":[[[136.20527,36.10739],[136.20415,36.10737],[136.20415,36.10739],[136.20411,36.10739],[136.20413,36.10763],[136.20526,36.10765],[136.20527,36.10739]]]}},{"type":"Feature","properties":{"pid":"e37adf57-ef0d-4377-baab-1bd66678f197","full":81.7},"geometry":{"type":"Polygon","coordinates":[[[136.20392,36.10801],[136.20387,36.10714],[136.20273,36.10726],[136.20273,36.10728],[136.20267,36.10728],[136.20281,36.10813],[136.20392,36.10801]]]}},{"type":"Feature","properties":{"pid":"2f2bec8b-8cbf-472c-8c25-50fecef233d3","full":79.5},"geometry":{"type":"Polygon","coordinates":[[[136.20148,36.10738],[136.20162,36.10826],[136.2027,36.10815],[136.20271,36.10814],[136.20259,36.10731],[136.20255,36.10732],[136.20255,36.10727],[136.20148,36.10738]]]}},{"type":"Feature","properties":{"pid":"203c61e1-68ac-4d64-8969-e0bd027c2fe2","full":73.4},"geometry":{"type":"Polygon","coordinates":[[[136.20155,36.10827],[136.20142,36.10745],[136.20032,36.10757],[136.20044,36.10838],[136.20155,36.10827]]]}},{"type":"Feature","properties":{"pid":"e9022ed9-1af5-4f47-a6b5-961dd579a2e3","full":78.8},"geometry":{"type":"Polygon","coordinates":[[[136.19956,36.11034],[136.20066,36.11022],[136.20053,36.10935],[136.19943,36.10946],[136.19956,36.11034]]]}},{"type":"Feature","properties":{"pid":"e0dcc6f2-ca20-4ee2-8726-0245fe9dccf4","full":36.0},"geometry":{"type":"Polygon","coordinates":[[[136.20073,36.11068],[136.20067,36.11024],[136.19956,36.11035],[136.19964,36.1108],[136.20073,36.11068]]]}},{"type":"Feature","properties":{"pid":"484a092b-4d6e-4028-a2e9-252bc142908e","full":34.2},"geometry":{"type":"Polygon","coordinates":[[[136.19971,36.11124],[136.2008,36.11112],[136.20074,36.11069],[136.19964,36.11081],[136.19971,36.11124]]]}},{"type":"Feature","properties":{"pid":"5cd4bbd1-bfec-4ea4-99fc-8d1752e75603","full":19.7},"geometry":{"type":"Polygon","coordinates":[[[136.19975,36.11153],[136.20085,36.11142],[136.2008,36.11113],[136.1997,36.11125],[136.19975,36.11153]]]}},{"type":"Feature","properties":{"pid":"68d97fe1-956d-4337-a297-d692d5d39eed","full":29.5},"geometry":{"type":"Polygon","coordinates":[[[136.19985,36.11205],[136.20091,36.11174],[136.20085,36.11143],[136.20041,36.11147],[136.2004,36.11161],[136.20026,36.1116],[136.20024,36.11149],[136.19975,36.11154],[136.19983,36.11203],[136.19985,36.11205]]]}},{"type":"Feature","properties":{"pid":"b81fc99e-bc66-40e1-b4d7-44b9e8ab7b4a","full":35.5},"geometry":{"type":"Polygon","coordinates":[[[136.22202,36.11198],[136.22312,36.11209],[136.22317,36.11171],[136.22209,36.11154],[136.222,36.11155],[136.22189,36.11154],[136.22202,36.11196],[136.22202,36.11198]]]}},{"type":"Feature","properties":{"pid":"71d84e7f-fedf-47da-8f13-22942b7042d0","full":24.7},"geometry":{"type":"Polygon","coordinates":[[[136.22181,36.11122],[136.22186,36.11136],[136.22203,36.1114],[136.22209,36.11144],[136.22336,36.11164],[136.22318,36.11124],[136.22181,36.11122]]]}},{"type":"Feature","properties":{"pid":"a700dbad-1d10-4965-a0c6-889883b11e5d","full":173.6},"geometry":{"type":"Polygon","coordinates":[[[136.22119,36.10938],[136.22041,36.1095],[136.22045,36.10978],[136.22025,36.11038],[136.22024,36.11045],[136.22023,36.11104],[136.22038,36.11109],[136.22175,36.11135],[136.22119,36.10938]]]}},{"type":"Feature","properties":{"pid":"844fbc8f-8cbc-48b0-a31c-76038fbb8df9","full":29.7},"geometry":{"type":"Polygon","coordinates":[[[136.22141,36.10986],[136.22143,36.10986],[136.22144,36.10988],[136.22243,36.1097],[136.22223,36.1092],[136.2217,36.10928],[136.22171,36.10953],[136.22134,36.10961],[136.22141,36.10986]]]}},{"type":"Feature","properties":{"pid":"22edaf65-d862-492c-ae04-9d50eb197023","full":38.6},"geometry":{"type":"Polygon","coordinates":[[[136.22263,36.11016],[136.22244,36.1097],[136.22142,36.10989],[136.22154,36.11029],[136.22155,36.1103],[136.22157,36.11031],[136.22182,36.11031],[136.22182,36.11027],[136.22261,36.11025],[136.22263,36.11016]]]}},{"type":"Feature","properties":{"pid":"b4405d73-ce5e-4cce-98e2-24d12bcfde6e","full":40.6},"geometry":{"type":"Polygon","coordinates":[[[136.22221,36.10914],[136.22185,36.10819],[136.22099,36.10835],[136.2211,36.10876],[136.22175,36.10867],[136.22177,36.10922],[136.22221,36.10914]]]}},{"type":"Feature","properties":{"pid":"02a64e3c-5618-492d-ada8-712ba5b8723b","full":32.1},"geometry":{"type":"Polygon","coordinates":[[[136.22099,36.10834],[136.22185,36.10818],[136.22182,36.10806],[136.22168,36.10767],[136.22093,36.10782],[136.22093,36.10784],[136.2209,36.10784],[136.22095,36.10821],[136.22099,36.10834]]]}},{"type":"Feature","properties":{"pid":"248c5e9f-22a7-4064-aeb0-29569ddd2acd","full":7.7},"geometry":{"type":"Polygon","coordinates":[[[136.2209,36.1078],[136.22092,36.1078],[136.22093,36.10782],[136.22168,36.10767],[136.22166,36.10762],[136.22158,36.10753],[136.22092,36.10755],[136.22087,36.10759],[136.2209,36.1078]]]}},{"type":"Feature","properties":{"pid":"2cfeb880-81b3-4c35-98f6-1ad1e2a5640e","full":26.9},"geometry":{"type":"Polygon","coordinates":[[[136.22065,36.10689],[136.22017,36.10694],[136.22016,36.107],[136.22005,36.10704],[136.22014,36.10758],[136.22075,36.10751],[136.22065,36.10689]]]}},{"type":"Feature","properties":{"pid":"61723208-d237-4f2d-b373-51d6eb2ec2a5","full":11.2},"geometry":{"type":"Polygon","coordinates":[[[136.22009,36.10772],[136.21946,36.10767],[136.21945,36.10773],[136.2195,36.10773],[136.2195,36.10777],[136.21945,36.10776],[136.21945,36.10779],[136.2195,36.10779],[136.2195,36.10783],[136.21944,36.10783],[136.21944,36.10786],[136.21949,36.10786],[136.21949,36.1079],[136.21943,36.10789],[136.21943,36.10797],[136.22013,36.10804],[136.22009,36.10772]]]}},{"type":"Feature","properties":{"pid":"e3544533-1a50-42be-ae79-a840bf57b518","full":27.9},"geometry":{"type":"Polygon","coordinates":[[[136.2194,36.10759],[136.21829,36.10749],[136.21824,36.10786],[136.21935,36.10796],[136.2194,36.10759]]]}},{"type":"Feature","properties":{"pid":"0a0c8900-a841-4564-871f-67b436adf802","full":6.8},"geometry":{"type":"Polygon","coordinates":[[[136.21935,36.1075],[136.21936,36.10743],[136.21831,36.10732],[136.21829,36.10749],[136.21941,36.10759],[136.21942,36.10751],[136.21935,36.1075]]]}},{"type":"Feature","properties":{"pid":"60f10204-7270-4a15-a052-8219c11a29d6","full":17.1},"geometry":{"type":"Polygon","coordinates":[[[136.21826,36.10723],[136.21718,36.10709],[136.21713,36.10738],[136.21823,36.10747],[136.21826,36.10723]]]}},{"type":"Feature","properties":{"pid":"bc4bad97-dcbc-4151-8d96-55b59748ff17","full":28.8},"geometry":{"type":"Polygon","coordinates":[[[136.21713,36.10738],[136.21708,36.10775],[136.21818,36.10785],[136.21823,36.10747],[136.21713,36.10738]]]}},{"type":"Feature","properties":{"pid":"1ed84ce7-5922-4504-86d2-b97f288d63dc","full":61.4},"geometry":{"type":"Polygon","coordinates":[[[136.21624,36.10694],[136.21601,36.10679],[136.21589,36.10765],[136.21701,36.10775],[136.2171,36.10708],[136.21642,36.10701],[136.21624,36.10694]]]}},{"type":"Feature","properties":{"pid":"dec0e6f3-1708-4b8e-b000-6bdcbd767ba9","full":26.3},"geometry":{"type":"Polygon","coordinates":[[[136.21183,36.10743],[136.21044,36.10733],[136.2104,36.10762],[136.2118,36.10772],[136.21183,36.10751],[136.21183,36.10743]]]}},{"type":"Feature","properties":{"pid":"25798d8a-bc46-472f-9203-43c315e9e65c","full":24.4},"geometry":{"type":"Polygon","coordinates":[[[136.21179,36.10773],[136.2104,36.10763],[136.21037,36.10792],[136.21165,36.10801],[136.21173,36.10789],[136.21179,36.10773]]]}},{"type":"Feature","properties":{"pid":"3b747303-7636-4313-bfda-5c7006fd2459","full":21.8},"geometry":{"type":"Polygon","coordinates":[[[136.21165,36.10802],[136.21037,36.10792],[136.21034,36.10821],[136.21142,36.1083],[136.21165,36.10802]]]}},{"type":"Feature","properties":{"pid":"bee7269a-bae9-4230-ba62-e85f0af0c6fe","full":44.2},"geometry":{"type":"Polygon","coordinates":[[[136.21345,36.10783],[136.21267,36.10777],[136.21255,36.10778],[136.21252,36.1078],[136.21244,36.10793],[136.21245,36.10798],[136.21265,36.10824],[136.2129,36.10852],[136.213,36.10852],[136.21308,36.10855],[136.21333,36.10857],[136.21333,36.10855],[136.21336,36.10855],[136.21345,36.10783]]]}},{"type":"Feature","properties":{"pid":"9e51ceef-defb-4456-9e16-c0bb16a0ac4d","full":72.4},"geometry":{"type":"Polygon","coordinates":[[[136.21451,36.10867],[136.21461,36.10787],[136.21357,36.10777],[136.21355,36.10785],[136.21349,36.10785],[136.2134,36.10857],[136.21451,36.10867]]]}},{"type":"Feature","properties":{"pid":"bbd0bf77-fd60-4751-8ec1-ef4827ad22e5","full":67.1},"geometry":{"type":"Polygon","coordinates":[[[136.21471,36.10706],[136.21365,36.10696],[136.21357,36.10775],[136.21461,36.10785],[136.21471,36.10706]]]}},{"type":"Feature","properties":{"pid":"6150a0e4-fec2-4fdb-886e-fb1505893001","full":125.3},"geometry":{"type":"Polygon","coordinates":[[[136.21584,36.10771],[136.21473,36.10762],[136.21455,36.10894],[136.21566,36.10905],[136.21584,36.10771]]]}},{"type":"Feature","properties":{"pid":"a6c7852b-9891-4e2a-9b44-8de647bb2367","full":93.6},"geometry":{"type":"Polygon","coordinates":[[[136.21566,36.10909],[136.21455,36.10899],[136.21441,36.10994],[136.21551,36.11016],[136.21566,36.10909]]]}},{"type":"Feature","properties":{"pid":"39a33836-b945-4c8a-bd2b-3e680d203efd","full":9.3},"geometry":{"type":"Polygon","coordinates":[[[136.21398,36.10984],[136.21337,36.10925],[136.21327,36.10972],[136.21397,36.10986],[136.21398,36.10984]]]}},{"type":"Feature","properties":{"pid":"51942eb9-bbf8-4716-b86d-80fbca51dc2d","full":64.7},"geometry":{"type":"Polygon","coordinates":[[[136.214,36.10958],[136.21411,36.10969],[136.21437,36.10971],[136.21452,36.10872],[136.21339,36.10862],[136.21343,36.10906],[136.214,36.10958]]]}},{"type":"Feature","properties":{"pid":"9b69dc1a-0378-41a3-bddd-648b2179e380","full":2.6},"geometry":{"type":"Polygon","coordinates":[[[136.21335,36.10862],[136.21292,36.10858],[136.21338,36.10901],[136.21335,36.10862]]]}},{"type":"Feature","properties":{"pid":"c4489383-1f2b-44dc-8346-729d8b082fb0","full":50.0},"geometry":{"type":"Polygon","coordinates":[[[136.21333,36.10921],[136.21263,36.10857],[136.2124,36.10959],[136.21242,36.10959],[136.21241,36.10961],[136.21276,36.10966],[136.2132,36.10975],[136.21333,36.10921]]]}},{"type":"Feature","properties":{"pid":"70467acc-68c4-4817-a16e-6c063bc94d00","full":88.0},"geometry":{"type":"Polygon","coordinates":[[[136.21231,36.10959],[136.21255,36.10852],[136.21224,36.10819],[136.2122,36.10816],[136.21211,36.10813],[136.21196,36.10813],[136.21177,36.10827],[136.21159,36.10896],[136.21155,36.10951],[136.21231,36.10959]]]}},{"type":"Feature","properties":{"pid":"3faaef09-812e-4728-a432-b166c902e6d7","full":4.7},"geometry":{"type":"Polygon","coordinates":[[[136.21156,36.10884],[136.21169,36.10834],[136.2111,36.10881],[136.21156,36.10884]]]}},{"type":"Feature","properties":{"pid":"d6c0aac7-010c-47e3-83e4-8550cab25b8a","full":28.3},"geometry":{"type":"Polygon","coordinates":[[[136.21141,36.1083],[136.21033,36.10822],[136.21027,36.10871],[136.21088,36.10875],[136.21141,36.1083]]]}},{"type":"Feature","properties":{"pid":"19cf250c-e1ec-471c-835a-5ce15e2fc60d","full":20.4},"geometry":{"type":"Polygon","coordinates":[[[136.21154,36.10888],[136.21103,36.10887],[136.21098,36.10954],[136.21147,36.10945],[136.21154,36.10888]]]}},{"type":"Feature","properties":{"pid":"2b98cf47-6581-40af-bc91-14d1c236ed52","full":15.8},"geometry":{"type":"Polygon","coordinates":[[[136.2108,36.11056],[136.21101,36.10969],[136.21065,36.10976],[136.21048,36.11051],[136.2108,36.11056]]]}},{"type":"Feature","properties":{"pid":"9f218eb1-df9a-4738-b865-1f92d2978f8d","full":32.3},"geometry":{"type":"Polygon","coordinates":[[[136.21135,36.11065],[136.21144,36.10966],[136.21139,36.10963],[136.21102,36.10969],[136.2108,36.11056],[136.21135,36.11065]]]}},{"type":"Feature","properties":{"pid":"6336880c-b163-4404-95ad-60a59083ad37","full":71.8},"geometry":{"type":"Polygon","coordinates":[[[136.21315,36.10984],[136.21236,36.10969],[136.21211,36.11075],[136.21213,36.11075],[136.21213,36.11077],[136.21294,36.11088],[136.21317,36.1099],[136.21315,36.10984]]]}},{"type":"Feature","properties":{"pid":"36a5a10b-ce4a-4317-85c9-742b5ab58d36","full":58.9},"geometry":{"type":"Polygon","coordinates":[[[136.21154,36.10961],[136.21143,36.11066],[136.21204,36.11075],[136.21204,36.11074],[136.21207,36.11074],[136.21231,36.10969],[136.21154,36.10961]]]}},{"type":"Feature","properties":{"pid":"554844ee-98e7-43cf-83b0-6c333647b529","full":40.8},"geometry":{"type":"Polygon","coordinates":[[[136.21181,36.11168],[136.21184,36.11169],[136.21205,36.11081],[136.21141,36.1107],[136.21137,36.11107],[136.21129,36.11164],[136.2118,36.11171],[136.21181,36.11168]]]}},{"type":"Feature","properties":{"pid":"a191e26d-f87e-483c-8c64-4952297574ac","full":19.3},"geometry":{"type":"Polygon","coordinates":[[[136.21134,36.11071],[136.21106,36.11066],[136.21084,36.11154],[136.21121,36.1116],[136.21131,36.11118],[136.21134,36.11071]]]}},{"type":"Feature","properties":{"pid":"9557675d-ed76-4605-b671-071906f28e0d","full":60.1},"geometry":{"type":"Polygon","coordinates":[[[136.21293,36.11094],[136.21209,36.11081],[136.21189,36.11173],[136.21257,36.1118],[136.21273,36.11179],[136.21293,36.11094]]]}},{"type":"Feature","properties":{"pid":"563abcf0-9ac4-4e2a-b1f9-522fdb76d8e5","full":73.9},"geometry":{"type":"Polygon","coordinates":[[[136.21382,36.11193],[136.21386,36.11192],[136.21398,36.11163],[136.21411,36.11111],[136.21299,36.11095],[136.21279,36.1118],[136.21299,36.1118],[136.21338,36.11182],[136.21371,36.11189],[136.21382,36.11193]]]}},{"type":"Feature","properties":{"pid":"87026b28-c99d-4ca2-8db9-309db1106329","full":88.2},"geometry":{"type":"Polygon","coordinates":[[[136.21431,36.11016],[136.21321,36.10994],[136.21298,36.11089],[136.21407,36.11106],[136.21411,36.11104],[136.21431,36.11016]]]}},{"type":"Feature","properties":{"pid":"ed0d63fe-5969-4432-b52e-b6b1a4890487","full":99.0},"geometry":{"type":"Polygon","coordinates":[[[136.21527,36.11104],[136.21446,36.11028],[136.21434,36.11028],[136.21404,36.11161],[136.21515,36.11178],[136.21529,36.1111],[136.21524,36.11107],[136.21527,36.11104]]]}},{"type":"Feature","properties":{"pid":"8fb1ef2f-a120-489b-a493-d9a4c93f0e77","full":10.5},"geometry":{"type":"Polygon","coordinates":[[[136.21545,36.11037],[136.21466,36.11022],[136.21534,36.11086],[136.21545,36.11037]]]}},{"type":"Feature","properties":{"pid":"4c00d515-aa2a-462b-81ea-d73c32b3e42c","full":24.1},"geometry":{"type":"Polygon","coordinates":[[[136.21625,36.11196],[136.21535,36.1111],[136.21519,36.11179],[136.21625,36.11196]]]}},{"type":"Feature","properties":{"pid":"a63dc495-5519-4b65-943e-b0b79dd52c39","full":79.7},"geometry":{"type":"Polygon","coordinates":[[[136.21663,36.11059],[136.21552,36.11038],[136.2154,36.11085],[136.21544,36.11089],[136.21541,36.11092],[136.21628,36.11175],[136.21634,36.11175],[136.21663,36.11059]]]}},{"type":"Feature","properties":{"pid":"9b18ef91-7b12-42cc-9667-c8938946ec97","full":129.3},"geometry":{"type":"Polygon","coordinates":[[[136.21777,36.1108],[136.21667,36.1106],[136.21638,36.11185],[136.21655,36.11202],[136.21745,36.11214],[136.21777,36.1108]]]}},{"type":"Feature","properties":{"pid":"b0d65c76-dbb8-45f5-b65e-23a79419ae29","full":130.2},"geometry":{"type":"Polygon","coordinates":[[[136.21893,36.11103],[136.21781,36.11082],[136.21749,36.11216],[136.21862,36.11234],[136.21893,36.11103]]]}},{"type":"Feature","properties":{"pid":"74c0e318-2f2d-4a4a-ab2c-c44e2608dd1b","full":104.4},"geometry":{"type":"Polygon","coordinates":[[[136.21681,36.10921],[136.21571,36.10909],[136.21556,36.11016],[136.21666,36.11038],[136.21681,36.10921]]]}},{"type":"Feature","properties":{"pid":"7af995a0-8b3d-4f74-bb4a-a95f717d0c9b","full":127.2},"geometry":{"type":"Polygon","coordinates":[[[136.217,36.1078],[136.21588,36.1077],[136.21572,36.10905],[136.21682,36.10915],[136.217,36.1078]]]}},{"type":"Feature","properties":{"pid":"3d245a93-5787-4797-999e-c833d8d67f3a","full":126.1},"geometry":{"type":"Polygon","coordinates":[[[136.21818,36.1079],[136.21708,36.1078],[136.2169,36.10916],[136.218,36.10925],[136.21818,36.1079]]]}},{"type":"Feature","properties":{"pid":"e695af6b-d761-4701-b270-f6d47c4b5f7d","full":115.2},"geometry":{"type":"Polygon","coordinates":[[[136.218,36.1093],[136.2169,36.10921],[136.21673,36.11039],[136.21782,36.11059],[136.218,36.1093]]]}},{"type":"Feature","properties":{"pid":"c00d9094-5929-4f83-ac70-469d37669d79","full":128.6},"geometry":{"type":"Polygon","coordinates":[[[136.21916,36.1094],[136.21804,36.10931],[136.21787,36.11061],[136.21897,36.11081],[136.21916,36.1094]]]}},{"type":"Feature","properties":{"pid":"89530434-301f-4b60-8ac3-3a8d931f299a","full":127.8},"geometry":{"type":"Polygon","coordinates":[[[136.21934,36.10802],[136.21822,36.10791],[136.21804,36.10926],[136.21917,36.10935],[136.21934,36.10802]]]}},{"type":"Feature","properties":{"pid":"11c5b205-8cea-40a8-a1a7-fcd57a7f5a8d","full":102.1},"geometry":{"type":"Polygon","coordinates":[[[136.22014,36.10808],[136.21941,36.10801],[136.21923,36.10935],[136.22034,36.10945],[136.22014,36.10808]]]}},{"type":"Feature","properties":{"pid":"d81c70b8-cd8f-4d34-bc3e-b8feb5377f6e","full":59.5},"geometry":{"type":"Polygon","coordinates":[[[136.22118,36.10932],[136.22089,36.10828],[136.22025,36.1084],[136.22039,36.10945],[136.22118,36.10932]]]}},{"type":"Feature","properties":{"pid":"3c66fdca-2fde-48e7-88ba-24bed9e59728","full":139.5},"geometry":{"type":"Polygon","coordinates":[[[136.22016,36.11055],[136.22018,36.1104],[136.22038,36.10979],[136.22034,36.10951],[136.21922,36.10941],[136.21908,36.11046],[136.21903,36.11082],[136.22013,36.11102],[136.22016,36.11055]]]}},{"type":"Feature","properties":{"pid":"5e802f48-a9ff-4324-8319-f6acb97cd930","full":79.4},"geometry":{"type":"Polygon","coordinates":[[[136.21957,36.11114],[136.21899,36.11104],[136.21862,36.11259],[136.21932,36.11269],[136.21957,36.11114]]]}},{"type":"Feature","properties":{"pid":"ce263b55-f241-4c96-9e6e-f38416e41313","full":152.2},"geometry":{"type":"Polygon","coordinates":[[[136.22083,36.11134],[136.22031,36.11125],[136.22016,36.11124],[136.21968,36.11115],[136.21942,36.11268],[136.22062,36.11279],[136.22083,36.11134]]]}},{"type":"Feature","properties":{"pid":"adef6719-de28-4de8-80d4-d53d9464154c","full":17.3},"geometry":{"type":"Polygon","coordinates":[[[136.21932,36.11271],[136.21864,36.11261],[136.21862,36.11263],[136.2186,36.11263],[136.21853,36.11296],[136.21925,36.11308],[136.21932,36.11271]]]}},{"type":"Feature","properties":{"pid":"88ed5260-b58a-4ee8-bc7c-99268488a85c","full":4.4},"geometry":{"type":"Polygon","coordinates":[[[136.21848,36.11506],[136.21805,36.11499],[136.21802,36.11512],[136.21911,36.11528],[136.21912,36.11512],[136.21848,36.11506]]]}},{"type":"Feature","properties":{"pid":"ccf59958-7815-4f72-88de-2c8d90e5a67c","full":27.5},"geometry":{"type":"Polygon","coordinates":[[[136.21893,36.11449],[136.21819,36.11439],[136.2181,36.11479],[136.21874,36.1149],[136.21907,36.11492],[136.21917,36.11476],[136.21893,36.11449]]]}},{"type":"Feature","properties":{"pid":"aa2d51eb-0ff5-40b6-a0cd-9d5d4136b031","full":22.7},"geometry":{"type":"Polygon","coordinates":[[[136.21811,36.11439],[136.21662,36.11427],[136.21663,36.11436],[136.21709,36.11452],[136.21772,36.11471],[136.21803,36.11477],[136.21811,36.11439]]]}},{"type":"Feature","properties":{"pid":"094f673d-292b-4aa9-9eaf-bca9ede1ff2c","full":65.8},"geometry":{"type":"Polygon","coordinates":[[[136.2167,36.11494],[136.21658,36.11557],[136.21779,36.11583],[136.21795,36.11514],[136.2167,36.11494]]]}},{"type":"Feature","properties":{"pid":"ef663ecf-62dd-4b98-b776-1f69b3f23260","full":13.3},"geometry":{"type":"Polygon","coordinates":[[[136.2168,36.11464],[136.21664,36.11457],[136.21667,36.1149],[136.21795,36.11511],[136.21797,36.11499],[136.21764,36.11491],[136.2168,36.11464]]]}},{"type":"Feature","properties":{"pid":"9bf06bce-9017-469c-b4f5-1253e3b147c3","full":36.3},"geometry":{"type":"Polygon","coordinates":[[[136.21657,36.11456],[136.21602,36.1144],[136.21616,36.11558],[136.2165,36.11555],[136.21662,36.11493],[136.21657,36.11456]]]}},{"type":"Feature","properties":{"pid":"da774b49-cd87-40e2-8289-db6ce88297d3","full":158.4},"geometry":{"type":"Polygon","coordinates":[[[136.21727,36.11291],[136.21634,36.11203],[136.21598,36.11362],[136.216,36.11363],[136.21599,36.11365],[136.21597,36.11364],[136.21587,36.11409],[136.21698,36.11418],[136.21727,36.11291]]]}},{"type":"Feature","properties":{"pid":"2d7c083d-7531-4578-a73a-055b708109a6","full":77.0},"geometry":{"type":"Polygon","coordinates":[[[136.21826,36.11383],[136.21731,36.11295],[136.21702,36.11419],[136.21816,36.11428],[136.21819,36.11415],[136.21817,36.11415],[136.21817,36.11412],[136.21819,36.11412],[136.21826,36.11383]]]}},{"type":"Feature","properties":{"pid":"fcdb2f5f-f9c6-42a6-995f-962c223731b4","full":86.2},"geometry":{"type":"Polygon","coordinates":[[[136.2186,36.11238],[136.21749,36.1122],[136.21736,36.11277],[136.21829,36.11365],[136.21831,36.11365],[136.2186,36.11238]]]}},{"type":"Feature","properties":{"pid":"fa67537f-d19d-491a-8235-b24487c88417","full":10.9},"geometry":{"type":"Polygon","coordinates":[[[136.21661,36.11206],[136.21707,36.11249],[136.21736,36.11254],[136.21744,36.1122],[136.21661,36.11206]]]}},{"type":"Feature","properties":{"pid":"9ea631cd-b559-4f36-9115-4879c0ae7270","full":185.5},"geometry":{"type":"Polygon","coordinates":[[[136.21628,36.11201],[136.21518,36.11184],[136.21478,36.11351],[136.21535,36.1139],[136.21583,36.11397],[136.21628,36.11201]]]}},{"type":"Feature","properties":{"pid":"11a05a5f-4a4d-4149-aecd-40c238fa46a3","full":1.8},"geometry":{"type":"Polygon","coordinates":[[[136.21362,36.11252],[136.2134,36.11249],[136.21331,36.11284],[136.21332,36.11287],[136.2134,36.11286],[136.21355,36.11269],[136.21362,36.11252]]]}},{"type":"Feature","properties":{"pid":"b99bfd54-2a69-4c8e-89be-e12964cee704","full":150.1},"geometry":{"type":"Polygon","coordinates":[[[136.21514,36.11183],[136.21403,36.11165],[136.21387,36.11197],[136.21382,36.11218],[136.21371,36.11252],[136.21363,36.11274],[136.21398,36.11305],[136.21474,36.11349],[136.21514,36.11183]]]}},{"type":"Feature","properties":{"pid":"4e36b68a-063c-40f8-b03a-0a20d05cc92a","full":5.7},"geometry":{"type":"Polygon","coordinates":[[[136.21353,36.11194],[136.21341,36.11244],[136.21365,36.11247],[136.21378,36.11199],[136.21368,36.11195],[136.21357,36.11192],[136.21353,36.11194]]]}},{"type":"Feature","properties":{"pid":"b66048b3-c532-4013-b5f8-3ada7c61ac0a","full":13.2},"geometry":{"type":"Polygon","coordinates":[[[136.21285,36.11237],[136.21297,36.11189],[136.21249,36.11189],[136.21239,36.11232],[136.21285,36.11237]]]}},{"type":"Feature","properties":{"pid":"3c3f4cfc-426d-4f23-915a-12aaef9f0218","full":18.0},"geometry":{"type":"Polygon","coordinates":[[[136.21327,36.1119],[136.21298,36.11189],[136.21286,36.11237],[136.21337,36.11243],[136.21338,36.11241],[136.21341,36.11241],[136.21352,36.11194],[136.21327,36.1119]]]}},{"type":"Feature","properties":{"pid":"8214fcc1-2b80-46a3-a4ed-63b2d0546830","full":17.4},"geometry":{"type":"Polygon","coordinates":[[[136.21266,36.1129],[136.2133,36.11284],[136.21339,36.11249],[136.21277,36.11241],[136.21266,36.1129]]]}},{"type":"Feature","properties":{"pid":"6abbe9d4-0d87-4036-b586-bb89580f074d","full":6.6},"geometry":{"type":"Polygon","coordinates":[[[136.21265,36.1129],[136.21275,36.11241],[136.21243,36.11237],[136.21233,36.11277],[136.21256,36.11276],[136.21253,36.11291],[136.21265,36.1129]]]}},{"type":"Feature","properties":{"pid":"9003d1ab-5ff1-4702-84d2-0f3548021886","full":10.1},"geometry":{"type":"Polygon","coordinates":[[[136.21241,36.11237],[136.21211,36.11233],[136.21195,36.11295],[136.21228,36.11292],[136.21241,36.11237]]]}},{"type":"Feature","properties":{"pid":"cb3275ec-322e-47b4-8991-476935ad533b","full":18.8},"geometry":{"type":"Polygon","coordinates":[[[136.21249,36.11189],[136.21183,36.11181],[136.21172,36.11224],[136.21238,36.11231],[136.21249,36.11189]]]}},{"type":"Feature","properties":{"pid":"1c4295ad-c263-42fa-8d75-e00f7124fb05","full":7.0},"geometry":{"type":"Polygon","coordinates":[[[136.21169,36.11177],[136.21152,36.11176],[136.21141,36.1122],[136.21171,36.11224],[136.21182,36.11181],[136.21169,36.11177]]]}},{"type":"Feature","properties":{"pid":"303cc275-e543-49d5-9367-3d150fd9ede1","full":8.7},"geometry":{"type":"Polygon","coordinates":[[[136.21151,36.11176],[136.21116,36.11171],[136.21106,36.11215],[136.2114,36.1122],[136.21151,36.11176]]]}},{"type":"Feature","properties":{"pid":"60d4eec8-1e80-4556-be26-a08a7bd62fc4","full":29.9},"geometry":{"type":"Polygon","coordinates":[[[136.21116,36.11165],[136.21069,36.11157],[136.21048,36.11245],[136.21094,36.11253],[136.21116,36.11165]]]}},{"type":"Feature","properties":{"pid":"5241af7a-090c-4754-a1d6-00bcac1cf095","full":13.3},"geometry":{"type":"Polygon","coordinates":[[[136.21042,36.11308],[136.21087,36.11304],[136.21098,36.11258],[136.21057,36.11253],[136.21042,36.11308]]]}},{"type":"Feature","properties":{"pid":"92897bd3-ad89-434b-87dc-24941c630198","full":16.3},"geometry":{"type":"Polygon","coordinates":[[[136.21143,36.11226],[136.21113,36.11223],[136.21109,36.11223],[136.21089,36.11304],[136.21124,36.11302],[136.21143,36.11226]]]}},{"type":"Feature","properties":{"pid":"0eeb7287-c615-45bd-ae0c-d83892512ac4","full":3.2},"geometry":{"type":"Polygon","coordinates":[[[136.21159,36.11228],[136.21144,36.11226],[136.21125,36.11301],[136.21142,36.113],[136.21159,36.11228]]]}},{"type":"Feature","properties":{"pid":"65f45bf9-dc47-4a0f-a314-61a1ce57c643","full":22.4},"geometry":{"type":"Polygon","coordinates":[[[136.21209,36.11233],[136.2116,36.11227],[136.21143,36.113],[136.21194,36.11295],[136.21209,36.11233]]]}},{"type":"Feature","properties":{"pid":"828afe32-2e53-496b-aa2f-3f50f372511d","full":1.7},"geometry":{"type":"Polygon","coordinates":[[[136.21147,36.11468],[136.21146,36.11456],[136.21064,36.11463],[136.21065,36.11474],[136.21147,36.11468]]]}},{"type":"Feature","properties":{"pid":"8a007441-e4f9-4385-aa81-055710963515","full":117.7},"geometry":{"type":"Polygon","coordinates":[[[136.21438,36.11616],[136.21417,36.11444],[136.21335,36.1145],[136.21355,36.11622],[136.21438,36.11616]]]}},{"type":"Feature","properties":{"pid":"52498ce4-4801-49b2-9ecc-558dddcc2990","full":114.4},"geometry":{"type":"Polygon","coordinates":[[[136.21498,36.1161],[136.21497,36.11593],[136.21523,36.11592],[136.21506,36.11437],[136.21422,36.11443],[136.21443,36.11615],[136.21498,36.1161]]]}},{"type":"Feature","properties":{"pid":"a4f1cdb4-443c-4619-b169-df571fcc04eb","full":13.9},"geometry":{"type":"Polygon","coordinates":[[[136.2153,36.11668],[136.21533,36.11667],[136.21532,36.11652],[136.21448,36.11658],[136.21452,36.11693],[136.21504,36.11689],[136.21502,36.11674],[136.21531,36.11672],[136.2153,36.11668]]]}},{"type":"Feature","properties":{"pid":"5abb9820-5796-46f5-8853-c23ca5f4704b","full":45.0},"geometry":{"type":"Polygon","coordinates":[[[136.21448,36.11693],[136.21439,36.11622],[136.21359,36.11628],[136.21356,36.1163],[136.21365,36.117],[136.21448,36.11693]]]}},{"type":"Feature","properties":{"pid":"e9dc75ea-f193-4cd8-b42f-3038c8d3bf54","full":75.4},"geometry":{"type":"Polygon","coordinates":[[[136.21346,36.11623],[136.21333,36.11506],[136.21252,36.11513],[136.21266,36.1163],[136.21346,36.11623]]]}},{"type":"Feature","properties":{"pid":"e3038b0d-2d21-47a0-beab-30ff584167b4","full":83.3},"geometry":{"type":"Polygon","coordinates":[[[136.21259,36.1163],[136.21244,36.11503],[136.21163,36.11509],[136.21177,36.11636],[136.21259,36.1163]]]}},{"type":"Feature","properties":{"pid":"cf60a750-d816-4d41-9765-ac662e9a0886","full":113.6},"geometry":{"type":"Polygon","coordinates":[[[136.21085,36.11644],[136.21167,36.11636],[136.21148,36.11469],[136.21065,36.11475],[136.21085,36.11644]]]}},{"type":"Feature","properties":{"pid":"c6da8aa1-1540-4c36-a6e7-263a7b11f904","full":20.0},"geometry":{"type":"Polygon","coordinates":[[[136.21353,36.11665],[136.21349,36.11628],[136.21265,36.11635],[136.2127,36.11671],[136.21353,36.11665]]]}},{"type":"Feature","properties":{"pid":"a470e462-07a0-4e0d-a9fa-44248052da07","full":96.1},"geometry":{"type":"Polygon","coordinates":[[[136.21353,36.11666],[136.2127,36.11672],[136.21287,36.11814],[136.21369,36.11808],[136.21353,36.11666]]]}},{"type":"Feature","properties":{"pid":"f2c95e59-a9f1-4c13-91f4-d4236a7e314e","full":119.9},"geometry":{"type":"Polygon","coordinates":[[[136.2128,36.11815],[136.2126,36.11636],[136.21179,36.11642],[136.21198,36.11815],[136.21205,36.1182],[136.2128,36.11815]]]}},{"type":"Feature","properties":{"pid":"ea50fa74-1fe6-42f1-8e30-b060447aa256","full":120.9},"geometry":{"type":"Polygon","coordinates":[[[136.21086,36.1165],[136.21106,36.11828],[136.21188,36.11822],[136.21168,36.11642],[136.21086,36.1165]]]}},{"type":"Feature","properties":{"pid":"274073ed-0848-41e4-9776-9b864502ede7","full":19.5},"geometry":{"type":"Polygon","coordinates":[[[136.21195,36.11866],[136.21191,36.11832],[136.21188,36.1183],[136.21108,36.11837],[136.21112,36.11872],[136.21195,36.11866]]]}},{"type":"Feature","properties":{"pid":"90dd0752-0409-470d-ba16-b753f6e3657b","full":19.3},"geometry":{"type":"Polygon","coordinates":[[[136.212,36.11902],[136.21195,36.11867],[136.21112,36.11873],[136.21116,36.11908],[136.212,36.11902]]]}},{"type":"Feature","properties":{"pid":"cc78c0a6-3c66-4771-b870-2c6fd3fb28ec","full":30.0},"geometry":{"type":"Polygon","coordinates":[[[136.21293,36.11911],[136.21287,36.11861],[136.21204,36.11866],[136.21209,36.11917],[136.21293,36.11911]]]}},{"type":"Feature","properties":{"pid":"5f05dbc5-0e4f-4e5f-8eef-a2d412d8e67d","full":20.0},"geometry":{"type":"Polygon","coordinates":[[[136.21287,36.1186],[136.21282,36.11823],[136.212,36.1183],[136.21198,36.11833],[136.21204,36.11865],[136.21287,36.1186]]]}},{"type":"Feature","properties":{"pid":"2cbe7f1d-8b54-4089-b0f4-d7e5d14205ea","full":18.3},"geometry":{"type":"Polygon","coordinates":[[[136.2138,36.11888],[136.21376,36.11853],[136.21293,36.1186],[136.21297,36.11894],[136.2138,36.11888]]]}},{"type":"Feature","properties":{"pid":"f4a8dad5-17f1-4831-9d39-8519b1f0f263","full":20.4},"geometry":{"type":"Polygon","coordinates":[[[136.21376,36.11853],[136.21374,36.11819],[136.21371,36.11816],[136.21288,36.11822],[136.21293,36.11859],[136.21376,36.11853]]]}},{"type":"Feature","properties":{"pid":"22df076c-d623-4669-bb4e-898822b7b8e4","full":73.9},"geometry":{"type":"Polygon","coordinates":[[[136.21912,36.11533],[136.21801,36.11515],[136.21786,36.11584],[136.21911,36.11617],[136.21912,36.11533]]]}},{"type":"Feature","properties":{"pid":"7e2aaaf8-04b6-4713-b69f-51234240969f","full":12.6},"geometry":{"type":"Polygon","coordinates":[[[136.2221,36.11713],[136.22154,36.11711],[136.22151,36.11748],[136.22209,36.11749],[136.2221,36.11713]]]}},{"type":"Feature","properties":{"pid":"6da73f71-9225-4332-81df-22e69fd504d0","full":4.5},"geometry":{"type":"Polygon","coordinates":[[[136.22304,36.11761],[136.22283,36.1176],[136.2228,36.11818],[136.223,36.11819],[136.22304,36.11761]]]}},{"type":"Feature","properties":{"pid":"0060004a-5706-4c2d-83f6-55b09f1ad320","full":1.5},"geometry":{"type":"Polygon","coordinates":[[[136.22288,36.11867],[136.22289,36.11853],[136.22285,36.11853],[136.22285,36.11849],[136.22289,36.11849],[136.22289,36.11833],[136.22271,36.11833],[136.2227,36.11866],[136.22288,36.11867]]]}},{"type":"Feature","properties":{"pid":"8b8b9adc-2f9f-46c3-a8dc-9912c0f7bf44","full":13.7},"geometry":{"type":"Polygon","coordinates":[[[136.22423,36.11901],[136.22426,36.1184],[136.22388,36.11839],[136.22386,36.119],[136.22423,36.11901]]]}},{"type":"Feature","properties":{"pid":"93423c02-da8c-474f-8ced-d3045193fdb7","full":18.3},"geometry":{"type":"Polygon","coordinates":[[[136.22469,36.11841],[136.22427,36.1184],[136.22423,36.11901],[136.22471,36.11902],[136.22471,36.11901],[136.22471,36.11844],[136.22469,36.11841]]]}},{"type":"Feature","properties":{"pid":"36c7d0b5-bd53-49be-a299-137759712058","full":6.6},"geometry":{"type":"Polygon","coordinates":[[[136.2241,36.11757],[136.22411,36.11737],[136.2241,36.11737],[136.22412,36.11681],[136.22392,36.1168],[136.22387,36.11757],[136.2241,36.11757]]]}},{"type":"Feature","properties":{"pid":"69d6dfab-381f-4fd5-800d-7e9239c9087c","full":39.1},"geometry":{"type":"Polygon","coordinates":[[[136.22395,36.11453],[136.22285,36.11441],[136.22279,36.11488],[136.22385,36.11502],[136.22389,36.11497],[136.22395,36.11453]]]}},{"type":"Feature","properties":{"pid":"97cc7b10-29a6-487a-9987-c631e0544579","full":88.7},"geometry":{"type":"Polygon","coordinates":[[[136.22288,36.11387],[136.22177,36.11377],[136.22164,36.1147],[136.22274,36.11487],[136.22288,36.11387]]]}},{"type":"Feature","properties":{"pid":"018489cb-a28c-44c8-92e2-765eef956a79","full":22.8},"geometry":{"type":"Polygon","coordinates":[[[136.22401,36.1142],[136.22289,36.1141],[136.22285,36.11441],[136.22396,36.11452],[136.22401,36.1142]]]}},{"type":"Feature","properties":{"pid":"49cbf8cb-aa9f-40d5-a652-1b77c6ca0d27","full":24.6},"geometry":{"type":"Polygon","coordinates":[[[136.22405,36.11386],[136.22294,36.11376],[136.22289,36.11409],[136.22398,36.11419],[136.22398,36.11417],[136.22401,36.11418],[136.22405,36.11386]]]}},{"type":"Feature","properties":{"pid":"54833a20-0f7b-4e1a-8bab-f7a79807d211","full":122.3},"geometry":{"type":"Polygon","coordinates":[[[136.22067,36.11279],[136.22175,36.1129],[136.2218,36.1126],[136.22183,36.11234],[136.22184,36.11206],[136.22183,36.11191],[136.22177,36.1116],[136.22175,36.11154],[136.22154,36.11149],[136.22149,36.11146],[136.22088,36.11135],[136.22067,36.11279]]]}},{"type":"Feature","properties":{"pid":"166e3168-8ad7-48a7-aca4-0605bd3c311e","full":53.2},"geometry":{"type":"Polygon","coordinates":[[[136.22308,36.1124],[136.22197,36.11229],[136.22188,36.11291],[136.223,36.11301],[136.22308,36.1124]]]}},{"type":"Feature","properties":{"pid":"615b2406-00e3-41cd-bfb4-05f0394a1925","full":20.4},"geometry":{"type":"Polygon","coordinates":[[[136.22197,36.11228],[136.22308,36.11239],[136.22312,36.1121],[136.22202,36.11199],[136.22197,36.11228]]]}},{"type":"Feature","properties":{"pid":"9cdfe934-3b10-4414-8589-84024bcb8c82","full":34.0},"geometry":{"type":"Polygon","coordinates":[[[136.22182,36.11339],[136.22293,36.11349],[136.22299,36.11306],[136.22187,36.11297],[136.22182,36.11339]]]}},{"type":"Feature","properties":{"pid":"eae81ed3-6ad3-4005-9374-61417a9f27ab","full":26.8},"geometry":{"type":"Polygon","coordinates":[[[136.22177,36.11375],[136.22288,36.11386],[136.22293,36.1135],[136.22182,36.1134],[136.22177,36.11375]]]}},{"type":"Feature","properties":{"pid":"b6df0b37-523b-46bf-8b6d-1a3fef01fe29","full":57.0},"geometry":{"type":"Polygon","coordinates":[[[136.22303,36.11307],[136.22294,36.11375],[136.22402,36.11385],[136.22403,36.11382],[136.22406,36.11383],[136.2241,36.1135],[136.22394,36.11316],[136.22393,36.11315],[136.22303,36.11307]]]}},{"type":"Feature","properties":{"pid":"c2b23340-bff8-4275-9c74-0d1936234290","full":43.3},"geometry":{"type":"Polygon","coordinates":[[[136.22338,36.11174],[136.22323,36.11172],[136.22306,36.11301],[136.22394,36.11309],[136.22378,36.1127],[136.22365,36.11272],[136.22355,36.11219],[136.22338,36.11174]]]}},{"type":"Feature","properties":{"pid":"176ee5f5-26cd-4f2f-9063-aabdf63245d6","full":43.6},"geometry":{"type":"Polygon","coordinates":[[[136.22419,36.11362],[136.22414,36.11363],[136.22396,36.11503],[136.2241,36.11504],[136.22423,36.11504],[136.22444,36.11503],[136.22462,36.11501],[136.22478,36.11501],[136.22419,36.11362]]]}}],"precision":5}