{"type":"FeatureCollection","features":[{"type":"Feature","properties":{"pid":"36452211-8723-4d2b-ae12-75a412a859b0"},"geometry":{"type":"Polygon","coordinates":[[[136.11615448791184,35.957374480057915],[136.116173452731,35.95737446154104],[136.11615497054257,35.95694064376353],[136.11613839589108,35.9569429263915],[136.11615448791184,35.957374480057915]]]}},{"type":"Feature","properties":{"pid":"701faade-55e9-4f82-809e-aa23755f62c5"},"geometry":{"type":"Polygon","coordinates":[[[136.11629970113174,35.956927822486044],[136.11631012829477,35.95736469875732],[136.11635508920656,35.95736389392228],[136.11633354603867,35.956926051139675],[136.11629970113174,35.956927822486044]]]}},{"type":"Feature","properties":{"pid":"009c39dd-f860-4560-ae80-dde0b5ffee25"},"geometry":{"type":"Polygon","coordinates":[[[136.11666664361087,35.95735439511433],[136.1167276213334,35.957352352502284],[136.11670564897756,35.95691916222258],[136.11665406573252,35.9569462298792],[136.11666664361087,35.95735439511433]]]}},{"type":"Feature","properties":{"pid":"255e7457-fc61-45e0-a13e-68a3a8bc9b4c"},"geometry":{"type":"Polygon","coordinates":[[[136.11686044934024,35.95693214951852],[136.1168867440411,35.957347970842754],[136.11711441555255,35.95732183103129],[136.11715788483852,35.95733705244955],[136.11744377102758,35.95732118967375],[136.11742296856949,35.95691074709739],[136.11686044934024,35.95693214951852]]]}},{"type":"Feature","properties":{"pid":"3809dcd9-450d-457b-b634-6f60bdbffa6f"},"geometry":{"type":"Polygon","coordinates":[[[136.11842790291485,35.95748123358393],[136.11851442059088,35.95742307410782],[136.11849155522236,35.95684757031961],[136.1183788012662,35.95685079426521],[136.11842790291485,35.95748123358393]]]}},{"type":"Feature","properties":{"pid":"5b977706-95e1-440f-9b47-cc4894506349"},"geometry":{"type":"Polygon","coordinates":[[[136.1181496883008,35.95731296465341],[136.1181974953682,35.957309804169356],[136.11817773644214,35.95685832450128],[136.11811824143768,35.95686072161558],[136.1181496883008,35.95731296465341]]]}},{"type":"Feature","properties":{"pid":"3ac123cd-5b14-4af2-8819-f033eba0ee41"},"geometry":{"type":"Polygon","coordinates":[[[136.11802212377108,35.957316480973155],[136.11799450485083,35.95686681502618],[136.1179359079346,35.95686968473942],[136.11796513096047,35.95731661647037],[136.11802212377108,35.957316480973155]]]}},{"type":"Feature","properties":{"pid":"0ffb2d9a-23b6-4e4d-b7dc-177a3e61628b"},"geometry":{"type":"Polygon","coordinates":[[[136.11780829723475,35.95687310450543],[136.11777199464908,35.956894400827],[136.11778298456204,35.957326291571185],[136.11783998274151,35.957323004688824],[136.11780829723475,35.95687310450543]]]}},{"type":"Feature","properties":{"pid":"64158af4-0cfb-475d-808b-1665765279c2"},"geometry":{"type":"Polygon","coordinates":[[[136.1176211740159,35.956881193270775],[136.11756674757524,35.95688404954021],[136.1175930302537,35.9573379348009],[136.11764450831626,35.95733470515265],[136.1176211740159,35.956881193270775]]]}},{"type":"Feature","properties":{"pid":"1237cc84-2014-4f5c-82cd-26abaf6bbffa"},"geometry":{"type":"Polygon","coordinates":[[[136.11736415160144,35.956729832979825],[136.11740814298702,35.95672737284599],[136.117388244326,35.956271296625275],[136.1173408970842,35.956272356088284],[136.11736415160144,35.956729832979825]]]}},{"type":"Feature","properties":{"pid":"3283bb26-04dd-4466-ad43-2977e980d2c5"},"geometry":{"type":"Polygon","coordinates":[[[136.11756073968667,35.9567203748798],[136.11758619987134,35.95671899988012],[136.11756602314009,35.95626317895699],[136.11752577577766,35.95626636523796],[136.11756073968667,35.9567203748798]]]}},{"type":"Feature","properties":{"pid":"5f8115f1-6922-4dce-9655-2dd6fa8fbf2f"},"geometry":{"type":"Polygon","coordinates":[[[136.11835892479596,35.95624355380501],[136.11839070466493,35.95669454576138],[136.118701684348,35.95668450681037],[136.11867973423688,35.956241734473586],[136.11835892479596,35.95624355380501]]]}},{"type":"Feature","properties":{"pid":"e57f1732-b032-4371-800a-e85377238dd9"},"geometry":{"type":"Polygon","coordinates":[[[136.11773514435544,35.95670796349864],[136.1181766187065,35.956695798379414],[136.11815411259474,35.95632511034146],[136.118103397367,35.95630542558349],[136.11809298456134,35.95624618424892],[136.11771320703363,35.956263282998556],[136.11773514435544,35.95670796349864]]]}},{"type":"Feature","properties":{"pid":"13ea2026-a084-4d78-8196-3da799522e17"},"geometry":{"type":"Polygon","coordinates":[[[136.11718464818753,35.95673630782873],[136.11722630278376,35.956734875350534],[136.11720301613965,35.95627950154026],[136.11715957517472,35.95628145294717],[136.11718464818753,35.95673630782873]]]}},{"type":"Feature","properties":{"pid":"75912311-9467-402d-9900-a019704305ea"},"geometry":{"type":"Polygon","coordinates":[[[136.11700476674474,35.95674163677887],[136.11705058275655,35.956740101749276],[136.11702207538207,35.956284678459426],[136.11697446447695,35.95628676239437],[136.11700476674474,35.95674163677887]]]}},{"type":"Feature","properties":{"pid":"3ac40be1-ef5d-485c-8398-3bcb2d571fda"},"geometry":{"type":"Polygon","coordinates":[[[136.11681636720678,35.95674610563332],[136.1168766464212,35.95674482667448],[136.11684781718165,35.95629426031034],[136.1167902620566,35.956296703044075],[136.11681636720678,35.95674610563332]]]}},{"type":"Feature","properties":{"pid":"170ad334-9d7a-49f6-b509-d064bcaeecda"},"geometry":{"type":"Polygon","coordinates":[[[136.11663417366844,35.956747123643495],[136.11668730187642,35.956747063658526],[136.116657814465,35.9563062070543],[136.11661062657896,35.95630770941848],[136.11663417366844,35.956747123643495]]]}},{"type":"Feature","properties":{"pid":"44f097a5-395d-414e-8b55-04b1732f62e8"},"geometry":{"type":"Polygon","coordinates":[[[136.1162803232542,35.956762536391864],[136.11634212732682,35.95676365882701],[136.11631102196213,35.956322076051656],[136.11626089084356,35.956323692426004],[136.1162803232542,35.956762536391864]]]}},{"type":"Feature","properties":{"pid":"2ef69d8e-8fce-4eb2-8e78-f46ea134f103"},"geometry":{"type":"Polygon","coordinates":[[[136.11610585200222,35.95676559577857],[136.11614848900035,35.95676601653811],[136.11612593592986,35.95632751230488],[136.11608297938938,35.9563303480151],[136.11610585200222,35.95676559577857]]]}},{"type":"Feature","properties":{"pid":"7163148a-637d-474f-811a-daf4398740d9"},"geometry":{"type":"Polygon","coordinates":[[[136.11575476354247,35.95677102770673],[136.11577274148922,35.956770770681565],[136.11575330072242,35.95634513434874],[136.11571953217333,35.95634752049804],[136.11575476354247,35.95677102770673]]]}},{"type":"Feature","properties":{"pid":"5162815a-a8b0-4b0d-8264-5b335c3cf239"},"geometry":{"type":"Polygon","coordinates":[[[136.11591245681396,35.956768929261685],[136.11595101575006,35.9567694410368],[136.11592610379142,35.95633547173569],[136.1158883708666,35.95633796048767],[136.11591245681396,35.956768929261685]]]}},{"type":"Feature","properties":{"pid":"a4f2eee6-c040-437b-a538-350368c9d84a"},"geometry":{"type":"Polygon","coordinates":[[[136.1138510432733,35.951941560567406],[136.11397293039113,35.95193573155316],[136.1139813538437,35.951863872706404],[136.11388361189015,35.95185684956108],[136.1138509688543,35.95188963116337],[136.1138510432733,35.951941560567406]]]}},{"type":"Feature","properties":{"pid":"77f54b02-a867-4f3c-a148-c4e6b31c6fac"},"geometry":{"type":"Polygon","coordinates":[[[136.11421356895067,35.95177791821817],[136.11423080238376,35.95177763239875],[136.11425905730027,35.951670248155146],[136.11432150738145,35.95162592770549],[136.1143184059482,35.95155598677251],[136.11426650593904,35.951563727656826],[136.1142700070726,35.95163514308253],[136.1142193906374,35.95168096764872],[136.11421356895067,35.95177791821817]]]}},{"type":"Feature","properties":{"pid":"3e905b40-e90d-42d4-9946-d353586e02c1"},"geometry":{"type":"Polygon","coordinates":[[[136.11427437788709,35.95213666412289],[136.11435587890944,35.95221359679788],[136.11437202282323,35.95224821109446],[136.1143903917576,35.952244714183394],[136.1143978346287,35.952127638364566],[136.11429795948115,35.952091764467156],[136.11427437788709,35.95213666412289]]]}},{"type":"Feature","properties":{"pid":"0be45840-8142-446a-a89a-90f5ac3e09a0"},"geometry":{"type":"Polygon","coordinates":[[[136.11530605066176,35.9490374179964],[136.11546338928503,35.9492740155747],[136.1158706137647,35.94894701723563],[136.1156436851606,35.9487686542967],[136.11530605066176,35.9490374179964]]]}},{"type":"Feature","properties":{"pid":"770cbc7f-8cc0-4f44-9215-1aec85694420"},"geometry":{"type":"Polygon","coordinates":[[[136.11590671940132,35.94959254393103],[136.1163079913032,35.94928466979351],[136.11600716327695,35.94905239794065],[136.11557274458832,35.94938880537131],[136.115686214781,35.94947792204795],[136.11590671940132,35.94959254393103]]]}},{"type":"Feature","properties":{"pid":"8f094955-9cda-439b-af1c-fe1c9fe91ceb"},"geometry":{"type":"Polygon","coordinates":[[[136.1154354341474,35.95036557113368],[136.11559912450477,35.95032273371973],[136.11571602316016,35.950319417425426],[136.11567448143393,35.95025642709915],[136.11558934957648,35.95028699380746],[136.1155425011254,35.95027851133543],[136.11542792634788,35.950117661025075],[136.11537701028897,35.95007938474214],[136.11531706519648,35.95009858918426],[136.1154354341474,35.95036557113368]]]}},{"type":"Feature","properties":{"pid":"7d5a15a0-4c92-42b0-8487-7c826430106d"},"geometry":{"type":"Polygon","coordinates":[[[136.1150970917919,35.949964754664904],[136.11517140839328,35.9499415204192],[136.11509413935428,35.949837288355006],[136.11501859955123,35.949869437195595],[136.1150970917919,35.949964754664904]]]}},{"type":"Feature","properties":{"pid":"6c109d8d-cd04-4fe8-8192-d811a6d6edd0"},"geometry":{"type":"Polygon","coordinates":[[[136.1160452433763,35.94962208219926],[136.11634267272603,35.949641272490496],[136.11659127817316,35.94968490022063],[136.11669684187098,35.94959769316232],[136.11639339309122,35.949354225810836],[136.1160452433763,35.94962208219926]]]}},{"type":"Feature","properties":{"pid":"78732650-b222-457d-a8aa-7dd40a0068ee"},"geometry":{"type":"Polygon","coordinates":[[[136.1165512579794,35.94926035142499],[136.11666686699604,35.94935544533916],[136.11714637196195,35.9489460977645],[136.11703031300027,35.94885484980486],[136.1165512579794,35.94926035142499]]]}},{"type":"Feature","properties":{"pid":"1e882864-838a-4aac-a090-38259f308566"},"geometry":{"type":"Polygon","coordinates":[[[136.11675396862648,35.94942253987721],[136.1167882506033,35.949446975477166],[136.11726622589956,35.949037816153435],[136.11723295668827,35.949011917432394],[136.11675396862648,35.94942253987721]]]}},{"type":"Feature","properties":{"pid":"02880f9d-b433-4b6a-9271-ca1e5f7ad81e"},"geometry":{"type":"Polygon","coordinates":[[[136.1171001097468,35.94969040806378],[136.11758675448948,35.949284014389804],[136.11741339294102,35.94915261196459],[136.11693497027352,35.949557219111945],[136.1171001097468,35.94969040806378]]]}},{"type":"Feature","properties":{"pid":"bf00b0fd-4713-4d29-a070-1639b32c0adc"},"geometry":{"type":"Polygon","coordinates":[[[136.1167166781351,35.94976015134976],[136.11704263446344,35.949907128992905],[136.11707932451498,35.9498756158161],[136.11682062308998,35.949669141069464],[136.1167166781351,35.94976015134976]]]}},{"type":"Feature","properties":{"pid":"5e7206a2-905c-4964-9aee-9a917e764c3b"},"geometry":{"type":"Polygon","coordinates":[[[136.11734161204174,35.94988606730814],[136.11741962956168,35.94994809436156],[136.11789408413782,35.949534653165266],[136.11782103217112,35.94947170154993],[136.11734161204174,35.94988606730814]]]}},{"type":"Feature","properties":{"pid":"9c25e2e8-d854-41e4-a6fc-2905d3e212af"},"geometry":{"type":"Polygon","coordinates":[[[136.11718322222677,35.94975932190868],[136.11725644420204,35.94981763656439],[136.11773672822272,35.94940176354644],[136.1176711417742,35.949351302977966],[136.11718322222677,35.94975932190868]]]}},{"type":"Feature","properties":{"pid":"ee3e40c4-280d-4a19-abcc-fc8d5089f38e"},"geometry":{"type":"Polygon","coordinates":[[[136.1177993404581,35.94924721288772],[136.11802291621143,35.9494316211411],[136.11831729483598,35.94917549332023],[136.11822583319972,35.949120575944626],[136.1181026311162,35.948990652233775],[136.1177993404581,35.94924721288772]]]}},{"type":"Feature","properties":{"pid":"7215b4ae-ef26-41ba-b90e-71704bd3ccd2"},"geometry":{"type":"Polygon","coordinates":[[[136.11830648215087,35.94966684068495],[136.11869389682087,35.94935297750658],[136.1184876093721,35.949247133168726],[136.11815447252513,35.94954466368746],[136.11830648215087,35.94966684068495]]]}},{"type":"Feature","properties":{"pid":"350c97d5-db21-4701-8729-c9ba34fc04da"},"geometry":{"type":"Polygon","coordinates":[[[136.1179271036397,35.95044466823494],[136.1180615492171,35.950552683423126],[136.11860739310728,35.950089239795076],[136.11846884508256,35.949978332774684],[136.1179271036397,35.95044466823494]]]}},{"type":"Feature","properties":{"pid":"facacec7-920b-4b8f-b80a-5544fb7f0888"},"geometry":{"type":"Polygon","coordinates":[[[136.11784357948932,35.95037059410292],[136.11837934042157,35.94991124915462],[136.11804252710124,35.94964128890637],[136.11754030808237,35.95008381977015],[136.11753864901291,35.95013859226822],[136.11784357948932,35.95037059410292]]]}},{"type":"Feature","properties":{"pid":"a699c015-7a4c-4a4c-8ae8-254e7c03aa48"},"geometry":{"type":"Polygon","coordinates":[[[136.11879415194505,35.95022770913752],[136.11869914264312,35.950157710843754],[136.11815932503345,35.950621859452234],[136.11825508049398,35.95069360302641],[136.11879415194505,35.95022770913752]]]}},{"type":"Feature","properties":{"pid":"25fd765c-6d40-4fdc-bea7-be72ada8d8a0"},"geometry":{"type":"Polygon","coordinates":[[[136.1180095559014,35.95071960074605],[136.1181003992826,35.95081735573717],[136.11833360900084,35.950958003419316],[136.11815151106723,35.95082139809978],[136.1180095559014,35.95071960074605]]]}},{"type":"Feature","properties":{"pid":"56889972-0a69-49af-9565-83245d52ec70"},"geometry":{"type":"Polygon","coordinates":[[[136.11832624080373,35.9512926991315],[136.11844463714309,35.95141493120669],[136.11865081237931,35.951286506865166],[136.11845789514996,35.951306783432166],[136.11832624080373,35.9512926991315]]]}},{"type":"Feature","properties":{"pid":"934670dd-5fbb-41b1-8c70-6b47a078498d"},"geometry":{"type":"Polygon","coordinates":[[[136.1178950954042,35.9523697761894],[136.11789689451473,35.952412805163995],[136.11791995415635,35.95251633983309],[136.11797643725083,35.952453805676015],[136.1178950954042,35.9523697761894]]]}},{"type":"Feature","properties":{"pid":"07a8f6f7-f57a-4baf-8662-238fdcf6ff95"},"geometry":{"type":"Polygon","coordinates":[[[136.11802528823915,35.951964796128784],[136.11843794947595,35.95172427825612],[136.1183350687622,35.95161921074845],[136.11800481448304,35.951819038192745],[136.11802528823915,35.951964796128784]]]}},{"type":"Feature","properties":{"pid":"baa209f0-c86b-4189-952c-62a3e5dca1f5"},"geometry":{"type":"Polygon","coordinates":[[[136.11807716891306,35.95235652044121],[136.1180963589552,35.952375262156764],[136.11869203958128,35.95200284433807],[136.1186690510431,35.951976709504365],[136.11807716891306,35.95235652044121]]]}},{"type":"Feature","properties":{"pid":"7eedf18c-bb0b-4ca4-afd5-3bea0f2e47bd"},"geometry":{"type":"Polygon","coordinates":[[[136.11795267973403,35.95222933749667],[136.11800125400922,35.95227967443025],[136.11842401987028,35.95200821345516],[136.11832924949408,35.951913295817505],[136.11804071143902,35.95208613350802],[136.11795267973403,35.95222933749667]]]}},{"type":"Feature","properties":{"pid":"e16c48bc-6855-45ea-8466-53588fe29c18"},"geometry":{"type":"Polygon","coordinates":[[[136.1182628167095,35.953257411919296],[136.11856881490968,35.953064001457214],[136.1183635828456,35.95285971459618],[136.11818422377598,35.9529847417415],[136.1181916605662,35.953081084360036],[136.1182628167095,35.953257411919296]]]}},{"type":"Feature","properties":{"pid":"f5664271-f235-4ffd-8dbe-be0089de9297"},"geometry":{"type":"Polygon","coordinates":[[[136.11845518198385,35.95339215245852],[136.11870804759266,35.95322266894207],[136.11863663655595,35.95314248075932],[136.11834347002792,35.95333019753135],[136.11845518198385,35.95339215245852]]]}},{"type":"Feature","properties":{"pid":"09d24290-d34a-4e15-8d68-03bec50fe162"},"geometry":{"type":"Polygon","coordinates":[[[136.1177993142152,35.95413391082748],[136.11780551185157,35.95429266164554],[136.1179960293226,35.95428770809067],[136.11798982487767,35.954121807114944],[136.1177993142152,35.95413391082748]]]}},{"type":"Feature","properties":{"pid":"ba8b3d03-c473-4e41-9735-714afecad7a4"},"geometry":{"type":"Polygon","coordinates":[[[136.11736192779696,35.95402809588862],[136.11723751622705,35.954040392018356],[136.11724319224425,35.9543186353664],[136.11736062045023,35.95430985597391],[136.11736192779696,35.95402809588862]]]}},{"type":"Feature","properties":{"pid":"47477648-ae62-45a5-b071-7478d9ef7b32"},"geometry":{"type":"Polygon","coordinates":[[[136.11687257877017,35.95434192423765],[136.1169295037894,35.95434101955565],[136.1169023324062,35.95388149472014],[136.1168420079158,35.953892603359634],[136.11687257877017,35.95434192423765]]]}},{"type":"Feature","properties":{"pid":"e495a86c-6cb8-4aa9-9e99-217f74d7f028"},"geometry":{"type":"Polygon","coordinates":[[[136.1167004405337,35.95435666115387],[136.11675440508367,35.95435414838817],[136.11672704839492,35.953907595231954],[136.11667026717683,35.95391315718871],[136.1167004405337,35.95435666115387]]]}},{"type":"Feature","properties":{"pid":"e05fe010-7c22-490e-87a1-1274711935a2"},"geometry":{"type":"Polygon","coordinates":[[[136.11625678844106,35.95377385268194],[136.11639371904116,35.95376008539621],[136.1164152425676,35.9536890977745],[136.11639279530397,35.95365913580753],[136.11640031005817,35.95360566019606],[136.11624116668756,35.95364137450754],[136.11625678844106,35.95377385268194]]]}},{"type":"Feature","properties":{"pid":"48f77079-3291-432d-9479-df55cdabbbda"},"geometry":{"type":"Polygon","coordinates":[[[136.11624410242177,35.95351118919404],[136.1164349536663,35.953481356906615],[136.11645405794633,35.953463390471775],[136.1164743288944,35.95335632082143],[136.11626880287218,35.95336471203068],[136.11627170456813,35.95346946339058],[136.11624410242177,35.95351118919404]]]}},{"type":"Feature","properties":{"pid":"aa72c7ff-9db4-434b-b847-7cf5661ca200"},"geometry":{"type":"Polygon","coordinates":[[[136.11626425484056,35.953253669440116],[136.11644803388248,35.953243637272166],[136.11645841929828,35.95316187261088],[136.11628271398698,35.953171541432255],[136.11625816089654,35.95319626282531],[136.11626425484056,35.953253669440116]]]}},{"type":"Feature","properties":{"pid":"2d94daea-25ef-4af5-b2b8-3d9e1d47f14e"},"geometry":{"type":"Polygon","coordinates":[[[136.11713194182138,35.9534492480901],[136.11724692743465,35.95343485970718],[136.11724432357437,35.95336868849864],[136.11727351202617,35.953338696340616],[136.11742683350815,35.95332609463895],[136.11741581510128,35.95324649287826],[136.11727511899932,35.953254165820745],[136.11727072923958,35.953312750593],[136.117253828034,35.9533354715073],[136.11712746358407,35.953356780389115],[136.11713194182138,35.9534492480901]]]}},{"type":"Feature","properties":{"pid":"c068f2d1-2ee1-4816-8dcf-125bfd166e1e"},"geometry":{"type":"Polygon","coordinates":[[[136.1144510750797,35.95330142338108],[136.11448609874705,35.95330163380753],[136.11450051877506,35.953253261587314],[136.11449734783395,35.95317688412982],[136.11444347667617,35.95317553906046],[136.1144510750797,35.95330142338108]]]}},{"type":"Feature","properties":{"pid":"117f9e7f-97f5-4ac1-8330-9a6d89a641f5"},"geometry":{"type":"Polygon","coordinates":[[[136.11612280799952,35.953669553032746],[136.11589122471491,35.953716981486224],[136.11590041673418,35.95380949070334],[136.11613640908791,35.9537901425954],[136.11612280799952,35.953669553032746]]]}},{"type":"Feature","properties":{"pid":"ac6142ca-e32c-46f5-8929-f24ff14925bf"},"geometry":{"type":"Polygon","coordinates":[[[136.11536099665548,35.95403749202175],[136.11558526943747,35.954006912778304],[136.11558021926575,35.95396512873564],[136.1153550433036,35.9540122142942],[136.11536099665548,35.95403749202175]]]}},{"type":"Feature","properties":{"pid":"0b33b293-0efe-458d-bd5d-0f8b65181302"},"geometry":{"type":"Polygon","coordinates":[[[136.1159216214529,35.95398172411799],[136.1159384954495,35.954249725374375],[136.116118274507,35.95424495341569],[136.116067832449,35.9539670379101],[136.1159216214529,35.95398172411799]]]}},{"type":"Feature","properties":{"pid":"a37f0169-1f7f-4c87-9d2b-a96f6766ae2a"},"geometry":{"type":"Polygon","coordinates":[[[136.11547555758605,35.95487579850946],[136.11552390321162,35.95506986002914],[136.11579159813283,35.955040271467325],[136.11577692614512,35.95485170054603],[136.1156515850545,35.95484920329398],[136.11547555758605,35.95487579850946]]]}},{"type":"Feature","properties":{"pid":"11a269f5-5700-47b0-8f29-ac9483ecdd48"},"geometry":{"type":"Polygon","coordinates":[[[136.11519082321456,35.95508127785552],[136.11538333077777,35.95507998779571],[136.1153537257544,35.95490816942138],[136.1151700493085,35.95493705297629],[136.11519082321456,35.95508127785552]]]}},{"type":"Feature","properties":{"pid":"cca5f007-13af-4e17-a718-50506e866c3a"},"geometry":{"type":"Polygon","coordinates":[[[136.11518523217683,35.95417366216901],[136.1152738203454,35.95422370610792],[136.11537783524327,35.954446088928776],[136.1154369153944,35.954431246279974],[136.1154400416115,35.95439111471042],[136.11540477556673,35.95435511448173],[136.115394781385,35.954158345058346],[136.11518523217683,35.95417366216901]]]}},{"type":"Feature","properties":{"pid":"b4dc51ac-3eca-413c-a1c3-05f7c773a283"},"geometry":{"type":"Polygon","coordinates":[[[136.1151454131567,35.955762232045586],[136.1151686389681,35.955918590737376],[136.11534116799066,35.9562138265339],[136.11538444851288,35.956209646736326],[136.11536658465357,35.95576048296973],[136.1151454131567,35.955762232045586]]]}},{"type":"Feature","properties":{"pid":"7b0c99ff-1410-4b81-8fe6-2f7a61978ff2"},"geometry":{"type":"Polygon","coordinates":[[[136.1147797534177,35.955084133384325],[136.11486289274674,35.95518211550324],[136.11494155405435,35.95526957122246],[136.1149695563697,35.95512796419634],[136.114956505342,35.95504973783285],[136.1147797534177,35.955084133384325]]]}},{"type":"Feature","properties":{"pid":"1a36a12c-164f-4075-bd4f-a3822889f8c0"},"geometry":{"type":"Polygon","coordinates":[[[136.1151572314648,35.95557036176158],[136.1155169034536,35.955544303358806],[136.11550230070725,35.95524761702851],[136.1152025976033,35.95526434971936],[136.11514747792364,35.95543286385492],[136.1151572314648,35.95557036176158]]]}},{"type":"Feature","properties":{"pid":"57532cd3-1350-4b53-879a-47689d1846e3"},"geometry":{"type":"Polygon","coordinates":[[[136.11601279368836,35.95555720403007],[136.11606913388167,35.95555506279177],[136.11604895030558,35.95524589766046],[136.1159976286086,35.955245902744274],[136.11601279368836,35.95555720403007]]]}},{"type":"Feature","properties":{"pid":"3fd1ed30-5441-4a61-85bd-19892becbd7d"},"geometry":{"type":"Polygon","coordinates":[[[136.11552891096485,35.95620922634435],[136.1156949674054,35.95620417989748],[136.11567510376338,35.95574867617577],[136.11551382116946,35.955756404464175],[136.11552891096485,35.95620922634435]]]}},{"type":"Feature","properties":{"pid":"463e49ec-61cb-48ad-ae77-4225afad56f7"},"geometry":{"type":"Polygon","coordinates":[[[136.11588182825463,35.95619133976685],[136.11591593417685,35.9561883031175],[136.11589638744545,35.95573595363669],[136.115856172314,35.95573769788652],[136.11588182825463,35.95619133976685]]]}},{"type":"Feature","properties":{"pid":"c9d5c914-9bf6-4b7c-b9cc-738e6abf77ba"},"geometry":{"type":"Polygon","coordinates":[[[136.11605717276194,35.956176050963556],[136.11609772250873,35.956172217337425],[136.11607688619966,35.95573311908157],[136.1160275625051,35.955734809968426],[136.11605717276194,35.956176050963556]]]}},{"type":"Feature","properties":{"pid":"4538f6fc-2a7d-49d6-89bf-d238b6ba4512"},"geometry":{"type":"Polygon","coordinates":[[[136.11624218783044,35.95616460141403],[136.11626824821784,35.9561629151274],[136.11625378013377,35.955728098597],[136.1162158401051,35.95573066952257],[136.11624218783044,35.95616460141403]]]}},{"type":"Feature","properties":{"pid":"c9403054-b7c4-4492-a87a-8e0fe0318a41"},"geometry":{"type":"Polygon","coordinates":[[[136.11664991005347,35.95614975552529],[136.11672672524998,35.95614699807203],[136.11670172690233,35.95569895836532],[136.11662879900948,35.95570085234941],[136.11664991005347,35.95614975552529]]]}},{"type":"Feature","properties":{"pid":"6328e923-b7f9-465c-b0bd-5e391e7c0357"},"geometry":{"type":"Polygon","coordinates":[[[136.11647977409416,35.956155711801905],[136.1165305624798,35.956154617294516],[136.11650604639325,35.95570574370671],[136.11645691813098,35.955707327745905],[136.11647977409416,35.956155711801905]]]}},{"type":"Feature","properties":{"pid":"4c960558-c527-47bb-8571-da35b1e7278b"},"geometry":{"type":"Polygon","coordinates":[[[136.11685892673012,35.95614479545957],[136.116955061342,35.956141548187205],[136.11693571639603,35.955698096439015],[136.11683982453198,35.95570303553767],[136.11685892673012,35.95614479545957]]]}},{"type":"Feature","properties":{"pid":"60e27044-a458-466a-a34c-65cdf391d62d"},"geometry":{"type":"Polygon","coordinates":[[[136.11709341314395,35.956141915838955],[136.1172001429138,35.956140493545895],[136.117179230978,35.95569381975653],[136.11706420588845,35.95569773747502],[136.11709341314395,35.956141915838955]]]}},{"type":"Feature","properties":{"pid":"7a44f4bc-375b-4cd9-afa1-0610ad4b154a"},"geometry":{"type":"Polygon","coordinates":[[[136.11712863674236,35.95553088386165],[136.11719544712543,35.95552890159337],[136.11717390016017,35.95508037042298],[136.11710369253134,35.95508109549102],[136.11712863674236,35.95553088386165]]]}},{"type":"Feature","properties":{"pid":"573cca9f-bcbb-4e56-97f8-3428a714bd2d"},"geometry":{"type":"Polygon","coordinates":[[[136.11693226256654,35.955539599180206],[136.11700341258697,35.95553753473081],[136.11698010341897,35.95508442139873],[136.11690377664533,35.95508587503836],[136.11693226256654,35.955539599180206]]]}},{"type":"Feature","properties":{"pid":"e20c6c52-767b-4faf-920a-6421777520fd"},"geometry":{"type":"Polygon","coordinates":[[[136.11675721987098,35.9555482389701],[136.11680213694987,35.955546353094604],[136.11678165966848,35.95511020752326],[136.11673188151016,35.95511275914715],[136.11675721987098,35.9555482389701]]]}},{"type":"Feature","properties":{"pid":"1db00a3b-aebe-4307-8269-ba40f81e97b1"},"geometry":{"type":"Polygon","coordinates":[[[136.1164356968934,35.955557801302255],[136.11662073629665,35.955551862975405],[136.11659786810253,35.95512071680965],[136.1164340205479,35.95512744291106],[136.11641325805167,35.95518689863138],[136.1164356968934,35.955557801302255]]]}},{"type":"Feature","properties":{"pid":"80d4fa12-3387-4063-ac61-eea6e20d4091"},"geometry":{"type":"Polygon","coordinates":[[[136.11620854367723,35.955554280485416],[136.11624193010954,35.955553554403885],[136.11622760897498,35.95522452677016],[136.11619360629726,35.95522506770374],[136.11620854367723,35.955554280485416]]]}},{"type":"Feature","properties":{"pid":"adcc65bf-565e-4989-8c88-6a1e8f019950"},"geometry":{"type":"Polygon","coordinates":[[[136.11822685407842,35.95429467992339],[136.11824862708036,35.954321359042595],[136.11827932741826,35.95452578162432],[136.11845654557973,35.95452142249709],[136.11843412007377,35.954089338747906],[136.11820886681284,35.95408505502434],[136.11822685407842,35.95429467992339]]]}},{"type":"Feature","properties":{"pid":"bd5d2af6-3501-4e60-9b98-9d1a85bc84d6"},"geometry":{"type":"Polygon","coordinates":[[[136.11849776579737,35.95548499153126],[136.1185187013006,35.95548457490084],[136.11846787121988,35.95467766210392],[136.11845223220965,35.954678607988726],[136.11849776579737,35.95548499153126]]]}},{"type":"Feature","properties":{"pid":"12b349a1-e4d4-45e1-b681-8bc94b617f69"},"geometry":{"type":"Polygon","coordinates":[[[136.1182947605451,35.95549202312129],[136.11836910003814,35.95548422300133],[136.11834816837333,35.95503778648012],[136.118270412976,35.95503848944552],[136.1182947605451,35.95549202312129]]]}},{"type":"Feature","properties":{"pid":"190f7800-b119-401c-bcf5-e37ffdc4310d"},"geometry":{"type":"Polygon","coordinates":[[[136.11786404096833,35.955502745978904],[136.1180908547343,35.95550056812579],[136.1180577157269,35.955064738713254],[136.11784141917963,35.955077644235224],[136.11786404096833,35.955502745978904]]]}},{"type":"Feature","properties":{"pid":"9b1f68aa-45ab-4385-a4c0-306366841dd8"},"geometry":{"type":"Polygon","coordinates":[[[136.11767408427772,35.95550941814313],[136.11773659863604,35.955506244735545],[136.11771272446862,35.95508209792122],[136.1176569196062,35.95508389466664],[136.11767408427772,35.95550941814313]]]}},{"type":"Feature","properties":{"pid":"40308df4-1390-43aa-a9c6-25a060ee2899"},"geometry":{"type":"Polygon","coordinates":[[[136.1173687209373,35.95552680617066],[136.11734968281576,35.95509739630438],[136.1172909117131,35.95509902880698],[136.11731452262626,35.95552819483981],[136.1173687209373,35.95552680617066]]]}},{"type":"Feature","properties":{"pid":"d165fba8-dc57-434f-ac3f-15a4dbc392a5"},"geometry":{"type":"Polygon","coordinates":[[[136.11749048473192,35.9555197995343],[136.11754130286897,35.95551644858489],[136.11752737677745,35.955085815511474],[136.11747257998093,35.95508916958087],[136.11749048473192,35.9555197995343]]]}},{"type":"Feature","properties":{"pid":"8f8a32ac-ed3e-48b5-8343-8fcb1feccd24"},"geometry":{"type":"Polygon","coordinates":[[[136.11749599561756,35.95569054763441],[136.1175115766438,35.95613150171706],[136.11756697342912,35.95612857278089],[136.1175434348942,35.955686214875456],[136.11749599561756,35.95569054763441]]]}},{"type":"Feature","properties":{"pid":"af827f80-cd56-4ade-ab91-12aeb81bd491"},"geometry":{"type":"Polygon","coordinates":[[[136.11734356461344,35.95613332664302],[136.11737452397563,35.95613179349682],[136.11736172703337,35.95568631709618],[136.11731167570258,35.95568897508368],[136.11734356461344,35.95613332664302]]]}},{"type":"Feature","properties":{"pid":"fb896f04-2690-4fc2-8820-cc6956d55a24"},"geometry":{"type":"Polygon","coordinates":[[[136.11770569181851,35.95568256974806],[136.11772690161453,35.95612626300933],[136.1181332847196,35.95609862014732],[136.11810976586057,35.955673541018385],[136.11770569181851,35.95568256974806]]]}},{"type":"Feature","properties":{"pid":"396c50e2-3dcd-477d-8730-cf0c9fa0ad00"},"geometry":{"type":"Polygon","coordinates":[[[136.11853445957377,35.95609781727686],[136.11865485770508,35.95609682133824],[136.1186337295261,35.95564107418628],[136.11851493320344,35.955646365945896],[136.11853445957377,35.95609781727686]]]}},{"type":"Feature","properties":{"pid":"b30855a5-7376-4035-9313-b72f69c2704f"},"geometry":{"type":"Polygon","coordinates":[[[136.11831662029496,35.95565550952693],[136.11834346816786,35.95610457189025],[136.11840331976833,35.95610278276392],[136.11838549833726,35.95565646109166],[136.11831662029496,35.95565550952693]]]}},{"type":"Feature","properties":{"pid":"c12e7974-76d5-4b9b-b568-53ce390fbaf2"},"geometry":{"type":"Polygon","coordinates":[[[136.11878395813238,35.956097291548744],[136.11910487467122,35.9560833707832],[136.1190767908325,35.9556253709504],[136.11876101743042,35.95563802759512],[136.11878395813238,35.956097291548744]]]}},{"type":"Feature","properties":{"pid":"18178e85-fdb3-4f96-88b5-e71841df6841"},"geometry":{"type":"Polygon","coordinates":[[[136.11924629367195,35.95607078120844],[136.1195514222541,35.95606070060092],[136.11952518494047,35.95561721935003],[136.11921837718936,35.955623637818086],[136.11924629367195,35.95607078120844]]]}},{"type":"Feature","properties":{"pid":"38d34eaa-d85e-45a1-a1a7-1c6e258ca704"},"geometry":{"type":"Polygon","coordinates":[[[136.119688658365,35.95605821170107],[136.11998772020735,35.95604575420073],[136.11996148067152,35.95559959026772],[136.11966071712587,35.95561205715319],[136.119688658365,35.95605821170107]]]}},{"type":"Feature","properties":{"pid":"18df0e2a-5030-4d42-b8a7-a4425e983dba"},"geometry":{"type":"Polygon","coordinates":[[[136.11867019215782,35.955482304071886],[136.11884875944668,35.95547418605414],[136.11880533029583,35.95466864448397],[136.11859053831174,35.95467698748996],[136.1186393027405,35.955462938448704],[136.11867019215782,35.955482304071886]]]}},{"type":"Feature","properties":{"pid":"389c0874-bfc2-4316-8cdf-d7bd10f35dad"},"geometry":{"type":"Polygon","coordinates":[[[136.11901989839333,35.9554720440474],[136.1191769772504,35.95546707591389],[136.11913983290546,35.954655971208986],[136.11894068679814,35.95466418518068],[136.11898323891947,35.955442555848094],[136.11901989839333,35.9554720440474]]]}},{"type":"Feature","properties":{"pid":"d97441f1-af63-412e-ae0f-ae13bb8fbefc"},"geometry":{"type":"Polygon","coordinates":[[[136.1187849869704,35.954526085193635],[136.11875108787248,35.954026565175326],[136.11855849743623,35.95402140285558],[136.1185877439592,35.954534365996395],[136.1187849869704,35.954526085193635]]]}},{"type":"Feature","properties":{"pid":"e98e3a45-cd51-4403-9800-ca852af8dd47"},"geometry":{"type":"Polygon","coordinates":[[[136.11959763326323,35.954631973595966],[136.119635130522,35.95545726367021],[136.1198399593903,35.95544613005339],[136.11978839594843,35.95461894676958],[136.11959763326323,35.954631973595966]]]}},{"type":"Feature","properties":{"pid":"2674162d-065b-47f4-af1a-d6302f666132"},"geometry":{"type":"Polygon","coordinates":[[[136.12050083299124,35.95542794373519],[136.1204580613581,35.95459553786447],[136.1202527584816,35.95460708891675],[136.12030396888503,35.95543294314192],[136.12050083299124,35.95542794373519]]]}},{"type":"Feature","properties":{"pid":"67117936-5d29-428a-a8d4-a3f8e77a52cb"},"geometry":{"type":"Polygon","coordinates":[[[136.12025399989997,35.95447210113591],[136.1203395657874,35.95447182089509],[136.12031674162407,35.95409197322091],[136.12023471059288,35.954095433363214],[136.12025399989997,35.95447210113591]]]}},{"type":"Feature","properties":{"pid":"7326b5a5-8267-4acc-b456-b18a99120ff3"},"geometry":{"type":"Polygon","coordinates":[[[136.12074131816215,35.95541902131502],[136.12084175147433,35.95541473962733],[136.12079516756958,35.95459141108559],[136.12071118081678,35.954596711495476],[136.12074131816215,35.95541902131502]]]}},{"type":"Feature","properties":{"pid":"39b75caf-b411-48e2-9da1-5ec2d43f1fc1"},"geometry":{"type":"Polygon","coordinates":[[[136.12098083850603,35.95543765247209],[136.12113276922915,35.955511145771155],[136.1210848543059,35.95459246874321],[136.12107024564384,35.954583912956956],[136.12092879857036,35.95458865582905],[136.12098083850603,35.95543765247209]]]}},{"type":"Feature","properties":{"pid":"896c1d37-a0c4-40cc-9882-102ef5443e55"},"geometry":{"type":"Polygon","coordinates":[[[136.12011878195622,35.95604573801104],[136.12042844484424,35.95603068857617],[136.12040555681466,35.955580765477166],[136.12009078933175,35.95559338552736],[136.12011878195622,35.95604573801104]]]}},{"type":"Feature","properties":{"pid":"1259cd56-17bc-401e-bd45-72b35833f4a7"},"geometry":{"type":"Polygon","coordinates":[[[136.12054011732127,35.95590616953038],[136.12059160592918,35.955863436259],[136.1205828937987,35.95557682239447],[136.1205242913752,35.955582048620336],[136.12054011732127,35.95590616953038]]]}},{"type":"Feature","properties":{"pid":"527fc344-356a-4b4e-bb4b-67b052ce63df"},"geometry":{"type":"Polygon","coordinates":[[[136.12238781039997,35.955158116366384],[136.12211480189976,35.95521777215693],[136.12216511694098,35.955316999033904],[136.12244707003026,35.955335074591495],[136.12238781039997,35.955158116366384]]]}},{"type":"Feature","properties":{"pid":"ceb9ca9a-d652-4a09-b811-2df3724e6123"},"geometry":{"type":"Polygon","coordinates":[[[136.12217058126393,35.95545612510292],[136.122304154542,35.95570686320454],[136.12233896729578,35.95573197761998],[136.12246671923648,35.955480763962],[136.12217058126393,35.95545612510292]]]}},{"type":"Feature","properties":{"pid":"1ffd58a5-c914-459c-875d-386e983552d5"},"geometry":{"type":"Polygon","coordinates":[[[136.12271071448802,35.955788610976825],[136.1231108212092,35.95574848076273],[136.12304942881423,35.955522245403635],[136.12282231500177,35.955506743403824],[136.12271071448802,35.955788610976825]]]}},{"type":"Feature","properties":{"pid":"44e6de83-e05a-44e7-ad22-88ba492cad69"},"geometry":{"type":"Polygon","coordinates":[[[136.12331577687084,35.95572465095308],[136.12403099625513,35.95565542976332],[136.12400496143775,35.9555638567923],[136.1239003491985,35.95533913210636],[136.1232663584263,35.9554064703465],[136.12324202222442,35.95547265333402],[136.12331577687084,35.95572465095308]]]}},{"type":"Feature","properties":{"pid":"92b2411c-05f1-4ba3-8571-ac53f76b92a0"},"geometry":{"type":"Polygon","coordinates":[[[136.12331471691482,35.955299644293326],[136.1238513363295,35.955238779751426],[136.12374190570418,35.955053478112006],[136.1234277775489,35.95508915669887],[136.12331471691482,35.955299644293326]]]}},{"type":"Feature","properties":{"pid":"da1f540b-68cf-4846-b365-9d1c7d3a21b5"},"geometry":{"type":"Polygon","coordinates":[[[136.12251467406085,35.95503252755505],[136.12259296900152,35.95525380912158],[136.12274929860232,35.95498602386121],[136.12251467406085,35.95503252755505]]]}},{"type":"Feature","properties":{"pid":"c8910162-b179-4d23-95c5-176a8b6d5dcf"},"geometry":{"type":"Polygon","coordinates":[[[136.12248316272664,35.95493355022364],[136.12281104238477,35.954867020838805],[136.12301559912316,35.9545406745253],[136.12300823100261,35.9544807593608],[136.12280175755737,35.95451068306245],[136.12265233067538,35.95459655814926],[136.1223934665066,35.9546252839752],[136.12248316272664,35.95493355022364]]]}},{"type":"Feature","properties":{"pid":"0ac210e9-e5d4-4d37-aa50-3f05f2e22f3c"},"geometry":{"type":"Polygon","coordinates":[[[136.12222667059723,35.95437127693812],[136.122235564191,35.95417848867726],[136.121723960088,35.9542788287514],[136.12178081502222,35.95445788399194],[136.12222667059723,35.95437127693812]]]}},{"type":"Feature","properties":{"pid":"30197738-03ad-42de-b693-a9c6655080a9"},"geometry":{"type":"Polygon","coordinates":[[[136.12180859739175,35.95455481116606],[136.12185338066885,35.954674065347035],[136.12222488744987,35.95456777329804],[136.12223170633067,35.954473781690275],[136.12180859739175,35.95455481116606]]]}},{"type":"Feature","properties":{"pid":"a6d65dfc-fe53-46ef-8f54-d17bcfdbf447"},"geometry":{"type":"Polygon","coordinates":[[[136.12206167130196,35.955120185239544],[136.12236003321837,35.95505703349194],[136.12229469237667,35.95485616548251],[136.12198409224288,35.954946578052436],[136.12206167130196,35.955120185239544]]]}},{"type":"Feature","properties":{"pid":"67475672-4d9c-472d-beac-67ab858939fd"},"geometry":{"type":"Polygon","coordinates":[[[136.12125500703,35.955147608899374],[136.1212580468408,35.95517715470973],[136.12167641950194,35.955144976358696],[136.1216694515903,35.955133972406124],[136.12125500703,35.955147608899374]]]}},{"type":"Feature","properties":{"pid":"38fa8d91-9cc5-47c9-88e1-d3ee9af0ddc6"},"geometry":{"type":"Polygon","coordinates":[[[136.12192694374335,35.95384967782761],[136.12218102152175,35.95379982485028],[136.1220601171614,35.95371980408152],[136.1219330646258,35.9536783802708],[136.12192694374335,35.95384967782761]]]}},{"type":"Feature","properties":{"pid":"decd5e9d-b61a-482f-bb03-53617b4db3fc"},"geometry":{"type":"Polygon","coordinates":[[[136.12161602497943,35.95403700698652],[136.1222369452349,35.953916090889095],[136.12223779206315,35.95389831800635],[136.1216067219426,35.95401844928283],[136.12161602497943,35.95403700698652]]]}},{"type":"Feature","properties":{"pid":"2422e1b5-3c9f-4477-a359-95298dcbc8c8"},"geometry":{"type":"Polygon","coordinates":[[[136.12224235484007,35.95407642932234],[136.1222401407525,35.954017729469996],[136.12166145560235,35.9541317217103],[136.12168520812514,35.95418348817064],[136.12224235484007,35.95407642932234]]]}},{"type":"Feature","properties":{"pid":"d7c645b5-7e57-417c-8311-ce97c8c4f90d"},"geometry":{"type":"Polygon","coordinates":[[[136.1231106975325,35.953769477023215],[136.12308246906048,35.95326149138581],[136.12277319783564,35.95347828659133],[136.1231106975325,35.953769477023215]]]}},{"type":"Feature","properties":{"pid":"eac6309e-4a6d-4fe0-bcfb-b65772d99389"},"geometry":{"type":"Polygon","coordinates":[[[136.12249287036542,35.953255563890494],[136.1225646584818,35.95332334336501],[136.1230150045546,35.95298321518029],[136.12301498202604,35.95296867010775],[136.12294995662364,35.95291053010365],[136.12249287036542,35.953255563890494]]]}},{"type":"Feature","properties":{"pid":"f6ec2369-e5ff-4848-9ef7-93fb5385df29"},"geometry":{"type":"Polygon","coordinates":[[[136.1226595233399,35.9533912147812],[136.1226823518878,35.95340862129409],[136.1230482305316,35.95314787132592],[136.12304999284353,35.953112408679836],[136.1226595233399,35.9533912147812]]]}},{"type":"Feature","properties":{"pid":"351f9d10-3583-493c-960f-aa8e529b8737"},"geometry":{"type":"Polygon","coordinates":[[[136.12240676595184,35.953179438042994],[136.1228620427762,35.95283626245888],[136.12248927055376,35.952508577322384],[136.12202917232523,35.95285369081083],[136.12240676595184,35.953179438042994]]]}},{"type":"Feature","properties":{"pid":"0a8c4d16-1a5b-484b-8e33-913bcc129331"},"geometry":{"type":"Polygon","coordinates":[[[136.12239834480025,35.95242884260751],[136.1223383982349,35.95237638563704],[136.12188464241672,35.95272520378433],[136.12194310929578,35.95277641576814],[136.12239834480025,35.95242884260751]]]}},{"type":"Feature","properties":{"pid":"fcf408df-f4b5-43ff-8cdd-3e250cb3b632"},"geometry":{"type":"Polygon","coordinates":[[[136.121208713988,35.95311767359245],[136.1212299768894,35.953408781581366],[136.12133373079342,35.953406799627196],[136.12138206614898,35.95342378690374],[136.1214475413509,35.953508579936994],[136.12184687676736,35.9534928045291],[136.12196713195942,35.953349901138324],[136.12154166713438,35.95297752250339],[136.121208713988,35.95311767359245]]]}},{"type":"Feature","properties":{"pid":"55e8de70-d95c-4e6a-baed-a640a1d1f2c4"},"geometry":{"type":"Polygon","coordinates":[[[136.12143118504983,35.95289883454056],[136.12131034467305,35.95279958392656],[136.12099801289364,35.95303032614401],[136.12102476372374,35.953072613585704],[136.12143118504983,35.95289883454056]]]}},{"type":"Feature","properties":{"pid":"7275d9aa-4271-4164-a53c-ef3a70fb10ae"},"geometry":{"type":"Polygon","coordinates":[[[136.1208649893365,35.95283748580238],[136.12111605386576,35.95262294119044],[136.12096422728754,35.952495855402006],[136.12076298676567,35.952698232753704],[136.1208649893365,35.95283748580238]]]}},{"type":"Feature","properties":{"pid":"7bd3b670-54a2-4ab3-b0ee-eb47433a56e3"},"geometry":{"type":"Polygon","coordinates":[[[136.12093776527396,35.95293398780447],[136.12122573885247,35.95272533934815],[136.12119263826088,35.95269585262137],[136.12093277700097,35.95292368576692],[136.12093776527396,35.95293398780447]]]}},{"type":"Feature","properties":{"pid":"dfd1a95b-22b3-460d-9f8b-1999bf653605"},"geometry":{"type":"Polygon","coordinates":[[[136.1200643469223,35.9522512826672],[136.1195517707879,35.95256737988636],[136.11973352432315,35.95277601680843],[136.12027336440735,35.95244417076407],[136.1200643469223,35.9522512826672]]]}},{"type":"Feature","properties":{"pid":"7f01814e-54c2-4863-ae83-2c1599643996"},"geometry":{"type":"Polygon","coordinates":[[[136.12035794271415,35.9525214236098],[136.11981007394633,35.95285818335394],[136.12000961196418,35.95306595092254],[136.12053743703768,35.95273144414278],[136.12035794271415,35.9525214236098]]]}},{"type":"Feature","properties":{"pid":"3d6823fb-156e-4815-8209-916bc6f97b3a"},"geometry":{"type":"Polygon","coordinates":[[[136.12067321378046,35.95334333906367],[136.12068008357872,35.953314315353886],[136.120709081353,35.95329388906135],[136.12090175200217,35.95326789633642],[136.12087667954577,35.953154165603536],[136.1208010730003,35.953035481559986],[136.12049363172076,35.9532172813577],[136.12061632616934,35.953340555523155],[136.12067321378046,35.95334333906367]]]}},{"type":"Feature","properties":{"pid":"c6189d46-7811-40e4-86fe-944e244679ad"},"geometry":{"type":"Polygon","coordinates":[[[136.12022692059617,35.95399510461466],[136.1203150656147,35.953991708360796],[136.12030486219757,35.95376330405175],[136.1202524620358,35.95369362572634],[136.12021864268894,35.95369472816629],[136.12022692059617,35.95399510461466]]]}},{"type":"Feature","properties":{"pid":"c2e6df9e-f2ff-400b-b88f-e1e31a1b4d57"},"geometry":{"type":"Polygon","coordinates":[[[136.1200831816082,35.953691334838986],[136.1199890820449,35.9536889035706],[136.1200315795651,35.95448011039179],[136.120121272512,35.95447716843495],[136.1200831816082,35.953691334838986]]]}},{"type":"Feature","properties":{"pid":"ab506aa2-c2ce-49c6-ba01-5e7817b67167"},"geometry":{"type":"Polygon","coordinates":[[[136.11958126313766,35.95449886928198],[136.11978121936787,35.95448579140439],[136.11974405726386,35.953685306621],[136.11953866546477,35.95369361898393],[136.11958126313766,35.95449886928198]]]}},{"type":"Feature","properties":{"pid":"740b474e-0249-439f-83b7-99fb08d30a1e"},"geometry":{"type":"Polygon","coordinates":[[[136.1194612690236,35.954505420410676],[136.11941573805288,35.953694864066094],[136.11923760417918,35.953699663743514],[136.11928026454294,35.95451489587701],[136.1194612690236,35.954505420410676]]]}},{"type":"Feature","properties":{"pid":"e82afff8-b61d-4531-bab7-af0c76e65e08"},"geometry":{"type":"Polygon","coordinates":[[[136.11909499011415,35.9537232680454],[136.119141848406,35.954526722036974],[136.11915102115648,35.95452652168922],[136.1191083740311,35.95373115901463],[136.11909499011415,35.9537232680454]]]}},{"type":"Feature","properties":{"pid":"f32842ad-3c1e-4992-aab9-6d57bb464ccb"},"geometry":{"type":"Polygon","coordinates":[[[136.11882365662797,35.95392597338431],[136.1188701005259,35.95395588970024],[136.11885578203967,35.95371904181001],[136.11884745920386,35.95374178857959],[136.11882365662797,35.95392597338431]]]}},{"type":"Feature","properties":{"pid":"5f29ffdc-5b5c-41a2-8cba-5fa56844a3eb"},"geometry":{"type":"Polygon","coordinates":[[[136.11854710346378,35.95347065415279],[136.1185936015154,35.9535310614685],[136.11899494767053,35.9535248046531],[136.11878841784895,35.95330867259994],[136.11854710346378,35.95347065415279]]]}},{"type":"Feature","properties":{"pid":"8e437042-c934-4f40-91f4-82316ca65c44"},"geometry":{"type":"Polygon","coordinates":[[[136.1188661929028,35.95316345710865],[136.11944818700923,35.95280580407771],[136.1194313296331,35.9527875181991],[136.1188494018828,35.95314653156473],[136.1188661929028,35.95316345710865]]]}},{"type":"Feature","properties":{"pid":"945b5ea0-e628-4aff-a271-0273d591cf86"},"geometry":{"type":"Polygon","coordinates":[[[136.1189380262275,35.95324254000706],[136.11895089351972,35.953257746335325],[136.11953505403585,35.952894740964936],[136.11952258016802,35.95288185530117],[136.1189380262275,35.95324254000706]]]}},{"type":"Feature","properties":{"pid":"ef0112e8-62d8-4cb5-8998-623bfb08f699"},"geometry":{"type":"Polygon","coordinates":[[[136.11901971118587,35.95333687145068],[136.11909047987587,35.953418395845155],[136.1193005772025,35.95337726201982],[136.11930249837815,35.95333111363502],[136.11934345234806,35.95330469997873],[136.11990657481445,35.95328883526387],[136.11960724099322,35.95297289187094],[136.11901971118587,35.95333687145068]]]}},{"type":"Feature","properties":{"pid":"e1a5df66-11e4-4b40-b5f3-25c37fb66a51"},"geometry":{"type":"Polygon","coordinates":[[[136.11877648939813,35.95307468061509],[136.1193591530032,35.952713659614446],[136.11933548922718,35.952687327735056],[136.11876154624454,35.95305953108599],[136.11877648939813,35.95307468061509]]]}},{"type":"Feature","properties":{"pid":"4b96518e-8f7d-4f7c-977b-e24834c6b28d"},"geometry":{"type":"Polygon","coordinates":[[[136.118502502352,35.9527783554782],[136.1186891291936,35.95298279995906],[136.11893708827768,35.95282629997974],[136.11879242259175,35.95267384005515],[136.11879219298422,35.95262655499053],[136.119101002826,35.95244250697812],[136.1190754280007,35.95241798934349],[136.118502502352,35.9527783554782]]]}},{"type":"Feature","properties":{"pid":"87c35de0-2e3b-499d-ae28-35eaaa432e61"},"geometry":{"type":"Polygon","coordinates":[[[136.11842731089126,35.952694305661744],[136.11899767202843,35.95233780806241],[136.11897180347717,35.95230706965473],[136.11839946117215,35.95266578616068],[136.11842731089126,35.952694305661744]]]}},{"type":"Feature","properties":{"pid":"b0ed8724-2b83-4cef-b8ef-b2936d731eff"},"geometry":{"type":"Polygon","coordinates":[[[136.11899577116978,35.95199304399922],[136.11920652153896,35.95219772802319],[136.1196483989551,35.95191447267985],[136.11941462342202,35.951726952455246],[136.11899577116978,35.95199304399922]]]}},{"type":"Feature","properties":{"pid":"e94a6801-7104-4383-b849-c4d20e1e7d43"},"geometry":{"type":"Polygon","coordinates":[[[136.11928353766228,35.9522767754812],[136.11947989125483,35.952481821101856],[136.1199705027128,35.95216920188953],[136.11973886198084,35.95199273986008],[136.11928353766228,35.9522767754812]]]}},{"type":"Feature","properties":{"pid":"e1bab3bc-f6bf-4dfa-b7de-575332182453"},"geometry":{"type":"Polygon","coordinates":[[[136.12035391721645,35.95224764225452],[136.12052213516077,35.952117385261865],[136.12034825442333,35.951963933221464],[136.12018697308562,35.952089417083684],[136.12035391721645,35.95224764225452]]]}},{"type":"Feature","properties":{"pid":"0d8a5bdb-aa69-428a-983e-1304ff5843ad"},"geometry":{"type":"Polygon","coordinates":[[[136.12067454902063,35.95259643325662],[136.1208642996662,35.952411775253225],[136.1206011499211,35.952188518613255],[136.1204259358421,35.952322667774524],[136.12067454902063,35.95259643325662]]]}},{"type":"Feature","properties":{"pid":"47a5e0ad-4185-4425-85e9-84236d5021cf"},"geometry":{"type":"Polygon","coordinates":[[[136.11956914396697,35.95160862799911],[136.12010200217188,35.95201735686617],[136.12026692766227,35.95188745916784],[136.1198884465561,35.95156243470957],[136.11973127998266,35.951453806849656],[136.11956914396697,35.95160862799911]]]}},{"type":"Feature","properties":{"pid":"c38be943-9d6c-46de-bcbd-84566c67c2d5"},"geometry":{"type":"Polygon","coordinates":[[[136.12075249654094,35.95174570419012],[136.12123102002337,35.95139787175152],[136.1210261234827,35.95122058795408],[136.12054385950768,35.95158193388099],[136.12075249654094,35.95174570419012]]]}},{"type":"Feature","properties":{"pid":"b7b0fddb-8ca4-4b10-9e7f-4e8e0f6e40ef"},"geometry":{"type":"Polygon","coordinates":[[[136.12032051091904,35.951374975297256],[136.12045363282132,35.951499852157674],[136.12094303389622,35.951133228879996],[136.12081542487064,35.95102400352282],[136.12032051091904,35.951374975297256]]]}},{"type":"Feature","properties":{"pid":"ef349d20-1e90-467c-91d8-c370b3724a8e"},"geometry":{"type":"Polygon","coordinates":[[[136.1205479290138,35.95078889195166],[136.12005824581942,35.951157448476245],[136.1202281501262,35.951297109893375],[136.1207229989933,35.95094825315397],[136.1205479290138,35.95078889195166]]]}},{"type":"Feature","properties":{"pid":"be207590-8556-4bbc-bfa4-ace39592b129"},"geometry":{"type":"Polygon","coordinates":[[[136.11990139887845,35.951038264064756],[136.11992305741254,35.95104952860767],[136.1204195608158,35.950685268369405],[136.12039013153864,35.95066283531034],[136.11990139887845,35.951038264064756]]]}},{"type":"Feature","properties":{"pid":"5a8feddb-a43d-46f0-8b7a-5a573dea46de"},"geometry":{"type":"Polygon","coordinates":[[[136.11909366580227,35.95076741813654],[136.11911109865417,35.9507811110771],[136.1191788270145,35.9507648342115],[136.1192987814603,35.9508556060702],[136.11948036769147,35.95089669313617],[136.1196337695293,35.95095902500298],[136.1196654491639,35.95096234521299],[136.11968403762086,35.95092183094906],[136.11928181477518,35.95060906009963],[136.11909366580227,35.95076741813654]]]}},{"type":"Feature","properties":{"pid":"c3b37dbb-eb40-460b-9fbd-58a053170758"},"geometry":{"type":"Polygon","coordinates":[[[136.1190594834386,35.95124589862282],[136.119265384585,35.95140226754731],[136.11932082571442,35.951413475934295],[136.11940900255448,35.95147145340709],[136.11951638685412,35.951364700755036],[136.11941776230944,35.95131223293091],[136.11929399728518,35.95127703854577],[136.1190594834386,35.95124589862282]]]}},{"type":"Feature","properties":{"pid":"bfe6be2b-7014-4076-aef6-27cdd428092b"},"geometry":{"type":"Polygon","coordinates":[[[136.1185508292203,35.95147955611126],[136.11854318647863,35.95150733974285],[136.11887747602594,35.9518696325106],[136.1192863832283,35.951584642388056],[136.11888258466902,35.95127090369878],[136.1185508292203,35.95147955611126]]]}},{"type":"Feature","properties":{"pid":"64a36dd8-7d31-425a-944b-99dcd0466845"},"geometry":{"type":"Polygon","coordinates":[[[136.11873697015812,35.95092040813137],[136.11918916053213,35.950539105939846],[136.11889402335825,35.950300164806784],[136.11834343902348,35.95076334422253],[136.11853834481815,35.95091520835102],[136.11865999016007,35.950936588824725],[136.11873697015812,35.95092040813137]]]}},{"type":"Feature","properties":{"pid":"4cee9c38-dc48-45a5-88a4-eb429dcb249b"},"geometry":{"type":"Polygon","coordinates":[[[136.11976855604638,35.95017802823958],[136.11939463972448,35.95050256147341],[136.11965207068155,35.950710335419615],[136.12003325188627,35.950385954761195],[136.11976855604638,35.95017802823958]]]}},{"type":"Feature","properties":{"pid":"022eb0f9-c63f-496b-93d9-2970c7bde15a"},"geometry":{"type":"Polygon","coordinates":[[[136.11937522409528,35.94987305932854],[136.11899427284573,35.950192093308395],[136.11930601983715,35.950429248482415],[136.1196675107865,35.95010532528608],[136.11937522409528,35.94987305932854]]]}},{"type":"Feature","properties":{"pid":"989a6dda-b724-4ec5-9460-74a9087d07df"},"geometry":{"type":"Polygon","coordinates":[[[136.1188944927078,35.950119649492905],[136.11928386916722,35.9497924760192],[136.11898909735294,35.94956956502378],[136.11859949604872,35.949891045523195],[136.1188944927078,35.950119649492905]]]}},{"type":"Feature","properties":{"pid":"22295ec9-03fb-4edc-b616-120515eeaa7a"},"geometry":{"type":"Polygon","coordinates":[[[136.1188975150203,35.94949809371005],[136.11879573287294,35.94941929490663],[136.11840611827807,35.94973742924434],[136.1185119272774,35.949821688445084],[136.1188975150203,35.94949809371005]]]}},{"type":"Feature","properties":{"pid":"cdd61e82-e7e6-4428-8e6b-f6813e083018"},"geometry":{"type":"Polygon","coordinates":[[[136.1196489491313,35.94912096918977],[136.1197293424243,35.949156151247074],[136.11979331375136,35.94921382253382],[136.11999880509558,35.94918511558707],[136.11997167077396,35.949089381327404],[136.1196489491313,35.94912096918977]]]}},{"type":"Feature","properties":{"pid":"58f80fd1-3ddf-45a4-a049-4408666355a7"},"geometry":{"type":"Polygon","coordinates":[[[136.11962799210494,35.94939978136222],[136.11973030392969,35.949377308287005],[136.11972359018762,35.94931629708483],[136.11960945025064,35.94932644134628],[136.11962799210494,35.94939978136222]]]}},{"type":"Feature","properties":{"pid":"cea5cb62-f2f5-4eae-9923-3f9724255afe"},"geometry":{"type":"Polygon","coordinates":[[[136.11901143828493,35.9493681551063],[136.11942216896017,35.94966382459326],[136.11952049469784,35.94957879181252],[136.11948561482356,35.94954979998538],[136.11943245442794,35.949390921478056],[136.11901143828493,35.9493681551063]]]}},{"type":"Feature","properties":{"pid":"3a22aa08-4153-4c86-b1b9-08be6acdfffa"},"geometry":{"type":"Polygon","coordinates":[[[136.12028451456834,35.94948939152701],[136.12049965071066,35.94947621623488],[136.12041163349176,35.94932445803852],[136.12024508360935,35.94934229157243],[136.12028451456834,35.94948939152701]]]}},{"type":"Feature","properties":{"pid":"35aa29bd-5bad-41b5-a484-03a7bac01713"},"geometry":{"type":"Polygon","coordinates":[[[136.11988860098458,35.94935894397022],[136.12006717739203,35.94934262998868],[136.12005776790087,35.9492995834085],[136.12004373829458,35.94929756102051],[136.11988647257417,35.949318598877895],[136.11988860098458,35.94935894397022]]]}},{"type":"Feature","properties":{"pid":"f784261f-9869-42b2-a60c-4722f71b3070"},"geometry":{"type":"Polygon","coordinates":[[[136.12020847481983,35.94923260120737],[136.12037745864413,35.94921418015863],[136.12036297090262,35.9491721101085],[136.1203320582989,35.94915809330056],[136.12019149191624,35.94917902037771],[136.12020847481983,35.94923260120737]]]}},{"type":"Feature","properties":{"pid":"961319b8-730c-44ef-bfca-9a53b296549f"},"geometry":{"type":"Polygon","coordinates":[[[136.12033489431963,35.95037920313353],[136.12078541556457,35.94998357001291],[136.12071187721938,35.94991348745421],[136.12018148708054,35.94977169028775],[136.11987053039377,35.95002917243561],[136.12033489431963,35.95037920313353]]]}},{"type":"Feature","properties":{"pid":"894df874-265d-4a97-93a7-94ee506f2089"},"geometry":{"type":"Polygon","coordinates":[[[136.11986074018282,35.950927867103026],[136.12029152538886,35.95059113897343],[136.12012338616574,35.95045949074127],[136.1197461503033,35.95078129787828],[136.1198598403248,35.950875016692116],[136.11986074018282,35.950927867103026]]]}},{"type":"Feature","properties":{"pid":"c48ec6d5-acc6-4e31-ac57-b6579fa84e59"},"geometry":{"type":"Polygon","coordinates":[[[136.12042442660308,35.95045910586719],[136.1205607104243,35.95056863838771],[136.1208165290166,35.95038613459977],[136.12098880785615,35.95031752516493],[136.12108638449803,35.95029867656152],[136.12086160548188,35.950070958646826],[136.12042442660308,35.95045910586719]]]}},{"type":"Feature","properties":{"pid":"76b293a4-2e81-43ad-81ae-d51f711e4d72"},"geometry":{"type":"Polygon","coordinates":[[[136.12144665610086,35.9509071159915],[136.12182213827847,35.95123173607226],[136.1219517217247,35.95114084508656],[136.1215855312279,35.950802404910554],[136.12144665610086,35.9509071159915]]]}},{"type":"Feature","properties":{"pid":"3c795638-c7f8-42ee-8cd9-ebfd24799d38"},"geometry":{"type":"Polygon","coordinates":[[[136.12133399854466,35.950994485065095],[136.12117276713235,35.951116192702784],[136.12154752939915,35.95143402988558],[136.1217066894316,35.95131727762666],[136.12133399854466,35.950994485065095]]]}},{"type":"Feature","properties":{"pid":"03cd0c23-afb5-4f1f-bc56-1a818b65c9e5"},"geometry":{"type":"Polygon","coordinates":[[[136.12261949626574,35.951454902834655],[136.12258942241232,35.95126288268864],[136.12249695041945,35.95120043675259],[136.1224389290844,35.95108080874785],[136.12226808340776,35.951095380425095],[136.12218382348496,35.95115689263467],[136.1225651620123,35.95148996834796],[136.12261949626574,35.951454902834655]]]}},{"type":"Feature","properties":{"pid":"1e18bfce-4416-417b-a914-0d88a8b9a9a8"},"geometry":{"type":"Polygon","coordinates":[[[136.12230544084497,35.9516786178673],[136.12246283867862,35.95156635302727],[136.1221007130736,35.95124144633289],[136.12194010512505,35.95136206641066],[136.12230544084497,35.9516786178673]]]}},{"type":"Feature","properties":{"pid":"3a667399-5f05-49d8-b1f3-a8fe1d7f1db8"},"geometry":{"type":"Polygon","coordinates":[[[136.1221358225591,35.95195475608737],[136.12217984304843,35.95199330103175],[136.12267693288388,35.95162547768627],[136.12266371931415,35.951580654650186],[136.1221358225591,35.95195475608737]]]}},{"type":"Feature","properties":{"pid":"04548a12-9fac-49c2-b885-0ef6e2f52084"},"geometry":{"type":"Polygon","coordinates":[[[136.12183142619546,35.95143478655922],[136.1216700211714,35.951549516960604],[136.12204106804995,35.95187134952998],[136.122202417066,35.95176150421133],[136.12183142619546,35.95143478655922]]]}},{"type":"Feature","properties":{"pid":"a2c272f5-e367-44e0-bacb-d32906f30b7d"},"geometry":{"type":"Polygon","coordinates":[[[136.12096206149394,35.951923466055376],[136.1214354443422,35.95156991764906],[136.12139054250667,35.951531016043376],[136.12090990013925,35.95188115959228],[136.12096206149394,35.951923466055376]]]}},{"type":"Feature","properties":{"pid":"8d05055a-f010-4920-9cc5-3c9c222524ec"},"geometry":{"type":"Polygon","coordinates":[[[136.12104854262478,35.95200631270307],[136.12116704358039,35.95211478083196],[136.1216447106925,35.9517613368854],[136.12151024711542,35.95165087979585],[136.12104854262478,35.95200631270307]]]}},{"type":"Feature","properties":{"pid":"3c8a33e2-e9cd-4159-b47a-acfe5fe80440"},"geometry":{"type":"Polygon","coordinates":[[[136.12125068850318,35.95219150025505],[136.121437834462,35.95234641709798],[136.12188948035245,35.95200104597256],[136.12188952561615,35.95198162971763],[136.12171991330723,35.951839321776056],[136.12125068850318,35.95219150025505]]]}},{"type":"Feature","properties":{"pid":"ab4f99b5-5d81-45a7-ade5-eb3d45c33515"},"geometry":{"type":"Polygon","coordinates":[[[136.12153360996246,35.952427308892595],[136.1217942134409,35.95265625859214],[136.12226176558357,35.95229921741262],[136.1220245791718,35.95208394332377],[136.12197747669612,35.952090260663226],[136.12153360996246,35.952427308892595]]]}},{"type":"Feature","properties":{"pid":"08fec195-31b9-4ac0-92a7-7e83562c31c5"},"geometry":{"type":"Polygon","coordinates":[[[136.122617539738,35.95238889227779],[136.1230619788077,35.95277922908538],[136.1230924735441,35.95261874512344],[136.12307226943324,35.952479862253405],[136.12298144188873,35.952385989111704],[136.12291101181893,35.95217310002117],[136.122617539738,35.95238889227779]]]}},{"type":"Feature","properties":{"pid":"50ad5f94-b827-422b-af3f-846ea27594da"},"geometry":{"type":"Polygon","coordinates":[[[136.12250151425707,35.952237137030544],[136.12249750699485,35.95228490518593],[136.12253498031933,35.952315770572184],[136.12285919397502,35.95207302669481],[136.12283162943643,35.951998957564705],[136.12250151425707,35.952237137030544]]]}},{"type":"Feature","properties":{"pid":"ff7dec05-c0dd-4a5d-8300-f762f9eb627d"},"geometry":{"type":"Polygon","coordinates":[[[136.12225851852043,35.95207036785865],[136.1223842019343,35.95218149632631],[136.12278550761582,35.95189651738849],[136.12271516332564,35.95172734955152],[136.12225851852043,35.95207036785865]]]}},{"type":"Feature","properties":{"pid":"911ecd08-5c0a-4ef2-a604-35b0c5aa951c"},"geometry":{"type":"Polygon","coordinates":[[[136.1238938582894,35.9541885028733],[136.12404059243755,35.95418499910898],[136.12404251333783,35.95396925238192],[136.1240028511852,35.9539967072479],[136.12395787748358,35.953998104397975],[136.1238938582894,35.9541885028733]]]}},{"type":"Feature","properties":{"pid":"9c12f8d2-437f-42d3-b7a9-72136ef70fd8"},"geometry":{"type":"Polygon","coordinates":[[[136.1242922363235,35.953760187000164],[136.1246034284181,35.95376080642317],[136.12460359112748,35.9535672357279],[136.1244154380117,35.95365486476612],[136.1242922363235,35.953760187000164]]]}},{"type":"Feature","properties":{"pid":"8a3cf6d3-f4c0-49f6-bdff-d51f86c37a7d"},"geometry":{"type":"Polygon","coordinates":[[[136.1247316728689,35.95359200007413],[136.1247235421244,35.95421270976486],[136.12481979931408,35.95421610320239],[136.12483712354123,35.95400797254761],[136.1247316728689,35.95359200007413]]]}},{"type":"Feature","properties":{"pid":"09da2c45-eaa8-4205-b941-805a0a774676"},"geometry":{"type":"Polygon","coordinates":[[[136.1242524502851,35.954963027136216],[136.1246256173048,35.95498059137998],[136.1246268742559,35.9548818617681],[136.12419359866325,35.954877372181436],[136.1242524502851,35.954963027136216]]]}},{"type":"Feature","properties":{"pid":"322fb1a4-f3de-4e72-ad5d-a86d66b5f8bb"},"geometry":{"type":"Polygon","coordinates":[[[136.12475490686094,35.95560527446308],[136.12485476881378,35.955606480485805],[136.12484831910425,35.95488664556979],[136.12475117381848,35.95488897188511],[136.12475490686094,35.95560527446308]]]}},{"type":"Feature","properties":{"pid":"7635b247-4b84-409b-a7ae-bfa31362d63d"},"geometry":{"type":"Polygon","coordinates":[[[136.1243200708706,35.955076508064764],[136.1244378218169,35.955310207937075],[136.12451791484366,35.955590176013395],[136.12462537413106,35.955597883519765],[136.1246254049744,35.955085637258094],[136.1243200708706,35.955076508064764]]]}},{"type":"Feature","properties":{"pid":"39ff0525-4f13-4fd1-a7ad-881d58c375de"},"geometry":{"type":"Polygon","coordinates":[[[136.124100093629,35.956109214012045],[136.12406478390247,35.955810082345685],[136.12404630731942,35.95580095770284],[136.12335355527551,35.955870685433],[136.12342344075415,35.95612697207154],[136.124100093629,35.956109214012045]]]}},{"type":"Feature","properties":{"pid":"575e92bb-4f33-4d41-a255-72f8df4bb45a"},"geometry":{"type":"Polygon","coordinates":[[[136.12518657235051,35.956522474763624],[136.12517725262396,35.95580953717079],[136.12515268363038,35.95576515865187],[136.12451749546517,35.95580049686303],[136.12455089095053,35.956205332685904],[136.1245493930388,35.95650889402744],[136.12518657235051,35.956522474763624]]]}},{"type":"Feature","properties":{"pid":"2f130e5a-1c76-406c-b58b-cf63e7642145"},"geometry":{"type":"Polygon","coordinates":[[[136.1241096774214,35.95621381524447],[136.12345258252662,35.95623384291762],[136.12352026697587,35.956482059865834],[136.12412541746147,35.9564797397839],[136.1241096774214,35.95621381524447]]]}},{"type":"Feature","properties":{"pid":"86c78750-9be8-4bf7-b981-b53ceb46c91a"},"geometry":{"type":"Polygon","coordinates":[[[136.12300873569353,35.95720870469903],[136.1230708267136,35.957237751366655],[136.12410361433274,35.957222615280315],[136.124091832829,35.95704098091177],[136.12293432925412,35.957056449311544],[136.12300873569353,35.95720870469903]]]}},{"type":"Feature","properties":{"pid":"8af12041-18c8-4d30-ba34-c4b86a5a8ec3"},"geometry":{"type":"Polygon","coordinates":[[[136.11992370076328,35.9566363996107],[136.12003479700022,35.95662965891993],[136.11999823800272,35.9561782794918],[136.1199025250099,35.95618382296444],[136.11992370076328,35.9566363996107]]]}},{"type":"Feature","properties":{"pid":"37eccb8a-f954-424a-b594-be9593b73fdb"},"geometry":{"type":"Polygon","coordinates":[[[136.12015761472924,35.956576050133634],[136.1202284065849,35.95643100233203],[136.12036109810157,35.95616501741452],[136.1201344853273,35.956174457177994],[136.12015761472924,35.956576050133634]]]}},{"type":"Feature","properties":{"pid":"2a5dbe39-a0bc-4fe4-8670-d481b99a3f4a"},"geometry":{"type":"Polygon","coordinates":[[[136.11968611399774,35.95664269663056],[136.11979670469984,35.95663806214063],[136.1197754573139,35.956190660268376],[136.11966470104164,35.956194611225996],[136.11968611399774,35.95664269663056]]]}},{"type":"Feature","properties":{"pid":"d0edb46e-d9de-4e64-a260-8f61928fe5aa"},"geometry":{"type":"Polygon","coordinates":[[[136.1192807731757,35.95666495436113],[136.119553947378,35.9566544857623],[136.1195411222874,35.95620177712099],[136.11925034068196,35.95621654194856],[136.1192615243298,35.95664764929737],[136.1192807731757,35.95666495436113]]]}},{"type":"Feature","properties":{"pid":"4519b9d8-9e96-4d00-b419-cc502ec553b9"},"geometry":{"type":"Polygon","coordinates":[[[136.1188308721721,35.95667077922803],[136.1191381249803,35.95665972636391],[136.11912722840685,35.95621872457485],[136.118818309242,35.95623373341355],[136.1188308721721,35.95667077922803]]]}},{"type":"Feature","properties":{"pid":"5a6a8ddf-5e05-4190-a112-7fe05bc50b14"},"geometry":{"type":"Polygon","coordinates":[[[136.11929097269598,35.95696492094599],[136.1194197820029,35.95691868872274],[136.11954547223695,35.95682795305415],[136.1192884197564,35.956825833791555],[136.11929097269598,35.95696492094599]]]}},{"type":"Feature","properties":{"pid":"a1625fb1-5d70-4d83-8050-7753a1a09356"},"geometry":{"type":"Polygon","coordinates":[[[136.11885302631174,35.95719992706457],[136.11913360201808,35.95703580732652],[136.11912817310161,35.956831876405516],[136.11883385881305,35.95683979281727],[136.11885302631174,35.95719992706457]]]}},{"type":"Feature","properties":{"pid":"9e3f4af5-36df-4301-a4f9-517d154d7756"},"geometry":{"type":"Polygon","coordinates":[[[136.1186301918609,35.95734063058783],[136.11871101566317,35.957284994490436],[136.11868487073622,35.95684541763298],[136.11861063081568,35.95684685074247],[136.1186301918609,35.95734063058783]]]}},{"type":"Feature","properties":{"pid":"d70024c9-fdcc-44d8-9a69-ce11a85a6c35"},"geometry":{"type":"Polygon","coordinates":[[[136.11933573580473,35.94042188076443],[136.11935891092912,35.94067944500929],[136.11941155087965,35.94067869050132],[136.11945516809024,35.94050219419155],[136.11942904550048,35.94047928684509],[136.11942627293888,35.94044443651192],[136.11933573580473,35.94042188076443]]]}},{"type":"Feature","properties":{"pid":"9015cd2f-2767-4364-8190-ff10e9038a78"},"geometry":{"type":"Polygon","coordinates":[[[136.11866411060626,35.9409386508167],[136.11915041172233,35.94100653303388],[136.11908074424804,35.94028908335222],[136.11881037865533,35.94024893740997],[136.11866411060626,35.9409386508167]]]}},{"type":"Feature","properties":{"pid":"3bc93465-6da9-4470-bf1d-3e3858d0ced7"},"geometry":{"type":"Polygon","coordinates":[[[136.11861012058787,35.94120562488041],[136.11920767408563,35.94128800631385],[136.11917566696826,35.941122933857926],[136.11864134674002,35.94104993086982],[136.11861012058787,35.94120562488041]]]}},{"type":"Feature","properties":{"pid":"606686cd-02d5-4cbc-b74a-889290f09666"},"geometry":{"type":"Polygon","coordinates":[[[136.11858084784217,35.94135460030833],[136.1192397251566,35.941443991325656],[136.1192283098829,35.94139094756833],[136.11859097115922,35.94130250258939],[136.11858084784217,35.94135460030833]]]}},{"type":"Feature","properties":{"pid":"5913238c-989a-44e8-9a59-4e6f87a33e1d"},"geometry":{"type":"Polygon","coordinates":[[[136.11849969327994,35.94175440015017],[136.1191014078584,35.941837940514795],[136.11927999469907,35.94185430692627],[136.11925714502448,35.94155752431618],[136.11855872778912,35.94146197385786],[136.11849969327994,35.94175440015017]]]}},{"type":"Feature","properties":{"pid":"5c13e8b2-b16d-426b-baa7-3844f9c3ab3e"},"geometry":{"type":"Polygon","coordinates":[[[136.11820075084856,35.94289670232582],[136.11904882677422,35.94300780721299],[136.11907182399526,35.942898753728294],[136.11822186950187,35.94278948320343],[136.11820075084856,35.94289670232582]]]}},{"type":"Feature","properties":{"pid":"77762493-3f78-4b46-a15d-9fce6e2bb7d5"},"geometry":{"type":"Polygon","coordinates":[[[136.11830164522087,35.942400439120505],[136.11824772065117,35.942669760780376],[136.11909995098364,35.94278777451994],[136.11916204057823,35.94249402739413],[136.11834433564294,35.94238321353178],[136.11830164522087,35.942400439120505]]]}},{"type":"Feature","properties":{"pid":"a7e195a1-9867-4e29-8402-242872be01c5"},"geometry":{"type":"Polygon","coordinates":[[[136.11926070067605,35.942070322053645],[136.1191680199293,35.94205952987415],[136.11910494382428,35.942381190521814],[136.11919599657466,35.94239274495102],[136.11926070067605,35.942070322053645]]]}},{"type":"Feature","properties":{"pid":"2b2e3879-35ee-482e-9b7a-53160c73b34e"},"geometry":{"type":"Polygon","coordinates":[[[136.1183398886293,35.942276487998626],[136.11898012201087,35.9423669515975],[136.1190535727911,35.94200881912525],[136.11841470093685,35.941919264079246],[136.1183398886293,35.942276487998626]]]}},{"type":"Feature","properties":{"pid":"c2829005-fa9e-41c2-87c7-8936e3a532f3"},"geometry":{"type":"Polygon","coordinates":[[[136.11723183193163,35.94210750520976],[136.11808778509035,35.94223424718691],[136.11811405618977,35.94222191810603],[136.1181673512565,35.94193722260003],[136.11728792705338,35.9418289607041],[136.11723183193163,35.94210750520976]]]}},{"type":"Feature","properties":{"pid":"d807fff3-72f7-496f-bfa0-eea3cc28e163"},"geometry":{"type":"Polygon","coordinates":[[[136.1171452183822,35.94251188398851],[136.11802432591665,35.94263638473555],[136.11808604900153,35.94234286835041],[136.11720681172264,35.94222323371997],[136.1171452183822,35.94251188398851]]]}},{"type":"Feature","properties":{"pid":"df3d1dfb-56eb-44c1-85ae-06d456b15654"},"geometry":{"type":"Polygon","coordinates":[[[136.11816210631144,35.94307641225371],[136.11901678226286,35.943194083064824],[136.1190332428953,35.94310772487497],[136.1181770558465,35.942994988315185],[136.11816210631144,35.94307641225371]]]}},{"type":"Feature","properties":{"pid":"8a4ef527-5818-472b-8062-50a679ff5e1a"},"geometry":{"type":"Polygon","coordinates":[[[136.11803948793974,35.94365953170007],[136.11862909259463,35.94374294633328],[136.11889600671066,35.94375938470021],[136.11899080054204,35.943294183551735],[136.1181455007183,35.94317804228458],[136.11803948793974,35.94365953170007]]]}},{"type":"Feature","properties":{"pid":"09bc4f08-332a-4466-8d16-5475a72b19c2"},"geometry":{"type":"Polygon","coordinates":[[[136.1169891210618,35.94326008186799],[136.11694703464767,35.94349368682369],[136.11762405860065,35.94359772737387],[136.1176706293172,35.94357922046953],[136.1178160995867,35.94359740967056],[136.11785318575875,35.943382822589165],[136.1169891210618,35.94326008186799]]]}},{"type":"Feature","properties":{"pid":"01ab6e0b-e969-4c63-b9b5-d75dd65eac85"},"geometry":{"type":"Polygon","coordinates":[[[136.117035751814,35.94302824160156],[136.11701019172415,35.943161653166406],[136.1178821708999,35.94328369966509],[136.11791000497328,35.943152364758596],[136.11789241250932,35.94313289424087],[136.117035751814,35.94302824160156]]]}},{"type":"Feature","properties":{"pid":"f8b4d1d2-65f5-4186-8bfa-fec16e8a8ea1"},"geometry":{"type":"Polygon","coordinates":[[[136.11706453458802,35.942912936421656],[136.11791386932993,35.94303493738465],[136.1179466502823,35.943016507390524],[136.1180014516047,35.9427457103204],[136.11712432431216,35.94262608831619],[136.11706453458802,35.942912936421656]]]}},{"type":"Feature","properties":{"pid":"734ed964-f890-4f8b-9a42-023bfac8e63c"},"geometry":{"type":"Polygon","coordinates":[[[136.11590830505503,35.94333049471739],[136.1159249085031,35.94335213354324],[136.1167655038119,35.9434743759173],[136.1168609230848,35.942993958933386],[136.1160099750412,35.94288001924179],[136.11590830505503,35.94333049471739]]]}},{"type":"Feature","properties":{"pid":"78ff3ad9-c8bd-4a3e-ad40-2510bf76c002"},"geometry":{"type":"Polygon","coordinates":[[[136.11617026303745,35.942252554104535],[136.11614547632354,35.94237297440291],[136.11697134106655,35.942490725353665],[136.11699398559352,35.942379418597476],[136.11617026303745,35.942252554104535]]]}},{"type":"Feature","properties":{"pid":"6beedc03-4a67-4668-bdf9-84b31af90987"},"geometry":{"type":"Polygon","coordinates":[[[136.11604849496433,35.94275913375719],[136.1160608465112,35.94277513121625],[136.11688256753595,35.94288439605858],[136.1169463687978,35.94259708876541],[136.11610871200978,35.94248457641822],[136.11604849496433,35.94275913375719]]]}},{"type":"Feature","properties":{"pid":"b2c5adcc-db14-49a9-b76d-cc80d5582e8c"},"geometry":{"type":"Polygon","coordinates":[[[136.1162460471985,35.94195419591059],[136.11626990503117,35.94198104637249],[136.11705116948764,35.94208471656695],[136.1171042520295,35.941807941505154],[136.11628793535465,35.941685789687675],[136.1162460471985,35.94195419591059]]]}},{"type":"Feature","properties":{"pid":"ec79cab6-c557-48dd-b307-82e6264b02aa"},"geometry":{"type":"Polygon","coordinates":[[[136.11619290767123,35.94215454860689],[136.1170127522021,35.94226986058546],[136.11702786177048,35.94219332639188],[136.1162185338777,35.94208645937436],[136.11619290767123,35.94215454860689]]]}},{"type":"Feature","properties":{"pid":"48cd3827-9874-4674-8306-56265638206d"},"geometry":{"type":"Polygon","coordinates":[[[136.11485515987357,35.94244608931839],[136.11558635910868,35.94254308757566],[136.11561049571802,35.94253362989485],[136.11562753951213,35.94242818955338],[136.11487949656316,35.942326478744036],[136.11485515987357,35.94244608931839]]]}},{"type":"Feature","properties":{"pid":"07b4f3bb-c966-42dd-ba51-cffef1e51fb9"},"geometry":{"type":"Polygon","coordinates":[[[136.11481687883375,35.942634543950696],[136.11555574562036,35.94273129161046],[136.11556845371973,35.94267769237704],[136.11554826631712,35.94265248657433],[136.11483319565752,35.94255150330787],[136.11481687883375,35.942634543950696]]]}},{"type":"Feature","properties":{"pid":"a6cd3f51-3f19-4c3d-855b-9b11ae99e82f"},"geometry":{"type":"Polygon","coordinates":[[[136.11565463376735,35.942285363720664],[136.1149059764691,35.9421870314418],[136.11489796409415,35.94222475709415],[136.11564620196205,35.94232622659392],[136.11565463376735,35.942285363720664]]]}},{"type":"Feature","properties":{"pid":"8629c20b-e407-41ca-86a0-7617cc25de0d"},"geometry":{"type":"Polygon","coordinates":[[[136.11492426271334,35.94207811906526],[136.11567598818252,35.94217871418468],[136.11569140316436,35.942169352940525],[136.11573650279453,35.94191187447291],[136.1149779549498,35.9418100833729],[136.11492426271334,35.94207811906526]]]}},{"type":"Feature","properties":{"pid":"27940d32-dd50-4f1c-a7df-0548c407e2ca"},"geometry":{"type":"Polygon","coordinates":[[[136.11401207132815,35.94229375738999],[136.11404427649938,35.94232088108258],[136.114657344635,35.942407385092025],[136.11471134052326,35.942148772331656],[136.1140488794611,35.942056497986606],[136.11401207132815,35.94229375738999]]]}},{"type":"Feature","properties":{"pid":"96458ac4-8af2-4063-a164-4f660d716698"},"geometry":{"type":"Polygon","coordinates":[[[136.11394519227497,35.94270124968911],[136.11458872567425,35.94278919725753],[136.11464675137478,35.94252027098174],[136.11399210429036,35.94242869219252],[136.11394519227497,35.94270124968911]]]}},{"type":"Feature","properties":{"pid":"f85d16a2-d1f1-4da1-8ae8-d3e170be828b"},"geometry":{"type":"Polygon","coordinates":[[[136.11398241812103,35.94288587023462],[136.11395574798738,35.94291833201775],[136.1139055541604,35.942923563429616],[136.1138820302174,35.943060879550316],[136.11451069708107,35.94315406324241],[136.1145664806317,35.9428917319983],[136.11399541648586,35.94281146002665],[136.11398241812103,35.94288587023462]]]}},{"type":"Feature","properties":{"pid":"3251a1e3-1382-46de-bd92-4be0a9870c82"},"geometry":{"type":"Polygon","coordinates":[[[136.11366757084852,35.94352903870075],[136.114394278984,35.94363180279298],[136.11444525583784,35.943354161845875],[136.1138044696867,35.94326829494603],[136.11366757084852,35.94352903870075]]]}},{"type":"Feature","properties":{"pid":"d2ee26be-3ca6-4462-9ac8-cb62a73cc53e"},"geometry":{"type":"Polygon","coordinates":[[[136.11459210245542,35.94368269491763],[136.115268988416,35.94376089599572],[136.11534252944696,35.943737248028896],[136.11538552753964,35.94348268038874],[136.11464188336927,35.94338273983701],[136.11459210245542,35.94368269491763]]]}},{"type":"Feature","properties":{"pid":"da47ff4b-9029-49d7-a0c2-fd53a4161344"},"geometry":{"type":"Polygon","coordinates":[[[136.11476553562653,35.94282679895533],[136.11550265279223,35.9429191713497],[136.11552624513615,35.9429013405925],[136.1155405043473,35.94283293870928],[136.11478818922134,35.942735988469025],[136.11476553562653,35.94282679895533]]]}},{"type":"Feature","properties":{"pid":"1a28eca7-fffa-476a-8883-3c315340f5ab"},"geometry":{"type":"Polygon","coordinates":[[[136.11469208687518,35.94317528077928],[136.11533632513473,35.94326974725504],[136.1153493571893,35.94317775927482],[136.1153826142926,35.943155287824084],[136.11547153458088,35.943146072399344],[136.1154913878292,35.943045959843765],[136.11546927290937,35.94301975790424],[136.11473741574756,35.9429257936582],[136.11469208687518,35.94317528077928]]]}},{"type":"Feature","properties":{"pid":"70209a1d-6c3a-4ce4-997b-999c5907b65e"},"geometry":{"type":"Polygon","coordinates":[[[136.1144029223147,35.94462210941699],[136.1149621831971,35.94470612791127],[136.11512518151156,35.94454691275507],[136.11518400998204,35.94443225568111],[136.11521361960692,35.94432025620914],[136.11517609396776,35.94427979363998],[136.1144864904212,35.944188433342276],[136.1144029223147,35.94462210941699]]]}},{"type":"Feature","properties":{"pid":"36dc4e6b-6281-4696-99d9-dd1382996dd1"},"geometry":{"type":"Polygon","coordinates":[[[136.11520620569488,35.944165594453665],[136.11525826361196,35.94414090690969],[136.11526763474004,35.944081683004526],[136.1145322834089,35.943983279251334],[136.11451161851895,35.94407726481034],[136.11520620569488,35.944165594453665]]]}},{"type":"Feature","properties":{"pid":"e0e29542-332e-4364-bdee-34dd58c76d54"},"geometry":{"type":"Polygon","coordinates":[[[136.11455217994998,35.94387761243021],[136.11528493138303,35.943977261071296],[136.11529581583542,35.943892713855774],[136.11526787208436,35.943870589512805],[136.11456340791307,35.94378708436138],[136.11455217994998,35.94387761243021]]]}},{"type":"Feature","properties":{"pid":"f9cd73c1-d9c1-4b32-82a7-92a8154d1399"},"geometry":{"type":"Polygon","coordinates":[[[136.11342737908925,35.94392871059099],[136.11431051662458,35.94405042213625],[136.1143662194916,35.94375176908268],[136.11362466072737,35.943651331214475],[136.11342737908925,35.94392871059099]]]}},{"type":"Feature","properties":{"pid":"3f8df570-1743-4086-bb49-d65904236219"},"geometry":{"type":"Polygon","coordinates":[[[136.11390630151965,35.94411832740478],[136.11370978217252,35.94409736660712],[136.11363550884238,35.944475261246026],[136.1136453967825,35.944499288688526],[136.11380720323478,35.944638910374174],[136.11390630151965,35.94411832740478]]]}},{"type":"Feature","properties":{"pid":"231b5e03-ffae-4f49-9d39-3dee236cb0ac"},"geometry":{"type":"Polygon","coordinates":[[[136.1139318047944,35.944718573932555],[136.11409759033992,35.94480604691701],[136.11414293009554,35.944809601243676],[136.11427952893882,35.94416381302233],[136.11404092332856,35.94413157405801],[136.1139318047944,35.944718573932555]]]}},{"type":"Feature","properties":{"pid":"82827396-67d9-4379-82c4-71dcba1d8975"},"geometry":{"type":"Polygon","coordinates":[[[136.1143478930346,35.94486741406863],[136.11449642534058,35.94487384056904],[136.1147414402494,35.94481703587885],[136.11481144605003,35.94478713225564],[136.11437639149307,35.94472859745998],[136.1143478930346,35.94486741406863]]]}},{"type":"Feature","properties":{"pid":"a20f643e-460b-41c4-8deb-c66653e522ce"},"geometry":{"type":"Polygon","coordinates":[[[136.11552798789864,35.94514207435833],[136.11563360925706,35.94512908700527],[136.11568846464658,35.945099738543895],[136.1157830184964,35.94499820501311],[136.11594357953877,35.94490740144248],[136.1155935492386,35.944863780215556],[136.11552798789864,35.94514207435833]]]}},{"type":"Feature","properties":{"pid":"abcc1ca9-aa33-4914-a024-bc3a146e40a7"},"geometry":{"type":"Polygon","coordinates":[[[136.11567907452266,35.944497146409276],[136.11651204912263,35.94461002018594],[136.11654975020463,35.94446611487071],[136.11570950087986,35.94432966230054],[136.11567907452266,35.944497146409276]]]}},{"type":"Feature","properties":{"pid":"798e436a-266e-483a-9dc9-526dd6988d5d"},"geometry":{"type":"Polygon","coordinates":[[[136.1157289697738,35.944214765993344],[136.1157452795389,35.94424076390673],[136.11657033762106,35.94436192219135],[136.11663316184303,35.94406008081936],[136.11577694685562,35.94394374562183],[136.1157289697738,35.944214765993344]]]}},{"type":"Feature","properties":{"pid":"f97532d6-895a-4f3b-883a-b73cc031b7b2"},"geometry":{"type":"Polygon","coordinates":[[[136.1158065247909,35.94381558426914],[136.1158259987406,35.943838660028064],[136.1166550386396,35.943954009506164],[136.11671290933097,35.94367096100437],[136.11586649923467,35.94354843716383],[136.1158065247909,35.94381558426914]]]}},{"type":"Feature","properties":{"pid":"acc86f23-b773-4126-be1f-5da163c9c11b"},"geometry":{"type":"Polygon","coordinates":[[[136.11672788741473,35.94450384495035],[136.1168796835005,35.94444460496574],[136.117087328802,35.944402940300215],[136.11729458564784,35.94410489244629],[136.11735590123894,35.94377191458215],[136.11734059516007,35.94374928796493],[136.1168870361622,35.94368188212489],[136.11672788741473,35.94450384495035]]]}},{"type":"Feature","properties":{"pid":"394b1964-f6aa-4aa3-8885-5c27ce52ee2d"},"geometry":{"type":"Polygon","coordinates":[[[136.1177122625939,35.94917694641879],[136.11802592720613,35.94891160968632],[136.11776802386498,35.948639404040634],[136.1174080847007,35.94893691498709],[136.1177122625939,35.94917694641879]]]}},{"type":"Feature","properties":{"pid":"2dd1e76b-a77a-41a7-a93c-f5a3f6e60be6"},"geometry":{"type":"Polygon","coordinates":[[[136.11769294792515,35.94856157143379],[136.11764211316412,35.948507811075615],[136.1172553585188,35.948826090812936],[136.1173163993285,35.948873240445074],[136.11769294792515,35.94856157143379]]]}},{"type":"Feature","properties":{"pid":"ce1b6d79-5a40-48a5-94d6-4f204b56f3ea"},"geometry":{"type":"Polygon","coordinates":[[[136.11698801647296,35.94861548458443],[136.11738334625716,35.948297957919706],[136.11719508548018,35.94818042061042],[136.11682043574015,35.94848911907804],[136.11698801647296,35.94861548458443]]]}},{"type":"Feature","properties":{"pid":"25592447-0eae-4522-a8a1-7404d4a83203"},"geometry":{"type":"Polygon","coordinates":[[[136.11747211161935,35.94836358708499],[136.11707423337742,35.94868410633475],[136.1171693104103,35.94875816948937],[136.1175655925648,35.948435168425576],[136.11747211161935,35.94836358708499]]]}},{"type":"Feature","properties":{"pid":"3bc5e20f-6ebf-4c87-b046-3c460c344757"},"geometry":{"type":"Polygon","coordinates":[[[136.11632613941185,35.94908398882945],[136.11646288977022,35.94919058593603],[136.11694343625507,35.948786717250805],[136.11680568702312,35.94867890576352],[136.11632613941185,35.94908398882945]]]}},{"type":"Feature","properties":{"pid":"eb762a8e-f2d6-4717-9af9-432ebaa3bde8"},"geometry":{"type":"Polygon","coordinates":[[[136.1162401759951,35.94901594999891],[136.11672004643185,35.94861019498555],[136.1166437816911,35.94855287687997],[136.11614847022622,35.94894656535152],[136.1162401759951,35.94901594999891]]]}},{"type":"Feature","properties":{"pid":"0a733c7c-28ab-4511-b517-feaa6a587210"},"geometry":{"type":"Polygon","coordinates":[[[136.1159257422289,35.94876963863453],[136.11601318624682,35.94884236785785],[136.116380748939,35.9485414991669],[136.11625983780945,35.9485087182103],[136.1159257422289,35.94876963863453]]]}},{"type":"Feature","properties":{"pid":"a6e7183f-1ff2-4b30-8e10-7c4e28c29342"},"geometry":{"type":"Polygon","coordinates":[[[136.11463561851647,35.94770931452224],[136.11496621832111,35.94802263672366],[136.1151372873771,35.94814699378466],[136.11515444863232,35.948144785406164],[136.1151825115594,35.94768119790211],[136.11493831601626,35.947674313956846],[136.11463561851647,35.94770931452224]]]}},{"type":"Feature","properties":{"pid":"d65f6a5c-07a4-4041-b48a-4efe85b9a130"},"geometry":{"type":"Polygon","coordinates":[[[136.1152812615782,35.94813063167521],[136.11540138095177,35.94811366238808],[136.1154317830994,35.94771428557605],[136.11530580063368,35.94770303146501],[136.1152812615782,35.94813063167521]]]}},{"type":"Feature","properties":{"pid":"92427b66-006f-46a2-944f-e47db229c69e"},"geometry":{"type":"Polygon","coordinates":[[[136.11527078252058,35.9482603009901],[136.11567446246133,35.94857215302476],[136.1158980825686,35.948395868842624],[136.1154185596526,35.94824138248312],[136.11527078252058,35.9482603009901]]]}},{"type":"Feature","properties":{"pid":"71b1f784-5581-496a-8914-0cfb7caa5480"},"geometry":{"type":"Polygon","coordinates":[[[136.11613912258812,35.94846875054228],[136.11602365335722,35.94843299514145],[136.11576276594863,35.94863748919222],[136.11584013152194,35.94870195055899],[136.11613912258812,35.94846875054228]]]}},{"type":"Feature","properties":{"pid":"34460bf8-cd39-4393-b71e-9342561bf5ba"},"geometry":{"type":"Polygon","coordinates":[[[136.11497676994426,35.94857155065634],[136.11516770055962,35.94883510987448],[136.11545552872212,35.94861935244533],[136.11519198127377,35.94840295526301],[136.11497676994426,35.94857155065634]]]}},{"type":"Feature","properties":{"pid":"b0aa4497-16df-4da9-8304-85e90db7e8d8"},"geometry":{"type":"Polygon","coordinates":[[[136.11554108360372,35.94868829305339],[136.11522946198244,35.94892258682683],[136.11524592110854,35.94894803591773],[136.1155570062214,35.94870145848049],[136.11554108360372,35.94868829305339]]]}},{"type":"Feature","properties":{"pid":"8e31ab75-8e40-43a8-a484-4c8e0badd2c4"},"geometry":{"type":"Polygon","coordinates":[[[136.11510765985406,35.94833593858536],[136.11490611491698,35.94817287830444],[136.11478697635016,35.94824280107954],[136.11492110701406,35.94848062944781],[136.11510765985406,35.94833593858536]]]}},{"type":"Feature","properties":{"pid":"61afd46f-2e7c-484e-ba56-0dd90c0e868b"},"geometry":{"type":"Polygon","coordinates":[[[136.11313611289208,35.944321838317805],[136.1133130121004,35.94434253796754],[136.1135063225657,35.944408847038424],[136.11356692594887,35.94408185652543],[136.1133317581177,35.9440477966197],[136.11313611289208,35.944321838317805]]]}},{"type":"Feature","properties":{"pid":"83a155c5-ff82-4ff9-a15b-121cc237ee88"},"geometry":{"type":"Polygon","coordinates":[[[136.11407613883748,35.94192725419342],[136.1140996880002,35.94195021925501],[136.11473607934818,35.94203701226422],[136.114793833571,35.941770909704495],[136.11430652026044,35.941702330355525],[136.11426645905163,35.94183889967193],[136.11422535158542,35.941855789558325],[136.11409973556536,35.941841069194446],[136.11407613883748,35.94192725419342]]]}},{"type":"Feature","properties":{"pid":"eca13fe9-86c5-449e-ac8e-801a94403c22"},"geometry":{"type":"Polygon","coordinates":[[[136.11432583564022,35.94159701062751],[136.11481854090877,35.941666748551235],[136.1148702262158,35.941406028032624],[136.1143822818219,35.94134618307874],[136.11432583564022,35.94159701062751]]]}},{"type":"Feature","properties":{"pid":"831d1615-7ced-4f84-8512-8f341fe8a17d"},"geometry":{"type":"Polygon","coordinates":[[[136.11423355650052,35.94095696222624],[136.1145227103428,35.94100526082602],[136.1145372121217,35.94103696672623],[136.11451374294745,35.941190847714005],[136.1149223668147,35.94124357532135],[136.1149765286053,35.94096620703632],[136.11424913139155,35.940869394850324],[136.11423355650052,35.94095696222624]]]}},{"type":"Feature","properties":{"pid":"aedaac56-66c5-4707-9cd1-4afc1676dfd3"},"geometry":{"type":"Polygon","coordinates":[[[136.11444005968897,35.94077861125482],[136.1149924565521,35.940854937790476],[136.11504505716042,35.94058625153922],[136.11448041885723,35.940507395198765],[136.11444005968897,35.94077861125482]]]}},{"type":"Feature","properties":{"pid":"2e7ed243-9762-4edf-839a-d00f18a53ac9"},"geometry":{"type":"Polygon","coordinates":[[[136.11518234778487,35.94088073424502],[136.11596372093575,35.94098366789011],[136.1159916753208,35.940973730013646],[136.11604141184932,35.94072926518341],[136.11523976507894,35.94061751541345],[136.11518234778487,35.94088073424502]]]}},{"type":"Feature","properties":{"pid":"ce277bf9-b381-4c00-b31e-945626e3cb18"},"geometry":{"type":"Polygon","coordinates":[[[136.11510334243906,35.94126036273779],[136.1159125413869,35.94136796821213],[136.115973997284,35.941106793348595],[136.11515491802595,35.94099892175286],[136.11510334243906,35.94126036273779]]]}},{"type":"Feature","properties":{"pid":"e94b7d7e-74ed-4a11-92b9-a710860f763d"},"geometry":{"type":"Polygon","coordinates":[[[136.1149975573837,35.94169149125177],[136.1157612751506,35.94179023489639],[136.11582110602734,35.94153314624655],[136.11504554926128,35.94143786680282],[136.1149975573837,35.94169149125177]]]}},{"type":"Feature","properties":{"pid":"abdf4a54-89ef-42a4-a7d6-af62a732862b"},"geometry":{"type":"Polygon","coordinates":[[[136.11717206566075,35.9415588580657],[136.11722385548975,35.94127486749927],[136.1163665759043,35.94115294770095],[136.11631528182392,35.941446027140564],[136.11717206566075,35.9415588580657]]]}},{"type":"Feature","properties":{"pid":"b3fbd8d9-f81e-4fbf-98f1-4911e5009f72"},"geometry":{"type":"Polygon","coordinates":[[[136.11733142645755,35.941588327775854],[136.11821878252792,35.9417161406845],[136.11827859309815,35.94141927463858],[136.11739755380614,35.94130274632012],[136.11733142645755,35.941588327775854]]]}},{"type":"Feature","properties":{"pid":"897ae5af-d44c-482c-a3f7-a68888a6a2da"},"geometry":{"type":"Polygon","coordinates":[[[136.11742696691277,35.94117888893759],[136.11830199566577,35.941300576654136],[136.1183566262827,35.94101134524068],[136.11748387643956,35.940890685549455],[136.11742696691277,35.94117888893759]]]}},{"type":"Feature","properties":{"pid":"8df46fff-cfed-4f9d-855b-67d2cf109cb6"},"geometry":{"type":"Polygon","coordinates":[[[136.1175107803279,35.94077968983846],[136.1183812535268,35.94089913676784],[136.11843532072947,35.940624051658],[136.11756842573553,35.940499121361945],[136.1175107803279,35.94077968983846]]]}},{"type":"Feature","properties":{"pid":"e7e526b2-95b3-4049-baca-e20e61385512"},"geometry":{"type":"Polygon","coordinates":[[[136.11731099883596,35.94087427637564],[136.11644334460465,35.94074508950793],[136.11638339639393,35.94103834297788],[136.11724954296102,35.941159475252526],[136.11731099883596,35.94087427637564]]]}},{"type":"Feature","properties":{"pid":"67bff57c-f83e-445b-90c8-54f3fae9af58"},"geometry":{"type":"Polygon","coordinates":[[[136.11647395983005,35.940632389550125],[136.11733101783346,35.94075795330631],[136.11738489509338,35.94046814811045],[136.1165386524,35.94035369178006],[136.11647395983005,35.940632389550125]]]}},{"type":"Feature","properties":{"pid":"ebe48518-2e81-4a34-b698-40d6e9176888"},"geometry":{"type":"Polygon","coordinates":[[[136.10338232706147,35.944386501590394],[136.10351775144363,35.94434868350268],[136.10352865333303,35.944326941706244],[136.10347703170282,35.944218942886984],[136.10349526668108,35.94417907610995],[136.10341564631992,35.94418761339147],[136.10338232706147,35.944386501590394]]]}},{"type":"Feature","properties":{"pid":"356c09d8-262c-4d3e-81df-e360722456fe"},"geometry":{"type":"Polygon","coordinates":[[[136.10363532691534,35.94438252061337],[136.1036842521442,35.94443468322548],[136.10377147601008,35.944339837099164],[136.10368819717996,35.94429680130626],[136.10363532691534,35.94438252061337]]]}},{"type":"Feature","properties":{"pid":"ac3616f7-1057-4339-ab71-06a27b585d27"},"geometry":{"type":"Polygon","coordinates":[[[136.10392784854272,35.94417547160792],[136.10399009868888,35.944108069744225],[136.10386883549276,35.944104818379465],[136.1038514975487,35.944150528915735],[136.10392784854272,35.94417547160792]]]}},{"type":"Feature","properties":{"pid":"91176a43-5610-45ef-940f-948b51dc4c4f"},"geometry":{"type":"Polygon","coordinates":[[[136.10726488361004,35.94882466140862],[136.1072449657004,35.94889085921523],[136.1071836121132,35.948964152859084],[136.10717989765743,35.949009590945806],[136.10731437674954,35.94902985327474],[136.1073474303922,35.948835675086634],[136.10726488361004,35.94882466140862]]]}},{"type":"Feature","properties":{"pid":"08fdbfa9-1b85-40e0-9b41-ed7577560e8d"},"geometry":{"type":"Polygon","coordinates":[[[136.10743497560222,35.94856847236598],[136.1072969898964,35.948547228672126],[136.10727784797857,35.94861567116937],[136.10727796954018,35.94870546199515],[136.1073759502301,35.94872030961078],[136.10743497560222,35.94856847236598]]]}},{"type":"Feature","properties":{"pid":"efe06a03-165e-4f8b-b8b2-99e6a4c8b23a"},"geometry":{"type":"Polygon","coordinates":[[[136.10675091306896,35.94808111401735],[136.1066896426056,35.94817917459211],[136.10689890784806,35.94827198828649],[136.1071851169708,35.948344694324255],[136.10719889128868,35.94827703849949],[136.10702514919464,35.948149897177345],[136.1068713233718,35.94812473027269],[136.10675091306896,35.94808111401735]]]}},{"type":"Feature","properties":{"pid":"a6345199-c062-4c12-b714-64e45683ffc6"},"geometry":{"type":"Polygon","coordinates":[[[136.10565677383354,35.947752986522794],[136.10590203154928,35.947837598265885],[136.1059993276856,35.94771126213299],[136.10574441433735,35.947618908452384],[136.10565677383354,35.947752986522794]]]}},{"type":"Feature","properties":{"pid":"0f8ccdca-2c60-42be-8bf3-af6790c16f38"},"geometry":{"type":"Polygon","coordinates":[[[136.10653280466647,35.94810765305162],[136.10661227087027,35.947994751890356],[136.10637453359553,35.947847675587724],[136.1061691546011,35.947749510666696],[136.1060467234471,35.94789706786042],[136.10653280466647,35.94810765305162]]]}},{"type":"Feature","properties":{"pid":"3bab825b-2d0b-445e-a611-30d170bebf4c"},"geometry":{"type":"Polygon","coordinates":[[[136.10551944535675,35.94769489888165],[136.1056256167892,35.94753671454278],[136.10536713841483,35.947414261910154],[136.10526410339818,35.947382665389604],[136.10516770622797,35.94749012333216],[136.10539267105727,35.947653183080476],[136.10551944535675,35.94769489888165]]]}},{"type":"Feature","properties":{"pid":"33c4479e-635e-4125-8d3b-8e8010152e49"},"geometry":{"type":"Polygon","coordinates":[[[136.10492825821626,35.947330475977076],[136.10504609975996,35.94740999415727],[136.1051404403395,35.947298638489784],[136.10502445808376,35.94722267579282],[136.10492825821626,35.947330475977076]]]}},{"type":"Feature","properties":{"pid":"06d0f37b-99a7-474e-8de3-6633dafcab0c"},"geometry":{"type":"Polygon","coordinates":[[[136.10495143325906,35.94767475080458],[136.10499089673976,35.94762223409467],[136.10492021366937,35.947569467251576],[136.10487566036105,35.94762773938178],[136.10495143325906,35.94767475080458]]]}},{"type":"Feature","properties":{"pid":"61cc2b4f-dd4c-472a-9dfc-7ec41be92a5f"},"geometry":{"type":"Polygon","coordinates":[[[136.1037124514416,35.946538044581686],[136.1037838403242,35.94644827459018],[136.10376371100963,35.94641694483192],[136.10354704191312,35.94627101720053],[136.10345538840252,35.94638567480448],[136.1037124514416,35.946538044581686]]]}},{"type":"Feature","properties":{"pid":"e11fe07f-90db-4c8c-a587-ac6a27a6e4cc"},"geometry":{"type":"Polygon","coordinates":[[[136.1038256252176,35.94661571983255],[136.10406355740463,35.946783258189456],[136.10418634827485,35.94664953077],[136.10389951979965,35.94652686136885],[136.1038256252176,35.94661571983255]]]}},{"type":"Feature","properties":{"pid":"7874d164-1b5f-4c31-876f-2c4d7950725c"},"geometry":{"type":"Polygon","coordinates":[[[136.1043027108268,35.94671720851202],[136.10418095516596,35.94685419517472],[136.1044313579482,35.94699500109358],[136.1045706397248,35.94685192730663],[136.1043027108268,35.94671720851202]]]}},{"type":"Feature","properties":{"pid":"cc6c70ed-69fe-4b1f-bf1a-e4266a78bf32"},"geometry":{"type":"Polygon","coordinates":[[[136.10457171104682,35.94704647853002],[136.1045726648439,35.94706605808928],[136.10483327770004,35.94722693797781],[136.10490418258192,35.94714634148002],[136.1048131369308,35.94709197221988],[136.1047041302063,35.946940358062704],[136.10467717984125,35.94692340470583],[136.10457171104682,35.94704647853002]]]}},{"type":"Feature","properties":{"pid":"f5a0d15a-c5ff-4419-9835-65d113e2eabf"},"geometry":{"type":"Polygon","coordinates":[[[136.1032245463334,35.94628364132826],[136.1033237509767,35.94632623816954],[136.10342822453367,35.946196122752276],[136.10328579043372,35.946103265238996],[136.1032245463334,35.94628364132826]]]}},{"type":"Feature","properties":{"pid":"5cace096-182e-4497-ab84-0f2f6d1ecdb3"},"geometry":{"type":"Polygon","coordinates":[[[136.10280918948428,35.94591393760422],[136.10278307934826,35.94617436456501],[136.10305081135988,35.94621640968828],[136.10310240388833,35.946005488741626],[136.10280918948428,35.94591393760422]]]}},{"type":"Feature","properties":{"pid":"3c838c24-c7aa-419a-b748-288ef058beb4"},"geometry":{"type":"Polygon","coordinates":[[[136.10219969747791,35.94614123362099],[136.10261145160717,35.946152467207995],[136.10263527376358,35.94583112212824],[136.1024318918472,35.94575159108609],[136.10221525194356,35.94573474952057],[136.10219969747791,35.94614123362099]]]}},{"type":"Feature","properties":{"pid":"0fff10b2-cdfc-4005-9cc9-3a24357962d7"},"geometry":{"type":"Polygon","coordinates":[[[136.1016339260713,35.94555815397311],[136.10200184566804,35.945599560229],[136.10201395037438,35.94553830755571],[136.10168801849252,35.94549802236629],[136.1016339260713,35.94555815397311]]]}},{"type":"Feature","properties":{"pid":"8bd71781-bdac-4299-92d9-12d930ea5321"},"geometry":{"type":"Polygon","coordinates":[[[136.1004407506985,35.94629586901125],[136.1005498172818,35.946301408042366],[136.10134593187217,35.946109736832874],[136.10138646184853,35.945964395999994],[136.10142879286624,35.945598950238235],[136.10099980427228,35.94566620489433],[136.10053888913143,35.94567124518571],[136.1004352208316,35.94575074756069],[136.1004407506985,35.94629586901125]]]}},{"type":"Feature","properties":{"pid":"e550d254-8335-4c51-bb96-e4e8b6eb2395"},"geometry":{"type":"Polygon","coordinates":[[[136.10159116482976,35.94609946058386],[136.1017921797022,35.946097587320246],[136.10197998397953,35.94611754234874],[136.10200106847662,35.94574043847614],[136.10160364046138,35.94572367757555],[136.10159116482976,35.94609946058386]]]}},{"type":"Feature","properties":{"pid":"5e760b37-40e2-4ac2-afa3-ec9c2b7646d7"},"geometry":{"type":"Polygon","coordinates":[[[136.10174669802979,35.94532062888887],[136.10204404050205,35.945342189604624],[136.1020661082032,35.94528158858815],[136.10220161683685,35.94507937544284],[136.10202289198313,35.94507805953118],[136.101791804983,35.9451416616644],[136.10177748157702,35.94524614025978],[136.10174669802979,35.94532062888887]]]}},{"type":"Feature","properties":{"pid":"d60c777f-ec62-4843-a8cd-43aa992b4de8"},"geometry":{"type":"Polygon","coordinates":[[[136.10255629391688,35.95600824389934],[136.10257790345406,35.95605300565657],[136.10261482784864,35.95607889299389],[136.1027065637719,35.95601492942535],[136.1026878648288,35.95600129680318],[136.10255629391688,35.95600824389934]]]}},{"type":"Feature","properties":{"pid":"c3ef2b0d-4ad8-41ed-ac30-5b0a60f70b28"},"geometry":{"type":"Polygon","coordinates":[[[136.10293639623464,35.95608268790807],[136.10305478902092,35.95606940713162],[136.103173381889,35.95610896899082],[136.10320120120946,35.95610090668408],[136.10307508972318,35.95597611573917],[136.10293639623464,35.95608268790807]]]}},{"type":"Feature","properties":{"pid":"b428e798-5e53-4e3c-9435-3644c25a9306"},"geometry":{"type":"Polygon","coordinates":[[[136.10709148369207,35.94935506439927],[136.1072481580395,35.94921156487863],[136.1072773094879,35.9491504152904],[136.10714110155016,35.9491302360958],[136.10712532768278,35.94919638245175],[136.1070774833682,35.94926439849855],[136.10709148369207,35.94935506439927]]]}},{"type":"Feature","properties":{"pid":"6f301abc-9442-42cf-b8f4-f1f8e3bf83d1"},"geometry":{"type":"Polygon","coordinates":[[[136.10525361403324,35.95376644870993],[136.10556971765033,35.95386563341385],[136.10559457138197,35.953832682836904],[136.1052258230736,35.95368574727004],[136.10525361403324,35.95376644870993]]]}},{"type":"Feature","properties":{"pid":"1cee97cc-04a8-444b-8418-ad642f2a9e83"},"geometry":{"type":"Polygon","coordinates":[[[136.10552727293836,35.95337971658986],[136.10582477902346,35.9535017258766],[136.10585621339408,35.953458968086],[136.1058397010312,35.953427252552416],[136.1057448086177,35.95340038041633],[136.10552727293836,35.95337971658986]]]}},{"type":"Feature","properties":{"pid":"05849bef-8c8b-45a0-9d9f-39f12e848305"},"geometry":{"type":"Polygon","coordinates":[[[136.1051741891492,35.95408208876287],[136.10536440062504,35.95417645187064],[136.1053948120254,35.95410710201487],[136.10518784962036,35.954037375562855],[136.1051741891492,35.95408208876287]]]}},{"type":"Feature","properties":{"pid":"cac850a0-c258-46d0-a929-f5503a0b6eed"},"geometry":{"type":"Polygon","coordinates":[[[136.1050928133817,35.95429290314186],[136.10524553681805,35.95434869712669],[136.10527448363828,35.954288423875624],[136.10511768805713,35.954209207065084],[136.1050928133817,35.95429290314186]]]}},{"type":"Feature","properties":{"pid":"e45a042d-d66f-4237-9aa1-3c848b7e2640"},"geometry":{"type":"Polygon","coordinates":[[[136.10452962586493,35.95475280993151],[136.1046706245129,35.954797101474355],[136.10483294227453,35.95464644394725],[136.1046840722643,35.95459429675784],[136.10452962586493,35.95475280993151]]]}},{"type":"Feature","properties":{"pid":"41985c38-7bca-49eb-a6a9-a501ef94ad37"},"geometry":{"type":"Polygon","coordinates":[[[136.10481849795326,35.95450377502721],[136.10497316428805,35.95455837554695],[136.1051008807337,35.954442746644396],[136.10495814300913,35.954386638538956],[136.10481849795326,35.95450377502721]]]}},{"type":"Feature","properties":{"pid":"3555120d-b636-49a9-9ad3-8f6f9596c316"},"geometry":{"type":"Polygon","coordinates":[[[136.10434593334315,35.954995043682075],[136.1043741593149,35.95501212661457],[136.10454196614776,35.95488599728119],[136.10441883956264,35.95485109415194],[136.10434593334315,35.954995043682075]]]}},{"type":"Feature","properties":{"pid":"0459ead2-68a1-49fb-a1aa-45091bb65568"},"geometry":{"type":"Polygon","coordinates":[[[136.10402621326287,35.95567234826434],[136.1040889966404,35.95559323395704],[136.10408280461306,35.955492772893706],[136.10391558798477,35.955332825094345],[136.1038018839528,35.9554258163793],[136.10402621326287,35.95567234826434]]]}},{"type":"Feature","properties":{"pid":"1d26c2e3-51bf-40f4-b630-7d4beb5868b9"},"geometry":{"type":"Polygon","coordinates":[[[136.10355723070705,35.95559003102827],[136.10375014792692,35.95581234456497],[136.10390160047783,35.95573769766342],[136.10369158678972,35.95549905725426],[136.10355723070705,35.95559003102827]]]}},{"type":"Feature","properties":{"pid":"85b093c6-4d75-44d6-a3d3-57799919cfa0"},"geometry":{"type":"Polygon","coordinates":[[[136.10333245079863,35.95574899078303],[136.1035292430705,35.95595178887478],[136.10363788384808,35.95588099935723],[136.10344611903244,35.95566638916727],[136.10333245079863,35.95574899078303]]]}},{"type":"Feature","properties":{"pid":"759aa708-5de6-486a-baba-0d06e16be794"},"geometry":{"type":"Polygon","coordinates":[[[136.1031624064486,35.955868406145626],[136.10334497263918,35.95605908541919],[136.1034096056443,35.95601664339895],[136.10322049833582,35.95582883582984],[136.1031624064486,35.955868406145626]]]}},{"type":"Feature","properties":{"pid":"a42c9fef-23e5-4c63-a086-37e2fb960072"},"geometry":{"type":"Polygon","coordinates":[[[136.10209221278762,35.95631635089996],[136.10219909529513,35.956442556709256],[136.10229166014287,35.95642254797125],[136.1023328780691,35.956383483941885],[136.10221344107168,35.95638891417062],[136.10211626386996,35.95631332194757],[136.10209221278762,35.95631635089996]]]}},{"type":"Feature","properties":{"pid":"961788a4-34df-4696-8f1e-c78fa5707fcf"},"geometry":{"type":"Polygon","coordinates":[[[136.1022761222776,35.9567584814037],[136.10250735923464,35.956641911712055],[136.1025309723657,35.95657516563051],[136.10258488621474,35.95650978690717],[136.10250913402854,35.95648516994129],[136.10242066191546,35.95656074349332],[136.10220748828556,35.956644394086524],[136.1022761222776,35.9567584814037]]]}},{"type":"Feature","properties":{"pid":"360ebdd5-16a0-4519-94cb-bd7b3fae7182"},"geometry":{"type":"Polygon","coordinates":[[[136.10065412822306,35.95731625761931],[136.10084518733737,35.95722961113825],[136.10077666022826,35.95703680343071],[136.10061071410826,35.95704831783286],[136.10065412822306,35.95731625761931]]]}},{"type":"Feature","properties":{"pid":"c6763d12-c8a0-4343-afed-f7614227a8b6"},"geometry":{"type":"Polygon","coordinates":[[[136.10095984918954,35.95715358081567],[136.1011349939971,35.95701088695902],[136.10112261948177,35.95686202591859],[136.1010783831666,35.95684151574178],[136.1009557448191,35.956971118178735],[136.1009061563603,35.95700124272319],[136.10095984918954,35.95715358081567]]]}},{"type":"Feature","properties":{"pid":"14531331-aeb4-4a5a-bc3c-128fbcaf909a"},"geometry":{"type":"Polygon","coordinates":[[[136.1017366082284,35.9565565484945],[136.1019474913341,35.956564711928685],[136.10208902926607,35.95650557115814],[136.10197396354974,35.956372039845576],[136.10187187277435,35.95642714512327],[136.1017366082284,35.9565565484945]]]}}]}