{"type":"FeatureCollection","features":[{"type":"Feature","properties":{"pid":"41db3f7f-bd6c-4455-8813-283fe29ff944","full":3.7},"geometry":{"type":"Polygon","coordinates":[[[136.12947,35.98587],[136.12955,35.98592],[136.12998,35.98602],[136.13016,35.98608],[136.13019,35.98605],[136.12966,35.98567],[136.12947,35.98587]]]}},{"type":"Feature","properties":{"pid":"66158708-e3cc-4580-957f-1b9945e1fa22","full":15.9},"geometry":{"type":"Polygon","coordinates":[[[136.12938,35.98545],[136.1302,35.98603],[136.1304,35.98584],[136.12958,35.98526],[136.12938,35.98545]]]}},{"type":"Feature","properties":{"pid":"3a252051-be26-446a-9eb9-fb302e945a5e","full":6.5},"geometry":{"type":"Polygon","coordinates":[[[136.12861,35.98525],[136.12909,35.9856],[136.12926,35.98543],[136.12878,35.98509],[136.12861,35.98525]]]}},{"type":"Feature","properties":{"pid":"9fbdb5a3-8ad3-40d8-b828-8e9ac2896593","full":16.4},"geometry":{"type":"Polygon","coordinates":[[[136.12918,35.98422],[136.12896,35.98442],[136.12977,35.98498],[136.12998,35.98479],[136.12918,35.98422]]]}},{"type":"Feature","properties":{"pid":"ccbc5f48-7648-41be-8e6c-be0d490370f0","full":18.1},"geometry":{"type":"Polygon","coordinates":[[[136.12975,35.985],[136.12891,35.9844],[136.1287,35.9846],[136.12953,35.9852],[136.12975,35.985]]]}},{"type":"Feature","properties":{"pid":"6217317c-4354-4a47-8d7c-18745c347181","full":16.1},"geometry":{"type":"Polygon","coordinates":[[[136.1302,35.98458],[136.12938,35.98401],[136.12918,35.98421],[136.12999,35.98478],[136.1302,35.98458]]]}},{"type":"Feature","properties":{"pid":"92143574-8165-42ca-a91c-6176d9b8792d","full":16.8},"geometry":{"type":"Polygon","coordinates":[[[136.12982,35.98504],[136.13064,35.98563],[136.13086,35.98543],[136.13003,35.98485],[136.12982,35.98504]]]}},{"type":"Feature","properties":{"pid":"ada29f0a-8196-4fbf-a516-c0b3efcd214c","full":17.5},"geometry":{"type":"Polygon","coordinates":[[[136.13032,35.98467],[136.13028,35.98471],[136.13022,35.98468],[136.13004,35.98484],[136.13086,35.98541],[136.13108,35.98521],[136.13032,35.98467]]]}},{"type":"Feature","properties":{"pid":"87081b17-a313-4f48-8ca6-cc1a04e696c5","full":16.8},"geometry":{"type":"Polygon","coordinates":[[[136.13049,35.98443],[136.13028,35.98462],[136.13111,35.9852],[136.13132,35.98502],[136.13049,35.98443]]]}},{"type":"Feature","properties":{"pid":"9450dc68-746b-4db9-8127-207f10140c19","full":16.3},"geometry":{"type":"Polygon","coordinates":[[[136.13133,35.98501],[136.13154,35.98482],[136.13071,35.98422],[136.1305,35.98441],[136.13133,35.98501]]]}},{"type":"Feature","properties":{"pid":"90075cbb-4df8-4d1d-a034-13d877fb2898","full":12.6},"geometry":{"type":"Polygon","coordinates":[[[136.13154,35.98481],[136.13188,35.9845],[136.13074,35.9842],[136.13072,35.98421],[136.13154,35.98481]]]}},{"type":"Feature","properties":{"pid":"c2430103-a481-4356-888f-a2528c06c56e","full":16.2},"geometry":{"type":"Polygon","coordinates":[[[136.13063,35.98564],[136.12982,35.98505],[136.1296,35.98524],[136.13042,35.98582],[136.13063,35.98564]]]}},{"type":"Feature","properties":{"pid":"29cb55a7-ed99-4d73-877d-eaba0f208ed0","full":13.5},"geometry":{"type":"Polygon","coordinates":[[[136.1315,35.98625],[136.13068,35.98567],[136.13048,35.98587],[136.13098,35.98624],[136.13109,35.98627],[136.1315,35.98625]]]}},{"type":"Feature","properties":{"pid":"72986992-df80-45ca-b27f-8d1ba46c7c49","full":17.0},"geometry":{"type":"Polygon","coordinates":[[[136.13153,35.98625],[136.13171,35.98608],[136.13169,35.98607],[136.13172,35.98605],[136.13091,35.98546],[136.13069,35.98566],[136.13153,35.98625]]]}},{"type":"Feature","properties":{"pid":"060aa66c-0e02-4ca2-825c-e59621454e15","full":4.9},"geometry":{"type":"Polygon","coordinates":[[[136.13205,35.98592],[136.1317,35.98625],[136.1322,35.98622],[136.13248,35.98623],[136.13205,35.98592]]]}},{"type":"Feature","properties":{"pid":"6ceb10e7-9b1d-4477-b0dc-f2987eb1a151","full":17.7},"geometry":{"type":"Polygon","coordinates":[[[136.13251,35.98623],[136.13289,35.98648],[136.13309,35.98629],[136.13228,35.9857],[136.13208,35.98589],[136.13209,35.9859],[136.13207,35.98593],[136.13251,35.98623]]]}},{"type":"Feature","properties":{"pid":"eacab519-9177-425d-9daa-12e8a0817397","full":0.9},"geometry":{"type":"Polygon","coordinates":[[[136.13219,35.9856],[136.13222,35.98562],[136.13228,35.98557],[136.13144,35.98498],[136.13136,35.98505],[136.13216,35.98562],[136.13219,35.9856]]]}},{"type":"Feature","properties":{"pid":"80ba4c16-bc30-4761-a40c-55583d276278","full":17.2},"geometry":{"type":"Polygon","coordinates":[[[136.13175,35.98605],[136.13194,35.98588],[136.13193,35.98587],[136.13194,35.98585],[136.13113,35.98525],[136.13092,35.98546],[136.13175,35.98605]]]}},{"type":"Feature","properties":{"pid":"9a8cf3a9-50e5-4b66-853b-bfd57a531a3e","full":16.6},"geometry":{"type":"Polygon","coordinates":[[[136.13192,35.98582],[136.13194,35.98579],[136.132,35.98582],[136.13218,35.98566],[136.13134,35.98506],[136.13114,35.98525],[136.13192,35.98582]]]}},{"type":"Feature","properties":{"pid":"ec4b2beb-d3b4-4e0e-aae9-aa2e7e6994f6","full":8.8},"geometry":{"type":"Polygon","coordinates":[[[136.13234,35.98415],[136.13206,35.98441],[136.13306,35.98469],[136.13311,35.98468],[136.13234,35.98415]]]}},{"type":"Feature","properties":{"pid":"57cc43f2-059c-417f-b146-116d3565bef4","full":2.4},"geometry":{"type":"Polygon","coordinates":[[[136.13289,35.98497],[136.13291,35.985],[136.13309,35.98484],[136.1324,35.98464],[136.13283,35.98498],[136.13289,35.98497]]]}},{"type":"Feature","properties":{"pid":"00d7a7f1-4910-48c6-aa89-97ec9ce97b66","full":14.6},"geometry":{"type":"Polygon","coordinates":[[[136.13431,35.98517],[136.13348,35.98458],[136.13328,35.98476],[136.13411,35.98533],[136.13414,35.98533],[136.13431,35.98517]]]}},{"type":"Feature","properties":{"pid":"14f3ce22-502a-4c99-898f-9b0f58a3654e","full":4.4},"geometry":{"type":"Polygon","coordinates":[[[136.13351,35.98546],[136.13379,35.98565],[136.13397,35.98548],[136.13398,35.98546],[136.13398,35.98544],[136.13375,35.98526],[136.13351,35.98546]]]}},{"type":"Feature","properties":{"pid":"2562554c-6497-4500-87c4-065b2689cf66","full":16.8},"geometry":{"type":"Polygon","coordinates":[[[136.13377,35.98566],[136.13376,35.98564],[136.13326,35.98531],[136.13294,35.98508],[136.13273,35.98526],[136.13274,35.98529],[136.13357,35.98585],[136.13377,35.98568],[136.13377,35.98566]]]}},{"type":"Feature","properties":{"pid":"8d1281bf-fefc-4547-bec2-88915c96e43f","full":12.6},"geometry":{"type":"Polygon","coordinates":[[[136.13292,35.98543],[136.13273,35.98561],[136.13275,35.98563],[136.13273,35.98564],[136.13334,35.98607],[136.13356,35.98587],[136.13292,35.98543]]]}},{"type":"Feature","properties":{"pid":"c186f4c1-61cd-4d72-8021-a7d338a06f7b","full":16.7},"geometry":{"type":"Polygon","coordinates":[[[136.13311,35.98627],[136.13333,35.98608],[136.1325,35.9855],[136.13228,35.98569],[136.13311,35.98627]]]}},{"type":"Feature","properties":{"pid":"49046f58-b34f-4c26-bb58-75785e7cdafc","full":16.5},"geometry":{"type":"Polygon","coordinates":[[[136.13443,35.9865],[136.13362,35.98591],[136.1334,35.98611],[136.13422,35.98669],[136.13443,35.9865]]]}},{"type":"Feature","properties":{"pid":"161da8bb-6567-48b3-bfba-3f62f7ccaba0","full":18.7},"geometry":{"type":"Polygon","coordinates":[[[136.13399,35.98691],[136.1342,35.98669],[136.13339,35.98612],[136.13315,35.98632],[136.13399,35.98691]]]}},{"type":"Feature","properties":{"pid":"585df0b9-7ef0-4611-8ece-fe848727f604","full":13.5},"geometry":{"type":"Polygon","coordinates":[[[136.13313,35.98633],[136.13296,35.98649],[136.1334,35.98682],[136.13374,35.98709],[136.13396,35.98693],[136.13395,35.98692],[136.13396,35.98691],[136.13313,35.98633]]]}},{"type":"Feature","properties":{"pid":"554391f4-e603-46d7-8668-efb36e838ffe","full":1.6},"geometry":{"type":"Polygon","coordinates":[[[136.13253,35.9867],[136.13252,35.98669],[136.13183,35.98677],[136.13179,35.9869],[136.13181,35.98693],[136.13192,35.98688],[136.132,35.98687],[136.13222,35.98685],[136.13233,35.98684],[136.13239,35.98677],[136.13252,35.98676],[136.13254,35.98674],[136.13253,35.9867]]]}},{"type":"Feature","properties":{"pid":"85d2753f-06d1-47db-b7b7-80c1ec1e003e","full":5.1},"geometry":{"type":"Polygon","coordinates":[[[136.13253,35.98666],[136.13251,35.98654],[136.13248,35.98651],[136.13239,35.98651],[136.1323,35.98654],[136.13226,35.98655],[136.13177,35.98654],[136.13177,35.98669],[136.13181,35.98672],[136.13183,35.98675],[136.13253,35.98666]]]}},{"type":"Feature","properties":{"pid":"a3488a17-3e18-455b-87e7-814874603ccb","full":16.5},"geometry":{"type":"Polygon","coordinates":[[[136.13527,35.98724],[136.13425,35.98707],[136.1342,35.98733],[136.13531,35.98752],[136.13532,35.9875],[136.13534,35.9875],[136.13537,35.9874],[136.13523,35.98738],[136.13527,35.98724]]]}},{"type":"Feature","properties":{"pid":"d6a33086-ec6c-4a18-abf2-faf2a5cb20f7","full":5.0},"geometry":{"type":"Polygon","coordinates":[[[136.13489,35.98757],[136.135,35.98757],[136.13531,35.98761],[136.13532,35.98754],[136.13419,35.98736],[136.13417,35.98748],[136.13439,35.98755],[136.13462,35.98762],[136.13477,35.98769],[136.13484,35.98759],[136.13489,35.98757]]]}},{"type":"Feature","properties":{"pid":"3d785f7f-9759-44b0-bc90-24bfd4523c71","full":17.6},"geometry":{"type":"Polygon","coordinates":[[[136.13561,35.98789],[136.1356,35.98794],[136.13596,35.98801],[136.13598,35.98794],[136.13632,35.98794],[136.13634,35.98785],[136.13639,35.98785],[136.1364,35.98773],[136.13545,35.98756],[136.13541,35.98767],[136.13544,35.98768],[136.13543,35.98771],[136.1354,35.9877],[136.13537,35.98783],[136.13561,35.98789]]]}},{"type":"Feature","properties":{"pid":"b2afd20a-50e1-420c-8fd4-4338efb80261","full":15.2},"geometry":{"type":"Polygon","coordinates":[[[136.1364,35.98772],[136.13645,35.98745],[136.13551,35.98729],[136.13545,35.98755],[136.1364,35.98772]]]}},{"type":"Feature","properties":{"pid":"380ca126-8da1-493f-a345-0bf1c6b1a89a","full":14.8},"geometry":{"type":"Polygon","coordinates":[[[136.13646,35.98744],[136.13651,35.98717],[136.1356,35.98702],[136.13559,35.98704],[136.13556,35.98704],[136.13551,35.98727],[136.13646,35.98744]]]}},{"type":"Feature","properties":{"pid":"33ab4408-a7c6-4a3d-ba3e-aab5955ed8f0","full":12.5},"geometry":{"type":"Polygon","coordinates":[[[136.13557,35.987],[136.13624,35.98711],[136.13629,35.98688],[136.13564,35.98662],[136.13557,35.987]]]}},{"type":"Feature","properties":{"pid":"be59df71-53b3-4c4c-9bc9-ffbb6e77f0c9","full":1.8},"geometry":{"type":"Polygon","coordinates":[[[136.13646,35.98679],[136.13654,35.98672],[136.13616,35.98646],[136.13601,35.9866],[136.13646,35.98679]]]}},{"type":"Feature","properties":{"pid":"101b4ad5-a153-44ab-b350-f5c2f193a3d8","full":14.5},"geometry":{"type":"Polygon","coordinates":[[[136.1361,35.98644],[136.13531,35.98587],[136.13529,35.98587],[136.13525,35.98586],[136.13507,35.98603],[136.1356,35.9864],[136.13575,35.98649],[136.13595,35.98657],[136.1361,35.98644]]]}},{"type":"Feature","properties":{"pid":"2d095acf-005c-43ea-95e7-a6ea7484a2db","full":5.1},"geometry":{"type":"Polygon","coordinates":[[[136.13508,35.98663],[136.13552,35.98671],[136.13555,35.98656],[136.13517,35.98629],[136.13508,35.98663]]]}},{"type":"Feature","properties":{"pid":"13d24d52-2366-4613-98b7-63b1ae97206c","full":16.0},"geometry":{"type":"Polygon","coordinates":[[[136.13551,35.98672],[136.13456,35.98656],[136.13432,35.98678],[136.13546,35.98698],[136.13551,35.98672]]]}},{"type":"Feature","properties":{"pid":"e0bae73f-4337-4304-b94e-bd21deafa13a","full":19.0},"geometry":{"type":"Polygon","coordinates":[[[136.13432,35.9868],[136.1343,35.9868],[136.13426,35.98706],[136.1354,35.98725],[136.13546,35.987],[136.13432,35.9868]]]}},{"type":"Feature","properties":{"pid":"759d8696-e14a-47ca-aa32-87e217653396","full":17.4},"geometry":{"type":"Polygon","coordinates":[[[136.13466,35.98628],[136.13384,35.98571],[136.13362,35.9859],[136.13445,35.98649],[136.13466,35.98628]]]}},{"type":"Feature","properties":{"pid":"90eccff8-cfab-45fe-b6b5-5b9bb46bbc38","full":16.2},"geometry":{"type":"Polygon","coordinates":[[[136.13385,35.9857],[136.13465,35.98626],[136.13468,35.98626],[136.13469,35.98625],[136.13487,35.98608],[136.13408,35.98551],[136.13406,35.98551],[136.13404,35.98551],[136.13385,35.9857]]]}},{"type":"Feature","properties":{"pid":"c9cc0dc6-aac2-4677-869f-70e839cf6114","full":14.4},"geometry":{"type":"Polygon","coordinates":[[[136.13437,35.98521],[136.13419,35.98537],[136.1342,35.9854],[136.13497,35.98596],[136.135,35.98597],[136.13501,35.98595],[136.13517,35.9858],[136.13516,35.98578],[136.13437,35.98521]]]}},{"type":"Feature","properties":{"pid":"c5086a10-dd2b-46b2-b2b1-40952cdc6a23","full":16.0},"geometry":{"type":"Polygon","coordinates":[[[136.13523,35.98576],[136.13538,35.98561],[136.13539,35.98559],[136.13539,35.98558],[136.13458,35.985],[136.13438,35.98519],[136.13519,35.98577],[136.13521,35.98577],[136.13523,35.98576]]]}},{"type":"Feature","properties":{"pid":"1ce32149-0263-4ee7-bbd6-37ca0859086d","full":16.1},"geometry":{"type":"Polygon","coordinates":[[[136.13433,35.98516],[136.13454,35.98497],[136.13369,35.98438],[136.1335,35.98456],[136.13433,35.98516]]]}},{"type":"Feature","properties":{"pid":"a676a396-e891-4c11-99f9-cc9c37c07a25","full":16.0},"geometry":{"type":"Polygon","coordinates":[[[136.13455,35.98495],[136.13475,35.98476],[136.13393,35.98417],[136.13383,35.98424],[136.13372,35.98436],[136.13455,35.98495]]]}},{"type":"Feature","properties":{"pid":"66bcfb84-ab2e-4d1e-b694-a42c86ebecc6","full":14.3},"geometry":{"type":"Polygon","coordinates":[[[136.13542,35.98557],[136.13563,35.98539],[136.13481,35.9848],[136.1346,35.98498],[136.13542,35.98557]],[[136.13543,35.98551],[136.13536,35.98548],[136.13541,35.98542],[136.13548,35.98546],[136.13543,35.98551]]]}},{"type":"Feature","properties":{"pid":"ddbb25a8-5084-4d1b-acc7-bf55636848dd","full":16.1},"geometry":{"type":"Polygon","coordinates":[[[136.13565,35.98536],[136.13568,35.98535],[136.13585,35.98518],[136.13503,35.98459],[136.13483,35.98478],[136.13563,35.98536],[136.13565,35.98536]]]}},{"type":"Feature","properties":{"pid":"4123ec88-443a-42b9-b78f-dd4c037bef8e","full":16.9},"geometry":{"type":"Polygon","coordinates":[[[136.1361,35.98496],[136.13629,35.98478],[136.13629,35.98476],[136.13628,35.98474],[136.13547,35.98417],[136.13526,35.98436],[136.1361,35.98496]]]}},{"type":"Feature","properties":{"pid":"750d8ee7-8490-4ab8-b1c0-3b4ee62506e7","full":17.1},"geometry":{"type":"Polygon","coordinates":[[[136.13588,35.98514],[136.13591,35.98513],[136.13607,35.98498],[136.13606,35.98494],[136.13525,35.98437],[136.13504,35.98457],[136.13585,35.98514],[136.13588,35.98514]]]}},{"type":"Feature","properties":{"pid":"9c0ac6ed-babb-4c4f-b470-e17b802956a2","full":20.3},"geometry":{"type":"Polygon","coordinates":[[[136.13679,35.98581],[136.13702,35.98559],[136.13621,35.98502],[136.1362,35.98503],[136.13616,35.98501],[136.13595,35.98521],[136.13679,35.98581]]]}},{"type":"Feature","properties":{"pid":"e72c2310-804f-4deb-a2ad-e38d91c06e75","full":17.5},"geometry":{"type":"Polygon","coordinates":[[[136.13656,35.98602],[136.13678,35.98582],[136.13593,35.98522],[136.13574,35.9854],[136.13576,35.98542],[136.13575,35.98544],[136.13656,35.98602]]]}},{"type":"Feature","properties":{"pid":"b1dd8697-aa65-48fa-b63d-2dcfd9e06b86","full":17.4},"geometry":{"type":"Polygon","coordinates":[[[136.13611,35.98643],[136.13633,35.98623],[136.13549,35.98564],[136.1353,35.98581],[136.13533,35.98585],[136.13532,35.98586],[136.13611,35.98643]]]}},{"type":"Feature","properties":{"pid":"da98888a-14ec-46b0-8475-a3934416c943","full":17.4},"geometry":{"type":"Polygon","coordinates":[[[136.13634,35.98622],[136.13655,35.98602],[136.13575,35.98545],[136.13573,35.98546],[136.1357,35.98544],[136.1355,35.98563],[136.13634,35.98622]]]}},{"type":"Feature","properties":{"pid":"ff9a006e-98df-4eab-8afb-50f70cc84018","full":8.3},"geometry":{"type":"Polygon","coordinates":[[[136.13682,35.98583],[136.13662,35.98603],[136.13702,35.98634],[136.13704,35.98633],[136.13706,35.98634],[136.13726,35.98615],[136.13682,35.98583]]]}},{"type":"Feature","properties":{"pid":"2eab6e6c-f5da-4997-bd2f-2b612caa4f8d","full":17.1},"geometry":{"type":"Polygon","coordinates":[[[136.13787,35.98626],[136.13783,35.98623],[136.13786,35.98622],[136.13704,35.98563],[136.13683,35.98583],[136.13768,35.98643],[136.13787,35.98626]]]}},{"type":"Feature","properties":{"pid":"9afdba45-3186-44fa-992a-98e99cbaa4e0","full":12.1},"geometry":{"type":"Polygon","coordinates":[[[136.138,35.98615],[136.13807,35.98609],[136.13805,35.98607],[136.13806,35.98606],[136.13725,35.98547],[136.13723,35.98546],[136.13705,35.98562],[136.13778,35.98615],[136.13787,35.98606],[136.138,35.98615]]]}},{"type":"Feature","properties":{"pid":"7b0d8428-037a-4088-a550-5b1dee372ed6","full":7.9},"geometry":{"type":"Polygon","coordinates":[[[136.13785,35.9855],[136.13747,35.98523],[136.13745,35.98524],[136.13725,35.98543],[136.13725,35.98545],[136.13764,35.98572],[136.13785,35.9855]]]}},{"type":"Feature","properties":{"pid":"ac1b13ca-a275-4563-be39-8e281dc2cfb1","full":14.1},"geometry":{"type":"Polygon","coordinates":[[[136.13619,35.98498],[136.13703,35.98558],[136.13722,35.9854],[136.13638,35.98481],[136.13619,35.98498]]]}},{"type":"Feature","properties":{"pid":"eff7ebfa-ca58-494d-b531-ae88a1aa77d9","full":17.1},"geometry":{"type":"Polygon","coordinates":[[[136.13723,35.9854],[136.13744,35.9852],[136.13662,35.98461],[136.13639,35.9848],[136.13723,35.9854]]]}},{"type":"Feature","properties":{"pid":"061fc31e-abbe-4196-b79c-0e130429208a","full":17.7},"geometry":{"type":"Polygon","coordinates":[[[136.13662,35.9846],[136.13745,35.98519],[136.13766,35.98498],[136.13683,35.9844],[136.13662,35.9846]]]}},{"type":"Feature","properties":{"pid":"472948b5-a461-4ea8-bc99-0854f638183c","full":14.1},"geometry":{"type":"Polygon","coordinates":[[[136.1375,35.98485],[136.13772,35.98465],[136.13707,35.98419],[136.13704,35.98419],[136.13684,35.98439],[136.1375,35.98485]]]}},{"type":"Feature","properties":{"pid":"d3d15b25-381b-4214-99b5-1feb3012ae8c","full":4.8},"geometry":{"type":"Polygon","coordinates":[[[136.13886,35.98474],[136.13881,35.98482],[136.13869,35.98479],[136.13866,35.98488],[136.13905,35.98515],[136.1392,35.98501],[136.13914,35.98495],[136.13912,35.98496],[136.13909,35.98495],[136.13912,35.98492],[136.13899,35.98476],[136.13886,35.98474]]]}},{"type":"Feature","properties":{"pid":"0b6ef9f0-c9ee-42b6-b529-a6e1d36707ce","full":18.9},"geometry":{"type":"Polygon","coordinates":[[[136.13798,35.98476],[136.1388,35.98536],[136.13884,35.98533],[136.13886,35.98535],[136.13905,35.98516],[136.13813,35.98452],[136.13811,35.98464],[136.13798,35.98476]]]}},{"type":"Feature","properties":{"pid":"637f361f-03a5-44dd-afb6-0e4942410ba8","full":15.3},"geometry":{"type":"Polygon","coordinates":[[[136.13805,35.9853],[136.13768,35.98504],[136.13748,35.98522],[136.13828,35.98579],[136.1383,35.98577],[136.13835,35.9858],[136.1385,35.98566],[136.13851,35.98564],[136.13805,35.9853]]]}},{"type":"Feature","properties":{"pid":"9e8d3362-6c1f-4a43-b324-77ea30d63368","full":2.9},"geometry":{"type":"Polygon","coordinates":[[[136.13787,35.98551],[136.13765,35.98573],[136.13784,35.98587],[136.13807,35.98566],[136.13787,35.98551]]]}},{"type":"Feature","properties":{"pid":"6619d634-378d-4986-b739-ab0d0fde83ca","full":20.5},"geometry":{"type":"Polygon","coordinates":[[[136.13922,35.98648],[136.13944,35.98627],[136.13864,35.9857],[136.13862,35.9857],[136.1386,35.98569],[136.13837,35.9859],[136.13919,35.98648],[136.13922,35.98648]]]}},{"type":"Feature","properties":{"pid":"7632958b-8670-4475-b62d-3554808a4926","full":18.1},"geometry":{"type":"Polygon","coordinates":[[[136.13897,35.98671],[136.13921,35.98651],[136.13836,35.98592],[136.13817,35.98609],[136.13822,35.98612],[136.13819,35.98615],[136.13897,35.98671]]]}},{"type":"Feature","properties":{"pid":"f7117536-2121-4212-9509-0365890ade0c","full":12.3},"geometry":{"type":"Polygon","coordinates":[[[136.1388,35.98688],[136.13897,35.98672],[136.13814,35.98613],[136.13796,35.98628],[136.1388,35.98688]]]}},{"type":"Feature","properties":{"pid":"2370438d-4111-403b-abe2-b0979dd86d45","full":16.8},"geometry":{"type":"Polygon","coordinates":[[[136.13858,35.98709],[136.13879,35.98689],[136.138,35.98632],[136.13797,35.98633],[136.13794,35.98632],[136.13776,35.9865],[136.13858,35.98709]]]}},{"type":"Feature","properties":{"pid":"d62499ee-26e1-48a1-9dee-323cfade9348","full":16.0},"geometry":{"type":"Polygon","coordinates":[[[136.13835,35.98729],[136.13856,35.98711],[136.13775,35.98651],[136.13754,35.98669],[136.13759,35.98671],[136.13759,35.98674],[136.13835,35.98729]]]}},{"type":"Feature","properties":{"pid":"5aaa29b4-1a70-4921-8665-a6536fcd4781","full":15.0},"geometry":{"type":"Polygon","coordinates":[[[136.13638,35.98625],[136.13616,35.98645],[136.13655,35.98672],[136.13648,35.98679],[136.13684,35.98693],[136.13706,35.98673],[136.13638,35.98625]]]}},{"type":"Feature","properties":{"pid":"a3a9e5ae-dc03-4c97-bbc2-022f87c4501f","full":18.2},"geometry":{"type":"Polygon","coordinates":[[[136.13639,35.98624],[136.13738,35.98694],[136.13745,35.98668],[136.13742,35.98666],[136.13743,35.98665],[136.13703,35.98636],[136.1366,35.98604],[136.13639,35.98624]]]}},{"type":"Feature","properties":{"pid":"75d68ff5-beb4-4577-ac9a-474fbbc1c984","full":1.9},"geometry":{"type":"Polygon","coordinates":[[[136.13758,35.98761],[136.13765,35.9874],[136.13741,35.9873],[136.13736,35.9875],[136.1374,35.98753],[136.1374,35.98756],[136.13758,35.98761]]]}},{"type":"Feature","properties":{"pid":"4161a630-1706-420a-9fa9-07f5280ca678","full":0.6},"geometry":{"type":"Polygon","coordinates":[[[136.13707,35.98752],[136.13726,35.98754],[136.1373,35.9874],[136.13726,35.98739],[136.13727,35.98736],[136.13712,35.98734],[136.13707,35.98752]]]}},{"type":"Feature","properties":{"pid":"04a667ce-ab8a-41ae-a430-542d2b4894a2","full":18.9},"geometry":{"type":"Polygon","coordinates":[[[136.13753,35.98675],[136.13743,35.98715],[136.13743,35.98717],[136.13814,35.98745],[136.13818,35.98745],[136.13834,35.9873],[136.13758,35.98675],[136.13755,35.98676],[136.13753,35.98675]]]}},{"type":"Feature","properties":{"pid":"baa05d9c-5171-4503-8f73-d2545e67d04f","full":10.0},"geometry":{"type":"Polygon","coordinates":[[[136.13883,35.9869],[136.13862,35.98711],[136.13917,35.98751],[136.13922,35.98734],[136.13932,35.98735],[136.13932,35.98726],[136.13883,35.9869]]]}},{"type":"Feature","properties":{"pid":"38727f07-cf0a-4fd4-8858-2ef36160ca2b","full":8.9},"geometry":{"type":"Polygon","coordinates":[[[136.1386,35.98712],[136.13844,35.98729],[136.1391,35.98775],[136.13915,35.98761],[136.13928,35.98763],[136.1393,35.9876],[136.1386,35.98712]]]}},{"type":"Feature","properties":{"pid":"8f7056fc-d355-4cd3-9465-78ffd2b00b1c","full":5.0},"geometry":{"type":"Polygon","coordinates":[[[136.13908,35.98776],[136.13844,35.9873],[136.13824,35.98746],[136.13837,35.98754],[136.13888,35.98774],[136.13905,35.98778],[136.13908,35.98776]]]}},{"type":"Feature","properties":{"pid":"d76c7101-115d-4197-88ce-97c7f67a216d","full":0.5},"geometry":{"type":"Polygon","coordinates":[[[136.13846,35.9879],[136.13863,35.98796],[136.13869,35.98781],[136.13852,35.98775],[136.13846,35.9879]]]}},{"type":"Feature","properties":{"pid":"86c9e5dd-1a6f-428f-b081-2912eaca4db9","full":1.8},"geometry":{"type":"Polygon","coordinates":[[[136.14086,35.99023],[136.14041,35.99024],[136.14065,35.99038],[136.14109,35.99035],[136.14106,35.99023],[136.14086,35.99023]]]}},{"type":"Feature","properties":{"pid":"136cc271-ae73-47e7-b21f-745a0982e005","full":4.4},"geometry":{"type":"Polygon","coordinates":[[[136.1411,35.99022],[136.14113,35.99033],[136.14115,35.99035],[136.14116,35.99051],[136.1412,35.99052],[136.14139,35.99052],[136.14139,35.99013],[136.14105,35.99013],[136.14106,35.99021],[136.1411,35.99022]]]}},{"type":"Feature","properties":{"pid":"2b313a42-7ff9-4b6e-a7c0-f21ebb7bd406","full":21.9},"geometry":{"type":"Polygon","coordinates":[[[136.14144,35.98943],[136.14143,35.9905],[136.14176,35.99049],[136.14177,35.98939],[136.14148,35.9894],[136.14147,35.98943],[136.14144,35.98943]]]}},{"type":"Feature","properties":{"pid":"22a9a14c-9998-44f9-a819-8703e65fd90d","full":12.7},"geometry":{"type":"Polygon","coordinates":[[[136.1411,35.99011],[136.14141,35.99011],[136.14142,35.98943],[136.1414,35.98943],[136.1414,35.9894],[136.14111,35.98939],[136.1411,35.99011]]]}},{"type":"Feature","properties":{"pid":"41b023d1-9eaf-480f-acaa-0bf928698725","full":13.2},"geometry":{"type":"Polygon","coordinates":[[[136.14077,35.98942],[136.14076,35.99011],[136.14108,35.99011],[136.14109,35.98939],[136.14081,35.98939],[136.1408,35.98941],[136.14077,35.98942]]]}},{"type":"Feature","properties":{"pid":"22035de6-4486-4c84-973c-a64cfb8ae280","full":0.6},"geometry":{"type":"Polygon","coordinates":[[[136.14049,35.99015],[136.14071,35.99014],[136.14071,35.99],[136.14048,35.99],[136.14049,35.99015]]]}},{"type":"Feature","properties":{"pid":"0987c01e-0a1e-4188-b63c-e2ff8d1248f1","full":8.3},"geometry":{"type":"Polygon","coordinates":[[[136.14029,35.98945],[136.14027,35.98982],[136.14029,35.98982],[136.14029,35.98996],[136.14058,35.98997],[136.14059,35.98945],[136.14029,35.98945]]]}},{"type":"Feature","properties":{"pid":"bab6105c-33ff-4447-888f-3cd3882600ed","full":3.2},"geometry":{"type":"Polygon","coordinates":[[[136.13967,35.98928],[136.13998,35.98928],[136.13999,35.98926],[136.14002,35.98926],[136.14002,35.9891],[136.14,35.9891],[136.14,35.98904],[136.13971,35.98904],[136.13967,35.98928]]]}},{"type":"Feature","properties":{"pid":"7b58acd6-7428-447b-9610-db64c7f14dfa","full":2.0},"geometry":{"type":"Polygon","coordinates":[[[136.13939,35.98874],[136.13962,35.98876],[136.13965,35.98875],[136.13966,35.98864],[136.13965,35.9886],[136.13964,35.9885],[136.13944,35.9885],[136.13939,35.98874]]]}},{"type":"Feature","properties":{"pid":"039e5d0a-6996-4003-b5cb-53f72601315c","full":0.6},"geometry":{"type":"Polygon","coordinates":[[[136.1403,35.9888],[136.1403,35.98878],[136.14031,35.98877],[136.14032,35.98868],[136.13997,35.98869],[136.13997,35.98881],[136.1403,35.9888]]]}},{"type":"Feature","properties":{"pid":"98f8b24a-7ae3-4cf7-83c6-c07bd92ee639","full":17.9},"geometry":{"type":"Polygon","coordinates":[[[136.14112,35.9893],[136.1414,35.98931],[136.14141,35.98928],[136.14145,35.98928],[136.14145,35.98839],[136.14113,35.98838],[136.14112,35.9893]]]}},{"type":"Feature","properties":{"pid":"0bb33354-038c-46e8-98cc-7c1d5ff40226","full":17.3},"geometry":{"type":"Polygon","coordinates":[[[136.1408,35.9893],[136.1411,35.9893],[136.14112,35.98839],[136.1408,35.98838],[136.14078,35.98926],[136.1408,35.98927],[136.1408,35.9893]]]}},{"type":"Feature","properties":{"pid":"c9cc5539-1945-41f5-813d-368f0fcadd4b","full":16.2},"geometry":{"type":"Polygon","coordinates":[[[136.14074,35.98927],[136.14077,35.98927],[136.14078,35.98854],[136.14042,35.98855],[136.14041,35.98927],[136.14045,35.98929],[136.14074,35.9893],[136.14074,35.98927]]]}},{"type":"Feature","properties":{"pid":"5ecfe43a-5fa8-4138-9fe6-a65b09123f15","full":1.9},"geometry":{"type":"Polygon","coordinates":[[[136.14074,35.98997],[136.14076,35.98942],[136.14073,35.98941],[136.14073,35.98938],[136.14061,35.98938],[136.1406,35.98997],[136.14074,35.98997]]]}},{"type":"Feature","properties":{"pid":"2c3637df-af4a-4c96-8f76-74af36952293","full":17.8},"geometry":{"type":"Polygon","coordinates":[[[136.14246,35.98932],[136.14278,35.98932],[136.14281,35.98841],[136.14248,35.9884],[136.14246,35.98932]]]}},{"type":"Feature","properties":{"pid":"2230c10e-31b6-449c-ba3f-aea79d1476ba","full":16.7},"geometry":{"type":"Polygon","coordinates":[[[136.14213,35.98931],[136.14244,35.98931],[136.14246,35.9884],[136.14215,35.9884],[136.14213,35.98931]]]}},{"type":"Feature","properties":{"pid":"9ec30f75-0476-402e-b942-35a9a832339a","full":17.3},"geometry":{"type":"Polygon","coordinates":[[[136.14179,35.9893],[136.14211,35.98931],[136.14214,35.9884],[136.14181,35.98839],[136.14179,35.9893]]]}},{"type":"Feature","properties":{"pid":"922b86dd-c2e5-4d00-8c12-128a686d28e8","full":17.3},"geometry":{"type":"Polygon","coordinates":[[[136.14149,35.98931],[136.14178,35.9893],[136.1418,35.98839],[136.14147,35.98839],[136.14146,35.98926],[136.14149,35.98927],[136.14149,35.98931]]]}},{"type":"Feature","properties":{"pid":"829e897e-8332-424c-a8d8-503317f4df4d","full":16.5},"geometry":{"type":"Polygon","coordinates":[[[136.14423,35.98842],[136.14391,35.98842],[136.14389,35.98932],[136.1442,35.98934],[136.14423,35.98842]]]}},{"type":"Feature","properties":{"pid":"d591e144-b5ff-4b59-b61c-a7bf0724c594","full":17.1},"geometry":{"type":"Polygon","coordinates":[[[136.1439,35.98842],[136.14357,35.98842],[136.14357,35.98929],[136.1436,35.98929],[136.14361,35.98932],[136.14388,35.98932],[136.1439,35.98842]]]}},{"type":"Feature","properties":{"pid":"3d3346f3-768f-4434-aebe-93a54b0efbe6","full":18.3},"geometry":{"type":"Polygon","coordinates":[[[136.14354,35.98932],[136.14356,35.98842],[136.14322,35.98841],[136.14321,35.98929],[136.14322,35.98931],[136.14354,35.98932]]]}},{"type":"Feature","properties":{"pid":"6ac81c40-bad8-458f-8dcf-3844f3f4617b","full":18.6},"geometry":{"type":"Polygon","coordinates":[[[136.1428,35.98932],[136.14314,35.98933],[136.14316,35.98841],[136.14282,35.98841],[136.1428,35.98932]]]}},{"type":"Feature","properties":{"pid":"905e3d7a-bd0a-4b79-9e71-de259f3b08d1","full":17.0},"geometry":{"type":"Polygon","coordinates":[[[136.14386,35.99032],[136.14418,35.99032],[136.1442,35.98941],[136.14388,35.98941],[136.14386,35.99032]]]}},{"type":"Feature","properties":{"pid":"6e2a1ca3-d7dd-496e-afa8-335ce817c5b8","full":17.4},"geometry":{"type":"Polygon","coordinates":[[[136.14352,35.99031],[136.14384,35.99032],[136.14387,35.98941],[136.14354,35.98941],[136.14352,35.99031]]]}},{"type":"Feature","properties":{"pid":"b6773c5b-f8f4-4767-bac9-d5015ad71d94","full":21.4},"geometry":{"type":"Polygon","coordinates":[[[136.14278,35.99046],[136.14308,35.99045],[136.14308,35.99031],[136.14312,35.99031],[136.14314,35.98941],[136.14312,35.9894],[136.14281,35.9894],[136.14278,35.99046]]]}},{"type":"Feature","properties":{"pid":"4511cd9e-d056-4b53-8568-ea306329bb7c","full":16.4},"geometry":{"type":"Polygon","coordinates":[[[136.1435,35.99031],[136.14352,35.98941],[136.14321,35.98941],[136.14319,35.99031],[136.1435,35.99031]]]}},{"type":"Feature","properties":{"pid":"c45bcbde-f684-46cd-9a71-e0f3b2219221","full":20.7},"geometry":{"type":"Polygon","coordinates":[[[136.14245,35.99047],[136.14276,35.99046],[136.14279,35.9894],[136.14246,35.98939],[136.14245,35.99047]]]}},{"type":"Feature","properties":{"pid":"e63ff5ff-f044-4bc0-b913-a675ce4f76a1","full":20.3},"geometry":{"type":"Polygon","coordinates":[[[136.14212,35.99048],[136.14242,35.99047],[136.14245,35.98939],[136.14217,35.98939],[136.14216,35.98943],[136.14212,35.98942],[136.14212,35.99048]]]}},{"type":"Feature","properties":{"pid":"962284a9-b943-425c-9a01-76439e867fdf","full":19.8},"geometry":{"type":"Polygon","coordinates":[[[136.14177,35.99049],[136.14209,35.99048],[136.1421,35.98944],[136.14178,35.98945],[136.14177,35.99049]]]}},{"type":"Feature","properties":{"pid":"0ca2583d-da59-466b-9a9a-015641d67f51","full":17.6},"geometry":{"type":"Polygon","coordinates":[[[136.14421,35.99032],[136.14453,35.99033],[136.14454,35.98942],[136.14421,35.98942],[136.14421,35.99032]]]}},{"type":"Feature","properties":{"pid":"75ac6e8f-7395-48c6-b13f-2912506596e4","full":17.2},"geometry":{"type":"Polygon","coordinates":[[[136.14454,35.99033],[136.14486,35.99033],[136.14488,35.98943],[136.14455,35.98942],[136.14454,35.99033]]]}},{"type":"Feature","properties":{"pid":"940a87c9-9dc2-4d0d-b1c8-b39238b9adbb","full":17.5},"geometry":{"type":"Polygon","coordinates":[[[136.14488,35.99033],[136.1452,35.99033],[136.14522,35.98943],[136.14489,35.98943],[136.14488,35.99033]]]}},{"type":"Feature","properties":{"pid":"bfde071a-0f1c-4088-8ac5-92205dfabf69","full":16.1},"geometry":{"type":"Polygon","coordinates":[[[136.14523,35.99033],[136.14553,35.99034],[136.14555,35.98944],[136.14524,35.98943],[136.14523,35.99033]]]}},{"type":"Feature","properties":{"pid":"8e891e31-f757-4ed7-a700-e933e9bd8375","full":18.9},"geometry":{"type":"Polygon","coordinates":[[[136.14555,35.99034],[136.14589,35.99034],[136.14591,35.98946],[136.1459,35.98944],[136.14557,35.98943],[136.14555,35.99034]]]}},{"type":"Feature","properties":{"pid":"04d3d816-a6bc-4981-9dd1-3f148a8421fc","full":18.3},"geometry":{"type":"Polygon","coordinates":[[[136.14629,35.99035],[136.14631,35.98945],[136.14598,35.98944],[136.14596,35.99035],[136.14629,35.99035]]]}},{"type":"Feature","properties":{"pid":"889e4a43-fd47-48ef-a31e-f6af3a34eb47","full":18.1},"geometry":{"type":"Polygon","coordinates":[[[136.14663,35.99036],[136.14665,35.98945],[136.14632,35.98944],[136.1463,35.99035],[136.14663,35.99036]]]}},{"type":"Feature","properties":{"pid":"b77367ee-c609-42a9-8cca-aeaefc0861d0","full":17.1},"geometry":{"type":"Polygon","coordinates":[[[136.14765,35.99037],[136.14766,35.9895],[136.14733,35.98949],[136.14732,35.99036],[136.14765,35.99037]]]}},{"type":"Feature","properties":{"pid":"8bcf5227-1a47-4cda-a330-7afdb354f586","full":13.2},"geometry":{"type":"Polygon","coordinates":[[[136.14766,35.99037],[136.14794,35.99037],[136.14794,35.98972],[136.14795,35.98971],[136.14795,35.9895],[136.14767,35.9895],[136.14766,35.99037]]]}},{"type":"Feature","properties":{"pid":"82506517-9e5b-471a-9a2f-f0b58928f591","full":17.8},"geometry":{"type":"Polygon","coordinates":[[[136.14731,35.99036],[136.14733,35.98949],[136.14722,35.98949],[136.14699,35.98946],[136.14698,35.99036],[136.14731,35.99036]]]}},{"type":"Feature","properties":{"pid":"3755aa25-d6ce-4ea8-8f6d-ede86836402d","full":17.8},"geometry":{"type":"Polygon","coordinates":[[[136.14697,35.99036],[136.14698,35.98946],[136.14665,35.98945],[136.14664,35.99036],[136.14697,35.99036]]]}},{"type":"Feature","properties":{"pid":"3de97dbc-7713-4ca0-a502-5181d73135d9","full":10.2},"geometry":{"type":"Polygon","coordinates":[[[136.14699,35.98906],[136.14675,35.98899],[136.14653,35.98892],[136.14651,35.98937],[136.14698,35.98937],[136.14699,35.98906]]]}},{"type":"Feature","properties":{"pid":"a596e0a4-25e3-48f7-a9af-91634f61a883","full":6.8},"geometry":{"type":"Polygon","coordinates":[[[136.14767,35.98919],[136.14724,35.98912],[136.147,35.98906],[136.14699,35.98937],[136.14723,35.98934],[136.14767,35.98935],[136.14767,35.98919]]]}},{"type":"Feature","properties":{"pid":"bd41ad72-9506-4892-8536-5588847eddec","full":1.1},"geometry":{"type":"Polygon","coordinates":[[[136.14768,35.98935],[136.14796,35.98935],[136.14799,35.98932],[136.14799,35.98922],[136.14768,35.98919],[136.14768,35.98935]]]}},{"type":"Feature","properties":{"pid":"6a389a39-1db4-4377-9306-5133e0bf81f2","full":11.3},"geometry":{"type":"Polygon","coordinates":[[[136.14632,35.98883],[136.14599,35.98866],[136.14599,35.98937],[136.14629,35.98937],[136.14629,35.98935],[136.14631,35.98934],[136.14632,35.98883]]]}},{"type":"Feature","properties":{"pid":"cafba54d-1168-430a-ac37-a6ba188d128b","full":3.3},"geometry":{"type":"Polygon","coordinates":[[[136.14652,35.98892],[136.14632,35.98883],[136.14632,35.98934],[136.14634,35.98935],[136.14635,35.98937],[136.14651,35.98937],[136.14652,35.98892]]]}},{"type":"Feature","properties":{"pid":"79ea9828-425b-42dd-9d41-ec8d61ea8ce9","full":15.1},"geometry":{"type":"Polygon","coordinates":[[[136.14561,35.98936],[136.14591,35.98936],[136.14592,35.98867],[136.14564,35.98844],[136.1456,35.98844],[136.14559,35.98933],[136.1456,35.98933],[136.14561,35.98936]]]}},{"type":"Feature","properties":{"pid":"3dd362a2-7134-442a-b700-ff3ea2f3ff78","full":17.9},"geometry":{"type":"Polygon","coordinates":[[[136.14555,35.98936],[136.14556,35.98933],[136.14558,35.98932],[136.14558,35.98844],[136.14526,35.98844],[136.14525,35.98935],[136.14555,35.98936]]]}},{"type":"Feature","properties":{"pid":"221c4720-54ca-4636-83ec-aabd5c5f4e2b","full":17.5},"geometry":{"type":"Polygon","coordinates":[[[136.14525,35.98844],[136.14493,35.98843],[136.14491,35.9893],[136.14494,35.98931],[136.14495,35.98934],[136.14523,35.98935],[136.14525,35.98844]]]}},{"type":"Feature","properties":{"pid":"8a2dba2f-59af-4903-89ca-ed2f5cb6f2f7","full":17.2},"geometry":{"type":"Polygon","coordinates":[[[136.14491,35.98843],[136.14459,35.98842],[136.14458,35.98934],[136.14489,35.98934],[136.14491,35.98843]]]}},{"type":"Feature","properties":{"pid":"2de1c0a0-8be3-423e-baa5-e0cb36fc6ffb","full":17.9},"geometry":{"type":"Polygon","coordinates":[[[136.14457,35.98843],[136.14425,35.98842],[136.14423,35.9893],[136.14425,35.98931],[136.14425,35.98934],[136.14456,35.98934],[136.14457,35.98843]]]}},{"type":"Feature","properties":{"pid":"6d132f9a-521c-4fa7-952d-4029985847c0","full":12.1},"geometry":{"type":"Polygon","coordinates":[[[136.14546,35.9884],[136.14547,35.98831],[136.14537,35.98821],[136.14532,35.98813],[136.14505,35.98779],[136.14494,35.98769],[136.14493,35.9884],[136.14546,35.9884]]]}},{"type":"Feature","properties":{"pid":"84f6690d-52c3-4cf0-a667-46a1a58c14f5","full":16.3},"geometry":{"type":"Polygon","coordinates":[[[136.14492,35.9884],[136.14493,35.98768],[136.14473,35.98748],[136.14461,35.98748],[136.14459,35.98839],[136.14492,35.9884]]]}},{"type":"Feature","properties":{"pid":"de7e47b7-588d-4aae-93af-b5bc58a78066","full":17.5},"geometry":{"type":"Polygon","coordinates":[[[136.14458,35.98839],[136.14459,35.98748],[136.14429,35.98747],[136.14426,35.98749],[136.14426,35.98839],[136.14458,35.98839]]]}},{"type":"Feature","properties":{"pid":"50aba33f-5a76-43d2-bbc5-bf2de1dc473d","full":2.7},"geometry":{"type":"Polygon","coordinates":[[[136.14418,35.98741],[136.14438,35.98741],[136.1444,35.9871],[136.14418,35.98696],[136.14418,35.98741]]]}},{"type":"Feature","properties":{"pid":"f5becdab-2280-4ee8-ae34-7bcff41cd669","full":3.1},"geometry":{"type":"Polygon","coordinates":[[[136.14539,35.98665],[136.14542,35.98638],[136.14503,35.98636],[136.14519,35.98661],[136.14523,35.98665],[136.14539,35.98665]]]}},{"type":"Feature","properties":{"pid":"dfce4175-27f8-42f7-8c7f-465fa0ca0cc7","full":64.1},"geometry":{"type":"Polygon","coordinates":[[[136.14683,35.98607],[136.1455,35.98603],[136.14546,35.98663],[136.14547,35.98664],[136.14679,35.98669],[136.14683,35.98607]]]}},{"type":"Feature","properties":{"pid":"54e87783-c280-4b66-ab8a-9787452b241f","full":3.6},"geometry":{"type":"Polygon","coordinates":[[[136.1466,35.98676],[136.14657,35.98739],[136.14673,35.9874],[136.14674,35.98738],[136.14678,35.98677],[136.1466,35.98676]]]}},{"type":"Feature","properties":{"pid":"7eaba193-6feb-4fb4-864c-a105bfbdacdd","full":3.5},"geometry":{"type":"Polygon","coordinates":[[[136.14659,35.98676],[136.14642,35.98676],[136.14638,35.98735],[136.14641,35.98736],[136.14642,35.98739],[136.14655,35.98739],[136.14659,35.98676]]]}},{"type":"Feature","properties":{"pid":"6a9623af-64c6-455c-a027-58a584a59839","full":33.2},"geometry":{"type":"Polygon","coordinates":[[[136.14634,35.98739],[136.14634,35.98736],[136.14637,35.98735],[136.14641,35.98675],[136.14557,35.98672],[136.14556,35.98679],[136.14554,35.98685],[136.1455,35.98691],[136.14594,35.98737],[136.14634,35.98739]]]}},{"type":"Feature","properties":{"pid":"25248d8c-7da0-4f22-bfab-7d7051f978fb","full":27.3},"geometry":{"type":"Polygon","coordinates":[[[136.14743,35.98742],[136.14746,35.9868],[136.14688,35.98678],[136.14687,35.98681],[136.14684,35.98681],[136.14681,35.9874],[136.14743,35.98742]]]}},{"type":"Feature","properties":{"pid":"66ccb6b1-a168-4fe6-a5df-1cb84f1378ec","full":33.6},"geometry":{"type":"Polygon","coordinates":[[[136.14878,35.98745],[136.14878,35.98747],[136.14947,35.98749],[136.14948,35.98747],[136.14951,35.98685],[136.14879,35.98683],[136.14876,35.98745],[136.14878,35.98745]]]}},{"type":"Feature","properties":{"pid":"1b551cc0-9a7c-4bbf-94bb-b96f238b704f","full":21.8},"geometry":{"type":"Polygon","coordinates":[[[136.14872,35.98746],[136.14872,35.98745],[136.14875,35.98745],[136.14878,35.98683],[136.14826,35.98681],[136.14825,35.98743],[136.1483,35.98745],[136.14872,35.98746]]]}},{"type":"Feature","properties":{"pid":"a851e704-79ef-428c-95ce-3dd6707c6cd3","full":46.0},"geometry":{"type":"Polygon","coordinates":[[[136.14953,35.98679],[136.14955,35.98617],[136.14856,35.98614],[136.14853,35.98675],[136.14953,35.98679]]]}},{"type":"Feature","properties":{"pid":"4f5a16dc-2533-4848-be1a-715ed0c31974","full":1.8},"geometry":{"type":"Polygon","coordinates":[[[136.14855,35.98614],[136.14841,35.98613],[136.14837,35.98675],[136.14852,35.98675],[136.14855,35.98614]]]}},{"type":"Feature","properties":{"pid":"ea44f6a3-4c27-47b8-a1f0-8f5715b963ce","full":27.7},"geometry":{"type":"Polygon","coordinates":[[[136.14744,35.98671],[136.1481,35.98673],[136.14811,35.98612],[136.14748,35.98611],[136.14744,35.98671]]]}},{"type":"Feature","properties":{"pid":"228462f3-7514-4635-a7c7-ca0eb7a15bb7","full":17.7},"geometry":{"type":"Polygon","coordinates":[[[136.14745,35.98723],[136.14805,35.98726],[136.14809,35.98681],[136.14747,35.9868],[136.14745,35.98723]]]}},{"type":"Feature","properties":{"pid":"a5f8e284-6f20-46f7-b93d-3789d39b32b9","full":1.4},"geometry":{"type":"Polygon","coordinates":[[[136.14728,35.98671],[136.14742,35.98671],[136.14746,35.9861],[136.14732,35.98609],[136.14728,35.98671]]]}},{"type":"Feature","properties":{"pid":"552d8d29-af36-47b5-ac87-ecfd72dd7cd1","full":16.9},"geometry":{"type":"Polygon","coordinates":[[[136.14727,35.98671],[136.1473,35.98609],[136.14686,35.98608],[136.14684,35.98669],[136.14727,35.98671]]]}},{"type":"Feature","properties":{"pid":"d22950e7-9eeb-4d2d-b116-80a8d902e968","full":28.5},"geometry":{"type":"Polygon","coordinates":[[[136.1475,35.98607],[136.14753,35.98544],[136.14691,35.98542],[136.14689,35.98544],[136.14686,35.98604],[136.1475,35.98607]]]}},{"type":"Feature","properties":{"pid":"d4368513-a132-4f5c-90a5-40589a5c992b","full":16.8},"geometry":{"type":"Polygon","coordinates":[[[136.14751,35.98607],[136.14797,35.98608],[136.14799,35.98559],[136.14786,35.98559],[136.14787,35.98545],[136.14755,35.98544],[136.14751,35.98607]]]}},{"type":"Feature","properties":{"pid":"618a3042-fca9-4bda-9fc8-50a628922cc2","full":1.3},"geometry":{"type":"Polygon","coordinates":[[[136.14799,35.98609],[136.14811,35.98609],[136.14815,35.98546],[136.14804,35.98546],[136.14804,35.98548],[136.14801,35.98549],[136.14799,35.98609]]]}},{"type":"Feature","properties":{"pid":"9ca8a724-55ff-4f64-b64d-a71f76fd81e0","full":23.6},"geometry":{"type":"Polygon","coordinates":[[[136.14829,35.9861],[136.1489,35.98612],[136.14893,35.98552],[136.1489,35.98551],[136.1489,35.98549],[136.14859,35.98548],[136.14858,35.98562],[136.14848,35.98562],[136.14848,35.98547],[136.14832,35.98548],[136.14829,35.9861]]]}},{"type":"Feature","properties":{"pid":"044d7b8e-469d-4449-b12e-b40fb64f4831","full":28.8},"geometry":{"type":"Polygon","coordinates":[[[136.14891,35.98611],[136.14956,35.98614],[136.14959,35.98554],[136.14958,35.98551],[136.14955,35.9855],[136.14897,35.9855],[136.14896,35.98552],[136.14894,35.98552],[136.14891,35.98611]]]}},{"type":"Feature","properties":{"pid":"4a769c6e-86a0-446e-9097-6f8c9b9167d9","full":9.4},"geometry":{"type":"Polygon","coordinates":[[[136.14787,35.98539],[136.14816,35.9854],[136.14819,35.98477],[136.14791,35.98476],[136.14787,35.98539]]]}},{"type":"Feature","properties":{"pid":"5e11fbed-1722-4ed9-aeea-a1087ef63926","full":39.9},"geometry":{"type":"Polygon","coordinates":[[[136.14922,35.98481],[136.14836,35.98478],[136.14834,35.9854],[136.14919,35.98543],[136.14922,35.98481]]]}},{"type":"Feature","properties":{"pid":"21f4555f-0263-4b99-870e-190ff640fbfb","full":29.2},"geometry":{"type":"Polygon","coordinates":[[[136.14905,35.98477],[136.14908,35.98417],[136.14904,35.98416],[136.14905,35.98414],[136.14841,35.98412],[136.14837,35.98415],[136.14836,35.98454],[136.14849,35.98455],[136.14847,35.98475],[136.14905,35.98477]]]}},{"type":"Feature","properties":{"pid":"50d2ae02-b5d4-4b31-9e1f-4557d3375677","full":25.5},"geometry":{"type":"Polygon","coordinates":[[[136.14761,35.98472],[136.14819,35.98474],[136.14823,35.98413],[136.1482,35.98411],[136.14769,35.98409],[136.14769,35.98412],[136.14765,35.98412],[136.14761,35.98472]]]}},{"type":"Feature","properties":{"pid":"91739df5-6d5e-4ebf-a740-9114a8ee1950","full":2.0},"geometry":{"type":"Polygon","coordinates":[[[136.14745,35.98471],[136.1476,35.98472],[136.14763,35.98412],[136.1476,35.98412],[136.1476,35.98408],[136.14749,35.98408],[136.14745,35.98471]]]}},{"type":"Feature","properties":{"pid":"e8d1fcf9-a8cb-4fb1-8e63-919fd404ec2a","full":45.1},"geometry":{"type":"Polygon","coordinates":[[[136.14786,35.98538],[136.14789,35.98476],[136.14694,35.98473],[136.14691,35.98534],[136.14692,35.98536],[136.14786,35.98538]]]}},{"type":"Feature","properties":{"pid":"b595551f-1bc3-4abc-b69e-681f78482429","full":9.5},"geometry":{"type":"Polygon","coordinates":[[[136.14612,35.98466],[136.14643,35.98468],[136.14646,35.98412],[136.14614,35.98411],[136.14612,35.98466]]]}},{"type":"Feature","properties":{"pid":"2572cda1-8039-4994-a082-dc364c488a64","full":11.8},"geometry":{"type":"Polygon","coordinates":[[[136.1461,35.98466],[136.14612,35.98429],[136.14563,35.98427],[136.14562,35.98429],[136.1456,35.98429],[136.14558,35.98464],[136.1461,35.98466]]]}},{"type":"Feature","properties":{"pid":"398fa69b-9597-45ae-b4ef-c88178487ec6","full":14.5},"geometry":{"type":"Polygon","coordinates":[[[136.14594,35.98531],[136.14597,35.98469],[136.14557,35.98468],[136.14554,35.98517],[136.14566,35.98517],[136.14565,35.98531],[136.14594,35.98531]]]}},{"type":"Feature","properties":{"pid":"b1883949-fd94-4de6-833a-8a898180a541","full":16.8},"geometry":{"type":"Polygon","coordinates":[[[136.14605,35.98519],[136.14628,35.9852],[136.14627,35.98533],[136.14653,35.98534],[136.14656,35.98472],[136.14608,35.9847],[136.14605,35.98519]]]}},{"type":"Feature","properties":{"pid":"19bb21d1-3f11-4e06-addb-f52fd710c145","full":11.1},"geometry":{"type":"Polygon","coordinates":[[[136.14654,35.98534],[136.14683,35.98535],[136.14685,35.98534],[136.14689,35.98473],[136.14657,35.98472],[136.14654,35.98534]]]}},{"type":"Feature","properties":{"pid":"11616bc8-78b5-48c5-b7e8-1549a3a9db7e","full":64.3},"geometry":{"type":"Polygon","coordinates":[[[136.1468,35.98542],[136.14557,35.98537],[136.14554,35.98539],[136.14551,35.98599],[136.14682,35.98604],[136.14685,35.98547],[136.14683,35.98545],[136.1468,35.98542]]]}},{"type":"Feature","properties":{"pid":"80d17b9e-a0b1-40f4-b0ed-c707d2f2ca8c","full":0.7},"geometry":{"type":"Polygon","coordinates":[[[136.14534,35.98463],[136.14538,35.98463],[136.14539,35.98456],[136.14551,35.98456],[136.14552,35.98435],[136.14535,35.98435],[136.14534,35.98463]]]}},{"type":"Feature","properties":{"pid":"4d904e54-6968-4b54-894e-6aa7718454da","full":1.7},"geometry":{"type":"Polygon","coordinates":[[[136.14513,35.98463],[136.14533,35.98463],[136.14534,35.98435],[136.14514,35.98435],[136.14513,35.98463]]]}},{"type":"Feature","properties":{"pid":"e56eb421-60c0-4475-b8f3-224431854ba8","full":8.4},"geometry":{"type":"Polygon","coordinates":[[[136.14318,35.98664],[136.14288,35.98657],[136.14287,35.9871],[136.14318,35.98715],[136.14318,35.98664]]]}},{"type":"Feature","properties":{"pid":"084fe7ce-1d40-44ab-b5d0-43981125807a","full":5.0},"geometry":{"type":"Polygon","coordinates":[[[136.14414,35.98738],[136.14417,35.98738],[136.14418,35.98696],[136.14407,35.9869],[136.14395,35.98685],[136.14393,35.98741],[136.14414,35.98741],[136.14414,35.98738]]]}},{"type":"Feature","properties":{"pid":"f1c1f721-f4c2-4a20-b572-ee879b7e81d3","full":11.4},"geometry":{"type":"Polygon","coordinates":[[[136.14393,35.98685],[136.1436,35.98675],[136.14359,35.98738],[136.14362,35.98738],[136.14362,35.98741],[136.14392,35.98741],[136.14393,35.98685]]]}},{"type":"Feature","properties":{"pid":"a9085402-c0b5-47ca-aa6c-6fbdb458fab4","full":17.4},"geometry":{"type":"Polygon","coordinates":[[[136.14424,35.98838],[136.14425,35.98747],[136.14393,35.98747],[136.14391,35.98838],[136.14424,35.98838]]]}},{"type":"Feature","properties":{"pid":"2111bdc8-e06b-462a-b141-0fe12cca665e","full":18.1},"geometry":{"type":"Polygon","coordinates":[[[136.1439,35.98838],[136.14391,35.98747],[136.14358,35.98747],[136.14357,35.98838],[136.1439,35.98838]]]}},{"type":"Feature","properties":{"pid":"776fcbc9-870e-4b2c-9eb6-16df8dc81e2a","full":18.0},"geometry":{"type":"Polygon","coordinates":[[[136.14357,35.98746],[136.14327,35.98747],[136.14324,35.98748],[136.14323,35.98837],[136.14356,35.98838],[136.14357,35.98746]]]}},{"type":"Feature","properties":{"pid":"0c0b28ba-cfe9-47cf-a7a8-6f6a061ba283","full":18.7},"geometry":{"type":"Polygon","coordinates":[[[136.14282,35.98837],[136.14316,35.98837],[136.14318,35.98748],[136.14316,35.98747],[136.14284,35.98746],[136.14282,35.98837]]]}},{"type":"Feature","properties":{"pid":"bb4c5a27-224e-423b-88b7-273e6b0edffb","full":11.7},"geometry":{"type":"Polygon","coordinates":[[[136.14326,35.98674],[136.14326,35.98741],[136.14358,35.9874],[136.14359,35.9868],[136.14326,35.98674]]]}},{"type":"Feature","properties":{"pid":"063e67ac-ab24-4189-a70a-a64af311162e","full":17.2},"geometry":{"type":"Polygon","coordinates":[[[136.14248,35.98836],[136.1428,35.98837],[136.14283,35.98746],[136.1425,35.98746],[136.14248,35.98836]]]}},{"type":"Feature","properties":{"pid":"37f3a81c-4059-4e4f-b644-e224cd8a1fa6","full":16.9},"geometry":{"type":"Polygon","coordinates":[[[136.14215,35.98836],[136.14247,35.98836],[136.14248,35.98746],[136.14216,35.98746],[136.14215,35.98836]]]}},{"type":"Feature","properties":{"pid":"7d8b0cc6-da4d-4ec9-9c2b-1f1dce7c619a","full":17.4},"geometry":{"type":"Polygon","coordinates":[[[136.14181,35.98836],[136.14213,35.98837],[136.14216,35.98746],[136.14183,35.98745],[136.14181,35.98836]]]}},{"type":"Feature","properties":{"pid":"84337a9f-bf39-4e3a-945f-2cc9d05945d1","full":17.3},"geometry":{"type":"Polygon","coordinates":[[[136.14147,35.98835],[136.14179,35.98836],[136.14181,35.98745],[136.14154,35.98744],[136.14149,35.98747],[136.14147,35.98835]]]}},{"type":"Feature","properties":{"pid":"5a4e74c6-63b5-4c44-8212-44b6cc93fdbe","full":17.0},"geometry":{"type":"Polygon","coordinates":[[[136.14184,35.98647],[136.14152,35.98647],[136.14152,35.98738],[136.1418,35.98739],[136.1418,35.98736],[136.14183,35.98735],[136.14184,35.98647]]]}},{"type":"Feature","properties":{"pid":"d75e4ba3-b238-47a7-a9c9-c72a9779d262","full":17.6},"geometry":{"type":"Polygon","coordinates":[[[136.14185,35.98739],[136.14216,35.98739],[136.14219,35.98646],[136.14186,35.98647],[136.14185,35.98739]]]}},{"type":"Feature","properties":{"pid":"1dfd493c-a93b-4b63-8e58-e653827f8c71","full":2.1},"geometry":{"type":"Polygon","coordinates":[[[136.14232,35.98739],[136.14234,35.98647],[136.1422,35.98646],[136.14219,35.98739],[136.14232,35.98739]]]}},{"type":"Feature","properties":{"pid":"b9ab49b5-aaae-4975-ae29-f9077b4ac2bf","full":4.7},"geometry":{"type":"Polygon","coordinates":[[[136.14236,35.98647],[136.14233,35.98739],[136.1425,35.98739],[136.14252,35.98649],[136.14236,35.98647]]]}},{"type":"Feature","properties":{"pid":"e291e8c9-90a7-4c14-b6f5-900c00eb18cc","full":16.3},"geometry":{"type":"Polygon","coordinates":[[[136.14252,35.98739],[136.14285,35.9874],[136.14285,35.98657],[136.14253,35.98649],[136.14252,35.98739]]]}},{"type":"Feature","properties":{"pid":"d978951b-9087-483f-a9da-ead56f7fa3b5","full":3.4},"geometry":{"type":"Polygon","coordinates":[[[136.14153,35.98642],[136.14218,35.98643],[136.14218,35.98641],[136.14181,35.98626],[136.14165,35.98618],[136.14154,35.9861],[136.14153,35.98642]]]}},{"type":"Feature","properties":{"pid":"c71af95a-8825-42be-bf45-1e09c9cc7acf","full":17.9},"geometry":{"type":"Polygon","coordinates":[[[136.14083,35.98646],[136.14051,35.98646],[136.14048,35.98731],[136.14052,35.98733],[136.14053,35.98737],[136.14081,35.98737],[136.14083,35.98646]]]}},{"type":"Feature","properties":{"pid":"c8573d01-b005-4dff-8e40-96af9171ddd0","full":17.2},"geometry":{"type":"Polygon","coordinates":[[[136.14117,35.98646],[136.14085,35.98646],[136.14083,35.98737],[136.14113,35.98738],[136.14115,35.98733],[136.14117,35.98646]]]}},{"type":"Feature","properties":{"pid":"99fc83cf-868a-4df6-b6d1-01793feff096","full":16.9},"geometry":{"type":"Polygon","coordinates":[[[136.14151,35.98647],[136.14119,35.98646],[136.14117,35.98733],[136.1412,35.98734],[136.14119,35.98738],[136.14149,35.98738],[136.14151,35.98647]]]}},{"type":"Feature","properties":{"pid":"7a24d9c2-193a-4c37-b371-e6a2a7aa4bf5","full":17.2},"geometry":{"type":"Polygon","coordinates":[[[136.14113,35.98835],[136.14145,35.98834],[136.14148,35.98745],[136.14115,35.98744],[136.14113,35.98835]]]}},{"type":"Feature","properties":{"pid":"b56a7b0c-6c0c-46ce-97cc-a4edbcfaaa80","full":17.6},"geometry":{"type":"Polygon","coordinates":[[[136.14081,35.98744],[136.14079,35.98834],[136.14111,35.98835],[136.14114,35.98744],[136.14081,35.98744]]]}},{"type":"Feature","properties":{"pid":"8ac97681-9b40-492f-9c77-6ada59813a54","full":7.8},"geometry":{"type":"Polygon","coordinates":[[[136.14079,35.9878],[136.1408,35.98743],[136.14042,35.98743],[136.14041,35.98744],[136.1404,35.9878],[136.14079,35.9878]]]}},{"type":"Feature","properties":{"pid":"6a20de53-3875-47a6-9f5e-e44b473836f9","full":4.7},"geometry":{"type":"Polygon","coordinates":[[[136.14011,35.98736],[136.14014,35.98701],[136.13985,35.98701],[136.13982,35.98731],[136.13985,35.98732],[136.13986,35.98737],[136.14011,35.98736]]]}},{"type":"Feature","properties":{"pid":"50387c38-9f97-41fd-a379-9354da229e04","full":1.6},"geometry":{"type":"Polygon","coordinates":[[[136.14014,35.98743],[136.13981,35.98742],[136.1398,35.98759],[136.14015,35.98758],[136.14015,35.98752],[136.14014,35.98752],[136.14014,35.98743]]]}},{"type":"Feature","properties":{"pid":"046d33a7-ebbc-4959-8850-b15d5c9fc15c","full":3.3},"geometry":{"type":"Polygon","coordinates":[[[136.13941,35.98736],[136.13944,35.98736],[136.1396,35.98736],[136.1397,35.98736],[136.13973,35.98735],[136.13975,35.98714],[136.13945,35.9871],[136.13945,35.98712],[136.13943,35.98712],[136.1394,35.98734],[136.13941,35.98736]]]}},{"type":"Feature","properties":{"pid":"bedede3d-0005-472a-8220-4d6a103c2c90","full":22.4},"geometry":{"type":"Polygon","coordinates":[[[136.13884,35.98689],[136.13934,35.98725],[136.13938,35.98725],[136.13938,35.98708],[136.13965,35.98711],[136.1397,35.9867],[136.13915,35.9866],[136.13884,35.98689]]]}},{"type":"Feature","properties":{"pid":"d13be804-411c-47c9-a0a7-f33e8c1d5dc8","full":13.3},"geometry":{"type":"Polygon","coordinates":[[[136.14014,35.98725],[136.14037,35.98726],[136.14038,35.98736],[136.14046,35.98737],[136.14049,35.98646],[136.14021,35.98645],[136.14021,35.98675],[136.14018,35.98675],[136.14014,35.98725]]]}},{"type":"Feature","properties":{"pid":"00026466-1a68-41d6-a9a0-14b615875128","full":4.4},"geometry":{"type":"Polygon","coordinates":[[[136.13979,35.98644],[136.13979,35.98641],[136.13983,35.98641],[136.13987,35.98607],[136.13987,35.98602],[136.13985,35.98596],[136.1398,35.98599],[136.13978,35.98602],[136.13942,35.98637],[136.13979,35.98644]]]}},{"type":"Feature","properties":{"pid":"15eb46e4-673d-43d0-80a2-6ce0e4908e20","full":18.0},"geometry":{"type":"Polygon","coordinates":[[[136.13946,35.98626],[136.13968,35.98605],[136.1389,35.98549],[136.13886,35.98548],[136.13883,35.98547],[136.13864,35.98565],[136.13865,35.98567],[136.13946,35.98626]]]}},{"type":"Feature","properties":{"pid":"1661a835-8c5b-4d9c-a40c-484010c620a5","full":11.2},"geometry":{"type":"Polygon","coordinates":[[[136.14017,35.98642],[136.14018,35.98555],[136.14016,35.98555],[136.14017,35.9855],[136.13979,35.9855],[136.13982,35.98561],[136.13992,35.98578],[136.13996,35.98596],[136.13997,35.98606],[136.13994,35.98642],[136.14017,35.98642]]]}},{"type":"Feature","properties":{"pid":"556de70d-1a6e-4cd0-99fb-3399e3c15dd2","full":17.5},"geometry":{"type":"Polygon","coordinates":[[[136.1405,35.98642],[136.14051,35.9855],[136.14021,35.9855],[136.14021,35.98555],[136.14019,35.98555],[136.14018,35.98643],[136.1405,35.98642]]]}},{"type":"Feature","properties":{"pid":"b52771be-0e68-4d7b-bd92-f6c6586720ac","full":17.9},"geometry":{"type":"Polygon","coordinates":[[[136.14085,35.98551],[136.14052,35.98551],[136.14051,35.98642],[136.14084,35.98642],[136.14085,35.98551]]]}},{"type":"Feature","properties":{"pid":"ae2d8686-0f59-4389-b2d4-7c3986c24a03","full":13.7},"geometry":{"type":"Polygon","coordinates":[[[136.14117,35.98642],[136.14118,35.98582],[136.14107,35.9857],[136.14092,35.98551],[136.14087,35.98551],[136.14085,35.98642],[136.14117,35.98642]]]}},{"type":"Feature","properties":{"pid":"83bc32d9-ca30-4c75-9f4a-2957d2a82685","full":7.5},"geometry":{"type":"Polygon","coordinates":[[[136.14118,35.98642],[136.1415,35.98642],[136.14152,35.98609],[136.1414,35.986],[136.14129,35.98591],[136.14119,35.98582],[136.14118,35.98642]]]}},{"type":"Feature","properties":{"pid":"fd29a6f7-4cdb-4372-96b7-62143730d935","full":6.0},"geometry":{"type":"Polygon","coordinates":[[[136.14,35.98477],[136.14,35.98478],[136.14012,35.9848],[136.14054,35.98483],[136.14055,35.98482],[136.14049,35.98474],[136.14037,35.98461],[136.14028,35.98452],[136.14013,35.98441],[136.13998,35.98476],[136.14,35.98477]]]}},{"type":"Feature","properties":{"pid":"fe2d6ca9-31c5-4cff-9a50-98ee0af62375","full":21.9},"geometry":{"type":"Polygon","coordinates":[[[136.14055,35.98486],[136.14012,35.98483],[136.14005,35.98511],[136.13999,35.98511],[136.13994,35.98523],[136.13988,35.98529],[136.13972,35.98533],[136.13975,35.98542],[136.14054,35.98543],[136.14055,35.98486]]]}},{"type":"Feature","properties":{"pid":"ddbd86d4-bb7e-4f1d-a9bc-9b94d99e71a8","full":2.8},"geometry":{"type":"Polygon","coordinates":[[[136.1397,35.98443],[136.13976,35.98425],[136.13964,35.98421],[136.13951,35.98419],[136.13938,35.98419],[136.13935,35.98417],[136.13931,35.98418],[136.13926,35.9843],[136.13953,35.98437],[136.1397,35.98443]]]}},{"type":"Feature","properties":{"pid":"a6dfb480-825d-40b7-976f-e76ec9ed3d64","full":7.0},"geometry":{"type":"Polygon","coordinates":[[[136.14072,35.98367],[136.14073,35.98311],[136.14047,35.98311],[136.14044,35.9836],[136.14047,35.98361],[136.14046,35.98363],[136.14072,35.98367]]]}},{"type":"Feature","properties":{"pid":"457b06c5-bf63-440f-be94-416dd6402690","full":2.5},"geometry":{"type":"Polygon","coordinates":[[[136.14077,35.98342],[136.14096,35.98342],[136.14097,35.98313],[136.14074,35.98312],[136.14074,35.9834],[136.14077,35.9834],[136.14077,35.98342]]]}},{"type":"Feature","properties":{"pid":"683d35a5-cbc4-4ce1-9521-4bdc223e0242","full":4.8},"geometry":{"type":"Polygon","coordinates":[[[136.14149,35.98343],[136.14179,35.98345],[136.14179,35.98316],[136.14141,35.98315],[136.1414,35.98336],[136.1415,35.98336],[136.14149,35.98343]]]}},{"type":"Feature","properties":{"pid":"c563f45a-5ae6-4bcd-a121-8166992ab696","full":26.4},"geometry":{"type":"Polygon","coordinates":[[[136.1412,35.98311],[136.14178,35.98313],[136.14178,35.98311],[136.14181,35.98311],[136.14183,35.9825],[136.14123,35.98248],[136.1412,35.98311]]]}},{"type":"Feature","properties":{"pid":"461502d5-c276-4e01-9f8f-a7f48300e0af","full":3.3},"geometry":{"type":"Polygon","coordinates":[[[136.1412,35.98248],[136.14106,35.98247],[136.14102,35.9831],[136.14119,35.98311],[136.14123,35.98251],[136.1412,35.9825],[136.1412,35.98248]]]}},{"type":"Feature","properties":{"pid":"8463aa70-a08f-4f86-ba8c-be8ef09e0c6c","full":22.5},"geometry":{"type":"Polygon","coordinates":[[[136.1405,35.98309],[136.141,35.9831],[136.14103,35.98247],[136.14051,35.98245],[136.14047,35.98306],[136.1405,35.98306],[136.1405,35.98309]]]}},{"type":"Feature","properties":{"pid":"0a617d99-5246-41fa-a594-9808fefb504b","full":22.8},"geometry":{"type":"Polygon","coordinates":[[[136.13966,35.98306],[136.14039,35.98309],[136.14039,35.98308],[136.14042,35.98308],[136.14043,35.98264],[136.13967,35.98264],[136.13966,35.98306]]]}},{"type":"Feature","properties":{"pid":"f7af13c1-fbb7-4220-8e42-e81a6d1eee11","full":3.1},"geometry":{"type":"Polygon","coordinates":[[[136.14017,35.98355],[136.14036,35.9836],[136.1404,35.98311],[136.1402,35.98311],[136.14017,35.98355]]]}},{"type":"Feature","properties":{"pid":"8b6455e9-d7dd-485d-a1d2-1386b0e70cd2","full":17.6},"geometry":{"type":"Polygon","coordinates":[[[136.13934,35.98325],[136.13939,35.98332],[136.13949,35.98328],[136.13954,35.98337],[136.13942,35.98341],[136.13983,35.98346],[136.14011,35.98353],[136.14016,35.98352],[136.14019,35.98311],[136.13938,35.98307],[136.13934,35.98325]]]}},{"type":"Feature","properties":{"pid":"33d07b68-6d42-4c30-a416-de7a376681a3","full":5.5},"geometry":{"type":"Polygon","coordinates":[[[136.14019,35.98259],[136.1404,35.98259],[136.14043,35.98257],[136.14045,35.9824],[136.14046,35.9824],[136.14049,35.98198],[136.1403,35.98198],[136.14019,35.98259]]]}},{"type":"Feature","properties":{"pid":"096cd6fe-544e-446e-99aa-94fe4c42fce0","full":8.3},"geometry":{"type":"Polygon","coordinates":[[[136.13995,35.98257],[136.14018,35.98258],[136.14028,35.98198],[136.13997,35.98196],[136.13995,35.98257]]]}},{"type":"Feature","properties":{"pid":"651bd63e-48ee-4407-a8fe-c3bba1fdad69","full":8.0},"geometry":{"type":"Polygon","coordinates":[[[136.13968,35.98258],[136.13994,35.98258],[136.13996,35.98194],[136.13988,35.98196],[136.13987,35.98194],[136.13971,35.98194],[136.13968,35.98258]]]}},{"type":"Feature","properties":{"pid":"e682878e-cb04-4c1f-ad05-5d50ba114e8a","full":3.4},"geometry":{"type":"Polygon","coordinates":[[[136.13939,35.9817],[136.13939,35.98153],[136.13885,35.98153],[136.13886,35.98169],[136.13939,35.9817]]]}},{"type":"Feature","properties":{"pid":"a128af63-7ca7-4413-9818-1d8cedb7123f","full":5.3},"geometry":{"type":"Polygon","coordinates":[[[136.13939,35.98188],[136.13962,35.98188],[136.13964,35.9813],[136.13943,35.98129],[136.13939,35.98188]]]}},{"type":"Feature","properties":{"pid":"ec3113cf-7f08-40f1-bfe4-a84d49901f68","full":7.1},"geometry":{"type":"Polygon","coordinates":[[[136.13964,35.98187],[136.13989,35.98188],[136.13991,35.98131],[136.13964,35.98129],[136.13964,35.98187]]]}},{"type":"Feature","properties":{"pid":"07d86209-871b-40bd-93d6-5b8a661dc884","full":11.4},"geometry":{"type":"Polygon","coordinates":[[[136.14025,35.98191],[136.14027,35.98132],[136.13993,35.98131],[136.13991,35.98188],[136.14025,35.98191]]]}},{"type":"Feature","properties":{"pid":"95261d83-75f9-4c25-9187-749eefc470e5","full":11.4},"geometry":{"type":"Polygon","coordinates":[[[136.14026,35.98191],[136.14028,35.98193],[136.14052,35.98192],[136.1406,35.98194],[136.14061,35.98133],[136.14029,35.98132],[136.14026,35.98191]]]}},{"type":"Feature","properties":{"pid":"3c5c3cd6-01dc-4650-b8ba-f52df42b2558","full":26.9},"geometry":{"type":"Polygon","coordinates":[[[136.14129,35.98135],[136.14063,35.98134],[136.14061,35.98194],[136.14126,35.98194],[136.14129,35.98135]]]}},{"type":"Feature","properties":{"pid":"895d2868-0515-4e05-a22a-92b2165885c9","full":13.7},"geometry":{"type":"Polygon","coordinates":[[[136.14169,35.98137],[136.1413,35.98136],[136.14127,35.98194],[136.14166,35.98193],[136.14169,35.98137]]]}},{"type":"Feature","properties":{"pid":"ba00645c-cff8-4ada-b7a5-be5f52c9c435","full":7.8},"geometry":{"type":"Polygon","coordinates":[[[136.14075,35.98239],[136.14108,35.98241],[136.14108,35.9824],[136.14109,35.98239],[136.14111,35.98198],[136.14077,35.98197],[136.14075,35.98239]]]}},{"type":"Feature","properties":{"pid":"755934e1-5f5e-49ab-853b-4b03a15a7d11","full":3.4},"geometry":{"type":"Polygon","coordinates":[[[136.14074,35.9824],[136.14076,35.98197],[136.14055,35.98197],[136.14052,35.98236],[136.14055,35.98237],[136.14055,35.98239],[136.14074,35.9824]]]}},{"type":"Feature","properties":{"pid":"9c95dc1e-b7fd-4773-ae6f-561596ca7d31","full":4.0},"geometry":{"type":"Polygon","coordinates":[[[136.14132,35.98242],[136.14135,35.98197],[136.14112,35.98198],[136.1411,35.98239],[136.14113,35.9824],[136.14113,35.98241],[136.14132,35.98242]]]}},{"type":"Feature","properties":{"pid":"70d0cedb-fd2f-456d-beb9-c694f828f4c0","full":14.7},"geometry":{"type":"Polygon","coordinates":[[[136.14133,35.98242],[136.1418,35.98244],[136.14184,35.98243],[136.14186,35.98197],[136.14136,35.98197],[136.14133,35.98242]]]}},{"type":"Feature","properties":{"pid":"9e052741-4fc8-42cc-9a03-860fd7cb75dd","full":2.7},"geometry":{"type":"Polygon","coordinates":[[[136.14203,35.98245],[136.14203,35.98242],[136.14207,35.98242],[136.14209,35.98197],[136.14191,35.98197],[136.14189,35.98244],[136.14203,35.98245]]]}},{"type":"Feature","properties":{"pid":"8bcdf548-9e8e-4e45-96d1-df232a61a0e1","full":6.5},"geometry":{"type":"Polygon","coordinates":[[[136.14252,35.98246],[136.14278,35.98247],[136.14281,35.98194],[136.14255,35.98195],[136.14252,35.98246]]]}},{"type":"Feature","properties":{"pid":"57238532-c9c6-4f2d-8f9e-9b039c9a797e","full":13.1},"geometry":{"type":"Polygon","coordinates":[[[136.14211,35.98244],[136.14251,35.98246],[136.14254,35.98195],[136.1421,35.98197],[136.14208,35.98242],[136.14211,35.98243],[136.14211,35.98244]]]}},{"type":"Feature","properties":{"pid":"dc51bdfa-9e48-4f46-88d9-0f4e579a6b80","full":10.9},"geometry":{"type":"Polygon","coordinates":[[[136.14202,35.98141],[136.14202,35.98138],[136.14171,35.98137],[136.14168,35.98194],[136.14203,35.98192],[136.14206,35.98141],[136.14202,35.98141]]]}},{"type":"Feature","properties":{"pid":"da0496db-0df4-4acf-953d-411c397ec29c","full":5.3},"geometry":{"type":"Polygon","coordinates":[[[136.1419,35.98051],[136.14171,35.98051],[136.14168,35.98126],[136.14187,35.98127],[136.1419,35.98051]]]}},{"type":"Feature","properties":{"pid":"1cd4366a-74c8-4dd2-b4bb-a9b97709120b","full":19.1},"geometry":{"type":"Polygon","coordinates":[[[136.14267,35.98129],[136.1427,35.98044],[136.14268,35.98044],[136.14268,35.98042],[136.14234,35.98041],[136.14231,35.98128],[136.14267,35.98129]]]}},{"type":"Feature","properties":{"pid":"8d77064a-544a-4a6e-bf67-9456e5d18188","full":17.0},"geometry":{"type":"Polygon","coordinates":[[[136.14268,35.98129],[136.14301,35.9813],[136.14305,35.98045],[136.14302,35.98045],[136.14301,35.98043],[136.14272,35.98042],[136.14268,35.98129]]]}},{"type":"Feature","properties":{"pid":"9fb4fb73-fe5b-4293-87d1-ba25916b72fc","full":14.8},"geometry":{"type":"Polygon","coordinates":[[[136.14266,35.98142],[136.14262,35.98141],[136.14262,35.98139],[136.14221,35.98139],[136.14219,35.98192],[136.14261,35.98191],[136.14264,35.9819],[136.14265,35.98188],[136.14266,35.98142]]]}},{"type":"Feature","properties":{"pid":"5744842e-4a94-4939-be84-376e106c6a7e","full":7.7},"geometry":{"type":"Polygon","coordinates":[[[136.14267,35.9819],[136.14297,35.98188],[136.14299,35.98143],[136.14297,35.98141],[136.14269,35.98139],[136.14267,35.9819]]]}},{"type":"Feature","properties":{"pid":"8336a33d-8fe0-408f-96c9-ed79a19526c0","full":9.6},"geometry":{"type":"Polygon","coordinates":[[[136.14341,35.98184],[136.14343,35.98145],[136.14339,35.98144],[136.1434,35.98142],[136.14304,35.98141],[136.14301,35.98183],[136.14303,35.98185],[136.14341,35.98184]]]}},{"type":"Feature","properties":{"pid":"e6dbec0a-2710-4c9d-85ac-eb1e36699896","full":17.0},"geometry":{"type":"Polygon","coordinates":[[[136.14338,35.98132],[136.14341,35.98046],[136.14338,35.98045],[136.14338,35.98044],[136.14308,35.98043],[136.14305,35.98131],[136.14338,35.98132]]]}},{"type":"Feature","properties":{"pid":"8250cbff-97d5-4382-b5a3-d3b557cbe35f","full":16.8},"geometry":{"type":"Polygon","coordinates":[[[136.14371,35.98132],[136.14375,35.98047],[136.14373,35.98047],[136.14371,35.98044],[136.14344,35.98043],[136.14343,35.98045],[136.14339,35.98132],[136.14365,35.98133],[136.14371,35.98132]]]}},{"type":"Feature","properties":{"pid":"5f4618ee-bef7-491b-89bb-ea7b41c95bb2","full":15.7},"geometry":{"type":"Polygon","coordinates":[[[136.14373,35.98132],[136.14404,35.98133],[136.14407,35.98049],[136.14405,35.98048],[136.14403,35.98046],[136.14377,35.98046],[136.14373,35.98132]]]}},{"type":"Feature","properties":{"pid":"5077a110-cf60-4d5d-bc8f-4ef9c8506c76","full":3.6},"geometry":{"type":"Polygon","coordinates":[[[136.14343,35.98183],[136.14365,35.98184],[136.14367,35.98142],[136.14345,35.98142],[136.14343,35.98183]]]}},{"type":"Feature","properties":{"pid":"b4d090f4-fac7-438f-a16a-de6af2ca2f8e","full":4.3},"geometry":{"type":"Polygon","coordinates":[[[136.14366,35.98183],[136.14379,35.98183],[136.14379,35.98169],[136.14403,35.98168],[136.14404,35.98145],[136.14402,35.98143],[136.14368,35.98143],[136.14366,35.98183]]]}},{"type":"Feature","properties":{"pid":"c9dd8c30-5e8f-4d08-b535-0a2b208352e4","full":3.7},"geometry":{"type":"Polygon","coordinates":[[[136.14346,35.9825],[136.14353,35.98249],[136.14356,35.9819],[136.14337,35.9819],[136.14334,35.98249],[136.14346,35.9825]]]}},{"type":"Feature","properties":{"pid":"91950b08-3044-43c4-8518-f8c52b993f9f","full":18.7},"geometry":{"type":"Polygon","coordinates":[[[136.14327,35.98249],[136.14333,35.98248],[136.14336,35.9819],[136.14286,35.98194],[136.14283,35.98247],[136.14306,35.98249],[136.14327,35.98249]]]}},{"type":"Feature","properties":{"pid":"68569f74-97e0-483e-9bdb-5f736f519f72","full":4.3},"geometry":{"type":"Polygon","coordinates":[[[136.14373,35.98251],[136.14376,35.98189],[136.14356,35.9819],[136.14354,35.98249],[136.14357,35.98251],[136.14373,35.98251]]]}},{"type":"Feature","properties":{"pid":"8f87efeb-4a4e-472e-b101-111e5a2c8e20","full":6.4},"geometry":{"type":"Polygon","coordinates":[[[136.14374,35.98251],[136.14394,35.98252],[136.14397,35.9825],[136.144,35.98191],[136.14398,35.98191],[136.14397,35.98187],[136.14378,35.98188],[136.14374,35.98251]]]}},{"type":"Feature","properties":{"pid":"3b976cc4-68c4-41ee-9eb2-01d6f0701960","full":21.0},"geometry":{"type":"Polygon","coordinates":[[[136.14345,35.98318],[136.14395,35.98321],[136.14399,35.98259],[136.14397,35.98258],[136.14348,35.98256],[136.14345,35.98318]]]}},{"type":"Feature","properties":{"pid":"1256b5c8-596d-4bad-bc9c-89f0d98ae24e","full":17.8},"geometry":{"type":"Polygon","coordinates":[[[136.14325,35.98318],[136.14328,35.98255],[136.14285,35.98254],[136.14281,35.98314],[136.14283,35.98315],[136.14283,35.98317],[136.14325,35.98318]]]}},{"type":"Feature","properties":{"pid":"e7620af3-80ae-42a1-a61e-1efd8ead86c4","full":2.9},"geometry":{"type":"Polygon","coordinates":[[[136.14346,35.98259],[136.14343,35.98258],[136.14344,35.98257],[136.1433,35.98256],[136.14326,35.98318],[136.14343,35.98318],[136.14346,35.98259]]]}},{"type":"Feature","properties":{"pid":"9e088444-a01e-4615-8af8-b207cc9dd581","full":16.6},"geometry":{"type":"Polygon","coordinates":[[[136.14232,35.98315],[136.14271,35.98316],[136.14271,35.98314],[136.14274,35.98314],[136.14277,35.98253],[136.14236,35.98252],[136.14232,35.98315]]]}},{"type":"Feature","properties":{"pid":"a1760dc2-80e1-48db-81f4-c0099ad84981","full":20.0},"geometry":{"type":"Polygon","coordinates":[[[136.14235,35.98252],[136.14187,35.9825],[136.14184,35.9831],[136.14186,35.98311],[136.14186,35.98314],[136.14232,35.98315],[136.14235,35.98252]]]}},{"type":"Feature","properties":{"pid":"0728fa0d-8f65-4457-99ea-2544f546a5a2","full":6.2},"geometry":{"type":"Polygon","coordinates":[[[136.14202,35.9838],[136.14206,35.98317],[136.14183,35.98316],[136.1418,35.98377],[136.14182,35.98377],[136.14181,35.98379],[136.14202,35.9838]]]}},{"type":"Feature","properties":{"pid":"6b91b838-4316-41fc-b9ad-692314ac0098","full":11.2},"geometry":{"type":"Polygon","coordinates":[[[136.14206,35.9838],[136.14236,35.98381],[136.14238,35.98319],[136.14207,35.98318],[136.14203,35.98376],[136.14206,35.98378],[136.14206,35.9838]]]}},{"type":"Feature","properties":{"pid":"3ccc8d7e-9b85-4755-9e59-c2d29b32c2e9","full":6.4},"geometry":{"type":"Polygon","coordinates":[[[136.14237,35.98381],[136.1426,35.98382],[136.14262,35.98319],[136.1424,35.98318],[136.14237,35.98381]]]}},{"type":"Feature","properties":{"pid":"1f13a278-cb61-42be-8b21-1a7b06a1e815","full":3.2},"geometry":{"type":"Polygon","coordinates":[[[136.14331,35.98392],[136.14299,35.9839],[136.14297,35.98413],[136.14332,35.98415],[136.14333,35.98394],[136.14331,35.98392]]]}},{"type":"Feature","properties":{"pid":"d29a9fa9-20ef-4d36-9fde-9e3f754820c8","full":16.6},"geometry":{"type":"Polygon","coordinates":[[[136.14319,35.98384],[136.14323,35.98322],[136.14281,35.9832],[136.14277,35.98379],[136.14282,35.98381],[136.14282,35.98383],[136.14319,35.98384]]]}},{"type":"Feature","properties":{"pid":"aede33e8-0812-4629-8de0-f9805138c22c","full":32.2},"geometry":{"type":"Polygon","coordinates":[[[136.1432,35.98384],[136.14391,35.98387],[136.14391,35.98385],[136.14392,35.98384],[136.14396,35.98324],[136.14324,35.98322],[136.1432,35.98384]]]}},{"type":"Feature","properties":{"pid":"50bcc607-7aec-48ae-a88b-3f54f01b681c","full":3.1},"geometry":{"type":"Polygon","coordinates":[[[136.14441,35.9843],[136.14465,35.9843],[136.14466,35.98398],[136.14464,35.98396],[136.14442,35.98396],[136.14441,35.9843]]]}},{"type":"Feature","properties":{"pid":"b052c4b4-fe3d-432f-9c37-1632c0476419","full":0.8},"geometry":{"type":"Polygon","coordinates":[[[136.14529,35.9843],[136.14544,35.98431],[136.14545,35.98399],[136.14531,35.98399],[136.14529,35.9843]]]}},{"type":"Feature","properties":{"pid":"a785f1a8-b50b-4f4d-a546-1bedeacce86c","full":11.0},"geometry":{"type":"Polygon","coordinates":[[[136.14529,35.9843],[136.1453,35.98399],[136.14472,35.98397],[136.1447,35.98399],[136.1447,35.98429],[136.14529,35.9843]]]}},{"type":"Feature","properties":{"pid":"1708a854-2e87-4790-a381-9309ea16565a","full":31.1},"geometry":{"type":"Polygon","coordinates":[[[136.14483,35.9839],[136.14551,35.98393],[136.14553,35.98391],[136.14557,35.9833],[136.14487,35.98328],[136.14483,35.9839]]]}},{"type":"Feature","properties":{"pid":"0d92cc69-843a-4da2-b4a0-191fe66b2a6c","full":27.4},"geometry":{"type":"Polygon","coordinates":[[[136.14398,35.98372],[136.14424,35.98373],[136.14424,35.98388],[136.14467,35.9839],[136.14469,35.98326],[136.144,35.98325],[136.14398,35.98372]]]}},{"type":"Feature","properties":{"pid":"6654715f-f795-451e-baf3-9ab0aebe885d","full":19.9},"geometry":{"type":"Polygon","coordinates":[[[136.14452,35.9826],[136.14405,35.98258],[136.14402,35.98321],[136.1445,35.98323],[136.14452,35.9826]]]}},{"type":"Feature","properties":{"pid":"d263caf6-2039-432b-9299-b56d3da24f79","full":50.4},"geometry":{"type":"Polygon","coordinates":[[[136.1456,35.98265],[136.14454,35.9826],[136.14451,35.98323],[136.14496,35.98324],[136.14556,35.98326],[136.1456,35.98265]]]}},{"type":"Feature","properties":{"pid":"c23a271e-58e0-4316-8d84-ff3058ff3ba3","full":23.6},"geometry":{"type":"Polygon","coordinates":[[[136.14621,35.98329],[136.14623,35.98269],[136.14622,35.98268],[136.14622,35.98267],[136.14568,35.98265],[136.14565,35.98327],[136.14621,35.98329]]]}},{"type":"Feature","properties":{"pid":"90251976-c4e7-496c-b4e3-a4132a684de6","full":11.8},"geometry":{"type":"Polygon","coordinates":[[[136.14622,35.98329],[136.14656,35.9833],[136.14658,35.98268],[136.14628,35.98267],[136.14627,35.98269],[136.14625,35.98269],[136.14622,35.98329]]]}},{"type":"Feature","properties":{"pid":"3036c9d0-9bee-4489-80bf-ce9c80937e78","full":23.3},"geometry":{"type":"Polygon","coordinates":[[[136.14676,35.98397],[136.14678,35.98335],[136.14606,35.98332],[136.14604,35.98365],[136.14637,35.98366],[136.14637,35.98391],[136.14641,35.98392],[136.14642,35.98396],[136.14676,35.98397]]]}},{"type":"Feature","properties":{"pid":"156e8b3a-553e-4c83-854d-d3fb470ac44c","full":19.1},"geometry":{"type":"Polygon","coordinates":[[[136.14643,35.98468],[136.1469,35.98469],[136.14693,35.98408],[136.1469,35.98406],[136.14647,35.98405],[136.14643,35.98468]]]}},{"type":"Feature","properties":{"pid":"c6157121-fa09-48f6-95ae-b13be2d9ab1d","full":20.6},"geometry":{"type":"Polygon","coordinates":[[[136.14744,35.98471],[136.14747,35.98408],[136.14698,35.98406],[136.14695,35.98469],[136.14744,35.98471]]]}},{"type":"Feature","properties":{"pid":"9cb38c2c-afb2-40b2-b948-02c69a14cec1","full":1.5},"geometry":{"type":"Polygon","coordinates":[[[136.14678,35.98368],[136.14695,35.98369],[136.14697,35.98336],[136.1468,35.98335],[136.14678,35.98368]]]}},{"type":"Feature","properties":{"pid":"db7a0e0f-d30a-4c8a-b4ad-37acf3329d3d","full":10.0},"geometry":{"type":"Polygon","coordinates":[[[136.14728,35.98399],[136.14732,35.98336],[136.14702,35.98335],[136.14699,35.98397],[136.147,35.98398],[136.14728,35.98399]]]}},{"type":"Feature","properties":{"pid":"9e8c6635-1963-45e3-a574-6b13427d9600","full":2.8},"geometry":{"type":"Polygon","coordinates":[[[136.1473,35.98399],[136.14746,35.984],[136.14749,35.98337],[136.14733,35.98337],[136.1473,35.98399]]]}},{"type":"Feature","properties":{"pid":"4c1406b8-66c5-473f-a925-c3b86e1c3156","full":10.5},"geometry":{"type":"Polygon","coordinates":[[[136.14748,35.984],[136.14778,35.98401],[136.14781,35.98338],[136.14751,35.98337],[136.14748,35.984]]]}},{"type":"Feature","properties":{"pid":"27d87926-8896-4bc9-87ba-5ce7cab15f4b","full":2.6},"geometry":{"type":"Polygon","coordinates":[[[136.14798,35.98339],[136.14782,35.98339],[136.14779,35.98401],[136.14795,35.98402],[136.14798,35.98339]]]}},{"type":"Feature","properties":{"pid":"79f98e66-9ee6-4537-a54e-740b746c2e0e","full":27.9},"geometry":{"type":"Polygon","coordinates":[[[136.14903,35.98343],[136.14841,35.9834],[136.14839,35.98401],[136.14841,35.98404],[136.14899,35.98406],[136.14899,35.98401],[136.14902,35.98401],[136.14903,35.98343]]]}},{"type":"Feature","properties":{"pid":"ed17aa30-8aa3-4f8a-92ab-b0407a4cebf6","full":1.4},"geometry":{"type":"Polygon","coordinates":[[[136.14814,35.9834],[136.148,35.98339],[136.14797,35.98388],[136.14812,35.98388],[136.14814,35.9834]]]}},{"type":"Feature","properties":{"pid":"ed9d0796-c6d4-4521-9d36-ac09170e6c94","full":3.7},"geometry":{"type":"Polygon","coordinates":[[[136.14923,35.9834],[136.14926,35.98278],[136.14908,35.98277],[136.14905,35.9834],[136.14923,35.9834]]]}},{"type":"Feature","properties":{"pid":"187cb701-bade-422f-96db-3c0de2605ae0","full":26.7},"geometry":{"type":"Polygon","coordinates":[[[136.14904,35.9834],[136.14907,35.98277],[136.14856,35.98275],[136.14855,35.98294],[136.1484,35.98294],[136.14839,35.98309],[136.14841,35.98338],[136.14904,35.9834]]]}},{"type":"Feature","properties":{"pid":"2eed2d62-5e11-465d-81d0-6ebecc540013","full":19.3},"geometry":{"type":"Polygon","coordinates":[[[136.14735,35.98333],[136.14782,35.98335],[136.14785,35.98272],[136.14741,35.98271],[136.1474,35.98273],[136.14738,35.98273],[136.14735,35.98333]]]}},{"type":"Feature","properties":{"pid":"d5f84f84-f458-4855-9078-5b7cfcfe25f9","full":16.5},"geometry":{"type":"Polygon","coordinates":[[[136.14657,35.9833],[136.14695,35.98332],[136.14696,35.9833],[136.14698,35.9833],[136.14702,35.9827],[136.147,35.98269],[136.1466,35.98268],[136.14657,35.9833]]]}},{"type":"Feature","properties":{"pid":"f6451afb-b8cd-4899-8a38-833974dbfbe5","full":10.6},"geometry":{"type":"Polygon","coordinates":[[[136.14734,35.98333],[136.14737,35.98273],[136.14735,35.98272],[136.14735,35.98271],[136.14706,35.9827],[136.14703,35.98332],[136.14734,35.98333]]]}},{"type":"Feature","properties":{"pid":"8bb62a13-4ba9-4e06-b229-7355d7245466","full":26.7},"geometry":{"type":"Polygon","coordinates":[[[136.1473,35.98264],[136.14732,35.98201],[136.14674,35.98199],[136.14673,35.98217],[136.1467,35.98217],[136.14667,35.9826],[136.14669,35.98262],[136.1473,35.98264]]]}},{"type":"Feature","properties":{"pid":"ee90012a-8af7-4024-88df-39a5e3b763d1","full":19.0},"geometry":{"type":"Polygon","coordinates":[[[136.14762,35.98265],[136.14819,35.98267],[136.14812,35.98236],[136.14798,35.98202],[136.14765,35.98203],[136.14762,35.98265]]]}},{"type":"Feature","properties":{"pid":"2c76860d-f17f-43ce-bcd9-13d3fae65741","full":2.8},"geometry":{"type":"Polygon","coordinates":[[[136.14741,35.98264],[136.14754,35.98265],[136.14757,35.98264],[136.14761,35.98203],[136.14744,35.98203],[136.14741,35.98264]]]}},{"type":"Feature","properties":{"pid":"500c8174-2d59-4797-b5c1-701e2a937bcd","full":2.0},"geometry":{"type":"Polygon","coordinates":[[[136.14835,35.98264],[136.14839,35.98264],[136.14842,35.98204],[136.14815,35.98204],[136.14824,35.98225],[136.14829,35.98239],[136.14835,35.98264]]]}},{"type":"Feature","properties":{"pid":"ce6f759c-d1be-4fa9-aeb3-d16051056422","full":3.1},"geometry":{"type":"Polygon","coordinates":[[[136.14925,35.98271],[136.14927,35.98209],[136.1491,35.98208],[136.14908,35.98271],[136.14925,35.98271]]]}},{"type":"Feature","properties":{"pid":"5d4123f6-6945-44aa-a1d6-2734314c436d","full":27.7},"geometry":{"type":"Polygon","coordinates":[[[136.14698,35.98196],[136.14761,35.98199],[136.14764,35.98146],[136.14755,35.98136],[136.14701,35.98134],[136.14698,35.98196]]]}},{"type":"Feature","properties":{"pid":"3e23e124-ad4d-481e-9175-25af4323923e","full":7.6},"geometry":{"type":"Polygon","coordinates":[[[136.147,35.98134],[136.14677,35.98133],[136.14675,35.98135],[136.14672,35.98196],[136.14697,35.98197],[136.147,35.98134]]]}},{"type":"Feature","properties":{"pid":"4cac6959-6ee2-4421-a0a9-0e225bb46872","full":0.9},"geometry":{"type":"Polygon","coordinates":[[[136.14717,35.98129],[136.14745,35.9813],[136.14747,35.98129],[136.14719,35.98099],[136.14717,35.98129]]]}},{"type":"Feature","properties":{"pid":"bb050895-0ac5-4a75-8c61-d2d3430a27fc","full":11.3},"geometry":{"type":"Polygon","coordinates":[[[136.14674,35.98123],[136.14677,35.98125],[136.14677,35.98127],[136.14716,35.98129],[136.14718,35.98097],[136.14694,35.98076],[136.14682,35.98068],[136.14679,35.98069],[136.14674,35.98123]]]}},{"type":"Feature","properties":{"pid":"bf401ba6-6c63-460e-a42a-6d4547b38e09","full":6.1},"geometry":{"type":"Polygon","coordinates":[[[136.14579,35.98139],[136.14598,35.98139],[136.14602,35.98057],[136.146,35.98056],[136.146,35.98054],[136.14583,35.98052],[136.14579,35.98139]]]}},{"type":"Feature","properties":{"pid":"482bb11e-d36a-4c51-88f5-a233cf1acbc8","full":15.5},"geometry":{"type":"Polygon","coordinates":[[[136.14546,35.98138],[136.14577,35.98139],[136.14581,35.98055],[136.14579,35.98055],[136.14579,35.98052],[136.14551,35.98049],[136.14546,35.98138]]]}},{"type":"Feature","properties":{"pid":"e9e9731f-29e3-4886-9856-ccff5d356b52","full":22.4},"geometry":{"type":"Polygon","coordinates":[[[136.14613,35.98214],[136.14644,35.98213],[136.14667,35.98211],[136.14669,35.98154],[136.14667,35.98152],[136.14665,35.98151],[136.14616,35.98149],[136.14613,35.98214]]]}},{"type":"Feature","properties":{"pid":"9aac6aca-bbee-44ea-bb15-26bccb428141","full":27.9},"geometry":{"type":"Polygon","coordinates":[[[136.14571,35.98258],[136.14662,35.98261],[136.14663,35.9826],[136.14666,35.98217],[136.14571,35.98218],[136.14568,35.98256],[136.14571,35.98258]]]}},{"type":"Feature","properties":{"pid":"2fe40e3e-383b-4fc9-aad8-1775c728696a","full":5.5},"geometry":{"type":"Polygon","coordinates":[[[136.14536,35.98257],[136.1456,35.98258],[136.14565,35.98254],[136.14567,35.98218],[136.14538,35.98217],[136.14536,35.98257]]]}},{"type":"Feature","properties":{"pid":"fbd2a41d-f8dc-483c-8989-cde92a61119b","full":8.5},"geometry":{"type":"Polygon","coordinates":[[[136.14585,35.98214],[136.14612,35.98214],[136.14614,35.98152],[136.1461,35.98152],[136.1461,35.9815],[136.14588,35.98149],[136.14585,35.98214]]]}},{"type":"Feature","properties":{"pid":"a8b255e4-c8bf-416b-9cbc-775e9e81533d","full":3.2},"geometry":{"type":"Polygon","coordinates":[[[136.14567,35.98214],[136.14584,35.98214],[136.14587,35.98152],[136.14584,35.98151],[136.14584,35.98149],[136.1457,35.98149],[136.14567,35.98214]]]}},{"type":"Feature","properties":{"pid":"6e87e4bc-e2b2-4b13-83e6-f3be4f2c597f","full":5.3},"geometry":{"type":"Polygon","coordinates":[[[136.14545,35.98212],[136.14566,35.98213],[136.14568,35.98151],[136.14565,35.98151],[136.14565,35.98148],[136.14548,35.98148],[136.14545,35.98212]]]}},{"type":"Feature","properties":{"pid":"5501b4fb-9170-4698-bdca-396571b554d2","full":13.8},"geometry":{"type":"Polygon","coordinates":[[[136.14508,35.9821],[136.14544,35.98213],[136.14547,35.9815],[136.14544,35.98148],[136.14511,35.98148],[136.14508,35.9821]]]}},{"type":"Feature","properties":{"pid":"1715660e-023e-4094-9940-20b1d850f35c","full":9.8},"geometry":{"type":"Polygon","coordinates":[[[136.14477,35.98208],[136.14507,35.9821],[136.14509,35.9815],[136.14507,35.9815],[136.14507,35.98147],[136.1448,35.98147],[136.14477,35.98208]]]}},{"type":"Feature","properties":{"pid":"94f670d9-0cb9-42cd-9744-e726d03c313f","full":4.2},"geometry":{"type":"Polygon","coordinates":[[[136.14512,35.98254],[136.14512,35.98256],[136.14535,35.98257],[136.14537,35.98216],[136.14512,35.98215],[136.1451,35.98254],[136.14512,35.98254]]]}},{"type":"Feature","properties":{"pid":"a6e5743d-a210-4ed8-8267-307da2af05f7","full":0.6},"geometry":{"type":"Polygon","coordinates":[[[136.1448,35.98254],[136.14492,35.98255],[136.14494,35.98214],[136.14481,35.98213],[136.1448,35.98254]]]}},{"type":"Feature","properties":{"pid":"d996c8a1-2693-4c6b-a4b5-8f19849ae195","full":1.6},"geometry":{"type":"Polygon","coordinates":[[[136.14495,35.98255],[136.14509,35.98256],[136.14511,35.98215],[136.14495,35.98214],[136.14493,35.98252],[136.14495,35.98253],[136.14495,35.98255]]]}},{"type":"Feature","properties":{"pid":"79c58bd3-8933-43e5-acf7-d4f32ee4f864","full":19.8},"geometry":{"type":"Polygon","coordinates":[[[136.14478,35.98254],[136.1448,35.98214],[136.14408,35.9821],[136.14405,35.98252],[136.14478,35.98254]]]}},{"type":"Feature","properties":{"pid":"bd8f75f5-ca2d-4f9b-ae81-c0175a285956","full":28.9},"geometry":{"type":"Polygon","coordinates":[[[136.14476,35.98208],[136.14479,35.98149],[136.14477,35.98148],[136.14477,35.98146],[136.14413,35.98144],[136.1441,35.98183],[136.14414,35.98186],[136.14413,35.98207],[136.14476,35.98208]]]}},{"type":"Feature","properties":{"pid":"1eb398e7-e063-4cf1-b1b7-783e66f56c66","full":16.6},"geometry":{"type":"Polygon","coordinates":[[[136.14513,35.98136],[136.14545,35.98138],[136.14549,35.98052],[136.14545,35.98051],[136.14545,35.98049],[136.14516,35.98049],[136.14513,35.98136]]]}},{"type":"Feature","properties":{"pid":"1beed611-eb48-4d99-b30b-ed8f0bc5a4d5","full":16.5},"geometry":{"type":"Polygon","coordinates":[[[136.14512,35.98136],[136.14515,35.98051],[136.14512,35.98051],[136.14512,35.98049],[136.14484,35.98047],[136.14479,35.98136],[136.14512,35.98136]]]}},{"type":"Feature","properties":{"pid":"320737c7-b7d3-4f72-a01c-e7e5ca819227","full":1.5},"geometry":{"type":"Polygon","coordinates":[[[136.14465,35.98135],[136.14478,35.98136],[136.14482,35.9805],[136.1448,35.9805],[136.1448,35.98048],[136.14469,35.98048],[136.14465,35.98135]]]}},{"type":"Feature","properties":{"pid":"3b1086c4-b6ef-43af-b4f5-6c33c691c1cb","full":25.0},"geometry":{"type":"Polygon","coordinates":[[[136.14465,35.98135],[136.14467,35.98062],[136.14416,35.98062],[136.14415,35.98133],[136.14465,35.98135]]]}},{"type":"Feature","properties":{"pid":"50e687a1-1473-4ab0-9fec-15d07989c51e","full":26.1},"geometry":{"type":"Polygon","coordinates":[[[136.14461,35.98036],[136.14466,35.97948],[136.14448,35.97949],[136.14444,35.9795],[136.14421,35.9795],[136.14424,35.9795],[136.14423,35.97952],[136.1442,35.97952],[136.14416,35.98032],[136.14418,35.98035],[136.14461,35.98036]]]}},{"type":"Feature","properties":{"pid":"baddada9-aaa2-47fe-ad42-36d1a2319de3","full":8.3},"geometry":{"type":"Polygon","coordinates":[[[136.14463,35.98036],[136.14481,35.98037],[136.14481,35.98035],[136.14485,35.98034],[136.14489,35.9795],[136.14467,35.97948],[136.14463,35.98036]]]}},{"type":"Feature","properties":{"pid":"48d45497-fa7d-43d9-b644-a79a2617ab4f","full":13.2},"geometry":{"type":"Polygon","coordinates":[[[136.14486,35.98036],[136.14511,35.98038],[136.14511,35.98035],[136.14515,35.98034],[136.14518,35.9795],[136.1449,35.9795],[136.14486,35.98036]]]}},{"type":"Feature","properties":{"pid":"c964e56b-8865-40de-af4c-c2ed4cf1eee6","full":18.4},"geometry":{"type":"Polygon","coordinates":[[[136.14518,35.98038],[136.14551,35.98039],[136.14553,35.97958],[136.14548,35.97952],[136.14519,35.97951],[136.14516,35.98034],[136.14518,35.98036],[136.14518,35.98038]]]}},{"type":"Feature","properties":{"pid":"9a849a49-aeda-45f1-b0a5-2cde2464ce14","full":7.9},"geometry":{"type":"Polygon","coordinates":[[[136.14591,35.97967],[136.14713,35.9797],[136.14713,35.97955],[136.14691,35.97955],[136.14676,35.97952],[136.14635,35.97951],[136.14595,35.97952],[136.14577,35.97953],[136.14578,35.97956],[136.14584,35.97964],[136.14589,35.97965],[136.14591,35.97967]]]}},{"type":"Feature","properties":{"pid":"897d58a4-1376-4c30-a905-559e58918424","full":6.6},"geometry":{"type":"Polygon","coordinates":[[[136.14591,35.9797],[136.14594,35.97973],[136.14605,35.97983],[136.14712,35.97987],[136.14712,35.97971],[136.14593,35.97968],[136.14591,35.9797]]]}},{"type":"Feature","properties":{"pid":"c5dda180-03d4-4c84-b3c3-543033281ed1","full":1.2},"geometry":{"type":"Polygon","coordinates":[[[136.14611,35.97985],[136.1461,35.97988],[136.14619,35.97995],[136.1471,35.97998],[136.14711,35.97987],[136.14611,35.97985]]]}},{"type":"Feature","properties":{"pid":"b5616b61-32d7-4045-af27-6149e53a44ed","full":3.3},"geometry":{"type":"Polygon","coordinates":[[[136.1462,35.97997],[136.14636,35.98009],[136.14645,35.98011],[136.14709,35.98014],[136.1471,35.97999],[136.1462,35.97997]]]}},{"type":"Feature","properties":{"pid":"8e9c3293-8b67-4232-8bfb-60e98e34fed3","full":5.3},"geometry":{"type":"Polygon","coordinates":[[[136.14645,35.98012],[136.14643,35.98016],[136.1466,35.98027],[136.14692,35.9804],[136.14709,35.9804],[136.14709,35.98015],[136.14645,35.98012]]]}},{"type":"Feature","properties":{"pid":"5a573b1a-070b-409b-80de-bf9b72fd5773","full":4.3},"geometry":{"type":"Polygon","coordinates":[[[136.14774,35.98049],[136.14826,35.98055],[136.14845,35.98054],[136.14833,35.98044],[136.14818,35.98027],[136.14771,35.98026],[136.14774,35.98049]],[[136.14816,35.98052],[136.14804,35.98046],[136.14811,35.98037],[136.14822,35.98042],[136.14816,35.98052]]]}},{"type":"Feature","properties":{"pid":"29ef7787-afa2-4b63-8d43-d9d0ca8e5de6","full":5.2},"geometry":{"type":"Polygon","coordinates":[[[136.14797,35.97801],[136.14818,35.97853],[136.14828,35.97849],[136.1483,35.97847],[136.14832,35.97801],[136.14797,35.97801]]]}},{"type":"Feature","properties":{"pid":"0a841d28-8d78-4bf2-aeee-5242ff5c5117","full":2.7},"geometry":{"type":"Polygon","coordinates":[[[136.14796,35.978],[136.14832,35.97801],[136.14833,35.97782],[136.14789,35.97781],[136.14796,35.978]]]}},{"type":"Feature","properties":{"pid":"785386d0-2025-4c76-aec2-4ea89e801561","full":53.0},"geometry":{"type":"Polygon","coordinates":[[[136.14842,35.97793],[136.14853,35.97793],[136.14853,35.97828],[136.1495,35.9783],[136.14952,35.97795],[136.14953,35.97763],[136.14844,35.97761],[136.14842,35.97793]]]}},{"type":"Feature","properties":{"pid":"d01c0a35-25a0-40f7-bcaa-448691012d2a","full":14.9},"geometry":{"type":"Polygon","coordinates":[[[136.14845,35.9776],[136.14954,35.97762],[136.14953,35.97762],[136.14954,35.97739],[136.14846,35.97736],[136.14846,35.97738],[136.14844,35.97738],[136.14844,35.97759],[136.14845,35.9776]]]}},{"type":"Feature","properties":{"pid":"8b73bd95-78e8-44c4-b0ba-d7554ed0c5ae","full":5.3},"geometry":{"type":"Polygon","coordinates":[[[136.14778,35.97758],[136.14789,35.9778],[136.14833,35.97782],[136.14833,35.97758],[136.14778,35.97758]]]}},{"type":"Feature","properties":{"pid":"c2b26d86-c2b8-4f4b-a114-ee25a498ea46","full":3.6},"geometry":{"type":"Polygon","coordinates":[[[136.14833,35.97758],[136.14834,35.97735],[136.14773,35.97746],[136.14777,35.97757],[136.14833,35.97758]]]}},{"type":"Feature","properties":{"pid":"cfe9ad1d-9256-4ef4-bdcb-439ead19fe98","full":32.3},"geometry":{"type":"Polygon","coordinates":[[[136.14657,35.97855],[136.14665,35.97853],[136.1471,35.97848],[136.14724,35.97838],[136.14696,35.97767],[136.14693,35.97767],[136.14691,35.97763],[136.14659,35.97763],[136.14657,35.97855]]]}},{"type":"Feature","properties":{"pid":"6079e6d3-0269-45ef-be33-d01fddc7d0f9","full":5.4},"geometry":{"type":"Polygon","coordinates":[[[136.14644,35.97756],[136.14672,35.97757],[136.14668,35.97718],[136.14641,35.97718],[136.1464,35.97753],[136.14644,35.97754],[136.14644,35.97756]]]}},{"type":"Feature","properties":{"pid":"3ade1eec-e234-4dec-9b77-3d0f7472bfba","full":2.7},"geometry":{"type":"Polygon","coordinates":[[[136.14619,35.97755],[136.14635,35.97756],[136.14636,35.97754],[136.14639,35.97754],[136.1464,35.97717],[136.14619,35.97718],[136.14619,35.97755]]]}},{"type":"Feature","properties":{"pid":"39ec5e5b-9767-49a7-a44b-18cf65aa3201","full":7.6},"geometry":{"type":"Polygon","coordinates":[[[136.14579,35.97755],[136.14615,35.97755],[136.14615,35.97754],[136.14617,35.97754],[136.14618,35.97718],[136.1458,35.97718],[136.14579,35.97755]]]}},{"type":"Feature","properties":{"pid":"7f7d921c-3efb-4b5d-b691-7dcb731a62b3","full":10.8},"geometry":{"type":"Polygon","coordinates":[[[136.14574,35.97755],[136.14574,35.97752],[136.14577,35.97752],[136.14578,35.97718],[136.1453,35.97718],[136.14527,35.97722],[136.14526,35.97754],[136.14574,35.97755]]]}},{"type":"Feature","properties":{"pid":"7d0fa7d2-2e9d-448e-bde9-c33e386d16cd","full":21.2},"geometry":{"type":"Polygon","coordinates":[[[136.14613,35.97798],[136.14614,35.97762],[136.14527,35.9776],[136.14525,35.97762],[136.14526,35.97797],[136.14613,35.97798]]]}},{"type":"Feature","properties":{"pid":"95aa6d67-d083-4fc2-be35-4c81d9306b3a","full":6.5},"geometry":{"type":"Polygon","coordinates":[[[136.14612,35.97817],[136.14612,35.97799],[136.14526,35.97798],[136.14525,35.97813],[136.14529,35.97813],[136.1453,35.97816],[136.14612,35.97817]]]}},{"type":"Feature","properties":{"pid":"cfa94d2d-a1ba-4261-be43-96ac6440191a","full":10.8},"geometry":{"type":"Polygon","coordinates":[[[136.14615,35.97853],[136.14623,35.97858],[136.14639,35.97858],[136.14641,35.97766],[136.14637,35.97764],[136.14637,35.97762],[136.14617,35.97762],[136.14615,35.97853]]]}},{"type":"Feature","properties":{"pid":"91d97ebe-1617-43b7-97a6-d6d932619d10","full":2.6},"geometry":{"type":"Polygon","coordinates":[[[136.1464,35.97858],[136.14648,35.97859],[136.14654,35.97856],[136.14657,35.97766],[136.14656,35.97766],[136.14655,35.97763],[136.14643,35.97763],[136.1464,35.97858]]]}},{"type":"Feature","properties":{"pid":"9a17f80c-e0b2-4b71-acd3-11eb08ecfd2c","full":5.1},"geometry":{"type":"Polygon","coordinates":[[[136.14626,35.97864],[136.14604,35.97862],[136.14602,35.97879],[136.14603,35.97896],[136.14602,35.97916],[136.14625,35.97915],[136.14626,35.97864]]]}},{"type":"Feature","properties":{"pid":"3e2122bf-1782-4cfc-a9c1-ed388c43b657","full":18.0},"geometry":{"type":"Polygon","coordinates":[[[136.14526,35.97819],[136.14526,35.97831],[136.14527,35.97845],[136.14529,35.97852],[136.1461,35.9785],[136.14612,35.97818],[136.1453,35.97817],[136.14529,35.97819],[136.14526,35.97819]]]}},{"type":"Feature","properties":{"pid":"24482038-2cf7-4947-a2df-a3a4c4fa3e47","full":4.6},"geometry":{"type":"Polygon","coordinates":[[[136.14522,35.97895],[136.14468,35.97896],[136.14468,35.97914],[136.14495,35.97915],[136.1452,35.97914],[136.14526,35.97906],[136.14522,35.97895]]]}},{"type":"Feature","properties":{"pid":"a8e23936-61fc-4d6f-9449-8f19f8c0385f","full":4.8},"geometry":{"type":"Polygon","coordinates":[[[136.14452,35.97872],[136.14451,35.97895],[136.14501,35.97894],[136.14501,35.97874],[136.14452,35.97872]]]}},{"type":"Feature","properties":{"pid":"5be675b2-7ff8-4088-a61c-41ffbc009155","full":7.0},"geometry":{"type":"Polygon","coordinates":[[[136.14435,35.97812],[136.14509,35.97814],[136.14509,35.97797],[136.14505,35.97797],[136.14506,35.97793],[136.14435,35.97793],[136.14435,35.97812]]]}},{"type":"Feature","properties":{"pid":"f4a59e5c-a475-4d30-b481-82bb257ac8b4","full":22.9},"geometry":{"type":"Polygon","coordinates":[[[136.14431,35.97852],[136.14434,35.97762],[136.14431,35.97762],[136.14431,35.97759],[136.14394,35.97759],[136.14393,35.97851],[136.14431,35.97852]]]}},{"type":"Feature","properties":{"pid":"7cd61521-d4eb-4dee-ae80-cfb92a12a9d8","full":12.6},"geometry":{"type":"Polygon","coordinates":[[[136.14391,35.97851],[136.14394,35.97761],[136.14391,35.97761],[136.14391,35.97759],[136.14367,35.97759],[136.14365,35.97851],[136.14391,35.97851]]]}},{"type":"Feature","properties":{"pid":"89f6e9f8-e77e-4df8-8e6f-f45e183e7432","full":17.3},"geometry":{"type":"Polygon","coordinates":[[[136.14363,35.97851],[136.14366,35.97761],[136.14363,35.97761],[136.14363,35.97758],[136.14334,35.97758],[136.14332,35.97851],[136.14363,35.97851]]]}},{"type":"Feature","properties":{"pid":"d565fa52-3439-45e2-8bf3-3bc0f97c1fd2","full":17.2},"geometry":{"type":"Polygon","coordinates":[[[136.14299,35.97851],[136.1433,35.97851],[136.14332,35.97759],[136.14329,35.9776],[136.14329,35.97757],[136.14301,35.97757],[136.14299,35.97851]]]}},{"type":"Feature","properties":{"pid":"d6228e48-eeb5-460a-acab-bdef5047d691","full":15.7},"geometry":{"type":"Polygon","coordinates":[[[136.14158,35.9785],[136.1419,35.9785],[136.14192,35.97766],[136.14175,35.97765],[136.14172,35.97763],[136.14161,35.97762],[136.14158,35.9785]]]}},{"type":"Feature","properties":{"pid":"36ac212b-a9d2-4c6a-894b-63501872be9f","full":18.1},"geometry":{"type":"Polygon","coordinates":[[[136.14224,35.97755],[136.14194,35.97755],[136.14191,35.9785],[136.14223,35.9785],[136.14226,35.97757],[136.14223,35.97757],[136.14224,35.97755]]]}},{"type":"Feature","properties":{"pid":"c38377d3-dd23-4562-abe5-8355793ffc43","full":15.4},"geometry":{"type":"Polygon","coordinates":[[[136.14224,35.97844],[136.14237,35.97845],[136.14237,35.97836],[136.14257,35.97836],[136.14259,35.97761],[136.14256,35.97761],[136.14256,35.97756],[136.14227,35.97755],[136.14224,35.97844]]]}},{"type":"Feature","properties":{"pid":"bb3580cc-c6da-44ad-b296-90da8da21d7f","full":18.9},"geometry":{"type":"Polygon","coordinates":[[[136.14297,35.97851],[136.14299,35.97759],[136.14297,35.97759],[136.14297,35.97756],[136.14267,35.97756],[136.14264,35.97851],[136.14297,35.97851]]]}},{"type":"Feature","properties":{"pid":"30f11f00-63db-46c1-9ec8-6478f6f9e0be","full":0.8},"geometry":{"type":"Polygon","coordinates":[[[136.14154,35.97865],[136.14197,35.97865],[136.14199,35.97853],[136.14155,35.97853],[136.14154,35.97865]]]}},{"type":"Feature","properties":{"pid":"7b3001c7-c1ee-4a44-afe0-ec774be3c8b2","full":0.6},"geometry":{"type":"Polygon","coordinates":[[[136.14211,35.97897],[136.14224,35.97898],[136.14224,35.97893],[136.14227,35.97893],[136.14229,35.9787],[136.14215,35.9787],[136.14211,35.97897]]]}},{"type":"Feature","properties":{"pid":"968a50c5-c0c8-49c8-a0cc-45208e8f1e85","full":0.9},"geometry":{"type":"Polygon","coordinates":[[[136.14205,35.97905],[136.14205,35.97903],[136.14209,35.97903],[136.14213,35.97871],[136.142,35.97869],[136.14194,35.979],[136.14205,35.97905]]]}},{"type":"Feature","properties":{"pid":"7e2f0cc8-3eea-431d-b98e-60a34471be76","full":3.8},"geometry":{"type":"Polygon","coordinates":[[[136.14225,35.97913],[136.1424,35.97921],[136.14246,35.97923],[136.14247,35.97921],[136.14249,35.97921],[136.14254,35.97886],[136.14229,35.97883],[136.14225,35.97913]]]}},{"type":"Feature","properties":{"pid":"fb764796-2ba0-41c7-ad8e-78400b772603","full":17.2},"geometry":{"type":"Polygon","coordinates":[[[136.14351,35.97856],[136.14309,35.97855],[136.14304,35.97902],[136.14309,35.97903],[136.14308,35.97922],[136.1431,35.97922],[136.1431,35.97925],[136.14341,35.97924],[136.14342,35.97921],[136.14344,35.9792],[136.14351,35.97856]]]}},{"type":"Feature","properties":{"pid":"97c62fcd-e063-4e6d-af74-8bda8fc2c4ae","full":9.7},"geometry":{"type":"Polygon","coordinates":[[[136.14373,35.97923],[136.14379,35.97856],[136.14352,35.97856],[136.14345,35.9792],[136.14347,35.97921],[136.14347,35.97924],[136.14373,35.97923]]]}},{"type":"Feature","properties":{"pid":"12a66e47-7f7d-4116-b2b5-1364a853406c","full":16.2},"geometry":{"type":"Polygon","coordinates":[[[136.14399,35.97922],[136.144,35.97918],[136.14404,35.97919],[136.14405,35.97922],[136.14414,35.97923],[136.14421,35.97856],[136.1438,35.97856],[136.14374,35.97923],[136.14399,35.97922]]]}},{"type":"Feature","properties":{"pid":"a5dcbe0d-1eae-4727-8e4d-112b572df039","full":11.2},"geometry":{"type":"Polygon","coordinates":[[[136.14307,35.98032],[136.14336,35.98033],[136.14338,35.9803],[136.14343,35.9803],[136.14346,35.97945],[136.14328,35.97944],[136.14315,35.98011],[136.14307,35.98032]]]}},{"type":"Feature","properties":{"pid":"273d2477-be36-4708-bf1e-918757fedcaf","full":2.8},"geometry":{"type":"Polygon","coordinates":[[[136.14344,35.98033],[136.14353,35.98033],[136.14358,35.98031],[136.14362,35.97946],[136.14347,35.97945],[136.14344,35.98033]]]}},{"type":"Feature","properties":{"pid":"20727ba8-9d0e-443f-802e-6effe3328717","full":3.6},"geometry":{"type":"Polygon","coordinates":[[[136.14379,35.97946],[136.14364,35.97945],[136.1436,35.98033],[136.14371,35.98034],[136.14373,35.98032],[136.14376,35.98031],[136.14379,35.97946]]]}},{"type":"Feature","properties":{"pid":"8984ad05-fe8f-422c-894d-483b5d8be9ee","full":15.9},"geometry":{"type":"Polygon","coordinates":[[[136.14381,35.98032],[136.14381,35.98034],[136.14406,35.98035],[136.14409,35.98032],[136.14411,35.97951],[136.1441,35.97949],[136.14408,35.97948],[136.14381,35.97947],[136.14377,35.98032],[136.14381,35.98032]]]}},{"type":"Feature","properties":{"pid":"e6df8b7b-779d-4163-90f5-3dda298f4825","full":19.0},"geometry":{"type":"Polygon","coordinates":[[[136.14302,35.9803],[136.14306,35.9803],[136.14312,35.9801],[136.14237,35.97994],[136.14235,35.97994],[136.1423,35.9801],[136.14193,35.98],[136.14186,35.98028],[136.14303,35.98032],[136.14302,35.9803]]]}},{"type":"Feature","properties":{"pid":"758ea4aa-d740-4a75-8d9b-b93281e95bc9","full":9.4},"geometry":{"type":"Polygon","coordinates":[[[136.1423,35.98128],[136.14233,35.98043],[136.1423,35.98043],[136.1423,35.9804],[136.1421,35.98039],[136.14207,35.98127],[136.1423,35.98128]]]}},{"type":"Feature","properties":{"pid":"2d1f90b8-6115-4866-8899-20cafa1f15e8","full":3.8},"geometry":{"type":"Polygon","coordinates":[[[136.14205,35.98127],[136.14208,35.98042],[136.14205,35.98041],[136.14205,35.9804],[136.14193,35.98039],[136.14189,35.98127],[136.142,35.98128],[136.14205,35.98127]]]}},{"type":"Feature","properties":{"pid":"2d852a7e-9b77-42b4-a2d9-fdbf58438f27","full":33.7},"geometry":{"type":"Polygon","coordinates":[[[136.14189,35.97979],[136.1431,35.98006],[136.1432,35.9796],[136.14255,35.97955],[136.14256,35.97938],[136.14223,35.9794],[136.1422,35.97961],[136.14191,35.97958],[136.1419,35.9797],[136.14189,35.97979]]]}},{"type":"Feature","properties":{"pid":"0b7668c8-f62b-4010-a5c0-c1ad86d593b6","full":1.1},"geometry":{"type":"Polygon","coordinates":[[[136.14086,35.98025],[136.14121,35.98026],[136.14122,35.98013],[136.14096,35.98011],[136.14088,35.98005],[136.14086,35.98025]]]}},{"type":"Feature","properties":{"pid":"9bcaa96d-fe4d-42da-a351-8bc9650f437b","full":19.9},"geometry":{"type":"Polygon","coordinates":[[[136.14126,35.98125],[136.14163,35.98126],[136.14166,35.98042],[136.14162,35.98038],[136.1413,35.98038],[136.14126,35.98125]]]}},{"type":"Feature","properties":{"pid":"950ef454-002f-45f5-a0d5-34f011b2d73d","full":18.5},"geometry":{"type":"Polygon","coordinates":[[[136.14125,35.98125],[136.14129,35.9804],[136.14125,35.98039],[136.14125,35.98037],[136.14094,35.98036],[136.1409,35.98124],[136.14125,35.98125]]]}},{"type":"Feature","properties":{"pid":"109355ff-e092-4269-9e5d-d0e0aae12fbd","full":4.6},"geometry":{"type":"Polygon","coordinates":[[[136.14089,35.98124],[136.14093,35.98035],[136.14076,35.98035],[136.14072,35.98124],[136.14089,35.98124]]]}},{"type":"Feature","properties":{"pid":"ed0c3c30-c7c5-44ba-80ee-c0685af7b3ee","full":3.6},"geometry":{"type":"Polygon","coordinates":[[[136.14055,35.98123],[136.1407,35.98124],[136.14074,35.98035],[136.14058,35.98035],[136.14055,35.98123]]]}},{"type":"Feature","properties":{"pid":"4a723d9f-737e-4f08-a25f-b62419dc0c05","full":8.8},"geometry":{"type":"Polygon","coordinates":[[[136.1403,35.98121],[136.14053,35.98123],[136.14056,35.98038],[136.14053,35.98035],[136.14035,35.98034],[136.1403,35.98121]]]}},{"type":"Feature","properties":{"pid":"c092316c-9742-49bc-9c73-7ab924555bce","full":13.8},"geometry":{"type":"Polygon","coordinates":[[[136.14085,35.98025],[136.14085,35.98005],[136.14069,35.97995],[136.1407,35.97983],[136.14027,35.9798],[136.14024,35.98023],[136.14085,35.98025]]]}},{"type":"Feature","properties":{"pid":"7491aa30-4011-450c-b173-8423dd8120c3","full":16.9},"geometry":{"type":"Polygon","coordinates":[[[136.14029,35.98122],[136.14033,35.98036],[136.14029,35.98037],[136.14029,35.98034],[136.14,35.98033],[136.13996,35.98121],[136.14029,35.98122]]]}},{"type":"Feature","properties":{"pid":"c3850ed8-a610-4b70-b49c-21c330b88c54","full":6.4},"geometry":{"type":"Polygon","coordinates":[[[136.13974,35.9812],[136.13993,35.98121],[136.13997,35.98035],[136.13995,35.98035],[136.13995,35.98033],[136.13978,35.98032],[136.13974,35.9812]]]}},{"type":"Feature","properties":{"pid":"a56d192e-6c29-46a4-b94b-e252b2766e55","full":15.3},"geometry":{"type":"Polygon","coordinates":[[[136.13931,35.98069],[136.13953,35.9807],[136.13955,35.98071],[136.13955,35.98073],[136.13949,35.98093],[136.13946,35.9812],[136.13972,35.9812],[136.13976,35.98036],[136.13973,35.98035],[136.13973,35.98033],[136.13932,35.98032],[136.13931,35.98069]]]}},{"type":"Feature","properties":{"pid":"f6cc5085-d4f7-4eab-af5c-e1876faf01d2","full":12.2},"geometry":{"type":"Polygon","coordinates":[[[136.13936,35.97941],[136.13903,35.97939],[136.1391,35.9796],[136.13907,35.97961],[136.13905,35.9802],[136.13933,35.98021],[136.13936,35.97941]]]}},{"type":"Feature","properties":{"pid":"3da56504-b4f1-47f6-84e6-b113dcd16f77","full":32.5},"geometry":{"type":"Polygon","coordinates":[[[136.13938,35.98021],[136.13984,35.98022],[136.13984,35.98013],[136.13992,35.98014],[136.13995,35.97978],[136.13994,35.97977],[136.13986,35.97938],[136.13953,35.97939],[136.13946,35.97942],[136.13937,35.97942],[136.13934,35.98017],[136.13937,35.98018],[136.13938,35.98021]]]}},{"type":"Feature","properties":{"pid":"3345ce67-36dc-42ba-b2e5-1b46412e648a","full":1.5},"geometry":{"type":"Polygon","coordinates":[[[136.13934,35.9785],[136.13956,35.97846],[136.13956,35.97825],[136.13933,35.97825],[136.13934,35.9785]]]}},{"type":"Feature","properties":{"pid":"80164329-335e-49ba-a389-f4a6d944e638","full":10.7},"geometry":{"type":"Polygon","coordinates":[[[136.14018,35.97885],[136.14041,35.97885],[136.14044,35.97847],[136.14042,35.97846],[136.14043,35.97843],[136.14037,35.97841],[136.14004,35.97843],[136.13994,35.97876],[136.13996,35.97877],[136.13997,35.97879],[136.14009,35.97878],[136.14018,35.97885]]]}},{"type":"Feature","properties":{"pid":"181fddd2-0953-47e1-b04e-f5c51250d7f3","full":7.1},"geometry":{"type":"Polygon","coordinates":[[[136.14042,35.9789],[136.14046,35.97891],[136.14047,35.97894],[136.14064,35.97896],[136.14068,35.97888],[136.14069,35.97886],[136.14077,35.97883],[136.1408,35.9786],[136.14048,35.97846],[136.14045,35.97847],[136.14042,35.9789]]]}},{"type":"Feature","properties":{"pid":"60965802-5c35-4a3a-a6ab-0db2e236f63b","full":14.0},"geometry":{"type":"Polygon","coordinates":[[[136.1402,35.97752],[136.1402,35.97782],[136.14047,35.97782],[136.14046,35.97799],[136.14065,35.97799],[136.14065,35.97788],[136.14086,35.97788],[136.14086,35.97755],[136.14083,35.97755],[136.14083,35.97753],[136.1402,35.97752]]]}},{"type":"Feature","properties":{"pid":"4fc790fe-9e13-4b92-9bb9-0edcb4ede5bd","full":16.4},"geometry":{"type":"Polygon","coordinates":[[[136.14124,35.9785],[136.14125,35.97757],[136.14122,35.97757],[136.14121,35.97753],[136.14096,35.97753],[136.14094,35.97849],[136.14124,35.9785]]]}},{"type":"Feature","properties":{"pid":"2df26734-b9c5-4c14-9f3f-db6307c34a78","full":18.1},"geometry":{"type":"Polygon","coordinates":[[[136.14125,35.97849],[136.14156,35.97849],[136.1416,35.97757],[136.14155,35.97756],[136.14155,35.97754],[136.14126,35.97754],[136.14125,35.97849]]]}},{"type":"Feature","properties":{"pid":"5fe050d4-3cf9-4583-a41e-a879c15d724e","full":2.0},"geometry":{"type":"Polygon","coordinates":[[[136.1401,35.97768],[136.1401,35.97754],[136.14007,35.97753],[136.14007,35.97751],[136.13981,35.9775],[136.13978,35.97752],[136.13977,35.9777],[136.1401,35.97768]]]}},{"type":"Feature","properties":{"pid":"0a392028-531e-4623-a717-41e41e6e526e","full":0.6},"geometry":{"type":"Polygon","coordinates":[[[136.13837,35.97732],[136.13837,35.97744],[136.13852,35.97744],[136.13852,35.9776],[136.13864,35.97761],[136.13867,35.97759],[136.13868,35.97744],[136.13857,35.97743],[136.13857,35.97733],[136.13837,35.97732]]]}},{"type":"Feature","properties":{"pid":"9eb24310-cfef-4636-8bc3-ed6679d8bed9","full":4.8},"geometry":{"type":"Polygon","coordinates":[[[136.13806,35.97924],[136.13809,35.97924],[136.1381,35.97922],[136.13835,35.9792],[136.13835,35.97903],[136.13837,35.97893],[136.1383,35.97892],[136.13831,35.97885],[136.13807,35.97879],[136.13806,35.97924]]]}},{"type":"Feature","properties":{"pid":"654ea96c-a405-449b-b522-f92c8c2a5b87","full":10.7},"geometry":{"type":"Polygon","coordinates":[[[136.13766,35.97921],[136.13804,35.97924],[136.13806,35.97881],[136.13803,35.97881],[136.13804,35.97878],[136.13767,35.97871],[136.13766,35.97921]]]}},{"type":"Feature","properties":{"pid":"2b87c27b-eef0-493d-a9a1-abfea93e0b8a","full":2.0},"geometry":{"type":"Polygon","coordinates":[[[136.13828,35.97838],[136.13811,35.97833],[136.13799,35.97871],[136.13816,35.97876],[136.13828,35.97838]]]}},{"type":"Feature","properties":{"pid":"6e40bece-bcd5-47e1-8c07-c920a64dc585","full":3.7},"geometry":{"type":"Polygon","coordinates":[[[136.13817,35.97876],[136.13837,35.97881],[136.13848,35.97851],[136.13857,35.97853],[136.1386,35.97843],[136.13829,35.97837],[136.13817,35.97876]]]}},{"type":"Feature","properties":{"pid":"1345c5cf-60f5-4227-9e83-438c4765487e","full":15.7},"geometry":{"type":"Polygon","coordinates":[[[136.13809,35.97836],[136.13752,35.97825],[136.1375,35.97836],[136.13732,35.97834],[136.13731,35.97861],[136.1376,35.97865],[136.13798,35.97871],[136.13809,35.97836]]]}},{"type":"Feature","properties":{"pid":"e060efb8-4f05-41f6-98cc-51b62ce29b92","full":10.4},"geometry":{"type":"Polygon","coordinates":[[[136.13765,35.97921],[136.13766,35.97871],[136.13751,35.97868],[136.13731,35.97867],[136.1373,35.9792],[136.13765,35.97921]]]}},{"type":"Feature","properties":{"pid":"3e21cdb6-6f3d-4fce-9617-bef8b3a0cfbb","full":10.1},"geometry":{"type":"Polygon","coordinates":[[[136.13664,35.97918],[136.13695,35.97919],[136.13698,35.97861],[136.13695,35.97862],[136.13695,35.97859],[136.13666,35.97859],[136.13664,35.97918]]]}},{"type":"Feature","properties":{"pid":"36ece609-89de-4e3f-b104-48d4896ca376","full":7.1},"geometry":{"type":"Polygon","coordinates":[[[136.13684,35.97853],[136.13708,35.97853],[136.1371,35.97801],[136.13682,35.97801],[136.1368,35.97851],[136.13684,35.97851],[136.13684,35.97853]]]}},{"type":"Feature","properties":{"pid":"b1f986a3-0207-4038-a393-2b2ffe5e7806","full":5.3},"geometry":{"type":"Polygon","coordinates":[[[136.13646,35.97851],[136.13669,35.97852],[136.13671,35.97799],[136.13648,35.97798],[136.13646,35.97851]]]}},{"type":"Feature","properties":{"pid":"4fe7827b-e319-4cd8-ad9f-d90bc05625ea","full":0.5},"geometry":{"type":"Polygon","coordinates":[[[136.13655,35.97738],[136.13636,35.97736],[136.13636,35.97752],[136.13655,35.97753],[136.13655,35.97738]]]}},{"type":"Feature","properties":{"pid":"70d1421a-fe14-4452-9339-682e06677d61","full":6.2},"geometry":{"type":"Polygon","coordinates":[[[136.13645,35.97851],[136.13648,35.97788],[136.13635,35.97786],[136.13634,35.97782],[136.13626,35.97781],[136.13623,35.97851],[136.13645,35.97851]]]}},{"type":"Feature","properties":{"pid":"e84b0080-1dd9-4433-a86b-c80ae0e1164b","full":7.6},"geometry":{"type":"Polygon","coordinates":[[[136.13599,35.9785],[136.13622,35.9785],[136.13626,35.9778],[136.13612,35.9778],[136.13611,35.97778],[136.13602,35.97778],[136.13599,35.9785]]]}},{"type":"Feature","properties":{"pid":"89295bef-5c3d-4af3-81a7-6185dff7b7e7","full":3.3},"geometry":{"type":"Polygon","coordinates":[[[136.13573,35.97805],[136.13599,35.97805],[136.136,35.97778],[136.13588,35.97778],[136.13589,35.97765],[136.13574,35.97765],[136.13573,35.97805]]]}},{"type":"Feature","properties":{"pid":"d051758a-9ec0-456b-9c08-531f95bd120c","full":2.3},"geometry":{"type":"Polygon","coordinates":[[[136.13508,35.97754],[136.13509,35.97718],[136.1349,35.97718],[136.13489,35.97751],[136.13489,35.97752],[136.13491,35.97754],[136.13508,35.97754]]]}},{"type":"Feature","properties":{"pid":"67871d89-5647-46e4-856b-4a231013cdb4","full":0.5},"geometry":{"type":"Polygon","coordinates":[[[136.13458,35.97752],[136.13472,35.97752],[136.13473,35.97728],[136.13471,35.97725],[136.13461,35.97725],[136.13461,35.97727],[136.13459,35.97728],[136.13458,35.97752]]]}},{"type":"Feature","properties":{"pid":"49dc30ec-c886-45b2-9bae-f86d2a9f4298","full":1.3},"geometry":{"type":"Polygon","coordinates":[[[136.13457,35.97752],[136.13457,35.97728],[136.13455,35.97728],[136.13453,35.97726],[136.1344,35.97726],[136.13437,35.97754],[136.13457,35.97752]]]}},{"type":"Feature","properties":{"pid":"8320e1fb-cdd8-4dc1-bbfb-038ddeceedf1","full":1.6},"geometry":{"type":"Polygon","coordinates":[[[136.13486,35.97806],[136.13502,35.97806],[136.13504,35.97762],[136.13489,35.97762],[136.13488,35.97763],[136.13486,35.97806]]]}},{"type":"Feature","properties":{"pid":"58cf5298-fe68-42f7-bab5-e6a8860aa055","full":6.1},"geometry":{"type":"Polygon","coordinates":[[[136.13504,35.97777],[136.13501,35.97848],[136.13525,35.97848],[136.13527,35.978],[136.13519,35.97799],[136.13519,35.97779],[136.13504,35.97777]]]}},{"type":"Feature","properties":{"pid":"2cb9fad9-9a10-4e1b-991f-c6b4c6f21e82","full":1.1},"geometry":{"type":"Polygon","coordinates":[[[136.13486,35.97808],[136.13485,35.97844],[136.13487,35.97847],[136.135,35.97848],[136.13501,35.97808],[136.13486,35.97808]]]}},{"type":"Feature","properties":{"pid":"8e28b4e3-322f-43c6-922c-0fa4477b5814","full":3.8},"geometry":{"type":"Polygon","coordinates":[[[136.13425,35.97843],[136.13449,35.97844],[136.13451,35.97805],[136.13426,35.97805],[136.13425,35.97843]]]}},{"type":"Feature","properties":{"pid":"18a3dd9f-f87a-4bfc-aabd-e2377463a3d1","full":0.5},"geometry":{"type":"Polygon","coordinates":[[[136.134,35.9784],[136.13404,35.97842],[136.13413,35.97842],[136.13414,35.97804],[136.13401,35.97803],[136.134,35.9784]]]}},{"type":"Feature","properties":{"pid":"78432814-5cc0-423e-aafc-47131f0debcb","full":20.7},"geometry":{"type":"Polygon","coordinates":[[[136.13534,35.97914],[136.13537,35.97855],[136.13486,35.97854],[136.13484,35.97855],[136.13482,35.97913],[136.13534,35.97914]]]}},{"type":"Feature","properties":{"pid":"af77df90-f49b-4ca4-96a8-28c0cae48500","full":15.0},"geometry":{"type":"Polygon","coordinates":[[[136.13535,35.97914],[136.13576,35.97916],[136.13579,35.97859],[136.13576,35.97858],[136.13576,35.97856],[136.13538,35.97856],[136.13535,35.97914]]]}},{"type":"Feature","properties":{"pid":"a1300b80-5701-415c-a230-9b7dbd2baa52","full":11.2},"geometry":{"type":"Polygon","coordinates":[[[136.13529,35.97848],[136.1356,35.97849],[136.13564,35.97804],[136.13571,35.97805],[136.13572,35.97794],[136.13528,35.97795],[136.13525,35.97845],[136.1353,35.97847],[136.13529,35.97848]]]}},{"type":"Feature","properties":{"pid":"9842275b-14a3-4844-a1a2-fcea13e6bd61","full":8.3},"geometry":{"type":"Polygon","coordinates":[[[136.13562,35.97849],[136.13598,35.9785],[136.13599,35.97806],[136.13565,35.97805],[136.13562,35.97849]]]}},{"type":"Feature","properties":{"pid":"6e30d10f-5412-4d53-b6d9-b31e412531bd","full":21.0},"geometry":{"type":"Polygon","coordinates":[[[136.13577,35.97916],[136.1363,35.97917],[136.13633,35.97858],[136.1358,35.97856],[136.13577,35.97916]]]}},{"type":"Feature","properties":{"pid":"62d1d2e2-0022-4f98-b8a2-8979e1569504","full":10.7},"geometry":{"type":"Polygon","coordinates":[[[136.1363,35.97917],[136.13663,35.97918],[136.13666,35.97861],[136.13661,35.9786],[136.13661,35.97858],[136.13633,35.97858],[136.1363,35.97917]]]}},{"type":"Feature","properties":{"pid":"f53250c4-58ac-4009-901c-2f2a5aa6e95d","full":16.6},"geometry":{"type":"Polygon","coordinates":[[[136.13617,35.98012],[136.13645,35.98012],[136.13646,35.9801],[136.13649,35.9801],[136.13653,35.97923],[136.13621,35.97922],[136.13617,35.98012]]]}},{"type":"Feature","properties":{"pid":"1ea1cfb8-e650-451e-8431-464a2374014a","full":16.6},"geometry":{"type":"Polygon","coordinates":[[[136.13616,35.98012],[136.1362,35.97922],[136.13589,35.9792],[136.13585,35.98011],[136.13616,35.98012]]]}},{"type":"Feature","properties":{"pid":"e122a37e-7f40-435b-9aed-67146c9934c1","full":24.1},"geometry":{"type":"Polygon","coordinates":[[[136.13581,35.98008],[136.13584,35.98007],[136.13588,35.97921],[136.13519,35.97919],[136.13517,35.97966],[136.1357,35.97967],[136.13568,35.9801],[136.1358,35.98011],[136.13581,35.98008]]]}},{"type":"Feature","properties":{"pid":"6a3046a8-cf5c-42d6-b028-f669868152d5","full":16.9},"geometry":{"type":"Polygon","coordinates":[[[136.13518,35.97919],[136.13486,35.97918],[136.13485,35.9792],[136.13481,35.97921],[136.13478,35.98],[136.13484,35.98008],[136.13505,35.98008],[136.13508,35.97966],[136.13516,35.97966],[136.13518,35.97919]]]}},{"type":"Feature","properties":{"pid":"8e8ea5dd-fee1-475b-a127-63b34f2a7db4","full":25.7},"geometry":{"type":"Polygon","coordinates":[[[136.13478,35.98107],[136.13482,35.98022],[136.1348,35.98022],[136.13479,35.98018],[136.13438,35.98017],[136.13434,35.98105],[136.13478,35.98107]]]}},{"type":"Feature","properties":{"pid":"00a8a6e1-f191-47e3-8bb1-4c1a86f06d1d","full":20.8},"geometry":{"type":"Polygon","coordinates":[[[136.13433,35.98104],[136.13436,35.98021],[136.13433,35.98021],[136.13433,35.98017],[136.13399,35.98016],[136.13395,35.98115],[136.13408,35.98113],[136.13407,35.98107],[136.13409,35.98104],[136.13431,35.98106],[136.13433,35.98104]]]}},{"type":"Feature","properties":{"pid":"bf43c52d-f709-46aa-aeb4-e69fec45a310","full":15.9},"geometry":{"type":"Polygon","coordinates":[[[136.1348,35.98106],[136.13495,35.98106],[136.13496,35.9809],[136.13517,35.9809],[136.13521,35.98019],[136.13485,35.98019],[136.1348,35.98106]]]}},{"type":"Feature","properties":{"pid":"fcbea58a-f7a1-4840-91c5-0237fd5e3105","full":31.7},"geometry":{"type":"Polygon","coordinates":[[[136.13579,35.98104],[136.13582,35.98021],[136.13534,35.98021],[136.13533,35.98024],[136.13527,35.98024],[136.13525,35.98098],[136.13528,35.98099],[136.13529,35.98103],[136.13579,35.98104]]]}},{"type":"Feature","properties":{"pid":"be66864c-a2ae-4342-a811-8475aa1bbe6e","full":14.8},"geometry":{"type":"Polygon","coordinates":[[[136.13611,35.98025],[136.13611,35.98022],[136.13585,35.98022],[136.1358,35.98104],[136.13612,35.98105],[136.13615,35.98025],[136.13611,35.98025]]]}},{"type":"Feature","properties":{"pid":"4e54fa2f-0d44-45d8-84d5-42781ec1dd95","full":22.6},"geometry":{"type":"Polygon","coordinates":[[[136.13655,35.98107],[136.13658,35.98025],[136.13655,35.98025],[136.13655,35.98023],[136.13616,35.98023],[136.13614,35.98105],[136.13655,35.98107]]]}},{"type":"Feature","properties":{"pid":"2426af11-eabe-4259-a584-94394ccb13b6","full":7.6},"geometry":{"type":"Polygon","coordinates":[[[136.13677,35.98112],[136.13681,35.98027],[136.13678,35.98027],[136.13678,35.98023],[136.13659,35.98024],[136.13656,35.98107],[136.13671,35.98107],[136.13677,35.98112]]]}},{"type":"Feature","properties":{"pid":"02998a4c-2225-45a0-af0e-6309f3cc548d","full":0.6},"geometry":{"type":"Polygon","coordinates":[[[136.13701,35.98113],[136.13713,35.98114],[136.13716,35.98026],[136.13713,35.98026],[136.13713,35.98024],[136.13703,35.98024],[136.13701,35.98113]]]}},{"type":"Feature","properties":{"pid":"eba0bc0c-8376-4381-acb0-6b27578cac18","full":8.3},"geometry":{"type":"Polygon","coordinates":[[[136.137,35.98113],[136.13703,35.98024],[136.13685,35.98024],[136.13685,35.98026],[136.13682,35.98026],[136.13678,35.98113],[136.13682,35.98114],[136.137,35.98113]]]}},{"type":"Feature","properties":{"pid":"c3ccaee4-42a0-4bc4-b74c-81dffed58fde","full":1.8},"geometry":{"type":"Polygon","coordinates":[[[136.13738,35.98115],[136.13741,35.98026],[136.13733,35.98026],[136.13733,35.98027],[136.13728,35.98027],[136.13724,35.98114],[136.13738,35.98115]]]}},{"type":"Feature","properties":{"pid":"584423e6-2ba9-41dd-a3ed-03169a512917","full":16.2},"geometry":{"type":"Polygon","coordinates":[[[136.13759,35.98114],[136.13791,35.98116],[136.13794,35.9803],[136.13792,35.98029],[136.13792,35.98027],[136.13763,35.98026],[136.13759,35.98114]]]}},{"type":"Feature","properties":{"pid":"47121618-5ad9-448c-b3e1-ea7f5fedcec8","full":6.3},"geometry":{"type":"Polygon","coordinates":[[[136.13758,35.98115],[136.13761,35.98026],[136.13743,35.98026],[136.13739,35.98114],[136.13758,35.98115]]]}},{"type":"Feature","properties":{"pid":"20212130-fc52-41fe-8d1f-2d55979b2c90","full":17.7},"geometry":{"type":"Polygon","coordinates":[[[136.13686,35.98014],[136.13712,35.98015],[136.13717,35.9801],[136.1372,35.97927],[136.13717,35.97927],[136.13715,35.97925],[136.13687,35.97924],[136.13683,35.98011],[136.13686,35.98012],[136.13686,35.98014]]]}},{"type":"Feature","properties":{"pid":"8eccf02d-9dda-4100-ba62-f47ebb05628c","full":17.2},"geometry":{"type":"Polygon","coordinates":[[[136.13683,35.98014],[136.13686,35.97923],[136.13654,35.97923],[136.1365,35.9801],[136.13654,35.98011],[136.13654,35.98013],[136.13683,35.98014]]]}},{"type":"Feature","properties":{"pid":"51aebdea-222f-4253-991e-1bdacfb6b3b6","full":11.5},"geometry":{"type":"Polygon","coordinates":[[[136.13762,35.98016],[136.13784,35.98016],[136.13784,35.98013],[136.13788,35.98013],[136.13791,35.97926],[136.13766,35.97926],[136.13762,35.98016]]]}},{"type":"Feature","properties":{"pid":"6a79e793-8fcd-4418-a878-047247683b44","full":17.0},"geometry":{"type":"Polygon","coordinates":[[[136.13761,35.98015],[136.13765,35.97926],[136.13732,35.97925],[136.13729,35.98012],[136.13733,35.98013],[136.13733,35.98015],[136.13761,35.98015]]]}},{"type":"Feature","properties":{"pid":"7c9096ab-6924-4bd5-b6d7-09a03cf8c9a1","full":19.7},"geometry":{"type":"Polygon","coordinates":[[[136.13835,35.98018],[136.13839,35.97959],[136.13807,35.97958],[136.13808,35.97927],[136.13793,35.97926],[136.13789,35.98017],[136.13835,35.98018]]]}},{"type":"Feature","properties":{"pid":"34b59eb4-f9c8-44b0-bf5f-969d0d310dbe","full":3.2},"geometry":{"type":"Polygon","coordinates":[[[136.13896,35.97938],[136.1389,35.97894],[136.13887,35.97894],[136.13887,35.97892],[136.13874,35.97892],[136.13872,35.97901],[136.13874,35.9794],[136.13896,35.97938]]]}},{"type":"Feature","properties":{"pid":"baac8016-f000-4afa-a0c1-00c7ca5ad3dc","full":1.3},"geometry":{"type":"Polygon","coordinates":[[[136.13839,35.97977],[136.13864,35.97977],[136.13864,35.97958],[136.13859,35.97958],[136.13859,35.97957],[136.13845,35.97959],[136.1384,35.97959],[136.13839,35.97977]]]}},{"type":"Feature","properties":{"pid":"93928233-51a7-409e-9f7a-e23bb3a13fa1","full":5.2},"geometry":{"type":"Polygon","coordinates":[[[136.13841,35.98015],[136.1384,35.98018],[136.13862,35.98019],[136.13866,35.98016],[136.13864,35.97978],[136.13839,35.97978],[136.13836,35.98015],[136.13841,35.98015]]]}},{"type":"Feature","properties":{"pid":"de5f750e-1ad0-4c64-90b6-7cf5edf39e26","full":9.1},"geometry":{"type":"Polygon","coordinates":[[[136.13792,35.98116],[136.13814,35.98117],[136.13818,35.98029],[136.13815,35.9803],[136.13815,35.98028],[136.13795,35.98028],[136.13792,35.98116]]]}},{"type":"Feature","properties":{"pid":"7ff75dae-2747-45f7-b3c3-b4a4c92397de","full":7.4},"geometry":{"type":"Polygon","coordinates":[[[136.13817,35.981],[136.13842,35.98101],[136.13847,35.98093],[136.13847,35.98067],[136.13836,35.98067],[136.13837,35.98028],[136.13819,35.98028],[136.13817,35.981]]]}},{"type":"Feature","properties":{"pid":"f9c9e042-f6c9-4a55-b17e-846297ce7100","full":9.7},"geometry":{"type":"Polygon","coordinates":[[[136.1393,35.9807],[136.13931,35.98031],[136.13881,35.98029],[136.13881,35.98062],[136.13899,35.98063],[136.1393,35.9807]]]}},{"type":"Feature","properties":{"pid":"391f5b42-2793-412a-9db9-4de39c5defc8","full":10.3},"geometry":{"type":"Polygon","coordinates":[[[136.13814,35.98184],[136.13829,35.98187],[136.13874,35.98188],[136.13872,35.98157],[136.13814,35.98156],[136.13814,35.98184]]]}},{"type":"Feature","properties":{"pid":"bd013ce5-d849-4e4b-92c2-aa7a6e53695a","full":11.0},"geometry":{"type":"Polygon","coordinates":[[[136.13814,35.98155],[136.13872,35.98156],[136.1387,35.98124],[136.13866,35.98122],[136.13816,35.98122],[136.13814,35.98155]]]}},{"type":"Feature","properties":{"pid":"2e5acdf5-44c0-484b-89f4-f96470e441d7","full":13.9},"geometry":{"type":"Polygon","coordinates":[[[136.13657,35.98171],[136.13704,35.98173],[136.13707,35.98173],[136.13709,35.98118],[136.13679,35.98117],[136.13673,35.98114],[136.13671,35.98146],[136.13659,35.98146],[136.13657,35.98171]]]}},{"type":"Feature","properties":{"pid":"b8da4ec8-7eeb-47ac-ab1a-082eed4a83ba","full":0.8},"geometry":{"type":"Polygon","coordinates":[[[136.13718,35.98172],[136.1372,35.98174],[136.13736,35.98174],[136.13736,35.98151],[136.1372,35.98151],[136.13718,35.98172]]]}},{"type":"Feature","properties":{"pid":"97579b5a-b324-41d1-907d-0e6431119054","full":25.8},"geometry":{"type":"Polygon","coordinates":[[[136.13753,35.98167],[136.13812,35.98168],[136.13813,35.98122],[136.13721,35.98119],[136.1372,35.9815],[136.1375,35.9815],[136.13753,35.98167]]]}},{"type":"Feature","properties":{"pid":"c5f2fe7c-7886-4ef8-85d0-312028df1733","full":5.5},"geometry":{"type":"Polygon","coordinates":[[[136.13748,35.98233],[136.13776,35.98233],[136.13775,35.98187],[136.13773,35.98187],[136.13773,35.98184],[136.13762,35.98182],[136.13763,35.98192],[136.13748,35.98193],[136.13748,35.98233]]]}},{"type":"Feature","properties":{"pid":"e4c93d18-3036-4cda-bdfa-5b6374a8d7d1","full":6.0},"geometry":{"type":"Polygon","coordinates":[[[136.13747,35.98233],[136.13746,35.9818],[136.13721,35.9818],[136.13723,35.98233],[136.13747,35.98233]]]}},{"type":"Feature","properties":{"pid":"98dd68c4-b23f-4d29-895b-9fc8d7929707","full":15.8},"geometry":{"type":"Polygon","coordinates":[[[136.13692,35.9828],[136.13693,35.98214],[136.13652,35.98212],[136.13651,35.9827],[136.13692,35.9828]]]}},{"type":"Feature","properties":{"pid":"25bc36c6-1b9a-4950-b62a-f33c80f12fda","full":8.2},"geometry":{"type":"Polygon","coordinates":[[[136.13818,35.98234],[136.13842,35.98234],[136.13842,35.98217],[136.13875,35.98217],[136.13875,35.98195],[136.13839,35.98195],[136.13819,35.98193],[136.13818,35.98234]]]}},{"type":"Feature","properties":{"pid":"360048b9-9218-4b56-8bb0-f94ca3a1bdd6","full":9.7},"geometry":{"type":"Polygon","coordinates":[[[136.13819,35.98316],[136.13834,35.98319],[136.13844,35.98322],[136.13846,35.98244],[136.13842,35.98241],[136.13823,35.98241],[136.13823,35.98243],[136.1382,35.98244],[136.13819,35.98316]]]}},{"type":"Feature","properties":{"pid":"1715af8f-b8fa-4930-998a-a49509e28f71","full":13.5},"geometry":{"type":"Polygon","coordinates":[[[136.13818,35.98315],[136.13819,35.98244],[136.13816,35.98244],[136.13816,35.98241],[136.13784,35.98241],[136.13783,35.98302],[136.13818,35.98315]]]}},{"type":"Feature","properties":{"pid":"10e5ef16-2b3a-4a02-966e-cd2d5b0507a8","full":5.1},"geometry":{"type":"Polygon","coordinates":[[[136.13734,35.98391],[136.13763,35.98411],[136.13785,35.98383],[136.13757,35.98371],[136.13755,35.98374],[136.13752,35.98373],[136.13734,35.98391]]]}},{"type":"Feature","properties":{"pid":"ff3ed6d4-7be3-4fc8-b041-c1741aaab344","full":18.9},"geometry":{"type":"Polygon","coordinates":[[[136.13722,35.98391],[136.13703,35.98366],[136.137,35.98364],[136.13624,35.98346],[136.13615,35.98354],[136.13698,35.98413],[136.13722,35.98391]]]}},{"type":"Feature","properties":{"pid":"db456014-60f0-4fc1-8a14-4f87545099b6","full":18.9},"geometry":{"type":"Polygon","coordinates":[[[136.13781,35.98241],[136.13731,35.9824],[136.13729,35.98287],[136.13768,35.98298],[136.13782,35.98302],[136.13784,35.98243],[136.13781,35.98242],[136.13781,35.98241]]]}},{"type":"Feature","properties":{"pid":"4488dba4-fdea-4214-b2e8-a458e113a5c8","full":8.3},"geometry":{"type":"Polygon","coordinates":[[[136.13727,35.98287],[136.13729,35.98242],[136.13726,35.98242],[136.13726,35.98241],[136.13693,35.9824],[136.13693,35.9828],[136.13727,35.98287]]]}},{"type":"Feature","properties":{"pid":"59f555ea-55a6-4003-9336-1ffee4612387","full":10.9},"geometry":{"type":"Polygon","coordinates":[[[136.13505,35.98312],[136.13589,35.98371],[136.13618,35.98344],[136.13507,35.9831],[136.13505,35.98312]]]}},{"type":"Feature","properties":{"pid":"d1fb37cc-500c-43bc-a750-4dc560abf7b7","full":16.8},"geometry":{"type":"Polygon","coordinates":[[[136.13676,35.98434],[136.13697,35.98414],[136.13614,35.98355],[136.13593,35.98375],[136.13676,35.98434]]]}},{"type":"Feature","properties":{"pid":"c8815fc9-8813-4916-be3b-372739bffd8f","full":17.2},"geometry":{"type":"Polygon","coordinates":[[[136.13654,35.98455],[136.13675,35.98434],[136.13592,35.98376],[136.13571,35.98395],[136.13654,35.98455]]]}},{"type":"Feature","properties":{"pid":"ef71b0e5-00fb-4843-b62f-808ac2ea303b","full":16.8},"geometry":{"type":"Polygon","coordinates":[[[136.13632,35.98475],[136.13653,35.98455],[136.13571,35.98397],[136.13549,35.98416],[136.13632,35.98475]]]}},{"type":"Feature","properties":{"pid":"095df41e-7f8c-41fb-bf5c-8ce6548192ad","full":16.5},"geometry":{"type":"Polygon","coordinates":[[[136.13567,35.98392],[136.13587,35.98373],[136.13504,35.98313],[136.13483,35.98332],[136.13567,35.98392]]]}},{"type":"Feature","properties":{"pid":"c0ecede7-e86b-48f6-a437-75155e2b12aa","full":15.9},"geometry":{"type":"Polygon","coordinates":[[[136.13522,35.98433],[136.13542,35.98414],[136.13459,35.98355],[136.13438,35.98373],[136.13522,35.98433]]]}},{"type":"Feature","properties":{"pid":"ba4b5a21-64dd-43d0-bc94-e0f354b25f5a","full":16.7},"geometry":{"type":"Polygon","coordinates":[[[136.13544,35.98413],[136.13565,35.98394],[136.13481,35.98333],[136.13462,35.98351],[136.13461,35.98353],[136.13544,35.98413]]]}},{"type":"Feature","properties":{"pid":"172ca4ba-ae72-4e46-82ae-ea36187dc95b","full":16.5},"geometry":{"type":"Polygon","coordinates":[[[136.135,35.98454],[136.13521,35.98435],[136.13436,35.98375],[136.13416,35.98393],[136.135,35.98454]]]}},{"type":"Feature","properties":{"pid":"621a503e-7ff0-45fa-bdad-929cd76e39fd","full":16.6},"geometry":{"type":"Polygon","coordinates":[[[136.13478,35.98475],[136.13498,35.98455],[136.13415,35.98396],[136.13394,35.98415],[136.13478,35.98475]]]}},{"type":"Feature","properties":{"pid":"b431edd3-db05-466a-8fdd-bc4486ee2fed","full":16.5},"geometry":{"type":"Polygon","coordinates":[[[136.13432,35.98368],[136.13452,35.98349],[136.1337,35.9829],[136.13349,35.98309],[136.13432,35.98368]]]}},{"type":"Feature","properties":{"pid":"cf3db318-aa93-469e-a2e6-afa5b860a735","full":11.1},"geometry":{"type":"Polygon","coordinates":[[[136.13427,35.98295],[136.13391,35.98293],[136.13375,35.9829],[136.13374,35.98291],[136.13454,35.98348],[136.13473,35.9833],[136.13471,35.98327],[136.13427,35.98295]]]}},{"type":"Feature","properties":{"pid":"a3dfde51-80ce-4f6e-b907-172a83e7db2d","full":3.4},"geometry":{"type":"Polygon","coordinates":[[[136.13498,35.98306],[136.13473,35.98299],[136.13453,35.98297],[136.13431,35.98295],[136.13476,35.98327],[136.13498,35.98306]]]}},{"type":"Feature","properties":{"pid":"18ad885b-e795-4912-968e-91cd6e59e056","full":5.8},"geometry":{"type":"Polygon","coordinates":[[[136.13598,35.98212],[136.13564,35.98213],[136.13563,35.98215],[136.13561,35.98215],[136.13566,35.98236],[136.13571,35.98241],[136.13578,35.98247],[136.13597,35.98254],[136.13598,35.98212]]]}},{"type":"Feature","properties":{"pid":"cc376a5d-bcf0-43fd-91c4-ad6dfc72cb39","full":16.5},"geometry":{"type":"Polygon","coordinates":[[[136.1365,35.98214],[136.13647,35.98213],[136.13648,35.98211],[136.13631,35.9821],[136.136,35.98212],[136.13599,35.98254],[136.1365,35.9827],[136.1365,35.98214]]]}},{"type":"Feature","properties":{"pid":"e6e40fe0-91fc-4899-91c7-5703feac8ad4","full":22.4},"geometry":{"type":"Polygon","coordinates":[[[136.13436,35.98149],[136.13436,35.98187],[136.13438,35.98189],[136.13442,35.9819],[136.13522,35.98188],[136.13525,35.98187],[136.13525,35.98185],[136.13524,35.98162],[136.13516,35.98152],[136.13436,35.98149]]]}},{"type":"Feature","properties":{"pid":"99ac2342-a365-43e8-a523-531a14b3d34a","full":17.6},"geometry":{"type":"Polygon","coordinates":[[[136.13514,35.98149],[136.13516,35.98146],[136.13516,35.98114],[136.13515,35.98112],[136.13444,35.98109],[136.13444,35.98148],[136.13511,35.9815],[136.13514,35.98149]]]}},{"type":"Feature","properties":{"pid":"31266846-5a4e-4a06-b2ff-c11898db29a1","full":9.2},"geometry":{"type":"Polygon","coordinates":[[[136.13152,35.98199],[136.13236,35.98259],[136.13246,35.98249],[136.13245,35.98243],[136.13212,35.98219],[136.13182,35.98196],[136.13181,35.98192],[136.1318,35.98183],[136.13178,35.98181],[136.13175,35.9818],[136.1317,35.98181],[136.13152,35.98199]]]}},{"type":"Feature","properties":{"pid":"94cbe40f-9acc-4cdc-8bcf-a005b3d5774c","full":17.4},"geometry":{"type":"Polygon","coordinates":[[[136.13209,35.98283],[136.13229,35.98265],[136.13228,35.98264],[136.13229,35.98262],[136.13147,35.98204],[136.13125,35.98223],[136.13209,35.98283]]]}},{"type":"Feature","properties":{"pid":"6e07b6c5-ca21-4d19-8219-dc02be31facb","full":22.9},"geometry":{"type":"Polygon","coordinates":[[[136.13353,35.98279],[136.13347,35.98279],[136.13336,35.98278],[136.13322,35.98273],[136.13305,35.98269],[136.13296,35.98266],[136.13258,35.98249],[136.13255,35.9825],[136.13241,35.98262],[136.13321,35.9832],[136.13326,35.98322],[136.1335,35.98299],[136.13364,35.98287],[136.13353,35.98279]]]}},{"type":"Feature","properties":{"pid":"5cf02d5b-c9cf-4f40-8f98-1263e8ea893a","full":17.0},"geometry":{"type":"Polygon","coordinates":[[[136.13216,35.98287],[136.133,35.98347],[136.13319,35.9833],[136.13321,35.98328],[136.13239,35.98269],[136.13237,35.98271],[136.13235,35.98269],[136.13216,35.98287]]]}},{"type":"Feature","properties":{"pid":"402ac456-4c4b-43a1-abb2-735baa40be46","full":16.3},"geometry":{"type":"Polygon","coordinates":[[[136.13406,35.98387],[136.13412,35.98387],[136.13429,35.9837],[136.13347,35.98311],[136.13325,35.98329],[136.13406,35.98387]]]}},{"type":"Feature","properties":{"pid":"b7ed09c0-9813-47b3-895b-6b90f5a443fb","full":16.4},"geometry":{"type":"Polygon","coordinates":[[[136.13387,35.9841],[136.13407,35.98391],[136.13323,35.9833],[136.13304,35.9835],[136.13387,35.9841]]]}},{"type":"Feature","properties":{"pid":"5f38df6f-cd84-49f8-a19f-b26b5b8164f7","full":16.4},"geometry":{"type":"Polygon","coordinates":[[[136.13365,35.9843],[136.13386,35.98411],[136.13303,35.98352],[136.13282,35.98371],[136.13365,35.9843]]]}},{"type":"Feature","properties":{"pid":"712aabe3-0a13-454e-89f3-52f062355643","full":16.4},"geometry":{"type":"Polygon","coordinates":[[[136.13342,35.9845],[136.13363,35.98432],[136.1328,35.98372],[136.1326,35.98392],[136.13342,35.9845]]]}},{"type":"Feature","properties":{"pid":"f060b808-6f2a-4f71-b86a-8baa90e15fd6","full":17.2},"geometry":{"type":"Polygon","coordinates":[[[136.13314,35.98468],[136.13319,35.98468],[136.1334,35.98451],[136.13258,35.98393],[136.13235,35.98412],[136.13314,35.98468]]]}},{"type":"Feature","properties":{"pid":"0ed3b36e-d6d2-4956-8f3e-e0156b5f45ff","full":2.5},"geometry":{"type":"Polygon","coordinates":[[[136.13255,35.98389],[136.13264,35.9838],[136.13184,35.98322],[136.13182,35.98324],[136.13179,35.98322],[136.13171,35.98329],[136.13255,35.98389]]]}},{"type":"Feature","properties":{"pid":"dff4cd7c-2db5-4742-8311-68c8b046182c","full":19.4},"geometry":{"type":"Polygon","coordinates":[[[136.13208,35.98432],[136.13124,35.98372],[136.13089,35.98407],[136.13088,35.98409],[136.132,35.9844],[136.13208,35.98432]]]}},{"type":"Feature","properties":{"pid":"eb35bcfa-7a18-4a6f-a858-729ebd114ffa","full":16.9},"geometry":{"type":"Polygon","coordinates":[[[136.1321,35.98431],[136.1323,35.9841],[136.13148,35.98352],[136.13146,35.98354],[136.13145,35.98353],[136.13126,35.9837],[136.1321,35.98431]]]}},{"type":"Feature","properties":{"pid":"8369aa76-5a86-4ca1-96fd-491233d5937b","full":17.2},"geometry":{"type":"Polygon","coordinates":[[[136.13232,35.98409],[136.13253,35.98389],[136.13173,35.98332],[136.13169,35.98333],[136.13167,35.98332],[136.13148,35.9835],[136.13232,35.98409]]]}},{"type":"Feature","properties":{"pid":"0c9867a1-f657-4018-8c92-cc3f34033d64","full":4.2},"geometry":{"type":"Polygon","coordinates":[[[136.13276,35.9837],[136.13196,35.98311],[136.13193,35.98312],[136.1319,35.98311],[136.13181,35.98319],[136.13266,35.98379],[136.13276,35.9837]]]}},{"type":"Feature","properties":{"pid":"f488d080-515c-4441-9714-19bb446a33bd","full":17.6},"geometry":{"type":"Polygon","coordinates":[[[136.13216,35.98291],[136.13213,35.9829],[136.13193,35.98308],[136.13278,35.98368],[136.13299,35.98349],[136.13218,35.9829],[136.13216,35.98291]]]}},{"type":"Feature","properties":{"pid":"8848bcc2-3d67-4fbd-be6e-0515a8e2f3df","full":17.0},"geometry":{"type":"Polygon","coordinates":[[[136.13187,35.98303],[136.13206,35.98287],[136.13205,35.98285],[136.13207,35.98283],[136.13123,35.98224],[136.13103,35.98244],[136.13187,35.98303]]]}},{"type":"Feature","properties":{"pid":"ffd2fdaa-611a-496c-afe9-35bd3649af96","full":17.7},"geometry":{"type":"Polygon","coordinates":[[[136.13165,35.98325],[136.13185,35.98307],[136.13182,35.98306],[136.13185,35.98303],[136.13102,35.98244],[136.13081,35.98265],[136.13165,35.98325]]]}},{"type":"Feature","properties":{"pid":"bd23e91c-3600-41cb-8dd3-e0914563b859","full":18.0},"geometry":{"type":"Polygon","coordinates":[[[136.13143,35.98345],[136.13161,35.98328],[136.1316,35.98326],[136.13163,35.98324],[136.1308,35.98266],[136.13058,35.98286],[136.13143,35.98345]]]}},{"type":"Feature","properties":{"pid":"04892ee2-23bc-41cc-9d87-65aafdf32fa6","full":17.2},"geometry":{"type":"Polygon","coordinates":[[[136.13098,35.98386],[136.13118,35.98369],[136.13116,35.98368],[136.13118,35.98366],[136.13035,35.98307],[136.13014,35.98327],[136.13098,35.98386]]]}},{"type":"Feature","properties":{"pid":"60744b13-135b-471a-b18c-4f0aec1d45f3","full":16.9},"geometry":{"type":"Polygon","coordinates":[[[136.1312,35.98366],[136.1314,35.98348],[136.13138,35.98347],[136.1314,35.98346],[136.13056,35.98287],[136.13035,35.98306],[136.1312,35.98366]]]}},{"type":"Feature","properties":{"pid":"a692180f-6141-4f80-a7e6-0df4777d18a7","full":3.2},"geometry":{"type":"Polygon","coordinates":[[[136.13042,35.98437],[136.13065,35.98416],[136.1299,35.984],[136.13042,35.98437]]]}},{"type":"Feature","properties":{"pid":"74b90de6-8cb3-4fd9-abe7-5af07c0b7d79","full":10.2},"geometry":{"type":"Polygon","coordinates":[[[136.13069,35.98404],[136.12992,35.98348],[136.12969,35.98369],[136.12967,35.98373],[136.12962,35.98378],[136.13069,35.98404]]]}},{"type":"Feature","properties":{"pid":"fe37646a-78b6-415b-8a88-d5765b799d50","full":17.2},"geometry":{"type":"Polygon","coordinates":[[[136.13067,35.98401],[136.13072,35.98404],[136.13074,35.98403],[136.13078,35.98405],[136.13096,35.9839],[136.13093,35.98388],[136.13095,35.98386],[136.13013,35.98328],[136.12993,35.98348],[136.13067,35.98401]]]}},{"type":"Feature","properties":{"pid":"918b95a9-44c8-4ed9-9339-f469a2007187","full":14.9},"geometry":{"type":"Polygon","coordinates":[[[136.13042,35.98438],[136.12988,35.98399],[136.1295,35.98391],[136.12939,35.98401],[136.13021,35.98457],[136.13042,35.98438]]]}},{"type":"Feature","properties":{"pid":"d2cacaa1-8274-41f4-8ad7-41c2a945978d","full":13.1},"geometry":{"type":"Polygon","coordinates":[[[136.12857,35.98421],[136.12854,35.98419],[136.1285,35.98422],[136.12882,35.98441],[136.12939,35.98388],[136.12888,35.98383],[136.12876,35.98402],[136.12857,35.98421]]]}},{"type":"Feature","properties":{"pid":"9e5fd889-4053-48ab-894b-5a25873d60fc","full":5.7},"geometry":{"type":"Polygon","coordinates":[[[136.12924,35.98333],[136.12905,35.9835],[136.12937,35.98373],[136.12952,35.98375],[136.12965,35.98362],[136.12924,35.98333]]]}},{"type":"Feature","properties":{"pid":"6d2556a5-e70a-4276-bd1e-4d3f1eb00d92","full":16.4},"geometry":{"type":"Polygon","coordinates":[[[136.12966,35.98361],[136.12988,35.98342],[136.12908,35.98286],[136.12906,35.98287],[136.12901,35.98285],[136.12888,35.98306],[136.12966,35.98361]]]}},{"type":"Feature","properties":{"pid":"01232028-2247-4cb9-87ea-d40ddb1582ab","full":12.3},"geometry":{"type":"Polygon","coordinates":[[[136.12905,35.9828],[136.1291,35.98283],[136.12909,35.98285],[136.12988,35.98341],[136.13009,35.98321],[136.12947,35.98278],[136.12934,35.9829],[136.1291,35.98272],[136.12905,35.9828]]]}},{"type":"Feature","properties":{"pid":"497e5346-6c6d-46e4-96ec-b8eb41c7a774","full":19.5},"geometry":{"type":"Polygon","coordinates":[[[136.1301,35.98321],[136.13031,35.983],[136.12939,35.98236],[136.12938,35.98238],[136.12933,35.98236],[136.1292,35.98257],[136.1301,35.98321]]]}},{"type":"Feature","properties":{"pid":"55dd5347-6e33-4f05-8a1c-5a4ba5241a2b","full":2.1},"geometry":{"type":"Polygon","coordinates":[[[136.12906,35.98256],[136.12938,35.98205],[136.12917,35.98191],[136.12916,35.98192],[136.12915,35.98192],[136.12906,35.98256]]]}},{"type":"Feature","properties":{"pid":"86d9e04c-35d2-41f5-8a65-f2db6b4c913f","full":15.9},"geometry":{"type":"Polygon","coordinates":[[[136.12871,35.98269],[136.12895,35.98272],[136.12905,35.98257],[136.12914,35.9819],[136.12912,35.9819],[136.12912,35.98188],[136.12907,35.98184],[136.12899,35.98182],[136.12884,35.98181],[136.12871,35.98269]]]}},{"type":"Feature","properties":{"pid":"a29401d6-19c5-41c8-803d-d74c0347f917","full":21.6},"geometry":{"type":"Polygon","coordinates":[[[136.13032,35.983],[136.13054,35.9828],[136.12955,35.98209],[136.12954,35.98211],[136.1295,35.9821],[136.12936,35.98232],[136.13032,35.983]]]}},{"type":"Feature","properties":{"pid":"412bcfc9-b86b-466e-87a8-01e68643f79f","full":30.2},"geometry":{"type":"Polygon","coordinates":[[[136.12982,35.98179],[136.1298,35.98178],[136.12957,35.982],[136.12961,35.98202],[136.12959,35.98205],[136.13058,35.98275],[136.13085,35.98251],[136.12983,35.98178],[136.12982,35.98179]]]}},{"type":"Feature","properties":{"pid":"d71c3bba-5993-42c3-96c7-8025683eeaef","full":25.8},"geometry":{"type":"Polygon","coordinates":[[[136.13138,35.98203],[136.13039,35.98129],[136.13036,35.9813],[136.13034,35.9813],[136.13025,35.98162],[136.13113,35.98226],[136.13138,35.98203]]]}},{"type":"Feature","properties":{"pid":"97d258d9-5a65-4ea8-9c8c-b7b8d1fa3dba","full":28.6},"geometry":{"type":"Polygon","coordinates":[[[136.13112,35.98227],[136.13022,35.98162],[136.13021,35.98163],[136.13017,35.9816],[136.13001,35.98158],[136.12982,35.98176],[136.13087,35.9825],[136.13112,35.98227]]]}},{"type":"Feature","properties":{"pid":"757741df-d702-466f-a91b-055d7c2a89df","full":15.5},"geometry":{"type":"Polygon","coordinates":[[[136.13162,35.98178],[136.13153,35.98168],[136.13135,35.98149],[136.13126,35.98138],[136.13119,35.98131],[136.13086,35.9816],[136.1314,35.98201],[136.13156,35.98187],[136.13154,35.98185],[136.13162,35.98178]]]}},{"type":"Feature","properties":{"pid":"b7223432-c64b-4863-9ac9-a7f35db7f1db","full":3.3},"geometry":{"type":"Polygon","coordinates":[[[136.13118,35.98131],[136.13108,35.98118],[136.13105,35.98116],[136.1307,35.98148],[136.13085,35.9816],[136.13118,35.98131]]]}},{"type":"Feature","properties":{"pid":"8e1e1fbc-e2ab-4467-bc9e-89182856b34a","full":7.3},"geometry":{"type":"Polygon","coordinates":[[[136.13272,35.98112],[136.13276,35.98011],[136.1327,35.9801],[136.13257,35.98005],[136.13253,35.9811],[136.13272,35.98112]]]}},{"type":"Feature","properties":{"pid":"80a58b58-880a-4b2e-b182-1b5c262e5b47","full":6.6},"geometry":{"type":"Polygon","coordinates":[[[136.13291,35.98115],[136.13295,35.98015],[136.13293,35.98015],[136.13292,35.98011],[136.13277,35.9801],[136.13273,35.98113],[136.13291,35.98115]]]}},{"type":"Feature","properties":{"pid":"24510a36-de26-4966-a692-bd9500fb6670","full":21.1},"geometry":{"type":"Polygon","coordinates":[[[136.13325,35.98119],[136.13329,35.98017],[136.13326,35.98017],[136.13326,35.98014],[136.13296,35.98012],[136.13292,35.98115],[136.13325,35.98119]]]}},{"type":"Feature","properties":{"pid":"873cf324-c96b-46e2-a3b7-aa2601109f8d","full":18.7},"geometry":{"type":"Polygon","coordinates":[[[136.13356,35.98121],[136.13361,35.98014],[136.13331,35.98014],[136.13327,35.98119],[136.13339,35.98121],[136.13356,35.98121]]]}},{"type":"Feature","properties":{"pid":"7ad3ac94-f288-4891-ba73-83368f21b7c2","full":23.2},"geometry":{"type":"Polygon","coordinates":[[[136.13394,35.98115],[136.13397,35.9802],[136.13394,35.9802],[136.13395,35.98016],[136.13363,35.98015],[136.13358,35.98121],[136.13367,35.98121],[136.13394,35.98115]]]}},{"type":"Feature","properties":{"pid":"3b2753c6-0cd8-4320-b367-d4089b864b2f","full":3.3},"geometry":{"type":"Polygon","coordinates":[[[136.1317,35.97836],[136.13198,35.97841],[136.13214,35.9781],[136.13212,35.97807],[136.13189,35.97805],[136.13187,35.97822],[136.13173,35.9782],[136.1317,35.97836]]]}},{"type":"Feature","properties":{"pid":"342a1e66-d21c-40c0-a36f-ab2b95fd2cc3","full":0.9},"geometry":{"type":"Polygon","coordinates":[[[136.13208,35.97839],[136.132,35.97855],[136.13221,35.9786],[136.1323,35.97846],[136.13208,35.97839]]]}},{"type":"Feature","properties":{"pid":"b60121dc-361d-414e-b521-2f9deacdb60f","full":1.6},"geometry":{"type":"Polygon","coordinates":[[[136.13212,35.97831],[136.1323,35.97838],[136.13245,35.97809],[136.13225,35.9781],[136.13221,35.97812],[136.13212,35.97831]]]}},{"type":"Feature","properties":{"pid":"0f54959c-300d-443d-8c80-baf4f89063eb","full":6.5},"geometry":{"type":"Polygon","coordinates":[[[136.13263,35.97853],[136.13316,35.97854],[136.13317,35.97825],[136.13302,35.97821],[136.13295,35.97822],[136.1329,35.97829],[136.13279,35.97825],[136.13263,35.97853]]]}},{"type":"Feature","properties":{"pid":"e37018c8-2fc1-4690-ab96-98078a694d00","full":6.3},"geometry":{"type":"Polygon","coordinates":[[[136.13308,35.97781],[136.13306,35.97801],[136.13333,35.97811],[136.13334,35.97757],[136.13319,35.97758],[136.13309,35.9776],[136.13305,35.97763],[136.13301,35.9778],[136.13308,35.97781]]]}},{"type":"Feature","properties":{"pid":"b48b3aae-5aa5-4f73-8b09-88231fe0cb46","full":5.2},"geometry":{"type":"Polygon","coordinates":[[[136.13336,35.97813],[136.13369,35.97828],[136.13371,35.9779],[136.13335,35.97789],[136.13334,35.97811],[136.13335,35.97812],[136.13336,35.97813]]]}},{"type":"Feature","properties":{"pid":"19db4b90-68e2-4ec1-93fc-398f5a060703","full":5.2},"geometry":{"type":"Polygon","coordinates":[[[136.1337,35.97828],[136.13395,35.97839],[136.13396,35.97838],[136.13399,35.97838],[136.13401,35.97797],[136.13386,35.97797],[136.13386,35.97794],[136.13371,35.97794],[136.1337,35.97828]]]}},{"type":"Feature","properties":{"pid":"07d484ff-9d18-4ff2-bc8c-d2d96daf7a0f","full":8.0},"geometry":{"type":"Polygon","coordinates":[[[136.1323,35.97804],[136.13274,35.97801],[136.13276,35.97782],[136.13231,35.97759],[136.13228,35.97802],[136.1323,35.97801],[136.1323,35.97804]]]}},{"type":"Feature","properties":{"pid":"d86a230e-4cf3-43e7-a8a0-77d70451419a","full":10.6},"geometry":{"type":"Polygon","coordinates":[[[136.12766,35.97855],[136.12789,35.97811],[136.12782,35.97794],[136.12768,35.97782],[136.12737,35.97841],[136.12766,35.97855]]]}},{"type":"Feature","properties":{"pid":"0e11de75-e7df-4f5e-a095-bfeeb47269bd","full":10.2},"geometry":{"type":"Polygon","coordinates":[[[136.1268,35.97741],[136.12663,35.9774],[136.12648,35.9774],[136.12621,35.97792],[136.12651,35.97801],[136.1268,35.97741]]]}},{"type":"Feature","properties":{"pid":"7f2fa6f0-c94f-49f2-8e36-f6d7547470b6","full":12.2},"geometry":{"type":"Polygon","coordinates":[[[136.12682,35.9781],[136.12713,35.97749],[136.12683,35.9774],[136.12652,35.97801],[136.12682,35.9781]]]}},{"type":"Feature","properties":{"pid":"d6a2faa7-fa0b-4945-b2c8-d6a7227e16aa","full":11.8},"geometry":{"type":"Polygon","coordinates":[[[136.12684,35.97811],[136.12697,35.97817],[136.1271,35.97825],[136.12743,35.97762],[136.12715,35.97749],[136.12684,35.97811]]]}},{"type":"Feature","properties":{"pid":"245a818d-22ba-47a7-88f2-d9e427db4d8c","full":11.2},"geometry":{"type":"Polygon","coordinates":[[[136.12711,35.97825],[136.12736,35.97841],[136.12767,35.97782],[136.12757,35.97773],[136.12744,35.97763],[136.12711,35.97825]]]}},{"type":"Feature","properties":{"pid":"ea2328e1-201c-4e28-b697-a4833bed5019","full":0.5},"geometry":{"type":"Polygon","coordinates":[[[136.12731,35.97849],[136.12725,35.97845],[136.12719,35.97859],[136.12675,35.97851],[136.12664,35.97847],[136.12661,35.9786],[136.12696,35.97863],[136.12712,35.97871],[136.12721,35.97871],[136.12731,35.97849]]]}},{"type":"Feature","properties":{"pid":"a4be4d03-4d3d-4643-9508-7eab77a4e173","full":5.8},"geometry":{"type":"Polygon","coordinates":[[[136.1266,35.97859],[136.12662,35.97846],[136.12653,35.97843],[136.12653,35.9784],[136.12662,35.97815],[136.12657,35.97814],[136.12656,35.97818],[136.12651,35.97818],[136.12646,35.97815],[136.12649,35.97808],[136.12635,35.97804],[136.12624,35.97855],[136.1266,35.97859]]]}},{"type":"Feature","properties":{"pid":"b8b44af8-69bb-4c88-8fdb-dcf54e8384b1","full":16.2},"geometry":{"type":"Polygon","coordinates":[[[136.12644,35.97953],[136.12658,35.97864],[136.12626,35.97861],[136.12614,35.97948],[136.12615,35.97949],[136.12615,35.9795],[136.12644,35.97953]]]}},{"type":"Feature","properties":{"pid":"5963f3ab-0309-4488-b00f-afbbfbe80130","full":8.7},"geometry":{"type":"Polygon","coordinates":[[[136.12768,35.97855],[136.12815,35.97878],[136.12817,35.97882],[136.12828,35.97887],[136.12833,35.97883],[136.1279,35.97813],[136.12768,35.97855]]]}},{"type":"Feature","properties":{"pid":"2d4de930-7206-40ff-b15f-641f919931c7","full":11.4},"geometry":{"type":"Polygon","coordinates":[[[136.12824,35.97971],[136.12893,35.97979],[136.12893,35.97978],[136.12874,35.97961],[136.12864,35.97949],[136.12858,35.97937],[136.12849,35.97918],[136.12846,35.97906],[136.12843,35.97901],[136.12839,35.97898],[136.12824,35.97971]]]}},{"type":"Feature","properties":{"pid":"0aa791d3-c4ea-4fb9-9086-7fba5273ee80","full":9.9},"geometry":{"type":"Polygon","coordinates":[[[136.12749,35.97964],[136.12778,35.97967],[136.12785,35.9792],[136.12757,35.97893],[136.12748,35.97962],[136.12749,35.97962],[136.12749,35.97964]]]}},{"type":"Feature","properties":{"pid":"96cc9f15-6ec8-405e-b7e3-54110fa58c89","full":10.8},"geometry":{"type":"Polygon","coordinates":[[[136.12781,35.97968],[136.12815,35.9797],[136.12826,35.97919],[136.12808,35.97918],[136.12787,35.9792],[136.12779,35.97965],[136.12781,35.97966],[136.12781,35.97968]]]}},{"type":"Feature","properties":{"pid":"59579cba-da3d-41a8-97db-e83e4b500809","full":17.0},"geometry":{"type":"Polygon","coordinates":[[[136.12779,35.9798],[136.12777,35.97979],[136.12777,35.97978],[136.12747,35.97974],[136.12733,35.98061],[136.12766,35.98064],[136.12779,35.9798]]]}},{"type":"Feature","properties":{"pid":"2e0511fc-583b-47ec-8438-ef944a0868dc","full":16.7},"geometry":{"type":"Polygon","coordinates":[[[136.12768,35.98065],[136.128,35.98068],[136.12812,35.97985],[136.12809,35.97984],[136.12808,35.97981],[136.1278,35.97978],[136.12768,35.98065]]]}},{"type":"Feature","properties":{"pid":"714d2df9-8097-4a50-89ed-650b426b354c","full":5.6},"geometry":{"type":"Polygon","coordinates":[[[136.12745,35.97975],[136.12744,35.97975],[136.12744,35.97974],[136.12727,35.97973],[136.12714,35.9806],[136.12732,35.98061],[136.12745,35.97975]]]}},{"type":"Feature","properties":{"pid":"fdb9c888-e3d6-4590-9cd8-c367d9f3c446","full":2.0},"geometry":{"type":"Polygon","coordinates":[[[136.12699,35.98058],[136.12713,35.9806],[136.12727,35.97973],[136.12725,35.97972],[136.12715,35.97971],[136.12714,35.97972],[136.12713,35.97972],[136.12699,35.98058]]]}},{"type":"Feature","properties":{"pid":"afcd4ae7-8e33-4c41-8766-302a5a68aee4","full":16.7},"geometry":{"type":"Polygon","coordinates":[[[136.12712,35.97972],[136.1271,35.97972],[136.12711,35.97971],[136.12679,35.97967],[136.12667,35.98055],[136.12698,35.98058],[136.12712,35.97972]]]}},{"type":"Feature","properties":{"pid":"001e0c5a-1fc2-470a-a29e-2121099f07bf","full":18.1},"geometry":{"type":"Polygon","coordinates":[[[136.12665,35.98054],[136.12679,35.97967],[136.12645,35.97964],[136.12631,35.98051],[136.12665,35.98054]]]}},{"type":"Feature","properties":{"pid":"a117a496-8bb1-4430-b3f7-575a749d13aa","full":15.8},"geometry":{"type":"Polygon","coordinates":[[[136.12724,35.97881],[136.12713,35.9796],[136.12745,35.97964],[136.12745,35.97962],[136.12747,35.97962],[136.12756,35.97893],[136.12744,35.97882],[136.1273,35.97882],[136.12724,35.97881]]]}},{"type":"Feature","properties":{"pid":"6fd81bbd-8717-4f05-bbb0-6c022dfbb4c1","full":15.9},"geometry":{"type":"Polygon","coordinates":[[[136.1268,35.97957],[136.12711,35.9796],[136.12711,35.97959],[136.12712,35.97959],[136.12723,35.9788],[136.12693,35.97868],[136.1268,35.97957]]]}},{"type":"Feature","properties":{"pid":"b00aa7c9-1873-4e0e-9a1e-84827ac4fa28","full":17.6},"geometry":{"type":"Polygon","coordinates":[[[136.12646,35.97953],[136.12677,35.97956],[136.12677,35.97955],[136.12679,35.97955],[136.12692,35.97868],[136.12659,35.97864],[136.12646,35.97953]]]}},{"type":"Feature","properties":{"pid":"f36279b9-b1ce-4357-a879-0641bd668579","full":9.4},"geometry":{"type":"Polygon","coordinates":[[[136.12543,35.9789],[136.12512,35.97884],[136.12504,35.97938],[136.12532,35.97942],[136.12533,35.97937],[136.12537,35.97937],[136.12543,35.9789]]]}},{"type":"Feature","properties":{"pid":"e9e48eed-43a2-4bc4-b0b0-8ef98d8d8c1b","full":16.9},"geometry":{"type":"Polygon","coordinates":[[[136.12519,35.98039],[136.12533,35.97956],[136.1253,35.97956],[136.12531,35.97952],[136.125,35.97948],[136.12487,35.98035],[136.12519,35.98039]]]}},{"type":"Feature","properties":{"pid":"ce17da3e-f19d-4c77-8eb8-6ce3b66f0536","full":11.3},"geometry":{"type":"Polygon","coordinates":[[[136.12598,35.98047],[136.12624,35.9805],[136.12636,35.97965],[136.12634,35.97964],[136.12634,35.97963],[136.12612,35.9796],[136.12598,35.98047]]]}},{"type":"Feature","properties":{"pid":"3dc0cb27-2df9-48ef-9eaf-77f212c60cf7","full":16.4},"geometry":{"type":"Polygon","coordinates":[[[136.1261,35.9796],[136.12579,35.97957],[136.12565,35.98044],[136.12597,35.98048],[136.1261,35.9796]]]}},{"type":"Feature","properties":{"pid":"12469b2e-bafd-4ca3-89f1-b655ad0415af","full":18.2},"geometry":{"type":"Polygon","coordinates":[[[136.1252,35.98039],[136.12554,35.98042],[136.12568,35.97956],[136.12534,35.97952],[136.1252,35.98039]]]}},{"type":"Feature","properties":{"pid":"4620c532-43dd-454d-9eaf-f3fdfe42ae42","full":10.8},"geometry":{"type":"Polygon","coordinates":[[[136.12537,35.97942],[136.1257,35.97945],[136.12583,35.97863],[136.12573,35.97858],[136.12561,35.97893],[136.12545,35.9789],[136.12537,35.97942]]]}},{"type":"Feature","properties":{"pid":"7156bb3d-dc30-4d79-9e41-cd576c52ed41","full":17.4},"geometry":{"type":"Polygon","coordinates":[[[136.12612,35.9795],[136.12625,35.97861],[136.12594,35.97858],[136.12579,35.97947],[136.12612,35.9795]]]}},{"type":"Feature","properties":{"pid":"b12cd442-8aa9-42c5-858b-31c817fc67fd","full":0.8},"geometry":{"type":"Polygon","coordinates":[[[136.12507,35.97818],[136.12527,35.97824],[136.12533,35.97806],[136.12513,35.97802],[136.12507,35.97818]]]}},{"type":"Feature","properties":{"pid":"504170e2-d98d-4085-aacc-f6ee5cd75541","full":3.3},"geometry":{"type":"Polygon","coordinates":[[[136.12494,35.97782],[136.12487,35.97807],[136.12506,35.97811],[136.1251,35.97801],[136.12533,35.97804],[136.12538,35.97789],[136.12494,35.97782]]]}},{"type":"Feature","properties":{"pid":"bdc409e5-6b45-4af8-9668-fefa80b37ca5","full":21.7},"geometry":{"type":"Polygon","coordinates":[[[136.12587,35.9785],[136.12599,35.97808],[136.12613,35.97811],[136.12615,35.97801],[136.12613,35.97798],[136.12553,35.97783],[136.12545,35.97782],[136.12542,35.97794],[136.12531,35.97826],[136.12544,35.9783],[136.12575,35.97848],[136.12587,35.9785]]]}},{"type":"Feature","properties":{"pid":"424ca4bf-d879-4d53-a636-bec724f8deca","full":7.2},"geometry":{"type":"Polygon","coordinates":[[[136.12589,35.97783],[136.1261,35.97742],[136.12571,35.97744],[136.12555,35.97776],[136.12589,35.97783]]]}},{"type":"Feature","properties":{"pid":"abda0bda-81c2-48a4-a2c4-ff934850d5d9","full":8.0},"geometry":{"type":"Polygon","coordinates":[[[136.1259,35.97783],[136.12619,35.97792],[136.12646,35.9774],[136.12611,35.97743],[136.1259,35.97783]]]}},{"type":"Feature","properties":{"pid":"1fadc9f8-f741-4bdd-96c3-0269119d7f52","full":4.5},"geometry":{"type":"Polygon","coordinates":[[[136.12553,35.97776],[136.12569,35.97744],[136.1253,35.97747],[136.12519,35.9777],[136.12553,35.97776]]]}},{"type":"Feature","properties":{"pid":"a75c4afb-3dbc-465f-9060-3c486e6e4a3e","full":1.6},"geometry":{"type":"Polygon","coordinates":[[[136.12493,35.97766],[136.12515,35.97768],[136.12526,35.97745],[136.12495,35.97748],[136.12493,35.97766]]]}},{"type":"Feature","properties":{"pid":"eb33b72c-e659-4779-9267-a5b65c7aedad","full":10.5},"geometry":{"type":"Polygon","coordinates":[[[136.12528,35.98295],[136.12592,35.98299],[136.12592,35.98287],[136.12535,35.98252],[136.12531,35.98253],[136.12525,35.98291],[136.12528,35.98295]]]}},{"type":"Feature","properties":{"pid":"7bb7e0a6-c854-4d68-88dd-84554af2349d","full":17.9},"geometry":{"type":"Polygon","coordinates":[[[136.12596,35.98052],[136.12563,35.98049],[136.12549,35.98135],[136.12552,35.98138],[136.12582,35.98141],[136.12596,35.98052]]]}},{"type":"Feature","properties":{"pid":"d7c73e66-6ae2-4c57-ac25-1bca48445114","full":17.8},"geometry":{"type":"Polygon","coordinates":[[[136.1263,35.98055],[136.12597,35.98053],[136.12583,35.98139],[136.12586,35.98139],[136.12586,35.98142],[136.12616,35.98145],[136.1263,35.98055]]]}},{"type":"Feature","properties":{"pid":"fb2cd54a-341d-483b-be16-6835a313edd6","full":17.9},"geometry":{"type":"Polygon","coordinates":[[[136.12634,35.98245],[136.12648,35.98157],[136.12615,35.98153],[136.12601,35.98241],[136.12634,35.98245]]]}},{"type":"Feature","properties":{"pid":"e8e0346b-1242-4a89-9c3d-7896ed01e3c7","full":17.5},"geometry":{"type":"Polygon","coordinates":[[[136.12614,35.98153],[136.12581,35.9815],[136.12568,35.98237],[136.126,35.98241],[136.12614,35.98153]]]}},{"type":"Feature","properties":{"pid":"4ceee75b-f7d7-48d8-9261-263be461b919","full":17.7},"geometry":{"type":"Polygon","coordinates":[[[136.12581,35.98149],[136.12551,35.98146],[136.12547,35.98149],[136.12534,35.98233],[136.1254,35.98235],[136.12567,35.98237],[136.12581,35.98149]]]}},{"type":"Feature","properties":{"pid":"ffeeaa0f-1fdc-4ee1-a947-a4b394de2112","full":0.7},"geometry":{"type":"Polygon","coordinates":[[[136.12567,35.98262],[136.12582,35.98271],[136.12586,35.98246],[136.1257,35.98244],[136.12567,35.98262]]]}},{"type":"Feature","properties":{"pid":"110bf287-714e-4102-8622-05126004b351","full":8.9},"geometry":{"type":"Polygon","coordinates":[[[136.12701,35.98252],[136.12724,35.98254],[136.12737,35.98167],[136.12734,35.98167],[136.12734,35.98166],[136.12716,35.98164],[136.12701,35.98252]]]}},{"type":"Feature","properties":{"pid":"9314d854-1889-4059-8186-2f1af15de03e","full":17.4},"geometry":{"type":"Polygon","coordinates":[[[136.12713,35.98165],[136.12713,35.98163],[136.12683,35.9816],[136.12668,35.98248],[136.12701,35.98251],[136.12715,35.98166],[136.12713,35.98165]]]}},{"type":"Feature","properties":{"pid":"9419e581-d981-440e-a8e9-b267d6cf0369","full":16.6},"geometry":{"type":"Polygon","coordinates":[[[136.12636,35.98244],[136.12667,35.98248],[136.12683,35.98159],[136.12659,35.98158],[136.12658,35.98165],[136.12648,35.98165],[136.12636,35.98244]]]}},{"type":"Feature","properties":{"pid":"9a627826-a309-467e-890f-e6fae474ccac","full":17.7},"geometry":{"type":"Polygon","coordinates":[[[136.12646,35.98147],[136.12646,35.98146],[136.1265,35.98146],[136.12663,35.98058],[136.12631,35.98056],[136.12617,35.98145],[136.12646,35.98147]]]}},{"type":"Feature","properties":{"pid":"b6208b51-6bf7-41e2-b5df-ffe38ed4aa00","full":17.5},"geometry":{"type":"Polygon","coordinates":[[[136.12651,35.98148],[136.12683,35.98152],[136.12697,35.98062],[136.12664,35.98058],[136.12651,35.98148]]]}},{"type":"Feature","properties":{"pid":"65db5579-937c-459f-a465-88676795ab93","full":17.0},"geometry":{"type":"Polygon","coordinates":[[[136.12731,35.98065],[136.12699,35.98062],[136.12685,35.98152],[136.12716,35.98155],[136.12731,35.98065]]]}},{"type":"Feature","properties":{"pid":"95e5ec15-a308-408f-946c-ea0b3c9ca402","full":17.8},"geometry":{"type":"Polygon","coordinates":[[[136.12718,35.98155],[136.12751,35.98158],[136.12765,35.98069],[136.12732,35.98066],[136.12718,35.98155]]]}},{"type":"Feature","properties":{"pid":"1bf2feb5-5016-423e-906d-fb99d2a60c6d","full":15.5},"geometry":{"type":"Polygon","coordinates":[[[136.12752,35.98159],[136.12781,35.98161],[136.12786,35.9816],[136.12795,35.981],[136.12785,35.98094],[136.12783,35.9809],[136.12784,35.98086],[136.12794,35.98076],[136.12795,35.98072],[136.12766,35.98069],[136.12752,35.98159]]]}},{"type":"Feature","properties":{"pid":"e1fdf590-f419-4168-884d-4293919e57d2","full":1.4},"geometry":{"type":"Polygon","coordinates":[[[136.12838,35.98167],[136.12854,35.98168],[136.12859,35.98141],[136.12844,35.98128],[136.12838,35.98167]]]}},{"type":"Feature","properties":{"pid":"42c75bd5-5a2c-4968-95d0-30a2e58aacfa","full":18.2},"geometry":{"type":"Polygon","coordinates":[[[136.12735,35.98255],[136.12769,35.98258],[136.12782,35.98172],[136.1278,35.98172],[136.1278,35.9817],[136.12749,35.98166],[136.12735,35.98255]]]}},{"type":"Feature","properties":{"pid":"1e23fb4f-113b-4015-8d1d-3911d204e935","full":16.9},"geometry":{"type":"Polygon","coordinates":[[[136.12769,35.98258],[136.12801,35.98261],[136.12814,35.98176],[136.12812,35.98175],[136.12813,35.98173],[136.12783,35.9817],[136.12769,35.98258]]]}},{"type":"Feature","properties":{"pid":"ffac9133-1682-49eb-a819-c59f6b001fd8","full":4.7},"geometry":{"type":"Polygon","coordinates":[[[136.12802,35.98262],[136.12819,35.98263],[136.12832,35.98178],[136.1283,35.98177],[136.12831,35.98175],[136.12815,35.98174],[136.12802,35.98262]]]}},{"type":"Feature","properties":{"pid":"d4e8c987-dde0-4177-889d-255e7bc4dd43","full":4.1},"geometry":{"type":"Polygon","coordinates":[[[136.12836,35.98265],[136.12849,35.98179],[136.12846,35.98179],[136.12846,35.98176],[136.12834,35.98175],[136.1282,35.98263],[136.12836,35.98265]]]}},{"type":"Feature","properties":{"pid":"6b4521e5-ad08-4aad-b937-280d160b0eeb","full":13.2},"geometry":{"type":"Polygon","coordinates":[[[136.12883,35.98181],[136.12878,35.98181],[136.12875,35.982],[136.12847,35.98196],[136.12837,35.98265],[136.1287,35.98269],[136.12883,35.98181]]]}},{"type":"Feature","properties":{"pid":"c3017326-555d-42dc-8c13-4d68b3fca559","full":13.1},"geometry":{"type":"Polygon","coordinates":[[[136.12803,35.98366],[136.12804,35.98362],[136.12807,35.98362],[136.12813,35.98327],[136.12826,35.98327],[136.12834,35.9827],[136.12815,35.98268],[136.12806,35.98268],[136.12804,35.98269],[136.12788,35.98358],[136.1279,35.98365],[136.12803,35.98366]]]}},{"type":"Feature","properties":{"pid":"15beedff-7c50-4d79-94e3-cd0c90800467","full":19.3},"geometry":{"type":"Polygon","coordinates":[[[136.12768,35.98264],[136.12753,35.98357],[136.12755,35.98359],[136.12756,35.98363],[136.12782,35.98364],[136.12783,35.9836],[136.12786,35.98359],[136.12801,35.98267],[136.12768,35.98264]]]}},{"type":"Feature","properties":{"pid":"0531a8b0-cded-4afc-a42d-8d0692b48ba3","full":34.0},"geometry":{"type":"Polygon","coordinates":[[[136.12666,35.98255],[136.12638,35.9825],[136.12632,35.98286],[136.12632,35.98293],[136.12635,35.98307],[136.12655,35.98329],[136.12676,35.98351],[136.12682,35.98353],[136.12683,35.98348],[136.12686,35.98347],[136.127,35.98258],[136.12666,35.98255]]]}},{"type":"Feature","properties":{"pid":"0e41f19c-4aa8-45f1-9f12-b29b574ff3ec","full":19.8},"geometry":{"type":"Polygon","coordinates":[[[136.12686,35.98356],[136.12715,35.98359],[136.12716,35.98356],[136.12719,35.98356],[136.12735,35.9826],[136.12701,35.98258],[136.12686,35.98356]]]}},{"type":"Feature","properties":{"pid":"99364e09-fafe-4cd6-b04c-a3c643e9adcd","full":19.1},"geometry":{"type":"Polygon","coordinates":[[[136.12736,35.98261],[136.12719,35.9836],[136.12749,35.98363],[136.12749,35.98359],[136.12753,35.98357],[136.12768,35.98263],[136.12736,35.98261]]]}},{"type":"Feature","properties":{"pid":"5a4a639d-fdcb-40fb-9538-0964dd2a3fad","full":7.6},"geometry":{"type":"Polygon","coordinates":[[[136.12881,35.98442],[136.1285,35.98422],[136.12829,35.98442],[136.12809,35.98428],[136.12805,35.98436],[136.12852,35.98469],[136.12881,35.98442]]]}},{"type":"Feature","properties":{"pid":"d7526233-8a39-4915-93d7-4b58cda209ff","full":2.0},"geometry":{"type":"Polygon","coordinates":[[[136.12778,35.98485],[136.12803,35.98487],[136.12815,35.98475],[136.12797,35.98463],[136.12794,35.98465],[136.1279,35.98463],[136.12786,35.98467],[136.1278,35.98478],[136.12778,35.98485]]]}},{"type":"Feature","properties":{"pid":"0a9f024e-5382-40bb-859b-6d751438b13f","full":3.8},"geometry":{"type":"Polygon","coordinates":[[[136.12877,35.98508],[136.12845,35.98485],[136.12828,35.98502],[136.1286,35.98524],[136.12877,35.98508]]]}},{"type":"Feature","properties":{"pid":"21aba90a-4a07-44cf-af9f-5a364f336b19","full":9.4},"geometry":{"type":"Polygon","coordinates":[[[136.12807,35.98586],[136.12821,35.98585],[136.12844,35.98585],[136.12878,35.98588],[136.12883,35.98583],[136.12881,35.98582],[136.12883,35.9858],[136.12833,35.98545],[136.12824,35.98537],[136.12821,35.98539],[136.12825,35.98549],[136.12821,35.98551],[136.12825,35.98558],[136.12826,35.98564],[136.12825,35.98565],[136.12819,35.98566],[136.12808,35.98567],[136.12807,35.98569],[136.12807,35.98586]]]}},{"type":"Feature","properties":{"pid":"c56abb5d-f3bb-4bbf-916e-442e5404f147","full":2.4},"geometry":{"type":"Polygon","coordinates":[[[136.12874,35.9859],[136.12848,35.98588],[136.12803,35.98589],[136.12804,35.98599],[136.12857,35.98605],[136.12874,35.9859]]]}},{"type":"Feature","properties":{"pid":"f808dcb4-2db4-447c-a296-ab13fdd89c71","full":5.5},"geometry":{"type":"Polygon","coordinates":[[[136.12837,35.98627],[136.12821,35.98625],[136.12826,35.98611],[136.12849,35.98613],[136.12854,35.98609],[136.12807,35.98602],[136.12807,35.98608],[136.12764,35.98603],[136.12762,35.98616],[136.12768,35.98618],[136.12768,35.98622],[136.12782,35.98624],[136.12831,35.98634],[136.12837,35.98627]]]}},{"type":"Feature","properties":{"pid":"13e1c487-7c12-45d6-b5c7-7ef38960b275","full":1.1},"geometry":{"type":"Polygon","coordinates":[[[136.12796,35.98769],[136.12799,35.98754],[136.12791,35.98755],[136.12789,35.98754],[136.12772,35.98754],[136.12768,35.98759],[136.12751,35.98759],[136.1275,35.98768],[136.12796,35.98769]]]}},{"type":"Feature","properties":{"pid":"fcdc4e3a-e530-4841-be2b-f8fedf69e8e9","full":0.5},"geometry":{"type":"Polygon","coordinates":[[[136.12541,35.97553],[136.12505,35.97546],[136.12503,35.97556],[136.12515,35.97559],[136.12517,35.9756],[136.12536,35.97564],[136.12541,35.97553]]]}},{"type":"Feature","properties":{"pid":"1fea35c4-98c5-4286-9e74-df8e3937b449","full":3.4},"geometry":{"type":"Polygon","coordinates":[[[136.12566,35.97575],[136.1257,35.97561],[136.12573,35.97547],[136.12553,35.97538],[136.1255,35.97541],[136.12537,35.97568],[136.12566,35.97575]]]}},{"type":"Feature","properties":{"pid":"9cc34bf9-8736-478b-8309-cf989b6a260d","full":5.2},"geometry":{"type":"Polygon","coordinates":[[[136.12633,35.97503],[136.12654,35.97513],[136.12666,35.97508],[136.12666,35.97506],[136.12667,35.97506],[136.12668,35.9748],[136.12633,35.97478],[136.12631,35.975],[136.12634,35.97501],[136.12633,35.97503]]]}},{"type":"Feature","properties":{"pid":"03e3ee35-ba02-4094-9154-4b75eb5e8a62","full":3.5},"geometry":{"type":"Polygon","coordinates":[[[136.12668,35.97479],[136.12668,35.97458],[136.12666,35.97455],[136.12635,35.97453],[136.12633,35.97478],[136.12668,35.97479]]]}},{"type":"Feature","properties":{"pid":"3f8b9ec5-40ea-49a0-a4f3-09887b451798","full":1.7},"geometry":{"type":"Polygon","coordinates":[[[136.12696,35.97483],[136.12696,35.97457],[136.12694,35.97457],[136.12694,35.97455],[136.12679,35.97456],[136.12677,35.97456],[136.12676,35.97488],[136.12696,35.97483]]]}},{"type":"Feature","properties":{"pid":"f04aa052-4b18-4f41-a66c-89e62e765b79","full":2.1},"geometry":{"type":"Polygon","coordinates":[[[136.12675,35.97512],[136.12677,35.97513],[136.127,35.97512],[136.12699,35.97484],[136.12676,35.9749],[136.12675,35.97508],[136.12674,35.97508],[136.12675,35.97512]]]}},{"type":"Feature","properties":{"pid":"faeaa31f-4be9-4371-8618-246c94a116d2","full":2.3},"geometry":{"type":"Polygon","coordinates":[[[136.12697,35.97482],[136.12705,35.97477],[136.12717,35.97473],[136.1273,35.97473],[136.12731,35.97455],[136.12699,35.97455],[136.12699,35.97457],[136.12697,35.97457],[136.12697,35.97482]]]}},{"type":"Feature","properties":{"pid":"d0a7d2ad-1ef7-44ae-9351-402b92ae0c03","full":3.9},"geometry":{"type":"Polygon","coordinates":[[[136.12742,35.97509],[136.12766,35.97506],[136.12765,35.97475],[136.12758,35.97474],[136.12737,35.97475],[136.12739,35.97507],[136.12741,35.97507],[136.12742,35.97509]]]}},{"type":"Feature","properties":{"pid":"f86d49df-3ab5-42aa-92bf-271a4c5d1512","full":0.8},"geometry":{"type":"Polygon","coordinates":[[[136.12736,35.97475],[136.1272,35.97475],[136.12721,35.975],[136.12737,35.97499],[136.12736,35.97475]]]}},{"type":"Feature","properties":{"pid":"662e7298-4b40-4973-8ce1-473a5f911610","full":2.0},"geometry":{"type":"Polygon","coordinates":[[[136.12742,35.97435],[136.12783,35.97435],[136.12783,35.97425],[136.12761,35.97425],[136.12761,35.97409],[136.12742,35.9741],[136.1274,35.97412],[136.1274,35.97434],[136.12741,35.97434],[136.12742,35.97435]]]}},{"type":"Feature","properties":{"pid":"24974ead-e6ad-4a73-aec3-af5bc7d0469a","full":1.1},"geometry":{"type":"Polygon","coordinates":[[[136.12706,35.97439],[136.12731,35.97439],[136.12731,35.97437],[136.12733,35.97437],[136.12733,35.97423],[136.12706,35.97423],[136.12706,35.97439]]]}},{"type":"Feature","properties":{"pid":"5900b42e-7630-4c6b-985c-1a08f86082e4","full":3.9},"geometry":{"type":"Polygon","coordinates":[[[136.12705,35.97449],[136.12705,35.97412],[136.1268,35.97414],[136.1268,35.97448],[136.12681,35.9745],[136.12705,35.97449]]]}},{"type":"Feature","properties":{"pid":"2e65df37-c2e7-4c3b-b7ac-6630d11b8adf","full":1.2},"geometry":{"type":"Polygon","coordinates":[[[136.12639,35.97447],[136.12666,35.97449],[136.12668,35.97448],[136.12668,35.97433],[136.12641,35.97431],[136.12639,35.97447]]]}},{"type":"Feature","properties":{"pid":"5830ee8f-3b71-4d7f-b7da-9fd3396d8bd1","full":1.5},"geometry":{"type":"Polygon","coordinates":[[[136.12669,35.97432],[136.12669,35.97416],[136.12667,35.97414],[136.12642,35.97413],[136.12641,35.97431],[136.12669,35.97432]]]}},{"type":"Feature","properties":{"pid":"bdccee99-7902-456c-bbea-ba57832533d2","full":2.3},"geometry":{"type":"Polygon","coordinates":[[[136.12618,35.97446],[136.12638,35.97448],[136.12641,35.97413],[136.12621,35.97411],[136.12618,35.97446]]]}},{"type":"Feature","properties":{"pid":"b133c572-2095-4380-a35c-8d959d9f5199","full":7.0},"geometry":{"type":"Polygon","coordinates":[[[136.12504,35.9743],[136.12547,35.97439],[136.12556,35.97409],[136.12554,35.97407],[136.12514,35.97404],[136.12512,35.97406],[136.12504,35.9743]]]}},{"type":"Feature","properties":{"pid":"71a717f0-6600-415a-984c-60c9ef2cf9c6","full":1.1},"geometry":{"type":"Polygon","coordinates":[[[136.12543,35.97452],[136.12546,35.9744],[136.12504,35.97431],[136.125,35.97443],[136.12543,35.97452]]]}},{"type":"Feature","properties":{"pid":"03588c8c-253f-411c-ac6b-0ce25c9db03b","full":0.6},"geometry":{"type":"Polygon","coordinates":[[[136.12598,35.97445],[136.12601,35.9741],[136.12588,35.97409],[136.12584,35.97444],[136.12598,35.97445]]]}},{"type":"Feature","properties":{"pid":"862bcefd-d7ff-4f6d-beb2-4316281e1334","full":1.9},"geometry":{"type":"Polygon","coordinates":[[[136.12599,35.97445],[136.12617,35.97446],[136.12621,35.97411],[136.12602,35.9741],[136.12599,35.97445]]]}},{"type":"Feature","properties":{"pid":"06c0675d-979d-43ec-bb99-5f10a7e4c4af","full":10.3},"geometry":{"type":"Polygon","coordinates":[[[136.1263,35.97501],[136.12633,35.97454],[136.12588,35.97451],[136.12586,35.97485],[136.12598,35.97488],[136.12609,35.97492],[136.1263,35.97501]]]}},{"type":"Feature","properties":{"pid":"3b0f098a-bacc-4b7f-92e3-f3d4b5b9a91b","full":1.7},"geometry":{"type":"Polygon","coordinates":[[[136.1257,35.9745],[136.12567,35.97482],[136.12585,35.97485],[136.12588,35.97451],[136.1257,35.9745]]]}},{"type":"Feature","properties":{"pid":"806d7874-faee-4d3b-94a8-d7cd07d232dd","full":4.3},"geometry":{"type":"Polygon","coordinates":[[[136.12537,35.97515],[136.12545,35.97524],[136.12549,35.9753],[136.12551,35.97535],[136.12598,35.97494],[136.12586,35.97491],[136.12576,35.97489],[136.12556,35.97505],[136.12552,35.97502],[136.12537,35.97515]]]}},{"type":"Feature","properties":{"pid":"4c9e8bea-33a5-46b1-8d7f-db544966145d","full":2.3},"geometry":{"type":"Polygon","coordinates":[[[136.12512,35.97546],[136.12541,35.97552],[136.12546,35.97542],[136.12548,35.97536],[136.12546,35.97531],[136.12541,35.97523],[136.12527,35.97523],[136.12526,35.97535],[136.12515,35.97534],[136.12512,35.97546]]]}},{"type":"Feature","properties":{"pid":"04c5d6bb-1c90-4f2b-a3d7-4743f910a4b8","full":1.3},"geometry":{"type":"Polygon","coordinates":[[[136.12505,35.975],[136.12521,35.97504],[136.12538,35.97485],[136.12513,35.97482],[136.12512,35.97484],[136.1251,35.97484],[136.12508,35.97484],[136.12505,35.975]]]}},{"type":"Feature","properties":{"pid":"38dd4755-07eb-4d0d-8928-a66fc5b4bf26","full":1.8},"geometry":{"type":"Polygon","coordinates":[[[136.12575,35.97489],[136.12543,35.97485],[136.12526,35.97505],[136.12536,35.97515],[136.12552,35.97501],[136.12556,35.97504],[136.12575,35.97489]]]}},{"type":"Feature","properties":{"pid":"3bcd2f9a-b701-4026-8795-94ed3ae89964","full":4.4},"geometry":{"type":"Polygon","coordinates":[[[136.13384,35.97363],[136.13384,35.97375],[136.13367,35.97375],[136.13367,35.97399],[136.13401,35.974],[136.13402,35.97363],[136.13384,35.97363]]]}},{"type":"Feature","properties":{"pid":"6bafd959-64eb-4c38-9322-afb04076cb39","full":3.1},"geometry":{"type":"Polygon","coordinates":[[[136.13387,35.97406],[136.13367,35.97406],[136.13366,35.97407],[136.13363,35.97407],[136.13362,35.97406],[136.13343,35.97406],[136.13341,35.97407],[136.1334,35.97424],[136.13386,35.97425],[136.13387,35.97406]]]}},{"type":"Feature","properties":{"pid":"06da4dfc-2cd7-433e-b715-c5472e687e07","full":3.3},"geometry":{"type":"Polygon","coordinates":[[[136.13352,35.97497],[136.13369,35.97497],[136.1337,35.97496],[136.13372,35.97495],[136.13373,35.97453],[136.13352,35.97452],[136.13352,35.97497]]]}},{"type":"Feature","properties":{"pid":"b267d580-8a95-42bc-857e-1bd4a0a3e150","full":3.9},"geometry":{"type":"Polygon","coordinates":[[[136.13345,35.97531],[136.13345,35.97552],[136.13351,35.97555],[136.13381,35.97556],[136.13383,35.97533],[136.13381,35.97532],[136.13345,35.97531]]]}},{"type":"Feature","properties":{"pid":"10c26a02-03b8-41c3-91ce-dd2329a18f54","full":2.8},"geometry":{"type":"Polygon","coordinates":[[[136.12883,35.97473],[136.12914,35.97471],[136.12915,35.97452],[136.12911,35.97449],[136.12884,35.97449],[136.12883,35.97473]]]}},{"type":"Feature","properties":{"pid":"952621c4-80ca-4c86-9cc2-ad246894705d","full":1.0},"geometry":{"type":"Polygon","coordinates":[[[136.13445,35.97719],[136.1347,35.97719],[136.13473,35.97717],[136.13473,35.97704],[136.13446,35.97704],[136.13445,35.97719]]]}},{"type":"Feature","properties":{"pid":"a06606ab-a62a-4288-9638-6a37ee48c921","full":13.1},"geometry":{"type":"Polygon","coordinates":[[[136.13616,35.97614],[136.13675,35.97614],[136.13675,35.9758],[136.13613,35.97578],[136.13613,35.97611],[136.13615,35.97612],[136.13616,35.97614]]]}},{"type":"Feature","properties":{"pid":"5ff17e87-54bb-4459-b1e6-4ac7e1fd61b5","full":10.3},"geometry":{"type":"Polygon","coordinates":[[[136.13596,35.97578],[136.1355,35.97577],[136.13548,35.97579],[136.13547,35.97612],[136.1355,35.97614],[136.13596,35.97614],[136.13596,35.97578]]]}},{"type":"Feature","properties":{"pid":"284ff04a-59ae-4273-8550-f3741b4515a7","full":11.6},"geometry":{"type":"Polygon","coordinates":[[[136.13539,35.97571],[136.13495,35.9757],[136.13493,35.97612],[136.13496,35.97614],[136.13535,35.97614],[136.13538,35.97612],[136.13539,35.97571]]]}},{"type":"Feature","properties":{"pid":"92003506-9f69-4fe7-8ea7-8ed74d96b8dd","full":1.3},"geometry":{"type":"Polygon","coordinates":[[[136.13411,35.97618],[136.13384,35.97618],[136.13384,35.97635],[136.13411,35.97636],[136.13411,35.97618]]]}},{"type":"Feature","properties":{"pid":"42765b7d-feaf-4dd5-a63d-681b23bbf2f4","full":8.1},"geometry":{"type":"Polygon","coordinates":[[[136.13476,35.9759],[136.13477,35.9756],[136.13447,35.9756],[136.13447,35.97545],[136.13478,35.97546],[136.13478,35.97536],[136.13477,35.97535],[136.13435,35.97534],[136.13434,35.97535],[136.13432,35.97588],[136.13476,35.9759]]]}},{"type":"Feature","properties":{"pid":"3067a668-4fc3-4d8d-b8a2-03bb8c2ee724","full":4.5},"geometry":{"type":"Polygon","coordinates":[[[136.13426,35.97561],[136.13427,35.97535],[136.13426,35.97534],[136.13392,35.97533],[136.1339,35.97534],[136.1339,35.9756],[136.13426,35.97561]]]}},{"type":"Feature","properties":{"pid":"c7230df6-2bdf-441b-b469-e1f82d43a1f5","full":2.2},"geometry":{"type":"Polygon","coordinates":[[[136.13426,35.97445],[136.13464,35.97446],[136.13464,35.97428],[136.13427,35.97428],[136.13426,35.97445]]]}},{"type":"Feature","properties":{"pid":"38a9a911-92b1-459f-9f2e-fed01cf8ab7e","full":3.9},"geometry":{"type":"Polygon","coordinates":[[[136.13422,35.97407],[136.134,35.97406],[136.134,35.97426],[136.13379,35.97426],[136.13379,35.97445],[136.13414,35.97445],[136.13415,35.97427],[136.13421,35.97426],[136.13422,35.97407]]]}},{"type":"Feature","properties":{"pid":"16d085c6-4b6a-4336-ae0d-c393808ad316","full":3.2},"geometry":{"type":"Polygon","coordinates":[[[136.13483,35.97428],[136.13483,35.9741],[136.13482,35.97409],[136.13479,35.97408],[136.13444,35.97407],[136.13444,35.97409],[136.13443,35.97409],[136.13442,35.97427],[136.13483,35.97428]]]}},{"type":"Feature","properties":{"pid":"854c4988-448b-4a86-9179-5b93c0090072","full":4.1},"geometry":{"type":"Polygon","coordinates":[[[136.13633,35.9745],[136.13656,35.97451],[136.13656,35.97449],[136.13658,35.97448],[136.13659,35.97411],[136.13635,35.97411],[136.13633,35.9745]]]}},{"type":"Feature","properties":{"pid":"f371e449-8a1d-4c20-a82d-2b8f1d442878","full":2.6},"geometry":{"type":"Polygon","coordinates":[[[136.13632,35.97434],[136.13632,35.97432],[136.13586,35.9743],[136.13585,35.97449],[136.13624,35.9745],[136.13623,35.97434],[136.13632,35.97434]]]}},{"type":"Feature","properties":{"pid":"d1b7c8d4-ca8b-4928-bf0f-0b4c61c7a92f","full":12.6},"geometry":{"type":"Polygon","coordinates":[[[136.13612,35.9751],[136.13612,35.97495],[136.13554,35.97493],[136.13552,35.97495],[136.13551,35.97522],[136.13554,35.97526],[136.13618,35.97528],[136.13619,35.97511],[136.13612,35.9751]]]}},{"type":"Feature","properties":{"pid":"691b5937-42b9-4475-9a5e-ec61cd8665df","full":2.6},"geometry":{"type":"Polygon","coordinates":[[[136.13517,35.97569],[136.13539,35.97569],[136.1354,35.97538],[136.13539,35.97536],[136.13518,35.97536],[136.13517,35.97569]]]}},{"type":"Feature","properties":{"pid":"7d493276-1c47-4aad-a677-80b01a577399","full":2.2},"geometry":{"type":"Polygon","coordinates":[[[136.13654,35.97496],[136.13634,35.97495],[136.13633,35.97529],[136.13651,35.97529],[136.13651,35.97526],[136.13653,35.97526],[136.13654,35.97496]]]}},{"type":"Feature","properties":{"pid":"0fdcf122-9202-4dde-a4ce-bb50275ae369","full":3.4},"geometry":{"type":"Polygon","coordinates":[[[136.13687,35.97496],[136.13655,35.97496],[136.13654,35.97526],[136.13656,35.97527],[136.13656,35.97529],[136.13674,35.9753],[136.13675,35.97513],[136.13686,35.97513],[136.13687,35.97496]]]}},{"type":"Feature","properties":{"pid":"f4fb7d8d-0cef-4a2a-8ac9-00c8c8c74f7a","full":11.1},"geometry":{"type":"Polygon","coordinates":[[[136.13623,35.97487],[136.13623,35.97489],[136.13683,35.9749],[136.13683,35.97459],[136.13622,35.97458],[136.13621,35.97486],[136.13623,35.97487]]]}},{"type":"Feature","properties":{"pid":"9623a116-d4c7-468a-8158-4c9cf4c9f017","full":3.3},"geometry":{"type":"Polygon","coordinates":[[[136.13659,35.97448],[136.13662,35.9745],[136.13706,35.97452],[136.13708,35.97434],[136.13659,35.97432],[136.13659,35.97448]]]}},{"type":"Feature","properties":{"pid":"d8a48213-1bcb-4255-856c-df64b8457895","full":3.9},"geometry":{"type":"Polygon","coordinates":[[[136.1366,35.97432],[136.13708,35.97433],[136.13709,35.97414],[136.1366,35.97412],[136.1366,35.97432]]]}},{"type":"Feature","properties":{"pid":"28bb8d1d-6f46-4302-8804-6c3d79751768","full":1.3},"geometry":{"type":"Polygon","coordinates":[[[136.13715,35.97432],[136.1374,35.97432],[136.13741,35.97414],[136.13719,35.97413],[136.13717,35.97415],[136.13715,35.97432]]]}},{"type":"Feature","properties":{"pid":"1272b482-af99-4b21-bf6a-fd79d6a22560","full":15.6},"geometry":{"type":"Polygon","coordinates":[[[136.13921,35.97547],[136.13924,35.97461],[136.13901,35.9746],[136.13898,35.9746],[136.13887,35.9755],[136.13918,35.9755],[136.13918,35.97547],[136.13921,35.97547]]]}},{"type":"Feature","properties":{"pid":"37d349af-8126-496c-bf2e-d4a44fc728e0","full":12.7},"geometry":{"type":"Polygon","coordinates":[[[136.13769,35.97483],[136.13767,35.97503],[136.13882,35.97504],[136.13885,35.97482],[136.13769,35.97483]]]}},{"type":"Feature","properties":{"pid":"5a109570-5c77-4995-aec0-42b8b5b68ffc","full":15.6},"geometry":{"type":"Polygon","coordinates":[[[136.13928,35.97601],[136.13928,35.97562],[136.13926,35.97561],[136.13926,35.97557],[136.13889,35.97557],[136.13886,35.97559],[136.1388,35.97611],[136.1388,35.97612],[136.13925,35.97613],[136.13926,35.97601],[136.13928,35.97601]]]}},{"type":"Feature","properties":{"pid":"53e63596-416c-4913-b418-44da7d62ba53","full":1.7},"geometry":{"type":"Polygon","coordinates":[[[136.13882,35.97614],[136.13882,35.97616],[136.13879,35.97615],[136.13877,35.97628],[136.13924,35.97628],[136.13925,35.97614],[136.13882,35.97614]]]}},{"type":"Feature","properties":{"pid":"3c945d4a-22ae-4c31-ab49-2378d17e5426","full":6.3},"geometry":{"type":"Polygon","coordinates":[[[136.13729,35.97541],[136.13706,35.9754],[136.13706,35.97542],[136.13704,35.97542],[136.13698,35.97593],[136.13724,35.97594],[136.13729,35.97541]]]}},{"type":"Feature","properties":{"pid":"88cff94c-c00c-46b0-9263-ce6643d60795","full":4.0},"geometry":{"type":"Polygon","coordinates":[[[136.13807,35.97704],[136.13872,35.97707],[136.13872,35.97704],[136.13855,35.97689],[136.13848,35.97684],[136.13827,35.97672],[136.13824,35.97695],[136.13807,35.97695],[136.13807,35.97704]]]}},{"type":"Feature","properties":{"pid":"0183ca74-0c19-434b-8911-09fc1ac25f2f","full":0.7},"geometry":{"type":"Polygon","coordinates":[[[136.13886,35.97699],[136.13889,35.97658],[136.13877,35.97658],[136.13877,35.9766],[136.13875,35.97659],[136.13872,35.97686],[136.13886,35.97699]]]}},{"type":"Feature","properties":{"pid":"dac0bd1b-a537-42b4-a74f-531c468f998a","full":14.2},"geometry":{"type":"Polygon","coordinates":[[[136.13886,35.97699],[136.1392,35.97732],[136.13924,35.97731],[136.13931,35.97658],[136.1389,35.97658],[136.13886,35.97699]]]}},{"type":"Feature","properties":{"pid":"34b511fb-8f0d-4ae7-8ad0-b9cc0e7a3de3","full":5.3},"geometry":{"type":"Polygon","coordinates":[[[136.13959,35.97692],[136.13955,35.97733],[136.13974,35.97734],[136.13982,35.97657],[136.13963,35.97658],[136.13959,35.97692]]]}},{"type":"Feature","properties":{"pid":"3545a1ff-17a5-4d90-a027-038f3b817a6e","full":23.5},"geometry":{"type":"Polygon","coordinates":[[[136.14054,35.97654],[136.14013,35.97654],[136.14012,35.97741],[136.14014,35.97741],[136.14015,35.97743],[136.14051,35.97744],[136.14054,35.97654]]]}},{"type":"Feature","properties":{"pid":"7b439d1e-bccf-47c0-b9f6-4ecf618eaf1b","full":15.7},"geometry":{"type":"Polygon","coordinates":[[[136.14012,35.97653],[136.13986,35.97653],[136.13979,35.97704],[136.13978,35.97732],[136.13976,35.97743],[136.14007,35.97743],[136.14008,35.97741],[136.1401,35.97741],[136.14012,35.97653]]]}},{"type":"Feature","properties":{"pid":"58c57733-c1c4-466d-95d0-9b7ac5b82c95","full":1.9},"geometry":{"type":"Polygon","coordinates":[[[136.13958,35.9769],[136.13962,35.97657],[136.13943,35.97657],[136.13938,35.97689],[136.13958,35.9769]]]}},{"type":"Feature","properties":{"pid":"a10ef69c-43f4-4cb3-9666-680166e65671","full":16.9},"geometry":{"type":"Polygon","coordinates":[[[136.13928,35.97654],[136.13959,35.97654],[136.1396,35.97561],[136.13958,35.9756],[136.13958,35.97558],[136.1393,35.97558],[136.13928,35.97654]]]}},{"type":"Feature","properties":{"pid":"2a24503a-9a06-4bc9-b23c-6326c858b064","full":19.7},"geometry":{"type":"Polygon","coordinates":[[[136.14022,35.9765],[136.14023,35.97561],[136.14021,35.9756],[136.14021,35.97559],[136.13989,35.97558],[136.13986,35.97649],[136.14022,35.9765]]]}},{"type":"Feature","properties":{"pid":"d6aaa941-3747-4841-b5e7-8779aa5f35c2","full":11.8},"geometry":{"type":"Polygon","coordinates":[[[136.1396,35.97654],[136.13982,35.97654],[136.13982,35.9765],[136.13985,35.9765],[136.13987,35.97561],[136.13984,35.97561],[136.13985,35.97558],[136.13962,35.97558],[136.1396,35.97654]]]}},{"type":"Feature","properties":{"pid":"98243159-a65c-4283-8d42-f95782983374","full":17.0},"geometry":{"type":"Polygon","coordinates":[[[136.14056,35.9765],[136.14088,35.97651],[136.1409,35.97562],[136.14087,35.97562],[136.14087,35.9756],[136.14058,35.9756],[136.14056,35.9765]]]}},{"type":"Feature","properties":{"pid":"7e5ad832-bb0e-4ad7-999a-915dbe6a513e","full":17.3},"geometry":{"type":"Polygon","coordinates":[[[136.14055,35.9765],[136.14057,35.97561],[136.14054,35.97561],[136.14055,35.97559],[136.14025,35.97559],[136.14023,35.9765],[136.14055,35.9765]]]}},{"type":"Feature","properties":{"pid":"f12cf6ef-76fa-4ae5-be55-e037d236e11e","full":11.1},"geometry":{"type":"Polygon","coordinates":[[[136.1413,35.97563],[136.14127,35.97563],[136.14127,35.9756],[136.14104,35.9756],[136.141,35.97561],[136.14099,35.97627],[136.14129,35.97628],[136.1413,35.97563]]]}},{"type":"Feature","properties":{"pid":"9e770644-f491-4615-a64c-e9cea64b21e3","full":12.3},"geometry":{"type":"Polygon","coordinates":[[[136.14129,35.97651],[136.14155,35.97652],[136.14158,35.97565],[136.14155,35.97565],[136.14155,35.97562],[136.14131,35.97561],[136.14129,35.97651]]]}},{"type":"Feature","properties":{"pid":"3988fb63-70d8-4b79-ad7f-aaaa254dea45","full":18.7},"geometry":{"type":"Polygon","coordinates":[[[136.14055,35.97744],[136.14084,35.97744],[136.14086,35.97743],[136.14089,35.97654],[136.14055,35.97654],[136.14052,35.97741],[136.14055,35.97742],[136.14055,35.97744]]]}},{"type":"Feature","properties":{"pid":"05de4f2d-d08c-4872-9049-fb8383cdff85","full":15.3},"geometry":{"type":"Polygon","coordinates":[[[136.14124,35.97746],[136.14124,35.97744],[136.14126,35.97743],[136.14129,35.97655],[136.14099,35.97654],[136.14096,35.97744],[136.14098,35.97745],[136.14124,35.97746]]]}},{"type":"Feature","properties":{"pid":"4cc9f605-8c61-4e75-88c8-7d2a02e0dbf1","full":6.4},"geometry":{"type":"Polygon","coordinates":[[[136.14146,35.97746],[136.14149,35.97656],[136.1413,35.97655],[136.14127,35.97742],[136.14129,35.97743],[136.14128,35.97746],[136.14146,35.97746]]]}},{"type":"Feature","properties":{"pid":"57eb8c5e-71fb-4801-9fcd-95b08b09e4fb","full":16.1},"geometry":{"type":"Polygon","coordinates":[[[136.14198,35.97747],[136.14226,35.97747],[136.14228,35.97658],[136.14197,35.97657],[136.14194,35.97744],[136.14198,35.97745],[136.14198,35.97747]]]}},{"type":"Feature","properties":{"pid":"bc74a371-a4f1-4b64-9812-c5517b869fb8","full":27.4},"geometry":{"type":"Polygon","coordinates":[[[136.14193,35.97747],[136.14196,35.97657],[136.14151,35.97656],[136.14148,35.97746],[136.14193,35.97747]]]}},{"type":"Feature","properties":{"pid":"7cffb784-f43d-4e6c-803d-e5f78b008a01","full":17.3},"geometry":{"type":"Polygon","coordinates":[[[136.143,35.97749],[136.14303,35.97659],[136.1427,35.97659],[136.14267,35.97746],[136.14269,35.97748],[136.143,35.97749]]]}},{"type":"Feature","properties":{"pid":"c219e556-290f-40bc-81e1-193978c99b15","full":17.3},"geometry":{"type":"Polygon","coordinates":[[[136.14231,35.97747],[136.14257,35.97748],[136.1426,35.97746],[136.14262,35.97659],[136.14229,35.97658],[136.14227,35.97745],[136.14231,35.97745],[136.14231,35.97747]]]}},{"type":"Feature","properties":{"pid":"ae92dc0c-72f9-4d5b-9dba-39ed87fc318b","full":16.0},"geometry":{"type":"Polygon","coordinates":[[[136.14304,35.97749],[136.14332,35.97749],[136.14335,35.9766],[136.14304,35.97659],[136.14301,35.97746],[136.14305,35.97747],[136.14304,35.97749]]]}},{"type":"Feature","properties":{"pid":"7eb4989a-ba9b-40a0-97d6-45354a0b5acd","full":17.6},"geometry":{"type":"Polygon","coordinates":[[[136.14336,35.97749],[136.14366,35.9775],[136.14368,35.9766],[136.14336,35.9766],[136.14333,35.97747],[136.14336,35.97749]]]}},{"type":"Feature","properties":{"pid":"10119cb1-e84e-4f80-8037-c7b4e73527f7","full":17.3},"geometry":{"type":"Polygon","coordinates":[[[136.14369,35.9775],[136.144,35.9775],[136.14402,35.97661],[136.14369,35.9766],[136.14368,35.97747],[136.14369,35.97748],[136.14369,35.9775]]]}},{"type":"Feature","properties":{"pid":"772d2f05-567c-407b-b24b-de4d8794af91","full":12.2},"geometry":{"type":"Polygon","coordinates":[[[136.14336,35.97655],[136.14338,35.97567],[136.14335,35.97567],[136.14335,35.97565],[136.14312,35.97565],[136.1431,35.97654],[136.14336,35.97655]]]}},{"type":"Feature","properties":{"pid":"aebac088-3b2c-420e-8eaf-450eace36857","full":8.9},"geometry":{"type":"Polygon","coordinates":[[[136.14397,35.97656],[136.1442,35.97657],[136.14422,35.97569],[136.1442,35.97569],[136.1442,35.97567],[136.144,35.97567],[136.14397,35.97656]]]}},{"type":"Feature","properties":{"pid":"a18c5029-9cec-40ca-9a6f-1c6904695185","full":11.3},"geometry":{"type":"Polygon","coordinates":[[[136.14396,35.97656],[136.14399,35.97569],[136.14397,35.97569],[136.14397,35.97567],[136.14373,35.97566],[136.14371,35.97656],[136.14396,35.97656]]]}},{"type":"Feature","properties":{"pid":"9fd679db-9bf0-4843-9de0-d9f1b150eb5e","full":17.2},"geometry":{"type":"Polygon","coordinates":[[[136.1437,35.97656],[136.14372,35.97568],[136.14369,35.97568],[136.14369,35.97566],[136.1434,35.97566],[136.14337,35.97655],[136.1437,35.97656]]]}},{"type":"Feature","properties":{"pid":"6f2d991c-a52e-4935-bfcb-0d00de0f5b74","full":13.5},"geometry":{"type":"Polygon","coordinates":[[[136.14271,35.97621],[136.1431,35.97621],[136.14311,35.97565],[136.14272,35.97564],[136.14271,35.97621]]]}},{"type":"Feature","properties":{"pid":"5f3f9c47-b13b-47ef-8683-51dc1a4b2ee5","full":18.3},"geometry":{"type":"Polygon","coordinates":[[[136.14228,35.97654],[136.14258,35.97654],[136.14259,35.9765],[136.14262,35.9765],[136.14264,35.97566],[136.14262,35.97564],[136.14231,35.97563],[136.14228,35.97654]]]}},{"type":"Feature","properties":{"pid":"ee6e8eef-aa22-4cf4-810a-738732371a63","full":16.4},"geometry":{"type":"Polygon","coordinates":[[[136.14227,35.97654],[136.14229,35.97565],[136.14225,35.97566],[136.14226,35.97563],[136.14198,35.97562],[136.14196,35.97653],[136.14227,35.97654]]]}},{"type":"Feature","properties":{"pid":"ea151442-c560-4e74-bb01-c44be41229c0","full":22.7},"geometry":{"type":"Polygon","coordinates":[[[136.14195,35.97653],[136.14197,35.97562],[136.14162,35.97561],[136.14162,35.97565],[136.14158,35.97565],[136.14156,35.97652],[136.14195,35.97653]]]}},{"type":"Feature","properties":{"pid":"fcaef210-ae82-4a7f-9735-b5f16e291fc3","full":17.6},"geometry":{"type":"Polygon","coordinates":[[[136.14234,35.97465],[136.14201,35.97465],[136.14199,35.97553],[136.14201,35.97554],[136.14201,35.97556],[136.14231,35.97556],[136.14234,35.97465]]]}},{"type":"Feature","properties":{"pid":"2a491375-841d-4b0d-abe0-0f42a04f63a6","full":17.3},"geometry":{"type":"Polygon","coordinates":[[[136.142,35.97464],[136.14168,35.97464],[136.14165,35.97552],[136.14166,35.97552],[136.14166,35.97555],[136.14198,35.97555],[136.142,35.97464]]]}},{"type":"Feature","properties":{"pid":"37cce084-15c9-4362-81c4-74aaed5a77e8","full":16.9},"geometry":{"type":"Polygon","coordinates":[[[136.14308,35.97467],[136.14268,35.97467],[136.14266,35.97533],[136.14306,35.97534],[136.14308,35.97467]]]}},{"type":"Feature","properties":{"pid":"45ca433a-cc24-4ae9-8dff-9d81288b7f19","full":16.3},"geometry":{"type":"Polygon","coordinates":[[[136.14266,35.97465],[136.14235,35.97465],[136.14232,35.97552],[136.14236,35.97553],[136.14236,35.97555],[136.14264,35.97556],[136.14266,35.97465]]]}},{"type":"Feature","properties":{"pid":"7cd67154-93ce-45d6-bac7-33f17e6eece3","full":17.3},"geometry":{"type":"Polygon","coordinates":[[[136.14339,35.97558],[136.14341,35.97467],[136.14309,35.97467],[136.14307,35.97558],[136.14339,35.97558]]]}},{"type":"Feature","properties":{"pid":"eef64d19-2e45-4c66-9365-3d66a80dc6c6","full":22.9},"geometry":{"type":"Polygon","coordinates":[[[136.1437,35.97559],[136.14409,35.97559],[136.14411,35.97478],[136.14403,35.97469],[136.14372,35.97468],[136.1437,35.97559]]]}},{"type":"Feature","properties":{"pid":"a6595bbb-7be6-45e3-b016-1274aa805f7c","full":14.1},"geometry":{"type":"Polygon","coordinates":[[[136.1434,35.97558],[136.14369,35.97559],[136.14371,35.97467],[136.14343,35.97468],[136.1434,35.97558]]]}},{"type":"Feature","properties":{"pid":"45b49ea4-9ebc-4f7c-8c08-d3da843fe17f","full":7.9},"geometry":{"type":"Polygon","coordinates":[[[136.14151,35.9746],[136.1418,35.9746],[136.14181,35.9741],[136.14179,35.9741],[136.14179,35.97406],[136.14153,35.97406],[136.14151,35.9746]]]}},{"type":"Feature","properties":{"pid":"08f6076c-ca44-47cd-804d-32ca3df8a3ca","full":8.7},"geometry":{"type":"Polygon","coordinates":[[[136.14064,35.97458],[136.14095,35.97459],[136.14097,35.97411],[136.14094,35.97411],[136.14094,35.97407],[136.14065,35.97407],[136.14064,35.97458]]]}},{"type":"Feature","properties":{"pid":"d6ca910c-36bd-4b4d-b484-e5126c912bdf","full":15.7},"geometry":{"type":"Polygon","coordinates":[[[136.1415,35.9746],[136.14152,35.97409],[136.14148,35.97409],[136.14148,35.97406],[136.14109,35.97406],[136.14105,35.97409],[136.14104,35.97459],[136.1415,35.9746]]]}},{"type":"Feature","properties":{"pid":"6ae82710-a3ba-410a-b3ec-8220004d230e","full":14.5},"geometry":{"type":"Polygon","coordinates":[[[136.14128,35.97553],[136.14128,35.9755],[136.14131,35.97551],[136.14134,35.97464],[136.14104,35.97463],[136.14103,35.97553],[136.14113,35.97554],[136.14128,35.97553]]]}},{"type":"Feature","properties":{"pid":"6656b6e9-8dd4-4612-acd0-af940480bd6b","full":12.9},"geometry":{"type":"Polygon","coordinates":[[[136.14134,35.97554],[136.14146,35.97555],[136.14146,35.97535],[136.14165,35.97535],[136.14167,35.97464],[136.14135,35.97464],[136.14134,35.97554]]]}},{"type":"Feature","properties":{"pid":"a9420e63-353f-41e6-8775-b99b935dceb7","full":13.8},"geometry":{"type":"Polygon","coordinates":[[[136.14041,35.97553],[136.14065,35.97553],[136.14068,35.97462],[136.1404,35.97462],[136.14037,35.97552],[136.1404,35.97552],[136.14041,35.97553]]]}},{"type":"Feature","properties":{"pid":"ad74356c-7c84-4912-a42a-8c04a6b93b79","full":12.3},"geometry":{"type":"Polygon","coordinates":[[[136.14069,35.97553],[136.14091,35.97553],[136.14093,35.97552],[136.14095,35.97462],[136.14069,35.97463],[136.14066,35.97551],[136.14069,35.97551],[136.14069,35.97553]]]}},{"type":"Feature","properties":{"pid":"a6fee5f6-6aeb-432c-b32e-bd7d8b2bc17f","full":14.5},"geometry":{"type":"Polygon","coordinates":[[[136.13958,35.97551],[136.13985,35.97551],[136.13984,35.97549],[136.13988,35.97549],[136.1399,35.97461],[136.13961,35.97461],[136.13958,35.97551]]]}},{"type":"Feature","properties":{"pid":"2b2ceae4-13b6-43d3-8ca7-258edddc07c7","full":27.0},"geometry":{"type":"Polygon","coordinates":[[[136.14035,35.97552],[136.14038,35.97462],[136.13993,35.97462],[136.1399,35.97549],[136.13992,35.9755],[136.13992,35.97551],[136.14035,35.97552]]]}},{"type":"Feature","properties":{"pid":"f84b325d-540e-437f-8751-5630d7d99ef8","full":18.4},"geometry":{"type":"Polygon","coordinates":[[[136.13957,35.97551],[136.13959,35.97461],[136.13926,35.97461],[136.13923,35.97546],[136.13925,35.97547],[136.13926,35.9755],[136.13957,35.97551]]]}},{"type":"Feature","properties":{"pid":"e46f3f61-67fc-41f4-b9f3-cc385398a5b5","full":2.9},"geometry":{"type":"Polygon","coordinates":[[[136.1392,35.97456],[136.13921,35.97414],[136.13917,35.97413],[136.13917,35.9741],[136.13906,35.9741],[136.13903,35.97412],[136.13899,35.97455],[136.1392,35.97456]]]}},{"type":"Feature","properties":{"pid":"0a15c08d-d539-470d-a568-d952b90f00f3","full":5.8},"geometry":{"type":"Polygon","coordinates":[[[136.13922,35.9741],[136.13921,35.97456],[136.13948,35.97456],[136.13949,35.97413],[136.13945,35.97413],[136.13945,35.97409],[136.13922,35.9741]]]}},{"type":"Feature","properties":{"pid":"36f0f5ac-a99e-43d0-837d-6c28065972be","full":11.7},"geometry":{"type":"Polygon","coordinates":[[[136.13948,35.97457],[136.1399,35.97457],[136.13991,35.97414],[136.13988,35.97413],[136.13987,35.97409],[136.1395,35.97409],[136.13948,35.97457]]]}},{"type":"Feature","properties":{"pid":"0e3d9306-b6c1-4e52-a2bf-44fbd50d3219","full":2.2},"geometry":{"type":"Polygon","coordinates":[[[136.13992,35.97457],[136.14008,35.97458],[136.1401,35.97414],[136.14007,35.97413],[136.14007,35.97409],[136.13993,35.97408],[136.13992,35.97457]]]}},{"type":"Feature","properties":{"pid":"de4de230-648c-44e9-b798-08bc9d1040ea","full":15.6},"geometry":{"type":"Polygon","coordinates":[[[136.14903,35.97387],[136.1485,35.97416],[136.14966,35.97419],[136.14966,35.97389],[136.14903,35.97387]]]}},{"type":"Feature","properties":{"pid":"9e878985-f987-4956-89a1-6660c554b65a","full":12.2},"geometry":{"type":"Polygon","coordinates":[[[136.14414,35.97559],[136.14444,35.97559],[136.14445,35.97506],[136.14413,35.9748],[136.14411,35.97556],[136.14414,35.97557],[136.14414,35.97559]]]}},{"type":"Feature","properties":{"pid":"6398f730-6205-472f-bd68-0fed0c37300a","full":7.8},"geometry":{"type":"Polygon","coordinates":[[[136.14448,35.97559],[136.14487,35.9756],[136.14488,35.97541],[136.14447,35.97507],[136.14445,35.97556],[136.14449,35.97557],[136.14448,35.97559]]]}},{"type":"Feature","properties":{"pid":"d1fb42fe-d86f-47b8-bec1-fbf1c63e8cd9","full":20.9},"geometry":{"type":"Polygon","coordinates":[[[136.14421,35.97656],[136.14458,35.97657],[136.14461,35.97568],[136.14457,35.97569],[136.14457,35.97567],[136.14423,35.97567],[136.14421,35.97656]]]}},{"type":"Feature","properties":{"pid":"ef893fc1-79b8-4cd1-a463-2c15f908d923","full":29.8},"geometry":{"type":"Polygon","coordinates":[[[136.1446,35.97657],[136.14514,35.97658],[136.14509,35.9765],[136.14509,35.97643],[136.14508,35.9757],[136.14504,35.97567],[136.14462,35.97567],[136.1446,35.97657]]]}},{"type":"Feature","properties":{"pid":"2b91bb21-eed4-4e91-8bc6-20837758044c","full":17.7},"geometry":{"type":"Polygon","coordinates":[[[136.14401,35.9775],[136.1443,35.97752],[136.14431,35.97749],[136.14434,35.97749],[136.14436,35.97661],[136.14404,35.9766],[136.14401,35.9775]]]}},{"type":"Feature","properties":{"pid":"8a76612f-e071-43a6-ac3d-47a4c1ee03e1","full":44.9},"geometry":{"type":"Polygon","coordinates":[[[136.14749,35.97652],[136.14747,35.97665],[136.14755,35.97676],[136.14757,35.97691],[136.14757,35.97701],[136.14771,35.97726],[136.14777,35.97729],[136.14835,35.97729],[136.14836,35.97654],[136.14749,35.97652]]]}},{"type":"Feature","properties":{"pid":"4522718c-ddcf-4fb0-9d14-3144e8b76b5d","full":2.9},"geometry":{"type":"Polygon","coordinates":[[[136.14837,35.97653],[136.14838,35.97641],[136.14752,35.97639],[136.1475,35.97645],[136.14749,35.97651],[136.14837,35.97653]]]}},{"type":"Feature","properties":{"pid":"3d9bc8ae-86e0-4351-9e9f-3ceaf2e22d1b","full":11.6},"geometry":{"type":"Polygon","coordinates":[[[136.1484,35.97576],[136.14764,35.97574],[136.14759,35.976],[136.14839,35.97602],[136.1484,35.97576]]]}},{"type":"Feature","properties":{"pid":"cb858e21-6548-41cc-83b9-4c649e04e7e1","full":20.3},"geometry":{"type":"Polygon","coordinates":[[[136.14839,35.97603],[136.14758,35.976],[136.14752,35.97637],[136.14838,35.9764],[136.14839,35.97603]]]}},{"type":"Feature","properties":{"pid":"5b95b45b-8e0e-43f0-9083-247c09592649","full":10.8},"geometry":{"type":"Polygon","coordinates":[[[136.14764,35.97573],[136.1484,35.97575],[136.14841,35.97552],[136.14838,35.97552],[136.14838,35.97549],[136.14768,35.97548],[136.14764,35.97573]]]}},{"type":"Feature","properties":{"pid":"bd454590-d1ba-4959-875e-c069caa52991","full":44.0},"geometry":{"type":"Polygon","coordinates":[[[136.14849,35.97603],[136.14957,35.97606],[136.1496,35.97552],[136.14853,35.97549],[136.1485,35.97553],[136.14849,35.97603]]]}},{"type":"Feature","properties":{"pid":"f5b54e9f-83e6-4cbc-9c3a-073efb488485","full":26.1},"geometry":{"type":"Polygon","coordinates":[[[136.14849,35.97604],[136.14847,35.9764],[136.14956,35.97642],[136.14958,35.97607],[136.14849,35.97604]]]}},{"type":"Feature","properties":{"pid":"07421d05-f631-4acb-8e83-92b3aadc3a55","full":12.6},"geometry":{"type":"Polygon","coordinates":[[[136.14847,35.97662],[136.14955,35.97666],[136.14956,35.97643],[136.14847,35.97641],[136.14847,35.97662]]]}},{"type":"Feature","properties":{"pid":"3ebed7f1-39fc-4be3-9411-09cf6be8bf52","full":7.7},"geometry":{"type":"Polygon","coordinates":[[[136.14845,35.97707],[136.14954,35.9771],[136.14955,35.97693],[136.14845,35.97691],[136.14845,35.97707]]]}},{"type":"Feature","properties":{"pid":"8cdc8dd7-99a4-47f9-99db-8898456e14ff","full":13.3},"geometry":{"type":"Polygon","coordinates":[[[136.14845,35.97708],[136.14844,35.97728],[136.14847,35.9773],[136.14954,35.97733],[136.14955,35.97711],[136.14845,35.97708]]]}},{"type":"Feature","properties":{"pid":"1105298e-9ae5-4b8b-9d05-07e0b6123baa","full":34.8},"geometry":{"type":"Polygon","coordinates":[[[136.15027,35.97453],[136.14975,35.97452],[136.14971,35.97544],[136.14974,35.97544],[136.14974,35.97546],[136.15023,35.97547],[136.15027,35.97453]]]}},{"type":"Feature","properties":{"pid":"7e528a0f-f7a7-4be9-bf93-28966718f4a7","full":9.4},"geometry":{"type":"Polygon","coordinates":[[[136.14944,35.98272],[136.14971,35.98273],[136.14973,35.98272],[136.14977,35.98211],[136.14948,35.9821],[136.14944,35.98272]]]}},{"type":"Feature","properties":{"pid":"dbcaf8b8-c7b5-444b-8f5c-918b5efd5243","full":3.5},"geometry":{"type":"Polygon","coordinates":[[[136.14946,35.98209],[136.14928,35.98209],[136.14926,35.98271],[136.14943,35.98272],[136.14946,35.98209]]]}},{"type":"Feature","properties":{"pid":"220e1f88-ec1f-481a-8806-0368bf183243","full":18.4},"geometry":{"type":"Polygon","coordinates":[[[136.14924,35.98341],[136.14969,35.98342],[136.14972,35.98284],[136.14972,35.98279],[136.14928,35.98278],[136.14924,35.98341]]]}},{"type":"Feature","properties":{"pid":"b95965d4-f9bf-4056-b0a7-2d04bc296a68","full":15.9},"geometry":{"type":"Polygon","coordinates":[[[136.15013,35.98344],[136.15016,35.98281],[136.14978,35.98279],[136.14976,35.98281],[136.14973,35.98343],[136.15013,35.98344]]]}},{"type":"Feature","properties":{"pid":"8d799e80-44bc-47db-9d1c-dbc2dc45fd13","full":28.0},"geometry":{"type":"Polygon","coordinates":[[[136.14903,35.98405],[136.14965,35.98408],[136.14969,35.98345],[136.14905,35.98343],[136.14903,35.98405]]]}},{"type":"Feature","properties":{"pid":"1ff813a6-a30d-4049-9012-e032485f1cff","full":24.3},"geometry":{"type":"Polygon","coordinates":[[[136.14906,35.98477],[136.14962,35.98479],[136.14966,35.98417],[136.14963,35.98416],[136.14909,35.98415],[136.14906,35.98477]]]}},{"type":"Feature","properties":{"pid":"2de2670e-cf9d-4f70-9d13-df983e8e6660","full":14.0},"geometry":{"type":"Polygon","coordinates":[[[136.14922,35.98544],[136.14956,35.98545],[136.14959,35.98543],[136.14961,35.98482],[136.14925,35.98481],[136.14922,35.98544]]]}},{"type":"Feature","properties":{"pid":"8704e73d-ab45-4a18-b7e6-91b0754e5a1e","full":3.2},"geometry":{"type":"Polygon","coordinates":[[[136.14976,35.98543],[136.14978,35.98544],[136.14979,35.98546],[136.14993,35.98545],[136.14996,35.98484],[136.14978,35.98483],[136.14976,35.98543]]]}},{"type":"Feature","properties":{"pid":"accaccd5-eaf0-41ec-b365-364b2501b476","full":20.7},"geometry":{"type":"Polygon","coordinates":[[[136.15009,35.98616],[136.15012,35.98553],[136.14964,35.98551],[136.14962,35.98553],[136.1496,35.98615],[136.15009,35.98616]]]}},{"type":"Feature","properties":{"pid":"83c33482-6858-4213-bfab-4791785f7c67","full":25.0},"geometry":{"type":"Polygon","coordinates":[[[136.15018,35.98619],[136.1496,35.98618],[136.14956,35.98676],[136.14959,35.98677],[136.14959,35.98679],[136.15016,35.9868],[136.15018,35.98619]]]}},{"type":"Feature","properties":{"pid":"631cf7e0-4a2e-463b-b02c-cf9c04ebd583","full":21.7},"geometry":{"type":"Polygon","coordinates":[[[136.15002,35.98751],[136.15006,35.98688],[136.14956,35.98685],[136.14953,35.9875],[136.15002,35.98751]]]}},{"type":"Feature","properties":{"pid":"cb13d9d9-6c66-4c28-a9f1-4e9a8e4d235c","full":10.0},"geometry":{"type":"Polygon","coordinates":[[[136.14945,35.98813],[136.14948,35.98757],[136.14947,35.98755],[136.14918,35.98753],[136.14915,35.98821],[136.14945,35.98813]]]}},{"type":"Feature","properties":{"pid":"5ac9c6b9-6ee2-40c0-9cce-9eba7d6fdf44","full":16.5},"geometry":{"type":"Polygon","coordinates":[[[136.15004,35.98799],[136.15006,35.98757],[136.14953,35.98755],[136.1495,35.9881],[136.14952,35.98811],[136.14974,35.98805],[136.15004,35.98799]]]}}],"precision":5}